path	set	score	argmax
C:\My_Project\AIGC\lfw\Rebecca_Romijn-Stamos\Rebecca_Romijn-Stamos_0002.jpg	clean_real	0.030805	0
C:\My_Project\AIGC\lfw\Cathy_Freeman\Cathy_Freeman_0002.jpg	clean_real	0.052047	2
C:\My_Project\AIGC\lfw\Tim_Conway\Tim_Conway_0001.jpg	clean_real	0.032779	0
C:\My_Project\AIGC\lfw\Gerhard_Schroeder\Gerhard_Schroeder_0007.jpg	clean_real	0.035427	0
C:\My_Project\AIGC\lfw\Florencia_Kirchner\Florencia_Kirchner_0001.jpg	clean_real	0.038199	2
C:\My_Project\AIGC\lfw\Thomas_Bjorn\Thomas_Bjorn_0001.jpg	clean_real	0.050979	2
C:\My_Project\AIGC\lfw\Carlos_Menem\Carlos_Menem_0002.jpg	clean_real	0.027473	0
C:\My_Project\AIGC\lfw\Rosny_Desroches\Rosny_Desroches_0001.jpg	clean_real	0.042894	0
C:\My_Project\AIGC\lfw\Tiger_Woods\Tiger_Woods_0023.jpg	clean_real	0.047840	2
C:\My_Project\AIGC\lfw\Michael_Douglas\Michael_Douglas_0001.jpg	clean_real	0.034968	0
C:\My_Project\AIGC\lfw\Bob_Stoops\Bob_Stoops_0001.jpg	clean_real	0.213997	0
C:\My_Project\AIGC\lfw\Norah_Jones\Norah_Jones_0005.jpg	clean_real	0.045750	0
C:\My_Project\AIGC\lfw\Jong_Wook_Lee\Jong_Wook_Lee_0001.jpg	clean_real	0.050744	2
C:\My_Project\AIGC\lfw\Ana_Palacio\Ana_Palacio_0005.jpg	clean_real	0.032659	0
C:\My_Project\AIGC\lfw\Brian_StPierre\Brian_StPierre_0001.jpg	clean_real	0.034773	0
C:\My_Project\AIGC\lfw\Federico_Trillo\Federico_Trillo_0001.jpg	clean_real	0.033205	0
C:\My_Project\AIGC\lfw\Gary_Gitnick\Gary_Gitnick_0001.jpg	clean_real	0.046738	2
C:\My_Project\AIGC\lfw\Lyle_Vanclief\Lyle_Vanclief_0001.jpg	clean_real	0.050970	0
C:\My_Project\AIGC\lfw\Mikhail_Youzhny\Mikhail_Youzhny_0001.jpg	clean_real	0.047041	0
C:\My_Project\AIGC\lfw\Eduard_Limonov\Eduard_Limonov_0001.jpg	clean_real	0.045339	2
C:\My_Project\AIGC\lfw\Stephanie_Cohen_Aloro\Stephanie_Cohen_Aloro_0001.jpg	clean_real	0.037139	0
C:\My_Project\AIGC\lfw\Richard_Krajicek\Richard_Krajicek_0003.jpg	clean_real	0.039034	2
C:\My_Project\AIGC\lfw\Shamai_Leibowitz\Shamai_Leibowitz_0001.jpg	clean_real	0.023978	0
C:\My_Project\AIGC\lfw\Michael_Dell\Michael_Dell_0001.jpg	clean_real	0.055570	2
C:\My_Project\AIGC\lfw\Kate_Hudson\Kate_Hudson_0009.jpg	clean_real	0.035857	0
C:\My_Project\AIGC\lfw\Nizar_Trabelsi\Nizar_Trabelsi_0001.jpg	clean_real	0.048205	0
C:\My_Project\AIGC\lfw\Gerhard_Schroeder\Gerhard_Schroeder_0058.jpg	clean_real	0.050230	2
C:\My_Project\AIGC\lfw\Adrien_Brody\Adrien_Brody_0009.jpg	clean_real	0.042536	2
C:\My_Project\AIGC\lfw\Tony_Blair\Tony_Blair_0025.jpg	clean_real	0.042478	2
C:\My_Project\AIGC\lfw\Zhang_Ziyi\Zhang_Ziyi_0004.jpg	clean_real	0.044847	2
C:\My_Project\AIGC\lfw\Darryl_McDaniels\Darryl_McDaniels_0001.jpg	clean_real	0.031805	0
C:\My_Project\AIGC\lfw\Serena_Williams\Serena_Williams_0045.jpg	clean_real	0.025893	0
C:\My_Project\AIGC\lfw\Jon_Gruden\Jon_Gruden_0005.jpg	clean_real	0.041902	2
C:\My_Project\AIGC\lfw\Jack_Straw\Jack_Straw_0016.jpg	clean_real	0.049913	2
C:\My_Project\AIGC\lfw\Gerhard_Schroeder\Gerhard_Schroeder_0053.jpg	clean_real	0.053895	0
C:\My_Project\AIGC\lfw\Daniell_Sunjata\Daniell_Sunjata_0001.jpg	clean_real	0.044971	0
C:\My_Project\AIGC\lfw\Tony_Blair\Tony_Blair_0102.jpg	clean_real	0.049059	2
C:\My_Project\AIGC\lfw\Ismael_Miranda\Ismael_Miranda_0001.jpg	clean_real	0.045999	2
C:\My_Project\AIGC\lfw\Brian_Griese\Brian_Griese_0001.jpg	clean_real	0.026657	0
C:\My_Project\AIGC\lfw\Jeong_Se-hyun\Jeong_Se-hyun_0003.jpg	clean_real	0.034958	0
C:\My_Project\AIGC\lfw\Bruna_Colosio\Bruna_Colosio_0001.jpg	clean_real	0.027478	0
C:\My_Project\AIGC\lfw\Jason_Priestley\Jason_Priestley_0001.jpg	clean_real	0.041630	0
C:\My_Project\AIGC\lfw\Jacques_Chirac\Jacques_Chirac_0041.jpg	clean_real	0.035732	0
C:\My_Project\AIGC\lfw\Paul-Henri_Mathieu\Paul-Henri_Mathieu_0002.jpg	clean_real	0.049818	0
C:\My_Project\AIGC\lfw\George_W_Bush\George_W_Bush_0390.jpg	clean_real	0.039685	0
C:\My_Project\AIGC\lfw\Zoe_Ball\Zoe_Ball_0001.jpg	clean_real	0.044084	0
C:\My_Project\AIGC\lfw\Annette_Bening\Annette_Bening_0002.jpg	clean_real	0.046851	0
C:\My_Project\AIGC\lfw\Kimberly_Bruckner\Kimberly_Bruckner_0001.jpg	clean_real	0.048130	2
C:\My_Project\AIGC\lfw\MC_Hammer\MC_Hammer_0001.jpg	clean_real	0.042018	0
C:\My_Project\AIGC\lfw\Christopher_Walken\Christopher_Walken_0004.jpg	clean_real	0.048390	2
C:\My_Project\AIGC\lfw\Jennifer_Lopez\Jennifer_Lopez_0017.jpg	clean_real	0.038946	0
C:\My_Project\AIGC\lfw\Bill_Graham\Bill_Graham_0002.jpg	clean_real	0.036742	0
C:\My_Project\AIGC\lfw\Michelle_Branch\Michelle_Branch_0002.jpg	clean_real	0.053346	2
C:\My_Project\AIGC\lfw\Gray_Davis\Gray_Davis_0009.jpg	clean_real	0.039440	0
C:\My_Project\AIGC\lfw\Prince_Willem-Alexander\Prince_Willem-Alexander_0003.jpg	clean_real	0.040245	0
C:\My_Project\AIGC\lfw\Peter_Mansbridge\Peter_Mansbridge_0001.jpg	clean_real	0.044211	0
C:\My_Project\AIGC\lfw\Naoto_Kan\Naoto_Kan_0004.jpg	clean_real	0.051318	2
C:\My_Project\AIGC\lfw\Dora_Bakoyianni\Dora_Bakoyianni_0001.jpg	clean_real	0.043163	2
C:\My_Project\AIGC\lfw\Sheryl_Crow\Sheryl_Crow_0001.jpg	clean_real	0.045214	2
C:\My_Project\AIGC\lfw\Ben_Curtis\Ben_Curtis_0003.jpg	clean_real	0.040873	2
C:\My_Project\AIGC\lfw\Anthony_Hazen\Anthony_Hazen_0001.jpg	clean_real	0.028524	0
C:\My_Project\AIGC\lfw\Vadim_Strogalev\Vadim_Strogalev_0001.jpg	clean_real	0.051734	0
C:\My_Project\AIGC\lfw\Gonzalo_Sanchez_de_Lozada\Gonzalo_Sanchez_de_Lozada_0001.jpg	clean_real	0.046926	2
C:\My_Project\AIGC\lfw\Bill_Mauldin\Bill_Mauldin_0001.jpg	clean_real	0.054599	0
C:\My_Project\AIGC\lfw\Gary_Locke\Gary_Locke_0002.jpg	clean_real	0.043034	2
C:\My_Project\AIGC\lfw\Carla_Gugino\Carla_Gugino_0001.jpg	clean_real	0.044567	0
C:\My_Project\AIGC\lfw\Jeong_Se-hyun\Jeong_Se-hyun_0006.jpg	clean_real	0.030419	0
C:\My_Project\AIGC\lfw\Gerhard_Schroeder\Gerhard_Schroeder_0055.jpg	clean_real	0.023756	0
C:\My_Project\AIGC\lfw\Randall_Terry\Randall_Terry_0001.jpg	clean_real	0.048394	2
C:\My_Project\AIGC\lfw\David_Beckham\David_Beckham_0015.jpg	clean_real	0.036190	0
C:\My_Project\AIGC\lfw\Jeffrey_Ashby\Jeffrey_Ashby_0001.jpg	clean_real	0.054033	2
C:\My_Project\AIGC\lfw\Jane_Fonda\Jane_Fonda_0001.jpg	clean_real	0.028161	0
C:\My_Project\AIGC\lfw\Emma_Watson\Emma_Watson_0002.jpg	clean_real	0.034998	0
C:\My_Project\AIGC\lfw\George_W_Bush\George_W_Bush_0431.jpg	clean_real	0.029114	0
C:\My_Project\AIGC\lfw\Shane_Warne\Shane_Warne_0002.jpg	clean_real	0.037546	2
C:\My_Project\AIGC\lfw\Saddam_Hussein\Saddam_Hussein_0005.jpg	clean_real	0.045728	0
C:\My_Project\AIGC\lfw\Bernice_Wong\Bernice_Wong_0001.jpg	clean_real	0.046393	0
C:\My_Project\AIGC\lfw\Paul_Martin\Paul_Martin_0006.jpg	clean_real	0.041859	0
C:\My_Project\AIGC\lfw\Debbie_Reynolds\Debbie_Reynolds_0001.jpg	clean_real	0.030921	0
C:\My_Project\AIGC\lfw\Matt_Damon\Matt_Damon_0003.jpg	clean_real	0.029174	0
C:\My_Project\AIGC\lfw\Tamara_Mowry\Tamara_Mowry_0001.jpg	clean_real	0.062592	0
C:\My_Project\AIGC\lfw\David_Beckham\David_Beckham_0028.jpg	clean_real	0.033492	0
C:\My_Project\AIGC\lfw\Kim_Ryong-sung\Kim_Ryong-sung_0006.jpg	clean_real	0.046703	2
C:\My_Project\AIGC\lfw\Jennifer_Thompson\Jennifer_Thompson_0002.jpg	clean_real	0.037391	0
C:\My_Project\AIGC\lfw\Sam_Mendes\Sam_Mendes_0002.jpg	clean_real	0.051349	2
C:\My_Project\AIGC\lfw\Mike_Krzyzewski\Mike_Krzyzewski_0003.jpg	clean_real	0.028702	0
C:\My_Project\AIGC\lfw\Ferenc_Madl\Ferenc_Madl_0001.jpg	clean_real	0.045157	2
C:\My_Project\AIGC\lfw\Saddam_Hussein\Saddam_Hussein_0022.jpg	clean_real	0.107256	0
C:\My_Project\AIGC\lfw\Hugo_Chavez\Hugo_Chavez_0008.jpg	clean_real	0.041859	0
C:\My_Project\AIGC\lfw\Trent_Lott\Trent_Lott_0001.jpg	clean_real	0.050274	0
C:\My_Project\AIGC\lfw\Venus_Williams\Venus_Williams_0009.jpg	clean_real	0.046448	2
C:\My_Project\AIGC\lfw\Arnold_Palmer\Arnold_Palmer_0001.jpg	clean_real	0.044932	2
C:\My_Project\AIGC\lfw\Fred_Funk\Fred_Funk_0001.jpg	clean_real	0.038274	0
C:\My_Project\AIGC\lfw\Ana_Sebastiao\Ana_Sebastiao_0001.jpg	clean_real	0.041633	2
C:\My_Project\AIGC\lfw\Zarai_Toledo\Zarai_Toledo_0002.jpg	clean_real	0.025359	0
C:\My_Project\AIGC\lfw\Henry_Hyde\Henry_Hyde_0001.jpg	clean_real	0.042141	2
C:\My_Project\AIGC\lfw\John_Ashcroft\John_Ashcroft_0010.jpg	clean_real	0.046961	0
C:\My_Project\AIGC\lfw\George_W_Bush\George_W_Bush_0443.jpg	clean_real	0.043808	0
C:\My_Project\AIGC\lfw\Barry_Nakell\Barry_Nakell_0001.jpg	clean_real	0.054778	2
C:\My_Project\AIGC\lfw\Eric_Christian_Olsen\Eric_Christian_Olsen_0001.jpg	clean_real	0.054836	2
C:\My_Project\AIGC\lfw\Mohammed_Al-Douri\Mohammed_Al-Douri_0010.jpg	clean_real	0.051860	2
C:\My_Project\AIGC\lfw\Steven_Feldman\Steven_Feldman_0001.jpg	clean_real	0.038177	0
C:\My_Project\AIGC\lfw\Helen_Clark\Helen_Clark_0004.jpg	clean_real	0.038611	0
C:\My_Project\AIGC\lfw\Rick_Romley\Rick_Romley_0001.jpg	clean_real	0.047473	2
C:\My_Project\AIGC\lfw\Lucrecia_Orozco\Lucrecia_Orozco_0001.jpg	clean_real	0.067568	0
C:\My_Project\AIGC\lfw\Renee_Zellweger\Renee_Zellweger_0005.jpg	clean_real	0.037409	0
C:\My_Project\AIGC\lfw\Khatol_Mohammad_Zai\Khatol_Mohammad_Zai_0001.jpg	clean_real	0.059926	2
C:\My_Project\AIGC\lfw\Colin_Powell\Colin_Powell_0147.jpg	clean_real	0.040615	0
C:\My_Project\AIGC\lfw\George_W_Bush\George_W_Bush_0396.jpg	clean_real	0.054060	0
C:\My_Project\AIGC\lfw\Colin_Powell\Colin_Powell_0094.jpg	clean_real	0.031412	0
C:\My_Project\AIGC\lfw\George_W_Bush\George_W_Bush_0097.jpg	clean_real	0.039844	0
C:\My_Project\AIGC\lfw\Toby_Keith\Toby_Keith_0001.jpg	clean_real	0.040644	2
C:\My_Project\AIGC\lfw\Mikhail_Youzhny\Mikhail_Youzhny_0003.jpg	clean_real	0.051671	2
C:\My_Project\AIGC\lfw\Mekhi_Phifer\Mekhi_Phifer_0001.jpg	clean_real	0.039233	0
C:\My_Project\AIGC\lfw\George_W_Bush\George_W_Bush_0361.jpg	clean_real	0.041903	0
C:\My_Project\AIGC\lfw\Tommy_Haas\Tommy_Haas_0004.jpg	clean_real	0.031516	0
C:\My_Project\AIGC\lfw\Nicanor_Duarte_Frutos\Nicanor_Duarte_Frutos_0004.jpg	clean_real	0.053513	0
C:\My_Project\AIGC\lfw\Jose_Maria_Aznar\Jose_Maria_Aznar_0001.jpg	clean_real	0.045508	0
C:\My_Project\AIGC\lfw\Nestor_Kirchner\Nestor_Kirchner_0033.jpg	clean_real	0.051109	0
C:\My_Project\AIGC\lfw\John_Abizaid\John_Abizaid_0002.jpg	clean_real	0.046795	2
C:\My_Project\AIGC\lfw\Colin_Powell\Colin_Powell_0073.jpg	clean_real	0.025414	0
C:\My_Project\AIGC\lfw\Mahmoud_Abbas\Mahmoud_Abbas_0017.jpg	clean_real	0.046006	2
C:\My_Project\AIGC\lfw\Brandon_Webb\Brandon_Webb_0001.jpg	clean_real	0.061408	0
C:\My_Project\AIGC\lfw\Tom_Ridge\Tom_Ridge_0031.jpg	clean_real	0.036674	0
C:\My_Project\AIGC\lfw\Antonio_Elias_Saca\Antonio_Elias_Saca_0001.jpg	clean_real	0.044932	0
C:\My_Project\AIGC\lfw\Cate_Blanchett\Cate_Blanchett_0001.jpg	clean_real	0.035511	0
C:\My_Project\AIGC\lfw\Cruz_Bustamante\Cruz_Bustamante_0004.jpg	clean_real	0.027411	0
C:\My_Project\AIGC\lfw\Prince_Charles\Prince_Charles_0004.jpg	clean_real	0.032902	0
C:\My_Project\AIGC\lfw\William_Ford_Jr\William_Ford_Jr_0005.jpg	clean_real	0.044505	0
C:\My_Project\AIGC\lfw\Rudolph_Giuliani\Rudolph_Giuliani_0024.jpg	clean_real	0.022303	0
C:\My_Project\AIGC\lfw\Jon_Constance\Jon_Constance_0001.jpg	clean_real	0.040939	0
C:\My_Project\AIGC\lfw\Oswaldo_Paya\Oswaldo_Paya_0002.jpg	clean_real	0.047141	2
C:\My_Project\AIGC\lfw\Augustin_Calleri\Augustin_Calleri_0004.jpg	clean_real	0.043741	0
C:\My_Project\AIGC\lfw\Jeremy_Greenstock\Jeremy_Greenstock_0019.jpg	clean_real	0.036270	0
C:\My_Project\AIGC\lfw\Kristin_Davis\Kristin_Davis_0003.jpg	clean_real	0.038140	0
C:\My_Project\AIGC\lfw\Martin_Sheen\Martin_Sheen_0002.jpg	clean_real	0.045124	0
C:\My_Project\AIGC\lfw\Michelle_Yeoh\Michelle_Yeoh_0002.jpg	clean_real	0.036102	0
C:\My_Project\AIGC\lfw\Alberto_Fujimori\Alberto_Fujimori_0001.jpg	clean_real	0.058515	0
C:\My_Project\AIGC\lfw\Rudolph_Giuliani\Rudolph_Giuliani_0020.jpg	clean_real	0.043584	0
C:\My_Project\AIGC\lfw\Chan_Gailey\Chan_Gailey_0003.jpg	clean_real	0.049931	2
C:\My_Project\AIGC\lfw\Russ_Ortiz\Russ_Ortiz_0001.jpg	clean_real	0.045513	0
C:\My_Project\AIGC\lfw\Megawati_Sukarnoputri\Megawati_Sukarnoputri_0009.jpg	clean_real	0.041927	0
C:\My_Project\AIGC\lfw\Tom_Daschle\Tom_Daschle_0012.jpg	clean_real	0.039526	0
C:\My_Project\AIGC\lfw\George_W_Bush\George_W_Bush_0428.jpg	clean_real	0.031332	0
C:\My_Project\AIGC\lfw\Trent_Lott\Trent_Lott_0005.jpg	clean_real	0.053293	2
C:\My_Project\AIGC\lfw\Recep_Tayyip_Erdogan\Recep_Tayyip_Erdogan_0019.jpg	clean_real	0.036419	0
C:\My_Project\AIGC\lfw\Jack_Straw\Jack_Straw_0015.jpg	clean_real	0.046889	0
C:\My_Project\AIGC\lfw\Gray_Davis\Gray_Davis_0014.jpg	clean_real	0.040573	2
C:\My_Project\AIGC\lfw\Juan_Manuel_Marquez\Juan_Manuel_Marquez_0003.jpg	clean_real	0.039965	0
C:\My_Project\AIGC\lfw\Keith_Tyson\Keith_Tyson_0001.jpg	clean_real	0.044775	0
C:\My_Project\AIGC\lfw\Abdul_Rahman\Abdul_Rahman_0001.jpg	clean_real	0.060731	0
C:\My_Project\AIGC\lfw\Steve_Coterill\Steve_Coterill_0001.jpg	clean_real	0.042946	2
C:\My_Project\AIGC\lfw\George_W_Bush\George_W_Bush_0372.jpg	clean_real	0.026690	0
C:\My_Project\AIGC\lfw\Tony_Blair\Tony_Blair_0076.jpg	clean_real	0.045840	2
C:\My_Project\AIGC\lfw\Dick_Cheney\Dick_Cheney_0014.jpg	clean_real	0.037540	2
C:\My_Project\AIGC\lfw\Carly_Fiorina\Carly_Fiorina_0001.jpg	clean_real	0.048926	0
C:\My_Project\AIGC\lfw\Guillermo_Coria\Guillermo_Coria_0023.jpg	clean_real	0.037627	2
C:\My_Project\AIGC\lfw\Ray_Romano\Ray_Romano_0008.jpg	clean_real	0.041365	0
C:\My_Project\AIGC\lfw\Paul_Martin\Paul_Martin_0003.jpg	clean_real	0.049501	2
C:\My_Project\AIGC\lfw\Eduard_Shevardnadze\Eduard_Shevardnadze_0001.jpg	clean_real	0.049755	0
C:\My_Project\AIGC\lfw\Jennifer_Capriati\Jennifer_Capriati_0007.jpg	clean_real	0.040701	2
C:\My_Project\AIGC\lfw\Tony_Blair\Tony_Blair_0085.jpg	clean_real	0.047767	0
C:\My_Project\AIGC\lfw\David_Anderson\David_Anderson_0004.jpg	clean_real	0.032533	0
C:\My_Project\AIGC\lfw\Melina_Kanakaredes\Melina_Kanakaredes_0001.jpg	clean_real	0.056005	0
C:\My_Project\AIGC\lfw\Mary_Carey\Mary_Carey_0001.jpg	clean_real	0.045703	0
C:\My_Project\AIGC\lfw\Aaron_Sorkin\Aaron_Sorkin_0002.jpg	clean_real	0.040093	2
C:\My_Project\AIGC\lfw\Paradorn_Srichaphan\Paradorn_Srichaphan_0007.jpg	clean_real	0.041077	0
C:\My_Project\AIGC\lfw\Hugo_Chavez\Hugo_Chavez_0005.jpg	clean_real	0.046659	2
C:\My_Project\AIGC\lfw\Lindsay_Davenport\Lindsay_Davenport_0006.jpg	clean_real	0.041846	0
C:\My_Project\AIGC\lfw\Alfredo_Moreno\Alfredo_Moreno_0001.jpg	clean_real	0.046407	0
C:\My_Project\AIGC\lfw\Cedric_Benson\Cedric_Benson_0001.jpg	clean_real	0.035305	0
C:\My_Project\AIGC\lfw\Jean-Marc_de_La_Sabliere\Jean-Marc_de_La_Sabliere_0001.jpg	clean_real	0.053190	0
C:\My_Project\AIGC\lfw\Zinedine_Zidane\Zinedine_Zidane_0003.jpg	clean_real	0.034937	0
C:\My_Project\AIGC\lfw\Hans_Blix\Hans_Blix_0025.jpg	clean_real	0.045916	2
C:\My_Project\AIGC\lfw\George_Robertson\George_Robertson_0013.jpg	clean_real	0.043373	0
C:\My_Project\AIGC\lfw\Arnold_Schwarzenegger\Arnold_Schwarzenegger_0031.jpg	clean_real	0.036806	0
C:\My_Project\AIGC\lfw\George_W_Bush\George_W_Bush_0003.jpg	clean_real	0.040477	0
C:\My_Project\AIGC\lfw\Mohammed_Al-Douri\Mohammed_Al-Douri_0013.jpg	clean_real	0.042962	0
C:\My_Project\AIGC\lfw\Bill_Graham\Bill_Graham_0001.jpg	clean_real	0.043277	0
C:\My_Project\AIGC\lfw\Taufik_Kiemas\Taufik_Kiemas_0001.jpg	clean_real	0.036843	0
C:\My_Project\AIGC\lfw\Leslie_Wiser_Jr\Leslie_Wiser_Jr_0001.jpg	clean_real	0.059859	2
C:\My_Project\AIGC\lfw\Ben_Broussard\Ben_Broussard_0001.jpg	clean_real	0.049862	2
C:\My_Project\AIGC\lfw\Tony_Blair\Tony_Blair_0054.jpg	clean_real	0.033864	0
C:\My_Project\AIGC\lfw\Mathias_Reichhold\Mathias_Reichhold_0001.jpg	clean_real	0.045946	2
C:\My_Project\AIGC\lfw\Tony_Blair\Tony_Blair_0140.jpg	clean_real	0.027225	0
C:\My_Project\AIGC\lfw\Chris_Cooper\Chris_Cooper_0002.jpg	clean_real	0.048180	0
C:\My_Project\AIGC\lfw\Cindy_Crawford\Cindy_Crawford_0003.jpg	clean_real	0.037045	0
C:\My_Project\AIGC\lfw\Laura_Bush\Laura_Bush_0006.jpg	clean_real	0.051779	2
C:\My_Project\AIGC\lfw\Michael_Schumacher\Michael_Schumacher_0001.jpg	clean_real	0.037859	2
C:\My_Project\AIGC\lfw\David_Donohue\David_Donohue_0001.jpg	clean_real	0.037559	0
C:\My_Project\AIGC\lfw\George_W_Bush\George_W_Bush_0399.jpg	clean_real	0.049945	0
C:\My_Project\AIGC\lfw\Martin_Hoellwarth\Martin_Hoellwarth_0002.jpg	clean_real	0.049837	2
C:\My_Project\AIGC\lfw\Paul_Burrell\Paul_Burrell_0005.jpg	clean_real	0.056588	0
C:\My_Project\AIGC\lfw\Jorge_Alberto_Galindo\Jorge_Alberto_Galindo_0001.jpg	clean_real	0.028266	0
C:\My_Project\AIGC\lfw\Eric_Rosser\Eric_Rosser_0001.jpg	clean_real	0.051259	2
C:\My_Project\AIGC\lfw\Melchor_Cob_Castro\Melchor_Cob_Castro_0001.jpg	clean_real	0.048841	2
C:\My_Project\AIGC\lfw\Tom_Ridge\Tom_Ridge_0023.jpg	clean_real	0.035746	0
C:\My_Project\AIGC\lfw\Sarah_Hughes\Sarah_Hughes_0003.jpg	clean_real	0.048824	2
C:\My_Project\AIGC\lfw\Ed_Book\Ed_Book_0001.jpg	clean_real	0.023596	0
C:\My_Project\AIGC\lfw\Spencer_Abraham\Spencer_Abraham_0013.jpg	clean_real	0.044548	2
C:\My_Project\AIGC\lfw\Heather_Locklear\Heather_Locklear_0001.jpg	clean_real	0.036225	0
C:\My_Project\AIGC\lfw\Johnny_Tapia\Johnny_Tapia_0003.jpg	clean_real	0.032002	0
C:\My_Project\AIGC\lfw\Roh_Moo-hyun\Roh_Moo-hyun_0021.jpg	clean_real	0.054799	2
C:\My_Project\AIGC\lfw\Jennifer_Aniston\Jennifer_Aniston_0020.jpg	clean_real	0.041266	2
C:\My_Project\AIGC\lfw\Julianne_Moore\Julianne_Moore_0019.jpg	clean_real	0.049712	2
C:\My_Project\AIGC\lfw\Katie_Smith\Katie_Smith_0001.jpg	clean_real	0.059958	0
C:\My_Project\AIGC\lfw\George_W_Bush\George_W_Bush_0118.jpg	clean_real	0.047083	0
C:\My_Project\AIGC\lfw\Francis_Mer\Francis_Mer_0002.jpg	clean_real	0.047639	2
C:\My_Project\AIGC\lfw\Jackie_Chan\Jackie_Chan_0007.jpg	clean_real	0.063423	0
C:\My_Project\AIGC\lfw\Ali_Ahmeti\Ali_Ahmeti_0001.jpg	clean_real	0.048731	0
C:\My_Project\AIGC\lfw\Nicole_Kidman\Nicole_Kidman_0017.jpg	clean_real	0.049980	2
C:\My_Project\AIGC\lfw\Michel_Therrien\Michel_Therrien_0001.jpg	clean_real	0.042938	0
C:\My_Project\AIGC\lfw\Gabriella_Bo\Gabriella_Bo_0001.jpg	clean_real	0.048214	0
C:\My_Project\AIGC\lfw\Nicole_Parker\Nicole_Parker_0001.jpg	clean_real	0.032894	0
C:\My_Project\AIGC\lfw\Fernando_Gonzalez\Fernando_Gonzalez_0008.jpg	clean_real	0.038266	0
C:\My_Project\AIGC\lfw\Ahmed_Ahmed\Ahmed_Ahmed_0001.jpg	clean_real	0.031510	0
C:\My_Project\AIGC\lfw\Bernard_Law\Bernard_Law_0003.jpg	clean_real	0.043286	2
C:\My_Project\AIGC\lfw\Silvio_Berlusconi\Silvio_Berlusconi_0007.jpg	clean_real	0.048316	2
C:\My_Project\AIGC\lfw\Queen_Noor\Queen_Noor_0001.jpg	clean_real	0.045685	0
C:\My_Project\AIGC\lfw\Arsinee_Khanjian\Arsinee_Khanjian_0001.jpg	clean_real	0.080392	2
C:\My_Project\AIGC\lfw\Fred_Eckhard\Fred_Eckhard_0002.jpg	clean_real	0.040863	0
C:\My_Project\AIGC\lfw\Begum_Khaleda_Zia\Begum_Khaleda_Zia_0002.jpg	clean_real	0.042826	2
C:\My_Project\AIGC\lfw\Iain_Duncan_Smith\Iain_Duncan_Smith_0004.jpg	clean_real	0.050371	0
C:\My_Project\AIGC\lfw\Bernard_Landry\Bernard_Landry_0004.jpg	clean_real	0.029003	0
C:\My_Project\AIGC\lfw\Marc_Bulger\Marc_Bulger_0001.jpg	clean_real	0.039274	0
C:\My_Project\AIGC\lfw\Gerhard_Schroeder\Gerhard_Schroeder_0063.jpg	clean_real	0.036787	0
C:\My_Project\AIGC\lfw\Roger_Federer\Roger_Federer_0008.jpg	clean_real	0.036836	0
C:\My_Project\AIGC\lfw\Ernie_Harwell\Ernie_Harwell_0001.jpg	clean_real	0.039960	0
C:\My_Project\AIGC\lfw\Melanie_Griffith\Melanie_Griffith_0003.jpg	clean_real	0.030429	0
C:\My_Project\AIGC\lfw\Clint_Eastwood\Clint_Eastwood_0006.jpg	clean_real	0.026360	0
C:\My_Project\AIGC\lfw\Sultan_Qaboos\Sultan_Qaboos_0001.jpg	clean_real	0.034426	0
C:\My_Project\AIGC\lfw\Muhammad_Ali\Muhammad_Ali_0003.jpg	clean_real	0.033243	0
C:\My_Project\AIGC\lfw\Naomi_Watts\Naomi_Watts_0007.jpg	clean_real	0.049355	0
C:\My_Project\AIGC\lfw\Larry_Coker\Larry_Coker_0001.jpg	clean_real	0.032640	0
C:\My_Project\AIGC\lfw\George_W_Bush\George_W_Bush_0038.jpg	clean_real	0.056845	0
C:\My_Project\AIGC\lfw\Vladimir_Putin\Vladimir_Putin_0039.jpg	clean_real	0.053102	2
C:\My_Project\AIGC\lfw\Larry_Ellison\Larry_Ellison_0001.jpg	clean_real	0.032363	0
C:\My_Project\AIGC\lfw\Zumrati_Juma\Zumrati_Juma_0001.jpg	clean_real	0.051626	2
C:\My_Project\AIGC\lfw\John_Ferguson\John_Ferguson_0001.jpg	clean_real	0.031162	0
C:\My_Project\AIGC\lfw\Donald_Rumsfeld\Donald_Rumsfeld_0119.jpg	clean_real	0.048954	0
C:\My_Project\AIGC\lfw\Bridget_Fonda\Bridget_Fonda_0002.jpg	clean_real	0.047835	2
C:\My_Project\AIGC\lfw\Bryan_Chui\Bryan_Chui_0001.jpg	clean_real	0.053007	2
C:\My_Project\AIGC\lfw\Jana_Pittman\Jana_Pittman_0001.jpg	clean_real	0.035394	0
C:\My_Project\AIGC\lfw\Jorge_Castaneda\Jorge_Castaneda_0002.jpg	clean_real	0.044984	2
C:\My_Project\AIGC\lfw\John_Manley\John_Manley_0002.jpg	clean_real	0.050904	0
C:\My_Project\AIGC\lfw\Kong_Quan\Kong_Quan_0001.jpg	clean_real	0.037797	0
C:\My_Project\AIGC\lfw\Tamara_Brooks\Tamara_Brooks_0002.jpg	clean_real	0.053475	2
C:\My_Project\AIGC\lfw\Ari_Fleischer\Ari_Fleischer_0007.jpg	clean_real	0.027847	0
C:\My_Project\AIGC\lfw\Roman_Coppola\Roman_Coppola_0001.jpg	clean_real	0.039142	0
C:\My_Project\AIGC\lfw\Ricky_Martin\Ricky_Martin_0002.jpg	clean_real	0.049225	0
C:\My_Project\AIGC\test_set_true\filter\smoothing_Rebecca_Romijn-Stamos_0002.jpg	filtered_real	0.045104	2
C:\My_Project\AIGC\test_set_true\filter\eye_enlarging_Cathy_Freeman_0002.jpg	filtered_real	0.057360	2
C:\My_Project\AIGC\test_set_true\filter\smoothing_Tim_Conway_0001.jpg	filtered_real	0.036157	2
C:\My_Project\AIGC\test_set_true\filter\face_reshaping_Gerhard_Schroeder_0007.jpg	filtered_real	0.046373	2
C:\My_Project\AIGC\test_set_true\filter\whitening_Florencia_Kirchner_0001.jpg	filtered_real	0.036425	2
C:\My_Project\AIGC\test_set_true\filter\face_reshaping_Thomas_Bjorn_0001.jpg	filtered_real	0.048277	2
C:\My_Project\AIGC\test_set_true\filter\whitening_Carlos_Menem_0002.jpg	filtered_real	0.052089	2
C:\My_Project\AIGC\test_set_true\filter\smoothing_Rosny_Desroches_0001.jpg	filtered_real	0.040114	2
C:\My_Project\AIGC\test_set_true\filter\whitening_Tiger_Woods_0023.jpg	filtered_real	0.050477	2
C:\My_Project\AIGC\test_set_true\filter\whitening_Michael_Douglas_0001.jpg	filtered_real	0.043073	2
C:\My_Project\AIGC\test_set_true\filter\face_reshaping_Bob_Stoops_0001.jpg	filtered_real	0.048132	2
C:\My_Project\AIGC\test_set_true\filter\face_reshaping_Norah_Jones_0005.jpg	filtered_real	0.039704	2
C:\My_Project\AIGC\test_set_true\filter\face_reshaping_Jong_Wook_Lee_0001.jpg	filtered_real	0.048607	2
C:\My_Project\AIGC\test_set_true\filter\whitening_Ana_Palacio_0005.jpg	filtered_real	0.053309	2
C:\My_Project\AIGC\test_set_true\filter\whitening_Brian_StPierre_0001.jpg	filtered_real	0.040934	2
C:\My_Project\AIGC\test_set_true\filter\whitening_Federico_Trillo_0001.jpg	filtered_real	0.049386	2
C:\My_Project\AIGC\test_set_true\filter\face_reshaping_Gary_Gitnick_0001.jpg	filtered_real	0.042932	2
C:\My_Project\AIGC\test_set_true\filter\whitening_Lyle_Vanclief_0001.jpg	filtered_real	0.044934	2
C:\My_Project\AIGC\test_set_true\filter\face_reshaping_Mikhail_Youzhny_0001.jpg	filtered_real	0.046511	2
C:\My_Project\AIGC\test_set_true\filter\whitening_Eduard_Limonov_0001.jpg	filtered_real	0.046202	2
C:\My_Project\AIGC\test_set_true\filter\smoothing_Stephanie_Cohen_Aloro_0001.jpg	filtered_real	0.057275	2
C:\My_Project\AIGC\test_set_true\filter\face_reshaping_Richard_Krajicek_0003.jpg	filtered_real	0.036759	2
C:\My_Project\AIGC\test_set_true\filter\whitening_Shamai_Leibowitz_0001.jpg	filtered_real	0.048809	2
C:\My_Project\AIGC\test_set_true\filter\whitening_Michael_Dell_0001.jpg	filtered_real	0.047235	2
C:\My_Project\AIGC\test_set_true\filter\eye_enlarging_Kate_Hudson_0009.jpg	filtered_real	0.047292	2
C:\My_Project\AIGC\test_set_true\filter\eye_enlarging_Nizar_Trabelsi_0001.jpg	filtered_real	0.033377	0
C:\My_Project\AIGC\test_set_true\filter\smoothing_Gerhard_Schroeder_0058.jpg	filtered_real	0.041539	2
C:\My_Project\AIGC\test_set_true\filter\whitening_Adrien_Brody_0009.jpg	filtered_real	0.043529	2
C:\My_Project\AIGC\test_set_true\filter\eye_enlarging_Tony_Blair_0025.jpg	filtered_real	0.046862	2
C:\My_Project\AIGC\test_set_true\filter\whitening_Zhang_Ziyi_0004.jpg	filtered_real	0.043849	2
C:\My_Project\AIGC\test_set_true\filter\smoothing_Darryl_McDaniels_0001.jpg	filtered_real	0.045051	2
C:\My_Project\AIGC\test_set_true\filter\face_reshaping_Serena_Williams_0045.jpg	filtered_real	0.047729	2
C:\My_Project\AIGC\test_set_true\filter\eye_enlarging_Jon_Gruden_0005.jpg	filtered_real	0.042761	2
C:\My_Project\AIGC\test_set_true\filter\smoothing_Jack_Straw_0016.jpg	filtered_real	0.040566	2
C:\My_Project\AIGC\test_set_true\filter\smoothing_Gerhard_Schroeder_0053.jpg	filtered_real	0.041074	2
C:\My_Project\AIGC\test_set_true\filter\face_reshaping_Daniell_Sunjata_0001.jpg	filtered_real	0.046297	2
C:\My_Project\AIGC\test_set_true\filter\eye_enlarging_Tony_Blair_0102.jpg	filtered_real	0.041610	2
C:\My_Project\AIGC\test_set_true\filter\face_reshaping_Ismael_Miranda_0001.jpg	filtered_real	0.046070	2
C:\My_Project\AIGC\test_set_true\filter\smoothing_Brian_Griese_0001.jpg	filtered_real	0.043537	2
C:\My_Project\AIGC\test_set_true\filter\smoothing_Jeong_Se-hyun_0003.jpg	filtered_real	0.045226	2
C:\My_Project\AIGC\test_set_true\filter\whitening_Bruna_Colosio_0001.jpg	filtered_real	0.048775	2
C:\My_Project\AIGC\test_set_true\filter\face_reshaping_Jason_Priestley_0001.jpg	filtered_real	0.044762	2
C:\My_Project\AIGC\test_set_true\filter\whitening_Jacques_Chirac_0041.jpg	filtered_real	0.052035	2
C:\My_Project\AIGC\test_set_true\filter\face_reshaping_Paul-Henri_Mathieu_0002.jpg	filtered_real	0.046886	2
C:\My_Project\AIGC\test_set_true\filter\eye_enlarging_George_W_Bush_0390.jpg	filtered_real	0.043490	2
C:\My_Project\AIGC\test_set_true\filter\eye_enlarging_Zoe_Ball_0001.jpg	filtered_real	0.052323	0
C:\My_Project\AIGC\test_set_true\filter\whitening_Annette_Bening_0002.jpg	filtered_real	0.048532	2
C:\My_Project\AIGC\test_set_true\filter\smoothing_Kimberly_Bruckner_0001.jpg	filtered_real	0.043985	2
C:\My_Project\AIGC\test_set_true\filter\eye_enlarging_MC_Hammer_0001.jpg	filtered_real	0.050484	0
C:\My_Project\AIGC\test_set_true\filter\face_reshaping_Christopher_Walken_0004.jpg	filtered_real	0.046230	2
C:\My_Project\AIGC\test_set_true\filter\face_reshaping_Jennifer_Lopez_0017.jpg	filtered_real	0.051478	2
C:\My_Project\AIGC\test_set_true\filter\smoothing_Bill_Graham_0002.jpg	filtered_real	0.029297	2
C:\My_Project\AIGC\test_set_true\filter\whitening_Michelle_Branch_0002.jpg	filtered_real	0.041686	2
C:\My_Project\AIGC\test_set_true\filter\eye_enlarging_Gray_Davis_0009.jpg	filtered_real	0.044279	2
C:\My_Project\AIGC\test_set_true\filter\smoothing_Prince_Willem-Alexander_0003.jpg	filtered_real	0.039609	2
C:\My_Project\AIGC\test_set_true\filter\smoothing_Peter_Mansbridge_0001.jpg	filtered_real	0.040616	2
C:\My_Project\AIGC\test_set_true\filter\whitening_Naoto_Kan_0004.jpg	filtered_real	0.046402	2
C:\My_Project\AIGC\test_set_true\filter\eye_enlarging_Sheryl_Crow_0001.jpg	filtered_real	0.048228	2
C:\My_Project\AIGC\test_set_true\filter\whitening_Ben_Curtis_0003.jpg	filtered_real	0.046689	2
C:\My_Project\AIGC\test_set_true\filter\smoothing_Anthony_Hazen_0001.jpg	filtered_real	0.044904	2
C:\My_Project\AIGC\test_set_true\filter\face_reshaping_Vadim_Strogalev_0001.jpg	filtered_real	0.045176	2
C:\My_Project\AIGC\test_set_true\filter\eye_enlarging_Gonzalo_Sanchez_de_Lozada_0001.jpg	filtered_real	0.043940	2
C:\My_Project\AIGC\test_set_true\filter\whitening_Bill_Mauldin_0001.jpg	filtered_real	0.046865	2
C:\My_Project\AIGC\test_set_true\filter\face_reshaping_Gary_Locke_0002.jpg	filtered_real	0.044643	2
C:\My_Project\AIGC\test_set_true\filter\eye_enlarging_Carla_Gugino_0001.jpg	filtered_real	0.053891	2
C:\My_Project\AIGC\test_set_true\filter\smoothing_Jeong_Se-hyun_0006.jpg	filtered_real	0.045169	2
C:\My_Project\AIGC\test_set_true\filter\eye_enlarging_Gerhard_Schroeder_0055.jpg	filtered_real	0.042119	0
C:\My_Project\AIGC\test_set_true\filter\whitening_Randall_Terry_0001.jpg	filtered_real	0.049570	2
C:\My_Project\AIGC\test_set_true\filter\eye_enlarging_David_Beckham_0015.jpg	filtered_real	0.044920	2
C:\My_Project\AIGC\test_set_true\filter\smoothing_Jeffrey_Ashby_0001.jpg	filtered_real	0.047503	2
C:\My_Project\AIGC\test_set_true\filter\face_reshaping_Jane_Fonda_0001.jpg	filtered_real	0.051103	2
C:\My_Project\AIGC\test_set_true\filter\eye_enlarging_Emma_Watson_0002.jpg	filtered_real	0.041999	2
C:\My_Project\AIGC\test_set_true\filter\eye_enlarging_George_W_Bush_0431.jpg	filtered_real	0.048184	2
C:\My_Project\AIGC\test_set_true\filter\smoothing_Shane_Warne_0002.jpg	filtered_real	0.042678	2
C:\My_Project\AIGC\test_set_true\filter\whitening_Saddam_Hussein_0005.jpg	filtered_real	0.044780	2
C:\My_Project\AIGC\test_set_true\filter\face_reshaping_Bernice_Wong_0001.jpg	filtered_real	0.039607	2
C:\My_Project\AIGC\test_set_true\filter\face_reshaping_Paul_Martin_0006.jpg	filtered_real	0.045480	2
C:\My_Project\AIGC\test_set_true\filter\face_reshaping_Debbie_Reynolds_0001.jpg	filtered_real	0.046306	2
C:\My_Project\AIGC\test_set_true\filter\whitening_Matt_Damon_0003.jpg	filtered_real	0.037158	2
C:\My_Project\AIGC\test_set_true\filter\smoothing_Tamara_Mowry_0001.jpg	filtered_real	0.032661	2
C:\My_Project\AIGC\test_set_true\filter\eye_enlarging_David_Beckham_0028.jpg	filtered_real	0.054018	2
C:\My_Project\AIGC\test_set_true\filter\whitening_Kim_Ryong-sung_0006.jpg	filtered_real	0.044165	2
C:\My_Project\AIGC\test_set_true\filter\whitening_Jennifer_Thompson_0002.jpg	filtered_real	0.052107	2
C:\My_Project\AIGC\test_set_true\filter\whitening_Sam_Mendes_0002.jpg	filtered_real	0.045129	2
C:\My_Project\AIGC\test_set_true\filter\face_reshaping_Mike_Krzyzewski_0003.jpg	filtered_real	0.041259	2
C:\My_Project\AIGC\test_set_true\filter\smoothing_Ferenc_Madl_0001.jpg	filtered_real	0.031286	2
C:\My_Project\AIGC\test_set_true\filter\whitening_Saddam_Hussein_0022.jpg	filtered_real	0.053613	2
C:\My_Project\AIGC\test_set_true\filter\smoothing_Hugo_Chavez_0008.jpg	filtered_real	0.034712	2
C:\My_Project\AIGC\test_set_true\filter\smoothing_Trent_Lott_0001.jpg	filtered_real	0.049682	2
C:\My_Project\AIGC\test_set_true\filter\smoothing_Venus_Williams_0009.jpg	filtered_real	0.038582	2
C:\My_Project\AIGC\test_set_true\filter\face_reshaping_Arnold_Palmer_0001.jpg	filtered_real	0.043509	2
C:\My_Project\AIGC\test_set_true\filter\whitening_Fred_Funk_0001.jpg	filtered_real	0.045509	2
C:\My_Project\AIGC\test_set_true\filter\smoothing_Ana_Sebastiao_0001.jpg	filtered_real	0.051922	2
C:\My_Project\AIGC\test_set_true\filter\eye_enlarging_Zarai_Toledo_0002.jpg	filtered_real	0.048758	0
C:\My_Project\AIGC\test_set_true\filter\eye_enlarging_Henry_Hyde_0001.jpg	filtered_real	0.042536	2
C:\My_Project\AIGC\test_set_true\filter\eye_enlarging_John_Ashcroft_0010.jpg	filtered_real	0.041747	2
C:\My_Project\AIGC\test_set_true\filter\eye_enlarging_George_W_Bush_0443.jpg	filtered_real	0.045555	2
C:\My_Project\AIGC\test_set_true\filter\smoothing_Barry_Nakell_0001.jpg	filtered_real	0.034116	2
C:\My_Project\AIGC\test_set_true\filter\face_reshaping_Eric_Christian_Olsen_0001.jpg	filtered_real	0.048404	2
C:\My_Project\AIGC\test_set_true\filter\face_reshaping_Mohammed_Al-Douri_0010.jpg	filtered_real	0.043219	2
C:\My_Project\AIGC\test_set_true\filter\smoothing_Steven_Feldman_0001.jpg	filtered_real	0.036230	2
C:\My_Project\AIGC\test_set_true\filter\smoothing_Helen_Clark_0004.jpg	filtered_real	0.036538	2
C:\My_Project\AIGC\test_set_true\filter\smoothing_Rick_Romley_0001.jpg	filtered_real	0.042293	2
C:\My_Project\AIGC\test_set_true\filter\whitening_Lucrecia_Orozco_0001.jpg	filtered_real	0.037563	2
C:\My_Project\AIGC\test_set_true\filter\smoothing_Renee_Zellweger_0005.jpg	filtered_real	0.043939	2
C:\My_Project\AIGC\test_set_true\filter\face_reshaping_Khatol_Mohammad_Zai_0001.jpg	filtered_real	0.054653	2
C:\My_Project\AIGC\test_set_true\filter\smoothing_Colin_Powell_0147.jpg	filtered_real	0.044562	2
C:\My_Project\AIGC\test_set_true\filter\smoothing_George_W_Bush_0396.jpg	filtered_real	0.035585	2
C:\My_Project\AIGC\test_set_true\filter\smoothing_Colin_Powell_0094.jpg	filtered_real	0.042112	2
C:\My_Project\AIGC\test_set_true\filter\smoothing_George_W_Bush_0097.jpg	filtered_real	0.044448	2
C:\My_Project\AIGC\test_set_true\filter\eye_enlarging_Toby_Keith_0001.jpg	filtered_real	0.038920	2
C:\My_Project\AIGC\test_set_true\filter\smoothing_Mikhail_Youzhny_0003.jpg	filtered_real	0.041447	2
C:\My_Project\AIGC\test_set_true\filter\face_reshaping_Mekhi_Phifer_0001.jpg	filtered_real	0.045260	2
C:\My_Project\AIGC\test_set_true\filter\eye_enlarging_George_W_Bush_0361.jpg	filtered_real	0.038711	2
C:\My_Project\AIGC\test_set_true\filter\eye_enlarging_Tommy_Haas_0004.jpg	filtered_real	0.040652	2
C:\My_Project\AIGC\test_set_true\filter\face_reshaping_Nicanor_Duarte_Frutos_0004.jpg	filtered_real	0.048905	2
C:\My_Project\AIGC\test_set_true\filter\smoothing_Jose_Maria_Aznar_0001.jpg	filtered_real	0.044908	2
C:\My_Project\AIGC\test_set_true\filter\face_reshaping_Nestor_Kirchner_0033.jpg	filtered_real	0.047740	2
C:\My_Project\AIGC\test_set_true\filter\smoothing_John_Abizaid_0002.jpg	filtered_real	0.044643	2
C:\My_Project\AIGC\test_set_true\filter\eye_enlarging_Colin_Powell_0073.jpg	filtered_real	0.045470	2
C:\My_Project\AIGC\test_set_true\filter\whitening_Mahmoud_Abbas_0017.jpg	filtered_real	0.048688	2
C:\My_Project\AIGC\test_set_true\filter\face_reshaping_Brandon_Webb_0001.jpg	filtered_real	0.048174	2
C:\My_Project\AIGC\test_set_true\filter\whitening_Tom_Ridge_0031.jpg	filtered_real	0.043495	2
C:\My_Project\AIGC\test_set_true\filter\smoothing_Antonio_Elias_Saca_0001.jpg	filtered_real	0.047274	2
C:\My_Project\AIGC\test_set_true\filter\whitening_Cate_Blanchett_0001.jpg	filtered_real	0.039794	0
C:\My_Project\AIGC\test_set_true\filter\smoothing_Cruz_Bustamante_0004.jpg	filtered_real	0.049302	2
C:\My_Project\AIGC\test_set_true\filter\face_reshaping_Prince_Charles_0004.jpg	filtered_real	0.055326	2
C:\My_Project\AIGC\test_set_true\filter\whitening_William_Ford_Jr_0005.jpg	filtered_real	0.041945	2
C:\My_Project\AIGC\test_set_true\filter\smoothing_Rudolph_Giuliani_0024.jpg	filtered_real	0.036356	2
C:\My_Project\AIGC\test_set_true\filter\whitening_Jon_Constance_0001.jpg	filtered_real	0.044658	2
C:\My_Project\AIGC\test_set_true\filter\eye_enlarging_Oswaldo_Paya_0002.jpg	filtered_real	0.047029	2
C:\My_Project\AIGC\test_set_true\filter\face_reshaping_Augustin_Calleri_0004.jpg	filtered_real	0.037422	2
C:\My_Project\AIGC\test_set_true\filter\eye_enlarging_Jeremy_Greenstock_0019.jpg	filtered_real	0.043434	2
C:\My_Project\AIGC\test_set_true\filter\whitening_Kristin_Davis_0003.jpg	filtered_real	0.053288	0
C:\My_Project\AIGC\test_set_true\filter\smoothing_Martin_Sheen_0002.jpg	filtered_real	0.033832	2
C:\My_Project\AIGC\test_set_true\filter\eye_enlarging_Michelle_Yeoh_0002.jpg	filtered_real	0.046823	2
C:\My_Project\AIGC\test_set_true\filter\whitening_Alberto_Fujimori_0001.jpg	filtered_real	0.047334	2
C:\My_Project\AIGC\test_set_true\filter\face_reshaping_Rudolph_Giuliani_0020.jpg	filtered_real	0.047780	2
C:\My_Project\AIGC\test_set_true\filter\whitening_Chan_Gailey_0003.jpg	filtered_real	0.047779	2
C:\My_Project\AIGC\test_set_true\filter\whitening_Russ_Ortiz_0001.jpg	filtered_real	0.064338	2
C:\My_Project\AIGC\test_set_true\filter\eye_enlarging_Megawati_Sukarnoputri_0009.jpg	filtered_real	0.056869	2
C:\My_Project\AIGC\test_set_true\filter\smoothing_Tom_Daschle_0012.jpg	filtered_real	0.042046	2
C:\My_Project\AIGC\test_set_true\filter\whitening_George_W_Bush_0428.jpg	filtered_real	0.044788	2
C:\My_Project\AIGC\test_set_true\filter\eye_enlarging_Trent_Lott_0005.jpg	filtered_real	0.049201	2
C:\My_Project\AIGC\test_set_true\filter\smoothing_Recep_Tayyip_Erdogan_0019.jpg	filtered_real	0.050517	2
C:\My_Project\AIGC\test_set_true\filter\smoothing_Jack_Straw_0015.jpg	filtered_real	0.042212	2
C:\My_Project\AIGC\test_set_true\filter\face_reshaping_Gray_Davis_0014.jpg	filtered_real	0.040885	2
C:\My_Project\AIGC\test_set_true\filter\eye_enlarging_Juan_Manuel_Marquez_0003.jpg	filtered_real	0.045418	2
C:\My_Project\AIGC\test_set_true\filter\face_reshaping_Keith_Tyson_0001.jpg	filtered_real	0.043084	2
C:\My_Project\AIGC\test_set_true\filter\whitening_Abdul_Rahman_0001.jpg	filtered_real	0.046416	2
C:\My_Project\AIGC\test_set_true\filter\eye_enlarging_Steve_Coterill_0001.jpg	filtered_real	0.041270	2
C:\My_Project\AIGC\test_set_true\filter\whitening_George_W_Bush_0372.jpg	filtered_real	0.039849	2
C:\My_Project\AIGC\test_set_true\filter\eye_enlarging_Tony_Blair_0076.jpg	filtered_real	0.043059	2
C:\My_Project\AIGC\test_set_true\filter\eye_enlarging_Dick_Cheney_0014.jpg	filtered_real	0.038443	2
C:\My_Project\AIGC\test_set_true\filter\whitening_Carly_Fiorina_0001.jpg	filtered_real	0.054488	2
C:\My_Project\AIGC\test_set_true\filter\smoothing_Guillermo_Coria_0023.jpg	filtered_real	0.048709	2
C:\My_Project\AIGC\test_set_true\filter\smoothing_Ray_Romano_0008.jpg	filtered_real	0.045981	2
C:\My_Project\AIGC\test_set_true\filter\face_reshaping_Paul_Martin_0003.jpg	filtered_real	0.046310	2
C:\My_Project\AIGC\test_set_true\filter\face_reshaping_Eduard_Shevardnadze_0001.jpg	filtered_real	0.048133	2
C:\My_Project\AIGC\test_set_true\filter\eye_enlarging_Jennifer_Capriati_0007.jpg	filtered_real	0.044993	2
C:\My_Project\AIGC\test_set_true\filter\smoothing_Tony_Blair_0085.jpg	filtered_real	0.041002	2
C:\My_Project\AIGC\test_set_true\filter\whitening_David_Anderson_0004.jpg	filtered_real	0.054982	2
C:\My_Project\AIGC\test_set_true\filter\eye_enlarging_Melina_Kanakaredes_0001.jpg	filtered_real	0.048045	2
C:\My_Project\AIGC\test_set_true\filter\eye_enlarging_Mary_Carey_0001.jpg	filtered_real	0.052811	2
C:\My_Project\AIGC\test_set_true\filter\whitening_Aaron_Sorkin_0002.jpg	filtered_real	0.048483	2
C:\My_Project\AIGC\test_set_true\filter\whitening_Paradorn_Srichaphan_0007.jpg	filtered_real	0.041403	2
C:\My_Project\AIGC\test_set_true\filter\eye_enlarging_Hugo_Chavez_0005.jpg	filtered_real	0.046404	2
C:\My_Project\AIGC\test_set_true\filter\smoothing_Lindsay_Davenport_0006.jpg	filtered_real	0.040744	2
C:\My_Project\AIGC\test_set_true\filter\whitening_Alfredo_Moreno_0001.jpg	filtered_real	0.042404	2
C:\My_Project\AIGC\test_set_true\filter\eye_enlarging_Cedric_Benson_0001.jpg	filtered_real	0.045940	2
C:\My_Project\AIGC\test_set_true\filter\whitening_Jean-Marc_de_La_Sabliere_0001.jpg	filtered_real	0.043419	2
C:\My_Project\AIGC\test_set_true\filter\whitening_Zinedine_Zidane_0003.jpg	filtered_real	0.041709	2
C:\My_Project\AIGC\test_set_true\filter\face_reshaping_Hans_Blix_0025.jpg	filtered_real	0.048204	2
C:\My_Project\AIGC\test_set_true\filter\eye_enlarging_George_Robertson_0013.jpg	filtered_real	0.051850	2
C:\My_Project\AIGC\test_set_true\filter\eye_enlarging_Arnold_Schwarzenegger_0031.jpg	filtered_real	0.049563	2
C:\My_Project\AIGC\test_set_true\filter\whitening_George_W_Bush_0003.jpg	filtered_real	0.043268	2
C:\My_Project\AIGC\test_set_true\filter\smoothing_Mohammed_Al-Douri_0013.jpg	filtered_real	0.045050	2
C:\My_Project\AIGC\test_set_true\filter\whitening_Bill_Graham_0001.jpg	filtered_real	0.040047	0
C:\My_Project\AIGC\test_set_true\filter\whitening_Taufik_Kiemas_0001.jpg	filtered_real	0.047906	2
C:\My_Project\AIGC\test_set_true\filter\face_reshaping_Leslie_Wiser_Jr_0001.jpg	filtered_real	0.049434	2
C:\My_Project\AIGC\test_set_true\filter\smoothing_Ben_Broussard_0001.jpg	filtered_real	0.038907	2
C:\My_Project\AIGC\test_set_true\filter\eye_enlarging_Tony_Blair_0054.jpg	filtered_real	0.054382	2
C:\My_Project\AIGC\test_set_true\filter\smoothing_Mathias_Reichhold_0001.jpg	filtered_real	0.040417	2
C:\My_Project\AIGC\test_set_true\filter\face_reshaping_Tony_Blair_0140.jpg	filtered_real	0.042116	2
C:\My_Project\AIGC\test_set_true\filter\whitening_Chris_Cooper_0002.jpg	filtered_real	0.055321	0
C:\My_Project\AIGC\test_set_true\filter\smoothing_Cindy_Crawford_0003.jpg	filtered_real	0.244069	2
C:\My_Project\AIGC\test_set_true\filter\smoothing_Laura_Bush_0006.jpg	filtered_real	0.043699	2
C:\My_Project\AIGC\test_set_true\filter\face_reshaping_Michael_Schumacher_0001.jpg	filtered_real	0.047566	2
C:\My_Project\AIGC\test_set_true\filter\whitening_David_Donohue_0001.jpg	filtered_real	0.049914	2
C:\My_Project\AIGC\test_set_true\filter\whitening_George_W_Bush_0399.jpg	filtered_real	0.050146	2
C:\My_Project\AIGC\test_set_true\filter\eye_enlarging_Martin_Hoellwarth_0002.jpg	filtered_real	0.051745	2
C:\My_Project\AIGC\test_set_true\filter\face_reshaping_Paul_Burrell_0005.jpg	filtered_real	0.048551	2
C:\My_Project\AIGC\test_set_true\filter\face_reshaping_Jorge_Alberto_Galindo_0001.jpg	filtered_real	0.042524	2
C:\My_Project\AIGC\test_set_true\filter\eye_enlarging_Eric_Rosser_0001.jpg	filtered_real	0.054483	2
C:\My_Project\AIGC\test_set_true\filter\smoothing_Melchor_Cob_Castro_0001.jpg	filtered_real	0.041528	2
C:\My_Project\AIGC\test_set_true\filter\face_reshaping_Tom_Ridge_0023.jpg	filtered_real	0.043098	2
C:\My_Project\AIGC\test_set_true\filter\smoothing_Sarah_Hughes_0003.jpg	filtered_real	0.043139	2
C:\My_Project\AIGC\test_set_true\filter\whitening_Ed_Book_0001.jpg	filtered_real	0.046299	2
C:\My_Project\AIGC\test_set_true\filter\eye_enlarging_Spencer_Abraham_0013.jpg	filtered_real	0.046791	2
C:\My_Project\AIGC\test_set_true\filter\smoothing_Heather_Locklear_0001.jpg	filtered_real	0.034547	2
C:\My_Project\AIGC\test_set_true\filter\eye_enlarging_Johnny_Tapia_0003.jpg	filtered_real	0.022127	0
C:\My_Project\AIGC\test_set_true\filter\face_reshaping_Roh_Moo-hyun_0021.jpg	filtered_real	0.049227	2
C:\My_Project\AIGC\test_set_true\filter\whitening_Jennifer_Aniston_0020.jpg	filtered_real	0.046651	2
C:\My_Project\AIGC\test_set_true\filter\face_reshaping_Julianne_Moore_0019.jpg	filtered_real	0.050205	2
C:\My_Project\AIGC\test_set_true\filter\eye_enlarging_Katie_Smith_0001.jpg	filtered_real	0.045265	2
C:\My_Project\AIGC\test_set_true\filter\face_reshaping_George_W_Bush_0118.jpg	filtered_real	0.046211	2
C:\My_Project\AIGC\test_set_true\filter\whitening_Francis_Mer_0002.jpg	filtered_real	0.038130	2
C:\My_Project\AIGC\test_set_true\filter\eye_enlarging_Jackie_Chan_0007.jpg	filtered_real	0.037905	2
C:\My_Project\AIGC\test_set_true\filter\smoothing_Ali_Ahmeti_0001.jpg	filtered_real	0.044514	2
C:\My_Project\AIGC\test_set_true\filter\eye_enlarging_Nicole_Kidman_0017.jpg	filtered_real	0.046917	2
C:\My_Project\AIGC\test_set_true\filter\eye_enlarging_Michel_Therrien_0001.jpg	filtered_real	0.046999	2
C:\My_Project\AIGC\test_set_true\filter\whitening_Gabriella_Bo_0001.jpg	filtered_real	0.041070	2
C:\My_Project\AIGC\test_set_true\filter\face_reshaping_Nicole_Parker_0001.jpg	filtered_real	0.044137	2
C:\My_Project\AIGC\test_set_true\filter\face_reshaping_Fernando_Gonzalez_0008.jpg	filtered_real	0.047259	2
C:\My_Project\AIGC\test_set_true\filter\eye_enlarging_Ahmed_Ahmed_0001.jpg	filtered_real	0.045142	2
C:\My_Project\AIGC\test_set_true\filter\eye_enlarging_Bernard_Law_0003.jpg	filtered_real	0.043931	2
C:\My_Project\AIGC\test_set_true\filter\smoothing_Silvio_Berlusconi_0007.jpg	filtered_real	0.045122	2
C:\My_Project\AIGC\test_set_true\filter\face_reshaping_Queen_Noor_0001.jpg	filtered_real	0.044061	2
C:\My_Project\AIGC\test_set_true\filter\smoothing_Arsinee_Khanjian_0001.jpg	filtered_real	0.056764	2
C:\My_Project\AIGC\test_set_true\filter\face_reshaping_Fred_Eckhard_0002.jpg	filtered_real	0.039749	2
C:\My_Project\AIGC\test_set_true\filter\eye_enlarging_Begum_Khaleda_Zia_0002.jpg	filtered_real	0.044795	2
C:\My_Project\AIGC\test_set_true\filter\face_reshaping_Iain_Duncan_Smith_0004.jpg	filtered_real	0.041320	2
C:\My_Project\AIGC\test_set_true\filter\eye_enlarging_Bernard_Landry_0004.jpg	filtered_real	0.041966	2
C:\My_Project\AIGC\test_set_true\filter\face_reshaping_Marc_Bulger_0001.jpg	filtered_real	0.058838	2
C:\My_Project\AIGC\test_set_true\filter\face_reshaping_Gerhard_Schroeder_0063.jpg	filtered_real	0.047459	2
C:\My_Project\AIGC\test_set_true\filter\eye_enlarging_Roger_Federer_0008.jpg	filtered_real	0.037503	0
C:\My_Project\AIGC\test_set_true\filter\whitening_Ernie_Harwell_0001.jpg	filtered_real	0.046016	2
C:\My_Project\AIGC\test_set_true\filter\face_reshaping_Melanie_Griffith_0003.jpg	filtered_real	0.043222	2
C:\My_Project\AIGC\test_set_true\filter\face_reshaping_Clint_Eastwood_0006.jpg	filtered_real	0.048468	2
C:\My_Project\AIGC\test_set_true\filter\face_reshaping_Sultan_Qaboos_0001.jpg	filtered_real	0.046741	2
C:\My_Project\AIGC\test_set_true\filter\face_reshaping_Muhammad_Ali_0003.jpg	filtered_real	0.047061	2
C:\My_Project\AIGC\test_set_true\filter\smoothing_Naomi_Watts_0007.jpg	filtered_real	0.050433	2
C:\My_Project\AIGC\test_set_true\filter\smoothing_Larry_Coker_0001.jpg	filtered_real	0.040662	2
C:\My_Project\AIGC\test_set_true\filter\face_reshaping_George_W_Bush_0038.jpg	filtered_real	0.049363	2
C:\My_Project\AIGC\test_set_true\filter\eye_enlarging_Vladimir_Putin_0039.jpg	filtered_real	0.051796	2
C:\My_Project\AIGC\test_set_true\filter\face_reshaping_Larry_Ellison_0001.jpg	filtered_real	0.035184	2
C:\My_Project\AIGC\test_set_true\filter\smoothing_Zumrati_Juma_0001.jpg	filtered_real	0.039863	2
C:\My_Project\AIGC\test_set_true\filter\eye_enlarging_John_Ferguson_0001.jpg	filtered_real	0.046707	2
C:\My_Project\AIGC\test_set_true\filter\whitening_Donald_Rumsfeld_0119.jpg	filtered_real	0.044739	2
C:\My_Project\AIGC\test_set_true\filter\eye_enlarging_Bridget_Fonda_0002.jpg	filtered_real	0.040972	2
C:\My_Project\AIGC\test_set_true\filter\smoothing_Bryan_Chui_0001.jpg	filtered_real	0.041311	2
C:\My_Project\AIGC\test_set_true\filter\face_reshaping_Jana_Pittman_0001.jpg	filtered_real	0.039532	2
C:\My_Project\AIGC\test_set_true\filter\whitening_Jorge_Castaneda_0002.jpg	filtered_real	0.043585	2
C:\My_Project\AIGC\test_set_true\filter\eye_enlarging_John_Manley_0002.jpg	filtered_real	0.044953	2
C:\My_Project\AIGC\test_set_true\filter\eye_enlarging_Kong_Quan_0001.jpg	filtered_real	0.028700	2
C:\My_Project\AIGC\test_set_true\filter\whitening_Tamara_Brooks_0002.jpg	filtered_real	0.049645	2
C:\My_Project\AIGC\test_set_true\filter\eye_enlarging_Ari_Fleischer_0007.jpg	filtered_real	0.060486	2
C:\My_Project\AIGC\test_set_true\filter\smoothing_Roman_Coppola_0001.jpg	filtered_real	0.050147	2
C:\My_Project\AIGC\test_set_true\filter\face_reshaping_Ricky_Martin_0002.jpg	filtered_real	0.033713	2
C:\My_Project\AIGC\results\research\p1_r8_shadow_composite_tradeoff_20260819\stress_cache\fake_107__base.png	clean_fake	0.951612	1
C:\My_Project\AIGC\results\research\p1_r8_shadow_composite_tradeoff_20260819\stress_cache\fake_108__base.png	clean_fake	0.929033	1
C:\My_Project\AIGC\results\research\p1_r8_shadow_composite_tradeoff_20260819\stress_cache\fake_109__base.png	clean_fake	0.936441	1
C:\My_Project\AIGC\results\research\p1_r8_shadow_composite_tradeoff_20260819\stress_cache\fake_110__base.png	clean_fake	0.956595	1
C:\My_Project\AIGC\results\research\p1_r8_shadow_composite_tradeoff_20260819\stress_cache\fake_111__base.png	clean_fake	0.953650	1
C:\My_Project\AIGC\results\research\p1_r8_shadow_composite_tradeoff_20260819\stress_cache\fake_112__base.png	clean_fake	0.942676	1
C:\My_Project\AIGC\results\research\p1_r8_shadow_composite_tradeoff_20260819\stress_cache\fake_113__base.png	clean_fake	0.923186	1
C:\My_Project\AIGC\results\research\p1_r8_shadow_composite_tradeoff_20260819\stress_cache\fake_114__base.png	clean_fake	0.953406	1
C:\My_Project\AIGC\results\research\p1_r8_shadow_composite_tradeoff_20260819\stress_cache\fake_115__base.png	clean_fake	0.950143	1
C:\My_Project\AIGC\results\research\p1_r8_shadow_composite_tradeoff_20260819\stress_cache\fake_116__base.png	clean_fake	0.946411	1
C:\My_Project\AIGC\results\research\p1_r8_shadow_composite_tradeoff_20260819\stress_cache\fake_117__base.png	clean_fake	0.945452	1
C:\My_Project\AIGC\results\research\p1_r8_shadow_composite_tradeoff_20260819\stress_cache\fake_118__base.png	clean_fake	0.943877	1
C:\My_Project\AIGC\results\research\p1_r8_shadow_composite_tradeoff_20260819\stress_cache\fake_119__base.png	clean_fake	0.949115	1
C:\My_Project\AIGC\results\research\p1_r8_shadow_composite_tradeoff_20260819\stress_cache\fake_120__base.png	clean_fake	0.953577	1
C:\My_Project\AIGC\results\research\p1_r8_shadow_composite_tradeoff_20260819\stress_cache\fake_121__base.png	clean_fake	0.894796	1
C:\My_Project\AIGC\results\research\p1_r8_shadow_composite_tradeoff_20260819\stress_cache\fake_122__base.png	clean_fake	0.948623	1
C:\My_Project\AIGC\results\research\p1_r8_shadow_composite_tradeoff_20260819\stress_cache\fake_123__base.png	clean_fake	0.951735	1
C:\My_Project\AIGC\results\research\p1_r8_shadow_composite_tradeoff_20260819\stress_cache\fake_124__base.png	clean_fake	0.937854	1
C:\My_Project\AIGC\results\research\p1_r8_shadow_composite_tradeoff_20260819\stress_cache\fake_125__base.png	clean_fake	0.941905	1
C:\My_Project\AIGC\results\research\p1_r8_shadow_composite_tradeoff_20260819\stress_cache\fake_126__base.png	clean_fake	0.935015	1
C:\My_Project\AIGC\results\research\p1_r8_shadow_composite_tradeoff_20260819\stress_cache\fake_127__base.png	clean_fake	0.941763	1
C:\My_Project\AIGC\results\research\p1_r8_shadow_composite_tradeoff_20260819\stress_cache\fake_128__base.png	clean_fake	0.954001	1
C:\My_Project\AIGC\results\research\p1_r8_shadow_composite_tradeoff_20260819\stress_cache\fake_129__base.png	clean_fake	0.954283	1
C:\My_Project\AIGC\results\research\p1_r8_shadow_composite_tradeoff_20260819\stress_cache\fake_130__base.png	clean_fake	0.943349	1
C:\My_Project\AIGC\results\research\p1_r8_shadow_composite_tradeoff_20260819\stress_cache\fake_131__base.png	clean_fake	0.956582	1
C:\My_Project\AIGC\results\research\p1_r8_shadow_composite_tradeoff_20260819\stress_cache\fake_132__base.png	clean_fake	0.950644	1
C:\My_Project\AIGC\results\research\p1_r8_shadow_composite_tradeoff_20260819\stress_cache\fake_133__base.png	clean_fake	0.949948	1
C:\My_Project\AIGC\results\research\p1_r8_shadow_composite_tradeoff_20260819\stress_cache\fake_134__base.png	clean_fake	0.945533	1
C:\My_Project\AIGC\results\research\p1_r8_shadow_composite_tradeoff_20260819\stress_cache\fake_135__base.png	clean_fake	0.950785	1
C:\My_Project\AIGC\results\research\p1_r8_shadow_composite_tradeoff_20260819\stress_cache\fake_136__base.png	clean_fake	0.935306	1
C:\My_Project\AIGC\results\research\p1_r8_shadow_composite_tradeoff_20260819\stress_cache\fake_137__base.png	clean_fake	0.943803	1
C:\My_Project\AIGC\results\research\p1_r8_shadow_composite_tradeoff_20260819\stress_cache\fake_138__base.png	clean_fake	0.812530	1
C:\My_Project\AIGC\results\research\p1_r8_shadow_composite_tradeoff_20260819\stress_cache\fake_139__base.png	clean_fake	0.898457	1
C:\My_Project\AIGC\results\research\p1_r8_shadow_composite_tradeoff_20260819\stress_cache\fake_140__base.png	clean_fake	0.954454	1
C:\My_Project\AIGC\results\research\p1_r8_shadow_composite_tradeoff_20260819\stress_cache\fake_141__base.png	clean_fake	0.953621	1
C:\My_Project\AIGC\results\research\p1_r8_shadow_composite_tradeoff_20260819\stress_cache\fake_142__base.png	clean_fake	0.491881	1
C:\My_Project\AIGC\results\research\p1_r8_shadow_composite_tradeoff_20260819\stress_cache\fake_143__base.png	clean_fake	0.953644	1
C:\My_Project\AIGC\results\research\p1_r8_shadow_composite_tradeoff_20260819\stress_cache\fake_144__base.png	clean_fake	0.728881	1
C:\My_Project\AIGC\results\research\p1_r8_shadow_composite_tradeoff_20260819\stress_cache\fake_145__base.png	clean_fake	0.946619	1
C:\My_Project\AIGC\results\research\p1_r8_shadow_composite_tradeoff_20260819\stress_cache\fake_146__base.png	clean_fake	0.941779	1
C:\My_Project\AIGC\results\research\p1_r8_shadow_composite_tradeoff_20260819\stress_cache\fake_147__base.png	clean_fake	0.947380	1
C:\My_Project\AIGC\results\research\p1_r8_shadow_composite_tradeoff_20260819\stress_cache\fake_148__base.png	clean_fake	0.953988	1
C:\My_Project\AIGC\results\research\p1_r8_shadow_composite_tradeoff_20260819\stress_cache\fake_149__base.png	clean_fake	0.931556	1
C:\My_Project\AIGC\results\research\p1_r8_shadow_composite_tradeoff_20260819\stress_cache\fake_150__base.png	clean_fake	0.619720	1
C:\My_Project\AIGC\results\research\p1_r8_shadow_composite_tradeoff_20260819\stress_cache\fake_151__base.png	clean_fake	0.941189	1
C:\My_Project\AIGC\results\research\p1_r8_shadow_composite_tradeoff_20260819\stress_cache\fake_152__base.png	clean_fake	0.935794	1
C:\My_Project\AIGC\results\research\p1_r8_shadow_composite_tradeoff_20260819\stress_cache\fake_153__base.png	clean_fake	0.951373	1
C:\My_Project\AIGC\results\research\p1_r8_shadow_composite_tradeoff_20260819\stress_cache\fake_154__base.png	clean_fake	0.950165	1
C:\My_Project\AIGC\results\research\p1_r8_shadow_composite_tradeoff_20260819\stress_cache\fake_155__base.png	clean_fake	0.951208	1
C:\My_Project\AIGC\results\research\p1_r8_shadow_composite_tradeoff_20260819\stress_cache\fake_156__base.png	clean_fake	0.946639	1
C:\My_Project\AIGC\results\research\p1_r8_shadow_composite_tradeoff_20260819\stress_cache\fake_157__base.png	clean_fake	0.949543	1
C:\My_Project\AIGC\results\research\p1_r8_shadow_composite_tradeoff_20260819\stress_cache\fake_158__base.png	clean_fake	0.943628	1
C:\My_Project\AIGC\results\research\p1_r8_shadow_composite_tradeoff_20260819\stress_cache\fake_159__base.png	clean_fake	0.955615	1
C:\My_Project\AIGC\results\research\p1_r8_shadow_composite_tradeoff_20260819\stress_cache\fake_160__base.png	clean_fake	0.939355	1
C:\My_Project\AIGC\results\research\p1_r8_shadow_composite_tradeoff_20260819\stress_cache\fake_161__base.png	clean_fake	0.954982	1
C:\My_Project\AIGC\results\research\p1_r8_shadow_composite_tradeoff_20260819\stress_cache\fake_162__base.png	clean_fake	0.940730	1
C:\My_Project\AIGC\results\research\p1_r8_shadow_composite_tradeoff_20260819\stress_cache\fake_163__base.png	clean_fake	0.940899	1
C:\My_Project\AIGC\results\research\p1_r8_shadow_composite_tradeoff_20260819\stress_cache\fake_164__base.png	clean_fake	0.953258	1
C:\My_Project\AIGC\results\research\p1_r8_shadow_composite_tradeoff_20260819\stress_cache\fake_165__base.png	clean_fake	0.950775	1
C:\My_Project\AIGC\results\research\p1_r8_shadow_composite_tradeoff_20260819\stress_cache\fake_166__base.png	clean_fake	0.939580	1
C:\My_Project\AIGC\results\research\p1_r8_shadow_composite_tradeoff_20260819\stress_cache\fake_167__base.png	clean_fake	0.959602	1
C:\My_Project\AIGC\results\research\p1_r8_shadow_composite_tradeoff_20260819\stress_cache\fake_168__base.png	clean_fake	0.828975	1
C:\My_Project\AIGC\results\research\p1_r8_shadow_composite_tradeoff_20260819\stress_cache\fake_169__base.png	clean_fake	0.739896	1
C:\My_Project\AIGC\results\research\p1_r8_shadow_composite_tradeoff_20260819\stress_cache\fake_170__base.png	clean_fake	0.953175	1
C:\My_Project\AIGC\results\research\p1_r8_shadow_composite_tradeoff_20260819\stress_cache\fake_171__base.png	clean_fake	0.945853	1
C:\My_Project\AIGC\results\research\p1_r8_shadow_composite_tradeoff_20260819\stress_cache\fake_172__base.png	clean_fake	0.952775	1
C:\My_Project\AIGC\results\research\p1_r8_shadow_composite_tradeoff_20260819\stress_cache\fake_173__base.png	clean_fake	0.956107	1
C:\My_Project\AIGC\results\research\p1_r8_shadow_composite_tradeoff_20260819\stress_cache\fake_174__base.png	clean_fake	0.555768	1
C:\My_Project\AIGC\results\research\p1_r8_shadow_composite_tradeoff_20260819\stress_cache\fake_175__base.png	clean_fake	0.946073	1
C:\My_Project\AIGC\results\research\p1_r8_shadow_composite_tradeoff_20260819\stress_cache\fake_176__base.png	clean_fake	0.959555	1
C:\My_Project\AIGC\results\research\p1_r8_shadow_composite_tradeoff_20260819\stress_cache\fake_177__base.png	clean_fake	0.942391	1
C:\My_Project\AIGC\results\research\p1_r8_shadow_composite_tradeoff_20260819\stress_cache\fake_178__base.png	clean_fake	0.947462	1
C:\My_Project\AIGC\results\research\p1_r8_shadow_composite_tradeoff_20260819\stress_cache\fake_179__base.png	clean_fake	0.806978	1
C:\My_Project\AIGC\results\research\p1_r8_shadow_composite_tradeoff_20260819\stress_cache\fake_180__base.png	clean_fake	0.911122	1
C:\My_Project\AIGC\results\research\p1_r8_shadow_composite_tradeoff_20260819\stress_cache\fake_181__base.png	clean_fake	0.081539	0
C:\My_Project\AIGC\results\research\p1_r8_shadow_composite_tradeoff_20260819\stress_cache\fake_182__base.png	clean_fake	0.950561	1
C:\My_Project\AIGC\results\research\p1_r8_shadow_composite_tradeoff_20260819\stress_cache\fake_183__base.png	clean_fake	0.950080	1
C:\My_Project\AIGC\results\research\p1_r8_shadow_composite_tradeoff_20260819\stress_cache\fake_184__base.png	clean_fake	0.260080	0
C:\My_Project\AIGC\results\research\p1_r8_shadow_composite_tradeoff_20260819\stress_cache\fake_185__base.png	clean_fake	0.081066	0
C:\My_Project\AIGC\results\research\p1_r8_shadow_composite_tradeoff_20260819\stress_cache\fake_186__base.png	clean_fake	0.927363	1
C:\My_Project\AIGC\results\research\p1_r8_shadow_composite_tradeoff_20260819\stress_cache\fake_187__base.png	clean_fake	0.951877	1
C:\My_Project\AIGC\results\research\p1_r8_shadow_composite_tradeoff_20260819\stress_cache\fake_188__base.png	clean_fake	0.942627	1
C:\My_Project\AIGC\results\research\p1_r8_shadow_composite_tradeoff_20260819\stress_cache\fake_189__base.png	clean_fake	0.950972	1
C:\My_Project\AIGC\results\research\p1_r8_shadow_composite_tradeoff_20260819\stress_cache\fake_190__base.png	clean_fake	0.943611	1
C:\My_Project\AIGC\results\research\p1_r8_shadow_composite_tradeoff_20260819\stress_cache\fake_191__base.png	clean_fake	0.880814	1
C:\My_Project\AIGC\results\research\p1_r8_shadow_composite_tradeoff_20260819\stress_cache\fake_19192__base.png	clean_fake	0.952664	1
C:\My_Project\AIGC\results\research\p1_r8_shadow_composite_tradeoff_20260819\stress_cache\fake_192__base.png	clean_fake	0.949541	1
C:\My_Project\AIGC\results\research\p1_r8_shadow_composite_tradeoff_20260819\stress_cache\fake_193__base.png	clean_fake	0.940579	1
C:\My_Project\AIGC\results\research\p1_r8_shadow_composite_tradeoff_20260819\stress_cache\fake_194__base.png	clean_fake	0.949340	1
C:\My_Project\AIGC\results\research\p1_r8_shadow_composite_tradeoff_20260819\stress_cache\fake_195__base.png	clean_fake	0.948439	1
C:\My_Project\AIGC\results\research\p1_r8_shadow_composite_tradeoff_20260819\stress_cache\fake_196__base.png	clean_fake	0.209104	0
C:\My_Project\AIGC\results\research\p1_r8_shadow_composite_tradeoff_20260819\stress_cache\fake_197__base.png	clean_fake	0.947539	1
C:\My_Project\AIGC\results\research\p1_r8_shadow_composite_tradeoff_20260819\stress_cache\fake_198__base.png	clean_fake	0.954366	1
C:\My_Project\AIGC\results\research\p1_r8_shadow_composite_tradeoff_20260819\stress_cache\fake_199__base.png	clean_fake	0.383270	0
C:\My_Project\AIGC\results\research\p1_r8_shadow_composite_tradeoff_20260819\stress_cache\fake_200__base.png	clean_fake	0.952902	1
C:\My_Project\AIGC\results\research\p1_r8_shadow_composite_tradeoff_20260819\stress_cache\fake_201__base.png	clean_fake	0.875402	1
C:\My_Project\AIGC\results\research\p1_r8_shadow_composite_tradeoff_20260819\stress_cache\fake_202__base.png	clean_fake	0.955090	1
C:\My_Project\AIGC\results\research\p1_r8_shadow_composite_tradeoff_20260819\stress_cache\fake_203__base.png	clean_fake	0.944948	1
C:\My_Project\AIGC\results\research\p1_r8_shadow_composite_tradeoff_20260819\stress_cache\fake_204__base.png	clean_fake	0.954464	1
C:\My_Project\AIGC\results\research\p1_r8_shadow_composite_tradeoff_20260819\stress_cache\fake_205__base.png	clean_fake	0.948911	1
C:\My_Project\AIGC\results\research\p1_r8_shadow_composite_tradeoff_20260819\stress_cache\fake_206__base.png	clean_fake	0.925770	1
C:\My_Project\AIGC\results\research\p1_r8_shadow_composite_tradeoff_20260819\stress_cache\fake_207__base.png	clean_fake	0.943502	1
C:\My_Project\AIGC\results\research\p1_r8_shadow_composite_tradeoff_20260819\stress_cache\fake_208__base.png	clean_fake	0.661127	1
C:\My_Project\AIGC\results\research\p1_r8_shadow_composite_tradeoff_20260819\stress_cache\fake_209__base.png	clean_fake	0.946690	1
C:\My_Project\AIGC\results\research\p1_r8_shadow_composite_tradeoff_20260819\stress_cache\fake_21__base.png	clean_fake	0.942351	1
C:\My_Project\AIGC\results\research\p1_r8_shadow_composite_tradeoff_20260819\stress_cache\fake_210__base.png	clean_fake	0.942499	1
C:\My_Project\AIGC\results\research\p1_r8_shadow_composite_tradeoff_20260819\stress_cache\fake_211__base.png	clean_fake	0.951173	1
C:\My_Project\AIGC\results\research\p1_r8_shadow_composite_tradeoff_20260819\stress_cache\fake_212__base.png	clean_fake	0.848456	1
C:\My_Project\AIGC\results\research\p1_r8_shadow_composite_tradeoff_20260819\stress_cache\fake_213__base.png	clean_fake	0.234270	0
C:\My_Project\AIGC\results\research\p1_r8_shadow_composite_tradeoff_20260819\stress_cache\fake_214__base.png	clean_fake	0.948622	1
C:\My_Project\AIGC\results\research\p1_r8_shadow_composite_tradeoff_20260819\stress_cache\fake_215__base.png	clean_fake	0.228537	0
C:\My_Project\AIGC\results\research\p1_r8_shadow_composite_tradeoff_20260819\stress_cache\fake_216__base.png	clean_fake	0.953696	1
C:\My_Project\AIGC\results\research\p1_r8_shadow_composite_tradeoff_20260819\stress_cache\fake_217__base.png	clean_fake	0.957869	1
C:\My_Project\AIGC\results\research\p1_r8_shadow_composite_tradeoff_20260819\stress_cache\fake_218__base.png	clean_fake	0.958473	1
C:\My_Project\AIGC\results\research\p1_r8_shadow_composite_tradeoff_20260819\stress_cache\fake_219__base.png	clean_fake	0.948979	1
C:\My_Project\AIGC\results\research\p1_r8_shadow_composite_tradeoff_20260819\stress_cache\fake_220__base.png	clean_fake	0.955045	1
C:\My_Project\AIGC\results\research\p1_r8_shadow_composite_tradeoff_20260819\stress_cache\fake_221__base.png	clean_fake	0.947039	1
C:\My_Project\AIGC\results\research\p1_r8_shadow_composite_tradeoff_20260819\stress_cache\fake_222__base.png	clean_fake	0.943164	1
C:\My_Project\AIGC\results\research\p1_r8_shadow_composite_tradeoff_20260819\stress_cache\fake_223__base.png	clean_fake	0.947686	1
C:\My_Project\AIGC\results\research\p1_r8_shadow_composite_tradeoff_20260819\stress_cache\fake_224__base.png	clean_fake	0.878238	1
C:\My_Project\AIGC\results\research\p1_r8_shadow_composite_tradeoff_20260819\stress_cache\fake_225__base.png	clean_fake	0.950182	1
C:\My_Project\AIGC\results\research\p1_r8_shadow_composite_tradeoff_20260819\stress_cache\fake_226__base.png	clean_fake	0.945038	1
C:\My_Project\AIGC\results\research\p1_r8_shadow_composite_tradeoff_20260819\stress_cache\fake_227__base.png	clean_fake	0.957544	1
C:\My_Project\AIGC\results\research\p1_r8_shadow_composite_tradeoff_20260819\stress_cache\fake_228__base.png	clean_fake	0.949208	1
C:\My_Project\AIGC\results\research\p1_r8_shadow_composite_tradeoff_20260819\stress_cache\fake_229__base.png	clean_fake	0.946982	1
C:\My_Project\AIGC\results\research\p1_r8_shadow_composite_tradeoff_20260819\stress_cache\fake_230__base.png	clean_fake	0.955066	1
C:\My_Project\AIGC\results\research\p1_r8_shadow_composite_tradeoff_20260819\stress_cache\fake_231__base.png	clean_fake	0.961054	1
C:\My_Project\AIGC\results\research\p1_r8_shadow_composite_tradeoff_20260819\stress_cache\fake_232__base.png	clean_fake	0.951974	1
C:\My_Project\AIGC\results\research\p1_r8_shadow_composite_tradeoff_20260819\stress_cache\fake_233__base.png	clean_fake	0.943370	1
C:\My_Project\AIGC\results\research\p1_r8_shadow_composite_tradeoff_20260819\stress_cache\fake_234__base.png	clean_fake	0.942093	1
C:\My_Project\AIGC\results\research\p1_r8_shadow_composite_tradeoff_20260819\stress_cache\fake_235__base.png	clean_fake	0.953313	1
C:\My_Project\AIGC\results\research\p1_r8_shadow_composite_tradeoff_20260819\stress_cache\fake_236__base.png	clean_fake	0.684839	1
C:\My_Project\AIGC\results\research\p1_r8_shadow_composite_tradeoff_20260819\stress_cache\fake_237__base.png	clean_fake	0.949866	1
C:\My_Project\AIGC\results\research\p1_r8_shadow_composite_tradeoff_20260819\stress_cache\fake_238__base.png	clean_fake	0.951300	1
C:\My_Project\AIGC\results\research\p1_r8_shadow_composite_tradeoff_20260819\stress_cache\fake_239__base.png	clean_fake	0.955907	1
C:\My_Project\AIGC\results\research\p1_r8_shadow_composite_tradeoff_20260819\stress_cache\fake_240__base.png	clean_fake	0.936495	1
C:\My_Project\AIGC\results\research\p1_r8_shadow_composite_tradeoff_20260819\stress_cache\fake_241__base.png	clean_fake	0.937469	1
C:\My_Project\AIGC\results\research\p1_r8_shadow_composite_tradeoff_20260819\stress_cache\fake_242__base.png	clean_fake	0.923877	1
C:\My_Project\AIGC\results\research\p1_r8_shadow_composite_tradeoff_20260819\stress_cache\fake_243__base.png	clean_fake	0.940730	1
C:\My_Project\AIGC\results\research\p1_r8_shadow_composite_tradeoff_20260819\stress_cache\fake_244__base.png	clean_fake	0.950277	1
C:\My_Project\AIGC\results\research\p1_r8_shadow_composite_tradeoff_20260819\stress_cache\fake_245__base.png	clean_fake	0.955317	1
C:\My_Project\AIGC\results\research\p1_r8_shadow_composite_tradeoff_20260819\stress_cache\fake_246__base.png	clean_fake	0.949312	1
C:\My_Project\AIGC\results\research\p1_r8_shadow_composite_tradeoff_20260819\stress_cache\fake_247__base.png	clean_fake	0.946283	1
C:\My_Project\AIGC\results\research\p1_r8_shadow_composite_tradeoff_20260819\stress_cache\fake_248__base.png	clean_fake	0.464980	0
C:\My_Project\AIGC\results\research\p1_r8_shadow_composite_tradeoff_20260819\stress_cache\fake_249__base.png	clean_fake	0.944612	1
C:\My_Project\AIGC\results\research\p1_r8_shadow_composite_tradeoff_20260819\stress_cache\fake_250__base.png	clean_fake	0.951624	1
C:\My_Project\AIGC\results\research\p1_r8_shadow_composite_tradeoff_20260819\stress_cache\fake_251__base.png	clean_fake	0.954815	1
C:\My_Project\AIGC\results\research\p1_r8_shadow_composite_tradeoff_20260819\stress_cache\fake_252__base.png	clean_fake	0.903159	1
C:\My_Project\AIGC\results\research\p1_r8_shadow_composite_tradeoff_20260819\stress_cache\fake_253__base.png	clean_fake	0.957144	1
C:\My_Project\AIGC\results\research\p1_r8_shadow_composite_tradeoff_20260819\stress_cache\fake_254__base.png	clean_fake	0.947424	1
C:\My_Project\AIGC\results\research\p1_r8_shadow_composite_tradeoff_20260819\stress_cache\fake_255__base.png	clean_fake	0.950009	1
C:\My_Project\AIGC\results\research\p1_r8_shadow_composite_tradeoff_20260819\stress_cache\fake_256__base.png	clean_fake	0.943478	1
C:\My_Project\AIGC\results\research\p1_r8_shadow_composite_tradeoff_20260819\stress_cache\fake_257__base.png	clean_fake	0.948132	1
C:\My_Project\AIGC\results\research\p1_r8_shadow_composite_tradeoff_20260819\stress_cache\fake_258__base.png	clean_fake	0.958266	1
C:\My_Project\AIGC\results\research\p1_r8_shadow_composite_tradeoff_20260819\stress_cache\fake_259__base.png	clean_fake	0.950437	1
C:\My_Project\AIGC\results\research\p1_r8_shadow_composite_tradeoff_20260819\stress_cache\fake_260__base.png	clean_fake	0.952074	1
C:\My_Project\AIGC\results\research\p1_r8_shadow_composite_tradeoff_20260819\stress_cache\fake_261__base.png	clean_fake	0.897608	1
C:\My_Project\AIGC\results\research\p1_r8_shadow_composite_tradeoff_20260819\stress_cache\fake_262__base.png	clean_fake	0.909178	1
C:\My_Project\AIGC\results\research\p1_r8_shadow_composite_tradeoff_20260819\stress_cache\fake_263__base.png	clean_fake	0.937491	1
C:\My_Project\AIGC\results\research\p1_r8_shadow_composite_tradeoff_20260819\stress_cache\fake_264__base.png	clean_fake	0.941839	1
C:\My_Project\AIGC\results\research\p1_r8_shadow_composite_tradeoff_20260819\stress_cache\fake_265__base.png	clean_fake	0.892746	1
C:\My_Project\AIGC\results\research\p1_r8_shadow_composite_tradeoff_20260819\stress_cache\fake_266__base.png	clean_fake	0.608882	1
C:\My_Project\AIGC\results\research\p1_r8_shadow_composite_tradeoff_20260819\stress_cache\fake_267__base.png	clean_fake	0.927801	1
C:\My_Project\AIGC\results\research\p1_r8_shadow_composite_tradeoff_20260819\stress_cache\fake_268__base.png	clean_fake	0.950603	1
C:\My_Project\AIGC\results\research\p1_r8_shadow_composite_tradeoff_20260819\stress_cache\fake_269__base.png	clean_fake	0.944919	1
C:\My_Project\AIGC\results\research\p1_r8_shadow_composite_tradeoff_20260819\stress_cache\fake_270__base.png	clean_fake	0.954067	1
C:\My_Project\AIGC\results\research\p1_r8_shadow_composite_tradeoff_20260819\stress_cache\fake_271__base.png	clean_fake	0.951355	1
C:\My_Project\AIGC\results\research\p1_r8_shadow_composite_tradeoff_20260819\stress_cache\fake_272__base.png	clean_fake	0.953888	1
C:\My_Project\AIGC\results\research\p1_r8_shadow_composite_tradeoff_20260819\stress_cache\fake_273__base.png	clean_fake	0.951554	1
C:\My_Project\AIGC\results\research\p1_r8_shadow_composite_tradeoff_20260819\stress_cache\fake_274__base.png	clean_fake	0.951928	1
C:\My_Project\AIGC\results\research\p1_r8_shadow_composite_tradeoff_20260819\stress_cache\fake_275__base.png	clean_fake	0.951709	1
C:\My_Project\AIGC\results\research\p1_r8_shadow_composite_tradeoff_20260819\stress_cache\fake_276__base.png	clean_fake	0.955090	1
C:\My_Project\AIGC\results\research\p1_r8_shadow_composite_tradeoff_20260819\stress_cache\fake_277__base.png	clean_fake	0.957171	1
C:\My_Project\AIGC\results\research\p1_r8_shadow_composite_tradeoff_20260819\stress_cache\fake_278__base.png	clean_fake	0.924697	1
C:\My_Project\AIGC\results\research\p1_r8_shadow_composite_tradeoff_20260819\stress_cache\fake_279__base.png	clean_fake	0.945786	1
C:\My_Project\AIGC\results\research\p1_r8_shadow_composite_tradeoff_20260819\stress_cache\fake_28__base.png	clean_fake	0.943797	1
C:\My_Project\AIGC\results\research\p1_r8_shadow_composite_tradeoff_20260819\stress_cache\fake_280__base.png	clean_fake	0.956879	1
C:\My_Project\AIGC\results\research\p1_r8_shadow_composite_tradeoff_20260819\stress_cache\fake_281__base.png	clean_fake	0.944774	1
C:\My_Project\AIGC\results\research\p1_r8_shadow_composite_tradeoff_20260819\stress_cache\fake_282__base.png	clean_fake	0.934742	1
C:\My_Project\AIGC\results\research\p1_r8_shadow_composite_tradeoff_20260819\stress_cache\fake_283__base.png	clean_fake	0.824723	1
C:\My_Project\AIGC\results\research\p1_r8_shadow_composite_tradeoff_20260819\stress_cache\fake_284__base.png	clean_fake	0.956096	1
C:\My_Project\AIGC\results\research\p1_r8_shadow_composite_tradeoff_20260819\stress_cache\fake_285__base.png	clean_fake	0.933242	1
C:\My_Project\AIGC\results\research\p1_r8_shadow_composite_tradeoff_20260819\stress_cache\fake_286__base.png	clean_fake	0.953138	1
C:\My_Project\AIGC\results\research\p1_r8_shadow_composite_tradeoff_20260819\stress_cache\fake_287__base.png	clean_fake	0.948198	1
C:\My_Project\AIGC\results\research\p1_r8_shadow_composite_tradeoff_20260819\stress_cache\fake_288__base.png	clean_fake	0.943539	1
C:\My_Project\AIGC\results\research\p1_r8_shadow_composite_tradeoff_20260819\stress_cache\fake_289__base.png	clean_fake	0.943806	1
C:\My_Project\AIGC\results\research\p1_r8_shadow_composite_tradeoff_20260819\stress_cache\fake_29__base.png	clean_fake	0.940083	1
C:\My_Project\AIGC\results\research\p1_r8_shadow_composite_tradeoff_20260819\stress_cache\fake_290__base.png	clean_fake	0.085176	0
C:\My_Project\AIGC\results\research\p1_r8_shadow_composite_tradeoff_20260819\stress_cache\fake_291__base.png	clean_fake	0.943371	1
C:\My_Project\AIGC\results\research\p1_r8_shadow_composite_tradeoff_20260819\stress_cache\fake_292__base.png	clean_fake	0.946555	1
C:\My_Project\AIGC\results\research\p1_r8_shadow_composite_tradeoff_20260819\stress_cache\fake_293__base.png	clean_fake	0.942947	1
C:\My_Project\AIGC\results\research\p1_r8_shadow_composite_tradeoff_20260819\stress_cache\fake_294__base.png	clean_fake	0.946215	1
C:\My_Project\AIGC\results\research\p1_r8_shadow_composite_tradeoff_20260819\stress_cache\fake_295__base.png	clean_fake	0.936068	1
C:\My_Project\AIGC\results\research\p1_r8_shadow_composite_tradeoff_20260819\stress_cache\fake_296__base.png	clean_fake	0.951507	1
C:\My_Project\AIGC\results\research\p1_r8_shadow_composite_tradeoff_20260819\stress_cache\fake_297__base.png	clean_fake	0.957139	1
C:\My_Project\AIGC\results\research\p1_r8_shadow_composite_tradeoff_20260819\stress_cache\fake_298__base.png	clean_fake	0.945163	1
C:\My_Project\AIGC\results\research\p1_r8_shadow_composite_tradeoff_20260819\stress_cache\fake_299__base.png	clean_fake	0.735223	1
C:\My_Project\AIGC\results\research\p1_r8_shadow_composite_tradeoff_20260819\stress_cache\fake_30__base.png	clean_fake	0.731767	1
C:\My_Project\AIGC\results\research\p1_r8_shadow_composite_tradeoff_20260819\stress_cache\fake_300__base.png	clean_fake	0.951799	1
C:\My_Project\AIGC\results\research\p1_r8_shadow_composite_tradeoff_20260819\stress_cache\fake_301__base.png	clean_fake	0.948894	1
C:\My_Project\AIGC\results\research\p1_r8_shadow_composite_tradeoff_20260819\stress_cache\fake_302__base.png	clean_fake	0.956011	1
C:\My_Project\AIGC\results\research\p1_r8_shadow_composite_tradeoff_20260819\stress_cache\fake_303__base.png	clean_fake	0.953389	1
C:\My_Project\AIGC\results\research\p1_r8_shadow_composite_tradeoff_20260819\stress_cache\fake_304__base.png	clean_fake	0.942144	1
C:\My_Project\AIGC\results\research\p1_r8_shadow_composite_tradeoff_20260819\stress_cache\fake_305__base.png	clean_fake	0.740117	1
C:\My_Project\AIGC\results\research\p1_r8_shadow_composite_tradeoff_20260819\stress_cache\fake_306__base.png	clean_fake	0.657993	1
C:\My_Project\AIGC\results\research\p1_r8_shadow_composite_tradeoff_20260819\stress_cache\fake_307__base.png	clean_fake	0.944154	1
C:\My_Project\AIGC\results\research\p1_r8_shadow_composite_tradeoff_20260819\stress_cache\fake_308__base.png	clean_fake	0.947965	1
C:\My_Project\AIGC\results\research\p1_r8_shadow_composite_tradeoff_20260819\stress_cache\fake_309__base.png	clean_fake	0.900487	1
C:\My_Project\AIGC\results\research\p1_r8_shadow_composite_tradeoff_20260819\stress_cache\fake_31__base.png	clean_fake	0.895931	1
C:\My_Project\AIGC\results\research\p1_r8_shadow_composite_tradeoff_20260819\stress_cache\fake_310__base.png	clean_fake	0.948853	1
C:\My_Project\AIGC\results\research\p1_r8_shadow_composite_tradeoff_20260819\stress_cache\fake_311__base.png	clean_fake	0.954838	1
C:\My_Project\AIGC\results\research\p1_r8_shadow_composite_tradeoff_20260819\stress_cache\fake_312__base.png	clean_fake	0.556772	1
C:\My_Project\AIGC\results\research\p1_r8_shadow_composite_tradeoff_20260819\stress_cache\fake_313__base.png	clean_fake	0.946483	1
C:\My_Project\AIGC\results\research\p1_r8_shadow_composite_tradeoff_20260819\stress_cache\fake_314__base.png	clean_fake	0.851134	1
C:\My_Project\AIGC\results\research\p1_r8_shadow_composite_tradeoff_20260819\stress_cache\fake_315__base.png	clean_fake	0.939519	1
C:\My_Project\AIGC\results\research\p1_r8_shadow_composite_tradeoff_20260819\stress_cache\fake_316__base.png	clean_fake	0.959595	1
C:\My_Project\AIGC\results\research\p1_r8_shadow_composite_tradeoff_20260819\stress_cache\fake_317__base.png	clean_fake	0.940522	1
C:\My_Project\AIGC\results\research\p1_r8_shadow_composite_tradeoff_20260819\stress_cache\fake_318__base.png	clean_fake	0.940191	1
C:\My_Project\AIGC\results\research\p1_r8_shadow_composite_tradeoff_20260819\stress_cache\fake_319__base.png	clean_fake	0.795971	1
C:\My_Project\AIGC\results\research\p1_r8_shadow_composite_tradeoff_20260819\stress_cache\fake_32__base.png	clean_fake	0.942047	1
C:\My_Project\AIGC\results\research\p1_r8_shadow_composite_tradeoff_20260819\stress_cache\fake_423__base.png	clean_fake	0.949638	1
C:\My_Project\AIGC\results\research\p1_r8_shadow_composite_tradeoff_20260819\stress_cache\fake_424__base.png	clean_fake	0.942984	1
C:\My_Project\AIGC\results\research\p1_r8_shadow_composite_tradeoff_20260819\stress_cache\fake_425__base.png	clean_fake	0.941975	1
C:\My_Project\AIGC\results\research\p1_r8_shadow_composite_tradeoff_20260819\stress_cache\fake_426__base.png	clean_fake	0.953635	1
C:\My_Project\AIGC\results\research\p1_r8_shadow_composite_tradeoff_20260819\stress_cache\fake_427__base.png	clean_fake	0.944757	1
C:\My_Project\AIGC\results\research\p1_r8_shadow_composite_tradeoff_20260819\stress_cache\fake_428__base.png	clean_fake	0.944368	1
C:\My_Project\AIGC\results\research\p1_r8_shadow_composite_tradeoff_20260819\stress_cache\fake_429__base.png	clean_fake	0.942491	1
C:\My_Project\AIGC\results\research\p1_r8_shadow_composite_tradeoff_20260819\stress_cache\fake_430__base.png	clean_fake	0.945087	1
C:\My_Project\AIGC\results\research\p1_r8_shadow_composite_tradeoff_20260819\stress_cache\fake_431__base.png	clean_fake	0.941021	1
C:\My_Project\AIGC\results\research\p1_r8_shadow_composite_tradeoff_20260819\stress_cache\fake_432__base.png	clean_fake	0.945091	1
C:\My_Project\AIGC\results\research\p1_r8_shadow_composite_tradeoff_20260819\stress_cache\fake_433__base.png	clean_fake	0.941748	1
C:\My_Project\AIGC\results\research\p1_r8_shadow_composite_tradeoff_20260819\stress_cache\fake_434__base.png	clean_fake	0.939874	1
C:\My_Project\AIGC\results\research\p1_r8_shadow_composite_tradeoff_20260819\stress_cache\fake_435__base.png	clean_fake	0.930225	1
C:\My_Project\AIGC\results\research\p1_r8_shadow_composite_tradeoff_20260819\stress_cache\fake_436__base.png	clean_fake	0.942145	1
C:\My_Project\AIGC\results\research\p1_r8_shadow_composite_tradeoff_20260819\stress_cache\fake_438__base.png	clean_fake	0.945915	1
C:\My_Project\AIGC\results\research\p1_r8_shadow_composite_tradeoff_20260819\stress_cache\fake_439__base.png	clean_fake	0.935074	1
C:\My_Project\AIGC\results\research\p1_r8_shadow_composite_tradeoff_20260819\stress_cache\fake_440__base.png	clean_fake	0.946209	1
C:\My_Project\AIGC\results\research\p1_r8_shadow_composite_tradeoff_20260819\stress_cache\fake_441__base.png	clean_fake	0.948786	1
C:\My_Project\AIGC\results\research\p1_r8_shadow_composite_tradeoff_20260819\stress_cache\fake_442__base.png	clean_fake	0.954634	1
C:\My_Project\AIGC\results\research\p1_r8_shadow_composite_tradeoff_20260819\stress_cache\fake_443__base.png	clean_fake	0.948015	1
C:\My_Project\AIGC\results\research\p1_r8_shadow_composite_tradeoff_20260819\stress_cache\fake_444__base.png	clean_fake	0.948329	1
C:\My_Project\AIGC\results\research\p1_r8_shadow_composite_tradeoff_20260819\stress_cache\fake_445__base.png	clean_fake	0.941154	1
C:\My_Project\AIGC\results\research\p1_r8_shadow_composite_tradeoff_20260819\stress_cache\fake_446__base.png	clean_fake	0.953507	1
C:\My_Project\AIGC\results\research\p1_r8_shadow_composite_tradeoff_20260819\stress_cache\fake_447__base.png	clean_fake	0.941861	1
C:\My_Project\AIGC\results\research\p1_r8_shadow_composite_tradeoff_20260819\stress_cache\fake_450__base.png	clean_fake	0.943153	1
C:\My_Project\AIGC\results\research\p1_r8_shadow_composite_tradeoff_20260819\stress_cache\fake_451__base.png	clean_fake	0.945668	1
C:\My_Project\AIGC\results\research\p1_r8_shadow_composite_tradeoff_20260819\stress_cache\fake_452__base.png	clean_fake	0.948757	1
C:\My_Project\AIGC\results\research\p1_r8_shadow_composite_tradeoff_20260819\stress_cache\fake_453__base.png	clean_fake	0.939503	1
C:\My_Project\AIGC\results\research\p1_r8_shadow_composite_tradeoff_20260819\stress_cache\fake_454__base.png	clean_fake	0.946853	1
C:\My_Project\AIGC\results\research\p1_r8_shadow_composite_tradeoff_20260819\stress_cache\fake_455__base.png	clean_fake	0.919663	1
C:\My_Project\AIGC\results\research\p1_r8_shadow_composite_tradeoff_20260819\stress_cache\fake_456__base.png	clean_fake	0.941992	1
C:\My_Project\AIGC\results\research\p1_r8_shadow_composite_tradeoff_20260819\stress_cache\fake_457__base.png	clean_fake	0.942661	1
C:\My_Project\AIGC\results\research\p1_r8_shadow_composite_tradeoff_20260819\stress_cache\fake_458__base.png	clean_fake	0.948197	1
C:\My_Project\AIGC\results\research\p1_r8_shadow_composite_tradeoff_20260819\stress_cache\fake_459__base.png	clean_fake	0.945845	1
C:\My_Project\AIGC\results\research\p1_r8_shadow_composite_tradeoff_20260819\stress_cache\fake_460__base.png	clean_fake	0.956695	1
C:\My_Project\AIGC\results\research\p1_r8_shadow_composite_tradeoff_20260819\stress_cache\fake_461__base.png	clean_fake	0.946225	1
C:\My_Project\AIGC\results\research\p1_r8_shadow_composite_tradeoff_20260819\stress_cache\fake_462__base.png	clean_fake	0.950587	1
C:\My_Project\AIGC\results\research\p1_r8_shadow_composite_tradeoff_20260819\stress_cache\fake_463__base.png	clean_fake	0.945749	1
C:\My_Project\AIGC\results\research\p1_r8_shadow_composite_tradeoff_20260819\stress_cache\fake_464__base.png	clean_fake	0.949793	1
C:\My_Project\AIGC\results\research\p1_r8_shadow_composite_tradeoff_20260819\stress_cache\fake_465__base.png	clean_fake	0.944990	1
C:\My_Project\AIGC\results\research\p1_r8_shadow_composite_tradeoff_20260819\stress_cache\fake_466__base.png	clean_fake	0.953303	1
C:\My_Project\AIGC\results\research\p1_r8_shadow_composite_tradeoff_20260819\stress_cache\fake_467__base.png	clean_fake	0.940510	1
C:\My_Project\AIGC\results\research\p1_r8_shadow_composite_tradeoff_20260819\stress_cache\fake_468__base.png	clean_fake	0.939036	1
C:\My_Project\AIGC\results\research\p1_r8_shadow_composite_tradeoff_20260819\stress_cache\fake_469__base.png	clean_fake	0.947337	1
C:\My_Project\AIGC\results\research\p1_r8_shadow_composite_tradeoff_20260819\stress_cache\fake_470__base.png	clean_fake	0.941830	1
C:\My_Project\AIGC\results\research\p1_r8_shadow_composite_tradeoff_20260819\stress_cache\fake_471__base.png	clean_fake	0.939640	1
C:\My_Project\AIGC\results\research\p1_r8_shadow_composite_tradeoff_20260819\stress_cache\fake_472__base.png	clean_fake	0.952516	1
C:\My_Project\AIGC\results\research\p1_r8_shadow_composite_tradeoff_20260819\stress_cache\fake_674__base.png	clean_fake	0.932005	1
C:\My_Project\AIGC\results\research\p1_r8_shadow_composite_tradeoff_20260819\stress_cache\fake_675__base.png	clean_fake	0.934394	1
C:\My_Project\AIGC\results\research\p1_r8_shadow_composite_tradeoff_20260819\stress_cache\fake_676__base.png	clean_fake	0.939074	1
C:\My_Project\AIGC\results\research\p1_r8_shadow_composite_tradeoff_20260819\stress_cache\fake_677__base.png	clean_fake	0.948204	1
C:\My_Project\AIGC\results\research\p1_r8_shadow_composite_tradeoff_20260819\stress_cache\fake_679__base.png	clean_fake	0.952188	1
C:\My_Project\AIGC\results\research\p1_r8_shadow_composite_tradeoff_20260819\stress_cache\fake_680__base.png	clean_fake	0.945469	1
C:\My_Project\AIGC\results\research\p1_r8_shadow_composite_tradeoff_20260819\stress_cache\fake_681__base.png	clean_fake	0.943918	1
C:\My_Project\AIGC\results\research\p1_r8_shadow_composite_tradeoff_20260819\stress_cache\fake_682__base.png	clean_fake	0.941379	1
C:\My_Project\AIGC\results\research\p1_r8_shadow_composite_tradeoff_20260819\stress_cache\fake_683__base.png	clean_fake	0.947293	1
C:\My_Project\AIGC\results\research\p1_r8_shadow_composite_tradeoff_20260819\stress_cache\fake_684__base.png	clean_fake	0.945508	1
C:\My_Project\AIGC\results\research\p1_r8_shadow_composite_tradeoff_20260819\stress_cache\fake_685__base.png	clean_fake	0.942152	1
C:\My_Project\AIGC\results\research\p1_r8_shadow_composite_tradeoff_20260819\stress_cache\fake_686__base.png	clean_fake	0.950067	1
C:\My_Project\AIGC\results\research\p1_r8_shadow_composite_tradeoff_20260819\stress_cache\fake_687__base.png	clean_fake	0.946331	1
C:\My_Project\AIGC\results\research\p1_r8_shadow_composite_tradeoff_20260819\stress_cache\fake_688__base.png	clean_fake	0.939093	1
C:\My_Project\AIGC\results\research\p1_r8_shadow_composite_tradeoff_20260819\stress_cache\fake_689__base.png	clean_fake	0.933433	1
C:\My_Project\AIGC\results\research\p1_r8_shadow_composite_tradeoff_20260819\stress_cache\fake_690__base.png	clean_fake	0.950739	1
C:\My_Project\AIGC\results\research\p1_r8_shadow_composite_tradeoff_20260819\stress_cache\fake_691__base.png	clean_fake	0.945649	1
C:\My_Project\AIGC\results\research\p1_r8_shadow_composite_tradeoff_20260819\stress_cache\fake_692__base.png	clean_fake	0.945907	1
C:\My_Project\AIGC\results\research\p1_r8_shadow_composite_tradeoff_20260819\stress_cache\fake_9299__base.png	clean_fake	0.918927	1
C:\My_Project\AIGC\results\research\p1_r8_shadow_composite_tradeoff_20260819\stress_cache\fake_9909__base.png	clean_fake	0.906419	1
C:\My_Project\AIGC\results\research\p1_r8_shadow_composite_tradeoff_20260819\stress_cache\fake_107__smoothing_light.png	filtered_fake	0.691316	1
C:\My_Project\AIGC\results\research\p1_r8_shadow_composite_tradeoff_20260819\stress_cache\fake_107__smoothing_medium.png	filtered_fake	0.736290	1
C:\My_Project\AIGC\results\research\p1_r8_shadow_composite_tradeoff_20260819\stress_cache\fake_107__smoothing_heavy.png	filtered_fake	0.718516	1
C:\My_Project\AIGC\results\research\p1_r8_shadow_composite_tradeoff_20260819\stress_cache\fake_107__whitening_medium.png	filtered_fake	0.941723	1
C:\My_Project\AIGC\results\research\p1_r8_shadow_composite_tradeoff_20260819\stress_cache\fake_107__combined_medium.png	filtered_fake	0.828871	1
C:\My_Project\AIGC\results\research\p1_r8_shadow_composite_tradeoff_20260819\stress_cache\fake_107__combined_heavy.png	filtered_fake	0.329143	0
C:\My_Project\AIGC\results\research\p1_r8_shadow_composite_tradeoff_20260819\stress_cache\fake_107__eye_enlarging.png	filtered_fake	0.947678	1
C:\My_Project\AIGC\results\research\p1_r8_shadow_composite_tradeoff_20260819\stress_cache\fake_107__face_reshaping.png	filtered_fake	0.929244	1
C:\My_Project\AIGC\results\research\p1_r8_shadow_composite_tradeoff_20260819\stress_cache\fake_108__smoothing_light.png	filtered_fake	0.940132	1
C:\My_Project\AIGC\results\research\p1_r8_shadow_composite_tradeoff_20260819\stress_cache\fake_108__smoothing_medium.png	filtered_fake	0.947831	1
C:\My_Project\AIGC\results\research\p1_r8_shadow_composite_tradeoff_20260819\stress_cache\fake_108__smoothing_heavy.png	filtered_fake	0.946745	1
C:\My_Project\AIGC\results\research\p1_r8_shadow_composite_tradeoff_20260819\stress_cache\fake_108__whitening_medium.png	filtered_fake	0.942211	1
C:\My_Project\AIGC\results\research\p1_r8_shadow_composite_tradeoff_20260819\stress_cache\fake_108__combined_medium.png	filtered_fake	0.949236	1
C:\My_Project\AIGC\results\research\p1_r8_shadow_composite_tradeoff_20260819\stress_cache\fake_108__combined_heavy.png	filtered_fake	0.945289	1
C:\My_Project\AIGC\results\research\p1_r8_shadow_composite_tradeoff_20260819\stress_cache\fake_108__eye_enlarging.png	filtered_fake	0.937171	1
C:\My_Project\AIGC\results\research\p1_r8_shadow_composite_tradeoff_20260819\stress_cache\fake_108__face_reshaping.png	filtered_fake	0.894945	1
C:\My_Project\AIGC\results\research\p1_r8_shadow_composite_tradeoff_20260819\stress_cache\fake_109__smoothing_light.png	filtered_fake	0.912257	1
C:\My_Project\AIGC\results\research\p1_r8_shadow_composite_tradeoff_20260819\stress_cache\fake_109__smoothing_medium.png	filtered_fake	0.937022	1
C:\My_Project\AIGC\results\research\p1_r8_shadow_composite_tradeoff_20260819\stress_cache\fake_109__smoothing_heavy.png	filtered_fake	0.937119	1
C:\My_Project\AIGC\results\research\p1_r8_shadow_composite_tradeoff_20260819\stress_cache\fake_109__whitening_medium.png	filtered_fake	0.921360	1
C:\My_Project\AIGC\results\research\p1_r8_shadow_composite_tradeoff_20260819\stress_cache\fake_109__combined_medium.png	filtered_fake	0.935252	1
C:\My_Project\AIGC\results\research\p1_r8_shadow_composite_tradeoff_20260819\stress_cache\fake_109__combined_heavy.png	filtered_fake	0.941976	1
C:\My_Project\AIGC\results\research\p1_r8_shadow_composite_tradeoff_20260819\stress_cache\fake_109__eye_enlarging.png	filtered_fake	0.878124	1
C:\My_Project\AIGC\results\research\p1_r8_shadow_composite_tradeoff_20260819\stress_cache\fake_109__face_reshaping.png	filtered_fake	0.890861	1
C:\My_Project\AIGC\results\research\p1_r8_shadow_composite_tradeoff_20260819\stress_cache\fake_110__smoothing_light.png	filtered_fake	0.933348	1
C:\My_Project\AIGC\results\research\p1_r8_shadow_composite_tradeoff_20260819\stress_cache\fake_110__smoothing_medium.png	filtered_fake	0.942551	1
C:\My_Project\AIGC\results\research\p1_r8_shadow_composite_tradeoff_20260819\stress_cache\fake_110__smoothing_heavy.png	filtered_fake	0.943699	1
C:\My_Project\AIGC\results\research\p1_r8_shadow_composite_tradeoff_20260819\stress_cache\fake_110__whitening_medium.png	filtered_fake	0.434886	0
C:\My_Project\AIGC\results\research\p1_r8_shadow_composite_tradeoff_20260819\stress_cache\fake_110__combined_medium.png	filtered_fake	0.948753	1
C:\My_Project\AIGC\results\research\p1_r8_shadow_composite_tradeoff_20260819\stress_cache\fake_110__combined_heavy.png	filtered_fake	0.944701	1
C:\My_Project\AIGC\results\research\p1_r8_shadow_composite_tradeoff_20260819\stress_cache\fake_110__eye_enlarging.png	filtered_fake	0.940452	1
C:\My_Project\AIGC\results\research\p1_r8_shadow_composite_tradeoff_20260819\stress_cache\fake_110__face_reshaping.png	filtered_fake	0.940702	1
C:\My_Project\AIGC\results\research\p1_r8_shadow_composite_tradeoff_20260819\stress_cache\fake_111__smoothing_light.png	filtered_fake	0.936156	1
C:\My_Project\AIGC\results\research\p1_r8_shadow_composite_tradeoff_20260819\stress_cache\fake_111__smoothing_medium.png	filtered_fake	0.939088	1
C:\My_Project\AIGC\results\research\p1_r8_shadow_composite_tradeoff_20260819\stress_cache\fake_111__smoothing_heavy.png	filtered_fake	0.945008	1
C:\My_Project\AIGC\results\research\p1_r8_shadow_composite_tradeoff_20260819\stress_cache\fake_111__whitening_medium.png	filtered_fake	0.954017	1
C:\My_Project\AIGC\results\research\p1_r8_shadow_composite_tradeoff_20260819\stress_cache\fake_111__combined_medium.png	filtered_fake	0.939456	1
C:\My_Project\AIGC\results\research\p1_r8_shadow_composite_tradeoff_20260819\stress_cache\fake_111__combined_heavy.png	filtered_fake	0.942921	1
C:\My_Project\AIGC\results\research\p1_r8_shadow_composite_tradeoff_20260819\stress_cache\fake_111__eye_enlarging.png	filtered_fake	0.952686	1
C:\My_Project\AIGC\results\research\p1_r8_shadow_composite_tradeoff_20260819\stress_cache\fake_111__face_reshaping.png	filtered_fake	0.951215	1
C:\My_Project\AIGC\results\research\p1_r8_shadow_composite_tradeoff_20260819\stress_cache\fake_112__smoothing_light.png	filtered_fake	0.934331	1
C:\My_Project\AIGC\results\research\p1_r8_shadow_composite_tradeoff_20260819\stress_cache\fake_112__smoothing_medium.png	filtered_fake	0.941877	1
C:\My_Project\AIGC\results\research\p1_r8_shadow_composite_tradeoff_20260819\stress_cache\fake_112__smoothing_heavy.png	filtered_fake	0.938237	1
C:\My_Project\AIGC\results\research\p1_r8_shadow_composite_tradeoff_20260819\stress_cache\fake_112__whitening_medium.png	filtered_fake	0.940812	1
C:\My_Project\AIGC\results\research\p1_r8_shadow_composite_tradeoff_20260819\stress_cache\fake_112__combined_medium.png	filtered_fake	0.945196	1
C:\My_Project\AIGC\results\research\p1_r8_shadow_composite_tradeoff_20260819\stress_cache\fake_112__combined_heavy.png	filtered_fake	0.944770	1
C:\My_Project\AIGC\results\research\p1_r8_shadow_composite_tradeoff_20260819\stress_cache\fake_112__eye_enlarging.png	filtered_fake	0.938459	1
C:\My_Project\AIGC\results\research\p1_r8_shadow_composite_tradeoff_20260819\stress_cache\fake_112__face_reshaping.png	filtered_fake	0.935185	1
C:\My_Project\AIGC\results\research\p1_r8_shadow_composite_tradeoff_20260819\stress_cache\fake_113__smoothing_light.png	filtered_fake	0.704362	1
C:\My_Project\AIGC\results\research\p1_r8_shadow_composite_tradeoff_20260819\stress_cache\fake_113__smoothing_medium.png	filtered_fake	0.876684	1
C:\My_Project\AIGC\results\research\p1_r8_shadow_composite_tradeoff_20260819\stress_cache\fake_113__smoothing_heavy.png	filtered_fake	0.897807	1
C:\My_Project\AIGC\results\research\p1_r8_shadow_composite_tradeoff_20260819\stress_cache\fake_113__whitening_medium.png	filtered_fake	0.761838	1
C:\My_Project\AIGC\results\research\p1_r8_shadow_composite_tradeoff_20260819\stress_cache\fake_113__combined_medium.png	filtered_fake	0.904912	1
C:\My_Project\AIGC\results\research\p1_r8_shadow_composite_tradeoff_20260819\stress_cache\fake_113__combined_heavy.png	filtered_fake	0.892105	1
C:\My_Project\AIGC\results\research\p1_r8_shadow_composite_tradeoff_20260819\stress_cache\fake_113__eye_enlarging.png	filtered_fake	0.894673	1
C:\My_Project\AIGC\results\research\p1_r8_shadow_composite_tradeoff_20260819\stress_cache\fake_113__face_reshaping.png	filtered_fake	0.773362	1
C:\My_Project\AIGC\results\research\p1_r8_shadow_composite_tradeoff_20260819\stress_cache\fake_114__smoothing_light.png	filtered_fake	0.923426	1
C:\My_Project\AIGC\results\research\p1_r8_shadow_composite_tradeoff_20260819\stress_cache\fake_114__smoothing_medium.png	filtered_fake	0.941811	1
C:\My_Project\AIGC\results\research\p1_r8_shadow_composite_tradeoff_20260819\stress_cache\fake_114__smoothing_heavy.png	filtered_fake	0.944505	1
C:\My_Project\AIGC\results\research\p1_r8_shadow_composite_tradeoff_20260819\stress_cache\fake_114__whitening_medium.png	filtered_fake	0.948715	1
C:\My_Project\AIGC\results\research\p1_r8_shadow_composite_tradeoff_20260819\stress_cache\fake_114__combined_medium.png	filtered_fake	0.947043	1
C:\My_Project\AIGC\results\research\p1_r8_shadow_composite_tradeoff_20260819\stress_cache\fake_114__combined_heavy.png	filtered_fake	0.947061	1
C:\My_Project\AIGC\results\research\p1_r8_shadow_composite_tradeoff_20260819\stress_cache\fake_114__eye_enlarging.png	filtered_fake	0.952077	1
C:\My_Project\AIGC\results\research\p1_r8_shadow_composite_tradeoff_20260819\stress_cache\fake_114__face_reshaping.png	filtered_fake	0.952845	1
C:\My_Project\AIGC\results\research\p1_r8_shadow_composite_tradeoff_20260819\stress_cache\fake_115__smoothing_light.png	filtered_fake	0.925826	1
C:\My_Project\AIGC\results\research\p1_r8_shadow_composite_tradeoff_20260819\stress_cache\fake_115__smoothing_medium.png	filtered_fake	0.943740	1
C:\My_Project\AIGC\results\research\p1_r8_shadow_composite_tradeoff_20260819\stress_cache\fake_115__smoothing_heavy.png	filtered_fake	0.941693	1
C:\My_Project\AIGC\results\research\p1_r8_shadow_composite_tradeoff_20260819\stress_cache\fake_115__whitening_medium.png	filtered_fake	0.936994	1
C:\My_Project\AIGC\results\research\p1_r8_shadow_composite_tradeoff_20260819\stress_cache\fake_115__combined_medium.png	filtered_fake	0.941991	1
C:\My_Project\AIGC\results\research\p1_r8_shadow_composite_tradeoff_20260819\stress_cache\fake_115__combined_heavy.png	filtered_fake	0.940685	1
C:\My_Project\AIGC\results\research\p1_r8_shadow_composite_tradeoff_20260819\stress_cache\fake_115__eye_enlarging.png	filtered_fake	0.923324	1
C:\My_Project\AIGC\results\research\p1_r8_shadow_composite_tradeoff_20260819\stress_cache\fake_115__face_reshaping.png	filtered_fake	0.945144	1
C:\My_Project\AIGC\results\research\p1_r8_shadow_composite_tradeoff_20260819\stress_cache\fake_116__smoothing_light.png	filtered_fake	0.935880	1
C:\My_Project\AIGC\results\research\p1_r8_shadow_composite_tradeoff_20260819\stress_cache\fake_116__smoothing_medium.png	filtered_fake	0.942919	1
C:\My_Project\AIGC\results\research\p1_r8_shadow_composite_tradeoff_20260819\stress_cache\fake_116__smoothing_heavy.png	filtered_fake	0.932764	1
C:\My_Project\AIGC\results\research\p1_r8_shadow_composite_tradeoff_20260819\stress_cache\fake_116__whitening_medium.png	filtered_fake	0.951763	1
C:\My_Project\AIGC\results\research\p1_r8_shadow_composite_tradeoff_20260819\stress_cache\fake_116__combined_medium.png	filtered_fake	0.949700	1
C:\My_Project\AIGC\results\research\p1_r8_shadow_composite_tradeoff_20260819\stress_cache\fake_116__combined_heavy.png	filtered_fake	0.933283	1
C:\My_Project\AIGC\results\research\p1_r8_shadow_composite_tradeoff_20260819\stress_cache\fake_116__eye_enlarging.png	filtered_fake	0.950907	1
C:\My_Project\AIGC\results\research\p1_r8_shadow_composite_tradeoff_20260819\stress_cache\fake_116__face_reshaping.png	filtered_fake	0.950830	1
C:\My_Project\AIGC\results\research\p1_r8_shadow_composite_tradeoff_20260819\stress_cache\fake_117__smoothing_light.png	filtered_fake	0.905548	1
C:\My_Project\AIGC\results\research\p1_r8_shadow_composite_tradeoff_20260819\stress_cache\fake_117__smoothing_medium.png	filtered_fake	0.925572	1
C:\My_Project\AIGC\results\research\p1_r8_shadow_composite_tradeoff_20260819\stress_cache\fake_117__smoothing_heavy.png	filtered_fake	0.929542	1
C:\My_Project\AIGC\results\research\p1_r8_shadow_composite_tradeoff_20260819\stress_cache\fake_117__whitening_medium.png	filtered_fake	0.944630	1
C:\My_Project\AIGC\results\research\p1_r8_shadow_composite_tradeoff_20260819\stress_cache\fake_117__combined_medium.png	filtered_fake	0.922751	1
C:\My_Project\AIGC\results\research\p1_r8_shadow_composite_tradeoff_20260819\stress_cache\fake_117__combined_heavy.png	filtered_fake	0.924382	1
C:\My_Project\AIGC\results\research\p1_r8_shadow_composite_tradeoff_20260819\stress_cache\fake_117__eye_enlarging.png	filtered_fake	0.943627	1
C:\My_Project\AIGC\results\research\p1_r8_shadow_composite_tradeoff_20260819\stress_cache\fake_117__face_reshaping.png	filtered_fake	0.950391	1
C:\My_Project\AIGC\results\research\p1_r8_shadow_composite_tradeoff_20260819\stress_cache\fake_118__smoothing_light.png	filtered_fake	0.905959	1
C:\My_Project\AIGC\results\research\p1_r8_shadow_composite_tradeoff_20260819\stress_cache\fake_118__smoothing_medium.png	filtered_fake	0.948817	1
C:\My_Project\AIGC\results\research\p1_r8_shadow_composite_tradeoff_20260819\stress_cache\fake_118__smoothing_heavy.png	filtered_fake	0.939384	1
C:\My_Project\AIGC\results\research\p1_r8_shadow_composite_tradeoff_20260819\stress_cache\fake_118__whitening_medium.png	filtered_fake	0.887041	1
C:\My_Project\AIGC\results\research\p1_r8_shadow_composite_tradeoff_20260819\stress_cache\fake_118__combined_medium.png	filtered_fake	0.943837	1
C:\My_Project\AIGC\results\research\p1_r8_shadow_composite_tradeoff_20260819\stress_cache\fake_118__combined_heavy.png	filtered_fake	0.934492	1
C:\My_Project\AIGC\results\research\p1_r8_shadow_composite_tradeoff_20260819\stress_cache\fake_118__eye_enlarging.png	filtered_fake	0.912395	1
C:\My_Project\AIGC\results\research\p1_r8_shadow_composite_tradeoff_20260819\stress_cache\fake_118__face_reshaping.png	filtered_fake	0.917510	1
C:\My_Project\AIGC\results\research\p1_r8_shadow_composite_tradeoff_20260819\stress_cache\fake_119__smoothing_light.png	filtered_fake	0.938174	1
C:\My_Project\AIGC\results\research\p1_r8_shadow_composite_tradeoff_20260819\stress_cache\fake_119__smoothing_medium.png	filtered_fake	0.951007	1
C:\My_Project\AIGC\results\research\p1_r8_shadow_composite_tradeoff_20260819\stress_cache\fake_119__smoothing_heavy.png	filtered_fake	0.946312	1
C:\My_Project\AIGC\results\research\p1_r8_shadow_composite_tradeoff_20260819\stress_cache\fake_119__whitening_medium.png	filtered_fake	0.214949	0
C:\My_Project\AIGC\results\research\p1_r8_shadow_composite_tradeoff_20260819\stress_cache\fake_119__combined_medium.png	filtered_fake	0.951676	1
C:\My_Project\AIGC\results\research\p1_r8_shadow_composite_tradeoff_20260819\stress_cache\fake_119__combined_heavy.png	filtered_fake	0.951332	1
C:\My_Project\AIGC\results\research\p1_r8_shadow_composite_tradeoff_20260819\stress_cache\fake_119__eye_enlarging.png	filtered_fake	0.133966	0
C:\My_Project\AIGC\results\research\p1_r8_shadow_composite_tradeoff_20260819\stress_cache\fake_119__face_reshaping.png	filtered_fake	0.084917	0
C:\My_Project\AIGC\results\research\p1_r8_shadow_composite_tradeoff_20260819\stress_cache\fake_120__smoothing_light.png	filtered_fake	0.940645	1
C:\My_Project\AIGC\results\research\p1_r8_shadow_composite_tradeoff_20260819\stress_cache\fake_120__smoothing_medium.png	filtered_fake	0.951167	1
C:\My_Project\AIGC\results\research\p1_r8_shadow_composite_tradeoff_20260819\stress_cache\fake_120__smoothing_heavy.png	filtered_fake	0.910271	1
C:\My_Project\AIGC\results\research\p1_r8_shadow_composite_tradeoff_20260819\stress_cache\fake_120__whitening_medium.png	filtered_fake	0.369329	0
C:\My_Project\AIGC\results\research\p1_r8_shadow_composite_tradeoff_20260819\stress_cache\fake_120__combined_medium.png	filtered_fake	0.945991	1
C:\My_Project\AIGC\results\research\p1_r8_shadow_composite_tradeoff_20260819\stress_cache\fake_120__combined_heavy.png	filtered_fake	0.905331	1
C:\My_Project\AIGC\results\research\p1_r8_shadow_composite_tradeoff_20260819\stress_cache\fake_120__eye_enlarging.png	filtered_fake	0.547469	1
C:\My_Project\AIGC\results\research\p1_r8_shadow_composite_tradeoff_20260819\stress_cache\fake_120__face_reshaping.png	filtered_fake	0.182822	0
C:\My_Project\AIGC\results\research\p1_r8_shadow_composite_tradeoff_20260819\stress_cache\fake_121__whitening_medium.png	filtered_fake	0.076969	0
C:\My_Project\AIGC\results\research\p1_r8_shadow_composite_tradeoff_20260819\stress_cache\fake_122__smoothing_light.png	filtered_fake	0.932816	1
C:\My_Project\AIGC\results\research\p1_r8_shadow_composite_tradeoff_20260819\stress_cache\fake_122__smoothing_medium.png	filtered_fake	0.950206	1
C:\My_Project\AIGC\results\research\p1_r8_shadow_composite_tradeoff_20260819\stress_cache\fake_122__smoothing_heavy.png	filtered_fake	0.938993	1
C:\My_Project\AIGC\results\research\p1_r8_shadow_composite_tradeoff_20260819\stress_cache\fake_122__whitening_medium.png	filtered_fake	0.946374	1
C:\My_Project\AIGC\results\research\p1_r8_shadow_composite_tradeoff_20260819\stress_cache\fake_122__combined_medium.png	filtered_fake	0.947905	1
C:\My_Project\AIGC\results\research\p1_r8_shadow_composite_tradeoff_20260819\stress_cache\fake_122__combined_heavy.png	filtered_fake	0.932083	1
C:\My_Project\AIGC\results\research\p1_r8_shadow_composite_tradeoff_20260819\stress_cache\fake_122__eye_enlarging.png	filtered_fake	0.950162	1
C:\My_Project\AIGC\results\research\p1_r8_shadow_composite_tradeoff_20260819\stress_cache\fake_122__face_reshaping.png	filtered_fake	0.940470	1
C:\My_Project\AIGC\results\research\p1_r8_shadow_composite_tradeoff_20260819\stress_cache\fake_123__smoothing_light.png	filtered_fake	0.748240	1
C:\My_Project\AIGC\results\research\p1_r8_shadow_composite_tradeoff_20260819\stress_cache\fake_123__smoothing_medium.png	filtered_fake	0.948319	1
C:\My_Project\AIGC\results\research\p1_r8_shadow_composite_tradeoff_20260819\stress_cache\fake_123__smoothing_heavy.png	filtered_fake	0.940301	1
C:\My_Project\AIGC\results\research\p1_r8_shadow_composite_tradeoff_20260819\stress_cache\fake_123__whitening_medium.png	filtered_fake	0.144095	0
C:\My_Project\AIGC\results\research\p1_r8_shadow_composite_tradeoff_20260819\stress_cache\fake_123__combined_medium.png	filtered_fake	0.937502	1
C:\My_Project\AIGC\results\research\p1_r8_shadow_composite_tradeoff_20260819\stress_cache\fake_123__combined_heavy.png	filtered_fake	0.929307	1
C:\My_Project\AIGC\results\research\p1_r8_shadow_composite_tradeoff_20260819\stress_cache\fake_123__eye_enlarging.png	filtered_fake	0.051224	0
C:\My_Project\AIGC\results\research\p1_r8_shadow_composite_tradeoff_20260819\stress_cache\fake_123__face_reshaping.png	filtered_fake	0.039017	0
C:\My_Project\AIGC\results\research\p1_r8_shadow_composite_tradeoff_20260819\stress_cache\fake_124__smoothing_light.png	filtered_fake	0.856401	1
C:\My_Project\AIGC\results\research\p1_r8_shadow_composite_tradeoff_20260819\stress_cache\fake_124__smoothing_medium.png	filtered_fake	0.919620	1
C:\My_Project\AIGC\results\research\p1_r8_shadow_composite_tradeoff_20260819\stress_cache\fake_124__smoothing_heavy.png	filtered_fake	0.911644	1
C:\My_Project\AIGC\results\research\p1_r8_shadow_composite_tradeoff_20260819\stress_cache\fake_124__whitening_medium.png	filtered_fake	0.903915	1
C:\My_Project\AIGC\results\research\p1_r8_shadow_composite_tradeoff_20260819\stress_cache\fake_124__combined_medium.png	filtered_fake	0.914565	1
C:\My_Project\AIGC\results\research\p1_r8_shadow_composite_tradeoff_20260819\stress_cache\fake_124__combined_heavy.png	filtered_fake	0.926016	1
C:\My_Project\AIGC\results\research\p1_r8_shadow_composite_tradeoff_20260819\stress_cache\fake_124__eye_enlarging.png	filtered_fake	0.911678	1
C:\My_Project\AIGC\results\research\p1_r8_shadow_composite_tradeoff_20260819\stress_cache\fake_124__face_reshaping.png	filtered_fake	0.925675	1
C:\My_Project\AIGC\results\research\p1_r8_shadow_composite_tradeoff_20260819\stress_cache\fake_125__smoothing_light.png	filtered_fake	0.787876	1
C:\My_Project\AIGC\results\research\p1_r8_shadow_composite_tradeoff_20260819\stress_cache\fake_125__smoothing_medium.png	filtered_fake	0.917012	1
C:\My_Project\AIGC\results\research\p1_r8_shadow_composite_tradeoff_20260819\stress_cache\fake_125__smoothing_heavy.png	filtered_fake	0.899181	1
C:\My_Project\AIGC\results\research\p1_r8_shadow_composite_tradeoff_20260819\stress_cache\fake_125__whitening_medium.png	filtered_fake	0.892062	1
C:\My_Project\AIGC\results\research\p1_r8_shadow_composite_tradeoff_20260819\stress_cache\fake_125__combined_medium.png	filtered_fake	0.878406	1
C:\My_Project\AIGC\results\research\p1_r8_shadow_composite_tradeoff_20260819\stress_cache\fake_125__combined_heavy.png	filtered_fake	0.902308	1
C:\My_Project\AIGC\results\research\p1_r8_shadow_composite_tradeoff_20260819\stress_cache\fake_125__eye_enlarging.png	filtered_fake	0.682894	1
C:\My_Project\AIGC\results\research\p1_r8_shadow_composite_tradeoff_20260819\stress_cache\fake_125__face_reshaping.png	filtered_fake	0.873080	1
C:\My_Project\AIGC\results\research\p1_r8_shadow_composite_tradeoff_20260819\stress_cache\fake_126__smoothing_light.png	filtered_fake	0.901844	1
C:\My_Project\AIGC\results\research\p1_r8_shadow_composite_tradeoff_20260819\stress_cache\fake_126__smoothing_medium.png	filtered_fake	0.921067	1
C:\My_Project\AIGC\results\research\p1_r8_shadow_composite_tradeoff_20260819\stress_cache\fake_126__smoothing_heavy.png	filtered_fake	0.901238	1
C:\My_Project\AIGC\results\research\p1_r8_shadow_composite_tradeoff_20260819\stress_cache\fake_126__whitening_medium.png	filtered_fake	0.613909	1
C:\My_Project\AIGC\results\research\p1_r8_shadow_composite_tradeoff_20260819\stress_cache\fake_126__combined_medium.png	filtered_fake	0.930362	1
C:\My_Project\AIGC\results\research\p1_r8_shadow_composite_tradeoff_20260819\stress_cache\fake_126__combined_heavy.png	filtered_fake	0.931609	1
C:\My_Project\AIGC\results\research\p1_r8_shadow_composite_tradeoff_20260819\stress_cache\fake_126__eye_enlarging.png	filtered_fake	0.387994	0
C:\My_Project\AIGC\results\research\p1_r8_shadow_composite_tradeoff_20260819\stress_cache\fake_126__face_reshaping.png	filtered_fake	0.160356	0
C:\My_Project\AIGC\results\research\p1_r8_shadow_composite_tradeoff_20260819\stress_cache\fake_127__smoothing_light.png	filtered_fake	0.937898	1
C:\My_Project\AIGC\results\research\p1_r8_shadow_composite_tradeoff_20260819\stress_cache\fake_127__smoothing_medium.png	filtered_fake	0.943206	1
C:\My_Project\AIGC\results\research\p1_r8_shadow_composite_tradeoff_20260819\stress_cache\fake_127__smoothing_heavy.png	filtered_fake	0.941523	1
C:\My_Project\AIGC\results\research\p1_r8_shadow_composite_tradeoff_20260819\stress_cache\fake_127__whitening_medium.png	filtered_fake	0.873295	1
C:\My_Project\AIGC\results\research\p1_r8_shadow_composite_tradeoff_20260819\stress_cache\fake_127__combined_medium.png	filtered_fake	0.947068	1
C:\My_Project\AIGC\results\research\p1_r8_shadow_composite_tradeoff_20260819\stress_cache\fake_127__combined_heavy.png	filtered_fake	0.943470	1
C:\My_Project\AIGC\results\research\p1_r8_shadow_composite_tradeoff_20260819\stress_cache\fake_127__eye_enlarging.png	filtered_fake	0.756616	1
C:\My_Project\AIGC\results\research\p1_r8_shadow_composite_tradeoff_20260819\stress_cache\fake_127__face_reshaping.png	filtered_fake	0.869839	1
C:\My_Project\AIGC\results\research\p1_r8_shadow_composite_tradeoff_20260819\stress_cache\fake_128__smoothing_light.png	filtered_fake	0.925419	1
C:\My_Project\AIGC\results\research\p1_r8_shadow_composite_tradeoff_20260819\stress_cache\fake_128__smoothing_medium.png	filtered_fake	0.938799	1
C:\My_Project\AIGC\results\research\p1_r8_shadow_composite_tradeoff_20260819\stress_cache\fake_128__smoothing_heavy.png	filtered_fake	0.931533	1
C:\My_Project\AIGC\results\research\p1_r8_shadow_composite_tradeoff_20260819\stress_cache\fake_128__whitening_medium.png	filtered_fake	0.211457	0
C:\My_Project\AIGC\results\research\p1_r8_shadow_composite_tradeoff_20260819\stress_cache\fake_128__combined_medium.png	filtered_fake	0.942157	1
C:\My_Project\AIGC\results\research\p1_r8_shadow_composite_tradeoff_20260819\stress_cache\fake_128__combined_heavy.png	filtered_fake	0.933799	1
C:\My_Project\AIGC\results\research\p1_r8_shadow_composite_tradeoff_20260819\stress_cache\fake_128__eye_enlarging.png	filtered_fake	0.849249	1
C:\My_Project\AIGC\results\research\p1_r8_shadow_composite_tradeoff_20260819\stress_cache\fake_128__face_reshaping.png	filtered_fake	0.952598	1
C:\My_Project\AIGC\results\research\p1_r8_shadow_composite_tradeoff_20260819\stress_cache\fake_129__smoothing_light.png	filtered_fake	0.932006	1
C:\My_Project\AIGC\results\research\p1_r8_shadow_composite_tradeoff_20260819\stress_cache\fake_129__smoothing_medium.png	filtered_fake	0.934978	1
C:\My_Project\AIGC\results\research\p1_r8_shadow_composite_tradeoff_20260819\stress_cache\fake_129__smoothing_heavy.png	filtered_fake	0.930499	1
C:\My_Project\AIGC\results\research\p1_r8_shadow_composite_tradeoff_20260819\stress_cache\fake_129__whitening_medium.png	filtered_fake	0.311490	0
C:\My_Project\AIGC\results\research\p1_r8_shadow_composite_tradeoff_20260819\stress_cache\fake_129__combined_medium.png	filtered_fake	0.936576	1
C:\My_Project\AIGC\results\research\p1_r8_shadow_composite_tradeoff_20260819\stress_cache\fake_129__combined_heavy.png	filtered_fake	0.921894	1
C:\My_Project\AIGC\results\research\p1_r8_shadow_composite_tradeoff_20260819\stress_cache\fake_129__eye_enlarging.png	filtered_fake	0.873043	1
C:\My_Project\AIGC\results\research\p1_r8_shadow_composite_tradeoff_20260819\stress_cache\fake_129__face_reshaping.png	filtered_fake	0.628754	1
C:\My_Project\AIGC\results\research\p1_r8_shadow_composite_tradeoff_20260819\stress_cache\fake_130__smoothing_light.png	filtered_fake	0.943198	1
C:\My_Project\AIGC\results\research\p1_r8_shadow_composite_tradeoff_20260819\stress_cache\fake_130__smoothing_medium.png	filtered_fake	0.934033	1
C:\My_Project\AIGC\results\research\p1_r8_shadow_composite_tradeoff_20260819\stress_cache\fake_130__smoothing_heavy.png	filtered_fake	0.931434	1
C:\My_Project\AIGC\results\research\p1_r8_shadow_composite_tradeoff_20260819\stress_cache\fake_130__whitening_medium.png	filtered_fake	0.949682	1
C:\My_Project\AIGC\results\research\p1_r8_shadow_composite_tradeoff_20260819\stress_cache\fake_130__combined_medium.png	filtered_fake	0.941951	1
C:\My_Project\AIGC\results\research\p1_r8_shadow_composite_tradeoff_20260819\stress_cache\fake_130__combined_heavy.png	filtered_fake	0.929143	1
C:\My_Project\AIGC\results\research\p1_r8_shadow_composite_tradeoff_20260819\stress_cache\fake_130__eye_enlarging.png	filtered_fake	0.951270	1
C:\My_Project\AIGC\results\research\p1_r8_shadow_composite_tradeoff_20260819\stress_cache\fake_130__face_reshaping.png	filtered_fake	0.928038	1
C:\My_Project\AIGC\results\research\p1_r8_shadow_composite_tradeoff_20260819\stress_cache\fake_131__smoothing_light.png	filtered_fake	0.935419	1
C:\My_Project\AIGC\results\research\p1_r8_shadow_composite_tradeoff_20260819\stress_cache\fake_131__smoothing_medium.png	filtered_fake	0.944690	1
C:\My_Project\AIGC\results\research\p1_r8_shadow_composite_tradeoff_20260819\stress_cache\fake_131__smoothing_heavy.png	filtered_fake	0.938478	1
C:\My_Project\AIGC\results\research\p1_r8_shadow_composite_tradeoff_20260819\stress_cache\fake_131__whitening_medium.png	filtered_fake	0.900398	1
C:\My_Project\AIGC\results\research\p1_r8_shadow_composite_tradeoff_20260819\stress_cache\fake_131__combined_medium.png	filtered_fake	0.940407	1
C:\My_Project\AIGC\results\research\p1_r8_shadow_composite_tradeoff_20260819\stress_cache\fake_131__combined_heavy.png	filtered_fake	0.940900	1
C:\My_Project\AIGC\results\research\p1_r8_shadow_composite_tradeoff_20260819\stress_cache\fake_131__eye_enlarging.png	filtered_fake	0.954973	1
C:\My_Project\AIGC\results\research\p1_r8_shadow_composite_tradeoff_20260819\stress_cache\fake_131__face_reshaping.png	filtered_fake	0.953080	1
C:\My_Project\AIGC\results\research\p1_r8_shadow_composite_tradeoff_20260819\stress_cache\fake_132__smoothing_light.png	filtered_fake	0.434157	0
C:\My_Project\AIGC\results\research\p1_r8_shadow_composite_tradeoff_20260819\stress_cache\fake_132__smoothing_medium.png	filtered_fake	0.375478	0
C:\My_Project\AIGC\results\research\p1_r8_shadow_composite_tradeoff_20260819\stress_cache\fake_132__smoothing_heavy.png	filtered_fake	0.040757	0
C:\My_Project\AIGC\results\research\p1_r8_shadow_composite_tradeoff_20260819\stress_cache\fake_132__whitening_medium.png	filtered_fake	0.243704	0
C:\My_Project\AIGC\results\research\p1_r8_shadow_composite_tradeoff_20260819\stress_cache\fake_132__combined_medium.png	filtered_fake	0.249819	0
C:\My_Project\AIGC\results\research\p1_r8_shadow_composite_tradeoff_20260819\stress_cache\fake_132__combined_heavy.png	filtered_fake	0.059435	0
C:\My_Project\AIGC\results\research\p1_r8_shadow_composite_tradeoff_20260819\stress_cache\fake_132__eye_enlarging.png	filtered_fake	0.137311	0
C:\My_Project\AIGC\results\research\p1_r8_shadow_composite_tradeoff_20260819\stress_cache\fake_132__face_reshaping.png	filtered_fake	0.097124	0
C:\My_Project\AIGC\results\research\p1_r8_shadow_composite_tradeoff_20260819\stress_cache\fake_133__smoothing_light.png	filtered_fake	0.489640	1
C:\My_Project\AIGC\results\research\p1_r8_shadow_composite_tradeoff_20260819\stress_cache\fake_133__smoothing_medium.png	filtered_fake	0.806692	1
C:\My_Project\AIGC\results\research\p1_r8_shadow_composite_tradeoff_20260819\stress_cache\fake_133__smoothing_heavy.png	filtered_fake	0.691756	1
C:\My_Project\AIGC\results\research\p1_r8_shadow_composite_tradeoff_20260819\stress_cache\fake_133__whitening_medium.png	filtered_fake	0.036678	0
C:\My_Project\AIGC\results\research\p1_r8_shadow_composite_tradeoff_20260819\stress_cache\fake_133__combined_medium.png	filtered_fake	0.655526	1
C:\My_Project\AIGC\results\research\p1_r8_shadow_composite_tradeoff_20260819\stress_cache\fake_133__combined_heavy.png	filtered_fake	0.401472	0
C:\My_Project\AIGC\results\research\p1_r8_shadow_composite_tradeoff_20260819\stress_cache\fake_133__eye_enlarging.png	filtered_fake	0.600583	1
C:\My_Project\AIGC\results\research\p1_r8_shadow_composite_tradeoff_20260819\stress_cache\fake_133__face_reshaping.png	filtered_fake	0.142320	0
C:\My_Project\AIGC\results\research\p1_r8_shadow_composite_tradeoff_20260819\stress_cache\fake_134__smoothing_light.png	filtered_fake	0.865349	1
C:\My_Project\AIGC\results\research\p1_r8_shadow_composite_tradeoff_20260819\stress_cache\fake_134__smoothing_medium.png	filtered_fake	0.815975	1
C:\My_Project\AIGC\results\research\p1_r8_shadow_composite_tradeoff_20260819\stress_cache\fake_134__smoothing_heavy.png	filtered_fake	0.755852	1
C:\My_Project\AIGC\results\research\p1_r8_shadow_composite_tradeoff_20260819\stress_cache\fake_134__whitening_medium.png	filtered_fake	0.948365	1
C:\My_Project\AIGC\results\research\p1_r8_shadow_composite_tradeoff_20260819\stress_cache\fake_134__combined_medium.png	filtered_fake	0.879596	1
C:\My_Project\AIGC\results\research\p1_r8_shadow_composite_tradeoff_20260819\stress_cache\fake_134__combined_heavy.png	filtered_fake	0.331570	0
C:\My_Project\AIGC\results\research\p1_r8_shadow_composite_tradeoff_20260819\stress_cache\fake_134__eye_enlarging.png	filtered_fake	0.928582	1
C:\My_Project\AIGC\results\research\p1_r8_shadow_composite_tradeoff_20260819\stress_cache\fake_134__face_reshaping.png	filtered_fake	0.947921	1
C:\My_Project\AIGC\results\research\p1_r8_shadow_composite_tradeoff_20260819\stress_cache\fake_135__smoothing_light.png	filtered_fake	0.399708	0
C:\My_Project\AIGC\results\research\p1_r8_shadow_composite_tradeoff_20260819\stress_cache\fake_135__smoothing_medium.png	filtered_fake	0.393612	0
C:\My_Project\AIGC\results\research\p1_r8_shadow_composite_tradeoff_20260819\stress_cache\fake_135__smoothing_heavy.png	filtered_fake	0.472670	0
C:\My_Project\AIGC\results\research\p1_r8_shadow_composite_tradeoff_20260819\stress_cache\fake_135__whitening_medium.png	filtered_fake	0.605124	1
C:\My_Project\AIGC\results\research\p1_r8_shadow_composite_tradeoff_20260819\stress_cache\fake_135__combined_medium.png	filtered_fake	0.764058	1
C:\My_Project\AIGC\results\research\p1_r8_shadow_composite_tradeoff_20260819\stress_cache\fake_135__combined_heavy.png	filtered_fake	0.662566	1
C:\My_Project\AIGC\results\research\p1_r8_shadow_composite_tradeoff_20260819\stress_cache\fake_135__eye_enlarging.png	filtered_fake	0.830925	1
C:\My_Project\AIGC\results\research\p1_r8_shadow_composite_tradeoff_20260819\stress_cache\fake_135__face_reshaping.png	filtered_fake	0.530184	1
C:\My_Project\AIGC\results\research\p1_r8_shadow_composite_tradeoff_20260819\stress_cache\fake_136__smoothing_light.png	filtered_fake	0.926642	1
C:\My_Project\AIGC\results\research\p1_r8_shadow_composite_tradeoff_20260819\stress_cache\fake_136__smoothing_medium.png	filtered_fake	0.945376	1
C:\My_Project\AIGC\results\research\p1_r8_shadow_composite_tradeoff_20260819\stress_cache\fake_136__smoothing_heavy.png	filtered_fake	0.931548	1
C:\My_Project\AIGC\results\research\p1_r8_shadow_composite_tradeoff_20260819\stress_cache\fake_136__whitening_medium.png	filtered_fake	0.915590	1
C:\My_Project\AIGC\results\research\p1_r8_shadow_composite_tradeoff_20260819\stress_cache\fake_136__combined_medium.png	filtered_fake	0.951429	1
C:\My_Project\AIGC\results\research\p1_r8_shadow_composite_tradeoff_20260819\stress_cache\fake_136__combined_heavy.png	filtered_fake	0.949061	1
C:\My_Project\AIGC\results\research\p1_r8_shadow_composite_tradeoff_20260819\stress_cache\fake_136__eye_enlarging.png	filtered_fake	0.899719	1
C:\My_Project\AIGC\results\research\p1_r8_shadow_composite_tradeoff_20260819\stress_cache\fake_136__face_reshaping.png	filtered_fake	0.890992	1
C:\My_Project\AIGC\results\research\p1_r8_shadow_composite_tradeoff_20260819\stress_cache\fake_137__smoothing_light.png	filtered_fake	0.918731	1
C:\My_Project\AIGC\results\research\p1_r8_shadow_composite_tradeoff_20260819\stress_cache\fake_137__smoothing_medium.png	filtered_fake	0.944356	1
C:\My_Project\AIGC\results\research\p1_r8_shadow_composite_tradeoff_20260819\stress_cache\fake_137__smoothing_heavy.png	filtered_fake	0.946390	1
C:\My_Project\AIGC\results\research\p1_r8_shadow_composite_tradeoff_20260819\stress_cache\fake_137__whitening_medium.png	filtered_fake	0.929703	1
C:\My_Project\AIGC\results\research\p1_r8_shadow_composite_tradeoff_20260819\stress_cache\fake_137__combined_medium.png	filtered_fake	0.946414	1
C:\My_Project\AIGC\results\research\p1_r8_shadow_composite_tradeoff_20260819\stress_cache\fake_137__combined_heavy.png	filtered_fake	0.946546	1
C:\My_Project\AIGC\results\research\p1_r8_shadow_composite_tradeoff_20260819\stress_cache\fake_137__eye_enlarging.png	filtered_fake	0.932603	1
C:\My_Project\AIGC\results\research\p1_r8_shadow_composite_tradeoff_20260819\stress_cache\fake_137__face_reshaping.png	filtered_fake	0.896594	1
C:\My_Project\AIGC\results\research\p1_r8_shadow_composite_tradeoff_20260819\stress_cache\fake_138__smoothing_light.png	filtered_fake	0.633475	1
C:\My_Project\AIGC\results\research\p1_r8_shadow_composite_tradeoff_20260819\stress_cache\fake_138__smoothing_medium.png	filtered_fake	0.926598	1
C:\My_Project\AIGC\results\research\p1_r8_shadow_composite_tradeoff_20260819\stress_cache\fake_138__smoothing_heavy.png	filtered_fake	0.904920	1
C:\My_Project\AIGC\results\research\p1_r8_shadow_composite_tradeoff_20260819\stress_cache\fake_138__whitening_medium.png	filtered_fake	0.532606	1
C:\My_Project\AIGC\results\research\p1_r8_shadow_composite_tradeoff_20260819\stress_cache\fake_138__combined_medium.png	filtered_fake	0.909314	1
C:\My_Project\AIGC\results\research\p1_r8_shadow_composite_tradeoff_20260819\stress_cache\fake_138__combined_heavy.png	filtered_fake	0.852034	1
C:\My_Project\AIGC\results\research\p1_r8_shadow_composite_tradeoff_20260819\stress_cache\fake_138__eye_enlarging.png	filtered_fake	0.828525	1
C:\My_Project\AIGC\results\research\p1_r8_shadow_composite_tradeoff_20260819\stress_cache\fake_138__face_reshaping.png	filtered_fake	0.873858	1
C:\My_Project\AIGC\results\research\p1_r8_shadow_composite_tradeoff_20260819\stress_cache\fake_139__smoothing_light.png	filtered_fake	0.896234	1
C:\My_Project\AIGC\results\research\p1_r8_shadow_composite_tradeoff_20260819\stress_cache\fake_139__smoothing_medium.png	filtered_fake	0.925247	1
C:\My_Project\AIGC\results\research\p1_r8_shadow_composite_tradeoff_20260819\stress_cache\fake_139__smoothing_heavy.png	filtered_fake	0.910645	1
C:\My_Project\AIGC\results\research\p1_r8_shadow_composite_tradeoff_20260819\stress_cache\fake_139__whitening_medium.png	filtered_fake	0.077059	0
C:\My_Project\AIGC\results\research\p1_r8_shadow_composite_tradeoff_20260819\stress_cache\fake_139__combined_medium.png	filtered_fake	0.929169	1
C:\My_Project\AIGC\results\research\p1_r8_shadow_composite_tradeoff_20260819\stress_cache\fake_139__combined_heavy.png	filtered_fake	0.893058	1
C:\My_Project\AIGC\results\research\p1_r8_shadow_composite_tradeoff_20260819\stress_cache\fake_139__eye_enlarging.png	filtered_fake	0.105348	0
C:\My_Project\AIGC\results\research\p1_r8_shadow_composite_tradeoff_20260819\stress_cache\fake_139__face_reshaping.png	filtered_fake	0.296858	0
C:\My_Project\AIGC\results\research\p1_r8_shadow_composite_tradeoff_20260819\stress_cache\fake_140__smoothing_light.png	filtered_fake	0.930729	1
C:\My_Project\AIGC\results\research\p1_r8_shadow_composite_tradeoff_20260819\stress_cache\fake_140__smoothing_medium.png	filtered_fake	0.938743	1
C:\My_Project\AIGC\results\research\p1_r8_shadow_composite_tradeoff_20260819\stress_cache\fake_140__smoothing_heavy.png	filtered_fake	0.932434	1
C:\My_Project\AIGC\results\research\p1_r8_shadow_composite_tradeoff_20260819\stress_cache\fake_140__whitening_medium.png	filtered_fake	0.085802	0
C:\My_Project\AIGC\results\research\p1_r8_shadow_composite_tradeoff_20260819\stress_cache\fake_140__combined_medium.png	filtered_fake	0.942713	1
C:\My_Project\AIGC\results\research\p1_r8_shadow_composite_tradeoff_20260819\stress_cache\fake_140__combined_heavy.png	filtered_fake	0.940739	1
C:\My_Project\AIGC\results\research\p1_r8_shadow_composite_tradeoff_20260819\stress_cache\fake_140__eye_enlarging.png	filtered_fake	0.611378	1
C:\My_Project\AIGC\results\research\p1_r8_shadow_composite_tradeoff_20260819\stress_cache\fake_140__face_reshaping.png	filtered_fake	0.610288	1
C:\My_Project\AIGC\results\research\p1_r8_shadow_composite_tradeoff_20260819\stress_cache\fake_141__smoothing_light.png	filtered_fake	0.938187	1
C:\My_Project\AIGC\results\research\p1_r8_shadow_composite_tradeoff_20260819\stress_cache\fake_141__smoothing_medium.png	filtered_fake	0.935314	1
C:\My_Project\AIGC\results\research\p1_r8_shadow_composite_tradeoff_20260819\stress_cache\fake_141__smoothing_heavy.png	filtered_fake	0.926459	1
C:\My_Project\AIGC\results\research\p1_r8_shadow_composite_tradeoff_20260819\stress_cache\fake_141__whitening_medium.png	filtered_fake	0.362191	0
C:\My_Project\AIGC\results\research\p1_r8_shadow_composite_tradeoff_20260819\stress_cache\fake_141__combined_medium.png	filtered_fake	0.934062	1
C:\My_Project\AIGC\results\research\p1_r8_shadow_composite_tradeoff_20260819\stress_cache\fake_141__combined_heavy.png	filtered_fake	0.932039	1
C:\My_Project\AIGC\results\research\p1_r8_shadow_composite_tradeoff_20260819\stress_cache\fake_141__eye_enlarging.png	filtered_fake	0.607387	1
C:\My_Project\AIGC\results\research\p1_r8_shadow_composite_tradeoff_20260819\stress_cache\fake_141__face_reshaping.png	filtered_fake	0.820798	1
C:\My_Project\AIGC\results\research\p1_r8_shadow_composite_tradeoff_20260819\stress_cache\fake_142__smoothing_light.png	filtered_fake	0.930869	1
C:\My_Project\AIGC\results\research\p1_r8_shadow_composite_tradeoff_20260819\stress_cache\fake_142__smoothing_medium.png	filtered_fake	0.933834	1
C:\My_Project\AIGC\results\research\p1_r8_shadow_composite_tradeoff_20260819\stress_cache\fake_142__smoothing_heavy.png	filtered_fake	0.869078	1
C:\My_Project\AIGC\results\research\p1_r8_shadow_composite_tradeoff_20260819\stress_cache\fake_142__whitening_medium.png	filtered_fake	0.166915	0
C:\My_Project\AIGC\results\research\p1_r8_shadow_composite_tradeoff_20260819\stress_cache\fake_142__combined_medium.png	filtered_fake	0.918863	1
C:\My_Project\AIGC\results\research\p1_r8_shadow_composite_tradeoff_20260819\stress_cache\fake_142__combined_heavy.png	filtered_fake	0.861573	1
C:\My_Project\AIGC\results\research\p1_r8_shadow_composite_tradeoff_20260819\stress_cache\fake_142__eye_enlarging.png	filtered_fake	0.093171	0
C:\My_Project\AIGC\results\research\p1_r8_shadow_composite_tradeoff_20260819\stress_cache\fake_142__face_reshaping.png	filtered_fake	0.545296	1
C:\My_Project\AIGC\results\research\p1_r8_shadow_composite_tradeoff_20260819\stress_cache\fake_143__smoothing_light.png	filtered_fake	0.770023	1
C:\My_Project\AIGC\results\research\p1_r8_shadow_composite_tradeoff_20260819\stress_cache\fake_143__smoothing_medium.png	filtered_fake	0.941519	1
C:\My_Project\AIGC\results\research\p1_r8_shadow_composite_tradeoff_20260819\stress_cache\fake_143__smoothing_heavy.png	filtered_fake	0.906776	1
C:\My_Project\AIGC\results\research\p1_r8_shadow_composite_tradeoff_20260819\stress_cache\fake_143__whitening_medium.png	filtered_fake	0.191913	0
C:\My_Project\AIGC\results\research\p1_r8_shadow_composite_tradeoff_20260819\stress_cache\fake_143__combined_medium.png	filtered_fake	0.945558	1
C:\My_Project\AIGC\results\research\p1_r8_shadow_composite_tradeoff_20260819\stress_cache\fake_143__combined_heavy.png	filtered_fake	0.911843	1
C:\My_Project\AIGC\results\research\p1_r8_shadow_composite_tradeoff_20260819\stress_cache\fake_143__eye_enlarging.png	filtered_fake	0.623555	1
C:\My_Project\AIGC\results\research\p1_r8_shadow_composite_tradeoff_20260819\stress_cache\fake_143__face_reshaping.png	filtered_fake	0.898718	1
C:\My_Project\AIGC\results\research\p1_r8_shadow_composite_tradeoff_20260819\stress_cache\fake_144__smoothing_light.png	filtered_fake	0.895079	1
C:\My_Project\AIGC\results\research\p1_r8_shadow_composite_tradeoff_20260819\stress_cache\fake_144__smoothing_medium.png	filtered_fake	0.937954	1
C:\My_Project\AIGC\results\research\p1_r8_shadow_composite_tradeoff_20260819\stress_cache\fake_144__smoothing_heavy.png	filtered_fake	0.930139	1
C:\My_Project\AIGC\results\research\p1_r8_shadow_composite_tradeoff_20260819\stress_cache\fake_144__whitening_medium.png	filtered_fake	0.073067	0
C:\My_Project\AIGC\results\research\p1_r8_shadow_composite_tradeoff_20260819\stress_cache\fake_144__combined_medium.png	filtered_fake	0.936954	1
C:\My_Project\AIGC\results\research\p1_r8_shadow_composite_tradeoff_20260819\stress_cache\fake_144__combined_heavy.png	filtered_fake	0.946664	1
C:\My_Project\AIGC\results\research\p1_r8_shadow_composite_tradeoff_20260819\stress_cache\fake_144__eye_enlarging.png	filtered_fake	0.218234	0
C:\My_Project\AIGC\results\research\p1_r8_shadow_composite_tradeoff_20260819\stress_cache\fake_144__face_reshaping.png	filtered_fake	0.074317	0
C:\My_Project\AIGC\results\research\p1_r8_shadow_composite_tradeoff_20260819\stress_cache\fake_145__smoothing_light.png	filtered_fake	0.317385	0
C:\My_Project\AIGC\results\research\p1_r8_shadow_composite_tradeoff_20260819\stress_cache\fake_145__smoothing_medium.png	filtered_fake	0.886218	1
C:\My_Project\AIGC\results\research\p1_r8_shadow_composite_tradeoff_20260819\stress_cache\fake_145__smoothing_heavy.png	filtered_fake	0.816332	1
C:\My_Project\AIGC\results\research\p1_r8_shadow_composite_tradeoff_20260819\stress_cache\fake_145__whitening_medium.png	filtered_fake	0.111396	0
C:\My_Project\AIGC\results\research\p1_r8_shadow_composite_tradeoff_20260819\stress_cache\fake_145__combined_medium.png	filtered_fake	0.785809	1
C:\My_Project\AIGC\results\research\p1_r8_shadow_composite_tradeoff_20260819\stress_cache\fake_145__combined_heavy.png	filtered_fake	0.447834	0
C:\My_Project\AIGC\results\research\p1_r8_shadow_composite_tradeoff_20260819\stress_cache\fake_145__eye_enlarging.png	filtered_fake	0.187637	0
C:\My_Project\AIGC\results\research\p1_r8_shadow_composite_tradeoff_20260819\stress_cache\fake_145__face_reshaping.png	filtered_fake	0.204578	0
C:\My_Project\AIGC\results\research\p1_r8_shadow_composite_tradeoff_20260819\stress_cache\fake_146__smoothing_light.png	filtered_fake	0.927653	1
C:\My_Project\AIGC\results\research\p1_r8_shadow_composite_tradeoff_20260819\stress_cache\fake_146__smoothing_medium.png	filtered_fake	0.935742	1
C:\My_Project\AIGC\results\research\p1_r8_shadow_composite_tradeoff_20260819\stress_cache\fake_146__smoothing_heavy.png	filtered_fake	0.924506	1
C:\My_Project\AIGC\results\research\p1_r8_shadow_composite_tradeoff_20260819\stress_cache\fake_146__whitening_medium.png	filtered_fake	0.946106	1
C:\My_Project\AIGC\results\research\p1_r8_shadow_composite_tradeoff_20260819\stress_cache\fake_146__combined_medium.png	filtered_fake	0.938076	1
C:\My_Project\AIGC\results\research\p1_r8_shadow_composite_tradeoff_20260819\stress_cache\fake_146__combined_heavy.png	filtered_fake	0.935742	1
C:\My_Project\AIGC\results\research\p1_r8_shadow_composite_tradeoff_20260819\stress_cache\fake_146__eye_enlarging.png	filtered_fake	0.947173	1
C:\My_Project\AIGC\results\research\p1_r8_shadow_composite_tradeoff_20260819\stress_cache\fake_146__face_reshaping.png	filtered_fake	0.944938	1
C:\My_Project\AIGC\results\research\p1_r8_shadow_composite_tradeoff_20260819\stress_cache\fake_147__smoothing_light.png	filtered_fake	0.945007	1
C:\My_Project\AIGC\results\research\p1_r8_shadow_composite_tradeoff_20260819\stress_cache\fake_147__smoothing_medium.png	filtered_fake	0.945125	1
C:\My_Project\AIGC\results\research\p1_r8_shadow_composite_tradeoff_20260819\stress_cache\fake_147__smoothing_heavy.png	filtered_fake	0.939471	1
C:\My_Project\AIGC\results\research\p1_r8_shadow_composite_tradeoff_20260819\stress_cache\fake_147__whitening_medium.png	filtered_fake	0.957155	1
C:\My_Project\AIGC\results\research\p1_r8_shadow_composite_tradeoff_20260819\stress_cache\fake_147__combined_medium.png	filtered_fake	0.946678	1
C:\My_Project\AIGC\results\research\p1_r8_shadow_composite_tradeoff_20260819\stress_cache\fake_147__combined_heavy.png	filtered_fake	0.942081	1
C:\My_Project\AIGC\results\research\p1_r8_shadow_composite_tradeoff_20260819\stress_cache\fake_147__eye_enlarging.png	filtered_fake	0.962816	1
C:\My_Project\AIGC\results\research\p1_r8_shadow_composite_tradeoff_20260819\stress_cache\fake_147__face_reshaping.png	filtered_fake	0.951586	1
C:\My_Project\AIGC\results\research\p1_r8_shadow_composite_tradeoff_20260819\stress_cache\fake_148__smoothing_light.png	filtered_fake	0.908457	1
C:\My_Project\AIGC\results\research\p1_r8_shadow_composite_tradeoff_20260819\stress_cache\fake_148__smoothing_medium.png	filtered_fake	0.944101	1
C:\My_Project\AIGC\results\research\p1_r8_shadow_composite_tradeoff_20260819\stress_cache\fake_148__smoothing_heavy.png	filtered_fake	0.937066	1
C:\My_Project\AIGC\results\research\p1_r8_shadow_composite_tradeoff_20260819\stress_cache\fake_148__whitening_medium.png	filtered_fake	0.895864	1
C:\My_Project\AIGC\results\research\p1_r8_shadow_composite_tradeoff_20260819\stress_cache\fake_148__combined_medium.png	filtered_fake	0.946659	1
C:\My_Project\AIGC\results\research\p1_r8_shadow_composite_tradeoff_20260819\stress_cache\fake_148__combined_heavy.png	filtered_fake	0.936331	1
C:\My_Project\AIGC\results\research\p1_r8_shadow_composite_tradeoff_20260819\stress_cache\fake_148__eye_enlarging.png	filtered_fake	0.875099	1
C:\My_Project\AIGC\results\research\p1_r8_shadow_composite_tradeoff_20260819\stress_cache\fake_148__face_reshaping.png	filtered_fake	0.370945	0
C:\My_Project\AIGC\results\research\p1_r8_shadow_composite_tradeoff_20260819\stress_cache\fake_149__smoothing_light.png	filtered_fake	0.942116	1
C:\My_Project\AIGC\results\research\p1_r8_shadow_composite_tradeoff_20260819\stress_cache\fake_149__smoothing_medium.png	filtered_fake	0.948341	1
C:\My_Project\AIGC\results\research\p1_r8_shadow_composite_tradeoff_20260819\stress_cache\fake_149__smoothing_heavy.png	filtered_fake	0.943326	1
C:\My_Project\AIGC\results\research\p1_r8_shadow_composite_tradeoff_20260819\stress_cache\fake_149__whitening_medium.png	filtered_fake	0.136848	0
C:\My_Project\AIGC\results\research\p1_r8_shadow_composite_tradeoff_20260819\stress_cache\fake_149__combined_medium.png	filtered_fake	0.941240	1
C:\My_Project\AIGC\results\research\p1_r8_shadow_composite_tradeoff_20260819\stress_cache\fake_149__combined_heavy.png	filtered_fake	0.926074	1
C:\My_Project\AIGC\results\research\p1_r8_shadow_composite_tradeoff_20260819\stress_cache\fake_149__eye_enlarging.png	filtered_fake	0.177766	0
C:\My_Project\AIGC\results\research\p1_r8_shadow_composite_tradeoff_20260819\stress_cache\fake_149__face_reshaping.png	filtered_fake	0.101597	0
C:\My_Project\AIGC\results\research\p1_r8_shadow_composite_tradeoff_20260819\stress_cache\fake_150__smoothing_light.png	filtered_fake	0.923398	1
C:\My_Project\AIGC\results\research\p1_r8_shadow_composite_tradeoff_20260819\stress_cache\fake_150__smoothing_medium.png	filtered_fake	0.943609	1
C:\My_Project\AIGC\results\research\p1_r8_shadow_composite_tradeoff_20260819\stress_cache\fake_150__smoothing_heavy.png	filtered_fake	0.932466	1
C:\My_Project\AIGC\results\research\p1_r8_shadow_composite_tradeoff_20260819\stress_cache\fake_150__whitening_medium.png	filtered_fake	0.069605	0
C:\My_Project\AIGC\results\research\p1_r8_shadow_composite_tradeoff_20260819\stress_cache\fake_150__combined_medium.png	filtered_fake	0.933346	1
C:\My_Project\AIGC\results\research\p1_r8_shadow_composite_tradeoff_20260819\stress_cache\fake_150__combined_heavy.png	filtered_fake	0.909378	1
C:\My_Project\AIGC\results\research\p1_r8_shadow_composite_tradeoff_20260819\stress_cache\fake_150__eye_enlarging.png	filtered_fake	0.126961	0
C:\My_Project\AIGC\results\research\p1_r8_shadow_composite_tradeoff_20260819\stress_cache\fake_150__face_reshaping.png	filtered_fake	0.113332	0
C:\My_Project\AIGC\results\research\p1_r8_shadow_composite_tradeoff_20260819\stress_cache\fake_151__smoothing_light.png	filtered_fake	0.731572	1
C:\My_Project\AIGC\results\research\p1_r8_shadow_composite_tradeoff_20260819\stress_cache\fake_151__smoothing_medium.png	filtered_fake	0.928237	1
C:\My_Project\AIGC\results\research\p1_r8_shadow_composite_tradeoff_20260819\stress_cache\fake_151__smoothing_heavy.png	filtered_fake	0.924094	1
C:\My_Project\AIGC\results\research\p1_r8_shadow_composite_tradeoff_20260819\stress_cache\fake_151__whitening_medium.png	filtered_fake	0.944146	1
C:\My_Project\AIGC\results\research\p1_r8_shadow_composite_tradeoff_20260819\stress_cache\fake_151__combined_medium.png	filtered_fake	0.942335	1
C:\My_Project\AIGC\results\research\p1_r8_shadow_composite_tradeoff_20260819\stress_cache\fake_151__combined_heavy.png	filtered_fake	0.913934	1
C:\My_Project\AIGC\results\research\p1_r8_shadow_composite_tradeoff_20260819\stress_cache\fake_151__eye_enlarging.png	filtered_fake	0.941236	1
C:\My_Project\AIGC\results\research\p1_r8_shadow_composite_tradeoff_20260819\stress_cache\fake_151__face_reshaping.png	filtered_fake	0.931637	1
C:\My_Project\AIGC\results\research\p1_r8_shadow_composite_tradeoff_20260819\stress_cache\fake_152__smoothing_light.png	filtered_fake	0.754393	1
C:\My_Project\AIGC\results\research\p1_r8_shadow_composite_tradeoff_20260819\stress_cache\fake_152__smoothing_medium.png	filtered_fake	0.932064	1
C:\My_Project\AIGC\results\research\p1_r8_shadow_composite_tradeoff_20260819\stress_cache\fake_152__smoothing_heavy.png	filtered_fake	0.928364	1
C:\My_Project\AIGC\results\research\p1_r8_shadow_composite_tradeoff_20260819\stress_cache\fake_152__whitening_medium.png	filtered_fake	0.078654	0
C:\My_Project\AIGC\results\research\p1_r8_shadow_composite_tradeoff_20260819\stress_cache\fake_152__combined_medium.png	filtered_fake	0.900967	1
C:\My_Project\AIGC\results\research\p1_r8_shadow_composite_tradeoff_20260819\stress_cache\fake_152__combined_heavy.png	filtered_fake	0.916995	1
C:\My_Project\AIGC\results\research\p1_r8_shadow_composite_tradeoff_20260819\stress_cache\fake_152__eye_enlarging.png	filtered_fake	0.206351	0
C:\My_Project\AIGC\results\research\p1_r8_shadow_composite_tradeoff_20260819\stress_cache\fake_152__face_reshaping.png	filtered_fake	0.279983	0
C:\My_Project\AIGC\results\research\p1_r8_shadow_composite_tradeoff_20260819\stress_cache\fake_153__smoothing_light.png	filtered_fake	0.926767	1
C:\My_Project\AIGC\results\research\p1_r8_shadow_composite_tradeoff_20260819\stress_cache\fake_153__smoothing_medium.png	filtered_fake	0.937635	1
C:\My_Project\AIGC\results\research\p1_r8_shadow_composite_tradeoff_20260819\stress_cache\fake_153__smoothing_heavy.png	filtered_fake	0.928964	1
C:\My_Project\AIGC\results\research\p1_r8_shadow_composite_tradeoff_20260819\stress_cache\fake_153__whitening_medium.png	filtered_fake	0.941544	1
C:\My_Project\AIGC\results\research\p1_r8_shadow_composite_tradeoff_20260819\stress_cache\fake_153__combined_medium.png	filtered_fake	0.938986	1
C:\My_Project\AIGC\results\research\p1_r8_shadow_composite_tradeoff_20260819\stress_cache\fake_153__combined_heavy.png	filtered_fake	0.930854	1
C:\My_Project\AIGC\results\research\p1_r8_shadow_composite_tradeoff_20260819\stress_cache\fake_153__eye_enlarging.png	filtered_fake	0.917069	1
C:\My_Project\AIGC\results\research\p1_r8_shadow_composite_tradeoff_20260819\stress_cache\fake_153__face_reshaping.png	filtered_fake	0.922390	1
C:\My_Project\AIGC\results\research\p1_r8_shadow_composite_tradeoff_20260819\stress_cache\fake_154__smoothing_light.png	filtered_fake	0.903436	1
C:\My_Project\AIGC\results\research\p1_r8_shadow_composite_tradeoff_20260819\stress_cache\fake_154__smoothing_medium.png	filtered_fake	0.944295	1
C:\My_Project\AIGC\results\research\p1_r8_shadow_composite_tradeoff_20260819\stress_cache\fake_154__smoothing_heavy.png	filtered_fake	0.926334	1
C:\My_Project\AIGC\results\research\p1_r8_shadow_composite_tradeoff_20260819\stress_cache\fake_154__whitening_medium.png	filtered_fake	0.942945	1
C:\My_Project\AIGC\results\research\p1_r8_shadow_composite_tradeoff_20260819\stress_cache\fake_154__combined_medium.png	filtered_fake	0.947800	1
C:\My_Project\AIGC\results\research\p1_r8_shadow_composite_tradeoff_20260819\stress_cache\fake_154__combined_heavy.png	filtered_fake	0.944738	1
C:\My_Project\AIGC\results\research\p1_r8_shadow_composite_tradeoff_20260819\stress_cache\fake_154__eye_enlarging.png	filtered_fake	0.863620	1
C:\My_Project\AIGC\results\research\p1_r8_shadow_composite_tradeoff_20260819\stress_cache\fake_154__face_reshaping.png	filtered_fake	0.545345	1
C:\My_Project\AIGC\results\research\p1_r8_shadow_composite_tradeoff_20260819\stress_cache\fake_155__smoothing_light.png	filtered_fake	0.921217	1
C:\My_Project\AIGC\results\research\p1_r8_shadow_composite_tradeoff_20260819\stress_cache\fake_155__smoothing_medium.png	filtered_fake	0.933762	1
C:\My_Project\AIGC\results\research\p1_r8_shadow_composite_tradeoff_20260819\stress_cache\fake_155__smoothing_heavy.png	filtered_fake	0.870349	1
C:\My_Project\AIGC\results\research\p1_r8_shadow_composite_tradeoff_20260819\stress_cache\fake_155__whitening_medium.png	filtered_fake	0.097793	0
C:\My_Project\AIGC\results\research\p1_r8_shadow_composite_tradeoff_20260819\stress_cache\fake_155__combined_medium.png	filtered_fake	0.921071	1
C:\My_Project\AIGC\results\research\p1_r8_shadow_composite_tradeoff_20260819\stress_cache\fake_155__combined_heavy.png	filtered_fake	0.912038	1
C:\My_Project\AIGC\results\research\p1_r8_shadow_composite_tradeoff_20260819\stress_cache\fake_155__eye_enlarging.png	filtered_fake	0.095216	0
C:\My_Project\AIGC\results\research\p1_r8_shadow_composite_tradeoff_20260819\stress_cache\fake_155__face_reshaping.png	filtered_fake	0.510512	1
C:\My_Project\AIGC\results\research\p1_r8_shadow_composite_tradeoff_20260819\stress_cache\fake_156__smoothing_light.png	filtered_fake	0.926901	1
C:\My_Project\AIGC\results\research\p1_r8_shadow_composite_tradeoff_20260819\stress_cache\fake_156__smoothing_medium.png	filtered_fake	0.939719	1
C:\My_Project\AIGC\results\research\p1_r8_shadow_composite_tradeoff_20260819\stress_cache\fake_156__smoothing_heavy.png	filtered_fake	0.919142	1
C:\My_Project\AIGC\results\research\p1_r8_shadow_composite_tradeoff_20260819\stress_cache\fake_156__whitening_medium.png	filtered_fake	0.959781	1
C:\My_Project\AIGC\results\research\p1_r8_shadow_composite_tradeoff_20260819\stress_cache\fake_156__combined_medium.png	filtered_fake	0.939635	1
C:\My_Project\AIGC\results\research\p1_r8_shadow_composite_tradeoff_20260819\stress_cache\fake_156__combined_heavy.png	filtered_fake	0.932409	1
C:\My_Project\AIGC\results\research\p1_r8_shadow_composite_tradeoff_20260819\stress_cache\fake_156__eye_enlarging.png	filtered_fake	0.961254	1
C:\My_Project\AIGC\results\research\p1_r8_shadow_composite_tradeoff_20260819\stress_cache\fake_156__face_reshaping.png	filtered_fake	0.958712	1
C:\My_Project\AIGC\results\research\p1_r8_shadow_composite_tradeoff_20260819\stress_cache\fake_157__smoothing_light.png	filtered_fake	0.924615	1
C:\My_Project\AIGC\results\research\p1_r8_shadow_composite_tradeoff_20260819\stress_cache\fake_157__smoothing_medium.png	filtered_fake	0.948099	1
C:\My_Project\AIGC\results\research\p1_r8_shadow_composite_tradeoff_20260819\stress_cache\fake_157__smoothing_heavy.png	filtered_fake	0.946239	1
C:\My_Project\AIGC\results\research\p1_r8_shadow_composite_tradeoff_20260819\stress_cache\fake_157__whitening_medium.png	filtered_fake	0.890560	1
C:\My_Project\AIGC\results\research\p1_r8_shadow_composite_tradeoff_20260819\stress_cache\fake_157__combined_medium.png	filtered_fake	0.942685	1
C:\My_Project\AIGC\results\research\p1_r8_shadow_composite_tradeoff_20260819\stress_cache\fake_157__combined_heavy.png	filtered_fake	0.948529	1
C:\My_Project\AIGC\results\research\p1_r8_shadow_composite_tradeoff_20260819\stress_cache\fake_157__eye_enlarging.png	filtered_fake	0.929723	1
C:\My_Project\AIGC\results\research\p1_r8_shadow_composite_tradeoff_20260819\stress_cache\fake_157__face_reshaping.png	filtered_fake	0.945891	1
C:\My_Project\AIGC\results\research\p1_r8_shadow_composite_tradeoff_20260819\stress_cache\fake_158__smoothing_light.png	filtered_fake	0.941138	1
C:\My_Project\AIGC\results\research\p1_r8_shadow_composite_tradeoff_20260819\stress_cache\fake_158__smoothing_medium.png	filtered_fake	0.947963	1
C:\My_Project\AIGC\results\research\p1_r8_shadow_composite_tradeoff_20260819\stress_cache\fake_158__smoothing_heavy.png	filtered_fake	0.942445	1
C:\My_Project\AIGC\results\research\p1_r8_shadow_composite_tradeoff_20260819\stress_cache\fake_158__whitening_medium.png	filtered_fake	0.556738	1
C:\My_Project\AIGC\results\research\p1_r8_shadow_composite_tradeoff_20260819\stress_cache\fake_158__combined_medium.png	filtered_fake	0.951189	1
C:\My_Project\AIGC\results\research\p1_r8_shadow_composite_tradeoff_20260819\stress_cache\fake_158__combined_heavy.png	filtered_fake	0.951244	1
C:\My_Project\AIGC\results\research\p1_r8_shadow_composite_tradeoff_20260819\stress_cache\fake_158__eye_enlarging.png	filtered_fake	0.731604	1
C:\My_Project\AIGC\results\research\p1_r8_shadow_composite_tradeoff_20260819\stress_cache\fake_158__face_reshaping.png	filtered_fake	0.860918	1
C:\My_Project\AIGC\results\research\p1_r8_shadow_composite_tradeoff_20260819\stress_cache\fake_159__smoothing_light.png	filtered_fake	0.936334	1
C:\My_Project\AIGC\results\research\p1_r8_shadow_composite_tradeoff_20260819\stress_cache\fake_159__smoothing_medium.png	filtered_fake	0.945333	1
C:\My_Project\AIGC\results\research\p1_r8_shadow_composite_tradeoff_20260819\stress_cache\fake_159__smoothing_heavy.png	filtered_fake	0.938588	1
C:\My_Project\AIGC\results\research\p1_r8_shadow_composite_tradeoff_20260819\stress_cache\fake_159__whitening_medium.png	filtered_fake	0.252035	0
C:\My_Project\AIGC\results\research\p1_r8_shadow_composite_tradeoff_20260819\stress_cache\fake_159__combined_medium.png	filtered_fake	0.940440	1
C:\My_Project\AIGC\results\research\p1_r8_shadow_composite_tradeoff_20260819\stress_cache\fake_159__combined_heavy.png	filtered_fake	0.925345	1
C:\My_Project\AIGC\results\research\p1_r8_shadow_composite_tradeoff_20260819\stress_cache\fake_159__eye_enlarging.png	filtered_fake	0.514539	1
C:\My_Project\AIGC\results\research\p1_r8_shadow_composite_tradeoff_20260819\stress_cache\fake_159__face_reshaping.png	filtered_fake	0.223986	0
C:\My_Project\AIGC\results\research\p1_r8_shadow_composite_tradeoff_20260819\stress_cache\fake_160__smoothing_light.png	filtered_fake	0.879594	1
C:\My_Project\AIGC\results\research\p1_r8_shadow_composite_tradeoff_20260819\stress_cache\fake_160__smoothing_medium.png	filtered_fake	0.933321	1
C:\My_Project\AIGC\results\research\p1_r8_shadow_composite_tradeoff_20260819\stress_cache\fake_160__smoothing_heavy.png	filtered_fake	0.918879	1
C:\My_Project\AIGC\results\research\p1_r8_shadow_composite_tradeoff_20260819\stress_cache\fake_160__whitening_medium.png	filtered_fake	0.300899	0
C:\My_Project\AIGC\results\research\p1_r8_shadow_composite_tradeoff_20260819\stress_cache\fake_160__combined_medium.png	filtered_fake	0.909334	1
C:\My_Project\AIGC\results\research\p1_r8_shadow_composite_tradeoff_20260819\stress_cache\fake_160__combined_heavy.png	filtered_fake	0.929798	1
C:\My_Project\AIGC\results\research\p1_r8_shadow_composite_tradeoff_20260819\stress_cache\fake_160__eye_enlarging.png	filtered_fake	0.285609	0
C:\My_Project\AIGC\results\research\p1_r8_shadow_composite_tradeoff_20260819\stress_cache\fake_160__face_reshaping.png	filtered_fake	0.511004	1
C:\My_Project\AIGC\results\research\p1_r8_shadow_composite_tradeoff_20260819\stress_cache\fake_161__smoothing_light.png	filtered_fake	0.948193	1
C:\My_Project\AIGC\results\research\p1_r8_shadow_composite_tradeoff_20260819\stress_cache\fake_161__smoothing_medium.png	filtered_fake	0.946645	1
C:\My_Project\AIGC\results\research\p1_r8_shadow_composite_tradeoff_20260819\stress_cache\fake_161__smoothing_heavy.png	filtered_fake	0.937921	1
C:\My_Project\AIGC\results\research\p1_r8_shadow_composite_tradeoff_20260819\stress_cache\fake_161__whitening_medium.png	filtered_fake	0.951194	1
C:\My_Project\AIGC\results\research\p1_r8_shadow_composite_tradeoff_20260819\stress_cache\fake_161__combined_medium.png	filtered_fake	0.943627	1
C:\My_Project\AIGC\results\research\p1_r8_shadow_composite_tradeoff_20260819\stress_cache\fake_161__combined_heavy.png	filtered_fake	0.941690	1
C:\My_Project\AIGC\results\research\p1_r8_shadow_composite_tradeoff_20260819\stress_cache\fake_161__eye_enlarging.png	filtered_fake	0.951311	1
C:\My_Project\AIGC\results\research\p1_r8_shadow_composite_tradeoff_20260819\stress_cache\fake_161__face_reshaping.png	filtered_fake	0.950803	1
C:\My_Project\AIGC\results\research\p1_r8_shadow_composite_tradeoff_20260819\stress_cache\fake_162__smoothing_light.png	filtered_fake	0.166843	0
C:\My_Project\AIGC\results\research\p1_r8_shadow_composite_tradeoff_20260819\stress_cache\fake_162__smoothing_medium.png	filtered_fake	0.773885	1
C:\My_Project\AIGC\results\research\p1_r8_shadow_composite_tradeoff_20260819\stress_cache\fake_162__smoothing_heavy.png	filtered_fake	0.344779	0
C:\My_Project\AIGC\results\research\p1_r8_shadow_composite_tradeoff_20260819\stress_cache\fake_162__whitening_medium.png	filtered_fake	0.053918	0
C:\My_Project\AIGC\results\research\p1_r8_shadow_composite_tradeoff_20260819\stress_cache\fake_162__combined_medium.png	filtered_fake	0.858902	1
C:\My_Project\AIGC\results\research\p1_r8_shadow_composite_tradeoff_20260819\stress_cache\fake_162__combined_heavy.png	filtered_fake	0.584113	1
C:\My_Project\AIGC\results\research\p1_r8_shadow_composite_tradeoff_20260819\stress_cache\fake_162__eye_enlarging.png	filtered_fake	0.068573	0
C:\My_Project\AIGC\results\research\p1_r8_shadow_composite_tradeoff_20260819\stress_cache\fake_162__face_reshaping.png	filtered_fake	0.050673	0
C:\My_Project\AIGC\results\research\p1_r8_shadow_composite_tradeoff_20260819\stress_cache\fake_163__smoothing_light.png	filtered_fake	0.836791	1
C:\My_Project\AIGC\results\research\p1_r8_shadow_composite_tradeoff_20260819\stress_cache\fake_163__smoothing_medium.png	filtered_fake	0.935337	1
C:\My_Project\AIGC\results\research\p1_r8_shadow_composite_tradeoff_20260819\stress_cache\fake_163__smoothing_heavy.png	filtered_fake	0.931186	1
C:\My_Project\AIGC\results\research\p1_r8_shadow_composite_tradeoff_20260819\stress_cache\fake_163__whitening_medium.png	filtered_fake	0.918261	1
C:\My_Project\AIGC\results\research\p1_r8_shadow_composite_tradeoff_20260819\stress_cache\fake_163__combined_medium.png	filtered_fake	0.938489	1
C:\My_Project\AIGC\results\research\p1_r8_shadow_composite_tradeoff_20260819\stress_cache\fake_163__combined_heavy.png	filtered_fake	0.926399	1
C:\My_Project\AIGC\results\research\p1_r8_shadow_composite_tradeoff_20260819\stress_cache\fake_163__eye_enlarging.png	filtered_fake	0.934817	1
C:\My_Project\AIGC\results\research\p1_r8_shadow_composite_tradeoff_20260819\stress_cache\fake_163__face_reshaping.png	filtered_fake	0.879798	1
C:\My_Project\AIGC\results\research\p1_r8_shadow_composite_tradeoff_20260819\stress_cache\fake_164__smoothing_light.png	filtered_fake	0.887189	1
C:\My_Project\AIGC\results\research\p1_r8_shadow_composite_tradeoff_20260819\stress_cache\fake_164__smoothing_medium.png	filtered_fake	0.928869	1
C:\My_Project\AIGC\results\research\p1_r8_shadow_composite_tradeoff_20260819\stress_cache\fake_164__smoothing_heavy.png	filtered_fake	0.772066	1
C:\My_Project\AIGC\results\research\p1_r8_shadow_composite_tradeoff_20260819\stress_cache\fake_164__whitening_medium.png	filtered_fake	0.085418	0
C:\My_Project\AIGC\results\research\p1_r8_shadow_composite_tradeoff_20260819\stress_cache\fake_164__combined_medium.png	filtered_fake	0.915525	1
C:\My_Project\AIGC\results\research\p1_r8_shadow_composite_tradeoff_20260819\stress_cache\fake_164__combined_heavy.png	filtered_fake	0.795126	1
C:\My_Project\AIGC\results\research\p1_r8_shadow_composite_tradeoff_20260819\stress_cache\fake_164__eye_enlarging.png	filtered_fake	0.792601	1
C:\My_Project\AIGC\results\research\p1_r8_shadow_composite_tradeoff_20260819\stress_cache\fake_164__face_reshaping.png	filtered_fake	0.829464	1
C:\My_Project\AIGC\results\research\p1_r8_shadow_composite_tradeoff_20260819\stress_cache\fake_165__smoothing_light.png	filtered_fake	0.825093	1
C:\My_Project\AIGC\results\research\p1_r8_shadow_composite_tradeoff_20260819\stress_cache\fake_165__smoothing_medium.png	filtered_fake	0.932759	1
C:\My_Project\AIGC\results\research\p1_r8_shadow_composite_tradeoff_20260819\stress_cache\fake_165__smoothing_heavy.png	filtered_fake	0.925090	1
C:\My_Project\AIGC\results\research\p1_r8_shadow_composite_tradeoff_20260819\stress_cache\fake_165__whitening_medium.png	filtered_fake	0.079244	0
C:\My_Project\AIGC\results\research\p1_r8_shadow_composite_tradeoff_20260819\stress_cache\fake_165__combined_medium.png	filtered_fake	0.925729	1
C:\My_Project\AIGC\results\research\p1_r8_shadow_composite_tradeoff_20260819\stress_cache\fake_165__combined_heavy.png	filtered_fake	0.923407	1
C:\My_Project\AIGC\results\research\p1_r8_shadow_composite_tradeoff_20260819\stress_cache\fake_165__eye_enlarging.png	filtered_fake	0.943675	1
C:\My_Project\AIGC\results\research\p1_r8_shadow_composite_tradeoff_20260819\stress_cache\fake_165__face_reshaping.png	filtered_fake	0.918271	1
C:\My_Project\AIGC\results\research\p1_r8_shadow_composite_tradeoff_20260819\stress_cache\fake_166__smoothing_light.png	filtered_fake	0.597685	1
C:\My_Project\AIGC\results\research\p1_r8_shadow_composite_tradeoff_20260819\stress_cache\fake_166__smoothing_medium.png	filtered_fake	0.606721	1
C:\My_Project\AIGC\results\research\p1_r8_shadow_composite_tradeoff_20260819\stress_cache\fake_166__smoothing_heavy.png	filtered_fake	0.916595	1
C:\My_Project\AIGC\results\research\p1_r8_shadow_composite_tradeoff_20260819\stress_cache\fake_166__whitening_medium.png	filtered_fake	0.581187	1
C:\My_Project\AIGC\results\research\p1_r8_shadow_composite_tradeoff_20260819\stress_cache\fake_166__combined_medium.png	filtered_fake	0.635236	1
C:\My_Project\AIGC\results\research\p1_r8_shadow_composite_tradeoff_20260819\stress_cache\fake_166__combined_heavy.png	filtered_fake	0.913003	1
C:\My_Project\AIGC\results\research\p1_r8_shadow_composite_tradeoff_20260819\stress_cache\fake_166__eye_enlarging.png	filtered_fake	0.958902	1
C:\My_Project\AIGC\results\research\p1_r8_shadow_composite_tradeoff_20260819\stress_cache\fake_166__face_reshaping.png	filtered_fake	0.952102	1
C:\My_Project\AIGC\results\research\p1_r8_shadow_composite_tradeoff_20260819\stress_cache\fake_167__smoothing_light.png	filtered_fake	0.603531	1
C:\My_Project\AIGC\results\research\p1_r8_shadow_composite_tradeoff_20260819\stress_cache\fake_167__smoothing_medium.png	filtered_fake	0.943176	1
C:\My_Project\AIGC\results\research\p1_r8_shadow_composite_tradeoff_20260819\stress_cache\fake_167__smoothing_heavy.png	filtered_fake	0.944546	1
C:\My_Project\AIGC\results\research\p1_r8_shadow_composite_tradeoff_20260819\stress_cache\fake_167__whitening_medium.png	filtered_fake	0.956125	1
C:\My_Project\AIGC\results\research\p1_r8_shadow_composite_tradeoff_20260819\stress_cache\fake_167__combined_medium.png	filtered_fake	0.947363	1
C:\My_Project\AIGC\results\research\p1_r8_shadow_composite_tradeoff_20260819\stress_cache\fake_167__combined_heavy.png	filtered_fake	0.943430	1
C:\My_Project\AIGC\results\research\p1_r8_shadow_composite_tradeoff_20260819\stress_cache\fake_167__eye_enlarging.png	filtered_fake	0.957302	1
C:\My_Project\AIGC\results\research\p1_r8_shadow_composite_tradeoff_20260819\stress_cache\fake_167__face_reshaping.png	filtered_fake	0.939080	1
C:\My_Project\AIGC\results\research\p1_r8_shadow_composite_tradeoff_20260819\stress_cache\fake_168__smoothing_light.png	filtered_fake	0.846524	1
C:\My_Project\AIGC\results\research\p1_r8_shadow_composite_tradeoff_20260819\stress_cache\fake_168__smoothing_medium.png	filtered_fake	0.927424	1
C:\My_Project\AIGC\results\research\p1_r8_shadow_composite_tradeoff_20260819\stress_cache\fake_168__smoothing_heavy.png	filtered_fake	0.928623	1
C:\My_Project\AIGC\results\research\p1_r8_shadow_composite_tradeoff_20260819\stress_cache\fake_168__whitening_medium.png	filtered_fake	0.065265	0
C:\My_Project\AIGC\results\research\p1_r8_shadow_composite_tradeoff_20260819\stress_cache\fake_168__combined_medium.png	filtered_fake	0.936387	1
C:\My_Project\AIGC\results\research\p1_r8_shadow_composite_tradeoff_20260819\stress_cache\fake_168__combined_heavy.png	filtered_fake	0.926454	1
C:\My_Project\AIGC\results\research\p1_r8_shadow_composite_tradeoff_20260819\stress_cache\fake_168__eye_enlarging.png	filtered_fake	0.054712	0
C:\My_Project\AIGC\results\research\p1_r8_shadow_composite_tradeoff_20260819\stress_cache\fake_168__face_reshaping.png	filtered_fake	0.059101	0
C:\My_Project\AIGC\results\research\p1_r8_shadow_composite_tradeoff_20260819\stress_cache\fake_169__smoothing_light.png	filtered_fake	0.837237	1
C:\My_Project\AIGC\results\research\p1_r8_shadow_composite_tradeoff_20260819\stress_cache\fake_169__smoothing_medium.png	filtered_fake	0.925729	1
C:\My_Project\AIGC\results\research\p1_r8_shadow_composite_tradeoff_20260819\stress_cache\fake_169__smoothing_heavy.png	filtered_fake	0.913831	1
C:\My_Project\AIGC\results\research\p1_r8_shadow_composite_tradeoff_20260819\stress_cache\fake_169__whitening_medium.png	filtered_fake	0.062159	0
C:\My_Project\AIGC\results\research\p1_r8_shadow_composite_tradeoff_20260819\stress_cache\fake_169__combined_medium.png	filtered_fake	0.920349	1
C:\My_Project\AIGC\results\research\p1_r8_shadow_composite_tradeoff_20260819\stress_cache\fake_169__combined_heavy.png	filtered_fake	0.905038	1
C:\My_Project\AIGC\results\research\p1_r8_shadow_composite_tradeoff_20260819\stress_cache\fake_169__eye_enlarging.png	filtered_fake	0.042030	0
C:\My_Project\AIGC\results\research\p1_r8_shadow_composite_tradeoff_20260819\stress_cache\fake_169__face_reshaping.png	filtered_fake	0.041413	0
C:\My_Project\AIGC\results\research\p1_r8_shadow_composite_tradeoff_20260819\stress_cache\fake_170__smoothing_light.png	filtered_fake	0.918245	1
C:\My_Project\AIGC\results\research\p1_r8_shadow_composite_tradeoff_20260819\stress_cache\fake_170__smoothing_medium.png	filtered_fake	0.936098	1
C:\My_Project\AIGC\results\research\p1_r8_shadow_composite_tradeoff_20260819\stress_cache\fake_170__smoothing_heavy.png	filtered_fake	0.929832	1
C:\My_Project\AIGC\results\research\p1_r8_shadow_composite_tradeoff_20260819\stress_cache\fake_170__whitening_medium.png	filtered_fake	0.931277	1
C:\My_Project\AIGC\results\research\p1_r8_shadow_composite_tradeoff_20260819\stress_cache\fake_170__combined_medium.png	filtered_fake	0.933028	1
C:\My_Project\AIGC\results\research\p1_r8_shadow_composite_tradeoff_20260819\stress_cache\fake_170__combined_heavy.png	filtered_fake	0.929199	1
C:\My_Project\AIGC\results\research\p1_r8_shadow_composite_tradeoff_20260819\stress_cache\fake_170__eye_enlarging.png	filtered_fake	0.796481	1
C:\My_Project\AIGC\results\research\p1_r8_shadow_composite_tradeoff_20260819\stress_cache\fake_170__face_reshaping.png	filtered_fake	0.522041	1
C:\My_Project\AIGC\results\research\p1_r8_shadow_composite_tradeoff_20260819\stress_cache\fake_171__smoothing_light.png	filtered_fake	0.927235	1
C:\My_Project\AIGC\results\research\p1_r8_shadow_composite_tradeoff_20260819\stress_cache\fake_171__smoothing_medium.png	filtered_fake	0.941432	1
C:\My_Project\AIGC\results\research\p1_r8_shadow_composite_tradeoff_20260819\stress_cache\fake_171__smoothing_heavy.png	filtered_fake	0.916515	1
C:\My_Project\AIGC\results\research\p1_r8_shadow_composite_tradeoff_20260819\stress_cache\fake_171__whitening_medium.png	filtered_fake	0.934011	1
C:\My_Project\AIGC\results\research\p1_r8_shadow_composite_tradeoff_20260819\stress_cache\fake_171__combined_medium.png	filtered_fake	0.942708	1
C:\My_Project\AIGC\results\research\p1_r8_shadow_composite_tradeoff_20260819\stress_cache\fake_171__combined_heavy.png	filtered_fake	0.931759	1
C:\My_Project\AIGC\results\research\p1_r8_shadow_composite_tradeoff_20260819\stress_cache\fake_171__eye_enlarging.png	filtered_fake	0.908597	1
C:\My_Project\AIGC\results\research\p1_r8_shadow_composite_tradeoff_20260819\stress_cache\fake_171__face_reshaping.png	filtered_fake	0.713206	1
C:\My_Project\AIGC\results\research\p1_r8_shadow_composite_tradeoff_20260819\stress_cache\fake_172__smoothing_light.png	filtered_fake	0.890205	1
C:\My_Project\AIGC\results\research\p1_r8_shadow_composite_tradeoff_20260819\stress_cache\fake_172__smoothing_medium.png	filtered_fake	0.941844	1
C:\My_Project\AIGC\results\research\p1_r8_shadow_composite_tradeoff_20260819\stress_cache\fake_172__smoothing_heavy.png	filtered_fake	0.940575	1
C:\My_Project\AIGC\results\research\p1_r8_shadow_composite_tradeoff_20260819\stress_cache\fake_172__whitening_medium.png	filtered_fake	0.946235	1
C:\My_Project\AIGC\results\research\p1_r8_shadow_composite_tradeoff_20260819\stress_cache\fake_172__combined_medium.png	filtered_fake	0.931791	1
C:\My_Project\AIGC\results\research\p1_r8_shadow_composite_tradeoff_20260819\stress_cache\fake_172__combined_heavy.png	filtered_fake	0.922133	1
C:\My_Project\AIGC\results\research\p1_r8_shadow_composite_tradeoff_20260819\stress_cache\fake_172__eye_enlarging.png	filtered_fake	0.954095	1
C:\My_Project\AIGC\results\research\p1_r8_shadow_composite_tradeoff_20260819\stress_cache\fake_172__face_reshaping.png	filtered_fake	0.951884	1
C:\My_Project\AIGC\results\research\p1_r8_shadow_composite_tradeoff_20260819\stress_cache\fake_173__smoothing_light.png	filtered_fake	0.950619	1
C:\My_Project\AIGC\results\research\p1_r8_shadow_composite_tradeoff_20260819\stress_cache\fake_173__smoothing_medium.png	filtered_fake	0.941774	1
C:\My_Project\AIGC\results\research\p1_r8_shadow_composite_tradeoff_20260819\stress_cache\fake_173__smoothing_heavy.png	filtered_fake	0.950332	1
C:\My_Project\AIGC\results\research\p1_r8_shadow_composite_tradeoff_20260819\stress_cache\fake_173__whitening_medium.png	filtered_fake	0.958816	1
C:\My_Project\AIGC\results\research\p1_r8_shadow_composite_tradeoff_20260819\stress_cache\fake_173__combined_medium.png	filtered_fake	0.950636	1
C:\My_Project\AIGC\results\research\p1_r8_shadow_composite_tradeoff_20260819\stress_cache\fake_173__combined_heavy.png	filtered_fake	0.855473	1
C:\My_Project\AIGC\results\research\p1_r8_shadow_composite_tradeoff_20260819\stress_cache\fake_173__eye_enlarging.png	filtered_fake	0.964993	1
C:\My_Project\AIGC\results\research\p1_r8_shadow_composite_tradeoff_20260819\stress_cache\fake_173__face_reshaping.png	filtered_fake	0.959937	1
C:\My_Project\AIGC\results\research\p1_r8_shadow_composite_tradeoff_20260819\stress_cache\fake_174__smoothing_light.png	filtered_fake	0.610023	1
C:\My_Project\AIGC\results\research\p1_r8_shadow_composite_tradeoff_20260819\stress_cache\fake_174__smoothing_medium.png	filtered_fake	0.917231	1
C:\My_Project\AIGC\results\research\p1_r8_shadow_composite_tradeoff_20260819\stress_cache\fake_174__smoothing_heavy.png	filtered_fake	0.845307	1
C:\My_Project\AIGC\results\research\p1_r8_shadow_composite_tradeoff_20260819\stress_cache\fake_174__whitening_medium.png	filtered_fake	0.063138	0
C:\My_Project\AIGC\results\research\p1_r8_shadow_composite_tradeoff_20260819\stress_cache\fake_174__combined_medium.png	filtered_fake	0.930342	1
C:\My_Project\AIGC\results\research\p1_r8_shadow_composite_tradeoff_20260819\stress_cache\fake_174__combined_heavy.png	filtered_fake	0.487708	1
C:\My_Project\AIGC\results\research\p1_r8_shadow_composite_tradeoff_20260819\stress_cache\fake_174__eye_enlarging.png	filtered_fake	0.215694	0
C:\My_Project\AIGC\results\research\p1_r8_shadow_composite_tradeoff_20260819\stress_cache\fake_174__face_reshaping.png	filtered_fake	0.483581	1
C:\My_Project\AIGC\results\research\p1_r8_shadow_composite_tradeoff_20260819\stress_cache\fake_175__smoothing_light.png	filtered_fake	0.924885	1
C:\My_Project\AIGC\results\research\p1_r8_shadow_composite_tradeoff_20260819\stress_cache\fake_175__smoothing_medium.png	filtered_fake	0.946766	1
C:\My_Project\AIGC\results\research\p1_r8_shadow_composite_tradeoff_20260819\stress_cache\fake_175__smoothing_heavy.png	filtered_fake	0.943780	1
C:\My_Project\AIGC\results\research\p1_r8_shadow_composite_tradeoff_20260819\stress_cache\fake_175__whitening_medium.png	filtered_fake	0.699735	1
C:\My_Project\AIGC\results\research\p1_r8_shadow_composite_tradeoff_20260819\stress_cache\fake_175__combined_medium.png	filtered_fake	0.945467	1
C:\My_Project\AIGC\results\research\p1_r8_shadow_composite_tradeoff_20260819\stress_cache\fake_175__combined_heavy.png	filtered_fake	0.937446	1
C:\My_Project\AIGC\results\research\p1_r8_shadow_composite_tradeoff_20260819\stress_cache\fake_175__eye_enlarging.png	filtered_fake	0.210048	0
C:\My_Project\AIGC\results\research\p1_r8_shadow_composite_tradeoff_20260819\stress_cache\fake_175__face_reshaping.png	filtered_fake	0.713135	1
C:\My_Project\AIGC\results\research\p1_r8_shadow_composite_tradeoff_20260819\stress_cache\fake_176__smoothing_light.png	filtered_fake	0.904041	1
C:\My_Project\AIGC\results\research\p1_r8_shadow_composite_tradeoff_20260819\stress_cache\fake_176__smoothing_medium.png	filtered_fake	0.945833	1
C:\My_Project\AIGC\results\research\p1_r8_shadow_composite_tradeoff_20260819\stress_cache\fake_176__smoothing_heavy.png	filtered_fake	0.942617	1
C:\My_Project\AIGC\results\research\p1_r8_shadow_composite_tradeoff_20260819\stress_cache\fake_176__whitening_medium.png	filtered_fake	0.740514	1
C:\My_Project\AIGC\results\research\p1_r8_shadow_composite_tradeoff_20260819\stress_cache\fake_176__combined_medium.png	filtered_fake	0.939657	1
C:\My_Project\AIGC\results\research\p1_r8_shadow_composite_tradeoff_20260819\stress_cache\fake_176__combined_heavy.png	filtered_fake	0.939364	1
C:\My_Project\AIGC\results\research\p1_r8_shadow_composite_tradeoff_20260819\stress_cache\fake_176__eye_enlarging.png	filtered_fake	0.095546	0
C:\My_Project\AIGC\results\research\p1_r8_shadow_composite_tradeoff_20260819\stress_cache\fake_176__face_reshaping.png	filtered_fake	0.210431	0
C:\My_Project\AIGC\results\research\p1_r8_shadow_composite_tradeoff_20260819\stress_cache\fake_177__smoothing_light.png	filtered_fake	0.921866	1
C:\My_Project\AIGC\results\research\p1_r8_shadow_composite_tradeoff_20260819\stress_cache\fake_177__smoothing_medium.png	filtered_fake	0.943629	1
C:\My_Project\AIGC\results\research\p1_r8_shadow_composite_tradeoff_20260819\stress_cache\fake_177__smoothing_heavy.png	filtered_fake	0.945238	1
C:\My_Project\AIGC\results\research\p1_r8_shadow_composite_tradeoff_20260819\stress_cache\fake_177__whitening_medium.png	filtered_fake	0.948755	1
C:\My_Project\AIGC\results\research\p1_r8_shadow_composite_tradeoff_20260819\stress_cache\fake_177__combined_medium.png	filtered_fake	0.943809	1
C:\My_Project\AIGC\results\research\p1_r8_shadow_composite_tradeoff_20260819\stress_cache\fake_177__combined_heavy.png	filtered_fake	0.947939	1
C:\My_Project\AIGC\results\research\p1_r8_shadow_composite_tradeoff_20260819\stress_cache\fake_177__eye_enlarging.png	filtered_fake	0.946745	1
C:\My_Project\AIGC\results\research\p1_r8_shadow_composite_tradeoff_20260819\stress_cache\fake_177__face_reshaping.png	filtered_fake	0.946916	1
C:\My_Project\AIGC\results\research\p1_r8_shadow_composite_tradeoff_20260819\stress_cache\fake_178__smoothing_light.png	filtered_fake	0.933814	1
C:\My_Project\AIGC\results\research\p1_r8_shadow_composite_tradeoff_20260819\stress_cache\fake_178__smoothing_medium.png	filtered_fake	0.949914	1
C:\My_Project\AIGC\results\research\p1_r8_shadow_composite_tradeoff_20260819\stress_cache\fake_178__smoothing_heavy.png	filtered_fake	0.948255	1
C:\My_Project\AIGC\results\research\p1_r8_shadow_composite_tradeoff_20260819\stress_cache\fake_178__whitening_medium.png	filtered_fake	0.267515	0
C:\My_Project\AIGC\results\research\p1_r8_shadow_composite_tradeoff_20260819\stress_cache\fake_178__combined_medium.png	filtered_fake	0.949824	1
C:\My_Project\AIGC\results\research\p1_r8_shadow_composite_tradeoff_20260819\stress_cache\fake_178__combined_heavy.png	filtered_fake	0.948939	1
C:\My_Project\AIGC\results\research\p1_r8_shadow_composite_tradeoff_20260819\stress_cache\fake_178__eye_enlarging.png	filtered_fake	0.865055	1
C:\My_Project\AIGC\results\research\p1_r8_shadow_composite_tradeoff_20260819\stress_cache\fake_178__face_reshaping.png	filtered_fake	0.699980	1
C:\My_Project\AIGC\results\research\p1_r8_shadow_composite_tradeoff_20260819\stress_cache\fake_179__smoothing_light.png	filtered_fake	0.870622	1
C:\My_Project\AIGC\results\research\p1_r8_shadow_composite_tradeoff_20260819\stress_cache\fake_179__smoothing_medium.png	filtered_fake	0.929193	1
C:\My_Project\AIGC\results\research\p1_r8_shadow_composite_tradeoff_20260819\stress_cache\fake_179__smoothing_heavy.png	filtered_fake	0.905623	1
C:\My_Project\AIGC\results\research\p1_r8_shadow_composite_tradeoff_20260819\stress_cache\fake_179__whitening_medium.png	filtered_fake	0.049852	0
C:\My_Project\AIGC\results\research\p1_r8_shadow_composite_tradeoff_20260819\stress_cache\fake_179__combined_medium.png	filtered_fake	0.929489	1
C:\My_Project\AIGC\results\research\p1_r8_shadow_composite_tradeoff_20260819\stress_cache\fake_179__combined_heavy.png	filtered_fake	0.918806	1
C:\My_Project\AIGC\results\research\p1_r8_shadow_composite_tradeoff_20260819\stress_cache\fake_179__eye_enlarging.png	filtered_fake	0.055436	0
C:\My_Project\AIGC\results\research\p1_r8_shadow_composite_tradeoff_20260819\stress_cache\fake_179__face_reshaping.png	filtered_fake	0.046471	0
C:\My_Project\AIGC\results\research\p1_r8_shadow_composite_tradeoff_20260819\stress_cache\fake_180__smoothing_light.png	filtered_fake	0.806521	1
C:\My_Project\AIGC\results\research\p1_r8_shadow_composite_tradeoff_20260819\stress_cache\fake_180__smoothing_medium.png	filtered_fake	0.934626	1
C:\My_Project\AIGC\results\research\p1_r8_shadow_composite_tradeoff_20260819\stress_cache\fake_180__smoothing_heavy.png	filtered_fake	0.903226	1
C:\My_Project\AIGC\results\research\p1_r8_shadow_composite_tradeoff_20260819\stress_cache\fake_180__whitening_medium.png	filtered_fake	0.056782	0
C:\My_Project\AIGC\results\research\p1_r8_shadow_composite_tradeoff_20260819\stress_cache\fake_180__combined_medium.png	filtered_fake	0.929452	1
C:\My_Project\AIGC\results\research\p1_r8_shadow_composite_tradeoff_20260819\stress_cache\fake_180__combined_heavy.png	filtered_fake	0.934318	1
C:\My_Project\AIGC\results\research\p1_r8_shadow_composite_tradeoff_20260819\stress_cache\fake_180__eye_enlarging.png	filtered_fake	0.043623	0
C:\My_Project\AIGC\results\research\p1_r8_shadow_composite_tradeoff_20260819\stress_cache\fake_180__face_reshaping.png	filtered_fake	0.116812	0
C:\My_Project\AIGC\results\research\p1_r8_shadow_composite_tradeoff_20260819\stress_cache\fake_181__smoothing_light.png	filtered_fake	0.655480	1
C:\My_Project\AIGC\results\research\p1_r8_shadow_composite_tradeoff_20260819\stress_cache\fake_181__smoothing_medium.png	filtered_fake	0.832609	1
C:\My_Project\AIGC\results\research\p1_r8_shadow_composite_tradeoff_20260819\stress_cache\fake_181__smoothing_heavy.png	filtered_fake	0.875831	1
C:\My_Project\AIGC\results\research\p1_r8_shadow_composite_tradeoff_20260819\stress_cache\fake_181__whitening_medium.png	filtered_fake	0.038895	0
C:\My_Project\AIGC\results\research\p1_r8_shadow_composite_tradeoff_20260819\stress_cache\fake_181__combined_medium.png	filtered_fake	0.869496	1
C:\My_Project\AIGC\results\research\p1_r8_shadow_composite_tradeoff_20260819\stress_cache\fake_181__combined_heavy.png	filtered_fake	0.870481	1
C:\My_Project\AIGC\results\research\p1_r8_shadow_composite_tradeoff_20260819\stress_cache\fake_181__eye_enlarging.png	filtered_fake	0.037397	0
C:\My_Project\AIGC\results\research\p1_r8_shadow_composite_tradeoff_20260819\stress_cache\fake_181__face_reshaping.png	filtered_fake	0.046249	0
C:\My_Project\AIGC\results\research\p1_r8_shadow_composite_tradeoff_20260819\stress_cache\fake_182__smoothing_light.png	filtered_fake	0.923332	1
C:\My_Project\AIGC\results\research\p1_r8_shadow_composite_tradeoff_20260819\stress_cache\fake_182__smoothing_medium.png	filtered_fake	0.938667	1
C:\My_Project\AIGC\results\research\p1_r8_shadow_composite_tradeoff_20260819\stress_cache\fake_182__smoothing_heavy.png	filtered_fake	0.932956	1
C:\My_Project\AIGC\results\research\p1_r8_shadow_composite_tradeoff_20260819\stress_cache\fake_182__whitening_medium.png	filtered_fake	0.861744	1
C:\My_Project\AIGC\results\research\p1_r8_shadow_composite_tradeoff_20260819\stress_cache\fake_182__combined_medium.png	filtered_fake	0.937145	1
C:\My_Project\AIGC\results\research\p1_r8_shadow_composite_tradeoff_20260819\stress_cache\fake_182__combined_heavy.png	filtered_fake	0.931886	1
C:\My_Project\AIGC\results\research\p1_r8_shadow_composite_tradeoff_20260819\stress_cache\fake_182__eye_enlarging.png	filtered_fake	0.919314	1
C:\My_Project\AIGC\results\research\p1_r8_shadow_composite_tradeoff_20260819\stress_cache\fake_182__face_reshaping.png	filtered_fake	0.902615	1
C:\My_Project\AIGC\results\research\p1_r8_shadow_composite_tradeoff_20260819\stress_cache\fake_183__smoothing_light.png	filtered_fake	0.903087	1
C:\My_Project\AIGC\results\research\p1_r8_shadow_composite_tradeoff_20260819\stress_cache\fake_183__smoothing_medium.png	filtered_fake	0.936697	1
C:\My_Project\AIGC\results\research\p1_r8_shadow_composite_tradeoff_20260819\stress_cache\fake_183__smoothing_heavy.png	filtered_fake	0.929434	1
C:\My_Project\AIGC\results\research\p1_r8_shadow_composite_tradeoff_20260819\stress_cache\fake_183__whitening_medium.png	filtered_fake	0.224519	0
C:\My_Project\AIGC\results\research\p1_r8_shadow_composite_tradeoff_20260819\stress_cache\fake_183__combined_medium.png	filtered_fake	0.942133	1
C:\My_Project\AIGC\results\research\p1_r8_shadow_composite_tradeoff_20260819\stress_cache\fake_183__combined_heavy.png	filtered_fake	0.939742	1
C:\My_Project\AIGC\results\research\p1_r8_shadow_composite_tradeoff_20260819\stress_cache\fake_183__eye_enlarging.png	filtered_fake	0.494871	1
C:\My_Project\AIGC\results\research\p1_r8_shadow_composite_tradeoff_20260819\stress_cache\fake_183__face_reshaping.png	filtered_fake	0.702444	1
C:\My_Project\AIGC\results\research\p1_r8_shadow_composite_tradeoff_20260819\stress_cache\fake_184__smoothing_light.png	filtered_fake	0.937265	1
C:\My_Project\AIGC\results\research\p1_r8_shadow_composite_tradeoff_20260819\stress_cache\fake_184__smoothing_medium.png	filtered_fake	0.951941	1
C:\My_Project\AIGC\results\research\p1_r8_shadow_composite_tradeoff_20260819\stress_cache\fake_184__smoothing_heavy.png	filtered_fake	0.950676	1
C:\My_Project\AIGC\results\research\p1_r8_shadow_composite_tradeoff_20260819\stress_cache\fake_184__whitening_medium.png	filtered_fake	0.044457	0
C:\My_Project\AIGC\results\research\p1_r8_shadow_composite_tradeoff_20260819\stress_cache\fake_184__combined_medium.png	filtered_fake	0.952550	1
C:\My_Project\AIGC\results\research\p1_r8_shadow_composite_tradeoff_20260819\stress_cache\fake_184__combined_heavy.png	filtered_fake	0.949080	1
C:\My_Project\AIGC\results\research\p1_r8_shadow_composite_tradeoff_20260819\stress_cache\fake_184__eye_enlarging.png	filtered_fake	0.042116	0
C:\My_Project\AIGC\results\research\p1_r8_shadow_composite_tradeoff_20260819\stress_cache\fake_184__face_reshaping.png	filtered_fake	0.053755	0
C:\My_Project\AIGC\results\research\p1_r8_shadow_composite_tradeoff_20260819\stress_cache\fake_185__smoothing_light.png	filtered_fake	0.924851	1
C:\My_Project\AIGC\results\research\p1_r8_shadow_composite_tradeoff_20260819\stress_cache\fake_185__smoothing_medium.png	filtered_fake	0.949546	1
C:\My_Project\AIGC\results\research\p1_r8_shadow_composite_tradeoff_20260819\stress_cache\fake_185__smoothing_heavy.png	filtered_fake	0.950364	1
C:\My_Project\AIGC\results\research\p1_r8_shadow_composite_tradeoff_20260819\stress_cache\fake_185__whitening_medium.png	filtered_fake	0.040629	0
C:\My_Project\AIGC\results\research\p1_r8_shadow_composite_tradeoff_20260819\stress_cache\fake_185__combined_medium.png	filtered_fake	0.948082	1
C:\My_Project\AIGC\results\research\p1_r8_shadow_composite_tradeoff_20260819\stress_cache\fake_185__combined_heavy.png	filtered_fake	0.947270	1
C:\My_Project\AIGC\results\research\p1_r8_shadow_composite_tradeoff_20260819\stress_cache\fake_185__eye_enlarging.png	filtered_fake	0.040227	0
C:\My_Project\AIGC\results\research\p1_r8_shadow_composite_tradeoff_20260819\stress_cache\fake_185__face_reshaping.png	filtered_fake	0.044220	0
C:\My_Project\AIGC\results\research\p1_r8_shadow_composite_tradeoff_20260819\stress_cache\fake_186__smoothing_light.png	filtered_fake	0.905782	1
C:\My_Project\AIGC\results\research\p1_r8_shadow_composite_tradeoff_20260819\stress_cache\fake_186__smoothing_medium.png	filtered_fake	0.948133	1
C:\My_Project\AIGC\results\research\p1_r8_shadow_composite_tradeoff_20260819\stress_cache\fake_186__smoothing_heavy.png	filtered_fake	0.944292	1
C:\My_Project\AIGC\results\research\p1_r8_shadow_composite_tradeoff_20260819\stress_cache\fake_186__whitening_medium.png	filtered_fake	0.155999	0
C:\My_Project\AIGC\results\research\p1_r8_shadow_composite_tradeoff_20260819\stress_cache\fake_186__combined_medium.png	filtered_fake	0.948102	1
C:\My_Project\AIGC\results\research\p1_r8_shadow_composite_tradeoff_20260819\stress_cache\fake_186__combined_heavy.png	filtered_fake	0.939983	1
C:\My_Project\AIGC\results\research\p1_r8_shadow_composite_tradeoff_20260819\stress_cache\fake_186__eye_enlarging.png	filtered_fake	0.154534	0
C:\My_Project\AIGC\results\research\p1_r8_shadow_composite_tradeoff_20260819\stress_cache\fake_186__face_reshaping.png	filtered_fake	0.071145	0
C:\My_Project\AIGC\results\research\p1_r8_shadow_composite_tradeoff_20260819\stress_cache\fake_187__smoothing_light.png	filtered_fake	0.871939	1
C:\My_Project\AIGC\results\research\p1_r8_shadow_composite_tradeoff_20260819\stress_cache\fake_187__smoothing_medium.png	filtered_fake	0.939185	1
C:\My_Project\AIGC\results\research\p1_r8_shadow_composite_tradeoff_20260819\stress_cache\fake_187__smoothing_heavy.png	filtered_fake	0.940915	1
C:\My_Project\AIGC\results\research\p1_r8_shadow_composite_tradeoff_20260819\stress_cache\fake_187__whitening_medium.png	filtered_fake	0.944684	1
C:\My_Project\AIGC\results\research\p1_r8_shadow_composite_tradeoff_20260819\stress_cache\fake_187__combined_medium.png	filtered_fake	0.938190	1
C:\My_Project\AIGC\results\research\p1_r8_shadow_composite_tradeoff_20260819\stress_cache\fake_187__combined_heavy.png	filtered_fake	0.940295	1
C:\My_Project\AIGC\results\research\p1_r8_shadow_composite_tradeoff_20260819\stress_cache\fake_187__eye_enlarging.png	filtered_fake	0.916067	1
C:\My_Project\AIGC\results\research\p1_r8_shadow_composite_tradeoff_20260819\stress_cache\fake_187__face_reshaping.png	filtered_fake	0.851257	1
C:\My_Project\AIGC\results\research\p1_r8_shadow_composite_tradeoff_20260819\stress_cache\fake_188__smoothing_light.png	filtered_fake	0.934974	1
C:\My_Project\AIGC\results\research\p1_r8_shadow_composite_tradeoff_20260819\stress_cache\fake_188__smoothing_medium.png	filtered_fake	0.935327	1
C:\My_Project\AIGC\results\research\p1_r8_shadow_composite_tradeoff_20260819\stress_cache\fake_188__smoothing_heavy.png	filtered_fake	0.924076	1
C:\My_Project\AIGC\results\research\p1_r8_shadow_composite_tradeoff_20260819\stress_cache\fake_188__whitening_medium.png	filtered_fake	0.931420	1
C:\My_Project\AIGC\results\research\p1_r8_shadow_composite_tradeoff_20260819\stress_cache\fake_188__combined_medium.png	filtered_fake	0.934529	1
C:\My_Project\AIGC\results\research\p1_r8_shadow_composite_tradeoff_20260819\stress_cache\fake_188__combined_heavy.png	filtered_fake	0.927133	1
C:\My_Project\AIGC\results\research\p1_r8_shadow_composite_tradeoff_20260819\stress_cache\fake_188__eye_enlarging.png	filtered_fake	0.902240	1
C:\My_Project\AIGC\results\research\p1_r8_shadow_composite_tradeoff_20260819\stress_cache\fake_188__face_reshaping.png	filtered_fake	0.828529	1
C:\My_Project\AIGC\results\research\p1_r8_shadow_composite_tradeoff_20260819\stress_cache\fake_189__smoothing_light.png	filtered_fake	0.943381	1
C:\My_Project\AIGC\results\research\p1_r8_shadow_composite_tradeoff_20260819\stress_cache\fake_189__smoothing_medium.png	filtered_fake	0.944422	1
C:\My_Project\AIGC\results\research\p1_r8_shadow_composite_tradeoff_20260819\stress_cache\fake_189__smoothing_heavy.png	filtered_fake	0.946933	1
C:\My_Project\AIGC\results\research\p1_r8_shadow_composite_tradeoff_20260819\stress_cache\fake_189__whitening_medium.png	filtered_fake	0.952231	1
C:\My_Project\AIGC\results\research\p1_r8_shadow_composite_tradeoff_20260819\stress_cache\fake_189__combined_medium.png	filtered_fake	0.944362	1
C:\My_Project\AIGC\results\research\p1_r8_shadow_composite_tradeoff_20260819\stress_cache\fake_189__combined_heavy.png	filtered_fake	0.902808	1
C:\My_Project\AIGC\results\research\p1_r8_shadow_composite_tradeoff_20260819\stress_cache\fake_189__eye_enlarging.png	filtered_fake	0.950440	1
C:\My_Project\AIGC\results\research\p1_r8_shadow_composite_tradeoff_20260819\stress_cache\fake_189__face_reshaping.png	filtered_fake	0.946876	1
C:\My_Project\AIGC\results\research\p1_r8_shadow_composite_tradeoff_20260819\stress_cache\fake_190__smoothing_light.png	filtered_fake	0.916658	1
C:\My_Project\AIGC\results\research\p1_r8_shadow_composite_tradeoff_20260819\stress_cache\fake_190__smoothing_medium.png	filtered_fake	0.939472	1
C:\My_Project\AIGC\results\research\p1_r8_shadow_composite_tradeoff_20260819\stress_cache\fake_190__smoothing_heavy.png	filtered_fake	0.938634	1
C:\My_Project\AIGC\results\research\p1_r8_shadow_composite_tradeoff_20260819\stress_cache\fake_190__whitening_medium.png	filtered_fake	0.453064	0
C:\My_Project\AIGC\results\research\p1_r8_shadow_composite_tradeoff_20260819\stress_cache\fake_190__combined_medium.png	filtered_fake	0.945070	1
C:\My_Project\AIGC\results\research\p1_r8_shadow_composite_tradeoff_20260819\stress_cache\fake_190__combined_heavy.png	filtered_fake	0.946474	1
C:\My_Project\AIGC\results\research\p1_r8_shadow_composite_tradeoff_20260819\stress_cache\fake_190__eye_enlarging.png	filtered_fake	0.699304	1
C:\My_Project\AIGC\results\research\p1_r8_shadow_composite_tradeoff_20260819\stress_cache\fake_190__face_reshaping.png	filtered_fake	0.713143	1
C:\My_Project\AIGC\results\research\p1_r8_shadow_composite_tradeoff_20260819\stress_cache\fake_191__smoothing_light.png	filtered_fake	0.939268	1
C:\My_Project\AIGC\results\research\p1_r8_shadow_composite_tradeoff_20260819\stress_cache\fake_191__smoothing_medium.png	filtered_fake	0.940322	1
C:\My_Project\AIGC\results\research\p1_r8_shadow_composite_tradeoff_20260819\stress_cache\fake_191__smoothing_heavy.png	filtered_fake	0.940094	1
C:\My_Project\AIGC\results\research\p1_r8_shadow_composite_tradeoff_20260819\stress_cache\fake_191__whitening_medium.png	filtered_fake	0.089953	0
C:\My_Project\AIGC\results\research\p1_r8_shadow_composite_tradeoff_20260819\stress_cache\fake_191__combined_medium.png	filtered_fake	0.943870	1
C:\My_Project\AIGC\results\research\p1_r8_shadow_composite_tradeoff_20260819\stress_cache\fake_191__combined_heavy.png	filtered_fake	0.942362	1
C:\My_Project\AIGC\results\research\p1_r8_shadow_composite_tradeoff_20260819\stress_cache\fake_191__eye_enlarging.png	filtered_fake	0.201177	0
C:\My_Project\AIGC\results\research\p1_r8_shadow_composite_tradeoff_20260819\stress_cache\fake_191__face_reshaping.png	filtered_fake	0.113184	0
C:\My_Project\AIGC\results\research\p1_r8_shadow_composite_tradeoff_20260819\stress_cache\fake_19192__smoothing_light.png	filtered_fake	0.935743	1
C:\My_Project\AIGC\results\research\p1_r8_shadow_composite_tradeoff_20260819\stress_cache\fake_19192__smoothing_medium.png	filtered_fake	0.941690	1
C:\My_Project\AIGC\results\research\p1_r8_shadow_composite_tradeoff_20260819\stress_cache\fake_19192__smoothing_heavy.png	filtered_fake	0.934092	1
C:\My_Project\AIGC\results\research\p1_r8_shadow_composite_tradeoff_20260819\stress_cache\fake_19192__whitening_medium.png	filtered_fake	0.953075	1
C:\My_Project\AIGC\results\research\p1_r8_shadow_composite_tradeoff_20260819\stress_cache\fake_19192__combined_medium.png	filtered_fake	0.939313	1
C:\My_Project\AIGC\results\research\p1_r8_shadow_composite_tradeoff_20260819\stress_cache\fake_19192__combined_heavy.png	filtered_fake	0.929433	1
C:\My_Project\AIGC\results\research\p1_r8_shadow_composite_tradeoff_20260819\stress_cache\fake_19192__eye_enlarging.png	filtered_fake	0.941075	1
C:\My_Project\AIGC\results\research\p1_r8_shadow_composite_tradeoff_20260819\stress_cache\fake_19192__face_reshaping.png	filtered_fake	0.939726	1
C:\My_Project\AIGC\results\research\p1_r8_shadow_composite_tradeoff_20260819\stress_cache\fake_192__smoothing_light.png	filtered_fake	0.929469	1
C:\My_Project\AIGC\results\research\p1_r8_shadow_composite_tradeoff_20260819\stress_cache\fake_192__smoothing_medium.png	filtered_fake	0.923507	1
C:\My_Project\AIGC\results\research\p1_r8_shadow_composite_tradeoff_20260819\stress_cache\fake_192__smoothing_heavy.png	filtered_fake	0.869439	1
C:\My_Project\AIGC\results\research\p1_r8_shadow_composite_tradeoff_20260819\stress_cache\fake_192__whitening_medium.png	filtered_fake	0.920781	1
C:\My_Project\AIGC\results\research\p1_r8_shadow_composite_tradeoff_20260819\stress_cache\fake_192__combined_medium.png	filtered_fake	0.917690	1
C:\My_Project\AIGC\results\research\p1_r8_shadow_composite_tradeoff_20260819\stress_cache\fake_192__combined_heavy.png	filtered_fake	0.760425	1
C:\My_Project\AIGC\results\research\p1_r8_shadow_composite_tradeoff_20260819\stress_cache\fake_192__eye_enlarging.png	filtered_fake	0.583193	1
C:\My_Project\AIGC\results\research\p1_r8_shadow_composite_tradeoff_20260819\stress_cache\fake_192__face_reshaping.png	filtered_fake	0.744993	1
C:\My_Project\AIGC\results\research\p1_r8_shadow_composite_tradeoff_20260819\stress_cache\fake_193__smoothing_light.png	filtered_fake	0.938198	1
C:\My_Project\AIGC\results\research\p1_r8_shadow_composite_tradeoff_20260819\stress_cache\fake_193__smoothing_medium.png	filtered_fake	0.937509	1
C:\My_Project\AIGC\results\research\p1_r8_shadow_composite_tradeoff_20260819\stress_cache\fake_193__smoothing_heavy.png	filtered_fake	0.936037	1
C:\My_Project\AIGC\results\research\p1_r8_shadow_composite_tradeoff_20260819\stress_cache\fake_193__whitening_medium.png	filtered_fake	0.843543	1
C:\My_Project\AIGC\results\research\p1_r8_shadow_composite_tradeoff_20260819\stress_cache\fake_193__combined_medium.png	filtered_fake	0.937742	1
C:\My_Project\AIGC\results\research\p1_r8_shadow_composite_tradeoff_20260819\stress_cache\fake_193__combined_heavy.png	filtered_fake	0.924310	1
C:\My_Project\AIGC\results\research\p1_r8_shadow_composite_tradeoff_20260819\stress_cache\fake_193__eye_enlarging.png	filtered_fake	0.890326	1
C:\My_Project\AIGC\results\research\p1_r8_shadow_composite_tradeoff_20260819\stress_cache\fake_193__face_reshaping.png	filtered_fake	0.929753	1
C:\My_Project\AIGC\results\research\p1_r8_shadow_composite_tradeoff_20260819\stress_cache\fake_194__smoothing_light.png	filtered_fake	0.941797	1
C:\My_Project\AIGC\results\research\p1_r8_shadow_composite_tradeoff_20260819\stress_cache\fake_194__smoothing_medium.png	filtered_fake	0.945832	1
C:\My_Project\AIGC\results\research\p1_r8_shadow_composite_tradeoff_20260819\stress_cache\fake_194__smoothing_heavy.png	filtered_fake	0.947352	1
C:\My_Project\AIGC\results\research\p1_r8_shadow_composite_tradeoff_20260819\stress_cache\fake_194__whitening_medium.png	filtered_fake	0.043718	0
C:\My_Project\AIGC\results\research\p1_r8_shadow_composite_tradeoff_20260819\stress_cache\fake_194__combined_medium.png	filtered_fake	0.946671	1
C:\My_Project\AIGC\results\research\p1_r8_shadow_composite_tradeoff_20260819\stress_cache\fake_194__combined_heavy.png	filtered_fake	0.939735	1
C:\My_Project\AIGC\results\research\p1_r8_shadow_composite_tradeoff_20260819\stress_cache\fake_194__eye_enlarging.png	filtered_fake	0.042417	0
C:\My_Project\AIGC\results\research\p1_r8_shadow_composite_tradeoff_20260819\stress_cache\fake_194__face_reshaping.png	filtered_fake	0.118135	0
C:\My_Project\AIGC\results\research\p1_r8_shadow_composite_tradeoff_20260819\stress_cache\fake_195__smoothing_light.png	filtered_fake	0.937894	1
C:\My_Project\AIGC\results\research\p1_r8_shadow_composite_tradeoff_20260819\stress_cache\fake_195__smoothing_medium.png	filtered_fake	0.948137	1
C:\My_Project\AIGC\results\research\p1_r8_shadow_composite_tradeoff_20260819\stress_cache\fake_195__smoothing_heavy.png	filtered_fake	0.945982	1
C:\My_Project\AIGC\results\research\p1_r8_shadow_composite_tradeoff_20260819\stress_cache\fake_195__whitening_medium.png	filtered_fake	0.040101	0
C:\My_Project\AIGC\results\research\p1_r8_shadow_composite_tradeoff_20260819\stress_cache\fake_195__combined_medium.png	filtered_fake	0.947706	1
C:\My_Project\AIGC\results\research\p1_r8_shadow_composite_tradeoff_20260819\stress_cache\fake_195__combined_heavy.png	filtered_fake	0.944069	1
C:\My_Project\AIGC\results\research\p1_r8_shadow_composite_tradeoff_20260819\stress_cache\fake_195__eye_enlarging.png	filtered_fake	0.140558	0
C:\My_Project\AIGC\results\research\p1_r8_shadow_composite_tradeoff_20260819\stress_cache\fake_195__face_reshaping.png	filtered_fake	0.055600	0
C:\My_Project\AIGC\results\research\p1_r8_shadow_composite_tradeoff_20260819\stress_cache\fake_196__smoothing_light.png	filtered_fake	0.914321	1
C:\My_Project\AIGC\results\research\p1_r8_shadow_composite_tradeoff_20260819\stress_cache\fake_196__smoothing_medium.png	filtered_fake	0.829550	1
C:\My_Project\AIGC\results\research\p1_r8_shadow_composite_tradeoff_20260819\stress_cache\fake_196__smoothing_heavy.png	filtered_fake	0.755141	1
C:\My_Project\AIGC\results\research\p1_r8_shadow_composite_tradeoff_20260819\stress_cache\fake_196__whitening_medium.png	filtered_fake	0.037540	0
C:\My_Project\AIGC\results\research\p1_r8_shadow_composite_tradeoff_20260819\stress_cache\fake_196__combined_medium.png	filtered_fake	0.889473	1
C:\My_Project\AIGC\results\research\p1_r8_shadow_composite_tradeoff_20260819\stress_cache\fake_196__combined_heavy.png	filtered_fake	0.733208	1
C:\My_Project\AIGC\results\research\p1_r8_shadow_composite_tradeoff_20260819\stress_cache\fake_196__eye_enlarging.png	filtered_fake	0.041206	0
C:\My_Project\AIGC\results\research\p1_r8_shadow_composite_tradeoff_20260819\stress_cache\fake_196__face_reshaping.png	filtered_fake	0.045408	0
C:\My_Project\AIGC\results\research\p1_r8_shadow_composite_tradeoff_20260819\stress_cache\fake_197__smoothing_light.png	filtered_fake	0.925482	1
C:\My_Project\AIGC\results\research\p1_r8_shadow_composite_tradeoff_20260819\stress_cache\fake_197__smoothing_medium.png	filtered_fake	0.941780	1
C:\My_Project\AIGC\results\research\p1_r8_shadow_composite_tradeoff_20260819\stress_cache\fake_197__smoothing_heavy.png	filtered_fake	0.922436	1
C:\My_Project\AIGC\results\research\p1_r8_shadow_composite_tradeoff_20260819\stress_cache\fake_197__whitening_medium.png	filtered_fake	0.936346	1
C:\My_Project\AIGC\results\research\p1_r8_shadow_composite_tradeoff_20260819\stress_cache\fake_197__combined_medium.png	filtered_fake	0.945008	1
C:\My_Project\AIGC\results\research\p1_r8_shadow_composite_tradeoff_20260819\stress_cache\fake_197__combined_heavy.png	filtered_fake	0.926054	1
C:\My_Project\AIGC\results\research\p1_r8_shadow_composite_tradeoff_20260819\stress_cache\fake_197__eye_enlarging.png	filtered_fake	0.920097	1
C:\My_Project\AIGC\results\research\p1_r8_shadow_composite_tradeoff_20260819\stress_cache\fake_197__face_reshaping.png	filtered_fake	0.799380	1
C:\My_Project\AIGC\results\research\p1_r8_shadow_composite_tradeoff_20260819\stress_cache\fake_198__smoothing_light.png	filtered_fake	0.935929	1
C:\My_Project\AIGC\results\research\p1_r8_shadow_composite_tradeoff_20260819\stress_cache\fake_198__smoothing_medium.png	filtered_fake	0.946382	1
C:\My_Project\AIGC\results\research\p1_r8_shadow_composite_tradeoff_20260819\stress_cache\fake_198__smoothing_heavy.png	filtered_fake	0.948770	1
C:\My_Project\AIGC\results\research\p1_r8_shadow_composite_tradeoff_20260819\stress_cache\fake_198__whitening_medium.png	filtered_fake	0.106656	0
C:\My_Project\AIGC\results\research\p1_r8_shadow_composite_tradeoff_20260819\stress_cache\fake_198__combined_medium.png	filtered_fake	0.943330	1
C:\My_Project\AIGC\results\research\p1_r8_shadow_composite_tradeoff_20260819\stress_cache\fake_198__combined_heavy.png	filtered_fake	0.938077	1
C:\My_Project\AIGC\results\research\p1_r8_shadow_composite_tradeoff_20260819\stress_cache\fake_198__eye_enlarging.png	filtered_fake	0.387515	0
C:\My_Project\AIGC\results\research\p1_r8_shadow_composite_tradeoff_20260819\stress_cache\fake_198__face_reshaping.png	filtered_fake	0.610718	1
C:\My_Project\AIGC\results\research\p1_r8_shadow_composite_tradeoff_20260819\stress_cache\fake_199__smoothing_light.png	filtered_fake	0.847455	1
C:\My_Project\AIGC\results\research\p1_r8_shadow_composite_tradeoff_20260819\stress_cache\fake_199__smoothing_medium.png	filtered_fake	0.920378	1
C:\My_Project\AIGC\results\research\p1_r8_shadow_composite_tradeoff_20260819\stress_cache\fake_199__smoothing_heavy.png	filtered_fake	0.905366	1
C:\My_Project\AIGC\results\research\p1_r8_shadow_composite_tradeoff_20260819\stress_cache\fake_199__whitening_medium.png	filtered_fake	0.056427	0
C:\My_Project\AIGC\results\research\p1_r8_shadow_composite_tradeoff_20260819\stress_cache\fake_199__combined_medium.png	filtered_fake	0.937066	1
C:\My_Project\AIGC\results\research\p1_r8_shadow_composite_tradeoff_20260819\stress_cache\fake_199__combined_heavy.png	filtered_fake	0.922225	1
C:\My_Project\AIGC\results\research\p1_r8_shadow_composite_tradeoff_20260819\stress_cache\fake_199__eye_enlarging.png	filtered_fake	0.055428	0
C:\My_Project\AIGC\results\research\p1_r8_shadow_composite_tradeoff_20260819\stress_cache\fake_199__face_reshaping.png	filtered_fake	0.114961	0
C:\My_Project\AIGC\results\research\p1_r8_shadow_composite_tradeoff_20260819\stress_cache\fake_200__smoothing_light.png	filtered_fake	0.905604	1
C:\My_Project\AIGC\results\research\p1_r8_shadow_composite_tradeoff_20260819\stress_cache\fake_200__smoothing_medium.png	filtered_fake	0.943763	1
C:\My_Project\AIGC\results\research\p1_r8_shadow_composite_tradeoff_20260819\stress_cache\fake_200__smoothing_heavy.png	filtered_fake	0.945288	1
C:\My_Project\AIGC\results\research\p1_r8_shadow_composite_tradeoff_20260819\stress_cache\fake_200__whitening_medium.png	filtered_fake	0.663400	1
C:\My_Project\AIGC\results\research\p1_r8_shadow_composite_tradeoff_20260819\stress_cache\fake_200__combined_medium.png	filtered_fake	0.948327	1
C:\My_Project\AIGC\results\research\p1_r8_shadow_composite_tradeoff_20260819\stress_cache\fake_200__combined_heavy.png	filtered_fake	0.943901	1
C:\My_Project\AIGC\results\research\p1_r8_shadow_composite_tradeoff_20260819\stress_cache\fake_200__eye_enlarging.png	filtered_fake	0.676194	1
C:\My_Project\AIGC\results\research\p1_r8_shadow_composite_tradeoff_20260819\stress_cache\fake_200__face_reshaping.png	filtered_fake	0.346008	0
C:\My_Project\AIGC\results\research\p1_r8_shadow_composite_tradeoff_20260819\stress_cache\fake_201__smoothing_light.png	filtered_fake	0.833224	1
C:\My_Project\AIGC\results\research\p1_r8_shadow_composite_tradeoff_20260819\stress_cache\fake_201__smoothing_medium.png	filtered_fake	0.935913	1
C:\My_Project\AIGC\results\research\p1_r8_shadow_composite_tradeoff_20260819\stress_cache\fake_201__smoothing_heavy.png	filtered_fake	0.923771	1
C:\My_Project\AIGC\results\research\p1_r8_shadow_composite_tradeoff_20260819\stress_cache\fake_201__whitening_medium.png	filtered_fake	0.056683	0
C:\My_Project\AIGC\results\research\p1_r8_shadow_composite_tradeoff_20260819\stress_cache\fake_201__combined_medium.png	filtered_fake	0.931656	1
C:\My_Project\AIGC\results\research\p1_r8_shadow_composite_tradeoff_20260819\stress_cache\fake_201__combined_heavy.png	filtered_fake	0.916730	1
C:\My_Project\AIGC\results\research\p1_r8_shadow_composite_tradeoff_20260819\stress_cache\fake_201__eye_enlarging.png	filtered_fake	0.086504	0
C:\My_Project\AIGC\results\research\p1_r8_shadow_composite_tradeoff_20260819\stress_cache\fake_201__face_reshaping.png	filtered_fake	0.293994	0
C:\My_Project\AIGC\results\research\p1_r8_shadow_composite_tradeoff_20260819\stress_cache\fake_202__smoothing_light.png	filtered_fake	0.942798	1
C:\My_Project\AIGC\results\research\p1_r8_shadow_composite_tradeoff_20260819\stress_cache\fake_202__smoothing_medium.png	filtered_fake	0.947505	1
C:\My_Project\AIGC\results\research\p1_r8_shadow_composite_tradeoff_20260819\stress_cache\fake_202__smoothing_heavy.png	filtered_fake	0.946657	1
C:\My_Project\AIGC\results\research\p1_r8_shadow_composite_tradeoff_20260819\stress_cache\fake_202__whitening_medium.png	filtered_fake	0.950757	1
C:\My_Project\AIGC\results\research\p1_r8_shadow_composite_tradeoff_20260819\stress_cache\fake_202__combined_medium.png	filtered_fake	0.946327	1
C:\My_Project\AIGC\results\research\p1_r8_shadow_composite_tradeoff_20260819\stress_cache\fake_202__combined_heavy.png	filtered_fake	0.943487	1
C:\My_Project\AIGC\results\research\p1_r8_shadow_composite_tradeoff_20260819\stress_cache\fake_202__eye_enlarging.png	filtered_fake	0.955337	1
C:\My_Project\AIGC\results\research\p1_r8_shadow_composite_tradeoff_20260819\stress_cache\fake_202__face_reshaping.png	filtered_fake	0.939477	1
C:\My_Project\AIGC\results\research\p1_r8_shadow_composite_tradeoff_20260819\stress_cache\fake_203__smoothing_light.png	filtered_fake	0.941943	1
C:\My_Project\AIGC\results\research\p1_r8_shadow_composite_tradeoff_20260819\stress_cache\fake_203__smoothing_medium.png	filtered_fake	0.943588	1
C:\My_Project\AIGC\results\research\p1_r8_shadow_composite_tradeoff_20260819\stress_cache\fake_203__smoothing_heavy.png	filtered_fake	0.930590	1
C:\My_Project\AIGC\results\research\p1_r8_shadow_composite_tradeoff_20260819\stress_cache\fake_203__whitening_medium.png	filtered_fake	0.909621	1
C:\My_Project\AIGC\results\research\p1_r8_shadow_composite_tradeoff_20260819\stress_cache\fake_203__combined_medium.png	filtered_fake	0.945553	1
C:\My_Project\AIGC\results\research\p1_r8_shadow_composite_tradeoff_20260819\stress_cache\fake_203__combined_heavy.png	filtered_fake	0.930397	1
C:\My_Project\AIGC\results\research\p1_r8_shadow_composite_tradeoff_20260819\stress_cache\fake_203__eye_enlarging.png	filtered_fake	0.912734	1
C:\My_Project\AIGC\results\research\p1_r8_shadow_composite_tradeoff_20260819\stress_cache\fake_203__face_reshaping.png	filtered_fake	0.904935	1
C:\My_Project\AIGC\results\research\p1_r8_shadow_composite_tradeoff_20260819\stress_cache\fake_204__smoothing_light.png	filtered_fake	0.940959	1
C:\My_Project\AIGC\results\research\p1_r8_shadow_composite_tradeoff_20260819\stress_cache\fake_204__smoothing_medium.png	filtered_fake	0.940232	1
C:\My_Project\AIGC\results\research\p1_r8_shadow_composite_tradeoff_20260819\stress_cache\fake_204__smoothing_heavy.png	filtered_fake	0.934926	1
C:\My_Project\AIGC\results\research\p1_r8_shadow_composite_tradeoff_20260819\stress_cache\fake_204__whitening_medium.png	filtered_fake	0.958349	1
C:\My_Project\AIGC\results\research\p1_r8_shadow_composite_tradeoff_20260819\stress_cache\fake_204__combined_medium.png	filtered_fake	0.942317	1
C:\My_Project\AIGC\results\research\p1_r8_shadow_composite_tradeoff_20260819\stress_cache\fake_204__combined_heavy.png	filtered_fake	0.944044	1
C:\My_Project\AIGC\results\research\p1_r8_shadow_composite_tradeoff_20260819\stress_cache\fake_204__eye_enlarging.png	filtered_fake	0.954710	1
C:\My_Project\AIGC\results\research\p1_r8_shadow_composite_tradeoff_20260819\stress_cache\fake_204__face_reshaping.png	filtered_fake	0.951244	1
C:\My_Project\AIGC\results\research\p1_r8_shadow_composite_tradeoff_20260819\stress_cache\fake_205__smoothing_light.png	filtered_fake	0.949479	1
C:\My_Project\AIGC\results\research\p1_r8_shadow_composite_tradeoff_20260819\stress_cache\fake_205__smoothing_medium.png	filtered_fake	0.952927	1
C:\My_Project\AIGC\results\research\p1_r8_shadow_composite_tradeoff_20260819\stress_cache\fake_205__smoothing_heavy.png	filtered_fake	0.953669	1
C:\My_Project\AIGC\results\research\p1_r8_shadow_composite_tradeoff_20260819\stress_cache\fake_205__whitening_medium.png	filtered_fake	0.933478	1
C:\My_Project\AIGC\results\research\p1_r8_shadow_composite_tradeoff_20260819\stress_cache\fake_205__combined_medium.png	filtered_fake	0.954777	1
C:\My_Project\AIGC\results\research\p1_r8_shadow_composite_tradeoff_20260819\stress_cache\fake_205__combined_heavy.png	filtered_fake	0.950772	1
C:\My_Project\AIGC\results\research\p1_r8_shadow_composite_tradeoff_20260819\stress_cache\fake_205__eye_enlarging.png	filtered_fake	0.913801	1
C:\My_Project\AIGC\results\research\p1_r8_shadow_composite_tradeoff_20260819\stress_cache\fake_205__face_reshaping.png	filtered_fake	0.862813	1
C:\My_Project\AIGC\results\research\p1_r8_shadow_composite_tradeoff_20260819\stress_cache\fake_206__smoothing_light.png	filtered_fake	0.943668	1
C:\My_Project\AIGC\results\research\p1_r8_shadow_composite_tradeoff_20260819\stress_cache\fake_206__smoothing_medium.png	filtered_fake	0.946810	1
C:\My_Project\AIGC\results\research\p1_r8_shadow_composite_tradeoff_20260819\stress_cache\fake_206__smoothing_heavy.png	filtered_fake	0.950278	1
C:\My_Project\AIGC\results\research\p1_r8_shadow_composite_tradeoff_20260819\stress_cache\fake_206__whitening_medium.png	filtered_fake	0.932789	1
C:\My_Project\AIGC\results\research\p1_r8_shadow_composite_tradeoff_20260819\stress_cache\fake_206__combined_medium.png	filtered_fake	0.946076	1
C:\My_Project\AIGC\results\research\p1_r8_shadow_composite_tradeoff_20260819\stress_cache\fake_206__combined_heavy.png	filtered_fake	0.949658	1
C:\My_Project\AIGC\results\research\p1_r8_shadow_composite_tradeoff_20260819\stress_cache\fake_206__eye_enlarging.png	filtered_fake	0.907919	1
C:\My_Project\AIGC\results\research\p1_r8_shadow_composite_tradeoff_20260819\stress_cache\fake_206__face_reshaping.png	filtered_fake	0.925265	1
C:\My_Project\AIGC\results\research\p1_r8_shadow_composite_tradeoff_20260819\stress_cache\fake_207__smoothing_light.png	filtered_fake	0.938772	1
C:\My_Project\AIGC\results\research\p1_r8_shadow_composite_tradeoff_20260819\stress_cache\fake_207__smoothing_medium.png	filtered_fake	0.945371	1
C:\My_Project\AIGC\results\research\p1_r8_shadow_composite_tradeoff_20260819\stress_cache\fake_207__smoothing_heavy.png	filtered_fake	0.942497	1
C:\My_Project\AIGC\results\research\p1_r8_shadow_composite_tradeoff_20260819\stress_cache\fake_207__whitening_medium.png	filtered_fake	0.693661	1
C:\My_Project\AIGC\results\research\p1_r8_shadow_composite_tradeoff_20260819\stress_cache\fake_207__combined_medium.png	filtered_fake	0.945774	1
C:\My_Project\AIGC\results\research\p1_r8_shadow_composite_tradeoff_20260819\stress_cache\fake_207__combined_heavy.png	filtered_fake	0.935438	1
C:\My_Project\AIGC\results\research\p1_r8_shadow_composite_tradeoff_20260819\stress_cache\fake_207__eye_enlarging.png	filtered_fake	0.891748	1
C:\My_Project\AIGC\results\research\p1_r8_shadow_composite_tradeoff_20260819\stress_cache\fake_207__face_reshaping.png	filtered_fake	0.683557	1
C:\My_Project\AIGC\results\research\p1_r8_shadow_composite_tradeoff_20260819\stress_cache\fake_208__smoothing_light.png	filtered_fake	0.832618	1
C:\My_Project\AIGC\results\research\p1_r8_shadow_composite_tradeoff_20260819\stress_cache\fake_208__smoothing_medium.png	filtered_fake	0.913155	1
C:\My_Project\AIGC\results\research\p1_r8_shadow_composite_tradeoff_20260819\stress_cache\fake_208__smoothing_heavy.png	filtered_fake	0.797842	1
C:\My_Project\AIGC\results\research\p1_r8_shadow_composite_tradeoff_20260819\stress_cache\fake_208__whitening_medium.png	filtered_fake	0.046144	0
C:\My_Project\AIGC\results\research\p1_r8_shadow_composite_tradeoff_20260819\stress_cache\fake_208__combined_medium.png	filtered_fake	0.903007	1
C:\My_Project\AIGC\results\research\p1_r8_shadow_composite_tradeoff_20260819\stress_cache\fake_208__combined_heavy.png	filtered_fake	0.901774	1
C:\My_Project\AIGC\results\research\p1_r8_shadow_composite_tradeoff_20260819\stress_cache\fake_208__eye_enlarging.png	filtered_fake	0.065984	0
C:\My_Project\AIGC\results\research\p1_r8_shadow_composite_tradeoff_20260819\stress_cache\fake_208__face_reshaping.png	filtered_fake	0.096909	0
C:\My_Project\AIGC\results\research\p1_r8_shadow_composite_tradeoff_20260819\stress_cache\fake_209__smoothing_light.png	filtered_fake	0.941030	1
C:\My_Project\AIGC\results\research\p1_r8_shadow_composite_tradeoff_20260819\stress_cache\fake_209__smoothing_medium.png	filtered_fake	0.947144	1
C:\My_Project\AIGC\results\research\p1_r8_shadow_composite_tradeoff_20260819\stress_cache\fake_209__smoothing_heavy.png	filtered_fake	0.946710	1
C:\My_Project\AIGC\results\research\p1_r8_shadow_composite_tradeoff_20260819\stress_cache\fake_209__whitening_medium.png	filtered_fake	0.938307	1
C:\My_Project\AIGC\results\research\p1_r8_shadow_composite_tradeoff_20260819\stress_cache\fake_209__combined_medium.png	filtered_fake	0.948407	1
C:\My_Project\AIGC\results\research\p1_r8_shadow_composite_tradeoff_20260819\stress_cache\fake_209__combined_heavy.png	filtered_fake	0.947963	1
C:\My_Project\AIGC\results\research\p1_r8_shadow_composite_tradeoff_20260819\stress_cache\fake_209__eye_enlarging.png	filtered_fake	0.936055	1
C:\My_Project\AIGC\results\research\p1_r8_shadow_composite_tradeoff_20260819\stress_cache\fake_209__face_reshaping.png	filtered_fake	0.937662	1
C:\My_Project\AIGC\results\research\p1_r8_shadow_composite_tradeoff_20260819\stress_cache\fake_21__smoothing_light.png	filtered_fake	0.952774	1
C:\My_Project\AIGC\results\research\p1_r8_shadow_composite_tradeoff_20260819\stress_cache\fake_21__smoothing_medium.png	filtered_fake	0.950734	1
C:\My_Project\AIGC\results\research\p1_r8_shadow_composite_tradeoff_20260819\stress_cache\fake_21__smoothing_heavy.png	filtered_fake	0.951269	1
C:\My_Project\AIGC\results\research\p1_r8_shadow_composite_tradeoff_20260819\stress_cache\fake_21__whitening_medium.png	filtered_fake	0.942068	1
C:\My_Project\AIGC\results\research\p1_r8_shadow_composite_tradeoff_20260819\stress_cache\fake_21__combined_medium.png	filtered_fake	0.948741	1
C:\My_Project\AIGC\results\research\p1_r8_shadow_composite_tradeoff_20260819\stress_cache\fake_21__combined_heavy.png	filtered_fake	0.949344	1
C:\My_Project\AIGC\results\research\p1_r8_shadow_composite_tradeoff_20260819\stress_cache\fake_21__eye_enlarging.png	filtered_fake	0.946574	1
C:\My_Project\AIGC\results\research\p1_r8_shadow_composite_tradeoff_20260819\stress_cache\fake_21__face_reshaping.png	filtered_fake	0.913857	1
C:\My_Project\AIGC\results\research\p1_r8_shadow_composite_tradeoff_20260819\stress_cache\fake_210__smoothing_light.png	filtered_fake	0.928736	1
C:\My_Project\AIGC\results\research\p1_r8_shadow_composite_tradeoff_20260819\stress_cache\fake_210__smoothing_medium.png	filtered_fake	0.944324	1
C:\My_Project\AIGC\results\research\p1_r8_shadow_composite_tradeoff_20260819\stress_cache\fake_210__smoothing_heavy.png	filtered_fake	0.938223	1
C:\My_Project\AIGC\results\research\p1_r8_shadow_composite_tradeoff_20260819\stress_cache\fake_210__whitening_medium.png	filtered_fake	0.688776	1
C:\My_Project\AIGC\results\research\p1_r8_shadow_composite_tradeoff_20260819\stress_cache\fake_210__combined_medium.png	filtered_fake	0.944066	1
C:\My_Project\AIGC\results\research\p1_r8_shadow_composite_tradeoff_20260819\stress_cache\fake_210__combined_heavy.png	filtered_fake	0.936659	1
C:\My_Project\AIGC\results\research\p1_r8_shadow_composite_tradeoff_20260819\stress_cache\fake_210__eye_enlarging.png	filtered_fake	0.387801	0
C:\My_Project\AIGC\results\research\p1_r8_shadow_composite_tradeoff_20260819\stress_cache\fake_210__face_reshaping.png	filtered_fake	0.672931	1
C:\My_Project\AIGC\results\research\p1_r8_shadow_composite_tradeoff_20260819\stress_cache\fake_211__smoothing_light.png	filtered_fake	0.927237	1
C:\My_Project\AIGC\results\research\p1_r8_shadow_composite_tradeoff_20260819\stress_cache\fake_211__smoothing_medium.png	filtered_fake	0.940942	1
C:\My_Project\AIGC\results\research\p1_r8_shadow_composite_tradeoff_20260819\stress_cache\fake_211__smoothing_heavy.png	filtered_fake	0.937535	1
C:\My_Project\AIGC\results\research\p1_r8_shadow_composite_tradeoff_20260819\stress_cache\fake_211__whitening_medium.png	filtered_fake	0.909826	1
C:\My_Project\AIGC\results\research\p1_r8_shadow_composite_tradeoff_20260819\stress_cache\fake_211__combined_medium.png	filtered_fake	0.938557	1
C:\My_Project\AIGC\results\research\p1_r8_shadow_composite_tradeoff_20260819\stress_cache\fake_211__combined_heavy.png	filtered_fake	0.920638	1
C:\My_Project\AIGC\results\research\p1_r8_shadow_composite_tradeoff_20260819\stress_cache\fake_211__eye_enlarging.png	filtered_fake	0.895362	1
C:\My_Project\AIGC\results\research\p1_r8_shadow_composite_tradeoff_20260819\stress_cache\fake_211__face_reshaping.png	filtered_fake	0.923158	1
C:\My_Project\AIGC\results\research\p1_r8_shadow_composite_tradeoff_20260819\stress_cache\fake_212__smoothing_light.png	filtered_fake	0.917816	1
C:\My_Project\AIGC\results\research\p1_r8_shadow_composite_tradeoff_20260819\stress_cache\fake_212__smoothing_medium.png	filtered_fake	0.944658	1
C:\My_Project\AIGC\results\research\p1_r8_shadow_composite_tradeoff_20260819\stress_cache\fake_212__smoothing_heavy.png	filtered_fake	0.944655	1
C:\My_Project\AIGC\results\research\p1_r8_shadow_composite_tradeoff_20260819\stress_cache\fake_212__whitening_medium.png	filtered_fake	0.861266	1
C:\My_Project\AIGC\results\research\p1_r8_shadow_composite_tradeoff_20260819\stress_cache\fake_212__combined_medium.png	filtered_fake	0.948759	1
C:\My_Project\AIGC\results\research\p1_r8_shadow_composite_tradeoff_20260819\stress_cache\fake_212__combined_heavy.png	filtered_fake	0.950312	1
C:\My_Project\AIGC\results\research\p1_r8_shadow_composite_tradeoff_20260819\stress_cache\fake_212__eye_enlarging.png	filtered_fake	0.228920	0
C:\My_Project\AIGC\results\research\p1_r8_shadow_composite_tradeoff_20260819\stress_cache\fake_212__face_reshaping.png	filtered_fake	0.055614	0
C:\My_Project\AIGC\results\research\p1_r8_shadow_composite_tradeoff_20260819\stress_cache\fake_213__smoothing_light.png	filtered_fake	0.898097	1
C:\My_Project\AIGC\results\research\p1_r8_shadow_composite_tradeoff_20260819\stress_cache\fake_213__smoothing_medium.png	filtered_fake	0.936602	1
C:\My_Project\AIGC\results\research\p1_r8_shadow_composite_tradeoff_20260819\stress_cache\fake_213__smoothing_heavy.png	filtered_fake	0.941770	1
C:\My_Project\AIGC\results\research\p1_r8_shadow_composite_tradeoff_20260819\stress_cache\fake_213__whitening_medium.png	filtered_fake	0.180194	0
C:\My_Project\AIGC\results\research\p1_r8_shadow_composite_tradeoff_20260819\stress_cache\fake_213__combined_medium.png	filtered_fake	0.939162	1
C:\My_Project\AIGC\results\research\p1_r8_shadow_composite_tradeoff_20260819\stress_cache\fake_213__combined_heavy.png	filtered_fake	0.938579	1
C:\My_Project\AIGC\results\research\p1_r8_shadow_composite_tradeoff_20260819\stress_cache\fake_213__eye_enlarging.png	filtered_fake	0.688742	1
C:\My_Project\AIGC\results\research\p1_r8_shadow_composite_tradeoff_20260819\stress_cache\fake_213__face_reshaping.png	filtered_fake	0.416420	0
C:\My_Project\AIGC\results\research\p1_r8_shadow_composite_tradeoff_20260819\stress_cache\fake_214__smoothing_light.png	filtered_fake	0.923272	1
C:\My_Project\AIGC\results\research\p1_r8_shadow_composite_tradeoff_20260819\stress_cache\fake_214__smoothing_medium.png	filtered_fake	0.936435	1
C:\My_Project\AIGC\results\research\p1_r8_shadow_composite_tradeoff_20260819\stress_cache\fake_214__smoothing_heavy.png	filtered_fake	0.926908	1
C:\My_Project\AIGC\results\research\p1_r8_shadow_composite_tradeoff_20260819\stress_cache\fake_214__whitening_medium.png	filtered_fake	0.673550	1
C:\My_Project\AIGC\results\research\p1_r8_shadow_composite_tradeoff_20260819\stress_cache\fake_214__combined_medium.png	filtered_fake	0.936732	1
C:\My_Project\AIGC\results\research\p1_r8_shadow_composite_tradeoff_20260819\stress_cache\fake_214__combined_heavy.png	filtered_fake	0.916263	1
C:\My_Project\AIGC\results\research\p1_r8_shadow_composite_tradeoff_20260819\stress_cache\fake_214__eye_enlarging.png	filtered_fake	0.101216	0
C:\My_Project\AIGC\results\research\p1_r8_shadow_composite_tradeoff_20260819\stress_cache\fake_214__face_reshaping.png	filtered_fake	0.220607	0
C:\My_Project\AIGC\results\research\p1_r8_shadow_composite_tradeoff_20260819\stress_cache\fake_215__smoothing_light.png	filtered_fake	0.078198	0
C:\My_Project\AIGC\results\research\p1_r8_shadow_composite_tradeoff_20260819\stress_cache\fake_215__smoothing_medium.png	filtered_fake	0.740503	1
C:\My_Project\AIGC\results\research\p1_r8_shadow_composite_tradeoff_20260819\stress_cache\fake_215__smoothing_heavy.png	filtered_fake	0.544841	1
C:\My_Project\AIGC\results\research\p1_r8_shadow_composite_tradeoff_20260819\stress_cache\fake_215__whitening_medium.png	filtered_fake	0.046642	0
C:\My_Project\AIGC\results\research\p1_r8_shadow_composite_tradeoff_20260819\stress_cache\fake_215__combined_medium.png	filtered_fake	0.669833	1
C:\My_Project\AIGC\results\research\p1_r8_shadow_composite_tradeoff_20260819\stress_cache\fake_215__combined_heavy.png	filtered_fake	0.605767	1
C:\My_Project\AIGC\results\research\p1_r8_shadow_composite_tradeoff_20260819\stress_cache\fake_215__eye_enlarging.png	filtered_fake	0.065736	0
C:\My_Project\AIGC\results\research\p1_r8_shadow_composite_tradeoff_20260819\stress_cache\fake_215__face_reshaping.png	filtered_fake	0.077787	0
C:\My_Project\AIGC\results\research\p1_r8_shadow_composite_tradeoff_20260819\stress_cache\fake_216__smoothing_light.png	filtered_fake	0.870760	1
C:\My_Project\AIGC\results\research\p1_r8_shadow_composite_tradeoff_20260819\stress_cache\fake_216__smoothing_medium.png	filtered_fake	0.948015	1
C:\My_Project\AIGC\results\research\p1_r8_shadow_composite_tradeoff_20260819\stress_cache\fake_216__smoothing_heavy.png	filtered_fake	0.944765	1
C:\My_Project\AIGC\results\research\p1_r8_shadow_composite_tradeoff_20260819\stress_cache\fake_216__whitening_medium.png	filtered_fake	0.055478	0
C:\My_Project\AIGC\results\research\p1_r8_shadow_composite_tradeoff_20260819\stress_cache\fake_216__combined_medium.png	filtered_fake	0.947982	1
C:\My_Project\AIGC\results\research\p1_r8_shadow_composite_tradeoff_20260819\stress_cache\fake_216__combined_heavy.png	filtered_fake	0.937321	1
C:\My_Project\AIGC\results\research\p1_r8_shadow_composite_tradeoff_20260819\stress_cache\fake_216__eye_enlarging.png	filtered_fake	0.067767	0
C:\My_Project\AIGC\results\research\p1_r8_shadow_composite_tradeoff_20260819\stress_cache\fake_216__face_reshaping.png	filtered_fake	0.054386	0
C:\My_Project\AIGC\results\research\p1_r8_shadow_composite_tradeoff_20260819\stress_cache\fake_217__smoothing_light.png	filtered_fake	0.945777	1
C:\My_Project\AIGC\results\research\p1_r8_shadow_composite_tradeoff_20260819\stress_cache\fake_217__smoothing_medium.png	filtered_fake	0.952805	1
C:\My_Project\AIGC\results\research\p1_r8_shadow_composite_tradeoff_20260819\stress_cache\fake_217__smoothing_heavy.png	filtered_fake	0.943407	1
C:\My_Project\AIGC\results\research\p1_r8_shadow_composite_tradeoff_20260819\stress_cache\fake_217__whitening_medium.png	filtered_fake	0.947611	1
C:\My_Project\AIGC\results\research\p1_r8_shadow_composite_tradeoff_20260819\stress_cache\fake_217__combined_medium.png	filtered_fake	0.948952	1
C:\My_Project\AIGC\results\research\p1_r8_shadow_composite_tradeoff_20260819\stress_cache\fake_217__combined_heavy.png	filtered_fake	0.938551	1
C:\My_Project\AIGC\results\research\p1_r8_shadow_composite_tradeoff_20260819\stress_cache\fake_217__eye_enlarging.png	filtered_fake	0.919789	1
C:\My_Project\AIGC\results\research\p1_r8_shadow_composite_tradeoff_20260819\stress_cache\fake_217__face_reshaping.png	filtered_fake	0.715582	1
C:\My_Project\AIGC\results\research\p1_r8_shadow_composite_tradeoff_20260819\stress_cache\fake_218__smoothing_light.png	filtered_fake	0.870717	1
C:\My_Project\AIGC\results\research\p1_r8_shadow_composite_tradeoff_20260819\stress_cache\fake_218__smoothing_medium.png	filtered_fake	0.939454	1
C:\My_Project\AIGC\results\research\p1_r8_shadow_composite_tradeoff_20260819\stress_cache\fake_218__smoothing_heavy.png	filtered_fake	0.922891	1
C:\My_Project\AIGC\results\research\p1_r8_shadow_composite_tradeoff_20260819\stress_cache\fake_218__whitening_medium.png	filtered_fake	0.580400	1
C:\My_Project\AIGC\results\research\p1_r8_shadow_composite_tradeoff_20260819\stress_cache\fake_218__combined_medium.png	filtered_fake	0.937639	1
C:\My_Project\AIGC\results\research\p1_r8_shadow_composite_tradeoff_20260819\stress_cache\fake_218__combined_heavy.png	filtered_fake	0.935361	1
C:\My_Project\AIGC\results\research\p1_r8_shadow_composite_tradeoff_20260819\stress_cache\fake_218__eye_enlarging.png	filtered_fake	0.635249	1
C:\My_Project\AIGC\results\research\p1_r8_shadow_composite_tradeoff_20260819\stress_cache\fake_218__face_reshaping.png	filtered_fake	0.456473	1
C:\My_Project\AIGC\results\research\p1_r8_shadow_composite_tradeoff_20260819\stress_cache\fake_219__smoothing_light.png	filtered_fake	0.946430	1
C:\My_Project\AIGC\results\research\p1_r8_shadow_composite_tradeoff_20260819\stress_cache\fake_219__smoothing_medium.png	filtered_fake	0.951053	1
C:\My_Project\AIGC\results\research\p1_r8_shadow_composite_tradeoff_20260819\stress_cache\fake_219__smoothing_heavy.png	filtered_fake	0.953100	1
C:\My_Project\AIGC\results\research\p1_r8_shadow_composite_tradeoff_20260819\stress_cache\fake_219__whitening_medium.png	filtered_fake	0.950680	1
C:\My_Project\AIGC\results\research\p1_r8_shadow_composite_tradeoff_20260819\stress_cache\fake_219__combined_medium.png	filtered_fake	0.951589	1
C:\My_Project\AIGC\results\research\p1_r8_shadow_composite_tradeoff_20260819\stress_cache\fake_219__combined_heavy.png	filtered_fake	0.951391	1
C:\My_Project\AIGC\results\research\p1_r8_shadow_composite_tradeoff_20260819\stress_cache\fake_219__eye_enlarging.png	filtered_fake	0.954437	1
C:\My_Project\AIGC\results\research\p1_r8_shadow_composite_tradeoff_20260819\stress_cache\fake_219__face_reshaping.png	filtered_fake	0.950999	1
C:\My_Project\AIGC\results\research\p1_r8_shadow_composite_tradeoff_20260819\stress_cache\fake_220__smoothing_light.png	filtered_fake	0.881307	1
C:\My_Project\AIGC\results\research\p1_r8_shadow_composite_tradeoff_20260819\stress_cache\fake_220__smoothing_medium.png	filtered_fake	0.935790	1
C:\My_Project\AIGC\results\research\p1_r8_shadow_composite_tradeoff_20260819\stress_cache\fake_220__smoothing_heavy.png	filtered_fake	0.936296	1
C:\My_Project\AIGC\results\research\p1_r8_shadow_composite_tradeoff_20260819\stress_cache\fake_220__whitening_medium.png	filtered_fake	0.877825	1
C:\My_Project\AIGC\results\research\p1_r8_shadow_composite_tradeoff_20260819\stress_cache\fake_220__combined_medium.png	filtered_fake	0.924926	1
C:\My_Project\AIGC\results\research\p1_r8_shadow_composite_tradeoff_20260819\stress_cache\fake_220__combined_heavy.png	filtered_fake	0.905328	1
C:\My_Project\AIGC\results\research\p1_r8_shadow_composite_tradeoff_20260819\stress_cache\fake_220__eye_enlarging.png	filtered_fake	0.901028	1
C:\My_Project\AIGC\results\research\p1_r8_shadow_composite_tradeoff_20260819\stress_cache\fake_220__face_reshaping.png	filtered_fake	0.921274	1
C:\My_Project\AIGC\results\research\p1_r8_shadow_composite_tradeoff_20260819\stress_cache\fake_221__smoothing_light.png	filtered_fake	0.911644	1
C:\My_Project\AIGC\results\research\p1_r8_shadow_composite_tradeoff_20260819\stress_cache\fake_221__smoothing_medium.png	filtered_fake	0.940990	1
C:\My_Project\AIGC\results\research\p1_r8_shadow_composite_tradeoff_20260819\stress_cache\fake_221__smoothing_heavy.png	filtered_fake	0.941648	1
C:\My_Project\AIGC\results\research\p1_r8_shadow_composite_tradeoff_20260819\stress_cache\fake_221__whitening_medium.png	filtered_fake	0.933790	1
C:\My_Project\AIGC\results\research\p1_r8_shadow_composite_tradeoff_20260819\stress_cache\fake_221__combined_medium.png	filtered_fake	0.939174	1
C:\My_Project\AIGC\results\research\p1_r8_shadow_composite_tradeoff_20260819\stress_cache\fake_221__combined_heavy.png	filtered_fake	0.940482	1
C:\My_Project\AIGC\results\research\p1_r8_shadow_composite_tradeoff_20260819\stress_cache\fake_221__eye_enlarging.png	filtered_fake	0.935957	1
C:\My_Project\AIGC\results\research\p1_r8_shadow_composite_tradeoff_20260819\stress_cache\fake_221__face_reshaping.png	filtered_fake	0.931389	1
C:\My_Project\AIGC\results\research\p1_r8_shadow_composite_tradeoff_20260819\stress_cache\fake_222__smoothing_light.png	filtered_fake	0.938822	1
C:\My_Project\AIGC\results\research\p1_r8_shadow_composite_tradeoff_20260819\stress_cache\fake_222__smoothing_medium.png	filtered_fake	0.941395	1
C:\My_Project\AIGC\results\research\p1_r8_shadow_composite_tradeoff_20260819\stress_cache\fake_222__smoothing_heavy.png	filtered_fake	0.924737	1
C:\My_Project\AIGC\results\research\p1_r8_shadow_composite_tradeoff_20260819\stress_cache\fake_222__whitening_medium.png	filtered_fake	0.216808	0
C:\My_Project\AIGC\results\research\p1_r8_shadow_composite_tradeoff_20260819\stress_cache\fake_222__combined_medium.png	filtered_fake	0.939247	1
C:\My_Project\AIGC\results\research\p1_r8_shadow_composite_tradeoff_20260819\stress_cache\fake_222__combined_heavy.png	filtered_fake	0.911642	1
C:\My_Project\AIGC\results\research\p1_r8_shadow_composite_tradeoff_20260819\stress_cache\fake_222__eye_enlarging.png	filtered_fake	0.140400	0
C:\My_Project\AIGC\results\research\p1_r8_shadow_composite_tradeoff_20260819\stress_cache\fake_222__face_reshaping.png	filtered_fake	0.221541	0
C:\My_Project\AIGC\results\research\p1_r8_shadow_composite_tradeoff_20260819\stress_cache\fake_223__smoothing_light.png	filtered_fake	0.948719	1
C:\My_Project\AIGC\results\research\p1_r8_shadow_composite_tradeoff_20260819\stress_cache\fake_223__smoothing_medium.png	filtered_fake	0.954464	1
C:\My_Project\AIGC\results\research\p1_r8_shadow_composite_tradeoff_20260819\stress_cache\fake_223__smoothing_heavy.png	filtered_fake	0.952452	1
C:\My_Project\AIGC\results\research\p1_r8_shadow_composite_tradeoff_20260819\stress_cache\fake_223__whitening_medium.png	filtered_fake	0.931022	1
C:\My_Project\AIGC\results\research\p1_r8_shadow_composite_tradeoff_20260819\stress_cache\fake_223__combined_medium.png	filtered_fake	0.956833	1
C:\My_Project\AIGC\results\research\p1_r8_shadow_composite_tradeoff_20260819\stress_cache\fake_223__combined_heavy.png	filtered_fake	0.957941	1
C:\My_Project\AIGC\results\research\p1_r8_shadow_composite_tradeoff_20260819\stress_cache\fake_223__eye_enlarging.png	filtered_fake	0.908092	1
C:\My_Project\AIGC\results\research\p1_r8_shadow_composite_tradeoff_20260819\stress_cache\fake_223__face_reshaping.png	filtered_fake	0.898893	1
C:\My_Project\AIGC\results\research\p1_r8_shadow_composite_tradeoff_20260819\stress_cache\fake_224__smoothing_light.png	filtered_fake	0.931873	1
C:\My_Project\AIGC\results\research\p1_r8_shadow_composite_tradeoff_20260819\stress_cache\fake_224__smoothing_medium.png	filtered_fake	0.942283	1
C:\My_Project\AIGC\results\research\p1_r8_shadow_composite_tradeoff_20260819\stress_cache\fake_224__smoothing_heavy.png	filtered_fake	0.941813	1
C:\My_Project\AIGC\results\research\p1_r8_shadow_composite_tradeoff_20260819\stress_cache\fake_224__whitening_medium.png	filtered_fake	0.093398	0
C:\My_Project\AIGC\results\research\p1_r8_shadow_composite_tradeoff_20260819\stress_cache\fake_224__combined_medium.png	filtered_fake	0.943127	1
C:\My_Project\AIGC\results\research\p1_r8_shadow_composite_tradeoff_20260819\stress_cache\fake_224__combined_heavy.png	filtered_fake	0.942132	1
C:\My_Project\AIGC\results\research\p1_r8_shadow_composite_tradeoff_20260819\stress_cache\fake_224__eye_enlarging.png	filtered_fake	0.056909	0
C:\My_Project\AIGC\results\research\p1_r8_shadow_composite_tradeoff_20260819\stress_cache\fake_224__face_reshaping.png	filtered_fake	0.085427	0
C:\My_Project\AIGC\results\research\p1_r8_shadow_composite_tradeoff_20260819\stress_cache\fake_225__smoothing_light.png	filtered_fake	0.939296	1
C:\My_Project\AIGC\results\research\p1_r8_shadow_composite_tradeoff_20260819\stress_cache\fake_225__smoothing_medium.png	filtered_fake	0.940432	1
C:\My_Project\AIGC\results\research\p1_r8_shadow_composite_tradeoff_20260819\stress_cache\fake_225__smoothing_heavy.png	filtered_fake	0.927209	1
C:\My_Project\AIGC\results\research\p1_r8_shadow_composite_tradeoff_20260819\stress_cache\fake_225__whitening_medium.png	filtered_fake	0.958753	1
C:\My_Project\AIGC\results\research\p1_r8_shadow_composite_tradeoff_20260819\stress_cache\fake_225__combined_medium.png	filtered_fake	0.939896	1
C:\My_Project\AIGC\results\research\p1_r8_shadow_composite_tradeoff_20260819\stress_cache\fake_225__combined_heavy.png	filtered_fake	0.930560	1
C:\My_Project\AIGC\results\research\p1_r8_shadow_composite_tradeoff_20260819\stress_cache\fake_225__eye_enlarging.png	filtered_fake	0.954864	1
C:\My_Project\AIGC\results\research\p1_r8_shadow_composite_tradeoff_20260819\stress_cache\fake_225__face_reshaping.png	filtered_fake	0.958475	1
C:\My_Project\AIGC\results\research\p1_r8_shadow_composite_tradeoff_20260819\stress_cache\fake_226__smoothing_light.png	filtered_fake	0.924849	1
C:\My_Project\AIGC\results\research\p1_r8_shadow_composite_tradeoff_20260819\stress_cache\fake_226__smoothing_medium.png	filtered_fake	0.946478	1
C:\My_Project\AIGC\results\research\p1_r8_shadow_composite_tradeoff_20260819\stress_cache\fake_226__smoothing_heavy.png	filtered_fake	0.947286	1
C:\My_Project\AIGC\results\research\p1_r8_shadow_composite_tradeoff_20260819\stress_cache\fake_226__whitening_medium.png	filtered_fake	0.905345	1
C:\My_Project\AIGC\results\research\p1_r8_shadow_composite_tradeoff_20260819\stress_cache\fake_226__combined_medium.png	filtered_fake	0.943256	1
C:\My_Project\AIGC\results\research\p1_r8_shadow_composite_tradeoff_20260819\stress_cache\fake_226__combined_heavy.png	filtered_fake	0.940614	1
C:\My_Project\AIGC\results\research\p1_r8_shadow_composite_tradeoff_20260819\stress_cache\fake_226__eye_enlarging.png	filtered_fake	0.886170	1
C:\My_Project\AIGC\results\research\p1_r8_shadow_composite_tradeoff_20260819\stress_cache\fake_226__face_reshaping.png	filtered_fake	0.927855	1
C:\My_Project\AIGC\results\research\p1_r8_shadow_composite_tradeoff_20260819\stress_cache\fake_227__smoothing_light.png	filtered_fake	0.935745	1
C:\My_Project\AIGC\results\research\p1_r8_shadow_composite_tradeoff_20260819\stress_cache\fake_227__smoothing_medium.png	filtered_fake	0.941098	1
C:\My_Project\AIGC\results\research\p1_r8_shadow_composite_tradeoff_20260819\stress_cache\fake_227__smoothing_heavy.png	filtered_fake	0.937807	1
C:\My_Project\AIGC\results\research\p1_r8_shadow_composite_tradeoff_20260819\stress_cache\fake_227__whitening_medium.png	filtered_fake	0.950546	1
C:\My_Project\AIGC\results\research\p1_r8_shadow_composite_tradeoff_20260819\stress_cache\fake_227__combined_medium.png	filtered_fake	0.944819	1
C:\My_Project\AIGC\results\research\p1_r8_shadow_composite_tradeoff_20260819\stress_cache\fake_227__combined_heavy.png	filtered_fake	0.931687	1
C:\My_Project\AIGC\results\research\p1_r8_shadow_composite_tradeoff_20260819\stress_cache\fake_227__eye_enlarging.png	filtered_fake	0.952235	1
C:\My_Project\AIGC\results\research\p1_r8_shadow_composite_tradeoff_20260819\stress_cache\fake_227__face_reshaping.png	filtered_fake	0.959216	1
C:\My_Project\AIGC\results\research\p1_r8_shadow_composite_tradeoff_20260819\stress_cache\fake_228__smoothing_light.png	filtered_fake	0.867186	1
C:\My_Project\AIGC\results\research\p1_r8_shadow_composite_tradeoff_20260819\stress_cache\fake_228__smoothing_medium.png	filtered_fake	0.928267	1
C:\My_Project\AIGC\results\research\p1_r8_shadow_composite_tradeoff_20260819\stress_cache\fake_228__smoothing_heavy.png	filtered_fake	0.937946	1
C:\My_Project\AIGC\results\research\p1_r8_shadow_composite_tradeoff_20260819\stress_cache\fake_228__whitening_medium.png	filtered_fake	0.957732	1
C:\My_Project\AIGC\results\research\p1_r8_shadow_composite_tradeoff_20260819\stress_cache\fake_228__combined_medium.png	filtered_fake	0.926980	1
C:\My_Project\AIGC\results\research\p1_r8_shadow_composite_tradeoff_20260819\stress_cache\fake_228__combined_heavy.png	filtered_fake	0.931522	1
C:\My_Project\AIGC\results\research\p1_r8_shadow_composite_tradeoff_20260819\stress_cache\fake_228__eye_enlarging.png	filtered_fake	0.954921	1
C:\My_Project\AIGC\results\research\p1_r8_shadow_composite_tradeoff_20260819\stress_cache\fake_228__face_reshaping.png	filtered_fake	0.934903	1
C:\My_Project\AIGC\results\research\p1_r8_shadow_composite_tradeoff_20260819\stress_cache\fake_229__smoothing_light.png	filtered_fake	0.713259	1
C:\My_Project\AIGC\results\research\p1_r8_shadow_composite_tradeoff_20260819\stress_cache\fake_229__smoothing_medium.png	filtered_fake	0.894117	1
C:\My_Project\AIGC\results\research\p1_r8_shadow_composite_tradeoff_20260819\stress_cache\fake_229__smoothing_heavy.png	filtered_fake	0.911733	1
C:\My_Project\AIGC\results\research\p1_r8_shadow_composite_tradeoff_20260819\stress_cache\fake_229__whitening_medium.png	filtered_fake	0.256887	0
C:\My_Project\AIGC\results\research\p1_r8_shadow_composite_tradeoff_20260819\stress_cache\fake_229__combined_medium.png	filtered_fake	0.916809	1
C:\My_Project\AIGC\results\research\p1_r8_shadow_composite_tradeoff_20260819\stress_cache\fake_229__combined_heavy.png	filtered_fake	0.882402	1
C:\My_Project\AIGC\results\research\p1_r8_shadow_composite_tradeoff_20260819\stress_cache\fake_229__eye_enlarging.png	filtered_fake	0.221928	0
C:\My_Project\AIGC\results\research\p1_r8_shadow_composite_tradeoff_20260819\stress_cache\fake_229__face_reshaping.png	filtered_fake	0.769339	1
C:\My_Project\AIGC\results\research\p1_r8_shadow_composite_tradeoff_20260819\stress_cache\fake_230__smoothing_light.png	filtered_fake	0.926007	1
C:\My_Project\AIGC\results\research\p1_r8_shadow_composite_tradeoff_20260819\stress_cache\fake_230__smoothing_medium.png	filtered_fake	0.925828	1
C:\My_Project\AIGC\results\research\p1_r8_shadow_composite_tradeoff_20260819\stress_cache\fake_230__smoothing_heavy.png	filtered_fake	0.911017	1
C:\My_Project\AIGC\results\research\p1_r8_shadow_composite_tradeoff_20260819\stress_cache\fake_230__whitening_medium.png	filtered_fake	0.866443	1
C:\My_Project\AIGC\results\research\p1_r8_shadow_composite_tradeoff_20260819\stress_cache\fake_230__combined_medium.png	filtered_fake	0.924143	1
C:\My_Project\AIGC\results\research\p1_r8_shadow_composite_tradeoff_20260819\stress_cache\fake_230__combined_heavy.png	filtered_fake	0.848872	1
C:\My_Project\AIGC\results\research\p1_r8_shadow_composite_tradeoff_20260819\stress_cache\fake_230__eye_enlarging.png	filtered_fake	0.890879	1
C:\My_Project\AIGC\results\research\p1_r8_shadow_composite_tradeoff_20260819\stress_cache\fake_230__face_reshaping.png	filtered_fake	0.880223	1
C:\My_Project\AIGC\results\research\p1_r8_shadow_composite_tradeoff_20260819\stress_cache\fake_231__smoothing_light.png	filtered_fake	0.918179	1
C:\My_Project\AIGC\results\research\p1_r8_shadow_composite_tradeoff_20260819\stress_cache\fake_231__smoothing_medium.png	filtered_fake	0.929869	1
C:\My_Project\AIGC\results\research\p1_r8_shadow_composite_tradeoff_20260819\stress_cache\fake_231__smoothing_heavy.png	filtered_fake	0.920111	1
C:\My_Project\AIGC\results\research\p1_r8_shadow_composite_tradeoff_20260819\stress_cache\fake_231__whitening_medium.png	filtered_fake	0.897070	1
C:\My_Project\AIGC\results\research\p1_r8_shadow_composite_tradeoff_20260819\stress_cache\fake_231__combined_medium.png	filtered_fake	0.922444	1
C:\My_Project\AIGC\results\research\p1_r8_shadow_composite_tradeoff_20260819\stress_cache\fake_231__combined_heavy.png	filtered_fake	0.891326	1
C:\My_Project\AIGC\results\research\p1_r8_shadow_composite_tradeoff_20260819\stress_cache\fake_231__eye_enlarging.png	filtered_fake	0.870819	1
C:\My_Project\AIGC\results\research\p1_r8_shadow_composite_tradeoff_20260819\stress_cache\fake_231__face_reshaping.png	filtered_fake	0.915675	1
C:\My_Project\AIGC\results\research\p1_r8_shadow_composite_tradeoff_20260819\stress_cache\fake_232__smoothing_light.png	filtered_fake	0.943322	1
C:\My_Project\AIGC\results\research\p1_r8_shadow_composite_tradeoff_20260819\stress_cache\fake_232__smoothing_medium.png	filtered_fake	0.945926	1
C:\My_Project\AIGC\results\research\p1_r8_shadow_composite_tradeoff_20260819\stress_cache\fake_232__smoothing_heavy.png	filtered_fake	0.946150	1
C:\My_Project\AIGC\results\research\p1_r8_shadow_composite_tradeoff_20260819\stress_cache\fake_232__whitening_medium.png	filtered_fake	0.904444	1
C:\My_Project\AIGC\results\research\p1_r8_shadow_composite_tradeoff_20260819\stress_cache\fake_232__combined_medium.png	filtered_fake	0.947626	1
C:\My_Project\AIGC\results\research\p1_r8_shadow_composite_tradeoff_20260819\stress_cache\fake_232__combined_heavy.png	filtered_fake	0.948871	1
C:\My_Project\AIGC\results\research\p1_r8_shadow_composite_tradeoff_20260819\stress_cache\fake_232__eye_enlarging.png	filtered_fake	0.930090	1
C:\My_Project\AIGC\results\research\p1_r8_shadow_composite_tradeoff_20260819\stress_cache\fake_232__face_reshaping.png	filtered_fake	0.324846	0
C:\My_Project\AIGC\results\research\p1_r8_shadow_composite_tradeoff_20260819\stress_cache\fake_233__smoothing_light.png	filtered_fake	0.936071	1
C:\My_Project\AIGC\results\research\p1_r8_shadow_composite_tradeoff_20260819\stress_cache\fake_233__smoothing_medium.png	filtered_fake	0.941124	1
C:\My_Project\AIGC\results\research\p1_r8_shadow_composite_tradeoff_20260819\stress_cache\fake_233__smoothing_heavy.png	filtered_fake	0.931660	1
C:\My_Project\AIGC\results\research\p1_r8_shadow_composite_tradeoff_20260819\stress_cache\fake_233__whitening_medium.png	filtered_fake	0.056150	0
C:\My_Project\AIGC\results\research\p1_r8_shadow_composite_tradeoff_20260819\stress_cache\fake_233__combined_medium.png	filtered_fake	0.948885	1
C:\My_Project\AIGC\results\research\p1_r8_shadow_composite_tradeoff_20260819\stress_cache\fake_233__combined_heavy.png	filtered_fake	0.941090	1
C:\My_Project\AIGC\results\research\p1_r8_shadow_composite_tradeoff_20260819\stress_cache\fake_233__eye_enlarging.png	filtered_fake	0.081834	0
C:\My_Project\AIGC\results\research\p1_r8_shadow_composite_tradeoff_20260819\stress_cache\fake_233__face_reshaping.png	filtered_fake	0.085044	0
C:\My_Project\AIGC\results\research\p1_r8_shadow_composite_tradeoff_20260819\stress_cache\fake_234__smoothing_light.png	filtered_fake	0.825928	1
C:\My_Project\AIGC\results\research\p1_r8_shadow_composite_tradeoff_20260819\stress_cache\fake_234__smoothing_medium.png	filtered_fake	0.908284	1
C:\My_Project\AIGC\results\research\p1_r8_shadow_composite_tradeoff_20260819\stress_cache\fake_234__smoothing_heavy.png	filtered_fake	0.898402	1
C:\My_Project\AIGC\results\research\p1_r8_shadow_composite_tradeoff_20260819\stress_cache\fake_234__whitening_medium.png	filtered_fake	0.177036	0
C:\My_Project\AIGC\results\research\p1_r8_shadow_composite_tradeoff_20260819\stress_cache\fake_234__combined_medium.png	filtered_fake	0.930233	1
C:\My_Project\AIGC\results\research\p1_r8_shadow_composite_tradeoff_20260819\stress_cache\fake_234__combined_heavy.png	filtered_fake	0.911477	1
C:\My_Project\AIGC\results\research\p1_r8_shadow_composite_tradeoff_20260819\stress_cache\fake_234__eye_enlarging.png	filtered_fake	0.517519	1
C:\My_Project\AIGC\results\research\p1_r8_shadow_composite_tradeoff_20260819\stress_cache\fake_234__face_reshaping.png	filtered_fake	0.915370	1
C:\My_Project\AIGC\results\research\p1_r8_shadow_composite_tradeoff_20260819\stress_cache\fake_235__smoothing_light.png	filtered_fake	0.866159	1
C:\My_Project\AIGC\results\research\p1_r8_shadow_composite_tradeoff_20260819\stress_cache\fake_235__smoothing_medium.png	filtered_fake	0.933898	1
C:\My_Project\AIGC\results\research\p1_r8_shadow_composite_tradeoff_20260819\stress_cache\fake_235__smoothing_heavy.png	filtered_fake	0.929179	1
C:\My_Project\AIGC\results\research\p1_r8_shadow_composite_tradeoff_20260819\stress_cache\fake_235__whitening_medium.png	filtered_fake	0.128775	0
C:\My_Project\AIGC\results\research\p1_r8_shadow_composite_tradeoff_20260819\stress_cache\fake_235__combined_medium.png	filtered_fake	0.920770	1
C:\My_Project\AIGC\results\research\p1_r8_shadow_composite_tradeoff_20260819\stress_cache\fake_235__combined_heavy.png	filtered_fake	0.843145	1
C:\My_Project\AIGC\results\research\p1_r8_shadow_composite_tradeoff_20260819\stress_cache\fake_235__eye_enlarging.png	filtered_fake	0.359580	0
C:\My_Project\AIGC\results\research\p1_r8_shadow_composite_tradeoff_20260819\stress_cache\fake_235__face_reshaping.png	filtered_fake	0.343077	0
C:\My_Project\AIGC\results\research\p1_r8_shadow_composite_tradeoff_20260819\stress_cache\fake_236__smoothing_light.png	filtered_fake	0.844466	1
C:\My_Project\AIGC\results\research\p1_r8_shadow_composite_tradeoff_20260819\stress_cache\fake_236__smoothing_medium.png	filtered_fake	0.908421	1
C:\My_Project\AIGC\results\research\p1_r8_shadow_composite_tradeoff_20260819\stress_cache\fake_236__smoothing_heavy.png	filtered_fake	0.860942	1
C:\My_Project\AIGC\results\research\p1_r8_shadow_composite_tradeoff_20260819\stress_cache\fake_236__whitening_medium.png	filtered_fake	0.051417	0
C:\My_Project\AIGC\results\research\p1_r8_shadow_composite_tradeoff_20260819\stress_cache\fake_236__combined_medium.png	filtered_fake	0.881127	1
C:\My_Project\AIGC\results\research\p1_r8_shadow_composite_tradeoff_20260819\stress_cache\fake_236__combined_heavy.png	filtered_fake	0.857216	1
C:\My_Project\AIGC\results\research\p1_r8_shadow_composite_tradeoff_20260819\stress_cache\fake_236__eye_enlarging.png	filtered_fake	0.079660	0
C:\My_Project\AIGC\results\research\p1_r8_shadow_composite_tradeoff_20260819\stress_cache\fake_236__face_reshaping.png	filtered_fake	0.148804	0
C:\My_Project\AIGC\results\research\p1_r8_shadow_composite_tradeoff_20260819\stress_cache\fake_237__smoothing_light.png	filtered_fake	0.918579	1
C:\My_Project\AIGC\results\research\p1_r8_shadow_composite_tradeoff_20260819\stress_cache\fake_237__smoothing_medium.png	filtered_fake	0.943753	1
C:\My_Project\AIGC\results\research\p1_r8_shadow_composite_tradeoff_20260819\stress_cache\fake_237__smoothing_heavy.png	filtered_fake	0.927381	1
C:\My_Project\AIGC\results\research\p1_r8_shadow_composite_tradeoff_20260819\stress_cache\fake_237__whitening_medium.png	filtered_fake	0.053414	0
C:\My_Project\AIGC\results\research\p1_r8_shadow_composite_tradeoff_20260819\stress_cache\fake_237__combined_medium.png	filtered_fake	0.944462	1
C:\My_Project\AIGC\results\research\p1_r8_shadow_composite_tradeoff_20260819\stress_cache\fake_237__combined_heavy.png	filtered_fake	0.925093	1
C:\My_Project\AIGC\results\research\p1_r8_shadow_composite_tradeoff_20260819\stress_cache\fake_237__eye_enlarging.png	filtered_fake	0.116972	0
C:\My_Project\AIGC\results\research\p1_r8_shadow_composite_tradeoff_20260819\stress_cache\fake_237__face_reshaping.png	filtered_fake	0.573879	1
C:\My_Project\AIGC\results\research\p1_r8_shadow_composite_tradeoff_20260819\stress_cache\fake_238__smoothing_light.png	filtered_fake	0.939335	1
C:\My_Project\AIGC\results\research\p1_r8_shadow_composite_tradeoff_20260819\stress_cache\fake_238__smoothing_medium.png	filtered_fake	0.943566	1
C:\My_Project\AIGC\results\research\p1_r8_shadow_composite_tradeoff_20260819\stress_cache\fake_238__smoothing_heavy.png	filtered_fake	0.944549	1
C:\My_Project\AIGC\results\research\p1_r8_shadow_composite_tradeoff_20260819\stress_cache\fake_238__whitening_medium.png	filtered_fake	0.945864	1
C:\My_Project\AIGC\results\research\p1_r8_shadow_composite_tradeoff_20260819\stress_cache\fake_238__combined_medium.png	filtered_fake	0.948189	1
C:\My_Project\AIGC\results\research\p1_r8_shadow_composite_tradeoff_20260819\stress_cache\fake_238__combined_heavy.png	filtered_fake	0.947849	1
C:\My_Project\AIGC\results\research\p1_r8_shadow_composite_tradeoff_20260819\stress_cache\fake_238__eye_enlarging.png	filtered_fake	0.948731	1
C:\My_Project\AIGC\results\research\p1_r8_shadow_composite_tradeoff_20260819\stress_cache\fake_238__face_reshaping.png	filtered_fake	0.942098	1
C:\My_Project\AIGC\results\research\p1_r8_shadow_composite_tradeoff_20260819\stress_cache\fake_239__smoothing_light.png	filtered_fake	0.905117	1
C:\My_Project\AIGC\results\research\p1_r8_shadow_composite_tradeoff_20260819\stress_cache\fake_239__smoothing_medium.png	filtered_fake	0.935500	1
C:\My_Project\AIGC\results\research\p1_r8_shadow_composite_tradeoff_20260819\stress_cache\fake_239__smoothing_heavy.png	filtered_fake	0.921878	1
C:\My_Project\AIGC\results\research\p1_r8_shadow_composite_tradeoff_20260819\stress_cache\fake_239__whitening_medium.png	filtered_fake	0.929147	1
C:\My_Project\AIGC\results\research\p1_r8_shadow_composite_tradeoff_20260819\stress_cache\fake_239__combined_medium.png	filtered_fake	0.930473	1
C:\My_Project\AIGC\results\research\p1_r8_shadow_composite_tradeoff_20260819\stress_cache\fake_239__combined_heavy.png	filtered_fake	0.923744	1
C:\My_Project\AIGC\results\research\p1_r8_shadow_composite_tradeoff_20260819\stress_cache\fake_239__eye_enlarging.png	filtered_fake	0.920540	1
C:\My_Project\AIGC\results\research\p1_r8_shadow_composite_tradeoff_20260819\stress_cache\fake_239__face_reshaping.png	filtered_fake	0.941518	1
C:\My_Project\AIGC\results\research\p1_r8_shadow_composite_tradeoff_20260819\stress_cache\fake_240__smoothing_light.png	filtered_fake	0.856467	1
C:\My_Project\AIGC\results\research\p1_r8_shadow_composite_tradeoff_20260819\stress_cache\fake_240__smoothing_medium.png	filtered_fake	0.948217	1
C:\My_Project\AIGC\results\research\p1_r8_shadow_composite_tradeoff_20260819\stress_cache\fake_240__smoothing_heavy.png	filtered_fake	0.940171	1
C:\My_Project\AIGC\results\research\p1_r8_shadow_composite_tradeoff_20260819\stress_cache\fake_240__whitening_medium.png	filtered_fake	0.049879	0
C:\My_Project\AIGC\results\research\p1_r8_shadow_composite_tradeoff_20260819\stress_cache\fake_240__combined_medium.png	filtered_fake	0.947618	1
C:\My_Project\AIGC\results\research\p1_r8_shadow_composite_tradeoff_20260819\stress_cache\fake_240__combined_heavy.png	filtered_fake	0.944195	1
C:\My_Project\AIGC\results\research\p1_r8_shadow_composite_tradeoff_20260819\stress_cache\fake_240__eye_enlarging.png	filtered_fake	0.098305	0
C:\My_Project\AIGC\results\research\p1_r8_shadow_composite_tradeoff_20260819\stress_cache\fake_240__face_reshaping.png	filtered_fake	0.112359	0
C:\My_Project\AIGC\results\research\p1_r8_shadow_composite_tradeoff_20260819\stress_cache\fake_241__smoothing_light.png	filtered_fake	0.933077	1
C:\My_Project\AIGC\results\research\p1_r8_shadow_composite_tradeoff_20260819\stress_cache\fake_241__smoothing_medium.png	filtered_fake	0.950048	1
C:\My_Project\AIGC\results\research\p1_r8_shadow_composite_tradeoff_20260819\stress_cache\fake_241__smoothing_heavy.png	filtered_fake	0.938287	1
C:\My_Project\AIGC\results\research\p1_r8_shadow_composite_tradeoff_20260819\stress_cache\fake_241__whitening_medium.png	filtered_fake	0.913102	1
C:\My_Project\AIGC\results\research\p1_r8_shadow_composite_tradeoff_20260819\stress_cache\fake_241__combined_medium.png	filtered_fake	0.941363	1
C:\My_Project\AIGC\results\research\p1_r8_shadow_composite_tradeoff_20260819\stress_cache\fake_241__combined_heavy.png	filtered_fake	0.942157	1
C:\My_Project\AIGC\results\research\p1_r8_shadow_composite_tradeoff_20260819\stress_cache\fake_241__eye_enlarging.png	filtered_fake	0.905893	1
C:\My_Project\AIGC\results\research\p1_r8_shadow_composite_tradeoff_20260819\stress_cache\fake_241__face_reshaping.png	filtered_fake	0.933887	1
C:\My_Project\AIGC\results\research\p1_r8_shadow_composite_tradeoff_20260819\stress_cache\fake_242__smoothing_light.png	filtered_fake	0.933274	1
C:\My_Project\AIGC\results\research\p1_r8_shadow_composite_tradeoff_20260819\stress_cache\fake_242__smoothing_medium.png	filtered_fake	0.939606	1
C:\My_Project\AIGC\results\research\p1_r8_shadow_composite_tradeoff_20260819\stress_cache\fake_242__smoothing_heavy.png	filtered_fake	0.942537	1
C:\My_Project\AIGC\results\research\p1_r8_shadow_composite_tradeoff_20260819\stress_cache\fake_242__whitening_medium.png	filtered_fake	0.168572	0
C:\My_Project\AIGC\results\research\p1_r8_shadow_composite_tradeoff_20260819\stress_cache\fake_242__combined_medium.png	filtered_fake	0.935904	1
C:\My_Project\AIGC\results\research\p1_r8_shadow_composite_tradeoff_20260819\stress_cache\fake_242__combined_heavy.png	filtered_fake	0.938981	1
C:\My_Project\AIGC\results\research\p1_r8_shadow_composite_tradeoff_20260819\stress_cache\fake_242__eye_enlarging.png	filtered_fake	0.318368	0
C:\My_Project\AIGC\results\research\p1_r8_shadow_composite_tradeoff_20260819\stress_cache\fake_242__face_reshaping.png	filtered_fake	0.415661	0
C:\My_Project\AIGC\results\research\p1_r8_shadow_composite_tradeoff_20260819\stress_cache\fake_243__smoothing_light.png	filtered_fake	0.943024	1
C:\My_Project\AIGC\results\research\p1_r8_shadow_composite_tradeoff_20260819\stress_cache\fake_243__smoothing_medium.png	filtered_fake	0.937222	1
C:\My_Project\AIGC\results\research\p1_r8_shadow_composite_tradeoff_20260819\stress_cache\fake_243__smoothing_heavy.png	filtered_fake	0.945587	1
C:\My_Project\AIGC\results\research\p1_r8_shadow_composite_tradeoff_20260819\stress_cache\fake_243__whitening_medium.png	filtered_fake	0.950746	1
C:\My_Project\AIGC\results\research\p1_r8_shadow_composite_tradeoff_20260819\stress_cache\fake_243__combined_medium.png	filtered_fake	0.938035	1
C:\My_Project\AIGC\results\research\p1_r8_shadow_composite_tradeoff_20260819\stress_cache\fake_243__combined_heavy.png	filtered_fake	0.936253	1
C:\My_Project\AIGC\results\research\p1_r8_shadow_composite_tradeoff_20260819\stress_cache\fake_243__eye_enlarging.png	filtered_fake	0.942960	1
C:\My_Project\AIGC\results\research\p1_r8_shadow_composite_tradeoff_20260819\stress_cache\fake_243__face_reshaping.png	filtered_fake	0.936195	1
C:\My_Project\AIGC\results\research\p1_r8_shadow_composite_tradeoff_20260819\stress_cache\fake_244__smoothing_light.png	filtered_fake	0.942538	1
C:\My_Project\AIGC\results\research\p1_r8_shadow_composite_tradeoff_20260819\stress_cache\fake_244__smoothing_medium.png	filtered_fake	0.947268	1
C:\My_Project\AIGC\results\research\p1_r8_shadow_composite_tradeoff_20260819\stress_cache\fake_244__smoothing_heavy.png	filtered_fake	0.946758	1
C:\My_Project\AIGC\results\research\p1_r8_shadow_composite_tradeoff_20260819\stress_cache\fake_244__whitening_medium.png	filtered_fake	0.949384	1
C:\My_Project\AIGC\results\research\p1_r8_shadow_composite_tradeoff_20260819\stress_cache\fake_244__combined_medium.png	filtered_fake	0.948680	1
C:\My_Project\AIGC\results\research\p1_r8_shadow_composite_tradeoff_20260819\stress_cache\fake_244__combined_heavy.png	filtered_fake	0.945528	1
C:\My_Project\AIGC\results\research\p1_r8_shadow_composite_tradeoff_20260819\stress_cache\fake_244__eye_enlarging.png	filtered_fake	0.952044	1
C:\My_Project\AIGC\results\research\p1_r8_shadow_composite_tradeoff_20260819\stress_cache\fake_244__face_reshaping.png	filtered_fake	0.950589	1
C:\My_Project\AIGC\results\research\p1_r8_shadow_composite_tradeoff_20260819\stress_cache\fake_245__smoothing_light.png	filtered_fake	0.896375	1
C:\My_Project\AIGC\results\research\p1_r8_shadow_composite_tradeoff_20260819\stress_cache\fake_245__smoothing_medium.png	filtered_fake	0.939588	1
C:\My_Project\AIGC\results\research\p1_r8_shadow_composite_tradeoff_20260819\stress_cache\fake_245__smoothing_heavy.png	filtered_fake	0.937025	1
C:\My_Project\AIGC\results\research\p1_r8_shadow_composite_tradeoff_20260819\stress_cache\fake_245__whitening_medium.png	filtered_fake	0.205477	0
C:\My_Project\AIGC\results\research\p1_r8_shadow_composite_tradeoff_20260819\stress_cache\fake_245__combined_medium.png	filtered_fake	0.934493	1
C:\My_Project\AIGC\results\research\p1_r8_shadow_composite_tradeoff_20260819\stress_cache\fake_245__combined_heavy.png	filtered_fake	0.938338	1
C:\My_Project\AIGC\results\research\p1_r8_shadow_composite_tradeoff_20260819\stress_cache\fake_245__eye_enlarging.png	filtered_fake	0.430098	0
C:\My_Project\AIGC\results\research\p1_r8_shadow_composite_tradeoff_20260819\stress_cache\fake_245__face_reshaping.png	filtered_fake	0.823089	1
C:\My_Project\AIGC\results\research\p1_r8_shadow_composite_tradeoff_20260819\stress_cache\fake_246__smoothing_light.png	filtered_fake	0.921247	1
C:\My_Project\AIGC\results\research\p1_r8_shadow_composite_tradeoff_20260819\stress_cache\fake_246__smoothing_medium.png	filtered_fake	0.943244	1
C:\My_Project\AIGC\results\research\p1_r8_shadow_composite_tradeoff_20260819\stress_cache\fake_246__smoothing_heavy.png	filtered_fake	0.946621	1
C:\My_Project\AIGC\results\research\p1_r8_shadow_composite_tradeoff_20260819\stress_cache\fake_246__whitening_medium.png	filtered_fake	0.881838	1
C:\My_Project\AIGC\results\research\p1_r8_shadow_composite_tradeoff_20260819\stress_cache\fake_246__combined_medium.png	filtered_fake	0.948068	1
C:\My_Project\AIGC\results\research\p1_r8_shadow_composite_tradeoff_20260819\stress_cache\fake_246__combined_heavy.png	filtered_fake	0.939082	1
C:\My_Project\AIGC\results\research\p1_r8_shadow_composite_tradeoff_20260819\stress_cache\fake_246__eye_enlarging.png	filtered_fake	0.918476	1
C:\My_Project\AIGC\results\research\p1_r8_shadow_composite_tradeoff_20260819\stress_cache\fake_246__face_reshaping.png	filtered_fake	0.855243	1
C:\My_Project\AIGC\results\research\p1_r8_shadow_composite_tradeoff_20260819\stress_cache\fake_247__smoothing_light.png	filtered_fake	0.899379	1
C:\My_Project\AIGC\results\research\p1_r8_shadow_composite_tradeoff_20260819\stress_cache\fake_247__smoothing_medium.png	filtered_fake	0.854945	1
C:\My_Project\AIGC\results\research\p1_r8_shadow_composite_tradeoff_20260819\stress_cache\fake_247__smoothing_heavy.png	filtered_fake	0.792400	1
C:\My_Project\AIGC\results\research\p1_r8_shadow_composite_tradeoff_20260819\stress_cache\fake_247__whitening_medium.png	filtered_fake	0.085730	0
C:\My_Project\AIGC\results\research\p1_r8_shadow_composite_tradeoff_20260819\stress_cache\fake_247__combined_medium.png	filtered_fake	0.883614	1
C:\My_Project\AIGC\results\research\p1_r8_shadow_composite_tradeoff_20260819\stress_cache\fake_247__combined_heavy.png	filtered_fake	0.685336	1
C:\My_Project\AIGC\results\research\p1_r8_shadow_composite_tradeoff_20260819\stress_cache\fake_247__eye_enlarging.png	filtered_fake	0.774175	1
C:\My_Project\AIGC\results\research\p1_r8_shadow_composite_tradeoff_20260819\stress_cache\fake_247__face_reshaping.png	filtered_fake	0.732625	1
C:\My_Project\AIGC\results\research\p1_r8_shadow_composite_tradeoff_20260819\stress_cache\fake_248__smoothing_light.png	filtered_fake	0.846975	1
C:\My_Project\AIGC\results\research\p1_r8_shadow_composite_tradeoff_20260819\stress_cache\fake_248__smoothing_medium.png	filtered_fake	0.795940	1
C:\My_Project\AIGC\results\research\p1_r8_shadow_composite_tradeoff_20260819\stress_cache\fake_248__smoothing_heavy.png	filtered_fake	0.708754	1
C:\My_Project\AIGC\results\research\p1_r8_shadow_composite_tradeoff_20260819\stress_cache\fake_248__whitening_medium.png	filtered_fake	0.043159	0
C:\My_Project\AIGC\results\research\p1_r8_shadow_composite_tradeoff_20260819\stress_cache\fake_248__combined_medium.png	filtered_fake	0.755763	1
C:\My_Project\AIGC\results\research\p1_r8_shadow_composite_tradeoff_20260819\stress_cache\fake_248__combined_heavy.png	filtered_fake	0.704137	1
C:\My_Project\AIGC\results\research\p1_r8_shadow_composite_tradeoff_20260819\stress_cache\fake_248__eye_enlarging.png	filtered_fake	0.055642	0
C:\My_Project\AIGC\results\research\p1_r8_shadow_composite_tradeoff_20260819\stress_cache\fake_248__face_reshaping.png	filtered_fake	0.065318	0
C:\My_Project\AIGC\results\research\p1_r8_shadow_composite_tradeoff_20260819\stress_cache\fake_249__smoothing_light.png	filtered_fake	0.877662	1
C:\My_Project\AIGC\results\research\p1_r8_shadow_composite_tradeoff_20260819\stress_cache\fake_249__smoothing_medium.png	filtered_fake	0.921848	1
C:\My_Project\AIGC\results\research\p1_r8_shadow_composite_tradeoff_20260819\stress_cache\fake_249__smoothing_heavy.png	filtered_fake	0.911675	1
C:\My_Project\AIGC\results\research\p1_r8_shadow_composite_tradeoff_20260819\stress_cache\fake_249__whitening_medium.png	filtered_fake	0.197570	0
C:\My_Project\AIGC\results\research\p1_r8_shadow_composite_tradeoff_20260819\stress_cache\fake_249__combined_medium.png	filtered_fake	0.926055	1
C:\My_Project\AIGC\results\research\p1_r8_shadow_composite_tradeoff_20260819\stress_cache\fake_249__combined_heavy.png	filtered_fake	0.923566	1
C:\My_Project\AIGC\results\research\p1_r8_shadow_composite_tradeoff_20260819\stress_cache\fake_249__eye_enlarging.png	filtered_fake	0.059447	0
C:\My_Project\AIGC\results\research\p1_r8_shadow_composite_tradeoff_20260819\stress_cache\fake_249__face_reshaping.png	filtered_fake	0.056118	0
C:\My_Project\AIGC\results\research\p1_r8_shadow_composite_tradeoff_20260819\stress_cache\fake_250__smoothing_light.png	filtered_fake	0.944495	1
C:\My_Project\AIGC\results\research\p1_r8_shadow_composite_tradeoff_20260819\stress_cache\fake_250__smoothing_medium.png	filtered_fake	0.945261	1
C:\My_Project\AIGC\results\research\p1_r8_shadow_composite_tradeoff_20260819\stress_cache\fake_250__smoothing_heavy.png	filtered_fake	0.937403	1
C:\My_Project\AIGC\results\research\p1_r8_shadow_composite_tradeoff_20260819\stress_cache\fake_250__whitening_medium.png	filtered_fake	0.613244	1
C:\My_Project\AIGC\results\research\p1_r8_shadow_composite_tradeoff_20260819\stress_cache\fake_250__combined_medium.png	filtered_fake	0.945522	1
C:\My_Project\AIGC\results\research\p1_r8_shadow_composite_tradeoff_20260819\stress_cache\fake_250__combined_heavy.png	filtered_fake	0.944553	1
C:\My_Project\AIGC\results\research\p1_r8_shadow_composite_tradeoff_20260819\stress_cache\fake_250__eye_enlarging.png	filtered_fake	0.865514	1
C:\My_Project\AIGC\results\research\p1_r8_shadow_composite_tradeoff_20260819\stress_cache\fake_250__face_reshaping.png	filtered_fake	0.826537	1
C:\My_Project\AIGC\results\research\p1_r8_shadow_composite_tradeoff_20260819\stress_cache\fake_251__smoothing_light.png	filtered_fake	0.924843	1
C:\My_Project\AIGC\results\research\p1_r8_shadow_composite_tradeoff_20260819\stress_cache\fake_251__smoothing_medium.png	filtered_fake	0.949144	1
C:\My_Project\AIGC\results\research\p1_r8_shadow_composite_tradeoff_20260819\stress_cache\fake_251__smoothing_heavy.png	filtered_fake	0.948167	1
C:\My_Project\AIGC\results\research\p1_r8_shadow_composite_tradeoff_20260819\stress_cache\fake_251__whitening_medium.png	filtered_fake	0.394051	0
C:\My_Project\AIGC\results\research\p1_r8_shadow_composite_tradeoff_20260819\stress_cache\fake_251__combined_medium.png	filtered_fake	0.942166	1
C:\My_Project\AIGC\results\research\p1_r8_shadow_composite_tradeoff_20260819\stress_cache\fake_251__combined_heavy.png	filtered_fake	0.945152	1
C:\My_Project\AIGC\results\research\p1_r8_shadow_composite_tradeoff_20260819\stress_cache\fake_251__eye_enlarging.png	filtered_fake	0.141994	0
C:\My_Project\AIGC\results\research\p1_r8_shadow_composite_tradeoff_20260819\stress_cache\fake_251__face_reshaping.png	filtered_fake	0.058215	0
C:\My_Project\AIGC\results\research\p1_r8_shadow_composite_tradeoff_20260819\stress_cache\fake_252__smoothing_light.png	filtered_fake	0.910855	1
C:\My_Project\AIGC\results\research\p1_r8_shadow_composite_tradeoff_20260819\stress_cache\fake_252__smoothing_medium.png	filtered_fake	0.924309	1
C:\My_Project\AIGC\results\research\p1_r8_shadow_composite_tradeoff_20260819\stress_cache\fake_252__smoothing_heavy.png	filtered_fake	0.824273	1
C:\My_Project\AIGC\results\research\p1_r8_shadow_composite_tradeoff_20260819\stress_cache\fake_252__whitening_medium.png	filtered_fake	0.287802	0
C:\My_Project\AIGC\results\research\p1_r8_shadow_composite_tradeoff_20260819\stress_cache\fake_252__combined_medium.png	filtered_fake	0.928309	1
C:\My_Project\AIGC\results\research\p1_r8_shadow_composite_tradeoff_20260819\stress_cache\fake_252__combined_heavy.png	filtered_fake	0.843317	1
C:\My_Project\AIGC\results\research\p1_r8_shadow_composite_tradeoff_20260819\stress_cache\fake_252__eye_enlarging.png	filtered_fake	0.465814	1
C:\My_Project\AIGC\results\research\p1_r8_shadow_composite_tradeoff_20260819\stress_cache\fake_252__face_reshaping.png	filtered_fake	0.635823	1
C:\My_Project\AIGC\results\research\p1_r8_shadow_composite_tradeoff_20260819\stress_cache\fake_253__smoothing_light.png	filtered_fake	0.905584	1
C:\My_Project\AIGC\results\research\p1_r8_shadow_composite_tradeoff_20260819\stress_cache\fake_253__smoothing_medium.png	filtered_fake	0.933524	1
C:\My_Project\AIGC\results\research\p1_r8_shadow_composite_tradeoff_20260819\stress_cache\fake_253__smoothing_heavy.png	filtered_fake	0.859874	1
C:\My_Project\AIGC\results\research\p1_r8_shadow_composite_tradeoff_20260819\stress_cache\fake_253__whitening_medium.png	filtered_fake	0.624600	1
C:\My_Project\AIGC\results\research\p1_r8_shadow_composite_tradeoff_20260819\stress_cache\fake_253__combined_medium.png	filtered_fake	0.925066	1
C:\My_Project\AIGC\results\research\p1_r8_shadow_composite_tradeoff_20260819\stress_cache\fake_253__combined_heavy.png	filtered_fake	0.895022	1
C:\My_Project\AIGC\results\research\p1_r8_shadow_composite_tradeoff_20260819\stress_cache\fake_253__eye_enlarging.png	filtered_fake	0.622546	1
C:\My_Project\AIGC\results\research\p1_r8_shadow_composite_tradeoff_20260819\stress_cache\fake_253__face_reshaping.png	filtered_fake	0.276701	0
C:\My_Project\AIGC\results\research\p1_r8_shadow_composite_tradeoff_20260819\stress_cache\fake_254__smoothing_light.png	filtered_fake	0.945732	1
C:\My_Project\AIGC\results\research\p1_r8_shadow_composite_tradeoff_20260819\stress_cache\fake_254__smoothing_medium.png	filtered_fake	0.944962	1
C:\My_Project\AIGC\results\research\p1_r8_shadow_composite_tradeoff_20260819\stress_cache\fake_254__smoothing_heavy.png	filtered_fake	0.942420	1
C:\My_Project\AIGC\results\research\p1_r8_shadow_composite_tradeoff_20260819\stress_cache\fake_254__whitening_medium.png	filtered_fake	0.949198	1
C:\My_Project\AIGC\results\research\p1_r8_shadow_composite_tradeoff_20260819\stress_cache\fake_254__combined_medium.png	filtered_fake	0.944326	1
C:\My_Project\AIGC\results\research\p1_r8_shadow_composite_tradeoff_20260819\stress_cache\fake_254__combined_heavy.png	filtered_fake	0.939152	1
C:\My_Project\AIGC\results\research\p1_r8_shadow_composite_tradeoff_20260819\stress_cache\fake_254__eye_enlarging.png	filtered_fake	0.950043	1
C:\My_Project\AIGC\results\research\p1_r8_shadow_composite_tradeoff_20260819\stress_cache\fake_254__face_reshaping.png	filtered_fake	0.942997	1
C:\My_Project\AIGC\results\research\p1_r8_shadow_composite_tradeoff_20260819\stress_cache\fake_255__smoothing_light.png	filtered_fake	0.931753	1
C:\My_Project\AIGC\results\research\p1_r8_shadow_composite_tradeoff_20260819\stress_cache\fake_255__smoothing_medium.png	filtered_fake	0.949196	1
C:\My_Project\AIGC\results\research\p1_r8_shadow_composite_tradeoff_20260819\stress_cache\fake_255__smoothing_heavy.png	filtered_fake	0.950298	1
C:\My_Project\AIGC\results\research\p1_r8_shadow_composite_tradeoff_20260819\stress_cache\fake_255__whitening_medium.png	filtered_fake	0.918725	1
C:\My_Project\AIGC\results\research\p1_r8_shadow_composite_tradeoff_20260819\stress_cache\fake_255__combined_medium.png	filtered_fake	0.949795	1
C:\My_Project\AIGC\results\research\p1_r8_shadow_composite_tradeoff_20260819\stress_cache\fake_255__combined_heavy.png	filtered_fake	0.952612	1
C:\My_Project\AIGC\results\research\p1_r8_shadow_composite_tradeoff_20260819\stress_cache\fake_255__eye_enlarging.png	filtered_fake	0.946625	1
C:\My_Project\AIGC\results\research\p1_r8_shadow_composite_tradeoff_20260819\stress_cache\fake_255__face_reshaping.png	filtered_fake	0.948489	1
C:\My_Project\AIGC\results\research\p1_r8_shadow_composite_tradeoff_20260819\stress_cache\fake_256__smoothing_light.png	filtered_fake	0.919477	1
C:\My_Project\AIGC\results\research\p1_r8_shadow_composite_tradeoff_20260819\stress_cache\fake_256__smoothing_medium.png	filtered_fake	0.938847	1
C:\My_Project\AIGC\results\research\p1_r8_shadow_composite_tradeoff_20260819\stress_cache\fake_256__smoothing_heavy.png	filtered_fake	0.934761	1
C:\My_Project\AIGC\results\research\p1_r8_shadow_composite_tradeoff_20260819\stress_cache\fake_256__whitening_medium.png	filtered_fake	0.955614	1
C:\My_Project\AIGC\results\research\p1_r8_shadow_composite_tradeoff_20260819\stress_cache\fake_256__combined_medium.png	filtered_fake	0.941993	1
C:\My_Project\AIGC\results\research\p1_r8_shadow_composite_tradeoff_20260819\stress_cache\fake_256__combined_heavy.png	filtered_fake	0.933734	1
C:\My_Project\AIGC\results\research\p1_r8_shadow_composite_tradeoff_20260819\stress_cache\fake_256__eye_enlarging.png	filtered_fake	0.940909	1
C:\My_Project\AIGC\results\research\p1_r8_shadow_composite_tradeoff_20260819\stress_cache\fake_256__face_reshaping.png	filtered_fake	0.931315	1
C:\My_Project\AIGC\results\research\p1_r8_shadow_composite_tradeoff_20260819\stress_cache\fake_257__smoothing_light.png	filtered_fake	0.938830	1
C:\My_Project\AIGC\results\research\p1_r8_shadow_composite_tradeoff_20260819\stress_cache\fake_257__smoothing_medium.png	filtered_fake	0.942685	1
C:\My_Project\AIGC\results\research\p1_r8_shadow_composite_tradeoff_20260819\stress_cache\fake_257__smoothing_heavy.png	filtered_fake	0.939189	1
C:\My_Project\AIGC\results\research\p1_r8_shadow_composite_tradeoff_20260819\stress_cache\fake_257__whitening_medium.png	filtered_fake	0.750271	1
C:\My_Project\AIGC\results\research\p1_r8_shadow_composite_tradeoff_20260819\stress_cache\fake_257__combined_medium.png	filtered_fake	0.940905	1
C:\My_Project\AIGC\results\research\p1_r8_shadow_composite_tradeoff_20260819\stress_cache\fake_257__combined_heavy.png	filtered_fake	0.944739	1
C:\My_Project\AIGC\results\research\p1_r8_shadow_composite_tradeoff_20260819\stress_cache\fake_257__eye_enlarging.png	filtered_fake	0.933963	1
C:\My_Project\AIGC\results\research\p1_r8_shadow_composite_tradeoff_20260819\stress_cache\fake_257__face_reshaping.png	filtered_fake	0.897572	1
C:\My_Project\AIGC\results\research\p1_r8_shadow_composite_tradeoff_20260819\stress_cache\fake_258__smoothing_light.png	filtered_fake	0.946580	1
C:\My_Project\AIGC\results\research\p1_r8_shadow_composite_tradeoff_20260819\stress_cache\fake_258__smoothing_medium.png	filtered_fake	0.951208	1
C:\My_Project\AIGC\results\research\p1_r8_shadow_composite_tradeoff_20260819\stress_cache\fake_258__smoothing_heavy.png	filtered_fake	0.950377	1
C:\My_Project\AIGC\results\research\p1_r8_shadow_composite_tradeoff_20260819\stress_cache\fake_258__whitening_medium.png	filtered_fake	0.947749	1
C:\My_Project\AIGC\results\research\p1_r8_shadow_composite_tradeoff_20260819\stress_cache\fake_258__combined_medium.png	filtered_fake	0.946952	1
C:\My_Project\AIGC\results\research\p1_r8_shadow_composite_tradeoff_20260819\stress_cache\fake_258__combined_heavy.png	filtered_fake	0.950976	1
C:\My_Project\AIGC\results\research\p1_r8_shadow_composite_tradeoff_20260819\stress_cache\fake_258__eye_enlarging.png	filtered_fake	0.949766	1
C:\My_Project\AIGC\results\research\p1_r8_shadow_composite_tradeoff_20260819\stress_cache\fake_258__face_reshaping.png	filtered_fake	0.950874	1
C:\My_Project\AIGC\results\research\p1_r8_shadow_composite_tradeoff_20260819\stress_cache\fake_259__smoothing_light.png	filtered_fake	0.947705	1
C:\My_Project\AIGC\results\research\p1_r8_shadow_composite_tradeoff_20260819\stress_cache\fake_259__smoothing_medium.png	filtered_fake	0.951670	1
C:\My_Project\AIGC\results\research\p1_r8_shadow_composite_tradeoff_20260819\stress_cache\fake_259__smoothing_heavy.png	filtered_fake	0.948813	1
C:\My_Project\AIGC\results\research\p1_r8_shadow_composite_tradeoff_20260819\stress_cache\fake_259__whitening_medium.png	filtered_fake	0.954036	1
C:\My_Project\AIGC\results\research\p1_r8_shadow_composite_tradeoff_20260819\stress_cache\fake_259__combined_medium.png	filtered_fake	0.947400	1
C:\My_Project\AIGC\results\research\p1_r8_shadow_composite_tradeoff_20260819\stress_cache\fake_259__combined_heavy.png	filtered_fake	0.950376	1
C:\My_Project\AIGC\results\research\p1_r8_shadow_composite_tradeoff_20260819\stress_cache\fake_259__eye_enlarging.png	filtered_fake	0.954503	1
C:\My_Project\AIGC\results\research\p1_r8_shadow_composite_tradeoff_20260819\stress_cache\fake_259__face_reshaping.png	filtered_fake	0.952989	1
C:\My_Project\AIGC\results\research\p1_r8_shadow_composite_tradeoff_20260819\stress_cache\fake_260__smoothing_light.png	filtered_fake	0.952940	1
C:\My_Project\AIGC\results\research\p1_r8_shadow_composite_tradeoff_20260819\stress_cache\fake_260__smoothing_medium.png	filtered_fake	0.947771	1
C:\My_Project\AIGC\results\research\p1_r8_shadow_composite_tradeoff_20260819\stress_cache\fake_260__smoothing_heavy.png	filtered_fake	0.944848	1
C:\My_Project\AIGC\results\research\p1_r8_shadow_composite_tradeoff_20260819\stress_cache\fake_260__whitening_medium.png	filtered_fake	0.952634	1
C:\My_Project\AIGC\results\research\p1_r8_shadow_composite_tradeoff_20260819\stress_cache\fake_260__combined_medium.png	filtered_fake	0.945255	1
C:\My_Project\AIGC\results\research\p1_r8_shadow_composite_tradeoff_20260819\stress_cache\fake_260__combined_heavy.png	filtered_fake	0.952924	1
C:\My_Project\AIGC\results\research\p1_r8_shadow_composite_tradeoff_20260819\stress_cache\fake_260__eye_enlarging.png	filtered_fake	0.950646	1
C:\My_Project\AIGC\results\research\p1_r8_shadow_composite_tradeoff_20260819\stress_cache\fake_260__face_reshaping.png	filtered_fake	0.957222	1
C:\My_Project\AIGC\results\research\p1_r8_shadow_composite_tradeoff_20260819\stress_cache\fake_261__smoothing_light.png	filtered_fake	0.769939	1
C:\My_Project\AIGC\results\research\p1_r8_shadow_composite_tradeoff_20260819\stress_cache\fake_261__smoothing_medium.png	filtered_fake	0.891906	1
C:\My_Project\AIGC\results\research\p1_r8_shadow_composite_tradeoff_20260819\stress_cache\fake_261__smoothing_heavy.png	filtered_fake	0.913439	1
C:\My_Project\AIGC\results\research\p1_r8_shadow_composite_tradeoff_20260819\stress_cache\fake_261__whitening_medium.png	filtered_fake	0.088238	0
C:\My_Project\AIGC\results\research\p1_r8_shadow_composite_tradeoff_20260819\stress_cache\fake_261__combined_medium.png	filtered_fake	0.911235	1
C:\My_Project\AIGC\results\research\p1_r8_shadow_composite_tradeoff_20260819\stress_cache\fake_261__combined_heavy.png	filtered_fake	0.894454	1
C:\My_Project\AIGC\results\research\p1_r8_shadow_composite_tradeoff_20260819\stress_cache\fake_261__eye_enlarging.png	filtered_fake	0.050568	0
C:\My_Project\AIGC\results\research\p1_r8_shadow_composite_tradeoff_20260819\stress_cache\fake_261__face_reshaping.png	filtered_fake	0.062840	0
C:\My_Project\AIGC\results\research\p1_r8_shadow_composite_tradeoff_20260819\stress_cache\fake_262__smoothing_light.png	filtered_fake	0.922131	1
C:\My_Project\AIGC\results\research\p1_r8_shadow_composite_tradeoff_20260819\stress_cache\fake_262__smoothing_medium.png	filtered_fake	0.927137	1
C:\My_Project\AIGC\results\research\p1_r8_shadow_composite_tradeoff_20260819\stress_cache\fake_262__smoothing_heavy.png	filtered_fake	0.914476	1
C:\My_Project\AIGC\results\research\p1_r8_shadow_composite_tradeoff_20260819\stress_cache\fake_262__whitening_medium.png	filtered_fake	0.052998	0
C:\My_Project\AIGC\results\research\p1_r8_shadow_composite_tradeoff_20260819\stress_cache\fake_262__combined_medium.png	filtered_fake	0.931917	1
C:\My_Project\AIGC\results\research\p1_r8_shadow_composite_tradeoff_20260819\stress_cache\fake_262__combined_heavy.png	filtered_fake	0.911706	1
C:\My_Project\AIGC\results\research\p1_r8_shadow_composite_tradeoff_20260819\stress_cache\fake_262__eye_enlarging.png	filtered_fake	0.057293	0
C:\My_Project\AIGC\results\research\p1_r8_shadow_composite_tradeoff_20260819\stress_cache\fake_262__face_reshaping.png	filtered_fake	0.093316	0
C:\My_Project\AIGC\results\research\p1_r8_shadow_composite_tradeoff_20260819\stress_cache\fake_263__smoothing_light.png	filtered_fake	0.914331	1
C:\My_Project\AIGC\results\research\p1_r8_shadow_composite_tradeoff_20260819\stress_cache\fake_263__smoothing_medium.png	filtered_fake	0.933560	1
C:\My_Project\AIGC\results\research\p1_r8_shadow_composite_tradeoff_20260819\stress_cache\fake_263__smoothing_heavy.png	filtered_fake	0.926006	1
C:\My_Project\AIGC\results\research\p1_r8_shadow_composite_tradeoff_20260819\stress_cache\fake_263__whitening_medium.png	filtered_fake	0.889945	1
C:\My_Project\AIGC\results\research\p1_r8_shadow_composite_tradeoff_20260819\stress_cache\fake_263__combined_medium.png	filtered_fake	0.926717	1
C:\My_Project\AIGC\results\research\p1_r8_shadow_composite_tradeoff_20260819\stress_cache\fake_263__combined_heavy.png	filtered_fake	0.912601	1
C:\My_Project\AIGC\results\research\p1_r8_shadow_composite_tradeoff_20260819\stress_cache\fake_263__eye_enlarging.png	filtered_fake	0.932916	1
C:\My_Project\AIGC\results\research\p1_r8_shadow_composite_tradeoff_20260819\stress_cache\fake_263__face_reshaping.png	filtered_fake	0.930077	1
C:\My_Project\AIGC\results\research\p1_r8_shadow_composite_tradeoff_20260819\stress_cache\fake_264__smoothing_light.png	filtered_fake	0.947479	1
C:\My_Project\AIGC\results\research\p1_r8_shadow_composite_tradeoff_20260819\stress_cache\fake_264__smoothing_medium.png	filtered_fake	0.949565	1
C:\My_Project\AIGC\results\research\p1_r8_shadow_composite_tradeoff_20260819\stress_cache\fake_264__smoothing_heavy.png	filtered_fake	0.944360	1
C:\My_Project\AIGC\results\research\p1_r8_shadow_composite_tradeoff_20260819\stress_cache\fake_264__whitening_medium.png	filtered_fake	0.945466	1
C:\My_Project\AIGC\results\research\p1_r8_shadow_composite_tradeoff_20260819\stress_cache\fake_264__combined_medium.png	filtered_fake	0.946707	1
C:\My_Project\AIGC\results\research\p1_r8_shadow_composite_tradeoff_20260819\stress_cache\fake_264__combined_heavy.png	filtered_fake	0.942245	1
C:\My_Project\AIGC\results\research\p1_r8_shadow_composite_tradeoff_20260819\stress_cache\fake_264__eye_enlarging.png	filtered_fake	0.942853	1
C:\My_Project\AIGC\results\research\p1_r8_shadow_composite_tradeoff_20260819\stress_cache\fake_264__face_reshaping.png	filtered_fake	0.947492	1
C:\My_Project\AIGC\results\research\p1_r8_shadow_composite_tradeoff_20260819\stress_cache\fake_265__smoothing_light.png	filtered_fake	0.935742	1
C:\My_Project\AIGC\results\research\p1_r8_shadow_composite_tradeoff_20260819\stress_cache\fake_265__smoothing_medium.png	filtered_fake	0.943261	1
C:\My_Project\AIGC\results\research\p1_r8_shadow_composite_tradeoff_20260819\stress_cache\fake_265__smoothing_heavy.png	filtered_fake	0.939129	1
C:\My_Project\AIGC\results\research\p1_r8_shadow_composite_tradeoff_20260819\stress_cache\fake_265__whitening_medium.png	filtered_fake	0.217279	0
C:\My_Project\AIGC\results\research\p1_r8_shadow_composite_tradeoff_20260819\stress_cache\fake_265__combined_medium.png	filtered_fake	0.943733	1
C:\My_Project\AIGC\results\research\p1_r8_shadow_composite_tradeoff_20260819\stress_cache\fake_265__combined_heavy.png	filtered_fake	0.945456	1
C:\My_Project\AIGC\results\research\p1_r8_shadow_composite_tradeoff_20260819\stress_cache\fake_265__eye_enlarging.png	filtered_fake	0.499850	1
C:\My_Project\AIGC\results\research\p1_r8_shadow_composite_tradeoff_20260819\stress_cache\fake_265__face_reshaping.png	filtered_fake	0.338257	0
C:\My_Project\AIGC\results\research\p1_r8_shadow_composite_tradeoff_20260819\stress_cache\fake_266__smoothing_light.png	filtered_fake	0.935834	1
C:\My_Project\AIGC\results\research\p1_r8_shadow_composite_tradeoff_20260819\stress_cache\fake_266__smoothing_medium.png	filtered_fake	0.931269	1
C:\My_Project\AIGC\results\research\p1_r8_shadow_composite_tradeoff_20260819\stress_cache\fake_266__smoothing_heavy.png	filtered_fake	0.922942	1
C:\My_Project\AIGC\results\research\p1_r8_shadow_composite_tradeoff_20260819\stress_cache\fake_266__whitening_medium.png	filtered_fake	0.317701	0
C:\My_Project\AIGC\results\research\p1_r8_shadow_composite_tradeoff_20260819\stress_cache\fake_266__combined_medium.png	filtered_fake	0.926852	1
C:\My_Project\AIGC\results\research\p1_r8_shadow_composite_tradeoff_20260819\stress_cache\fake_266__combined_heavy.png	filtered_fake	0.933067	1
C:\My_Project\AIGC\results\research\p1_r8_shadow_composite_tradeoff_20260819\stress_cache\fake_266__eye_enlarging.png	filtered_fake	0.329699	0
C:\My_Project\AIGC\results\research\p1_r8_shadow_composite_tradeoff_20260819\stress_cache\fake_266__face_reshaping.png	filtered_fake	0.572049	1
C:\My_Project\AIGC\results\research\p1_r8_shadow_composite_tradeoff_20260819\stress_cache\fake_267__smoothing_light.png	filtered_fake	0.914413	1
C:\My_Project\AIGC\results\research\p1_r8_shadow_composite_tradeoff_20260819\stress_cache\fake_267__smoothing_medium.png	filtered_fake	0.932844	1
C:\My_Project\AIGC\results\research\p1_r8_shadow_composite_tradeoff_20260819\stress_cache\fake_267__smoothing_heavy.png	filtered_fake	0.926374	1
C:\My_Project\AIGC\results\research\p1_r8_shadow_composite_tradeoff_20260819\stress_cache\fake_267__whitening_medium.png	filtered_fake	0.213919	0
C:\My_Project\AIGC\results\research\p1_r8_shadow_composite_tradeoff_20260819\stress_cache\fake_267__combined_medium.png	filtered_fake	0.934772	1
C:\My_Project\AIGC\results\research\p1_r8_shadow_composite_tradeoff_20260819\stress_cache\fake_267__combined_heavy.png	filtered_fake	0.936710	1
C:\My_Project\AIGC\results\research\p1_r8_shadow_composite_tradeoff_20260819\stress_cache\fake_267__eye_enlarging.png	filtered_fake	0.806426	1
C:\My_Project\AIGC\results\research\p1_r8_shadow_composite_tradeoff_20260819\stress_cache\fake_267__face_reshaping.png	filtered_fake	0.754057	1
C:\My_Project\AIGC\results\research\p1_r8_shadow_composite_tradeoff_20260819\stress_cache\fake_268__smoothing_light.png	filtered_fake	0.930961	1
C:\My_Project\AIGC\results\research\p1_r8_shadow_composite_tradeoff_20260819\stress_cache\fake_268__smoothing_medium.png	filtered_fake	0.949142	1
C:\My_Project\AIGC\results\research\p1_r8_shadow_composite_tradeoff_20260819\stress_cache\fake_268__smoothing_heavy.png	filtered_fake	0.945913	1
C:\My_Project\AIGC\results\research\p1_r8_shadow_composite_tradeoff_20260819\stress_cache\fake_268__whitening_medium.png	filtered_fake	0.818248	1
C:\My_Project\AIGC\results\research\p1_r8_shadow_composite_tradeoff_20260819\stress_cache\fake_268__combined_medium.png	filtered_fake	0.947432	1
C:\My_Project\AIGC\results\research\p1_r8_shadow_composite_tradeoff_20260819\stress_cache\fake_268__combined_heavy.png	filtered_fake	0.944008	1
C:\My_Project\AIGC\results\research\p1_r8_shadow_composite_tradeoff_20260819\stress_cache\fake_268__eye_enlarging.png	filtered_fake	0.859879	1
C:\My_Project\AIGC\results\research\p1_r8_shadow_composite_tradeoff_20260819\stress_cache\fake_268__face_reshaping.png	filtered_fake	0.615387	1
C:\My_Project\AIGC\results\research\p1_r8_shadow_composite_tradeoff_20260819\stress_cache\fake_269__smoothing_light.png	filtered_fake	0.924275	1
C:\My_Project\AIGC\results\research\p1_r8_shadow_composite_tradeoff_20260819\stress_cache\fake_269__smoothing_medium.png	filtered_fake	0.947636	1
C:\My_Project\AIGC\results\research\p1_r8_shadow_composite_tradeoff_20260819\stress_cache\fake_269__smoothing_heavy.png	filtered_fake	0.945516	1
C:\My_Project\AIGC\results\research\p1_r8_shadow_composite_tradeoff_20260819\stress_cache\fake_269__whitening_medium.png	filtered_fake	0.938379	1
C:\My_Project\AIGC\results\research\p1_r8_shadow_composite_tradeoff_20260819\stress_cache\fake_269__combined_medium.png	filtered_fake	0.942185	1
C:\My_Project\AIGC\results\research\p1_r8_shadow_composite_tradeoff_20260819\stress_cache\fake_269__combined_heavy.png	filtered_fake	0.942373	1
C:\My_Project\AIGC\results\research\p1_r8_shadow_composite_tradeoff_20260819\stress_cache\fake_269__eye_enlarging.png	filtered_fake	0.945754	1
C:\My_Project\AIGC\results\research\p1_r8_shadow_composite_tradeoff_20260819\stress_cache\fake_269__face_reshaping.png	filtered_fake	0.942784	1
C:\My_Project\AIGC\results\research\p1_r8_shadow_composite_tradeoff_20260819\stress_cache\fake_270__smoothing_light.png	filtered_fake	0.907206	1
C:\My_Project\AIGC\results\research\p1_r8_shadow_composite_tradeoff_20260819\stress_cache\fake_270__smoothing_medium.png	filtered_fake	0.945168	1
C:\My_Project\AIGC\results\research\p1_r8_shadow_composite_tradeoff_20260819\stress_cache\fake_270__smoothing_heavy.png	filtered_fake	0.934368	1
C:\My_Project\AIGC\results\research\p1_r8_shadow_composite_tradeoff_20260819\stress_cache\fake_270__whitening_medium.png	filtered_fake	0.931866	1
C:\My_Project\AIGC\results\research\p1_r8_shadow_composite_tradeoff_20260819\stress_cache\fake_270__combined_medium.png	filtered_fake	0.943115	1
C:\My_Project\AIGC\results\research\p1_r8_shadow_composite_tradeoff_20260819\stress_cache\fake_270__combined_heavy.png	filtered_fake	0.929221	1
C:\My_Project\AIGC\results\research\p1_r8_shadow_composite_tradeoff_20260819\stress_cache\fake_270__eye_enlarging.png	filtered_fake	0.920067	1
C:\My_Project\AIGC\results\research\p1_r8_shadow_composite_tradeoff_20260819\stress_cache\fake_270__face_reshaping.png	filtered_fake	0.866150	1
C:\My_Project\AIGC\results\research\p1_r8_shadow_composite_tradeoff_20260819\stress_cache\fake_271__smoothing_light.png	filtered_fake	0.938007	1
C:\My_Project\AIGC\results\research\p1_r8_shadow_composite_tradeoff_20260819\stress_cache\fake_271__smoothing_medium.png	filtered_fake	0.945458	1
C:\My_Project\AIGC\results\research\p1_r8_shadow_composite_tradeoff_20260819\stress_cache\fake_271__smoothing_heavy.png	filtered_fake	0.939994	1
C:\My_Project\AIGC\results\research\p1_r8_shadow_composite_tradeoff_20260819\stress_cache\fake_271__whitening_medium.png	filtered_fake	0.254536	0
C:\My_Project\AIGC\results\research\p1_r8_shadow_composite_tradeoff_20260819\stress_cache\fake_271__combined_medium.png	filtered_fake	0.946451	1
C:\My_Project\AIGC\results\research\p1_r8_shadow_composite_tradeoff_20260819\stress_cache\fake_271__combined_heavy.png	filtered_fake	0.940415	1
C:\My_Project\AIGC\results\research\p1_r8_shadow_composite_tradeoff_20260819\stress_cache\fake_271__eye_enlarging.png	filtered_fake	0.323475	0
C:\My_Project\AIGC\results\research\p1_r8_shadow_composite_tradeoff_20260819\stress_cache\fake_271__face_reshaping.png	filtered_fake	0.441836	0
C:\My_Project\AIGC\results\research\p1_r8_shadow_composite_tradeoff_20260819\stress_cache\fake_272__smoothing_light.png	filtered_fake	0.640902	1
C:\My_Project\AIGC\results\research\p1_r8_shadow_composite_tradeoff_20260819\stress_cache\fake_272__smoothing_medium.png	filtered_fake	0.868933	1
C:\My_Project\AIGC\results\research\p1_r8_shadow_composite_tradeoff_20260819\stress_cache\fake_272__smoothing_heavy.png	filtered_fake	0.662010	1
C:\My_Project\AIGC\results\research\p1_r8_shadow_composite_tradeoff_20260819\stress_cache\fake_272__whitening_medium.png	filtered_fake	0.484320	1
C:\My_Project\AIGC\results\research\p1_r8_shadow_composite_tradeoff_20260819\stress_cache\fake_272__combined_medium.png	filtered_fake	0.886944	1
C:\My_Project\AIGC\results\research\p1_r8_shadow_composite_tradeoff_20260819\stress_cache\fake_272__combined_heavy.png	filtered_fake	0.825091	1
C:\My_Project\AIGC\results\research\p1_r8_shadow_composite_tradeoff_20260819\stress_cache\fake_272__eye_enlarging.png	filtered_fake	0.051576	0
C:\My_Project\AIGC\results\research\p1_r8_shadow_composite_tradeoff_20260819\stress_cache\fake_272__face_reshaping.png	filtered_fake	0.327472	0
C:\My_Project\AIGC\results\research\p1_r8_shadow_composite_tradeoff_20260819\stress_cache\fake_273__smoothing_light.png	filtered_fake	0.917392	1
C:\My_Project\AIGC\results\research\p1_r8_shadow_composite_tradeoff_20260819\stress_cache\fake_273__smoothing_medium.png	filtered_fake	0.945912	1
C:\My_Project\AIGC\results\research\p1_r8_shadow_composite_tradeoff_20260819\stress_cache\fake_273__smoothing_heavy.png	filtered_fake	0.938475	1
C:\My_Project\AIGC\results\research\p1_r8_shadow_composite_tradeoff_20260819\stress_cache\fake_273__whitening_medium.png	filtered_fake	0.378546	0
C:\My_Project\AIGC\results\research\p1_r8_shadow_composite_tradeoff_20260819\stress_cache\fake_273__combined_medium.png	filtered_fake	0.943970	1
C:\My_Project\AIGC\results\research\p1_r8_shadow_composite_tradeoff_20260819\stress_cache\fake_273__combined_heavy.png	filtered_fake	0.929756	1
C:\My_Project\AIGC\results\research\p1_r8_shadow_composite_tradeoff_20260819\stress_cache\fake_273__eye_enlarging.png	filtered_fake	0.540712	1
C:\My_Project\AIGC\results\research\p1_r8_shadow_composite_tradeoff_20260819\stress_cache\fake_273__face_reshaping.png	filtered_fake	0.792640	1
C:\My_Project\AIGC\results\research\p1_r8_shadow_composite_tradeoff_20260819\stress_cache\fake_274__smoothing_light.png	filtered_fake	0.897577	1
C:\My_Project\AIGC\results\research\p1_r8_shadow_composite_tradeoff_20260819\stress_cache\fake_274__smoothing_medium.png	filtered_fake	0.916315	1
C:\My_Project\AIGC\results\research\p1_r8_shadow_composite_tradeoff_20260819\stress_cache\fake_274__smoothing_heavy.png	filtered_fake	0.898877	1
C:\My_Project\AIGC\results\research\p1_r8_shadow_composite_tradeoff_20260819\stress_cache\fake_274__whitening_medium.png	filtered_fake	0.108893	0
C:\My_Project\AIGC\results\research\p1_r8_shadow_composite_tradeoff_20260819\stress_cache\fake_274__combined_medium.png	filtered_fake	0.923840	1
C:\My_Project\AIGC\results\research\p1_r8_shadow_composite_tradeoff_20260819\stress_cache\fake_274__combined_heavy.png	filtered_fake	0.923149	1
C:\My_Project\AIGC\results\research\p1_r8_shadow_composite_tradeoff_20260819\stress_cache\fake_274__eye_enlarging.png	filtered_fake	0.093624	0
C:\My_Project\AIGC\results\research\p1_r8_shadow_composite_tradeoff_20260819\stress_cache\fake_274__face_reshaping.png	filtered_fake	0.293722	0
C:\My_Project\AIGC\results\research\p1_r8_shadow_composite_tradeoff_20260819\stress_cache\fake_275__smoothing_light.png	filtered_fake	0.924026	1
C:\My_Project\AIGC\results\research\p1_r8_shadow_composite_tradeoff_20260819\stress_cache\fake_275__smoothing_medium.png	filtered_fake	0.943825	1
C:\My_Project\AIGC\results\research\p1_r8_shadow_composite_tradeoff_20260819\stress_cache\fake_275__smoothing_heavy.png	filtered_fake	0.943264	1
C:\My_Project\AIGC\results\research\p1_r8_shadow_composite_tradeoff_20260819\stress_cache\fake_275__whitening_medium.png	filtered_fake	0.945300	1
C:\My_Project\AIGC\results\research\p1_r8_shadow_composite_tradeoff_20260819\stress_cache\fake_275__combined_medium.png	filtered_fake	0.946950	1
C:\My_Project\AIGC\results\research\p1_r8_shadow_composite_tradeoff_20260819\stress_cache\fake_275__combined_heavy.png	filtered_fake	0.943567	1
C:\My_Project\AIGC\results\research\p1_r8_shadow_composite_tradeoff_20260819\stress_cache\fake_275__eye_enlarging.png	filtered_fake	0.920876	1
C:\My_Project\AIGC\results\research\p1_r8_shadow_composite_tradeoff_20260819\stress_cache\fake_275__face_reshaping.png	filtered_fake	0.946136	1
C:\My_Project\AIGC\results\research\p1_r8_shadow_composite_tradeoff_20260819\stress_cache\fake_276__smoothing_light.png	filtered_fake	0.927477	1
C:\My_Project\AIGC\results\research\p1_r8_shadow_composite_tradeoff_20260819\stress_cache\fake_276__smoothing_medium.png	filtered_fake	0.946719	1
C:\My_Project\AIGC\results\research\p1_r8_shadow_composite_tradeoff_20260819\stress_cache\fake_276__smoothing_heavy.png	filtered_fake	0.951018	1
C:\My_Project\AIGC\results\research\p1_r8_shadow_composite_tradeoff_20260819\stress_cache\fake_276__whitening_medium.png	filtered_fake	0.955962	1
C:\My_Project\AIGC\results\research\p1_r8_shadow_composite_tradeoff_20260819\stress_cache\fake_276__combined_medium.png	filtered_fake	0.951250	1
C:\My_Project\AIGC\results\research\p1_r8_shadow_composite_tradeoff_20260819\stress_cache\fake_276__combined_heavy.png	filtered_fake	0.953170	1
C:\My_Project\AIGC\results\research\p1_r8_shadow_composite_tradeoff_20260819\stress_cache\fake_276__eye_enlarging.png	filtered_fake	0.954118	1
C:\My_Project\AIGC\results\research\p1_r8_shadow_composite_tradeoff_20260819\stress_cache\fake_276__face_reshaping.png	filtered_fake	0.940223	1
C:\My_Project\AIGC\results\research\p1_r8_shadow_composite_tradeoff_20260819\stress_cache\fake_277__smoothing_light.png	filtered_fake	0.791984	1
C:\My_Project\AIGC\results\research\p1_r8_shadow_composite_tradeoff_20260819\stress_cache\fake_277__smoothing_medium.png	filtered_fake	0.925855	1
C:\My_Project\AIGC\results\research\p1_r8_shadow_composite_tradeoff_20260819\stress_cache\fake_277__smoothing_heavy.png	filtered_fake	0.863750	1
C:\My_Project\AIGC\results\research\p1_r8_shadow_composite_tradeoff_20260819\stress_cache\fake_277__whitening_medium.png	filtered_fake	0.427479	0
C:\My_Project\AIGC\results\research\p1_r8_shadow_composite_tradeoff_20260819\stress_cache\fake_277__combined_medium.png	filtered_fake	0.922608	1
C:\My_Project\AIGC\results\research\p1_r8_shadow_composite_tradeoff_20260819\stress_cache\fake_277__combined_heavy.png	filtered_fake	0.765237	1
C:\My_Project\AIGC\results\research\p1_r8_shadow_composite_tradeoff_20260819\stress_cache\fake_277__eye_enlarging.png	filtered_fake	0.342814	0
C:\My_Project\AIGC\results\research\p1_r8_shadow_composite_tradeoff_20260819\stress_cache\fake_277__face_reshaping.png	filtered_fake	0.639170	1
C:\My_Project\AIGC\results\research\p1_r8_shadow_composite_tradeoff_20260819\stress_cache\fake_278__smoothing_light.png	filtered_fake	0.945227	1
C:\My_Project\AIGC\results\research\p1_r8_shadow_composite_tradeoff_20260819\stress_cache\fake_278__smoothing_medium.png	filtered_fake	0.947442	1
C:\My_Project\AIGC\results\research\p1_r8_shadow_composite_tradeoff_20260819\stress_cache\fake_278__smoothing_heavy.png	filtered_fake	0.944794	1
C:\My_Project\AIGC\results\research\p1_r8_shadow_composite_tradeoff_20260819\stress_cache\fake_278__whitening_medium.png	filtered_fake	0.693804	1
C:\My_Project\AIGC\results\research\p1_r8_shadow_composite_tradeoff_20260819\stress_cache\fake_278__combined_medium.png	filtered_fake	0.949012	1
C:\My_Project\AIGC\results\research\p1_r8_shadow_composite_tradeoff_20260819\stress_cache\fake_278__combined_heavy.png	filtered_fake	0.950873	1
C:\My_Project\AIGC\results\research\p1_r8_shadow_composite_tradeoff_20260819\stress_cache\fake_278__eye_enlarging.png	filtered_fake	0.220393	0
C:\My_Project\AIGC\results\research\p1_r8_shadow_composite_tradeoff_20260819\stress_cache\fake_278__face_reshaping.png	filtered_fake	0.251031	0
C:\My_Project\AIGC\results\research\p1_r8_shadow_composite_tradeoff_20260819\stress_cache\fake_279__smoothing_light.png	filtered_fake	0.948906	1
C:\My_Project\AIGC\results\research\p1_r8_shadow_composite_tradeoff_20260819\stress_cache\fake_279__smoothing_medium.png	filtered_fake	0.947969	1
C:\My_Project\AIGC\results\research\p1_r8_shadow_composite_tradeoff_20260819\stress_cache\fake_279__smoothing_heavy.png	filtered_fake	0.945252	1
C:\My_Project\AIGC\results\research\p1_r8_shadow_composite_tradeoff_20260819\stress_cache\fake_279__whitening_medium.png	filtered_fake	0.918631	1
C:\My_Project\AIGC\results\research\p1_r8_shadow_composite_tradeoff_20260819\stress_cache\fake_279__combined_medium.png	filtered_fake	0.948890	1
C:\My_Project\AIGC\results\research\p1_r8_shadow_composite_tradeoff_20260819\stress_cache\fake_279__combined_heavy.png	filtered_fake	0.950425	1
C:\My_Project\AIGC\results\research\p1_r8_shadow_composite_tradeoff_20260819\stress_cache\fake_279__eye_enlarging.png	filtered_fake	0.939709	1
C:\My_Project\AIGC\results\research\p1_r8_shadow_composite_tradeoff_20260819\stress_cache\fake_279__face_reshaping.png	filtered_fake	0.868709	1
C:\My_Project\AIGC\results\research\p1_r8_shadow_composite_tradeoff_20260819\stress_cache\fake_28__smoothing_light.png	filtered_fake	0.934188	1
C:\My_Project\AIGC\results\research\p1_r8_shadow_composite_tradeoff_20260819\stress_cache\fake_28__smoothing_medium.png	filtered_fake	0.936467	1
C:\My_Project\AIGC\results\research\p1_r8_shadow_composite_tradeoff_20260819\stress_cache\fake_28__smoothing_heavy.png	filtered_fake	0.940213	1
C:\My_Project\AIGC\results\research\p1_r8_shadow_composite_tradeoff_20260819\stress_cache\fake_28__whitening_medium.png	filtered_fake	0.923080	1
C:\My_Project\AIGC\results\research\p1_r8_shadow_composite_tradeoff_20260819\stress_cache\fake_28__combined_medium.png	filtered_fake	0.938512	1
C:\My_Project\AIGC\results\research\p1_r8_shadow_composite_tradeoff_20260819\stress_cache\fake_28__combined_heavy.png	filtered_fake	0.938787	1
C:\My_Project\AIGC\results\research\p1_r8_shadow_composite_tradeoff_20260819\stress_cache\fake_28__eye_enlarging.png	filtered_fake	0.921760	1
C:\My_Project\AIGC\results\research\p1_r8_shadow_composite_tradeoff_20260819\stress_cache\fake_28__face_reshaping.png	filtered_fake	0.930900	1
C:\My_Project\AIGC\results\research\p1_r8_shadow_composite_tradeoff_20260819\stress_cache\fake_280__smoothing_light.png	filtered_fake	0.948858	1
C:\My_Project\AIGC\results\research\p1_r8_shadow_composite_tradeoff_20260819\stress_cache\fake_280__smoothing_medium.png	filtered_fake	0.951727	1
C:\My_Project\AIGC\results\research\p1_r8_shadow_composite_tradeoff_20260819\stress_cache\fake_280__smoothing_heavy.png	filtered_fake	0.947342	1
C:\My_Project\AIGC\results\research\p1_r8_shadow_composite_tradeoff_20260819\stress_cache\fake_280__whitening_medium.png	filtered_fake	0.697712	1
C:\My_Project\AIGC\results\research\p1_r8_shadow_composite_tradeoff_20260819\stress_cache\fake_280__combined_medium.png	filtered_fake	0.950611	1
C:\My_Project\AIGC\results\research\p1_r8_shadow_composite_tradeoff_20260819\stress_cache\fake_280__combined_heavy.png	filtered_fake	0.946881	1
C:\My_Project\AIGC\results\research\p1_r8_shadow_composite_tradeoff_20260819\stress_cache\fake_280__eye_enlarging.png	filtered_fake	0.151284	0
C:\My_Project\AIGC\results\research\p1_r8_shadow_composite_tradeoff_20260819\stress_cache\fake_280__face_reshaping.png	filtered_fake	0.663209	1
C:\My_Project\AIGC\results\research\p1_r8_shadow_composite_tradeoff_20260819\stress_cache\fake_281__smoothing_light.png	filtered_fake	0.945376	1
C:\My_Project\AIGC\results\research\p1_r8_shadow_composite_tradeoff_20260819\stress_cache\fake_281__smoothing_medium.png	filtered_fake	0.945906	1
C:\My_Project\AIGC\results\research\p1_r8_shadow_composite_tradeoff_20260819\stress_cache\fake_281__smoothing_heavy.png	filtered_fake	0.939860	1
C:\My_Project\AIGC\results\research\p1_r8_shadow_composite_tradeoff_20260819\stress_cache\fake_281__whitening_medium.png	filtered_fake	0.922062	1
C:\My_Project\AIGC\results\research\p1_r8_shadow_composite_tradeoff_20260819\stress_cache\fake_281__combined_medium.png	filtered_fake	0.945740	1
C:\My_Project\AIGC\results\research\p1_r8_shadow_composite_tradeoff_20260819\stress_cache\fake_281__combined_heavy.png	filtered_fake	0.944334	1
C:\My_Project\AIGC\results\research\p1_r8_shadow_composite_tradeoff_20260819\stress_cache\fake_281__eye_enlarging.png	filtered_fake	0.928890	1
C:\My_Project\AIGC\results\research\p1_r8_shadow_composite_tradeoff_20260819\stress_cache\fake_281__face_reshaping.png	filtered_fake	0.886812	1
C:\My_Project\AIGC\results\research\p1_r8_shadow_composite_tradeoff_20260819\stress_cache\fake_282__smoothing_light.png	filtered_fake	0.905477	1
C:\My_Project\AIGC\results\research\p1_r8_shadow_composite_tradeoff_20260819\stress_cache\fake_282__smoothing_medium.png	filtered_fake	0.926666	1
C:\My_Project\AIGC\results\research\p1_r8_shadow_composite_tradeoff_20260819\stress_cache\fake_282__smoothing_heavy.png	filtered_fake	0.913899	1
C:\My_Project\AIGC\results\research\p1_r8_shadow_composite_tradeoff_20260819\stress_cache\fake_282__whitening_medium.png	filtered_fake	0.038769	0
C:\My_Project\AIGC\results\research\p1_r8_shadow_composite_tradeoff_20260819\stress_cache\fake_282__combined_medium.png	filtered_fake	0.929370	1
C:\My_Project\AIGC\results\research\p1_r8_shadow_composite_tradeoff_20260819\stress_cache\fake_282__combined_heavy.png	filtered_fake	0.913018	1
C:\My_Project\AIGC\results\research\p1_r8_shadow_composite_tradeoff_20260819\stress_cache\fake_282__eye_enlarging.png	filtered_fake	0.126390	0
C:\My_Project\AIGC\results\research\p1_r8_shadow_composite_tradeoff_20260819\stress_cache\fake_282__face_reshaping.png	filtered_fake	0.456624	0
C:\My_Project\AIGC\results\research\p1_r8_shadow_composite_tradeoff_20260819\stress_cache\fake_283__smoothing_light.png	filtered_fake	0.766311	1
C:\My_Project\AIGC\results\research\p1_r8_shadow_composite_tradeoff_20260819\stress_cache\fake_283__smoothing_medium.png	filtered_fake	0.911531	1
C:\My_Project\AIGC\results\research\p1_r8_shadow_composite_tradeoff_20260819\stress_cache\fake_283__smoothing_heavy.png	filtered_fake	0.897795	1
C:\My_Project\AIGC\results\research\p1_r8_shadow_composite_tradeoff_20260819\stress_cache\fake_283__whitening_medium.png	filtered_fake	0.036648	0
C:\My_Project\AIGC\results\research\p1_r8_shadow_composite_tradeoff_20260819\stress_cache\fake_283__combined_medium.png	filtered_fake	0.865098	1
C:\My_Project\AIGC\results\research\p1_r8_shadow_composite_tradeoff_20260819\stress_cache\fake_283__combined_heavy.png	filtered_fake	0.862247	1
C:\My_Project\AIGC\results\research\p1_r8_shadow_composite_tradeoff_20260819\stress_cache\fake_283__eye_enlarging.png	filtered_fake	0.033898	0
C:\My_Project\AIGC\results\research\p1_r8_shadow_composite_tradeoff_20260819\stress_cache\fake_283__face_reshaping.png	filtered_fake	0.033246	0
C:\My_Project\AIGC\results\research\p1_r8_shadow_composite_tradeoff_20260819\stress_cache\fake_284__smoothing_light.png	filtered_fake	0.943607	1
C:\My_Project\AIGC\results\research\p1_r8_shadow_composite_tradeoff_20260819\stress_cache\fake_284__smoothing_medium.png	filtered_fake	0.950275	1
C:\My_Project\AIGC\results\research\p1_r8_shadow_composite_tradeoff_20260819\stress_cache\fake_284__smoothing_heavy.png	filtered_fake	0.948716	1
C:\My_Project\AIGC\results\research\p1_r8_shadow_composite_tradeoff_20260819\stress_cache\fake_284__whitening_medium.png	filtered_fake	0.737160	1
C:\My_Project\AIGC\results\research\p1_r8_shadow_composite_tradeoff_20260819\stress_cache\fake_284__combined_medium.png	filtered_fake	0.952511	1
C:\My_Project\AIGC\results\research\p1_r8_shadow_composite_tradeoff_20260819\stress_cache\fake_284__combined_heavy.png	filtered_fake	0.952957	1
C:\My_Project\AIGC\results\research\p1_r8_shadow_composite_tradeoff_20260819\stress_cache\fake_284__eye_enlarging.png	filtered_fake	0.272659	2
C:\My_Project\AIGC\results\research\p1_r8_shadow_composite_tradeoff_20260819\stress_cache\fake_284__face_reshaping.png	filtered_fake	0.258500	2
C:\My_Project\AIGC\results\research\p1_r8_shadow_composite_tradeoff_20260819\stress_cache\fake_285__smoothing_light.png	filtered_fake	0.939080	1
C:\My_Project\AIGC\results\research\p1_r8_shadow_composite_tradeoff_20260819\stress_cache\fake_285__smoothing_medium.png	filtered_fake	0.948468	1
C:\My_Project\AIGC\results\research\p1_r8_shadow_composite_tradeoff_20260819\stress_cache\fake_285__smoothing_heavy.png	filtered_fake	0.948343	1
C:\My_Project\AIGC\results\research\p1_r8_shadow_composite_tradeoff_20260819\stress_cache\fake_285__whitening_medium.png	filtered_fake	0.034992	0
C:\My_Project\AIGC\results\research\p1_r8_shadow_composite_tradeoff_20260819\stress_cache\fake_285__combined_medium.png	filtered_fake	0.949865	1
C:\My_Project\AIGC\results\research\p1_r8_shadow_composite_tradeoff_20260819\stress_cache\fake_285__combined_heavy.png	filtered_fake	0.948533	1
C:\My_Project\AIGC\results\research\p1_r8_shadow_composite_tradeoff_20260819\stress_cache\fake_285__eye_enlarging.png	filtered_fake	0.122370	0
C:\My_Project\AIGC\results\research\p1_r8_shadow_composite_tradeoff_20260819\stress_cache\fake_285__face_reshaping.png	filtered_fake	0.308591	0
C:\My_Project\AIGC\results\research\p1_r8_shadow_composite_tradeoff_20260819\stress_cache\fake_286__smoothing_light.png	filtered_fake	0.945087	1
C:\My_Project\AIGC\results\research\p1_r8_shadow_composite_tradeoff_20260819\stress_cache\fake_286__smoothing_medium.png	filtered_fake	0.945946	1
C:\My_Project\AIGC\results\research\p1_r8_shadow_composite_tradeoff_20260819\stress_cache\fake_286__smoothing_heavy.png	filtered_fake	0.944853	1
C:\My_Project\AIGC\results\research\p1_r8_shadow_composite_tradeoff_20260819\stress_cache\fake_286__whitening_medium.png	filtered_fake	0.176103	0
C:\My_Project\AIGC\results\research\p1_r8_shadow_composite_tradeoff_20260819\stress_cache\fake_286__combined_medium.png	filtered_fake	0.948738	1
C:\My_Project\AIGC\results\research\p1_r8_shadow_composite_tradeoff_20260819\stress_cache\fake_286__combined_heavy.png	filtered_fake	0.940909	1
C:\My_Project\AIGC\results\research\p1_r8_shadow_composite_tradeoff_20260819\stress_cache\fake_286__eye_enlarging.png	filtered_fake	0.354760	0
C:\My_Project\AIGC\results\research\p1_r8_shadow_composite_tradeoff_20260819\stress_cache\fake_286__face_reshaping.png	filtered_fake	0.512545	1
C:\My_Project\AIGC\results\research\p1_r8_shadow_composite_tradeoff_20260819\stress_cache\fake_287__smoothing_light.png	filtered_fake	0.941072	1
C:\My_Project\AIGC\results\research\p1_r8_shadow_composite_tradeoff_20260819\stress_cache\fake_287__smoothing_medium.png	filtered_fake	0.943485	1
C:\My_Project\AIGC\results\research\p1_r8_shadow_composite_tradeoff_20260819\stress_cache\fake_287__smoothing_heavy.png	filtered_fake	0.945189	1
C:\My_Project\AIGC\results\research\p1_r8_shadow_composite_tradeoff_20260819\stress_cache\fake_287__whitening_medium.png	filtered_fake	0.945497	1
C:\My_Project\AIGC\results\research\p1_r8_shadow_composite_tradeoff_20260819\stress_cache\fake_287__combined_medium.png	filtered_fake	0.947400	1
C:\My_Project\AIGC\results\research\p1_r8_shadow_composite_tradeoff_20260819\stress_cache\fake_287__combined_heavy.png	filtered_fake	0.944975	1
C:\My_Project\AIGC\results\research\p1_r8_shadow_composite_tradeoff_20260819\stress_cache\fake_287__eye_enlarging.png	filtered_fake	0.921342	1
C:\My_Project\AIGC\results\research\p1_r8_shadow_composite_tradeoff_20260819\stress_cache\fake_287__face_reshaping.png	filtered_fake	0.924200	1
C:\My_Project\AIGC\results\research\p1_r8_shadow_composite_tradeoff_20260819\stress_cache\fake_288__smoothing_light.png	filtered_fake	0.942132	1
C:\My_Project\AIGC\results\research\p1_r8_shadow_composite_tradeoff_20260819\stress_cache\fake_288__smoothing_medium.png	filtered_fake	0.943224	1
C:\My_Project\AIGC\results\research\p1_r8_shadow_composite_tradeoff_20260819\stress_cache\fake_288__smoothing_heavy.png	filtered_fake	0.938687	1
C:\My_Project\AIGC\results\research\p1_r8_shadow_composite_tradeoff_20260819\stress_cache\fake_288__whitening_medium.png	filtered_fake	0.932138	1
C:\My_Project\AIGC\results\research\p1_r8_shadow_composite_tradeoff_20260819\stress_cache\fake_288__combined_medium.png	filtered_fake	0.945701	1
C:\My_Project\AIGC\results\research\p1_r8_shadow_composite_tradeoff_20260819\stress_cache\fake_288__combined_heavy.png	filtered_fake	0.943775	1
C:\My_Project\AIGC\results\research\p1_r8_shadow_composite_tradeoff_20260819\stress_cache\fake_288__eye_enlarging.png	filtered_fake	0.901523	1
C:\My_Project\AIGC\results\research\p1_r8_shadow_composite_tradeoff_20260819\stress_cache\fake_288__face_reshaping.png	filtered_fake	0.751697	1
C:\My_Project\AIGC\results\research\p1_r8_shadow_composite_tradeoff_20260819\stress_cache\fake_289__smoothing_light.png	filtered_fake	0.947747	1
C:\My_Project\AIGC\results\research\p1_r8_shadow_composite_tradeoff_20260819\stress_cache\fake_289__smoothing_medium.png	filtered_fake	0.948574	1
C:\My_Project\AIGC\results\research\p1_r8_shadow_composite_tradeoff_20260819\stress_cache\fake_289__smoothing_heavy.png	filtered_fake	0.947606	1
C:\My_Project\AIGC\results\research\p1_r8_shadow_composite_tradeoff_20260819\stress_cache\fake_289__whitening_medium.png	filtered_fake	0.937128	1
C:\My_Project\AIGC\results\research\p1_r8_shadow_composite_tradeoff_20260819\stress_cache\fake_289__combined_medium.png	filtered_fake	0.948178	1
C:\My_Project\AIGC\results\research\p1_r8_shadow_composite_tradeoff_20260819\stress_cache\fake_289__combined_heavy.png	filtered_fake	0.940231	1
C:\My_Project\AIGC\results\research\p1_r8_shadow_composite_tradeoff_20260819\stress_cache\fake_289__eye_enlarging.png	filtered_fake	0.903181	1
C:\My_Project\AIGC\results\research\p1_r8_shadow_composite_tradeoff_20260819\stress_cache\fake_289__face_reshaping.png	filtered_fake	0.862647	1
C:\My_Project\AIGC\results\research\p1_r8_shadow_composite_tradeoff_20260819\stress_cache\fake_29__smoothing_light.png	filtered_fake	0.949156	1
C:\My_Project\AIGC\results\research\p1_r8_shadow_composite_tradeoff_20260819\stress_cache\fake_29__smoothing_medium.png	filtered_fake	0.951355	1
C:\My_Project\AIGC\results\research\p1_r8_shadow_composite_tradeoff_20260819\stress_cache\fake_29__smoothing_heavy.png	filtered_fake	0.953358	1
C:\My_Project\AIGC\results\research\p1_r8_shadow_composite_tradeoff_20260819\stress_cache\fake_29__whitening_medium.png	filtered_fake	0.649588	1
C:\My_Project\AIGC\results\research\p1_r8_shadow_composite_tradeoff_20260819\stress_cache\fake_29__combined_medium.png	filtered_fake	0.952587	1
C:\My_Project\AIGC\results\research\p1_r8_shadow_composite_tradeoff_20260819\stress_cache\fake_29__combined_heavy.png	filtered_fake	0.951040	1
C:\My_Project\AIGC\results\research\p1_r8_shadow_composite_tradeoff_20260819\stress_cache\fake_29__eye_enlarging.png	filtered_fake	0.874600	1
C:\My_Project\AIGC\results\research\p1_r8_shadow_composite_tradeoff_20260819\stress_cache\fake_29__face_reshaping.png	filtered_fake	0.889839	1
C:\My_Project\AIGC\results\research\p1_r8_shadow_composite_tradeoff_20260819\stress_cache\fake_290__smoothing_light.png	filtered_fake	0.707094	1
C:\My_Project\AIGC\results\research\p1_r8_shadow_composite_tradeoff_20260819\stress_cache\fake_290__smoothing_medium.png	filtered_fake	0.920970	1
C:\My_Project\AIGC\results\research\p1_r8_shadow_composite_tradeoff_20260819\stress_cache\fake_290__smoothing_heavy.png	filtered_fake	0.817250	1
C:\My_Project\AIGC\results\research\p1_r8_shadow_composite_tradeoff_20260819\stress_cache\fake_290__whitening_medium.png	filtered_fake	0.050133	0
C:\My_Project\AIGC\results\research\p1_r8_shadow_composite_tradeoff_20260819\stress_cache\fake_290__combined_medium.png	filtered_fake	0.870484	1
C:\My_Project\AIGC\results\research\p1_r8_shadow_composite_tradeoff_20260819\stress_cache\fake_290__combined_heavy.png	filtered_fake	0.824284	1
C:\My_Project\AIGC\results\research\p1_r8_shadow_composite_tradeoff_20260819\stress_cache\fake_290__eye_enlarging.png	filtered_fake	0.051887	0
C:\My_Project\AIGC\results\research\p1_r8_shadow_composite_tradeoff_20260819\stress_cache\fake_290__face_reshaping.png	filtered_fake	0.064685	0
C:\My_Project\AIGC\results\research\p1_r8_shadow_composite_tradeoff_20260819\stress_cache\fake_291__smoothing_light.png	filtered_fake	0.916681	1
C:\My_Project\AIGC\results\research\p1_r8_shadow_composite_tradeoff_20260819\stress_cache\fake_291__smoothing_medium.png	filtered_fake	0.949242	1
C:\My_Project\AIGC\results\research\p1_r8_shadow_composite_tradeoff_20260819\stress_cache\fake_291__smoothing_heavy.png	filtered_fake	0.946975	1
C:\My_Project\AIGC\results\research\p1_r8_shadow_composite_tradeoff_20260819\stress_cache\fake_291__whitening_medium.png	filtered_fake	0.845105	1
C:\My_Project\AIGC\results\research\p1_r8_shadow_composite_tradeoff_20260819\stress_cache\fake_291__combined_medium.png	filtered_fake	0.946165	1
C:\My_Project\AIGC\results\research\p1_r8_shadow_composite_tradeoff_20260819\stress_cache\fake_291__combined_heavy.png	filtered_fake	0.943798	1
C:\My_Project\AIGC\results\research\p1_r8_shadow_composite_tradeoff_20260819\stress_cache\fake_291__eye_enlarging.png	filtered_fake	0.940428	1
C:\My_Project\AIGC\results\research\p1_r8_shadow_composite_tradeoff_20260819\stress_cache\fake_291__face_reshaping.png	filtered_fake	0.824047	1
C:\My_Project\AIGC\results\research\p1_r8_shadow_composite_tradeoff_20260819\stress_cache\fake_292__smoothing_light.png	filtered_fake	0.305476	0
C:\My_Project\AIGC\results\research\p1_r8_shadow_composite_tradeoff_20260819\stress_cache\fake_292__smoothing_medium.png	filtered_fake	0.878363	1
C:\My_Project\AIGC\results\research\p1_r8_shadow_composite_tradeoff_20260819\stress_cache\fake_292__smoothing_heavy.png	filtered_fake	0.848239	1
C:\My_Project\AIGC\results\research\p1_r8_shadow_composite_tradeoff_20260819\stress_cache\fake_292__whitening_medium.png	filtered_fake	0.445701	0
C:\My_Project\AIGC\results\research\p1_r8_shadow_composite_tradeoff_20260819\stress_cache\fake_292__combined_medium.png	filtered_fake	0.859615	1
C:\My_Project\AIGC\results\research\p1_r8_shadow_composite_tradeoff_20260819\stress_cache\fake_292__combined_heavy.png	filtered_fake	0.816521	1
C:\My_Project\AIGC\results\research\p1_r8_shadow_composite_tradeoff_20260819\stress_cache\fake_292__eye_enlarging.png	filtered_fake	0.867195	1
C:\My_Project\AIGC\results\research\p1_r8_shadow_composite_tradeoff_20260819\stress_cache\fake_292__face_reshaping.png	filtered_fake	0.815369	1
C:\My_Project\AIGC\results\research\p1_r8_shadow_composite_tradeoff_20260819\stress_cache\fake_293__smoothing_light.png	filtered_fake	0.934977	1
C:\My_Project\AIGC\results\research\p1_r8_shadow_composite_tradeoff_20260819\stress_cache\fake_293__smoothing_medium.png	filtered_fake	0.945995	1
C:\My_Project\AIGC\results\research\p1_r8_shadow_composite_tradeoff_20260819\stress_cache\fake_293__smoothing_heavy.png	filtered_fake	0.937157	1
C:\My_Project\AIGC\results\research\p1_r8_shadow_composite_tradeoff_20260819\stress_cache\fake_293__whitening_medium.png	filtered_fake	0.304944	0
C:\My_Project\AIGC\results\research\p1_r8_shadow_composite_tradeoff_20260819\stress_cache\fake_293__combined_medium.png	filtered_fake	0.942405	1
C:\My_Project\AIGC\results\research\p1_r8_shadow_composite_tradeoff_20260819\stress_cache\fake_293__combined_heavy.png	filtered_fake	0.926795	1
C:\My_Project\AIGC\results\research\p1_r8_shadow_composite_tradeoff_20260819\stress_cache\fake_293__eye_enlarging.png	filtered_fake	0.896755	1
C:\My_Project\AIGC\results\research\p1_r8_shadow_composite_tradeoff_20260819\stress_cache\fake_293__face_reshaping.png	filtered_fake	0.834707	1
C:\My_Project\AIGC\results\research\p1_r8_shadow_composite_tradeoff_20260819\stress_cache\fake_294__smoothing_light.png	filtered_fake	0.910790	1
C:\My_Project\AIGC\results\research\p1_r8_shadow_composite_tradeoff_20260819\stress_cache\fake_294__smoothing_medium.png	filtered_fake	0.944972	1
C:\My_Project\AIGC\results\research\p1_r8_shadow_composite_tradeoff_20260819\stress_cache\fake_294__smoothing_heavy.png	filtered_fake	0.932692	1
C:\My_Project\AIGC\results\research\p1_r8_shadow_composite_tradeoff_20260819\stress_cache\fake_294__whitening_medium.png	filtered_fake	0.296482	0
C:\My_Project\AIGC\results\research\p1_r8_shadow_composite_tradeoff_20260819\stress_cache\fake_294__combined_medium.png	filtered_fake	0.943044	1
C:\My_Project\AIGC\results\research\p1_r8_shadow_composite_tradeoff_20260819\stress_cache\fake_294__combined_heavy.png	filtered_fake	0.935344	1
C:\My_Project\AIGC\results\research\p1_r8_shadow_composite_tradeoff_20260819\stress_cache\fake_294__eye_enlarging.png	filtered_fake	0.579997	1
C:\My_Project\AIGC\results\research\p1_r8_shadow_composite_tradeoff_20260819\stress_cache\fake_294__face_reshaping.png	filtered_fake	0.730369	1
C:\My_Project\AIGC\results\research\p1_r8_shadow_composite_tradeoff_20260819\stress_cache\fake_295__smoothing_light.png	filtered_fake	0.922773	1
C:\My_Project\AIGC\results\research\p1_r8_shadow_composite_tradeoff_20260819\stress_cache\fake_295__smoothing_medium.png	filtered_fake	0.942036	1
C:\My_Project\AIGC\results\research\p1_r8_shadow_composite_tradeoff_20260819\stress_cache\fake_295__smoothing_heavy.png	filtered_fake	0.937811	1
C:\My_Project\AIGC\results\research\p1_r8_shadow_composite_tradeoff_20260819\stress_cache\fake_295__whitening_medium.png	filtered_fake	0.077479	0
C:\My_Project\AIGC\results\research\p1_r8_shadow_composite_tradeoff_20260819\stress_cache\fake_295__combined_medium.png	filtered_fake	0.941492	1
C:\My_Project\AIGC\results\research\p1_r8_shadow_composite_tradeoff_20260819\stress_cache\fake_295__combined_heavy.png	filtered_fake	0.915145	1
C:\My_Project\AIGC\results\research\p1_r8_shadow_composite_tradeoff_20260819\stress_cache\fake_295__eye_enlarging.png	filtered_fake	0.067586	0
C:\My_Project\AIGC\results\research\p1_r8_shadow_composite_tradeoff_20260819\stress_cache\fake_295__face_reshaping.png	filtered_fake	0.110380	0
C:\My_Project\AIGC\results\research\p1_r8_shadow_composite_tradeoff_20260819\stress_cache\fake_296__smoothing_light.png	filtered_fake	0.939566	1
C:\My_Project\AIGC\results\research\p1_r8_shadow_composite_tradeoff_20260819\stress_cache\fake_296__smoothing_medium.png	filtered_fake	0.946942	1
C:\My_Project\AIGC\results\research\p1_r8_shadow_composite_tradeoff_20260819\stress_cache\fake_296__smoothing_heavy.png	filtered_fake	0.941019	1
C:\My_Project\AIGC\results\research\p1_r8_shadow_composite_tradeoff_20260819\stress_cache\fake_296__whitening_medium.png	filtered_fake	0.846510	1
C:\My_Project\AIGC\results\research\p1_r8_shadow_composite_tradeoff_20260819\stress_cache\fake_296__combined_medium.png	filtered_fake	0.944933	1
C:\My_Project\AIGC\results\research\p1_r8_shadow_composite_tradeoff_20260819\stress_cache\fake_296__combined_heavy.png	filtered_fake	0.943203	1
C:\My_Project\AIGC\results\research\p1_r8_shadow_composite_tradeoff_20260819\stress_cache\fake_296__eye_enlarging.png	filtered_fake	0.942073	1
C:\My_Project\AIGC\results\research\p1_r8_shadow_composite_tradeoff_20260819\stress_cache\fake_296__face_reshaping.png	filtered_fake	0.908558	1
C:\My_Project\AIGC\results\research\p1_r8_shadow_composite_tradeoff_20260819\stress_cache\fake_297__smoothing_light.png	filtered_fake	0.937656	1
C:\My_Project\AIGC\results\research\p1_r8_shadow_composite_tradeoff_20260819\stress_cache\fake_297__smoothing_medium.png	filtered_fake	0.951111	1
C:\My_Project\AIGC\results\research\p1_r8_shadow_composite_tradeoff_20260819\stress_cache\fake_297__smoothing_heavy.png	filtered_fake	0.947055	1
C:\My_Project\AIGC\results\research\p1_r8_shadow_composite_tradeoff_20260819\stress_cache\fake_297__whitening_medium.png	filtered_fake	0.905171	1
C:\My_Project\AIGC\results\research\p1_r8_shadow_composite_tradeoff_20260819\stress_cache\fake_297__combined_medium.png	filtered_fake	0.946584	1
C:\My_Project\AIGC\results\research\p1_r8_shadow_composite_tradeoff_20260819\stress_cache\fake_297__combined_heavy.png	filtered_fake	0.943305	1
C:\My_Project\AIGC\results\research\p1_r8_shadow_composite_tradeoff_20260819\stress_cache\fake_297__eye_enlarging.png	filtered_fake	0.792983	1
C:\My_Project\AIGC\results\research\p1_r8_shadow_composite_tradeoff_20260819\stress_cache\fake_297__face_reshaping.png	filtered_fake	0.872802	1
C:\My_Project\AIGC\results\research\p1_r8_shadow_composite_tradeoff_20260819\stress_cache\fake_298__smoothing_light.png	filtered_fake	0.920240	1
C:\My_Project\AIGC\results\research\p1_r8_shadow_composite_tradeoff_20260819\stress_cache\fake_298__smoothing_medium.png	filtered_fake	0.936273	1
C:\My_Project\AIGC\results\research\p1_r8_shadow_composite_tradeoff_20260819\stress_cache\fake_298__smoothing_heavy.png	filtered_fake	0.859217	1
C:\My_Project\AIGC\results\research\p1_r8_shadow_composite_tradeoff_20260819\stress_cache\fake_298__whitening_medium.png	filtered_fake	0.322046	0
C:\My_Project\AIGC\results\research\p1_r8_shadow_composite_tradeoff_20260819\stress_cache\fake_298__combined_medium.png	filtered_fake	0.932616	1
C:\My_Project\AIGC\results\research\p1_r8_shadow_composite_tradeoff_20260819\stress_cache\fake_298__combined_heavy.png	filtered_fake	0.910462	1
C:\My_Project\AIGC\results\research\p1_r8_shadow_composite_tradeoff_20260819\stress_cache\fake_298__eye_enlarging.png	filtered_fake	0.778405	1
C:\My_Project\AIGC\results\research\p1_r8_shadow_composite_tradeoff_20260819\stress_cache\fake_298__face_reshaping.png	filtered_fake	0.805837	1
C:\My_Project\AIGC\results\research\p1_r8_shadow_composite_tradeoff_20260819\stress_cache\fake_299__smoothing_light.png	filtered_fake	0.904174	1
C:\My_Project\AIGC\results\research\p1_r8_shadow_composite_tradeoff_20260819\stress_cache\fake_299__smoothing_medium.png	filtered_fake	0.942770	1
C:\My_Project\AIGC\results\research\p1_r8_shadow_composite_tradeoff_20260819\stress_cache\fake_299__smoothing_heavy.png	filtered_fake	0.933238	1
C:\My_Project\AIGC\results\research\p1_r8_shadow_composite_tradeoff_20260819\stress_cache\fake_299__whitening_medium.png	filtered_fake	0.047486	0
C:\My_Project\AIGC\results\research\p1_r8_shadow_composite_tradeoff_20260819\stress_cache\fake_299__combined_medium.png	filtered_fake	0.943949	1
C:\My_Project\AIGC\results\research\p1_r8_shadow_composite_tradeoff_20260819\stress_cache\fake_299__combined_heavy.png	filtered_fake	0.938973	1
C:\My_Project\AIGC\results\research\p1_r8_shadow_composite_tradeoff_20260819\stress_cache\fake_299__eye_enlarging.png	filtered_fake	0.039796	0
C:\My_Project\AIGC\results\research\p1_r8_shadow_composite_tradeoff_20260819\stress_cache\fake_299__face_reshaping.png	filtered_fake	0.067226	0
C:\My_Project\AIGC\results\research\p1_r8_shadow_composite_tradeoff_20260819\stress_cache\fake_30__smoothing_light.png	filtered_fake	0.949595	1
C:\My_Project\AIGC\results\research\p1_r8_shadow_composite_tradeoff_20260819\stress_cache\fake_30__smoothing_medium.png	filtered_fake	0.951540	1
C:\My_Project\AIGC\results\research\p1_r8_shadow_composite_tradeoff_20260819\stress_cache\fake_30__smoothing_heavy.png	filtered_fake	0.951198	1
C:\My_Project\AIGC\results\research\p1_r8_shadow_composite_tradeoff_20260819\stress_cache\fake_30__whitening_medium.png	filtered_fake	0.629534	1
C:\My_Project\AIGC\results\research\p1_r8_shadow_composite_tradeoff_20260819\stress_cache\fake_30__combined_medium.png	filtered_fake	0.946283	1
C:\My_Project\AIGC\results\research\p1_r8_shadow_composite_tradeoff_20260819\stress_cache\fake_30__combined_heavy.png	filtered_fake	0.952509	1
C:\My_Project\AIGC\results\research\p1_r8_shadow_composite_tradeoff_20260819\stress_cache\fake_30__eye_enlarging.png	filtered_fake	0.686625	1
C:\My_Project\AIGC\results\research\p1_r8_shadow_composite_tradeoff_20260819\stress_cache\fake_30__face_reshaping.png	filtered_fake	0.659090	1
C:\My_Project\AIGC\results\research\p1_r8_shadow_composite_tradeoff_20260819\stress_cache\fake_300__smoothing_light.png	filtered_fake	0.949754	1
C:\My_Project\AIGC\results\research\p1_r8_shadow_composite_tradeoff_20260819\stress_cache\fake_300__smoothing_medium.png	filtered_fake	0.951395	1
C:\My_Project\AIGC\results\research\p1_r8_shadow_composite_tradeoff_20260819\stress_cache\fake_300__smoothing_heavy.png	filtered_fake	0.939488	1
C:\My_Project\AIGC\results\research\p1_r8_shadow_composite_tradeoff_20260819\stress_cache\fake_300__whitening_medium.png	filtered_fake	0.955069	1
C:\My_Project\AIGC\results\research\p1_r8_shadow_composite_tradeoff_20260819\stress_cache\fake_300__combined_medium.png	filtered_fake	0.951045	1
C:\My_Project\AIGC\results\research\p1_r8_shadow_composite_tradeoff_20260819\stress_cache\fake_300__combined_heavy.png	filtered_fake	0.950627	1
C:\My_Project\AIGC\results\research\p1_r8_shadow_composite_tradeoff_20260819\stress_cache\fake_300__eye_enlarging.png	filtered_fake	0.950940	1
C:\My_Project\AIGC\results\research\p1_r8_shadow_composite_tradeoff_20260819\stress_cache\fake_300__face_reshaping.png	filtered_fake	0.947058	1
C:\My_Project\AIGC\results\research\p1_r8_shadow_composite_tradeoff_20260819\stress_cache\fake_301__smoothing_light.png	filtered_fake	0.937490	1
C:\My_Project\AIGC\results\research\p1_r8_shadow_composite_tradeoff_20260819\stress_cache\fake_301__smoothing_medium.png	filtered_fake	0.942189	1
C:\My_Project\AIGC\results\research\p1_r8_shadow_composite_tradeoff_20260819\stress_cache\fake_301__smoothing_heavy.png	filtered_fake	0.940319	1
C:\My_Project\AIGC\results\research\p1_r8_shadow_composite_tradeoff_20260819\stress_cache\fake_301__whitening_medium.png	filtered_fake	0.305954	0
C:\My_Project\AIGC\results\research\p1_r8_shadow_composite_tradeoff_20260819\stress_cache\fake_301__combined_medium.png	filtered_fake	0.946945	1
C:\My_Project\AIGC\results\research\p1_r8_shadow_composite_tradeoff_20260819\stress_cache\fake_301__combined_heavy.png	filtered_fake	0.940255	1
C:\My_Project\AIGC\results\research\p1_r8_shadow_composite_tradeoff_20260819\stress_cache\fake_301__eye_enlarging.png	filtered_fake	0.895296	1
C:\My_Project\AIGC\results\research\p1_r8_shadow_composite_tradeoff_20260819\stress_cache\fake_301__face_reshaping.png	filtered_fake	0.535533	1
C:\My_Project\AIGC\results\research\p1_r8_shadow_composite_tradeoff_20260819\stress_cache\fake_302__smoothing_light.png	filtered_fake	0.943310	1
C:\My_Project\AIGC\results\research\p1_r8_shadow_composite_tradeoff_20260819\stress_cache\fake_302__smoothing_medium.png	filtered_fake	0.942732	1
C:\My_Project\AIGC\results\research\p1_r8_shadow_composite_tradeoff_20260819\stress_cache\fake_302__smoothing_heavy.png	filtered_fake	0.940813	1
C:\My_Project\AIGC\results\research\p1_r8_shadow_composite_tradeoff_20260819\stress_cache\fake_302__whitening_medium.png	filtered_fake	0.388592	0
C:\My_Project\AIGC\results\research\p1_r8_shadow_composite_tradeoff_20260819\stress_cache\fake_302__combined_medium.png	filtered_fake	0.944232	1
C:\My_Project\AIGC\results\research\p1_r8_shadow_composite_tradeoff_20260819\stress_cache\fake_302__combined_heavy.png	filtered_fake	0.945941	1
C:\My_Project\AIGC\results\research\p1_r8_shadow_composite_tradeoff_20260819\stress_cache\fake_302__eye_enlarging.png	filtered_fake	0.647691	1
C:\My_Project\AIGC\results\research\p1_r8_shadow_composite_tradeoff_20260819\stress_cache\fake_302__face_reshaping.png	filtered_fake	0.813984	1
C:\My_Project\AIGC\results\research\p1_r8_shadow_composite_tradeoff_20260819\stress_cache\fake_303__smoothing_light.png	filtered_fake	0.922627	1
C:\My_Project\AIGC\results\research\p1_r8_shadow_composite_tradeoff_20260819\stress_cache\fake_303__smoothing_medium.png	filtered_fake	0.943173	1
C:\My_Project\AIGC\results\research\p1_r8_shadow_composite_tradeoff_20260819\stress_cache\fake_303__smoothing_heavy.png	filtered_fake	0.933511	1
C:\My_Project\AIGC\results\research\p1_r8_shadow_composite_tradeoff_20260819\stress_cache\fake_303__whitening_medium.png	filtered_fake	0.940523	1
C:\My_Project\AIGC\results\research\p1_r8_shadow_composite_tradeoff_20260819\stress_cache\fake_303__combined_medium.png	filtered_fake	0.938740	1
C:\My_Project\AIGC\results\research\p1_r8_shadow_composite_tradeoff_20260819\stress_cache\fake_303__combined_heavy.png	filtered_fake	0.930089	1
C:\My_Project\AIGC\results\research\p1_r8_shadow_composite_tradeoff_20260819\stress_cache\fake_303__eye_enlarging.png	filtered_fake	0.945947	1
C:\My_Project\AIGC\results\research\p1_r8_shadow_composite_tradeoff_20260819\stress_cache\fake_303__face_reshaping.png	filtered_fake	0.936837	1
C:\My_Project\AIGC\results\research\p1_r8_shadow_composite_tradeoff_20260819\stress_cache\fake_304__smoothing_light.png	filtered_fake	0.933268	1
C:\My_Project\AIGC\results\research\p1_r8_shadow_composite_tradeoff_20260819\stress_cache\fake_304__smoothing_medium.png	filtered_fake	0.944070	1
C:\My_Project\AIGC\results\research\p1_r8_shadow_composite_tradeoff_20260819\stress_cache\fake_304__smoothing_heavy.png	filtered_fake	0.940730	1
C:\My_Project\AIGC\results\research\p1_r8_shadow_composite_tradeoff_20260819\stress_cache\fake_304__whitening_medium.png	filtered_fake	0.649074	1
C:\My_Project\AIGC\results\research\p1_r8_shadow_composite_tradeoff_20260819\stress_cache\fake_304__combined_medium.png	filtered_fake	0.944373	1
C:\My_Project\AIGC\results\research\p1_r8_shadow_composite_tradeoff_20260819\stress_cache\fake_304__combined_heavy.png	filtered_fake	0.936710	1
C:\My_Project\AIGC\results\research\p1_r8_shadow_composite_tradeoff_20260819\stress_cache\fake_304__eye_enlarging.png	filtered_fake	0.549785	1
C:\My_Project\AIGC\results\research\p1_r8_shadow_composite_tradeoff_20260819\stress_cache\fake_304__face_reshaping.png	filtered_fake	0.471933	0
C:\My_Project\AIGC\results\research\p1_r8_shadow_composite_tradeoff_20260819\stress_cache\fake_305__smoothing_light.png	filtered_fake	0.601638	1
C:\My_Project\AIGC\results\research\p1_r8_shadow_composite_tradeoff_20260819\stress_cache\fake_305__smoothing_medium.png	filtered_fake	0.899341	1
C:\My_Project\AIGC\results\research\p1_r8_shadow_composite_tradeoff_20260819\stress_cache\fake_305__smoothing_heavy.png	filtered_fake	0.871672	1
C:\My_Project\AIGC\results\research\p1_r8_shadow_composite_tradeoff_20260819\stress_cache\fake_305__whitening_medium.png	filtered_fake	0.056564	0
C:\My_Project\AIGC\results\research\p1_r8_shadow_composite_tradeoff_20260819\stress_cache\fake_305__combined_medium.png	filtered_fake	0.899624	1
C:\My_Project\AIGC\results\research\p1_r8_shadow_composite_tradeoff_20260819\stress_cache\fake_305__combined_heavy.png	filtered_fake	0.797536	1
C:\My_Project\AIGC\results\research\p1_r8_shadow_composite_tradeoff_20260819\stress_cache\fake_305__eye_enlarging.png	filtered_fake	0.069423	0
C:\My_Project\AIGC\results\research\p1_r8_shadow_composite_tradeoff_20260819\stress_cache\fake_305__face_reshaping.png	filtered_fake	0.545696	1
C:\My_Project\AIGC\results\research\p1_r8_shadow_composite_tradeoff_20260819\stress_cache\fake_306__smoothing_light.png	filtered_fake	0.041334	0
C:\My_Project\AIGC\results\research\p1_r8_shadow_composite_tradeoff_20260819\stress_cache\fake_306__smoothing_medium.png	filtered_fake	0.475043	1
C:\My_Project\AIGC\results\research\p1_r8_shadow_composite_tradeoff_20260819\stress_cache\fake_306__smoothing_heavy.png	filtered_fake	0.231569	0
C:\My_Project\AIGC\results\research\p1_r8_shadow_composite_tradeoff_20260819\stress_cache\fake_306__whitening_medium.png	filtered_fake	0.059501	0
C:\My_Project\AIGC\results\research\p1_r8_shadow_composite_tradeoff_20260819\stress_cache\fake_306__combined_medium.png	filtered_fake	0.494362	1
C:\My_Project\AIGC\results\research\p1_r8_shadow_composite_tradeoff_20260819\stress_cache\fake_306__combined_heavy.png	filtered_fake	0.629883	1
C:\My_Project\AIGC\results\research\p1_r8_shadow_composite_tradeoff_20260819\stress_cache\fake_306__eye_enlarging.png	filtered_fake	0.063249	0
C:\My_Project\AIGC\results\research\p1_r8_shadow_composite_tradeoff_20260819\stress_cache\fake_306__face_reshaping.png	filtered_fake	0.113704	0
C:\My_Project\AIGC\results\research\p1_r8_shadow_composite_tradeoff_20260819\stress_cache\fake_307__smoothing_light.png	filtered_fake	0.945413	1
C:\My_Project\AIGC\results\research\p1_r8_shadow_composite_tradeoff_20260819\stress_cache\fake_307__smoothing_medium.png	filtered_fake	0.938013	1
C:\My_Project\AIGC\results\research\p1_r8_shadow_composite_tradeoff_20260819\stress_cache\fake_307__smoothing_heavy.png	filtered_fake	0.933538	1
C:\My_Project\AIGC\results\research\p1_r8_shadow_composite_tradeoff_20260819\stress_cache\fake_307__whitening_medium.png	filtered_fake	0.947300	1
C:\My_Project\AIGC\results\research\p1_r8_shadow_composite_tradeoff_20260819\stress_cache\fake_307__combined_medium.png	filtered_fake	0.942360	1
C:\My_Project\AIGC\results\research\p1_r8_shadow_composite_tradeoff_20260819\stress_cache\fake_307__combined_heavy.png	filtered_fake	0.927699	1
C:\My_Project\AIGC\results\research\p1_r8_shadow_composite_tradeoff_20260819\stress_cache\fake_307__eye_enlarging.png	filtered_fake	0.938985	1
C:\My_Project\AIGC\results\research\p1_r8_shadow_composite_tradeoff_20260819\stress_cache\fake_307__face_reshaping.png	filtered_fake	0.932769	1
C:\My_Project\AIGC\results\research\p1_r8_shadow_composite_tradeoff_20260819\stress_cache\fake_308__smoothing_light.png	filtered_fake	0.925897	1
C:\My_Project\AIGC\results\research\p1_r8_shadow_composite_tradeoff_20260819\stress_cache\fake_308__smoothing_medium.png	filtered_fake	0.933654	1
C:\My_Project\AIGC\results\research\p1_r8_shadow_composite_tradeoff_20260819\stress_cache\fake_308__smoothing_heavy.png	filtered_fake	0.908186	1
C:\My_Project\AIGC\results\research\p1_r8_shadow_composite_tradeoff_20260819\stress_cache\fake_308__whitening_medium.png	filtered_fake	0.941684	1
C:\My_Project\AIGC\results\research\p1_r8_shadow_composite_tradeoff_20260819\stress_cache\fake_308__combined_medium.png	filtered_fake	0.940505	1
C:\My_Project\AIGC\results\research\p1_r8_shadow_composite_tradeoff_20260819\stress_cache\fake_308__combined_heavy.png	filtered_fake	0.920274	1
C:\My_Project\AIGC\results\research\p1_r8_shadow_composite_tradeoff_20260819\stress_cache\fake_308__eye_enlarging.png	filtered_fake	0.919944	1
C:\My_Project\AIGC\results\research\p1_r8_shadow_composite_tradeoff_20260819\stress_cache\fake_308__face_reshaping.png	filtered_fake	0.881172	1
C:\My_Project\AIGC\results\research\p1_r8_shadow_composite_tradeoff_20260819\stress_cache\fake_309__smoothing_light.png	filtered_fake	0.905913	1
C:\My_Project\AIGC\results\research\p1_r8_shadow_composite_tradeoff_20260819\stress_cache\fake_309__smoothing_medium.png	filtered_fake	0.938595	1
C:\My_Project\AIGC\results\research\p1_r8_shadow_composite_tradeoff_20260819\stress_cache\fake_309__smoothing_heavy.png	filtered_fake	0.920044	1
C:\My_Project\AIGC\results\research\p1_r8_shadow_composite_tradeoff_20260819\stress_cache\fake_309__whitening_medium.png	filtered_fake	0.771360	1
C:\My_Project\AIGC\results\research\p1_r8_shadow_composite_tradeoff_20260819\stress_cache\fake_309__combined_medium.png	filtered_fake	0.933806	1
C:\My_Project\AIGC\results\research\p1_r8_shadow_composite_tradeoff_20260819\stress_cache\fake_309__combined_heavy.png	filtered_fake	0.931334	1
C:\My_Project\AIGC\results\research\p1_r8_shadow_composite_tradeoff_20260819\stress_cache\fake_309__eye_enlarging.png	filtered_fake	0.457362	0
C:\My_Project\AIGC\results\research\p1_r8_shadow_composite_tradeoff_20260819\stress_cache\fake_309__face_reshaping.png	filtered_fake	0.669897	1
C:\My_Project\AIGC\results\research\p1_r8_shadow_composite_tradeoff_20260819\stress_cache\fake_31__smoothing_light.png	filtered_fake	0.953046	1
C:\My_Project\AIGC\results\research\p1_r8_shadow_composite_tradeoff_20260819\stress_cache\fake_31__smoothing_medium.png	filtered_fake	0.953273	1
C:\My_Project\AIGC\results\research\p1_r8_shadow_composite_tradeoff_20260819\stress_cache\fake_31__smoothing_heavy.png	filtered_fake	0.950862	1
C:\My_Project\AIGC\results\research\p1_r8_shadow_composite_tradeoff_20260819\stress_cache\fake_31__whitening_medium.png	filtered_fake	0.913516	1
C:\My_Project\AIGC\results\research\p1_r8_shadow_composite_tradeoff_20260819\stress_cache\fake_31__combined_medium.png	filtered_fake	0.952925	1
C:\My_Project\AIGC\results\research\p1_r8_shadow_composite_tradeoff_20260819\stress_cache\fake_31__combined_heavy.png	filtered_fake	0.949605	1
C:\My_Project\AIGC\results\research\p1_r8_shadow_composite_tradeoff_20260819\stress_cache\fake_31__eye_enlarging.png	filtered_fake	0.930131	1
C:\My_Project\AIGC\results\research\p1_r8_shadow_composite_tradeoff_20260819\stress_cache\fake_31__face_reshaping.png	filtered_fake	0.927622	1
C:\My_Project\AIGC\results\research\p1_r8_shadow_composite_tradeoff_20260819\stress_cache\fake_310__smoothing_light.png	filtered_fake	0.910793	1
C:\My_Project\AIGC\results\research\p1_r8_shadow_composite_tradeoff_20260819\stress_cache\fake_310__smoothing_medium.png	filtered_fake	0.933050	1
C:\My_Project\AIGC\results\research\p1_r8_shadow_composite_tradeoff_20260819\stress_cache\fake_310__smoothing_heavy.png	filtered_fake	0.913873	1
C:\My_Project\AIGC\results\research\p1_r8_shadow_composite_tradeoff_20260819\stress_cache\fake_310__whitening_medium.png	filtered_fake	0.239506	0
C:\My_Project\AIGC\results\research\p1_r8_shadow_composite_tradeoff_20260819\stress_cache\fake_310__combined_medium.png	filtered_fake	0.929405	1
C:\My_Project\AIGC\results\research\p1_r8_shadow_composite_tradeoff_20260819\stress_cache\fake_310__combined_heavy.png	filtered_fake	0.924616	1
C:\My_Project\AIGC\results\research\p1_r8_shadow_composite_tradeoff_20260819\stress_cache\fake_310__eye_enlarging.png	filtered_fake	0.377609	0
C:\My_Project\AIGC\results\research\p1_r8_shadow_composite_tradeoff_20260819\stress_cache\fake_310__face_reshaping.png	filtered_fake	0.553468	1
C:\My_Project\AIGC\results\research\p1_r8_shadow_composite_tradeoff_20260819\stress_cache\fake_311__smoothing_light.png	filtered_fake	0.932006	1
C:\My_Project\AIGC\results\research\p1_r8_shadow_composite_tradeoff_20260819\stress_cache\fake_311__smoothing_medium.png	filtered_fake	0.935820	1
C:\My_Project\AIGC\results\research\p1_r8_shadow_composite_tradeoff_20260819\stress_cache\fake_311__smoothing_heavy.png	filtered_fake	0.929518	1
C:\My_Project\AIGC\results\research\p1_r8_shadow_composite_tradeoff_20260819\stress_cache\fake_311__whitening_medium.png	filtered_fake	0.300942	0
C:\My_Project\AIGC\results\research\p1_r8_shadow_composite_tradeoff_20260819\stress_cache\fake_311__combined_medium.png	filtered_fake	0.938247	1
C:\My_Project\AIGC\results\research\p1_r8_shadow_composite_tradeoff_20260819\stress_cache\fake_311__combined_heavy.png	filtered_fake	0.916601	1
C:\My_Project\AIGC\results\research\p1_r8_shadow_composite_tradeoff_20260819\stress_cache\fake_311__eye_enlarging.png	filtered_fake	0.161679	0
C:\My_Project\AIGC\results\research\p1_r8_shadow_composite_tradeoff_20260819\stress_cache\fake_311__face_reshaping.png	filtered_fake	0.690802	1
C:\My_Project\AIGC\results\research\p1_r8_shadow_composite_tradeoff_20260819\stress_cache\fake_312__smoothing_light.png	filtered_fake	0.584475	1
C:\My_Project\AIGC\results\research\p1_r8_shadow_composite_tradeoff_20260819\stress_cache\fake_312__smoothing_medium.png	filtered_fake	0.928922	1
C:\My_Project\AIGC\results\research\p1_r8_shadow_composite_tradeoff_20260819\stress_cache\fake_312__smoothing_heavy.png	filtered_fake	0.927416	1
C:\My_Project\AIGC\results\research\p1_r8_shadow_composite_tradeoff_20260819\stress_cache\fake_312__whitening_medium.png	filtered_fake	0.039527	0
C:\My_Project\AIGC\results\research\p1_r8_shadow_composite_tradeoff_20260819\stress_cache\fake_312__combined_medium.png	filtered_fake	0.923323	1
C:\My_Project\AIGC\results\research\p1_r8_shadow_composite_tradeoff_20260819\stress_cache\fake_312__combined_heavy.png	filtered_fake	0.905563	1
C:\My_Project\AIGC\results\research\p1_r8_shadow_composite_tradeoff_20260819\stress_cache\fake_312__eye_enlarging.png	filtered_fake	0.042240	0
C:\My_Project\AIGC\results\research\p1_r8_shadow_composite_tradeoff_20260819\stress_cache\fake_312__face_reshaping.png	filtered_fake	0.053460	0
C:\My_Project\AIGC\results\research\p1_r8_shadow_composite_tradeoff_20260819\stress_cache\fake_313__smoothing_light.png	filtered_fake	0.939115	1
C:\My_Project\AIGC\results\research\p1_r8_shadow_composite_tradeoff_20260819\stress_cache\fake_313__smoothing_medium.png	filtered_fake	0.942631	1
C:\My_Project\AIGC\results\research\p1_r8_shadow_composite_tradeoff_20260819\stress_cache\fake_313__smoothing_heavy.png	filtered_fake	0.935422	1
C:\My_Project\AIGC\results\research\p1_r8_shadow_composite_tradeoff_20260819\stress_cache\fake_313__whitening_medium.png	filtered_fake	0.944372	1
C:\My_Project\AIGC\results\research\p1_r8_shadow_composite_tradeoff_20260819\stress_cache\fake_313__combined_medium.png	filtered_fake	0.940569	1
C:\My_Project\AIGC\results\research\p1_r8_shadow_composite_tradeoff_20260819\stress_cache\fake_313__combined_heavy.png	filtered_fake	0.939441	1
C:\My_Project\AIGC\results\research\p1_r8_shadow_composite_tradeoff_20260819\stress_cache\fake_313__eye_enlarging.png	filtered_fake	0.941730	1
C:\My_Project\AIGC\results\research\p1_r8_shadow_composite_tradeoff_20260819\stress_cache\fake_313__face_reshaping.png	filtered_fake	0.936894	1
C:\My_Project\AIGC\results\research\p1_r8_shadow_composite_tradeoff_20260819\stress_cache\fake_314__smoothing_light.png	filtered_fake	0.634723	1
C:\My_Project\AIGC\results\research\p1_r8_shadow_composite_tradeoff_20260819\stress_cache\fake_314__smoothing_medium.png	filtered_fake	0.804220	1
C:\My_Project\AIGC\results\research\p1_r8_shadow_composite_tradeoff_20260819\stress_cache\fake_314__smoothing_heavy.png	filtered_fake	0.625121	1
C:\My_Project\AIGC\results\research\p1_r8_shadow_composite_tradeoff_20260819\stress_cache\fake_314__whitening_medium.png	filtered_fake	0.126829	0
C:\My_Project\AIGC\results\research\p1_r8_shadow_composite_tradeoff_20260819\stress_cache\fake_314__combined_medium.png	filtered_fake	0.890350	1
C:\My_Project\AIGC\results\research\p1_r8_shadow_composite_tradeoff_20260819\stress_cache\fake_314__combined_heavy.png	filtered_fake	0.792070	1
C:\My_Project\AIGC\results\research\p1_r8_shadow_composite_tradeoff_20260819\stress_cache\fake_314__eye_enlarging.png	filtered_fake	0.332892	0
C:\My_Project\AIGC\results\research\p1_r8_shadow_composite_tradeoff_20260819\stress_cache\fake_314__face_reshaping.png	filtered_fake	0.778582	1
C:\My_Project\AIGC\results\research\p1_r8_shadow_composite_tradeoff_20260819\stress_cache\fake_315__smoothing_light.png	filtered_fake	0.621085	1
C:\My_Project\AIGC\results\research\p1_r8_shadow_composite_tradeoff_20260819\stress_cache\fake_315__smoothing_medium.png	filtered_fake	0.936733	1
C:\My_Project\AIGC\results\research\p1_r8_shadow_composite_tradeoff_20260819\stress_cache\fake_315__smoothing_heavy.png	filtered_fake	0.608466	1
C:\My_Project\AIGC\results\research\p1_r8_shadow_composite_tradeoff_20260819\stress_cache\fake_315__whitening_medium.png	filtered_fake	0.070465	0
C:\My_Project\AIGC\results\research\p1_r8_shadow_composite_tradeoff_20260819\stress_cache\fake_315__combined_medium.png	filtered_fake	0.902685	1
C:\My_Project\AIGC\results\research\p1_r8_shadow_composite_tradeoff_20260819\stress_cache\fake_315__combined_heavy.png	filtered_fake	0.096909	0
C:\My_Project\AIGC\results\research\p1_r8_shadow_composite_tradeoff_20260819\stress_cache\fake_315__eye_enlarging.png	filtered_fake	0.713274	1
C:\My_Project\AIGC\results\research\p1_r8_shadow_composite_tradeoff_20260819\stress_cache\fake_315__face_reshaping.png	filtered_fake	0.795120	1
C:\My_Project\AIGC\results\research\p1_r8_shadow_composite_tradeoff_20260819\stress_cache\fake_316__smoothing_light.png	filtered_fake	0.918298	1
C:\My_Project\AIGC\results\research\p1_r8_shadow_composite_tradeoff_20260819\stress_cache\fake_316__smoothing_medium.png	filtered_fake	0.915791	1
C:\My_Project\AIGC\results\research\p1_r8_shadow_composite_tradeoff_20260819\stress_cache\fake_316__smoothing_heavy.png	filtered_fake	0.918934	1
C:\My_Project\AIGC\results\research\p1_r8_shadow_composite_tradeoff_20260819\stress_cache\fake_316__whitening_medium.png	filtered_fake	0.479097	1
C:\My_Project\AIGC\results\research\p1_r8_shadow_composite_tradeoff_20260819\stress_cache\fake_316__combined_medium.png	filtered_fake	0.918995	1
C:\My_Project\AIGC\results\research\p1_r8_shadow_composite_tradeoff_20260819\stress_cache\fake_316__combined_heavy.png	filtered_fake	0.918157	1
C:\My_Project\AIGC\results\research\p1_r8_shadow_composite_tradeoff_20260819\stress_cache\fake_316__eye_enlarging.png	filtered_fake	0.281027	0
C:\My_Project\AIGC\results\research\p1_r8_shadow_composite_tradeoff_20260819\stress_cache\fake_316__face_reshaping.png	filtered_fake	0.591796	1
C:\My_Project\AIGC\results\research\p1_r8_shadow_composite_tradeoff_20260819\stress_cache\fake_317__smoothing_light.png	filtered_fake	0.933959	1
C:\My_Project\AIGC\results\research\p1_r8_shadow_composite_tradeoff_20260819\stress_cache\fake_317__smoothing_medium.png	filtered_fake	0.932798	1
C:\My_Project\AIGC\results\research\p1_r8_shadow_composite_tradeoff_20260819\stress_cache\fake_317__smoothing_heavy.png	filtered_fake	0.934887	1
C:\My_Project\AIGC\results\research\p1_r8_shadow_composite_tradeoff_20260819\stress_cache\fake_317__whitening_medium.png	filtered_fake	0.260127	0
C:\My_Project\AIGC\results\research\p1_r8_shadow_composite_tradeoff_20260819\stress_cache\fake_317__combined_medium.png	filtered_fake	0.936871	1
C:\My_Project\AIGC\results\research\p1_r8_shadow_composite_tradeoff_20260819\stress_cache\fake_317__combined_heavy.png	filtered_fake	0.937393	1
C:\My_Project\AIGC\results\research\p1_r8_shadow_composite_tradeoff_20260819\stress_cache\fake_317__eye_enlarging.png	filtered_fake	0.451860	1
C:\My_Project\AIGC\results\research\p1_r8_shadow_composite_tradeoff_20260819\stress_cache\fake_317__face_reshaping.png	filtered_fake	0.314140	0
C:\My_Project\AIGC\results\research\p1_r8_shadow_composite_tradeoff_20260819\stress_cache\fake_318__smoothing_light.png	filtered_fake	0.912357	1
C:\My_Project\AIGC\results\research\p1_r8_shadow_composite_tradeoff_20260819\stress_cache\fake_318__smoothing_medium.png	filtered_fake	0.933899	1
C:\My_Project\AIGC\results\research\p1_r8_shadow_composite_tradeoff_20260819\stress_cache\fake_318__smoothing_heavy.png	filtered_fake	0.897438	1
C:\My_Project\AIGC\results\research\p1_r8_shadow_composite_tradeoff_20260819\stress_cache\fake_318__whitening_medium.png	filtered_fake	0.936773	1
C:\My_Project\AIGC\results\research\p1_r8_shadow_composite_tradeoff_20260819\stress_cache\fake_318__combined_medium.png	filtered_fake	0.926137	1
C:\My_Project\AIGC\results\research\p1_r8_shadow_composite_tradeoff_20260819\stress_cache\fake_318__combined_heavy.png	filtered_fake	0.909008	1
C:\My_Project\AIGC\results\research\p1_r8_shadow_composite_tradeoff_20260819\stress_cache\fake_318__eye_enlarging.png	filtered_fake	0.939830	1
C:\My_Project\AIGC\results\research\p1_r8_shadow_composite_tradeoff_20260819\stress_cache\fake_318__face_reshaping.png	filtered_fake	0.926917	1
C:\My_Project\AIGC\results\research\p1_r8_shadow_composite_tradeoff_20260819\stress_cache\fake_319__smoothing_light.png	filtered_fake	0.914359	1
C:\My_Project\AIGC\results\research\p1_r8_shadow_composite_tradeoff_20260819\stress_cache\fake_319__smoothing_medium.png	filtered_fake	0.941284	1
C:\My_Project\AIGC\results\research\p1_r8_shadow_composite_tradeoff_20260819\stress_cache\fake_319__smoothing_heavy.png	filtered_fake	0.910115	1
C:\My_Project\AIGC\results\research\p1_r8_shadow_composite_tradeoff_20260819\stress_cache\fake_319__whitening_medium.png	filtered_fake	0.078279	0
C:\My_Project\AIGC\results\research\p1_r8_shadow_composite_tradeoff_20260819\stress_cache\fake_319__combined_medium.png	filtered_fake	0.947302	1
C:\My_Project\AIGC\results\research\p1_r8_shadow_composite_tradeoff_20260819\stress_cache\fake_319__combined_heavy.png	filtered_fake	0.927516	1
C:\My_Project\AIGC\results\research\p1_r8_shadow_composite_tradeoff_20260819\stress_cache\fake_319__eye_enlarging.png	filtered_fake	0.298386	0
C:\My_Project\AIGC\results\research\p1_r8_shadow_composite_tradeoff_20260819\stress_cache\fake_319__face_reshaping.png	filtered_fake	0.345563	0
C:\My_Project\AIGC\results\research\p1_r8_shadow_composite_tradeoff_20260819\stress_cache\fake_32__smoothing_light.png	filtered_fake	0.939472	1
C:\My_Project\AIGC\results\research\p1_r8_shadow_composite_tradeoff_20260819\stress_cache\fake_32__smoothing_medium.png	filtered_fake	0.939233	1
C:\My_Project\AIGC\results\research\p1_r8_shadow_composite_tradeoff_20260819\stress_cache\fake_32__smoothing_heavy.png	filtered_fake	0.942232	1
C:\My_Project\AIGC\results\research\p1_r8_shadow_composite_tradeoff_20260819\stress_cache\fake_32__whitening_medium.png	filtered_fake	0.938320	1
C:\My_Project\AIGC\results\research\p1_r8_shadow_composite_tradeoff_20260819\stress_cache\fake_32__combined_medium.png	filtered_fake	0.940793	1
C:\My_Project\AIGC\results\research\p1_r8_shadow_composite_tradeoff_20260819\stress_cache\fake_32__combined_heavy.png	filtered_fake	0.940781	1
C:\My_Project\AIGC\results\research\p1_r8_shadow_composite_tradeoff_20260819\stress_cache\fake_32__eye_enlarging.png	filtered_fake	0.939651	1
C:\My_Project\AIGC\results\research\p1_r8_shadow_composite_tradeoff_20260819\stress_cache\fake_32__face_reshaping.png	filtered_fake	0.942479	1
C:\My_Project\AIGC\results\research\p1_r8_shadow_composite_tradeoff_20260819\stress_cache\fake_423__smoothing_light.png	filtered_fake	0.942422	1
C:\My_Project\AIGC\results\research\p1_r8_shadow_composite_tradeoff_20260819\stress_cache\fake_423__smoothing_medium.png	filtered_fake	0.949925	1
C:\My_Project\AIGC\results\research\p1_r8_shadow_composite_tradeoff_20260819\stress_cache\fake_423__smoothing_heavy.png	filtered_fake	0.945684	1
C:\My_Project\AIGC\results\research\p1_r8_shadow_composite_tradeoff_20260819\stress_cache\fake_423__whitening_medium.png	filtered_fake	0.942714	1
C:\My_Project\AIGC\results\research\p1_r8_shadow_composite_tradeoff_20260819\stress_cache\fake_423__combined_medium.png	filtered_fake	0.946514	1
C:\My_Project\AIGC\results\research\p1_r8_shadow_composite_tradeoff_20260819\stress_cache\fake_423__combined_heavy.png	filtered_fake	0.939950	1
C:\My_Project\AIGC\results\research\p1_r8_shadow_composite_tradeoff_20260819\stress_cache\fake_423__eye_enlarging.png	filtered_fake	0.938027	1
C:\My_Project\AIGC\results\research\p1_r8_shadow_composite_tradeoff_20260819\stress_cache\fake_423__face_reshaping.png	filtered_fake	0.937481	1
C:\My_Project\AIGC\results\research\p1_r8_shadow_composite_tradeoff_20260819\stress_cache\fake_424__smoothing_light.png	filtered_fake	0.925090	1
C:\My_Project\AIGC\results\research\p1_r8_shadow_composite_tradeoff_20260819\stress_cache\fake_424__smoothing_medium.png	filtered_fake	0.939462	1
C:\My_Project\AIGC\results\research\p1_r8_shadow_composite_tradeoff_20260819\stress_cache\fake_424__smoothing_heavy.png	filtered_fake	0.926413	1
C:\My_Project\AIGC\results\research\p1_r8_shadow_composite_tradeoff_20260819\stress_cache\fake_424__whitening_medium.png	filtered_fake	0.881073	1
C:\My_Project\AIGC\results\research\p1_r8_shadow_composite_tradeoff_20260819\stress_cache\fake_424__combined_medium.png	filtered_fake	0.940590	1
C:\My_Project\AIGC\results\research\p1_r8_shadow_composite_tradeoff_20260819\stress_cache\fake_424__combined_heavy.png	filtered_fake	0.901737	1
C:\My_Project\AIGC\results\research\p1_r8_shadow_composite_tradeoff_20260819\stress_cache\fake_424__eye_enlarging.png	filtered_fake	0.897622	1
C:\My_Project\AIGC\results\research\p1_r8_shadow_composite_tradeoff_20260819\stress_cache\fake_424__face_reshaping.png	filtered_fake	0.916546	1
C:\My_Project\AIGC\results\research\p1_r8_shadow_composite_tradeoff_20260819\stress_cache\fake_425__smoothing_light.png	filtered_fake	0.941599	1
C:\My_Project\AIGC\results\research\p1_r8_shadow_composite_tradeoff_20260819\stress_cache\fake_425__smoothing_medium.png	filtered_fake	0.944209	1
C:\My_Project\AIGC\results\research\p1_r8_shadow_composite_tradeoff_20260819\stress_cache\fake_425__smoothing_heavy.png	filtered_fake	0.944198	1
C:\My_Project\AIGC\results\research\p1_r8_shadow_composite_tradeoff_20260819\stress_cache\fake_425__whitening_medium.png	filtered_fake	0.946013	1
C:\My_Project\AIGC\results\research\p1_r8_shadow_composite_tradeoff_20260819\stress_cache\fake_425__combined_medium.png	filtered_fake	0.939851	1
C:\My_Project\AIGC\results\research\p1_r8_shadow_composite_tradeoff_20260819\stress_cache\fake_425__combined_heavy.png	filtered_fake	0.941365	1
C:\My_Project\AIGC\results\research\p1_r8_shadow_composite_tradeoff_20260819\stress_cache\fake_425__eye_enlarging.png	filtered_fake	0.934585	1
C:\My_Project\AIGC\results\research\p1_r8_shadow_composite_tradeoff_20260819\stress_cache\fake_425__face_reshaping.png	filtered_fake	0.924272	1
C:\My_Project\AIGC\results\research\p1_r8_shadow_composite_tradeoff_20260819\stress_cache\fake_426__smoothing_light.png	filtered_fake	0.950420	1
C:\My_Project\AIGC\results\research\p1_r8_shadow_composite_tradeoff_20260819\stress_cache\fake_426__smoothing_medium.png	filtered_fake	0.951663	1
C:\My_Project\AIGC\results\research\p1_r8_shadow_composite_tradeoff_20260819\stress_cache\fake_426__smoothing_heavy.png	filtered_fake	0.945448	1
C:\My_Project\AIGC\results\research\p1_r8_shadow_composite_tradeoff_20260819\stress_cache\fake_426__whitening_medium.png	filtered_fake	0.950661	1
C:\My_Project\AIGC\results\research\p1_r8_shadow_composite_tradeoff_20260819\stress_cache\fake_426__combined_medium.png	filtered_fake	0.952288	1
C:\My_Project\AIGC\results\research\p1_r8_shadow_composite_tradeoff_20260819\stress_cache\fake_426__combined_heavy.png	filtered_fake	0.950807	1
C:\My_Project\AIGC\results\research\p1_r8_shadow_composite_tradeoff_20260819\stress_cache\fake_426__eye_enlarging.png	filtered_fake	0.948412	1
C:\My_Project\AIGC\results\research\p1_r8_shadow_composite_tradeoff_20260819\stress_cache\fake_426__face_reshaping.png	filtered_fake	0.946950	1
C:\My_Project\AIGC\results\research\p1_r8_shadow_composite_tradeoff_20260819\stress_cache\fake_427__smoothing_light.png	filtered_fake	0.938673	1
C:\My_Project\AIGC\results\research\p1_r8_shadow_composite_tradeoff_20260819\stress_cache\fake_427__smoothing_medium.png	filtered_fake	0.944412	1
C:\My_Project\AIGC\results\research\p1_r8_shadow_composite_tradeoff_20260819\stress_cache\fake_427__smoothing_heavy.png	filtered_fake	0.946594	1
C:\My_Project\AIGC\results\research\p1_r8_shadow_composite_tradeoff_20260819\stress_cache\fake_427__whitening_medium.png	filtered_fake	0.934901	1
C:\My_Project\AIGC\results\research\p1_r8_shadow_composite_tradeoff_20260819\stress_cache\fake_427__combined_medium.png	filtered_fake	0.945575	1
C:\My_Project\AIGC\results\research\p1_r8_shadow_composite_tradeoff_20260819\stress_cache\fake_427__combined_heavy.png	filtered_fake	0.942803	1
C:\My_Project\AIGC\results\research\p1_r8_shadow_composite_tradeoff_20260819\stress_cache\fake_427__eye_enlarging.png	filtered_fake	0.920858	1
C:\My_Project\AIGC\results\research\p1_r8_shadow_composite_tradeoff_20260819\stress_cache\fake_427__face_reshaping.png	filtered_fake	0.935588	1
C:\My_Project\AIGC\results\research\p1_r8_shadow_composite_tradeoff_20260819\stress_cache\fake_428__smoothing_light.png	filtered_fake	0.926883	1
C:\My_Project\AIGC\results\research\p1_r8_shadow_composite_tradeoff_20260819\stress_cache\fake_428__smoothing_medium.png	filtered_fake	0.938216	1
C:\My_Project\AIGC\results\research\p1_r8_shadow_composite_tradeoff_20260819\stress_cache\fake_428__smoothing_heavy.png	filtered_fake	0.937918	1
C:\My_Project\AIGC\results\research\p1_r8_shadow_composite_tradeoff_20260819\stress_cache\fake_428__whitening_medium.png	filtered_fake	0.933513	1
C:\My_Project\AIGC\results\research\p1_r8_shadow_composite_tradeoff_20260819\stress_cache\fake_428__combined_medium.png	filtered_fake	0.942366	1
C:\My_Project\AIGC\results\research\p1_r8_shadow_composite_tradeoff_20260819\stress_cache\fake_428__combined_heavy.png	filtered_fake	0.935475	1
C:\My_Project\AIGC\results\research\p1_r8_shadow_composite_tradeoff_20260819\stress_cache\fake_428__eye_enlarging.png	filtered_fake	0.922202	1
C:\My_Project\AIGC\results\research\p1_r8_shadow_composite_tradeoff_20260819\stress_cache\fake_428__face_reshaping.png	filtered_fake	0.939039	1
C:\My_Project\AIGC\results\research\p1_r8_shadow_composite_tradeoff_20260819\stress_cache\fake_429__smoothing_light.png	filtered_fake	0.913953	1
C:\My_Project\AIGC\results\research\p1_r8_shadow_composite_tradeoff_20260819\stress_cache\fake_429__smoothing_medium.png	filtered_fake	0.932407	1
C:\My_Project\AIGC\results\research\p1_r8_shadow_composite_tradeoff_20260819\stress_cache\fake_429__smoothing_heavy.png	filtered_fake	0.925472	1
C:\My_Project\AIGC\results\research\p1_r8_shadow_composite_tradeoff_20260819\stress_cache\fake_429__whitening_medium.png	filtered_fake	0.944470	1
C:\My_Project\AIGC\results\research\p1_r8_shadow_composite_tradeoff_20260819\stress_cache\fake_429__combined_medium.png	filtered_fake	0.939106	1
C:\My_Project\AIGC\results\research\p1_r8_shadow_composite_tradeoff_20260819\stress_cache\fake_429__combined_heavy.png	filtered_fake	0.927446	1
C:\My_Project\AIGC\results\research\p1_r8_shadow_composite_tradeoff_20260819\stress_cache\fake_429__eye_enlarging.png	filtered_fake	0.938669	1
C:\My_Project\AIGC\results\research\p1_r8_shadow_composite_tradeoff_20260819\stress_cache\fake_429__face_reshaping.png	filtered_fake	0.941043	1
C:\My_Project\AIGC\results\research\p1_r8_shadow_composite_tradeoff_20260819\stress_cache\fake_430__smoothing_light.png	filtered_fake	0.941502	1
C:\My_Project\AIGC\results\research\p1_r8_shadow_composite_tradeoff_20260819\stress_cache\fake_430__smoothing_medium.png	filtered_fake	0.943708	1
C:\My_Project\AIGC\results\research\p1_r8_shadow_composite_tradeoff_20260819\stress_cache\fake_430__smoothing_heavy.png	filtered_fake	0.937700	1
C:\My_Project\AIGC\results\research\p1_r8_shadow_composite_tradeoff_20260819\stress_cache\fake_430__whitening_medium.png	filtered_fake	0.943395	1
C:\My_Project\AIGC\results\research\p1_r8_shadow_composite_tradeoff_20260819\stress_cache\fake_430__combined_medium.png	filtered_fake	0.944157	1
C:\My_Project\AIGC\results\research\p1_r8_shadow_composite_tradeoff_20260819\stress_cache\fake_430__combined_heavy.png	filtered_fake	0.935115	1
C:\My_Project\AIGC\results\research\p1_r8_shadow_composite_tradeoff_20260819\stress_cache\fake_430__eye_enlarging.png	filtered_fake	0.942855	1
C:\My_Project\AIGC\results\research\p1_r8_shadow_composite_tradeoff_20260819\stress_cache\fake_430__face_reshaping.png	filtered_fake	0.944230	1
C:\My_Project\AIGC\results\research\p1_r8_shadow_composite_tradeoff_20260819\stress_cache\fake_431__smoothing_light.png	filtered_fake	0.930913	1
C:\My_Project\AIGC\results\research\p1_r8_shadow_composite_tradeoff_20260819\stress_cache\fake_431__smoothing_medium.png	filtered_fake	0.941466	1
C:\My_Project\AIGC\results\research\p1_r8_shadow_composite_tradeoff_20260819\stress_cache\fake_431__smoothing_heavy.png	filtered_fake	0.940650	1
C:\My_Project\AIGC\results\research\p1_r8_shadow_composite_tradeoff_20260819\stress_cache\fake_431__whitening_medium.png	filtered_fake	0.930707	1
C:\My_Project\AIGC\results\research\p1_r8_shadow_composite_tradeoff_20260819\stress_cache\fake_431__combined_medium.png	filtered_fake	0.944169	1
C:\My_Project\AIGC\results\research\p1_r8_shadow_composite_tradeoff_20260819\stress_cache\fake_431__combined_heavy.png	filtered_fake	0.944179	1
C:\My_Project\AIGC\results\research\p1_r8_shadow_composite_tradeoff_20260819\stress_cache\fake_431__eye_enlarging.png	filtered_fake	0.908585	1
C:\My_Project\AIGC\results\research\p1_r8_shadow_composite_tradeoff_20260819\stress_cache\fake_431__face_reshaping.png	filtered_fake	0.923276	1
C:\My_Project\AIGC\results\research\p1_r8_shadow_composite_tradeoff_20260819\stress_cache\fake_432__smoothing_light.png	filtered_fake	0.948392	1
C:\My_Project\AIGC\results\research\p1_r8_shadow_composite_tradeoff_20260819\stress_cache\fake_432__smoothing_medium.png	filtered_fake	0.946181	1
C:\My_Project\AIGC\results\research\p1_r8_shadow_composite_tradeoff_20260819\stress_cache\fake_432__smoothing_heavy.png	filtered_fake	0.942968	1
C:\My_Project\AIGC\results\research\p1_r8_shadow_composite_tradeoff_20260819\stress_cache\fake_432__whitening_medium.png	filtered_fake	0.946315	1
C:\My_Project\AIGC\results\research\p1_r8_shadow_composite_tradeoff_20260819\stress_cache\fake_432__combined_medium.png	filtered_fake	0.947304	1
C:\My_Project\AIGC\results\research\p1_r8_shadow_composite_tradeoff_20260819\stress_cache\fake_432__combined_heavy.png	filtered_fake	0.941538	1
C:\My_Project\AIGC\results\research\p1_r8_shadow_composite_tradeoff_20260819\stress_cache\fake_432__eye_enlarging.png	filtered_fake	0.930595	1
C:\My_Project\AIGC\results\research\p1_r8_shadow_composite_tradeoff_20260819\stress_cache\fake_432__face_reshaping.png	filtered_fake	0.935720	1
C:\My_Project\AIGC\results\research\p1_r8_shadow_composite_tradeoff_20260819\stress_cache\fake_433__smoothing_light.png	filtered_fake	0.899606	1
C:\My_Project\AIGC\results\research\p1_r8_shadow_composite_tradeoff_20260819\stress_cache\fake_433__smoothing_medium.png	filtered_fake	0.937630	1
C:\My_Project\AIGC\results\research\p1_r8_shadow_composite_tradeoff_20260819\stress_cache\fake_433__smoothing_heavy.png	filtered_fake	0.918969	1
C:\My_Project\AIGC\results\research\p1_r8_shadow_composite_tradeoff_20260819\stress_cache\fake_433__whitening_medium.png	filtered_fake	0.937270	1
C:\My_Project\AIGC\results\research\p1_r8_shadow_composite_tradeoff_20260819\stress_cache\fake_433__combined_medium.png	filtered_fake	0.921912	1
C:\My_Project\AIGC\results\research\p1_r8_shadow_composite_tradeoff_20260819\stress_cache\fake_433__combined_heavy.png	filtered_fake	0.893190	1
C:\My_Project\AIGC\results\research\p1_r8_shadow_composite_tradeoff_20260819\stress_cache\fake_433__eye_enlarging.png	filtered_fake	0.928520	1
C:\My_Project\AIGC\results\research\p1_r8_shadow_composite_tradeoff_20260819\stress_cache\fake_433__face_reshaping.png	filtered_fake	0.933867	1
C:\My_Project\AIGC\results\research\p1_r8_shadow_composite_tradeoff_20260819\stress_cache\fake_434__smoothing_light.png	filtered_fake	0.946288	1
C:\My_Project\AIGC\results\research\p1_r8_shadow_composite_tradeoff_20260819\stress_cache\fake_434__smoothing_medium.png	filtered_fake	0.941440	1
C:\My_Project\AIGC\results\research\p1_r8_shadow_composite_tradeoff_20260819\stress_cache\fake_434__smoothing_heavy.png	filtered_fake	0.942659	1
C:\My_Project\AIGC\results\research\p1_r8_shadow_composite_tradeoff_20260819\stress_cache\fake_434__whitening_medium.png	filtered_fake	0.948003	1
C:\My_Project\AIGC\results\research\p1_r8_shadow_composite_tradeoff_20260819\stress_cache\fake_434__combined_medium.png	filtered_fake	0.941821	1
C:\My_Project\AIGC\results\research\p1_r8_shadow_composite_tradeoff_20260819\stress_cache\fake_434__combined_heavy.png	filtered_fake	0.947191	1
C:\My_Project\AIGC\results\research\p1_r8_shadow_composite_tradeoff_20260819\stress_cache\fake_434__eye_enlarging.png	filtered_fake	0.932755	1
C:\My_Project\AIGC\results\research\p1_r8_shadow_composite_tradeoff_20260819\stress_cache\fake_434__face_reshaping.png	filtered_fake	0.931573	1
C:\My_Project\AIGC\results\research\p1_r8_shadow_composite_tradeoff_20260819\stress_cache\fake_435__smoothing_light.png	filtered_fake	0.937007	1
C:\My_Project\AIGC\results\research\p1_r8_shadow_composite_tradeoff_20260819\stress_cache\fake_435__smoothing_medium.png	filtered_fake	0.941629	1
C:\My_Project\AIGC\results\research\p1_r8_shadow_composite_tradeoff_20260819\stress_cache\fake_435__smoothing_heavy.png	filtered_fake	0.939962	1
C:\My_Project\AIGC\results\research\p1_r8_shadow_composite_tradeoff_20260819\stress_cache\fake_435__whitening_medium.png	filtered_fake	0.904371	1
C:\My_Project\AIGC\results\research\p1_r8_shadow_composite_tradeoff_20260819\stress_cache\fake_435__combined_medium.png	filtered_fake	0.941229	1
C:\My_Project\AIGC\results\research\p1_r8_shadow_composite_tradeoff_20260819\stress_cache\fake_435__combined_heavy.png	filtered_fake	0.928007	1
C:\My_Project\AIGC\results\research\p1_r8_shadow_composite_tradeoff_20260819\stress_cache\fake_435__eye_enlarging.png	filtered_fake	0.908299	1
C:\My_Project\AIGC\results\research\p1_r8_shadow_composite_tradeoff_20260819\stress_cache\fake_435__face_reshaping.png	filtered_fake	0.905270	1
C:\My_Project\AIGC\results\research\p1_r8_shadow_composite_tradeoff_20260819\stress_cache\fake_436__smoothing_light.png	filtered_fake	0.936411	1
C:\My_Project\AIGC\results\research\p1_r8_shadow_composite_tradeoff_20260819\stress_cache\fake_436__smoothing_medium.png	filtered_fake	0.936643	1
C:\My_Project\AIGC\results\research\p1_r8_shadow_composite_tradeoff_20260819\stress_cache\fake_436__smoothing_heavy.png	filtered_fake	0.934317	1
C:\My_Project\AIGC\results\research\p1_r8_shadow_composite_tradeoff_20260819\stress_cache\fake_436__whitening_medium.png	filtered_fake	0.845920	1
C:\My_Project\AIGC\results\research\p1_r8_shadow_composite_tradeoff_20260819\stress_cache\fake_436__combined_medium.png	filtered_fake	0.934734	1
C:\My_Project\AIGC\results\research\p1_r8_shadow_composite_tradeoff_20260819\stress_cache\fake_436__combined_heavy.png	filtered_fake	0.936435	1
C:\My_Project\AIGC\results\research\p1_r8_shadow_composite_tradeoff_20260819\stress_cache\fake_436__eye_enlarging.png	filtered_fake	0.885452	1
C:\My_Project\AIGC\results\research\p1_r8_shadow_composite_tradeoff_20260819\stress_cache\fake_436__face_reshaping.png	filtered_fake	0.887851	1
C:\My_Project\AIGC\results\research\p1_r8_shadow_composite_tradeoff_20260819\stress_cache\fake_438__smoothing_light.png	filtered_fake	0.945663	1
C:\My_Project\AIGC\results\research\p1_r8_shadow_composite_tradeoff_20260819\stress_cache\fake_438__smoothing_medium.png	filtered_fake	0.944021	1
C:\My_Project\AIGC\results\research\p1_r8_shadow_composite_tradeoff_20260819\stress_cache\fake_438__smoothing_heavy.png	filtered_fake	0.934318	1
C:\My_Project\AIGC\results\research\p1_r8_shadow_composite_tradeoff_20260819\stress_cache\fake_438__whitening_medium.png	filtered_fake	0.942699	1
C:\My_Project\AIGC\results\research\p1_r8_shadow_composite_tradeoff_20260819\stress_cache\fake_438__combined_medium.png	filtered_fake	0.939831	1
C:\My_Project\AIGC\results\research\p1_r8_shadow_composite_tradeoff_20260819\stress_cache\fake_438__combined_heavy.png	filtered_fake	0.922667	1
C:\My_Project\AIGC\results\research\p1_r8_shadow_composite_tradeoff_20260819\stress_cache\fake_438__eye_enlarging.png	filtered_fake	0.937465	1
C:\My_Project\AIGC\results\research\p1_r8_shadow_composite_tradeoff_20260819\stress_cache\fake_438__face_reshaping.png	filtered_fake	0.936408	1
C:\My_Project\AIGC\results\research\p1_r8_shadow_composite_tradeoff_20260819\stress_cache\fake_439__smoothing_light.png	filtered_fake	0.945360	1
C:\My_Project\AIGC\results\research\p1_r8_shadow_composite_tradeoff_20260819\stress_cache\fake_439__smoothing_medium.png	filtered_fake	0.943298	1
C:\My_Project\AIGC\results\research\p1_r8_shadow_composite_tradeoff_20260819\stress_cache\fake_439__smoothing_heavy.png	filtered_fake	0.942281	1
C:\My_Project\AIGC\results\research\p1_r8_shadow_composite_tradeoff_20260819\stress_cache\fake_439__whitening_medium.png	filtered_fake	0.938092	1
C:\My_Project\AIGC\results\research\p1_r8_shadow_composite_tradeoff_20260819\stress_cache\fake_439__combined_medium.png	filtered_fake	0.937069	1
C:\My_Project\AIGC\results\research\p1_r8_shadow_composite_tradeoff_20260819\stress_cache\fake_439__combined_heavy.png	filtered_fake	0.937116	1
C:\My_Project\AIGC\results\research\p1_r8_shadow_composite_tradeoff_20260819\stress_cache\fake_439__eye_enlarging.png	filtered_fake	0.938585	1
C:\My_Project\AIGC\results\research\p1_r8_shadow_composite_tradeoff_20260819\stress_cache\fake_439__face_reshaping.png	filtered_fake	0.923133	1
C:\My_Project\AIGC\results\research\p1_r8_shadow_composite_tradeoff_20260819\stress_cache\fake_440__smoothing_light.png	filtered_fake	0.908327	1
C:\My_Project\AIGC\results\research\p1_r8_shadow_composite_tradeoff_20260819\stress_cache\fake_440__smoothing_medium.png	filtered_fake	0.937713	1
C:\My_Project\AIGC\results\research\p1_r8_shadow_composite_tradeoff_20260819\stress_cache\fake_440__smoothing_heavy.png	filtered_fake	0.932943	1
C:\My_Project\AIGC\results\research\p1_r8_shadow_composite_tradeoff_20260819\stress_cache\fake_440__whitening_medium.png	filtered_fake	0.925551	1
C:\My_Project\AIGC\results\research\p1_r8_shadow_composite_tradeoff_20260819\stress_cache\fake_440__combined_medium.png	filtered_fake	0.937481	1
C:\My_Project\AIGC\results\research\p1_r8_shadow_composite_tradeoff_20260819\stress_cache\fake_440__combined_heavy.png	filtered_fake	0.933388	1
C:\My_Project\AIGC\results\research\p1_r8_shadow_composite_tradeoff_20260819\stress_cache\fake_440__eye_enlarging.png	filtered_fake	0.908241	1
C:\My_Project\AIGC\results\research\p1_r8_shadow_composite_tradeoff_20260819\stress_cache\fake_440__face_reshaping.png	filtered_fake	0.922920	1
C:\My_Project\AIGC\results\research\p1_r8_shadow_composite_tradeoff_20260819\stress_cache\fake_441__smoothing_light.png	filtered_fake	0.935320	1
C:\My_Project\AIGC\results\research\p1_r8_shadow_composite_tradeoff_20260819\stress_cache\fake_441__smoothing_medium.png	filtered_fake	0.938225	1
C:\My_Project\AIGC\results\research\p1_r8_shadow_composite_tradeoff_20260819\stress_cache\fake_441__smoothing_heavy.png	filtered_fake	0.934033	1
C:\My_Project\AIGC\results\research\p1_r8_shadow_composite_tradeoff_20260819\stress_cache\fake_441__whitening_medium.png	filtered_fake	0.937670	1
C:\My_Project\AIGC\results\research\p1_r8_shadow_composite_tradeoff_20260819\stress_cache\fake_441__combined_medium.png	filtered_fake	0.942407	1
C:\My_Project\AIGC\results\research\p1_r8_shadow_composite_tradeoff_20260819\stress_cache\fake_441__combined_heavy.png	filtered_fake	0.931919	1
C:\My_Project\AIGC\results\research\p1_r8_shadow_composite_tradeoff_20260819\stress_cache\fake_441__eye_enlarging.png	filtered_fake	0.928115	1
C:\My_Project\AIGC\results\research\p1_r8_shadow_composite_tradeoff_20260819\stress_cache\fake_441__face_reshaping.png	filtered_fake	0.941954	1
C:\My_Project\AIGC\results\research\p1_r8_shadow_composite_tradeoff_20260819\stress_cache\fake_442__smoothing_light.png	filtered_fake	0.936688	1
C:\My_Project\AIGC\results\research\p1_r8_shadow_composite_tradeoff_20260819\stress_cache\fake_442__smoothing_medium.png	filtered_fake	0.937799	1
C:\My_Project\AIGC\results\research\p1_r8_shadow_composite_tradeoff_20260819\stress_cache\fake_442__smoothing_heavy.png	filtered_fake	0.937809	1
C:\My_Project\AIGC\results\research\p1_r8_shadow_composite_tradeoff_20260819\stress_cache\fake_442__whitening_medium.png	filtered_fake	0.938297	1
C:\My_Project\AIGC\results\research\p1_r8_shadow_composite_tradeoff_20260819\stress_cache\fake_442__combined_medium.png	filtered_fake	0.944165	1
C:\My_Project\AIGC\results\research\p1_r8_shadow_composite_tradeoff_20260819\stress_cache\fake_442__combined_heavy.png	filtered_fake	0.935528	1
C:\My_Project\AIGC\results\research\p1_r8_shadow_composite_tradeoff_20260819\stress_cache\fake_442__eye_enlarging.png	filtered_fake	0.920487	1
C:\My_Project\AIGC\results\research\p1_r8_shadow_composite_tradeoff_20260819\stress_cache\fake_442__face_reshaping.png	filtered_fake	0.936438	1
C:\My_Project\AIGC\results\research\p1_r8_shadow_composite_tradeoff_20260819\stress_cache\fake_443__smoothing_light.png	filtered_fake	0.938258	1
C:\My_Project\AIGC\results\research\p1_r8_shadow_composite_tradeoff_20260819\stress_cache\fake_443__smoothing_medium.png	filtered_fake	0.946421	1
C:\My_Project\AIGC\results\research\p1_r8_shadow_composite_tradeoff_20260819\stress_cache\fake_443__smoothing_heavy.png	filtered_fake	0.944590	1
C:\My_Project\AIGC\results\research\p1_r8_shadow_composite_tradeoff_20260819\stress_cache\fake_443__whitening_medium.png	filtered_fake	0.930460	1
C:\My_Project\AIGC\results\research\p1_r8_shadow_composite_tradeoff_20260819\stress_cache\fake_443__combined_medium.png	filtered_fake	0.948283	1
C:\My_Project\AIGC\results\research\p1_r8_shadow_composite_tradeoff_20260819\stress_cache\fake_443__combined_heavy.png	filtered_fake	0.937918	1
C:\My_Project\AIGC\results\research\p1_r8_shadow_composite_tradeoff_20260819\stress_cache\fake_443__eye_enlarging.png	filtered_fake	0.923092	1
C:\My_Project\AIGC\results\research\p1_r8_shadow_composite_tradeoff_20260819\stress_cache\fake_443__face_reshaping.png	filtered_fake	0.926185	1
C:\My_Project\AIGC\results\research\p1_r8_shadow_composite_tradeoff_20260819\stress_cache\fake_444__smoothing_light.png	filtered_fake	0.939884	1
C:\My_Project\AIGC\results\research\p1_r8_shadow_composite_tradeoff_20260819\stress_cache\fake_444__smoothing_medium.png	filtered_fake	0.943950	1
C:\My_Project\AIGC\results\research\p1_r8_shadow_composite_tradeoff_20260819\stress_cache\fake_444__smoothing_heavy.png	filtered_fake	0.935943	1
C:\My_Project\AIGC\results\research\p1_r8_shadow_composite_tradeoff_20260819\stress_cache\fake_444__whitening_medium.png	filtered_fake	0.939002	1
C:\My_Project\AIGC\results\research\p1_r8_shadow_composite_tradeoff_20260819\stress_cache\fake_444__combined_medium.png	filtered_fake	0.944676	1
C:\My_Project\AIGC\results\research\p1_r8_shadow_composite_tradeoff_20260819\stress_cache\fake_444__combined_heavy.png	filtered_fake	0.937847	1
C:\My_Project\AIGC\results\research\p1_r8_shadow_composite_tradeoff_20260819\stress_cache\fake_444__eye_enlarging.png	filtered_fake	0.940313	1
C:\My_Project\AIGC\results\research\p1_r8_shadow_composite_tradeoff_20260819\stress_cache\fake_444__face_reshaping.png	filtered_fake	0.939065	1
C:\My_Project\AIGC\results\research\p1_r8_shadow_composite_tradeoff_20260819\stress_cache\fake_445__smoothing_light.png	filtered_fake	0.939587	1
C:\My_Project\AIGC\results\research\p1_r8_shadow_composite_tradeoff_20260819\stress_cache\fake_445__smoothing_medium.png	filtered_fake	0.946136	1
C:\My_Project\AIGC\results\research\p1_r8_shadow_composite_tradeoff_20260819\stress_cache\fake_445__smoothing_heavy.png	filtered_fake	0.936948	1
C:\My_Project\AIGC\results\research\p1_r8_shadow_composite_tradeoff_20260819\stress_cache\fake_445__whitening_medium.png	filtered_fake	0.903945	1
C:\My_Project\AIGC\results\research\p1_r8_shadow_composite_tradeoff_20260819\stress_cache\fake_445__combined_medium.png	filtered_fake	0.944055	1
C:\My_Project\AIGC\results\research\p1_r8_shadow_composite_tradeoff_20260819\stress_cache\fake_445__combined_heavy.png	filtered_fake	0.935799	1
C:\My_Project\AIGC\results\research\p1_r8_shadow_composite_tradeoff_20260819\stress_cache\fake_445__eye_enlarging.png	filtered_fake	0.899714	1
C:\My_Project\AIGC\results\research\p1_r8_shadow_composite_tradeoff_20260819\stress_cache\fake_445__face_reshaping.png	filtered_fake	0.920568	1
C:\My_Project\AIGC\results\research\p1_r8_shadow_composite_tradeoff_20260819\stress_cache\fake_446__smoothing_light.png	filtered_fake	0.925571	1
C:\My_Project\AIGC\results\research\p1_r8_shadow_composite_tradeoff_20260819\stress_cache\fake_446__smoothing_medium.png	filtered_fake	0.938248	1
C:\My_Project\AIGC\results\research\p1_r8_shadow_composite_tradeoff_20260819\stress_cache\fake_446__smoothing_heavy.png	filtered_fake	0.898613	1
C:\My_Project\AIGC\results\research\p1_r8_shadow_composite_tradeoff_20260819\stress_cache\fake_446__whitening_medium.png	filtered_fake	0.906347	1
C:\My_Project\AIGC\results\research\p1_r8_shadow_composite_tradeoff_20260819\stress_cache\fake_446__combined_medium.png	filtered_fake	0.926079	1
C:\My_Project\AIGC\results\research\p1_r8_shadow_composite_tradeoff_20260819\stress_cache\fake_446__combined_heavy.png	filtered_fake	0.881379	1
C:\My_Project\AIGC\results\research\p1_r8_shadow_composite_tradeoff_20260819\stress_cache\fake_446__eye_enlarging.png	filtered_fake	0.899841	1
C:\My_Project\AIGC\results\research\p1_r8_shadow_composite_tradeoff_20260819\stress_cache\fake_446__face_reshaping.png	filtered_fake	0.915610	1
C:\My_Project\AIGC\results\research\p1_r8_shadow_composite_tradeoff_20260819\stress_cache\fake_447__smoothing_light.png	filtered_fake	0.944706	1
C:\My_Project\AIGC\results\research\p1_r8_shadow_composite_tradeoff_20260819\stress_cache\fake_447__smoothing_medium.png	filtered_fake	0.948207	1
C:\My_Project\AIGC\results\research\p1_r8_shadow_composite_tradeoff_20260819\stress_cache\fake_447__smoothing_heavy.png	filtered_fake	0.936738	1
C:\My_Project\AIGC\results\research\p1_r8_shadow_composite_tradeoff_20260819\stress_cache\fake_447__whitening_medium.png	filtered_fake	0.910217	1
C:\My_Project\AIGC\results\research\p1_r8_shadow_composite_tradeoff_20260819\stress_cache\fake_447__combined_medium.png	filtered_fake	0.943312	1
C:\My_Project\AIGC\results\research\p1_r8_shadow_composite_tradeoff_20260819\stress_cache\fake_447__combined_heavy.png	filtered_fake	0.942830	1
C:\My_Project\AIGC\results\research\p1_r8_shadow_composite_tradeoff_20260819\stress_cache\fake_447__eye_enlarging.png	filtered_fake	0.909375	1
C:\My_Project\AIGC\results\research\p1_r8_shadow_composite_tradeoff_20260819\stress_cache\fake_447__face_reshaping.png	filtered_fake	0.923093	1
C:\My_Project\AIGC\results\research\p1_r8_shadow_composite_tradeoff_20260819\stress_cache\fake_450__smoothing_light.png	filtered_fake	0.940944	1
C:\My_Project\AIGC\results\research\p1_r8_shadow_composite_tradeoff_20260819\stress_cache\fake_450__smoothing_medium.png	filtered_fake	0.946615	1
C:\My_Project\AIGC\results\research\p1_r8_shadow_composite_tradeoff_20260819\stress_cache\fake_450__smoothing_heavy.png	filtered_fake	0.942183	1
C:\My_Project\AIGC\results\research\p1_r8_shadow_composite_tradeoff_20260819\stress_cache\fake_450__whitening_medium.png	filtered_fake	0.917356	1
C:\My_Project\AIGC\results\research\p1_r8_shadow_composite_tradeoff_20260819\stress_cache\fake_450__combined_medium.png	filtered_fake	0.946381	1
C:\My_Project\AIGC\results\research\p1_r8_shadow_composite_tradeoff_20260819\stress_cache\fake_450__combined_heavy.png	filtered_fake	0.939028	1
C:\My_Project\AIGC\results\research\p1_r8_shadow_composite_tradeoff_20260819\stress_cache\fake_450__eye_enlarging.png	filtered_fake	0.894979	1
C:\My_Project\AIGC\results\research\p1_r8_shadow_composite_tradeoff_20260819\stress_cache\fake_450__face_reshaping.png	filtered_fake	0.906422	1
C:\My_Project\AIGC\results\research\p1_r8_shadow_composite_tradeoff_20260819\stress_cache\fake_451__smoothing_light.png	filtered_fake	0.949216	1
C:\My_Project\AIGC\results\research\p1_r8_shadow_composite_tradeoff_20260819\stress_cache\fake_451__smoothing_medium.png	filtered_fake	0.940491	1
C:\My_Project\AIGC\results\research\p1_r8_shadow_composite_tradeoff_20260819\stress_cache\fake_451__smoothing_heavy.png	filtered_fake	0.935347	1
C:\My_Project\AIGC\results\research\p1_r8_shadow_composite_tradeoff_20260819\stress_cache\fake_451__whitening_medium.png	filtered_fake	0.922606	1
C:\My_Project\AIGC\results\research\p1_r8_shadow_composite_tradeoff_20260819\stress_cache\fake_451__combined_medium.png	filtered_fake	0.943561	1
C:\My_Project\AIGC\results\research\p1_r8_shadow_composite_tradeoff_20260819\stress_cache\fake_451__combined_heavy.png	filtered_fake	0.940169	1
C:\My_Project\AIGC\results\research\p1_r8_shadow_composite_tradeoff_20260819\stress_cache\fake_451__eye_enlarging.png	filtered_fake	0.906562	1
C:\My_Project\AIGC\results\research\p1_r8_shadow_composite_tradeoff_20260819\stress_cache\fake_451__face_reshaping.png	filtered_fake	0.928111	1
C:\My_Project\AIGC\results\research\p1_r8_shadow_composite_tradeoff_20260819\stress_cache\fake_452__smoothing_light.png	filtered_fake	0.942230	1
C:\My_Project\AIGC\results\research\p1_r8_shadow_composite_tradeoff_20260819\stress_cache\fake_452__smoothing_medium.png	filtered_fake	0.949175	1
C:\My_Project\AIGC\results\research\p1_r8_shadow_composite_tradeoff_20260819\stress_cache\fake_452__smoothing_heavy.png	filtered_fake	0.943228	1
C:\My_Project\AIGC\results\research\p1_r8_shadow_composite_tradeoff_20260819\stress_cache\fake_452__whitening_medium.png	filtered_fake	0.922635	1
C:\My_Project\AIGC\results\research\p1_r8_shadow_composite_tradeoff_20260819\stress_cache\fake_452__combined_medium.png	filtered_fake	0.947578	1
C:\My_Project\AIGC\results\research\p1_r8_shadow_composite_tradeoff_20260819\stress_cache\fake_452__combined_heavy.png	filtered_fake	0.943695	1
C:\My_Project\AIGC\results\research\p1_r8_shadow_composite_tradeoff_20260819\stress_cache\fake_452__eye_enlarging.png	filtered_fake	0.914738	1
C:\My_Project\AIGC\results\research\p1_r8_shadow_composite_tradeoff_20260819\stress_cache\fake_452__face_reshaping.png	filtered_fake	0.921563	1
C:\My_Project\AIGC\results\research\p1_r8_shadow_composite_tradeoff_20260819\stress_cache\fake_453__smoothing_light.png	filtered_fake	0.945864	1
C:\My_Project\AIGC\results\research\p1_r8_shadow_composite_tradeoff_20260819\stress_cache\fake_453__smoothing_medium.png	filtered_fake	0.946932	1
C:\My_Project\AIGC\results\research\p1_r8_shadow_composite_tradeoff_20260819\stress_cache\fake_453__smoothing_heavy.png	filtered_fake	0.943123	1
C:\My_Project\AIGC\results\research\p1_r8_shadow_composite_tradeoff_20260819\stress_cache\fake_453__whitening_medium.png	filtered_fake	0.931335	1
C:\My_Project\AIGC\results\research\p1_r8_shadow_composite_tradeoff_20260819\stress_cache\fake_453__combined_medium.png	filtered_fake	0.942354	1
C:\My_Project\AIGC\results\research\p1_r8_shadow_composite_tradeoff_20260819\stress_cache\fake_453__combined_heavy.png	filtered_fake	0.928964	1
C:\My_Project\AIGC\results\research\p1_r8_shadow_composite_tradeoff_20260819\stress_cache\fake_453__eye_enlarging.png	filtered_fake	0.935305	1
C:\My_Project\AIGC\results\research\p1_r8_shadow_composite_tradeoff_20260819\stress_cache\fake_453__face_reshaping.png	filtered_fake	0.932648	1
C:\My_Project\AIGC\results\research\p1_r8_shadow_composite_tradeoff_20260819\stress_cache\fake_454__smoothing_light.png	filtered_fake	0.949364	1
C:\My_Project\AIGC\results\research\p1_r8_shadow_composite_tradeoff_20260819\stress_cache\fake_454__smoothing_medium.png	filtered_fake	0.953547	1
C:\My_Project\AIGC\results\research\p1_r8_shadow_composite_tradeoff_20260819\stress_cache\fake_454__smoothing_heavy.png	filtered_fake	0.954693	1
C:\My_Project\AIGC\results\research\p1_r8_shadow_composite_tradeoff_20260819\stress_cache\fake_454__whitening_medium.png	filtered_fake	0.916123	1
C:\My_Project\AIGC\results\research\p1_r8_shadow_composite_tradeoff_20260819\stress_cache\fake_454__combined_medium.png	filtered_fake	0.952338	1
C:\My_Project\AIGC\results\research\p1_r8_shadow_composite_tradeoff_20260819\stress_cache\fake_454__combined_heavy.png	filtered_fake	0.952130	1
C:\My_Project\AIGC\results\research\p1_r8_shadow_composite_tradeoff_20260819\stress_cache\fake_454__eye_enlarging.png	filtered_fake	0.913211	1
C:\My_Project\AIGC\results\research\p1_r8_shadow_composite_tradeoff_20260819\stress_cache\fake_454__face_reshaping.png	filtered_fake	0.916292	1
C:\My_Project\AIGC\results\research\p1_r8_shadow_composite_tradeoff_20260819\stress_cache\fake_455__smoothing_light.png	filtered_fake	0.933512	1
C:\My_Project\AIGC\results\research\p1_r8_shadow_composite_tradeoff_20260819\stress_cache\fake_455__smoothing_medium.png	filtered_fake	0.946144	1
C:\My_Project\AIGC\results\research\p1_r8_shadow_composite_tradeoff_20260819\stress_cache\fake_455__smoothing_heavy.png	filtered_fake	0.942939	1
C:\My_Project\AIGC\results\research\p1_r8_shadow_composite_tradeoff_20260819\stress_cache\fake_455__whitening_medium.png	filtered_fake	0.928372	1
C:\My_Project\AIGC\results\research\p1_r8_shadow_composite_tradeoff_20260819\stress_cache\fake_455__combined_medium.png	filtered_fake	0.947560	1
C:\My_Project\AIGC\results\research\p1_r8_shadow_composite_tradeoff_20260819\stress_cache\fake_455__combined_heavy.png	filtered_fake	0.950008	1
C:\My_Project\AIGC\results\research\p1_r8_shadow_composite_tradeoff_20260819\stress_cache\fake_455__eye_enlarging.png	filtered_fake	0.887988	1
C:\My_Project\AIGC\results\research\p1_r8_shadow_composite_tradeoff_20260819\stress_cache\fake_455__face_reshaping.png	filtered_fake	0.920518	1
C:\My_Project\AIGC\results\research\p1_r8_shadow_composite_tradeoff_20260819\stress_cache\fake_456__smoothing_light.png	filtered_fake	0.940746	1
C:\My_Project\AIGC\results\research\p1_r8_shadow_composite_tradeoff_20260819\stress_cache\fake_456__smoothing_medium.png	filtered_fake	0.939192	1
C:\My_Project\AIGC\results\research\p1_r8_shadow_composite_tradeoff_20260819\stress_cache\fake_456__smoothing_heavy.png	filtered_fake	0.937167	1
C:\My_Project\AIGC\results\research\p1_r8_shadow_composite_tradeoff_20260819\stress_cache\fake_456__whitening_medium.png	filtered_fake	0.937026	1
C:\My_Project\AIGC\results\research\p1_r8_shadow_composite_tradeoff_20260819\stress_cache\fake_456__combined_medium.png	filtered_fake	0.941679	1
C:\My_Project\AIGC\results\research\p1_r8_shadow_composite_tradeoff_20260819\stress_cache\fake_456__combined_heavy.png	filtered_fake	0.930462	1
C:\My_Project\AIGC\results\research\p1_r8_shadow_composite_tradeoff_20260819\stress_cache\fake_456__eye_enlarging.png	filtered_fake	0.930056	1
C:\My_Project\AIGC\results\research\p1_r8_shadow_composite_tradeoff_20260819\stress_cache\fake_456__face_reshaping.png	filtered_fake	0.938172	1
C:\My_Project\AIGC\results\research\p1_r8_shadow_composite_tradeoff_20260819\stress_cache\fake_457__smoothing_light.png	filtered_fake	0.938928	1
C:\My_Project\AIGC\results\research\p1_r8_shadow_composite_tradeoff_20260819\stress_cache\fake_457__smoothing_medium.png	filtered_fake	0.948173	1
C:\My_Project\AIGC\results\research\p1_r8_shadow_composite_tradeoff_20260819\stress_cache\fake_457__smoothing_heavy.png	filtered_fake	0.942120	1
C:\My_Project\AIGC\results\research\p1_r8_shadow_composite_tradeoff_20260819\stress_cache\fake_457__whitening_medium.png	filtered_fake	0.939425	1
C:\My_Project\AIGC\results\research\p1_r8_shadow_composite_tradeoff_20260819\stress_cache\fake_457__combined_medium.png	filtered_fake	0.948754	1
C:\My_Project\AIGC\results\research\p1_r8_shadow_composite_tradeoff_20260819\stress_cache\fake_457__combined_heavy.png	filtered_fake	0.951413	1
C:\My_Project\AIGC\results\research\p1_r8_shadow_composite_tradeoff_20260819\stress_cache\fake_457__eye_enlarging.png	filtered_fake	0.919503	1
C:\My_Project\AIGC\results\research\p1_r8_shadow_composite_tradeoff_20260819\stress_cache\fake_457__face_reshaping.png	filtered_fake	0.909795	1
C:\My_Project\AIGC\results\research\p1_r8_shadow_composite_tradeoff_20260819\stress_cache\fake_458__smoothing_light.png	filtered_fake	0.942975	1
C:\My_Project\AIGC\results\research\p1_r8_shadow_composite_tradeoff_20260819\stress_cache\fake_458__smoothing_medium.png	filtered_fake	0.948829	1
C:\My_Project\AIGC\results\research\p1_r8_shadow_composite_tradeoff_20260819\stress_cache\fake_458__smoothing_heavy.png	filtered_fake	0.947476	1
C:\My_Project\AIGC\results\research\p1_r8_shadow_composite_tradeoff_20260819\stress_cache\fake_458__whitening_medium.png	filtered_fake	0.948071	1
C:\My_Project\AIGC\results\research\p1_r8_shadow_composite_tradeoff_20260819\stress_cache\fake_458__combined_medium.png	filtered_fake	0.945400	1
C:\My_Project\AIGC\results\research\p1_r8_shadow_composite_tradeoff_20260819\stress_cache\fake_458__combined_heavy.png	filtered_fake	0.945595	1
C:\My_Project\AIGC\results\research\p1_r8_shadow_composite_tradeoff_20260819\stress_cache\fake_458__eye_enlarging.png	filtered_fake	0.941025	1
C:\My_Project\AIGC\results\research\p1_r8_shadow_composite_tradeoff_20260819\stress_cache\fake_458__face_reshaping.png	filtered_fake	0.933811	1
C:\My_Project\AIGC\results\research\p1_r8_shadow_composite_tradeoff_20260819\stress_cache\fake_459__smoothing_light.png	filtered_fake	0.940741	1
C:\My_Project\AIGC\results\research\p1_r8_shadow_composite_tradeoff_20260819\stress_cache\fake_459__smoothing_medium.png	filtered_fake	0.948997	1
C:\My_Project\AIGC\results\research\p1_r8_shadow_composite_tradeoff_20260819\stress_cache\fake_459__smoothing_heavy.png	filtered_fake	0.949229	1
C:\My_Project\AIGC\results\research\p1_r8_shadow_composite_tradeoff_20260819\stress_cache\fake_459__whitening_medium.png	filtered_fake	0.947476	1
C:\My_Project\AIGC\results\research\p1_r8_shadow_composite_tradeoff_20260819\stress_cache\fake_459__combined_medium.png	filtered_fake	0.951940	1
C:\My_Project\AIGC\results\research\p1_r8_shadow_composite_tradeoff_20260819\stress_cache\fake_459__combined_heavy.png	filtered_fake	0.950752	1
C:\My_Project\AIGC\results\research\p1_r8_shadow_composite_tradeoff_20260819\stress_cache\fake_459__eye_enlarging.png	filtered_fake	0.931639	1
C:\My_Project\AIGC\results\research\p1_r8_shadow_composite_tradeoff_20260819\stress_cache\fake_459__face_reshaping.png	filtered_fake	0.936579	1
C:\My_Project\AIGC\results\research\p1_r8_shadow_composite_tradeoff_20260819\stress_cache\fake_460__smoothing_light.png	filtered_fake	0.934028	1
C:\My_Project\AIGC\results\research\p1_r8_shadow_composite_tradeoff_20260819\stress_cache\fake_460__smoothing_medium.png	filtered_fake	0.945782	1
C:\My_Project\AIGC\results\research\p1_r8_shadow_composite_tradeoff_20260819\stress_cache\fake_460__smoothing_heavy.png	filtered_fake	0.942680	1
C:\My_Project\AIGC\results\research\p1_r8_shadow_composite_tradeoff_20260819\stress_cache\fake_460__whitening_medium.png	filtered_fake	0.954721	1
C:\My_Project\AIGC\results\research\p1_r8_shadow_composite_tradeoff_20260819\stress_cache\fake_460__combined_medium.png	filtered_fake	0.946556	1
C:\My_Project\AIGC\results\research\p1_r8_shadow_composite_tradeoff_20260819\stress_cache\fake_460__combined_heavy.png	filtered_fake	0.942544	1
C:\My_Project\AIGC\results\research\p1_r8_shadow_composite_tradeoff_20260819\stress_cache\fake_460__eye_enlarging.png	filtered_fake	0.945471	1
C:\My_Project\AIGC\results\research\p1_r8_shadow_composite_tradeoff_20260819\stress_cache\fake_460__face_reshaping.png	filtered_fake	0.949579	1
C:\My_Project\AIGC\results\research\p1_r8_shadow_composite_tradeoff_20260819\stress_cache\fake_461__smoothing_light.png	filtered_fake	0.936844	1
C:\My_Project\AIGC\results\research\p1_r8_shadow_composite_tradeoff_20260819\stress_cache\fake_461__smoothing_medium.png	filtered_fake	0.936388	1
C:\My_Project\AIGC\results\research\p1_r8_shadow_composite_tradeoff_20260819\stress_cache\fake_461__smoothing_heavy.png	filtered_fake	0.930893	1
C:\My_Project\AIGC\results\research\p1_r8_shadow_composite_tradeoff_20260819\stress_cache\fake_461__whitening_medium.png	filtered_fake	0.939523	1
C:\My_Project\AIGC\results\research\p1_r8_shadow_composite_tradeoff_20260819\stress_cache\fake_461__combined_medium.png	filtered_fake	0.936160	1
C:\My_Project\AIGC\results\research\p1_r8_shadow_composite_tradeoff_20260819\stress_cache\fake_461__combined_heavy.png	filtered_fake	0.930541	1
C:\My_Project\AIGC\results\research\p1_r8_shadow_composite_tradeoff_20260819\stress_cache\fake_461__eye_enlarging.png	filtered_fake	0.932473	1
C:\My_Project\AIGC\results\research\p1_r8_shadow_composite_tradeoff_20260819\stress_cache\fake_461__face_reshaping.png	filtered_fake	0.939426	1
C:\My_Project\AIGC\results\research\p1_r8_shadow_composite_tradeoff_20260819\stress_cache\fake_462__smoothing_light.png	filtered_fake	0.950719	1
C:\My_Project\AIGC\results\research\p1_r8_shadow_composite_tradeoff_20260819\stress_cache\fake_462__smoothing_medium.png	filtered_fake	0.951090	1
C:\My_Project\AIGC\results\research\p1_r8_shadow_composite_tradeoff_20260819\stress_cache\fake_462__smoothing_heavy.png	filtered_fake	0.949234	1
C:\My_Project\AIGC\results\research\p1_r8_shadow_composite_tradeoff_20260819\stress_cache\fake_462__whitening_medium.png	filtered_fake	0.949929	1
C:\My_Project\AIGC\results\research\p1_r8_shadow_composite_tradeoff_20260819\stress_cache\fake_462__combined_medium.png	filtered_fake	0.950965	1
C:\My_Project\AIGC\results\research\p1_r8_shadow_composite_tradeoff_20260819\stress_cache\fake_462__combined_heavy.png	filtered_fake	0.947087	1
C:\My_Project\AIGC\results\research\p1_r8_shadow_composite_tradeoff_20260819\stress_cache\fake_462__eye_enlarging.png	filtered_fake	0.949614	1
C:\My_Project\AIGC\results\research\p1_r8_shadow_composite_tradeoff_20260819\stress_cache\fake_462__face_reshaping.png	filtered_fake	0.948702	1
C:\My_Project\AIGC\results\research\p1_r8_shadow_composite_tradeoff_20260819\stress_cache\fake_463__smoothing_light.png	filtered_fake	0.942959	1
C:\My_Project\AIGC\results\research\p1_r8_shadow_composite_tradeoff_20260819\stress_cache\fake_463__smoothing_medium.png	filtered_fake	0.942924	1
C:\My_Project\AIGC\results\research\p1_r8_shadow_composite_tradeoff_20260819\stress_cache\fake_463__smoothing_heavy.png	filtered_fake	0.930809	1
C:\My_Project\AIGC\results\research\p1_r8_shadow_composite_tradeoff_20260819\stress_cache\fake_463__whitening_medium.png	filtered_fake	0.930674	1
C:\My_Project\AIGC\results\research\p1_r8_shadow_composite_tradeoff_20260819\stress_cache\fake_463__combined_medium.png	filtered_fake	0.939229	1
C:\My_Project\AIGC\results\research\p1_r8_shadow_composite_tradeoff_20260819\stress_cache\fake_463__combined_heavy.png	filtered_fake	0.936284	1
C:\My_Project\AIGC\results\research\p1_r8_shadow_composite_tradeoff_20260819\stress_cache\fake_463__eye_enlarging.png	filtered_fake	0.918848	1
C:\My_Project\AIGC\results\research\p1_r8_shadow_composite_tradeoff_20260819\stress_cache\fake_463__face_reshaping.png	filtered_fake	0.938377	1
C:\My_Project\AIGC\results\research\p1_r8_shadow_composite_tradeoff_20260819\stress_cache\fake_464__smoothing_light.png	filtered_fake	0.925264	1
C:\My_Project\AIGC\results\research\p1_r8_shadow_composite_tradeoff_20260819\stress_cache\fake_464__smoothing_medium.png	filtered_fake	0.934851	1
C:\My_Project\AIGC\results\research\p1_r8_shadow_composite_tradeoff_20260819\stress_cache\fake_464__smoothing_heavy.png	filtered_fake	0.920692	1
C:\My_Project\AIGC\results\research\p1_r8_shadow_composite_tradeoff_20260819\stress_cache\fake_464__whitening_medium.png	filtered_fake	0.932926	1
C:\My_Project\AIGC\results\research\p1_r8_shadow_composite_tradeoff_20260819\stress_cache\fake_464__combined_medium.png	filtered_fake	0.931554	1
C:\My_Project\AIGC\results\research\p1_r8_shadow_composite_tradeoff_20260819\stress_cache\fake_464__combined_heavy.png	filtered_fake	0.893570	1
C:\My_Project\AIGC\results\research\p1_r8_shadow_composite_tradeoff_20260819\stress_cache\fake_464__eye_enlarging.png	filtered_fake	0.932573	1
C:\My_Project\AIGC\results\research\p1_r8_shadow_composite_tradeoff_20260819\stress_cache\fake_464__face_reshaping.png	filtered_fake	0.937876	1
C:\My_Project\AIGC\results\research\p1_r8_shadow_composite_tradeoff_20260819\stress_cache\fake_465__smoothing_light.png	filtered_fake	0.901386	1
C:\My_Project\AIGC\results\research\p1_r8_shadow_composite_tradeoff_20260819\stress_cache\fake_465__smoothing_medium.png	filtered_fake	0.888592	1
C:\My_Project\AIGC\results\research\p1_r8_shadow_composite_tradeoff_20260819\stress_cache\fake_465__smoothing_heavy.png	filtered_fake	0.896034	1
C:\My_Project\AIGC\results\research\p1_r8_shadow_composite_tradeoff_20260819\stress_cache\fake_465__whitening_medium.png	filtered_fake	0.936450	1
C:\My_Project\AIGC\results\research\p1_r8_shadow_composite_tradeoff_20260819\stress_cache\fake_465__combined_medium.png	filtered_fake	0.939955	1
C:\My_Project\AIGC\results\research\p1_r8_shadow_composite_tradeoff_20260819\stress_cache\fake_465__combined_heavy.png	filtered_fake	0.915253	1
C:\My_Project\AIGC\results\research\p1_r8_shadow_composite_tradeoff_20260819\stress_cache\fake_465__eye_enlarging.png	filtered_fake	0.905342	1
C:\My_Project\AIGC\results\research\p1_r8_shadow_composite_tradeoff_20260819\stress_cache\fake_465__face_reshaping.png	filtered_fake	0.907658	1
C:\My_Project\AIGC\results\research\p1_r8_shadow_composite_tradeoff_20260819\stress_cache\fake_466__smoothing_light.png	filtered_fake	0.934761	1
C:\My_Project\AIGC\results\research\p1_r8_shadow_composite_tradeoff_20260819\stress_cache\fake_466__smoothing_medium.png	filtered_fake	0.938447	1
C:\My_Project\AIGC\results\research\p1_r8_shadow_composite_tradeoff_20260819\stress_cache\fake_466__smoothing_heavy.png	filtered_fake	0.939588	1
C:\My_Project\AIGC\results\research\p1_r8_shadow_composite_tradeoff_20260819\stress_cache\fake_466__whitening_medium.png	filtered_fake	0.905351	1
C:\My_Project\AIGC\results\research\p1_r8_shadow_composite_tradeoff_20260819\stress_cache\fake_466__combined_medium.png	filtered_fake	0.940234	1
C:\My_Project\AIGC\results\research\p1_r8_shadow_composite_tradeoff_20260819\stress_cache\fake_466__combined_heavy.png	filtered_fake	0.936333	1
C:\My_Project\AIGC\results\research\p1_r8_shadow_composite_tradeoff_20260819\stress_cache\fake_466__eye_enlarging.png	filtered_fake	0.916668	1
C:\My_Project\AIGC\results\research\p1_r8_shadow_composite_tradeoff_20260819\stress_cache\fake_466__face_reshaping.png	filtered_fake	0.895820	1
C:\My_Project\AIGC\results\research\p1_r8_shadow_composite_tradeoff_20260819\stress_cache\fake_467__smoothing_light.png	filtered_fake	0.945489	1
C:\My_Project\AIGC\results\research\p1_r8_shadow_composite_tradeoff_20260819\stress_cache\fake_467__smoothing_medium.png	filtered_fake	0.947616	1
C:\My_Project\AIGC\results\research\p1_r8_shadow_composite_tradeoff_20260819\stress_cache\fake_467__smoothing_heavy.png	filtered_fake	0.942173	1
C:\My_Project\AIGC\results\research\p1_r8_shadow_composite_tradeoff_20260819\stress_cache\fake_467__whitening_medium.png	filtered_fake	0.932799	1
C:\My_Project\AIGC\results\research\p1_r8_shadow_composite_tradeoff_20260819\stress_cache\fake_467__combined_medium.png	filtered_fake	0.945840	1
C:\My_Project\AIGC\results\research\p1_r8_shadow_composite_tradeoff_20260819\stress_cache\fake_467__combined_heavy.png	filtered_fake	0.941779	1
C:\My_Project\AIGC\results\research\p1_r8_shadow_composite_tradeoff_20260819\stress_cache\fake_467__eye_enlarging.png	filtered_fake	0.938300	1
C:\My_Project\AIGC\results\research\p1_r8_shadow_composite_tradeoff_20260819\stress_cache\fake_467__face_reshaping.png	filtered_fake	0.938135	1
C:\My_Project\AIGC\results\research\p1_r8_shadow_composite_tradeoff_20260819\stress_cache\fake_468__smoothing_light.png	filtered_fake	0.939203	1
C:\My_Project\AIGC\results\research\p1_r8_shadow_composite_tradeoff_20260819\stress_cache\fake_468__smoothing_medium.png	filtered_fake	0.952502	1
C:\My_Project\AIGC\results\research\p1_r8_shadow_composite_tradeoff_20260819\stress_cache\fake_468__smoothing_heavy.png	filtered_fake	0.946884	1
C:\My_Project\AIGC\results\research\p1_r8_shadow_composite_tradeoff_20260819\stress_cache\fake_468__whitening_medium.png	filtered_fake	0.939296	1
C:\My_Project\AIGC\results\research\p1_r8_shadow_composite_tradeoff_20260819\stress_cache\fake_468__combined_medium.png	filtered_fake	0.948701	1
C:\My_Project\AIGC\results\research\p1_r8_shadow_composite_tradeoff_20260819\stress_cache\fake_468__combined_heavy.png	filtered_fake	0.947512	1
C:\My_Project\AIGC\results\research\p1_r8_shadow_composite_tradeoff_20260819\stress_cache\fake_468__eye_enlarging.png	filtered_fake	0.924963	1
C:\My_Project\AIGC\results\research\p1_r8_shadow_composite_tradeoff_20260819\stress_cache\fake_468__face_reshaping.png	filtered_fake	0.930783	1
C:\My_Project\AIGC\results\research\p1_r8_shadow_composite_tradeoff_20260819\stress_cache\fake_469__smoothing_light.png	filtered_fake	0.930304	1
C:\My_Project\AIGC\results\research\p1_r8_shadow_composite_tradeoff_20260819\stress_cache\fake_469__smoothing_medium.png	filtered_fake	0.944033	1
C:\My_Project\AIGC\results\research\p1_r8_shadow_composite_tradeoff_20260819\stress_cache\fake_469__smoothing_heavy.png	filtered_fake	0.944943	1
C:\My_Project\AIGC\results\research\p1_r8_shadow_composite_tradeoff_20260819\stress_cache\fake_469__whitening_medium.png	filtered_fake	0.936815	1
C:\My_Project\AIGC\results\research\p1_r8_shadow_composite_tradeoff_20260819\stress_cache\fake_469__combined_medium.png	filtered_fake	0.943237	1
C:\My_Project\AIGC\results\research\p1_r8_shadow_composite_tradeoff_20260819\stress_cache\fake_469__combined_heavy.png	filtered_fake	0.943746	1
C:\My_Project\AIGC\results\research\p1_r8_shadow_composite_tradeoff_20260819\stress_cache\fake_469__eye_enlarging.png	filtered_fake	0.942395	1
C:\My_Project\AIGC\results\research\p1_r8_shadow_composite_tradeoff_20260819\stress_cache\fake_469__face_reshaping.png	filtered_fake	0.935979	1
C:\My_Project\AIGC\results\research\p1_r8_shadow_composite_tradeoff_20260819\stress_cache\fake_470__smoothing_light.png	filtered_fake	0.937413	1
C:\My_Project\AIGC\results\research\p1_r8_shadow_composite_tradeoff_20260819\stress_cache\fake_470__smoothing_medium.png	filtered_fake	0.945268	1
C:\My_Project\AIGC\results\research\p1_r8_shadow_composite_tradeoff_20260819\stress_cache\fake_470__smoothing_heavy.png	filtered_fake	0.948951	1
C:\My_Project\AIGC\results\research\p1_r8_shadow_composite_tradeoff_20260819\stress_cache\fake_470__whitening_medium.png	filtered_fake	0.938901	1
C:\My_Project\AIGC\results\research\p1_r8_shadow_composite_tradeoff_20260819\stress_cache\fake_470__combined_medium.png	filtered_fake	0.946648	1
C:\My_Project\AIGC\results\research\p1_r8_shadow_composite_tradeoff_20260819\stress_cache\fake_470__combined_heavy.png	filtered_fake	0.945576	1
C:\My_Project\AIGC\results\research\p1_r8_shadow_composite_tradeoff_20260819\stress_cache\fake_470__eye_enlarging.png	filtered_fake	0.936564	1
C:\My_Project\AIGC\results\research\p1_r8_shadow_composite_tradeoff_20260819\stress_cache\fake_470__face_reshaping.png	filtered_fake	0.925571	1
C:\My_Project\AIGC\results\research\p1_r8_shadow_composite_tradeoff_20260819\stress_cache\fake_471__smoothing_light.png	filtered_fake	0.937776	1
C:\My_Project\AIGC\results\research\p1_r8_shadow_composite_tradeoff_20260819\stress_cache\fake_471__smoothing_medium.png	filtered_fake	0.948661	1
C:\My_Project\AIGC\results\research\p1_r8_shadow_composite_tradeoff_20260819\stress_cache\fake_471__smoothing_heavy.png	filtered_fake	0.945017	1
C:\My_Project\AIGC\results\research\p1_r8_shadow_composite_tradeoff_20260819\stress_cache\fake_471__whitening_medium.png	filtered_fake	0.924705	1
C:\My_Project\AIGC\results\research\p1_r8_shadow_composite_tradeoff_20260819\stress_cache\fake_471__combined_medium.png	filtered_fake	0.951225	1
C:\My_Project\AIGC\results\research\p1_r8_shadow_composite_tradeoff_20260819\stress_cache\fake_471__combined_heavy.png	filtered_fake	0.944531	1
C:\My_Project\AIGC\results\research\p1_r8_shadow_composite_tradeoff_20260819\stress_cache\fake_471__eye_enlarging.png	filtered_fake	0.930645	1
C:\My_Project\AIGC\results\research\p1_r8_shadow_composite_tradeoff_20260819\stress_cache\fake_471__face_reshaping.png	filtered_fake	0.919459	1
C:\My_Project\AIGC\results\research\p1_r8_shadow_composite_tradeoff_20260819\stress_cache\fake_472__smoothing_light.png	filtered_fake	0.946193	1
C:\My_Project\AIGC\results\research\p1_r8_shadow_composite_tradeoff_20260819\stress_cache\fake_472__smoothing_medium.png	filtered_fake	0.932094	1
C:\My_Project\AIGC\results\research\p1_r8_shadow_composite_tradeoff_20260819\stress_cache\fake_472__smoothing_heavy.png	filtered_fake	0.932969	1
C:\My_Project\AIGC\results\research\p1_r8_shadow_composite_tradeoff_20260819\stress_cache\fake_472__whitening_medium.png	filtered_fake	0.942846	1
C:\My_Project\AIGC\results\research\p1_r8_shadow_composite_tradeoff_20260819\stress_cache\fake_472__combined_medium.png	filtered_fake	0.919498	1
C:\My_Project\AIGC\results\research\p1_r8_shadow_composite_tradeoff_20260819\stress_cache\fake_472__combined_heavy.png	filtered_fake	0.910669	1
C:\My_Project\AIGC\results\research\p1_r8_shadow_composite_tradeoff_20260819\stress_cache\fake_472__eye_enlarging.png	filtered_fake	0.951807	1
C:\My_Project\AIGC\results\research\p1_r8_shadow_composite_tradeoff_20260819\stress_cache\fake_472__face_reshaping.png	filtered_fake	0.931466	1
C:\My_Project\AIGC\results\research\p1_r8_shadow_composite_tradeoff_20260819\stress_cache\fake_674__smoothing_light.png	filtered_fake	0.886683	1
C:\My_Project\AIGC\results\research\p1_r8_shadow_composite_tradeoff_20260819\stress_cache\fake_674__smoothing_medium.png	filtered_fake	0.917164	1
C:\My_Project\AIGC\results\research\p1_r8_shadow_composite_tradeoff_20260819\stress_cache\fake_674__smoothing_heavy.png	filtered_fake	0.888483	1
C:\My_Project\AIGC\results\research\p1_r8_shadow_composite_tradeoff_20260819\stress_cache\fake_674__whitening_medium.png	filtered_fake	0.539555	1
C:\My_Project\AIGC\results\research\p1_r8_shadow_composite_tradeoff_20260819\stress_cache\fake_674__combined_medium.png	filtered_fake	0.924768	1
C:\My_Project\AIGC\results\research\p1_r8_shadow_composite_tradeoff_20260819\stress_cache\fake_674__combined_heavy.png	filtered_fake	0.858772	1
C:\My_Project\AIGC\results\research\p1_r8_shadow_composite_tradeoff_20260819\stress_cache\fake_674__eye_enlarging.png	filtered_fake	0.879233	1
C:\My_Project\AIGC\results\research\p1_r8_shadow_composite_tradeoff_20260819\stress_cache\fake_674__face_reshaping.png	filtered_fake	0.865762	1
C:\My_Project\AIGC\results\research\p1_r8_shadow_composite_tradeoff_20260819\stress_cache\fake_675__smoothing_light.png	filtered_fake	0.938197	1
C:\My_Project\AIGC\results\research\p1_r8_shadow_composite_tradeoff_20260819\stress_cache\fake_675__smoothing_medium.png	filtered_fake	0.945661	1
C:\My_Project\AIGC\results\research\p1_r8_shadow_composite_tradeoff_20260819\stress_cache\fake_675__smoothing_heavy.png	filtered_fake	0.930057	1
C:\My_Project\AIGC\results\research\p1_r8_shadow_composite_tradeoff_20260819\stress_cache\fake_675__whitening_medium.png	filtered_fake	0.931464	1
C:\My_Project\AIGC\results\research\p1_r8_shadow_composite_tradeoff_20260819\stress_cache\fake_675__combined_medium.png	filtered_fake	0.939632	1
C:\My_Project\AIGC\results\research\p1_r8_shadow_composite_tradeoff_20260819\stress_cache\fake_675__combined_heavy.png	filtered_fake	0.927049	1
C:\My_Project\AIGC\results\research\p1_r8_shadow_composite_tradeoff_20260819\stress_cache\fake_675__eye_enlarging.png	filtered_fake	0.915794	1
C:\My_Project\AIGC\results\research\p1_r8_shadow_composite_tradeoff_20260819\stress_cache\fake_675__face_reshaping.png	filtered_fake	0.924305	1
C:\My_Project\AIGC\results\research\p1_r8_shadow_composite_tradeoff_20260819\stress_cache\fake_676__smoothing_light.png	filtered_fake	0.921277	1
C:\My_Project\AIGC\results\research\p1_r8_shadow_composite_tradeoff_20260819\stress_cache\fake_676__smoothing_medium.png	filtered_fake	0.933784	1
C:\My_Project\AIGC\results\research\p1_r8_shadow_composite_tradeoff_20260819\stress_cache\fake_676__smoothing_heavy.png	filtered_fake	0.919091	1
C:\My_Project\AIGC\results\research\p1_r8_shadow_composite_tradeoff_20260819\stress_cache\fake_676__whitening_medium.png	filtered_fake	0.908946	1
C:\My_Project\AIGC\results\research\p1_r8_shadow_composite_tradeoff_20260819\stress_cache\fake_676__combined_medium.png	filtered_fake	0.912714	1
C:\My_Project\AIGC\results\research\p1_r8_shadow_composite_tradeoff_20260819\stress_cache\fake_676__combined_heavy.png	filtered_fake	0.891601	1
C:\My_Project\AIGC\results\research\p1_r8_shadow_composite_tradeoff_20260819\stress_cache\fake_676__eye_enlarging.png	filtered_fake	0.933772	1
C:\My_Project\AIGC\results\research\p1_r8_shadow_composite_tradeoff_20260819\stress_cache\fake_676__face_reshaping.png	filtered_fake	0.884927	1
C:\My_Project\AIGC\results\research\p1_r8_shadow_composite_tradeoff_20260819\stress_cache\fake_677__smoothing_light.png	filtered_fake	0.938089	1
C:\My_Project\AIGC\results\research\p1_r8_shadow_composite_tradeoff_20260819\stress_cache\fake_677__smoothing_medium.png	filtered_fake	0.943440	1
C:\My_Project\AIGC\results\research\p1_r8_shadow_composite_tradeoff_20260819\stress_cache\fake_677__smoothing_heavy.png	filtered_fake	0.931981	1
C:\My_Project\AIGC\results\research\p1_r8_shadow_composite_tradeoff_20260819\stress_cache\fake_677__whitening_medium.png	filtered_fake	0.929711	1
C:\My_Project\AIGC\results\research\p1_r8_shadow_composite_tradeoff_20260819\stress_cache\fake_677__combined_medium.png	filtered_fake	0.934622	1
C:\My_Project\AIGC\results\research\p1_r8_shadow_composite_tradeoff_20260819\stress_cache\fake_677__combined_heavy.png	filtered_fake	0.915055	1
C:\My_Project\AIGC\results\research\p1_r8_shadow_composite_tradeoff_20260819\stress_cache\fake_677__eye_enlarging.png	filtered_fake	0.939845	1
C:\My_Project\AIGC\results\research\p1_r8_shadow_composite_tradeoff_20260819\stress_cache\fake_677__face_reshaping.png	filtered_fake	0.950247	1
C:\My_Project\AIGC\results\research\p1_r8_shadow_composite_tradeoff_20260819\stress_cache\fake_679__smoothing_light.png	filtered_fake	0.939422	1
C:\My_Project\AIGC\results\research\p1_r8_shadow_composite_tradeoff_20260819\stress_cache\fake_679__smoothing_medium.png	filtered_fake	0.938124	1
C:\My_Project\AIGC\results\research\p1_r8_shadow_composite_tradeoff_20260819\stress_cache\fake_679__smoothing_heavy.png	filtered_fake	0.937537	1
C:\My_Project\AIGC\results\research\p1_r8_shadow_composite_tradeoff_20260819\stress_cache\fake_679__whitening_medium.png	filtered_fake	0.942640	1
C:\My_Project\AIGC\results\research\p1_r8_shadow_composite_tradeoff_20260819\stress_cache\fake_679__combined_medium.png	filtered_fake	0.940170	1
C:\My_Project\AIGC\results\research\p1_r8_shadow_composite_tradeoff_20260819\stress_cache\fake_679__combined_heavy.png	filtered_fake	0.925170	1
C:\My_Project\AIGC\results\research\p1_r8_shadow_composite_tradeoff_20260819\stress_cache\fake_679__eye_enlarging.png	filtered_fake	0.924083	1
C:\My_Project\AIGC\results\research\p1_r8_shadow_composite_tradeoff_20260819\stress_cache\fake_679__face_reshaping.png	filtered_fake	0.927563	1
C:\My_Project\AIGC\results\research\p1_r8_shadow_composite_tradeoff_20260819\stress_cache\fake_680__smoothing_light.png	filtered_fake	0.916978	1
C:\My_Project\AIGC\results\research\p1_r8_shadow_composite_tradeoff_20260819\stress_cache\fake_680__smoothing_medium.png	filtered_fake	0.929202	1
C:\My_Project\AIGC\results\research\p1_r8_shadow_composite_tradeoff_20260819\stress_cache\fake_680__smoothing_heavy.png	filtered_fake	0.932931	1
C:\My_Project\AIGC\results\research\p1_r8_shadow_composite_tradeoff_20260819\stress_cache\fake_680__whitening_medium.png	filtered_fake	0.927302	1
C:\My_Project\AIGC\results\research\p1_r8_shadow_composite_tradeoff_20260819\stress_cache\fake_680__combined_medium.png	filtered_fake	0.937481	1
C:\My_Project\AIGC\results\research\p1_r8_shadow_composite_tradeoff_20260819\stress_cache\fake_680__combined_heavy.png	filtered_fake	0.934740	1
C:\My_Project\AIGC\results\research\p1_r8_shadow_composite_tradeoff_20260819\stress_cache\fake_680__eye_enlarging.png	filtered_fake	0.921547	1
C:\My_Project\AIGC\results\research\p1_r8_shadow_composite_tradeoff_20260819\stress_cache\fake_680__face_reshaping.png	filtered_fake	0.915542	1
C:\My_Project\AIGC\results\research\p1_r8_shadow_composite_tradeoff_20260819\stress_cache\fake_681__smoothing_light.png	filtered_fake	0.950995	1
C:\My_Project\AIGC\results\research\p1_r8_shadow_composite_tradeoff_20260819\stress_cache\fake_681__smoothing_medium.png	filtered_fake	0.953369	1
C:\My_Project\AIGC\results\research\p1_r8_shadow_composite_tradeoff_20260819\stress_cache\fake_681__smoothing_heavy.png	filtered_fake	0.947968	1
C:\My_Project\AIGC\results\research\p1_r8_shadow_composite_tradeoff_20260819\stress_cache\fake_681__whitening_medium.png	filtered_fake	0.942219	1
C:\My_Project\AIGC\results\research\p1_r8_shadow_composite_tradeoff_20260819\stress_cache\fake_681__combined_medium.png	filtered_fake	0.952968	1
C:\My_Project\AIGC\results\research\p1_r8_shadow_composite_tradeoff_20260819\stress_cache\fake_681__combined_heavy.png	filtered_fake	0.945167	1
C:\My_Project\AIGC\results\research\p1_r8_shadow_composite_tradeoff_20260819\stress_cache\fake_681__eye_enlarging.png	filtered_fake	0.942436	1
C:\My_Project\AIGC\results\research\p1_r8_shadow_composite_tradeoff_20260819\stress_cache\fake_681__face_reshaping.png	filtered_fake	0.946150	1
C:\My_Project\AIGC\results\research\p1_r8_shadow_composite_tradeoff_20260819\stress_cache\fake_682__smoothing_light.png	filtered_fake	0.943638	1
C:\My_Project\AIGC\results\research\p1_r8_shadow_composite_tradeoff_20260819\stress_cache\fake_682__smoothing_medium.png	filtered_fake	0.948029	1
C:\My_Project\AIGC\results\research\p1_r8_shadow_composite_tradeoff_20260819\stress_cache\fake_682__smoothing_heavy.png	filtered_fake	0.945387	1
C:\My_Project\AIGC\results\research\p1_r8_shadow_composite_tradeoff_20260819\stress_cache\fake_682__whitening_medium.png	filtered_fake	0.935435	1
C:\My_Project\AIGC\results\research\p1_r8_shadow_composite_tradeoff_20260819\stress_cache\fake_682__combined_medium.png	filtered_fake	0.945860	1
C:\My_Project\AIGC\results\research\p1_r8_shadow_composite_tradeoff_20260819\stress_cache\fake_682__combined_heavy.png	filtered_fake	0.945984	1
C:\My_Project\AIGC\results\research\p1_r8_shadow_composite_tradeoff_20260819\stress_cache\fake_682__eye_enlarging.png	filtered_fake	0.928033	1
C:\My_Project\AIGC\results\research\p1_r8_shadow_composite_tradeoff_20260819\stress_cache\fake_682__face_reshaping.png	filtered_fake	0.931132	1
C:\My_Project\AIGC\results\research\p1_r8_shadow_composite_tradeoff_20260819\stress_cache\fake_683__smoothing_light.png	filtered_fake	0.943636	1
C:\My_Project\AIGC\results\research\p1_r8_shadow_composite_tradeoff_20260819\stress_cache\fake_683__smoothing_medium.png	filtered_fake	0.946231	1
C:\My_Project\AIGC\results\research\p1_r8_shadow_composite_tradeoff_20260819\stress_cache\fake_683__smoothing_heavy.png	filtered_fake	0.939035	1
C:\My_Project\AIGC\results\research\p1_r8_shadow_composite_tradeoff_20260819\stress_cache\fake_683__whitening_medium.png	filtered_fake	0.946722	1
C:\My_Project\AIGC\results\research\p1_r8_shadow_composite_tradeoff_20260819\stress_cache\fake_683__combined_medium.png	filtered_fake	0.943241	1
C:\My_Project\AIGC\results\research\p1_r8_shadow_composite_tradeoff_20260819\stress_cache\fake_683__combined_heavy.png	filtered_fake	0.942962	1
C:\My_Project\AIGC\results\research\p1_r8_shadow_composite_tradeoff_20260819\stress_cache\fake_683__eye_enlarging.png	filtered_fake	0.944008	1
C:\My_Project\AIGC\results\research\p1_r8_shadow_composite_tradeoff_20260819\stress_cache\fake_683__face_reshaping.png	filtered_fake	0.953607	1
C:\My_Project\AIGC\results\research\p1_r8_shadow_composite_tradeoff_20260819\stress_cache\fake_684__smoothing_light.png	filtered_fake	0.947057	1
C:\My_Project\AIGC\results\research\p1_r8_shadow_composite_tradeoff_20260819\stress_cache\fake_684__smoothing_medium.png	filtered_fake	0.947269	1
C:\My_Project\AIGC\results\research\p1_r8_shadow_composite_tradeoff_20260819\stress_cache\fake_684__smoothing_heavy.png	filtered_fake	0.944754	1
C:\My_Project\AIGC\results\research\p1_r8_shadow_composite_tradeoff_20260819\stress_cache\fake_684__whitening_medium.png	filtered_fake	0.929073	1
C:\My_Project\AIGC\results\research\p1_r8_shadow_composite_tradeoff_20260819\stress_cache\fake_684__combined_medium.png	filtered_fake	0.943453	1
C:\My_Project\AIGC\results\research\p1_r8_shadow_composite_tradeoff_20260819\stress_cache\fake_684__combined_heavy.png	filtered_fake	0.929895	1
C:\My_Project\AIGC\results\research\p1_r8_shadow_composite_tradeoff_20260819\stress_cache\fake_684__eye_enlarging.png	filtered_fake	0.936409	1
C:\My_Project\AIGC\results\research\p1_r8_shadow_composite_tradeoff_20260819\stress_cache\fake_684__face_reshaping.png	filtered_fake	0.936216	1
C:\My_Project\AIGC\results\research\p1_r8_shadow_composite_tradeoff_20260819\stress_cache\fake_685__smoothing_light.png	filtered_fake	0.940923	1
C:\My_Project\AIGC\results\research\p1_r8_shadow_composite_tradeoff_20260819\stress_cache\fake_685__smoothing_medium.png	filtered_fake	0.943578	1
C:\My_Project\AIGC\results\research\p1_r8_shadow_composite_tradeoff_20260819\stress_cache\fake_685__smoothing_heavy.png	filtered_fake	0.940616	1
C:\My_Project\AIGC\results\research\p1_r8_shadow_composite_tradeoff_20260819\stress_cache\fake_685__whitening_medium.png	filtered_fake	0.918162	1
C:\My_Project\AIGC\results\research\p1_r8_shadow_composite_tradeoff_20260819\stress_cache\fake_685__combined_medium.png	filtered_fake	0.944156	1
C:\My_Project\AIGC\results\research\p1_r8_shadow_composite_tradeoff_20260819\stress_cache\fake_685__combined_heavy.png	filtered_fake	0.938773	1
C:\My_Project\AIGC\results\research\p1_r8_shadow_composite_tradeoff_20260819\stress_cache\fake_685__eye_enlarging.png	filtered_fake	0.916936	1
C:\My_Project\AIGC\results\research\p1_r8_shadow_composite_tradeoff_20260819\stress_cache\fake_685__face_reshaping.png	filtered_fake	0.925107	1
C:\My_Project\AIGC\results\research\p1_r8_shadow_composite_tradeoff_20260819\stress_cache\fake_686__smoothing_light.png	filtered_fake	0.942341	1
C:\My_Project\AIGC\results\research\p1_r8_shadow_composite_tradeoff_20260819\stress_cache\fake_686__smoothing_medium.png	filtered_fake	0.947605	1
C:\My_Project\AIGC\results\research\p1_r8_shadow_composite_tradeoff_20260819\stress_cache\fake_686__smoothing_heavy.png	filtered_fake	0.945166	1
C:\My_Project\AIGC\results\research\p1_r8_shadow_composite_tradeoff_20260819\stress_cache\fake_686__whitening_medium.png	filtered_fake	0.935795	1
C:\My_Project\AIGC\results\research\p1_r8_shadow_composite_tradeoff_20260819\stress_cache\fake_686__combined_medium.png	filtered_fake	0.947101	1
C:\My_Project\AIGC\results\research\p1_r8_shadow_composite_tradeoff_20260819\stress_cache\fake_686__combined_heavy.png	filtered_fake	0.940772	1
C:\My_Project\AIGC\results\research\p1_r8_shadow_composite_tradeoff_20260819\stress_cache\fake_686__eye_enlarging.png	filtered_fake	0.916410	1
C:\My_Project\AIGC\results\research\p1_r8_shadow_composite_tradeoff_20260819\stress_cache\fake_686__face_reshaping.png	filtered_fake	0.929261	1
C:\My_Project\AIGC\results\research\p1_r8_shadow_composite_tradeoff_20260819\stress_cache\fake_687__smoothing_light.png	filtered_fake	0.943629	1
C:\My_Project\AIGC\results\research\p1_r8_shadow_composite_tradeoff_20260819\stress_cache\fake_687__smoothing_medium.png	filtered_fake	0.950682	1
C:\My_Project\AIGC\results\research\p1_r8_shadow_composite_tradeoff_20260819\stress_cache\fake_687__smoothing_heavy.png	filtered_fake	0.945522	1
C:\My_Project\AIGC\results\research\p1_r8_shadow_composite_tradeoff_20260819\stress_cache\fake_687__whitening_medium.png	filtered_fake	0.945414	1
C:\My_Project\AIGC\results\research\p1_r8_shadow_composite_tradeoff_20260819\stress_cache\fake_687__combined_medium.png	filtered_fake	0.949951	1
C:\My_Project\AIGC\results\research\p1_r8_shadow_composite_tradeoff_20260819\stress_cache\fake_687__combined_heavy.png	filtered_fake	0.946998	1
C:\My_Project\AIGC\results\research\p1_r8_shadow_composite_tradeoff_20260819\stress_cache\fake_687__eye_enlarging.png	filtered_fake	0.945436	1
C:\My_Project\AIGC\results\research\p1_r8_shadow_composite_tradeoff_20260819\stress_cache\fake_687__face_reshaping.png	filtered_fake	0.946742	1
C:\My_Project\AIGC\results\research\p1_r8_shadow_composite_tradeoff_20260819\stress_cache\fake_688__smoothing_light.png	filtered_fake	0.936978	1
C:\My_Project\AIGC\results\research\p1_r8_shadow_composite_tradeoff_20260819\stress_cache\fake_688__smoothing_medium.png	filtered_fake	0.944415	1
C:\My_Project\AIGC\results\research\p1_r8_shadow_composite_tradeoff_20260819\stress_cache\fake_688__smoothing_heavy.png	filtered_fake	0.938901	1
C:\My_Project\AIGC\results\research\p1_r8_shadow_composite_tradeoff_20260819\stress_cache\fake_688__whitening_medium.png	filtered_fake	0.921385	1
C:\My_Project\AIGC\results\research\p1_r8_shadow_composite_tradeoff_20260819\stress_cache\fake_688__combined_medium.png	filtered_fake	0.945717	1
C:\My_Project\AIGC\results\research\p1_r8_shadow_composite_tradeoff_20260819\stress_cache\fake_688__combined_heavy.png	filtered_fake	0.947744	1
C:\My_Project\AIGC\results\research\p1_r8_shadow_composite_tradeoff_20260819\stress_cache\fake_688__eye_enlarging.png	filtered_fake	0.914892	1
C:\My_Project\AIGC\results\research\p1_r8_shadow_composite_tradeoff_20260819\stress_cache\fake_688__face_reshaping.png	filtered_fake	0.911355	1
C:\My_Project\AIGC\results\research\p1_r8_shadow_composite_tradeoff_20260819\stress_cache\fake_689__smoothing_light.png	filtered_fake	0.900896	1
C:\My_Project\AIGC\results\research\p1_r8_shadow_composite_tradeoff_20260819\stress_cache\fake_689__smoothing_medium.png	filtered_fake	0.933472	1
C:\My_Project\AIGC\results\research\p1_r8_shadow_composite_tradeoff_20260819\stress_cache\fake_689__smoothing_heavy.png	filtered_fake	0.928147	1
C:\My_Project\AIGC\results\research\p1_r8_shadow_composite_tradeoff_20260819\stress_cache\fake_689__whitening_medium.png	filtered_fake	0.911037	1
C:\My_Project\AIGC\results\research\p1_r8_shadow_composite_tradeoff_20260819\stress_cache\fake_689__combined_medium.png	filtered_fake	0.936606	1
C:\My_Project\AIGC\results\research\p1_r8_shadow_composite_tradeoff_20260819\stress_cache\fake_689__combined_heavy.png	filtered_fake	0.929668	1
C:\My_Project\AIGC\results\research\p1_r8_shadow_composite_tradeoff_20260819\stress_cache\fake_689__eye_enlarging.png	filtered_fake	0.873218	1
C:\My_Project\AIGC\results\research\p1_r8_shadow_composite_tradeoff_20260819\stress_cache\fake_689__face_reshaping.png	filtered_fake	0.883170	1
C:\My_Project\AIGC\results\research\p1_r8_shadow_composite_tradeoff_20260819\stress_cache\fake_690__smoothing_light.png	filtered_fake	0.940982	1
C:\My_Project\AIGC\results\research\p1_r8_shadow_composite_tradeoff_20260819\stress_cache\fake_690__smoothing_medium.png	filtered_fake	0.945972	1
C:\My_Project\AIGC\results\research\p1_r8_shadow_composite_tradeoff_20260819\stress_cache\fake_690__smoothing_heavy.png	filtered_fake	0.939787	1
C:\My_Project\AIGC\results\research\p1_r8_shadow_composite_tradeoff_20260819\stress_cache\fake_690__whitening_medium.png	filtered_fake	0.935795	1
C:\My_Project\AIGC\results\research\p1_r8_shadow_composite_tradeoff_20260819\stress_cache\fake_690__combined_medium.png	filtered_fake	0.947597	1
C:\My_Project\AIGC\results\research\p1_r8_shadow_composite_tradeoff_20260819\stress_cache\fake_690__combined_heavy.png	filtered_fake	0.934857	1
C:\My_Project\AIGC\results\research\p1_r8_shadow_composite_tradeoff_20260819\stress_cache\fake_690__eye_enlarging.png	filtered_fake	0.928720	1
C:\My_Project\AIGC\results\research\p1_r8_shadow_composite_tradeoff_20260819\stress_cache\fake_690__face_reshaping.png	filtered_fake	0.928261	1
C:\My_Project\AIGC\results\research\p1_r8_shadow_composite_tradeoff_20260819\stress_cache\fake_691__smoothing_light.png	filtered_fake	0.953276	1
C:\My_Project\AIGC\results\research\p1_r8_shadow_composite_tradeoff_20260819\stress_cache\fake_691__smoothing_medium.png	filtered_fake	0.947276	1
C:\My_Project\AIGC\results\research\p1_r8_shadow_composite_tradeoff_20260819\stress_cache\fake_691__smoothing_heavy.png	filtered_fake	0.940596	1
C:\My_Project\AIGC\results\research\p1_r8_shadow_composite_tradeoff_20260819\stress_cache\fake_691__whitening_medium.png	filtered_fake	0.940369	1
C:\My_Project\AIGC\results\research\p1_r8_shadow_composite_tradeoff_20260819\stress_cache\fake_691__combined_medium.png	filtered_fake	0.948886	1
C:\My_Project\AIGC\results\research\p1_r8_shadow_composite_tradeoff_20260819\stress_cache\fake_691__combined_heavy.png	filtered_fake	0.936784	1
C:\My_Project\AIGC\results\research\p1_r8_shadow_composite_tradeoff_20260819\stress_cache\fake_691__eye_enlarging.png	filtered_fake	0.931409	1
C:\My_Project\AIGC\results\research\p1_r8_shadow_composite_tradeoff_20260819\stress_cache\fake_691__face_reshaping.png	filtered_fake	0.936944	1
C:\My_Project\AIGC\results\research\p1_r8_shadow_composite_tradeoff_20260819\stress_cache\fake_692__smoothing_light.png	filtered_fake	0.947031	1
C:\My_Project\AIGC\results\research\p1_r8_shadow_composite_tradeoff_20260819\stress_cache\fake_692__smoothing_medium.png	filtered_fake	0.939668	1
C:\My_Project\AIGC\results\research\p1_r8_shadow_composite_tradeoff_20260819\stress_cache\fake_692__smoothing_heavy.png	filtered_fake	0.941221	1
C:\My_Project\AIGC\results\research\p1_r8_shadow_composite_tradeoff_20260819\stress_cache\fake_692__whitening_medium.png	filtered_fake	0.945885	1
C:\My_Project\AIGC\results\research\p1_r8_shadow_composite_tradeoff_20260819\stress_cache\fake_692__combined_medium.png	filtered_fake	0.941559	1
C:\My_Project\AIGC\results\research\p1_r8_shadow_composite_tradeoff_20260819\stress_cache\fake_692__combined_heavy.png	filtered_fake	0.938334	1
C:\My_Project\AIGC\results\research\p1_r8_shadow_composite_tradeoff_20260819\stress_cache\fake_692__eye_enlarging.png	filtered_fake	0.944161	1
C:\My_Project\AIGC\results\research\p1_r8_shadow_composite_tradeoff_20260819\stress_cache\fake_692__face_reshaping.png	filtered_fake	0.949343	1
C:\My_Project\AIGC\results\research\p1_r8_shadow_composite_tradeoff_20260819\stress_cache\fake_9299__smoothing_light.png	filtered_fake	0.939369	1
C:\My_Project\AIGC\results\research\p1_r8_shadow_composite_tradeoff_20260819\stress_cache\fake_9299__smoothing_medium.png	filtered_fake	0.940269	1
C:\My_Project\AIGC\results\research\p1_r8_shadow_composite_tradeoff_20260819\stress_cache\fake_9299__smoothing_heavy.png	filtered_fake	0.944252	1
C:\My_Project\AIGC\results\research\p1_r8_shadow_composite_tradeoff_20260819\stress_cache\fake_9299__whitening_medium.png	filtered_fake	0.944427	1
C:\My_Project\AIGC\results\research\p1_r8_shadow_composite_tradeoff_20260819\stress_cache\fake_9299__combined_medium.png	filtered_fake	0.941737	1
C:\My_Project\AIGC\results\research\p1_r8_shadow_composite_tradeoff_20260819\stress_cache\fake_9299__combined_heavy.png	filtered_fake	0.937210	1
C:\My_Project\AIGC\results\research\p1_r8_shadow_composite_tradeoff_20260819\stress_cache\fake_9299__eye_enlarging.png	filtered_fake	0.934802	1
C:\My_Project\AIGC\results\research\p1_r8_shadow_composite_tradeoff_20260819\stress_cache\fake_9299__face_reshaping.png	filtered_fake	0.918984	1
C:\My_Project\AIGC\results\research\p1_r8_shadow_composite_tradeoff_20260819\stress_cache\fake_9909__smoothing_light.png	filtered_fake	0.919704	1
C:\My_Project\AIGC\results\research\p1_r8_shadow_composite_tradeoff_20260819\stress_cache\fake_9909__smoothing_medium.png	filtered_fake	0.945121	1
C:\My_Project\AIGC\results\research\p1_r8_shadow_composite_tradeoff_20260819\stress_cache\fake_9909__smoothing_heavy.png	filtered_fake	0.940830	1
C:\My_Project\AIGC\results\research\p1_r8_shadow_composite_tradeoff_20260819\stress_cache\fake_9909__whitening_medium.png	filtered_fake	0.915054	1
C:\My_Project\AIGC\results\research\p1_r8_shadow_composite_tradeoff_20260819\stress_cache\fake_9909__combined_medium.png	filtered_fake	0.940661	1
C:\My_Project\AIGC\results\research\p1_r8_shadow_composite_tradeoff_20260819\stress_cache\fake_9909__combined_heavy.png	filtered_fake	0.942680	1
C:\My_Project\AIGC\results\research\p1_r8_shadow_composite_tradeoff_20260819\stress_cache\fake_9909__eye_enlarging.png	filtered_fake	0.775807	1
C:\My_Project\AIGC\results\research\p1_r8_shadow_composite_tradeoff_20260819\stress_cache\fake_9909__face_reshaping.png	filtered_fake	0.788554	1
