path	set	score	argmax
C:\My_Project\AIGC\lfw\Rebecca_Romijn-Stamos\Rebecca_Romijn-Stamos_0002.jpg	clean_real	0.053532	0
C:\My_Project\AIGC\lfw\Cathy_Freeman\Cathy_Freeman_0002.jpg	clean_real	0.042814	2
C:\My_Project\AIGC\lfw\Tim_Conway\Tim_Conway_0001.jpg	clean_real	0.023134	0
C:\My_Project\AIGC\lfw\Gerhard_Schroeder\Gerhard_Schroeder_0007.jpg	clean_real	0.035574	0
C:\My_Project\AIGC\lfw\Florencia_Kirchner\Florencia_Kirchner_0001.jpg	clean_real	0.055770	2
C:\My_Project\AIGC\lfw\Thomas_Bjorn\Thomas_Bjorn_0001.jpg	clean_real	0.044395	2
C:\My_Project\AIGC\lfw\Carlos_Menem\Carlos_Menem_0002.jpg	clean_real	0.045360	2
C:\My_Project\AIGC\lfw\Rosny_Desroches\Rosny_Desroches_0001.jpg	clean_real	0.045639	2
C:\My_Project\AIGC\lfw\Tiger_Woods\Tiger_Woods_0023.jpg	clean_real	0.041123	2
C:\My_Project\AIGC\lfw\Michael_Douglas\Michael_Douglas_0001.jpg	clean_real	0.037520	0
C:\My_Project\AIGC\lfw\Bob_Stoops\Bob_Stoops_0001.jpg	clean_real	0.050471	0
C:\My_Project\AIGC\lfw\Norah_Jones\Norah_Jones_0005.jpg	clean_real	0.023099	0
C:\My_Project\AIGC\lfw\Jong_Wook_Lee\Jong_Wook_Lee_0001.jpg	clean_real	0.055253	2
C:\My_Project\AIGC\lfw\Ana_Palacio\Ana_Palacio_0005.jpg	clean_real	0.045884	0
C:\My_Project\AIGC\lfw\Brian_StPierre\Brian_StPierre_0001.jpg	clean_real	0.028568	0
C:\My_Project\AIGC\lfw\Federico_Trillo\Federico_Trillo_0001.jpg	clean_real	0.036153	0
C:\My_Project\AIGC\lfw\Gary_Gitnick\Gary_Gitnick_0001.jpg	clean_real	0.052095	2
C:\My_Project\AIGC\lfw\Lyle_Vanclief\Lyle_Vanclief_0001.jpg	clean_real	0.034896	0
C:\My_Project\AIGC\lfw\Mikhail_Youzhny\Mikhail_Youzhny_0001.jpg	clean_real	0.043719	0
C:\My_Project\AIGC\lfw\Eduard_Limonov\Eduard_Limonov_0001.jpg	clean_real	0.050784	2
C:\My_Project\AIGC\lfw\Stephanie_Cohen_Aloro\Stephanie_Cohen_Aloro_0001.jpg	clean_real	0.066492	0
C:\My_Project\AIGC\lfw\Richard_Krajicek\Richard_Krajicek_0003.jpg	clean_real	0.035113	2
C:\My_Project\AIGC\lfw\Shamai_Leibowitz\Shamai_Leibowitz_0001.jpg	clean_real	0.040135	0
C:\My_Project\AIGC\lfw\Michael_Dell\Michael_Dell_0001.jpg	clean_real	0.050805	0
C:\My_Project\AIGC\lfw\Kate_Hudson\Kate_Hudson_0009.jpg	clean_real	0.043030	0
C:\My_Project\AIGC\lfw\Nizar_Trabelsi\Nizar_Trabelsi_0001.jpg	clean_real	0.045846	0
C:\My_Project\AIGC\lfw\Gerhard_Schroeder\Gerhard_Schroeder_0058.jpg	clean_real	0.047453	2
C:\My_Project\AIGC\lfw\Adrien_Brody\Adrien_Brody_0009.jpg	clean_real	0.064759	2
C:\My_Project\AIGC\lfw\Tony_Blair\Tony_Blair_0025.jpg	clean_real	0.034786	0
C:\My_Project\AIGC\lfw\Zhang_Ziyi\Zhang_Ziyi_0004.jpg	clean_real	0.042762	2
C:\My_Project\AIGC\lfw\Darryl_McDaniels\Darryl_McDaniels_0001.jpg	clean_real	0.034847	0
C:\My_Project\AIGC\lfw\Serena_Williams\Serena_Williams_0045.jpg	clean_real	0.040339	0
C:\My_Project\AIGC\lfw\Jon_Gruden\Jon_Gruden_0005.jpg	clean_real	0.058017	2
C:\My_Project\AIGC\lfw\Jack_Straw\Jack_Straw_0016.jpg	clean_real	0.051526	2
C:\My_Project\AIGC\lfw\Gerhard_Schroeder\Gerhard_Schroeder_0053.jpg	clean_real	0.035744	2
C:\My_Project\AIGC\lfw\Daniell_Sunjata\Daniell_Sunjata_0001.jpg	clean_real	0.025431	0
C:\My_Project\AIGC\lfw\Tony_Blair\Tony_Blair_0102.jpg	clean_real	0.047642	2
C:\My_Project\AIGC\lfw\Ismael_Miranda\Ismael_Miranda_0001.jpg	clean_real	0.055727	0
C:\My_Project\AIGC\lfw\Brian_Griese\Brian_Griese_0001.jpg	clean_real	0.032616	0
C:\My_Project\AIGC\lfw\Jeong_Se-hyun\Jeong_Se-hyun_0003.jpg	clean_real	0.039022	0
C:\My_Project\AIGC\lfw\Bruna_Colosio\Bruna_Colosio_0001.jpg	clean_real	0.038684	0
C:\My_Project\AIGC\lfw\Jason_Priestley\Jason_Priestley_0001.jpg	clean_real	0.037208	0
C:\My_Project\AIGC\lfw\Jacques_Chirac\Jacques_Chirac_0041.jpg	clean_real	0.049528	2
C:\My_Project\AIGC\lfw\Paul-Henri_Mathieu\Paul-Henri_Mathieu_0002.jpg	clean_real	0.043484	0
C:\My_Project\AIGC\lfw\George_W_Bush\George_W_Bush_0390.jpg	clean_real	0.023900	0
C:\My_Project\AIGC\lfw\Zoe_Ball\Zoe_Ball_0001.jpg	clean_real	0.045613	0
C:\My_Project\AIGC\lfw\Annette_Bening\Annette_Bening_0002.jpg	clean_real	0.043403	2
C:\My_Project\AIGC\lfw\Kimberly_Bruckner\Kimberly_Bruckner_0001.jpg	clean_real	0.042541	2
C:\My_Project\AIGC\lfw\MC_Hammer\MC_Hammer_0001.jpg	clean_real	0.048529	0
C:\My_Project\AIGC\lfw\Christopher_Walken\Christopher_Walken_0004.jpg	clean_real	0.049870	2
C:\My_Project\AIGC\lfw\Jennifer_Lopez\Jennifer_Lopez_0017.jpg	clean_real	0.044111	0
C:\My_Project\AIGC\lfw\Bill_Graham\Bill_Graham_0002.jpg	clean_real	0.032608	0
C:\My_Project\AIGC\lfw\Michelle_Branch\Michelle_Branch_0002.jpg	clean_real	0.048098	0
C:\My_Project\AIGC\lfw\Gray_Davis\Gray_Davis_0009.jpg	clean_real	0.040729	0
C:\My_Project\AIGC\lfw\Prince_Willem-Alexander\Prince_Willem-Alexander_0003.jpg	clean_real	0.041091	0
C:\My_Project\AIGC\lfw\Peter_Mansbridge\Peter_Mansbridge_0001.jpg	clean_real	0.044720	0
C:\My_Project\AIGC\lfw\Naoto_Kan\Naoto_Kan_0004.jpg	clean_real	0.047790	2
C:\My_Project\AIGC\lfw\Dora_Bakoyianni\Dora_Bakoyianni_0001.jpg	clean_real	0.049571	2
C:\My_Project\AIGC\lfw\Sheryl_Crow\Sheryl_Crow_0001.jpg	clean_real	0.062416	2
C:\My_Project\AIGC\lfw\Ben_Curtis\Ben_Curtis_0003.jpg	clean_real	0.043623	2
C:\My_Project\AIGC\lfw\Anthony_Hazen\Anthony_Hazen_0001.jpg	clean_real	0.039395	0
C:\My_Project\AIGC\lfw\Vadim_Strogalev\Vadim_Strogalev_0001.jpg	clean_real	0.048772	2
C:\My_Project\AIGC\lfw\Gonzalo_Sanchez_de_Lozada\Gonzalo_Sanchez_de_Lozada_0001.jpg	clean_real	0.043177	2
C:\My_Project\AIGC\lfw\Bill_Mauldin\Bill_Mauldin_0001.jpg	clean_real	0.037618	0
C:\My_Project\AIGC\lfw\Gary_Locke\Gary_Locke_0002.jpg	clean_real	0.056705	2
C:\My_Project\AIGC\lfw\Carla_Gugino\Carla_Gugino_0001.jpg	clean_real	0.032626	0
C:\My_Project\AIGC\lfw\Jeong_Se-hyun\Jeong_Se-hyun_0006.jpg	clean_real	0.030675	0
C:\My_Project\AIGC\lfw\Gerhard_Schroeder\Gerhard_Schroeder_0055.jpg	clean_real	0.034393	0
C:\My_Project\AIGC\lfw\Randall_Terry\Randall_Terry_0001.jpg	clean_real	0.055860	0
C:\My_Project\AIGC\lfw\David_Beckham\David_Beckham_0015.jpg	clean_real	0.036976	0
C:\My_Project\AIGC\lfw\Jeffrey_Ashby\Jeffrey_Ashby_0001.jpg	clean_real	0.045971	2
C:\My_Project\AIGC\lfw\Jane_Fonda\Jane_Fonda_0001.jpg	clean_real	0.038021	0
C:\My_Project\AIGC\lfw\Emma_Watson\Emma_Watson_0002.jpg	clean_real	0.026596	0
C:\My_Project\AIGC\lfw\George_W_Bush\George_W_Bush_0431.jpg	clean_real	0.030650	0
C:\My_Project\AIGC\lfw\Shane_Warne\Shane_Warne_0002.jpg	clean_real	0.054805	2
C:\My_Project\AIGC\lfw\Saddam_Hussein\Saddam_Hussein_0005.jpg	clean_real	0.044713	0
C:\My_Project\AIGC\lfw\Bernice_Wong\Bernice_Wong_0001.jpg	clean_real	0.050126	2
C:\My_Project\AIGC\lfw\Paul_Martin\Paul_Martin_0006.jpg	clean_real	0.049719	0
C:\My_Project\AIGC\lfw\Debbie_Reynolds\Debbie_Reynolds_0001.jpg	clean_real	0.026774	0
C:\My_Project\AIGC\lfw\Matt_Damon\Matt_Damon_0003.jpg	clean_real	0.068090	2
C:\My_Project\AIGC\lfw\Tamara_Mowry\Tamara_Mowry_0001.jpg	clean_real	0.048961	2
C:\My_Project\AIGC\lfw\David_Beckham\David_Beckham_0028.jpg	clean_real	0.029265	0
C:\My_Project\AIGC\lfw\Kim_Ryong-sung\Kim_Ryong-sung_0006.jpg	clean_real	0.046193	2
C:\My_Project\AIGC\lfw\Jennifer_Thompson\Jennifer_Thompson_0002.jpg	clean_real	0.040062	0
C:\My_Project\AIGC\lfw\Sam_Mendes\Sam_Mendes_0002.jpg	clean_real	0.049119	2
C:\My_Project\AIGC\lfw\Mike_Krzyzewski\Mike_Krzyzewski_0003.jpg	clean_real	0.041218	0
C:\My_Project\AIGC\lfw\Ferenc_Madl\Ferenc_Madl_0001.jpg	clean_real	0.054932	2
C:\My_Project\AIGC\lfw\Saddam_Hussein\Saddam_Hussein_0022.jpg	clean_real	0.036852	0
C:\My_Project\AIGC\lfw\Hugo_Chavez\Hugo_Chavez_0008.jpg	clean_real	0.043904	0
C:\My_Project\AIGC\lfw\Trent_Lott\Trent_Lott_0001.jpg	clean_real	0.034241	0
C:\My_Project\AIGC\lfw\Venus_Williams\Venus_Williams_0009.jpg	clean_real	0.041892	2
C:\My_Project\AIGC\lfw\Arnold_Palmer\Arnold_Palmer_0001.jpg	clean_real	0.060723	2
C:\My_Project\AIGC\lfw\Fred_Funk\Fred_Funk_0001.jpg	clean_real	0.042336	0
C:\My_Project\AIGC\lfw\Ana_Sebastiao\Ana_Sebastiao_0001.jpg	clean_real	0.041023	0
C:\My_Project\AIGC\lfw\Zarai_Toledo\Zarai_Toledo_0002.jpg	clean_real	0.035431	0
C:\My_Project\AIGC\lfw\Henry_Hyde\Henry_Hyde_0001.jpg	clean_real	0.030415	0
C:\My_Project\AIGC\lfw\John_Ashcroft\John_Ashcroft_0010.jpg	clean_real	0.043300	0
C:\My_Project\AIGC\lfw\George_W_Bush\George_W_Bush_0443.jpg	clean_real	0.059835	0
C:\My_Project\AIGC\lfw\Barry_Nakell\Barry_Nakell_0001.jpg	clean_real	0.048816	2
C:\My_Project\AIGC\lfw\Eric_Christian_Olsen\Eric_Christian_Olsen_0001.jpg	clean_real	0.050152	0
C:\My_Project\AIGC\lfw\Mohammed_Al-Douri\Mohammed_Al-Douri_0010.jpg	clean_real	0.042375	2
C:\My_Project\AIGC\lfw\Steven_Feldman\Steven_Feldman_0001.jpg	clean_real	0.048085	2
C:\My_Project\AIGC\lfw\Helen_Clark\Helen_Clark_0004.jpg	clean_real	0.063963	2
C:\My_Project\AIGC\lfw\Rick_Romley\Rick_Romley_0001.jpg	clean_real	0.038945	0
C:\My_Project\AIGC\lfw\Lucrecia_Orozco\Lucrecia_Orozco_0001.jpg	clean_real	0.061220	0
C:\My_Project\AIGC\lfw\Renee_Zellweger\Renee_Zellweger_0005.jpg	clean_real	0.030278	0
C:\My_Project\AIGC\lfw\Khatol_Mohammad_Zai\Khatol_Mohammad_Zai_0001.jpg	clean_real	0.042982	2
C:\My_Project\AIGC\lfw\Colin_Powell\Colin_Powell_0147.jpg	clean_real	0.040036	0
C:\My_Project\AIGC\lfw\George_W_Bush\George_W_Bush_0396.jpg	clean_real	0.043134	0
C:\My_Project\AIGC\lfw\Colin_Powell\Colin_Powell_0094.jpg	clean_real	0.038706	0
C:\My_Project\AIGC\lfw\George_W_Bush\George_W_Bush_0097.jpg	clean_real	0.049962	0
C:\My_Project\AIGC\lfw\Toby_Keith\Toby_Keith_0001.jpg	clean_real	0.032917	2
C:\My_Project\AIGC\lfw\Mikhail_Youzhny\Mikhail_Youzhny_0003.jpg	clean_real	0.043262	2
C:\My_Project\AIGC\lfw\Mekhi_Phifer\Mekhi_Phifer_0001.jpg	clean_real	0.043149	0
C:\My_Project\AIGC\lfw\George_W_Bush\George_W_Bush_0361.jpg	clean_real	0.038677	0
C:\My_Project\AIGC\lfw\Tommy_Haas\Tommy_Haas_0004.jpg	clean_real	0.038815	0
C:\My_Project\AIGC\lfw\Nicanor_Duarte_Frutos\Nicanor_Duarte_Frutos_0004.jpg	clean_real	0.053813	2
C:\My_Project\AIGC\lfw\Jose_Maria_Aznar\Jose_Maria_Aznar_0001.jpg	clean_real	0.038346	0
C:\My_Project\AIGC\lfw\Nestor_Kirchner\Nestor_Kirchner_0033.jpg	clean_real	0.041829	0
C:\My_Project\AIGC\lfw\John_Abizaid\John_Abizaid_0002.jpg	clean_real	0.049086	2
C:\My_Project\AIGC\lfw\Colin_Powell\Colin_Powell_0073.jpg	clean_real	0.046613	0
C:\My_Project\AIGC\lfw\Mahmoud_Abbas\Mahmoud_Abbas_0017.jpg	clean_real	0.049875	2
C:\My_Project\AIGC\lfw\Brandon_Webb\Brandon_Webb_0001.jpg	clean_real	0.058971	2
C:\My_Project\AIGC\lfw\Tom_Ridge\Tom_Ridge_0031.jpg	clean_real	0.032063	0
C:\My_Project\AIGC\lfw\Antonio_Elias_Saca\Antonio_Elias_Saca_0001.jpg	clean_real	0.033605	0
C:\My_Project\AIGC\lfw\Cate_Blanchett\Cate_Blanchett_0001.jpg	clean_real	0.045636	0
C:\My_Project\AIGC\lfw\Cruz_Bustamante\Cruz_Bustamante_0004.jpg	clean_real	0.069908	2
C:\My_Project\AIGC\lfw\Prince_Charles\Prince_Charles_0004.jpg	clean_real	0.050622	0
C:\My_Project\AIGC\lfw\William_Ford_Jr\William_Ford_Jr_0005.jpg	clean_real	0.050496	0
C:\My_Project\AIGC\lfw\Rudolph_Giuliani\Rudolph_Giuliani_0024.jpg	clean_real	0.030701	0
C:\My_Project\AIGC\lfw\Jon_Constance\Jon_Constance_0001.jpg	clean_real	0.049613	2
C:\My_Project\AIGC\lfw\Oswaldo_Paya\Oswaldo_Paya_0002.jpg	clean_real	0.035244	0
C:\My_Project\AIGC\lfw\Augustin_Calleri\Augustin_Calleri_0004.jpg	clean_real	0.035285	0
C:\My_Project\AIGC\lfw\Jeremy_Greenstock\Jeremy_Greenstock_0019.jpg	clean_real	0.040012	0
C:\My_Project\AIGC\lfw\Kristin_Davis\Kristin_Davis_0003.jpg	clean_real	0.026897	0
C:\My_Project\AIGC\lfw\Martin_Sheen\Martin_Sheen_0002.jpg	clean_real	0.045803	0
C:\My_Project\AIGC\lfw\Michelle_Yeoh\Michelle_Yeoh_0002.jpg	clean_real	0.040482	0
C:\My_Project\AIGC\lfw\Alberto_Fujimori\Alberto_Fujimori_0001.jpg	clean_real	0.053301	0
C:\My_Project\AIGC\lfw\Rudolph_Giuliani\Rudolph_Giuliani_0020.jpg	clean_real	0.044813	0
C:\My_Project\AIGC\lfw\Chan_Gailey\Chan_Gailey_0003.jpg	clean_real	0.052374	2
C:\My_Project\AIGC\lfw\Russ_Ortiz\Russ_Ortiz_0001.jpg	clean_real	0.053424	0
C:\My_Project\AIGC\lfw\Megawati_Sukarnoputri\Megawati_Sukarnoputri_0009.jpg	clean_real	0.037630	0
C:\My_Project\AIGC\lfw\Tom_Daschle\Tom_Daschle_0012.jpg	clean_real	0.038597	0
C:\My_Project\AIGC\lfw\George_W_Bush\George_W_Bush_0428.jpg	clean_real	0.043986	0
C:\My_Project\AIGC\lfw\Trent_Lott\Trent_Lott_0005.jpg	clean_real	0.046140	0
C:\My_Project\AIGC\lfw\Recep_Tayyip_Erdogan\Recep_Tayyip_Erdogan_0019.jpg	clean_real	0.053126	0
C:\My_Project\AIGC\lfw\Jack_Straw\Jack_Straw_0015.jpg	clean_real	0.059582	0
C:\My_Project\AIGC\lfw\Gray_Davis\Gray_Davis_0014.jpg	clean_real	0.055162	2
C:\My_Project\AIGC\lfw\Juan_Manuel_Marquez\Juan_Manuel_Marquez_0003.jpg	clean_real	0.031539	0
C:\My_Project\AIGC\lfw\Keith_Tyson\Keith_Tyson_0001.jpg	clean_real	0.021550	0
C:\My_Project\AIGC\lfw\Abdul_Rahman\Abdul_Rahman_0001.jpg	clean_real	0.049397	2
C:\My_Project\AIGC\lfw\Steve_Coterill\Steve_Coterill_0001.jpg	clean_real	0.047540	2
C:\My_Project\AIGC\lfw\George_W_Bush\George_W_Bush_0372.jpg	clean_real	0.043744	0
C:\My_Project\AIGC\lfw\Tony_Blair\Tony_Blair_0076.jpg	clean_real	0.052766	0
C:\My_Project\AIGC\lfw\Dick_Cheney\Dick_Cheney_0014.jpg	clean_real	0.050913	2
C:\My_Project\AIGC\lfw\Carly_Fiorina\Carly_Fiorina_0001.jpg	clean_real	0.069648	0
C:\My_Project\AIGC\lfw\Guillermo_Coria\Guillermo_Coria_0023.jpg	clean_real	0.047403	2
C:\My_Project\AIGC\lfw\Ray_Romano\Ray_Romano_0008.jpg	clean_real	0.043992	2
C:\My_Project\AIGC\lfw\Paul_Martin\Paul_Martin_0003.jpg	clean_real	0.042323	0
C:\My_Project\AIGC\lfw\Eduard_Shevardnadze\Eduard_Shevardnadze_0001.jpg	clean_real	0.049742	0
C:\My_Project\AIGC\lfw\Jennifer_Capriati\Jennifer_Capriati_0007.jpg	clean_real	0.039935	2
C:\My_Project\AIGC\lfw\Tony_Blair\Tony_Blair_0085.jpg	clean_real	0.042016	0
C:\My_Project\AIGC\lfw\David_Anderson\David_Anderson_0004.jpg	clean_real	0.027532	0
C:\My_Project\AIGC\lfw\Melina_Kanakaredes\Melina_Kanakaredes_0001.jpg	clean_real	0.069592	0
C:\My_Project\AIGC\lfw\Mary_Carey\Mary_Carey_0001.jpg	clean_real	0.042736	0
C:\My_Project\AIGC\lfw\Aaron_Sorkin\Aaron_Sorkin_0002.jpg	clean_real	0.050432	2
C:\My_Project\AIGC\lfw\Paradorn_Srichaphan\Paradorn_Srichaphan_0007.jpg	clean_real	0.042461	2
C:\My_Project\AIGC\lfw\Hugo_Chavez\Hugo_Chavez_0005.jpg	clean_real	0.051449	2
C:\My_Project\AIGC\lfw\Lindsay_Davenport\Lindsay_Davenport_0006.jpg	clean_real	0.044836	0
C:\My_Project\AIGC\lfw\Alfredo_Moreno\Alfredo_Moreno_0001.jpg	clean_real	0.063797	0
C:\My_Project\AIGC\lfw\Cedric_Benson\Cedric_Benson_0001.jpg	clean_real	0.041417	0
C:\My_Project\AIGC\lfw\Jean-Marc_de_La_Sabliere\Jean-Marc_de_La_Sabliere_0001.jpg	clean_real	0.033365	0
C:\My_Project\AIGC\lfw\Zinedine_Zidane\Zinedine_Zidane_0003.jpg	clean_real	0.038492	0
C:\My_Project\AIGC\lfw\Hans_Blix\Hans_Blix_0025.jpg	clean_real	0.054817	2
C:\My_Project\AIGC\lfw\George_Robertson\George_Robertson_0013.jpg	clean_real	0.040261	0
C:\My_Project\AIGC\lfw\Arnold_Schwarzenegger\Arnold_Schwarzenegger_0031.jpg	clean_real	0.043997	0
C:\My_Project\AIGC\lfw\George_W_Bush\George_W_Bush_0003.jpg	clean_real	0.031538	0
C:\My_Project\AIGC\lfw\Mohammed_Al-Douri\Mohammed_Al-Douri_0013.jpg	clean_real	0.052020	2
C:\My_Project\AIGC\lfw\Bill_Graham\Bill_Graham_0001.jpg	clean_real	0.038247	0
C:\My_Project\AIGC\lfw\Taufik_Kiemas\Taufik_Kiemas_0001.jpg	clean_real	0.030490	0
C:\My_Project\AIGC\lfw\Leslie_Wiser_Jr\Leslie_Wiser_Jr_0001.jpg	clean_real	0.058523	0
C:\My_Project\AIGC\lfw\Ben_Broussard\Ben_Broussard_0001.jpg	clean_real	0.050313	2
C:\My_Project\AIGC\lfw\Tony_Blair\Tony_Blair_0054.jpg	clean_real	0.038666	0
C:\My_Project\AIGC\lfw\Mathias_Reichhold\Mathias_Reichhold_0001.jpg	clean_real	0.042947	2
C:\My_Project\AIGC\lfw\Tony_Blair\Tony_Blair_0140.jpg	clean_real	0.049226	0
C:\My_Project\AIGC\lfw\Chris_Cooper\Chris_Cooper_0002.jpg	clean_real	0.058555	0
C:\My_Project\AIGC\lfw\Cindy_Crawford\Cindy_Crawford_0003.jpg	clean_real	0.028929	0
C:\My_Project\AIGC\lfw\Laura_Bush\Laura_Bush_0006.jpg	clean_real	0.055604	2
C:\My_Project\AIGC\lfw\Michael_Schumacher\Michael_Schumacher_0001.jpg	clean_real	0.039599	2
C:\My_Project\AIGC\lfw\David_Donohue\David_Donohue_0001.jpg	clean_real	0.049179	0
C:\My_Project\AIGC\lfw\George_W_Bush\George_W_Bush_0399.jpg	clean_real	0.043363	2
C:\My_Project\AIGC\lfw\Martin_Hoellwarth\Martin_Hoellwarth_0002.jpg	clean_real	0.053117	2
C:\My_Project\AIGC\lfw\Paul_Burrell\Paul_Burrell_0005.jpg	clean_real	0.053762	0
C:\My_Project\AIGC\lfw\Jorge_Alberto_Galindo\Jorge_Alberto_Galindo_0001.jpg	clean_real	0.035938	0
C:\My_Project\AIGC\lfw\Eric_Rosser\Eric_Rosser_0001.jpg	clean_real	0.047052	2
C:\My_Project\AIGC\lfw\Melchor_Cob_Castro\Melchor_Cob_Castro_0001.jpg	clean_real	0.043228	2
C:\My_Project\AIGC\lfw\Tom_Ridge\Tom_Ridge_0023.jpg	clean_real	0.041633	0
C:\My_Project\AIGC\lfw\Sarah_Hughes\Sarah_Hughes_0003.jpg	clean_real	0.057283	2
C:\My_Project\AIGC\lfw\Ed_Book\Ed_Book_0001.jpg	clean_real	0.025484	0
C:\My_Project\AIGC\lfw\Spencer_Abraham\Spencer_Abraham_0013.jpg	clean_real	0.044685	2
C:\My_Project\AIGC\lfw\Heather_Locklear\Heather_Locklear_0001.jpg	clean_real	0.043552	0
C:\My_Project\AIGC\lfw\Johnny_Tapia\Johnny_Tapia_0003.jpg	clean_real	0.042559	0
C:\My_Project\AIGC\lfw\Roh_Moo-hyun\Roh_Moo-hyun_0021.jpg	clean_real	0.050622	0
C:\My_Project\AIGC\lfw\Jennifer_Aniston\Jennifer_Aniston_0020.jpg	clean_real	0.044941	2
C:\My_Project\AIGC\lfw\Julianne_Moore\Julianne_Moore_0019.jpg	clean_real	0.059501	2
C:\My_Project\AIGC\lfw\Katie_Smith\Katie_Smith_0001.jpg	clean_real	0.050919	2
C:\My_Project\AIGC\lfw\George_W_Bush\George_W_Bush_0118.jpg	clean_real	0.059859	2
C:\My_Project\AIGC\lfw\Francis_Mer\Francis_Mer_0002.jpg	clean_real	0.079354	0
C:\My_Project\AIGC\lfw\Jackie_Chan\Jackie_Chan_0007.jpg	clean_real	0.050935	2
C:\My_Project\AIGC\lfw\Ali_Ahmeti\Ali_Ahmeti_0001.jpg	clean_real	0.027036	0
C:\My_Project\AIGC\lfw\Nicole_Kidman\Nicole_Kidman_0017.jpg	clean_real	0.045051	0
C:\My_Project\AIGC\lfw\Michel_Therrien\Michel_Therrien_0001.jpg	clean_real	0.045938	0
C:\My_Project\AIGC\lfw\Gabriella_Bo\Gabriella_Bo_0001.jpg	clean_real	0.039088	0
C:\My_Project\AIGC\lfw\Nicole_Parker\Nicole_Parker_0001.jpg	clean_real	0.067425	2
C:\My_Project\AIGC\lfw\Fernando_Gonzalez\Fernando_Gonzalez_0008.jpg	clean_real	0.043702	0
C:\My_Project\AIGC\lfw\Ahmed_Ahmed\Ahmed_Ahmed_0001.jpg	clean_real	0.039310	0
C:\My_Project\AIGC\lfw\Bernard_Law\Bernard_Law_0003.jpg	clean_real	0.057968	2
C:\My_Project\AIGC\lfw\Silvio_Berlusconi\Silvio_Berlusconi_0007.jpg	clean_real	0.048639	2
C:\My_Project\AIGC\lfw\Queen_Noor\Queen_Noor_0001.jpg	clean_real	0.049209	0
C:\My_Project\AIGC\lfw\Arsinee_Khanjian\Arsinee_Khanjian_0001.jpg	clean_real	0.070009	0
C:\My_Project\AIGC\lfw\Fred_Eckhard\Fred_Eckhard_0002.jpg	clean_real	0.054023	0
C:\My_Project\AIGC\lfw\Begum_Khaleda_Zia\Begum_Khaleda_Zia_0002.jpg	clean_real	0.035336	2
C:\My_Project\AIGC\lfw\Iain_Duncan_Smith\Iain_Duncan_Smith_0004.jpg	clean_real	0.039797	0
C:\My_Project\AIGC\lfw\Bernard_Landry\Bernard_Landry_0004.jpg	clean_real	0.035766	0
C:\My_Project\AIGC\lfw\Marc_Bulger\Marc_Bulger_0001.jpg	clean_real	0.047984	0
C:\My_Project\AIGC\lfw\Gerhard_Schroeder\Gerhard_Schroeder_0063.jpg	clean_real	0.043295	0
C:\My_Project\AIGC\lfw\Roger_Federer\Roger_Federer_0008.jpg	clean_real	0.047157	0
C:\My_Project\AIGC\lfw\Ernie_Harwell\Ernie_Harwell_0001.jpg	clean_real	0.038951	0
C:\My_Project\AIGC\lfw\Melanie_Griffith\Melanie_Griffith_0003.jpg	clean_real	0.053707	0
C:\My_Project\AIGC\lfw\Clint_Eastwood\Clint_Eastwood_0006.jpg	clean_real	0.046112	2
C:\My_Project\AIGC\lfw\Sultan_Qaboos\Sultan_Qaboos_0001.jpg	clean_real	0.033515	0
C:\My_Project\AIGC\lfw\Muhammad_Ali\Muhammad_Ali_0003.jpg	clean_real	0.038213	0
C:\My_Project\AIGC\lfw\Naomi_Watts\Naomi_Watts_0007.jpg	clean_real	0.045672	0
C:\My_Project\AIGC\lfw\Larry_Coker\Larry_Coker_0001.jpg	clean_real	0.034662	0
C:\My_Project\AIGC\lfw\George_W_Bush\George_W_Bush_0038.jpg	clean_real	0.052110	2
C:\My_Project\AIGC\lfw\Vladimir_Putin\Vladimir_Putin_0039.jpg	clean_real	0.048077	2
C:\My_Project\AIGC\lfw\Larry_Ellison\Larry_Ellison_0001.jpg	clean_real	0.033714	0
C:\My_Project\AIGC\lfw\Zumrati_Juma\Zumrati_Juma_0001.jpg	clean_real	0.053222	2
C:\My_Project\AIGC\lfw\John_Ferguson\John_Ferguson_0001.jpg	clean_real	0.025188	0
C:\My_Project\AIGC\lfw\Donald_Rumsfeld\Donald_Rumsfeld_0119.jpg	clean_real	0.046805	0
C:\My_Project\AIGC\lfw\Bridget_Fonda\Bridget_Fonda_0002.jpg	clean_real	0.045836	2
C:\My_Project\AIGC\lfw\Bryan_Chui\Bryan_Chui_0001.jpg	clean_real	0.045395	2
C:\My_Project\AIGC\lfw\Jana_Pittman\Jana_Pittman_0001.jpg	clean_real	0.025128	0
C:\My_Project\AIGC\lfw\Jorge_Castaneda\Jorge_Castaneda_0002.jpg	clean_real	0.043092	2
C:\My_Project\AIGC\lfw\John_Manley\John_Manley_0002.jpg	clean_real	0.035270	0
C:\My_Project\AIGC\lfw\Kong_Quan\Kong_Quan_0001.jpg	clean_real	0.037681	2
C:\My_Project\AIGC\lfw\Tamara_Brooks\Tamara_Brooks_0002.jpg	clean_real	0.053728	2
C:\My_Project\AIGC\lfw\Ari_Fleischer\Ari_Fleischer_0007.jpg	clean_real	0.039741	0
C:\My_Project\AIGC\lfw\Roman_Coppola\Roman_Coppola_0001.jpg	clean_real	0.033932	0
C:\My_Project\AIGC\lfw\Ricky_Martin\Ricky_Martin_0002.jpg	clean_real	0.045327	0
C:\My_Project\AIGC\test_set_true\filter\smoothing_Rebecca_Romijn-Stamos_0002.jpg	filtered_real	0.043543	2
C:\My_Project\AIGC\test_set_true\filter\eye_enlarging_Cathy_Freeman_0002.jpg	filtered_real	0.046850	2
C:\My_Project\AIGC\test_set_true\filter\smoothing_Tim_Conway_0001.jpg	filtered_real	0.061336	2
C:\My_Project\AIGC\test_set_true\filter\face_reshaping_Gerhard_Schroeder_0007.jpg	filtered_real	0.031612	2
C:\My_Project\AIGC\test_set_true\filter\whitening_Florencia_Kirchner_0001.jpg	filtered_real	0.053407	2
C:\My_Project\AIGC\test_set_true\filter\face_reshaping_Thomas_Bjorn_0001.jpg	filtered_real	0.050697	2
C:\My_Project\AIGC\test_set_true\filter\whitening_Carlos_Menem_0002.jpg	filtered_real	0.050124	2
C:\My_Project\AIGC\test_set_true\filter\smoothing_Rosny_Desroches_0001.jpg	filtered_real	0.055335	2
C:\My_Project\AIGC\test_set_true\filter\whitening_Tiger_Woods_0023.jpg	filtered_real	0.042566	2
C:\My_Project\AIGC\test_set_true\filter\whitening_Michael_Douglas_0001.jpg	filtered_real	0.049116	2
C:\My_Project\AIGC\test_set_true\filter\face_reshaping_Bob_Stoops_0001.jpg	filtered_real	0.047373	2
C:\My_Project\AIGC\test_set_true\filter\face_reshaping_Norah_Jones_0005.jpg	filtered_real	0.052959	2
C:\My_Project\AIGC\test_set_true\filter\face_reshaping_Jong_Wook_Lee_0001.jpg	filtered_real	0.056711	2
C:\My_Project\AIGC\test_set_true\filter\whitening_Ana_Palacio_0005.jpg	filtered_real	0.044270	2
C:\My_Project\AIGC\test_set_true\filter\whitening_Brian_StPierre_0001.jpg	filtered_real	0.044255	2
C:\My_Project\AIGC\test_set_true\filter\whitening_Federico_Trillo_0001.jpg	filtered_real	0.043874	2
C:\My_Project\AIGC\test_set_true\filter\face_reshaping_Gary_Gitnick_0001.jpg	filtered_real	0.048030	2
C:\My_Project\AIGC\test_set_true\filter\whitening_Lyle_Vanclief_0001.jpg	filtered_real	0.056282	2
C:\My_Project\AIGC\test_set_true\filter\face_reshaping_Mikhail_Youzhny_0001.jpg	filtered_real	0.044955	2
C:\My_Project\AIGC\test_set_true\filter\whitening_Eduard_Limonov_0001.jpg	filtered_real	0.045142	2
C:\My_Project\AIGC\test_set_true\filter\smoothing_Stephanie_Cohen_Aloro_0001.jpg	filtered_real	0.061183	2
C:\My_Project\AIGC\test_set_true\filter\face_reshaping_Richard_Krajicek_0003.jpg	filtered_real	0.049641	2
C:\My_Project\AIGC\test_set_true\filter\whitening_Shamai_Leibowitz_0001.jpg	filtered_real	0.048091	2
C:\My_Project\AIGC\test_set_true\filter\whitening_Michael_Dell_0001.jpg	filtered_real	0.042376	2
C:\My_Project\AIGC\test_set_true\filter\eye_enlarging_Kate_Hudson_0009.jpg	filtered_real	0.052199	2
C:\My_Project\AIGC\test_set_true\filter\eye_enlarging_Nizar_Trabelsi_0001.jpg	filtered_real	0.032885	0
C:\My_Project\AIGC\test_set_true\filter\smoothing_Gerhard_Schroeder_0058.jpg	filtered_real	0.047555	2
C:\My_Project\AIGC\test_set_true\filter\whitening_Adrien_Brody_0009.jpg	filtered_real	0.045716	2
C:\My_Project\AIGC\test_set_true\filter\eye_enlarging_Tony_Blair_0025.jpg	filtered_real	0.049560	2
C:\My_Project\AIGC\test_set_true\filter\whitening_Zhang_Ziyi_0004.jpg	filtered_real	0.039464	2
C:\My_Project\AIGC\test_set_true\filter\smoothing_Darryl_McDaniels_0001.jpg	filtered_real	0.063992	2
C:\My_Project\AIGC\test_set_true\filter\face_reshaping_Serena_Williams_0045.jpg	filtered_real	0.048490	2
C:\My_Project\AIGC\test_set_true\filter\eye_enlarging_Jon_Gruden_0005.jpg	filtered_real	0.054147	2
C:\My_Project\AIGC\test_set_true\filter\smoothing_Jack_Straw_0016.jpg	filtered_real	0.039571	2
C:\My_Project\AIGC\test_set_true\filter\smoothing_Gerhard_Schroeder_0053.jpg	filtered_real	0.056157	2
C:\My_Project\AIGC\test_set_true\filter\face_reshaping_Daniell_Sunjata_0001.jpg	filtered_real	0.045811	2
C:\My_Project\AIGC\test_set_true\filter\eye_enlarging_Tony_Blair_0102.jpg	filtered_real	0.044854	2
C:\My_Project\AIGC\test_set_true\filter\face_reshaping_Ismael_Miranda_0001.jpg	filtered_real	0.046944	2
C:\My_Project\AIGC\test_set_true\filter\smoothing_Brian_Griese_0001.jpg	filtered_real	0.046599	2
C:\My_Project\AIGC\test_set_true\filter\smoothing_Jeong_Se-hyun_0003.jpg	filtered_real	0.053680	2
C:\My_Project\AIGC\test_set_true\filter\whitening_Bruna_Colosio_0001.jpg	filtered_real	0.055102	2
C:\My_Project\AIGC\test_set_true\filter\face_reshaping_Jason_Priestley_0001.jpg	filtered_real	0.045134	2
C:\My_Project\AIGC\test_set_true\filter\whitening_Jacques_Chirac_0041.jpg	filtered_real	0.051455	2
C:\My_Project\AIGC\test_set_true\filter\face_reshaping_Paul-Henri_Mathieu_0002.jpg	filtered_real	0.044788	2
C:\My_Project\AIGC\test_set_true\filter\eye_enlarging_George_W_Bush_0390.jpg	filtered_real	0.044029	2
C:\My_Project\AIGC\test_set_true\filter\eye_enlarging_Zoe_Ball_0001.jpg	filtered_real	0.043501	2
C:\My_Project\AIGC\test_set_true\filter\whitening_Annette_Bening_0002.jpg	filtered_real	0.048349	2
C:\My_Project\AIGC\test_set_true\filter\smoothing_Kimberly_Bruckner_0001.jpg	filtered_real	0.043815	2
C:\My_Project\AIGC\test_set_true\filter\eye_enlarging_MC_Hammer_0001.jpg	filtered_real	0.053470	2
C:\My_Project\AIGC\test_set_true\filter\face_reshaping_Christopher_Walken_0004.jpg	filtered_real	0.047061	2
C:\My_Project\AIGC\test_set_true\filter\face_reshaping_Jennifer_Lopez_0017.jpg	filtered_real	0.052138	2
C:\My_Project\AIGC\test_set_true\filter\smoothing_Bill_Graham_0002.jpg	filtered_real	0.053735	2
C:\My_Project\AIGC\test_set_true\filter\whitening_Michelle_Branch_0002.jpg	filtered_real	0.050223	2
C:\My_Project\AIGC\test_set_true\filter\eye_enlarging_Gray_Davis_0009.jpg	filtered_real	0.050981	2
C:\My_Project\AIGC\test_set_true\filter\smoothing_Prince_Willem-Alexander_0003.jpg	filtered_real	0.037451	2
C:\My_Project\AIGC\test_set_true\filter\smoothing_Peter_Mansbridge_0001.jpg	filtered_real	0.043066	2
C:\My_Project\AIGC\test_set_true\filter\whitening_Naoto_Kan_0004.jpg	filtered_real	0.046380	2
C:\My_Project\AIGC\test_set_true\filter\eye_enlarging_Sheryl_Crow_0001.jpg	filtered_real	0.045770	2
C:\My_Project\AIGC\test_set_true\filter\whitening_Ben_Curtis_0003.jpg	filtered_real	0.046698	2
C:\My_Project\AIGC\test_set_true\filter\smoothing_Anthony_Hazen_0001.jpg	filtered_real	0.052981	2
C:\My_Project\AIGC\test_set_true\filter\face_reshaping_Vadim_Strogalev_0001.jpg	filtered_real	0.048903	2
C:\My_Project\AIGC\test_set_true\filter\eye_enlarging_Gonzalo_Sanchez_de_Lozada_0001.jpg	filtered_real	0.040762	2
C:\My_Project\AIGC\test_set_true\filter\whitening_Bill_Mauldin_0001.jpg	filtered_real	0.055250	2
C:\My_Project\AIGC\test_set_true\filter\face_reshaping_Gary_Locke_0002.jpg	filtered_real	0.048466	2
C:\My_Project\AIGC\test_set_true\filter\eye_enlarging_Carla_Gugino_0001.jpg	filtered_real	0.043408	0
C:\My_Project\AIGC\test_set_true\filter\smoothing_Jeong_Se-hyun_0006.jpg	filtered_real	0.049437	2
C:\My_Project\AIGC\test_set_true\filter\eye_enlarging_Gerhard_Schroeder_0055.jpg	filtered_real	0.051969	0
C:\My_Project\AIGC\test_set_true\filter\whitening_Randall_Terry_0001.jpg	filtered_real	0.042923	2
C:\My_Project\AIGC\test_set_true\filter\eye_enlarging_David_Beckham_0015.jpg	filtered_real	0.048754	2
C:\My_Project\AIGC\test_set_true\filter\smoothing_Jeffrey_Ashby_0001.jpg	filtered_real	0.059077	2
C:\My_Project\AIGC\test_set_true\filter\face_reshaping_Jane_Fonda_0001.jpg	filtered_real	0.052441	2
C:\My_Project\AIGC\test_set_true\filter\eye_enlarging_Emma_Watson_0002.jpg	filtered_real	0.051503	2
C:\My_Project\AIGC\test_set_true\filter\eye_enlarging_George_W_Bush_0431.jpg	filtered_real	0.048087	2
C:\My_Project\AIGC\test_set_true\filter\smoothing_Shane_Warne_0002.jpg	filtered_real	0.047798	2
C:\My_Project\AIGC\test_set_true\filter\whitening_Saddam_Hussein_0005.jpg	filtered_real	0.050421	2
C:\My_Project\AIGC\test_set_true\filter\face_reshaping_Bernice_Wong_0001.jpg	filtered_real	0.057472	2
C:\My_Project\AIGC\test_set_true\filter\face_reshaping_Paul_Martin_0006.jpg	filtered_real	0.044160	2
C:\My_Project\AIGC\test_set_true\filter\face_reshaping_Debbie_Reynolds_0001.jpg	filtered_real	0.045737	2
C:\My_Project\AIGC\test_set_true\filter\whitening_Matt_Damon_0003.jpg	filtered_real	0.037602	2
C:\My_Project\AIGC\test_set_true\filter\smoothing_Tamara_Mowry_0001.jpg	filtered_real	0.049458	2
C:\My_Project\AIGC\test_set_true\filter\eye_enlarging_David_Beckham_0028.jpg	filtered_real	0.040688	2
C:\My_Project\AIGC\test_set_true\filter\whitening_Kim_Ryong-sung_0006.jpg	filtered_real	0.045962	2
C:\My_Project\AIGC\test_set_true\filter\whitening_Jennifer_Thompson_0002.jpg	filtered_real	0.041730	2
C:\My_Project\AIGC\test_set_true\filter\whitening_Sam_Mendes_0002.jpg	filtered_real	0.052304	2
C:\My_Project\AIGC\test_set_true\filter\face_reshaping_Mike_Krzyzewski_0003.jpg	filtered_real	0.048819	0
C:\My_Project\AIGC\test_set_true\filter\smoothing_Ferenc_Madl_0001.jpg	filtered_real	0.045156	2
C:\My_Project\AIGC\test_set_true\filter\whitening_Saddam_Hussein_0022.jpg	filtered_real	0.048854	2
C:\My_Project\AIGC\test_set_true\filter\smoothing_Hugo_Chavez_0008.jpg	filtered_real	0.053872	2
C:\My_Project\AIGC\test_set_true\filter\smoothing_Trent_Lott_0001.jpg	filtered_real	0.050057	2
C:\My_Project\AIGC\test_set_true\filter\smoothing_Venus_Williams_0009.jpg	filtered_real	0.049237	2
C:\My_Project\AIGC\test_set_true\filter\face_reshaping_Arnold_Palmer_0001.jpg	filtered_real	0.053496	2
C:\My_Project\AIGC\test_set_true\filter\whitening_Fred_Funk_0001.jpg	filtered_real	0.054758	2
C:\My_Project\AIGC\test_set_true\filter\smoothing_Ana_Sebastiao_0001.jpg	filtered_real	0.088683	2
C:\My_Project\AIGC\test_set_true\filter\eye_enlarging_Zarai_Toledo_0002.jpg	filtered_real	0.032206	0
C:\My_Project\AIGC\test_set_true\filter\eye_enlarging_Henry_Hyde_0001.jpg	filtered_real	0.050116	2
C:\My_Project\AIGC\test_set_true\filter\eye_enlarging_John_Ashcroft_0010.jpg	filtered_real	0.044872	2
C:\My_Project\AIGC\test_set_true\filter\eye_enlarging_George_W_Bush_0443.jpg	filtered_real	0.045219	2
C:\My_Project\AIGC\test_set_true\filter\smoothing_Barry_Nakell_0001.jpg	filtered_real	0.041155	2
C:\My_Project\AIGC\test_set_true\filter\face_reshaping_Eric_Christian_Olsen_0001.jpg	filtered_real	0.049767	2
C:\My_Project\AIGC\test_set_true\filter\face_reshaping_Mohammed_Al-Douri_0010.jpg	filtered_real	0.039961	2
C:\My_Project\AIGC\test_set_true\filter\smoothing_Steven_Feldman_0001.jpg	filtered_real	0.042288	2
C:\My_Project\AIGC\test_set_true\filter\smoothing_Helen_Clark_0004.jpg	filtered_real	0.046468	2
C:\My_Project\AIGC\test_set_true\filter\smoothing_Rick_Romley_0001.jpg	filtered_real	0.047587	2
C:\My_Project\AIGC\test_set_true\filter\whitening_Lucrecia_Orozco_0001.jpg	filtered_real	0.037511	2
C:\My_Project\AIGC\test_set_true\filter\smoothing_Renee_Zellweger_0005.jpg	filtered_real	0.055971	2
C:\My_Project\AIGC\test_set_true\filter\face_reshaping_Khatol_Mohammad_Zai_0001.jpg	filtered_real	0.054034	2
C:\My_Project\AIGC\test_set_true\filter\smoothing_Colin_Powell_0147.jpg	filtered_real	0.042179	2
C:\My_Project\AIGC\test_set_true\filter\smoothing_George_W_Bush_0396.jpg	filtered_real	0.038780	2
C:\My_Project\AIGC\test_set_true\filter\smoothing_Colin_Powell_0094.jpg	filtered_real	0.049396	2
C:\My_Project\AIGC\test_set_true\filter\smoothing_George_W_Bush_0097.jpg	filtered_real	0.041097	2
C:\My_Project\AIGC\test_set_true\filter\eye_enlarging_Toby_Keith_0001.jpg	filtered_real	0.034339	2
C:\My_Project\AIGC\test_set_true\filter\smoothing_Mikhail_Youzhny_0003.jpg	filtered_real	0.052221	2
C:\My_Project\AIGC\test_set_true\filter\face_reshaping_Mekhi_Phifer_0001.jpg	filtered_real	0.049587	2
C:\My_Project\AIGC\test_set_true\filter\eye_enlarging_George_W_Bush_0361.jpg	filtered_real	0.039997	2
C:\My_Project\AIGC\test_set_true\filter\eye_enlarging_Tommy_Haas_0004.jpg	filtered_real	0.047860	2
C:\My_Project\AIGC\test_set_true\filter\face_reshaping_Nicanor_Duarte_Frutos_0004.jpg	filtered_real	0.048511	2
C:\My_Project\AIGC\test_set_true\filter\smoothing_Jose_Maria_Aznar_0001.jpg	filtered_real	0.044485	2
C:\My_Project\AIGC\test_set_true\filter\face_reshaping_Nestor_Kirchner_0033.jpg	filtered_real	0.049253	2
C:\My_Project\AIGC\test_set_true\filter\smoothing_John_Abizaid_0002.jpg	filtered_real	0.047840	2
C:\My_Project\AIGC\test_set_true\filter\eye_enlarging_Colin_Powell_0073.jpg	filtered_real	0.046843	2
C:\My_Project\AIGC\test_set_true\filter\whitening_Mahmoud_Abbas_0017.jpg	filtered_real	0.050945	2
C:\My_Project\AIGC\test_set_true\filter\face_reshaping_Brandon_Webb_0001.jpg	filtered_real	0.037855	2
C:\My_Project\AIGC\test_set_true\filter\whitening_Tom_Ridge_0031.jpg	filtered_real	0.045150	2
C:\My_Project\AIGC\test_set_true\filter\smoothing_Antonio_Elias_Saca_0001.jpg	filtered_real	0.036489	2
C:\My_Project\AIGC\test_set_true\filter\whitening_Cate_Blanchett_0001.jpg	filtered_real	0.054731	0
C:\My_Project\AIGC\test_set_true\filter\smoothing_Cruz_Bustamante_0004.jpg	filtered_real	0.074402	2
C:\My_Project\AIGC\test_set_true\filter\face_reshaping_Prince_Charles_0004.jpg	filtered_real	0.047478	2
C:\My_Project\AIGC\test_set_true\filter\whitening_William_Ford_Jr_0005.jpg	filtered_real	0.045317	2
C:\My_Project\AIGC\test_set_true\filter\smoothing_Rudolph_Giuliani_0024.jpg	filtered_real	0.051357	2
C:\My_Project\AIGC\test_set_true\filter\whitening_Jon_Constance_0001.jpg	filtered_real	0.044967	2
C:\My_Project\AIGC\test_set_true\filter\eye_enlarging_Oswaldo_Paya_0002.jpg	filtered_real	0.049423	2
C:\My_Project\AIGC\test_set_true\filter\face_reshaping_Augustin_Calleri_0004.jpg	filtered_real	0.051337	2
C:\My_Project\AIGC\test_set_true\filter\eye_enlarging_Jeremy_Greenstock_0019.jpg	filtered_real	0.047110	2
C:\My_Project\AIGC\test_set_true\filter\whitening_Kristin_Davis_0003.jpg	filtered_real	0.046134	0
C:\My_Project\AIGC\test_set_true\filter\smoothing_Martin_Sheen_0002.jpg	filtered_real	0.043496	2
C:\My_Project\AIGC\test_set_true\filter\eye_enlarging_Michelle_Yeoh_0002.jpg	filtered_real	0.041444	0
C:\My_Project\AIGC\test_set_true\filter\whitening_Alberto_Fujimori_0001.jpg	filtered_real	0.049827	2
C:\My_Project\AIGC\test_set_true\filter\face_reshaping_Rudolph_Giuliani_0020.jpg	filtered_real	0.041661	2
C:\My_Project\AIGC\test_set_true\filter\whitening_Chan_Gailey_0003.jpg	filtered_real	0.050260	2
C:\My_Project\AIGC\test_set_true\filter\whitening_Russ_Ortiz_0001.jpg	filtered_real	0.049952	0
C:\My_Project\AIGC\test_set_true\filter\eye_enlarging_Megawati_Sukarnoputri_0009.jpg	filtered_real	0.048370	2
C:\My_Project\AIGC\test_set_true\filter\smoothing_Tom_Daschle_0012.jpg	filtered_real	0.057149	2
C:\My_Project\AIGC\test_set_true\filter\whitening_George_W_Bush_0428.jpg	filtered_real	0.054017	2
C:\My_Project\AIGC\test_set_true\filter\eye_enlarging_Trent_Lott_0005.jpg	filtered_real	0.034806	2
C:\My_Project\AIGC\test_set_true\filter\smoothing_Recep_Tayyip_Erdogan_0019.jpg	filtered_real	0.050974	2
C:\My_Project\AIGC\test_set_true\filter\smoothing_Jack_Straw_0015.jpg	filtered_real	0.047323	2
C:\My_Project\AIGC\test_set_true\filter\face_reshaping_Gray_Davis_0014.jpg	filtered_real	0.046652	2
C:\My_Project\AIGC\test_set_true\filter\eye_enlarging_Juan_Manuel_Marquez_0003.jpg	filtered_real	0.051533	2
C:\My_Project\AIGC\test_set_true\filter\face_reshaping_Keith_Tyson_0001.jpg	filtered_real	0.040747	2
C:\My_Project\AIGC\test_set_true\filter\whitening_Abdul_Rahman_0001.jpg	filtered_real	0.052567	2
C:\My_Project\AIGC\test_set_true\filter\eye_enlarging_Steve_Coterill_0001.jpg	filtered_real	0.047262	2
C:\My_Project\AIGC\test_set_true\filter\whitening_George_W_Bush_0372.jpg	filtered_real	0.048670	2
C:\My_Project\AIGC\test_set_true\filter\eye_enlarging_Tony_Blair_0076.jpg	filtered_real	0.041491	2
C:\My_Project\AIGC\test_set_true\filter\eye_enlarging_Dick_Cheney_0014.jpg	filtered_real	0.041076	2
C:\My_Project\AIGC\test_set_true\filter\whitening_Carly_Fiorina_0001.jpg	filtered_real	0.048956	2
C:\My_Project\AIGC\test_set_true\filter\smoothing_Guillermo_Coria_0023.jpg	filtered_real	0.045511	2
C:\My_Project\AIGC\test_set_true\filter\smoothing_Ray_Romano_0008.jpg	filtered_real	0.035158	2
C:\My_Project\AIGC\test_set_true\filter\face_reshaping_Paul_Martin_0003.jpg	filtered_real	0.047868	2
C:\My_Project\AIGC\test_set_true\filter\face_reshaping_Eduard_Shevardnadze_0001.jpg	filtered_real	0.046585	2
C:\My_Project\AIGC\test_set_true\filter\eye_enlarging_Jennifer_Capriati_0007.jpg	filtered_real	0.051770	2
C:\My_Project\AIGC\test_set_true\filter\smoothing_Tony_Blair_0085.jpg	filtered_real	0.054171	2
C:\My_Project\AIGC\test_set_true\filter\whitening_David_Anderson_0004.jpg	filtered_real	0.048596	2
C:\My_Project\AIGC\test_set_true\filter\eye_enlarging_Melina_Kanakaredes_0001.jpg	filtered_real	0.051683	2
C:\My_Project\AIGC\test_set_true\filter\eye_enlarging_Mary_Carey_0001.jpg	filtered_real	0.049630	2
C:\My_Project\AIGC\test_set_true\filter\whitening_Aaron_Sorkin_0002.jpg	filtered_real	0.053345	2
C:\My_Project\AIGC\test_set_true\filter\whitening_Paradorn_Srichaphan_0007.jpg	filtered_real	0.046530	2
C:\My_Project\AIGC\test_set_true\filter\eye_enlarging_Hugo_Chavez_0005.jpg	filtered_real	0.049771	2
C:\My_Project\AIGC\test_set_true\filter\smoothing_Lindsay_Davenport_0006.jpg	filtered_real	0.045323	2
C:\My_Project\AIGC\test_set_true\filter\whitening_Alfredo_Moreno_0001.jpg	filtered_real	0.036936	2
C:\My_Project\AIGC\test_set_true\filter\eye_enlarging_Cedric_Benson_0001.jpg	filtered_real	0.046837	2
C:\My_Project\AIGC\test_set_true\filter\whitening_Jean-Marc_de_La_Sabliere_0001.jpg	filtered_real	0.065751	0
C:\My_Project\AIGC\test_set_true\filter\whitening_Zinedine_Zidane_0003.jpg	filtered_real	0.048374	0
C:\My_Project\AIGC\test_set_true\filter\face_reshaping_Hans_Blix_0025.jpg	filtered_real	0.042918	2
C:\My_Project\AIGC\test_set_true\filter\eye_enlarging_George_Robertson_0013.jpg	filtered_real	0.041861	2
C:\My_Project\AIGC\test_set_true\filter\eye_enlarging_Arnold_Schwarzenegger_0031.jpg	filtered_real	0.043678	2
C:\My_Project\AIGC\test_set_true\filter\whitening_George_W_Bush_0003.jpg	filtered_real	0.052693	2
C:\My_Project\AIGC\test_set_true\filter\smoothing_Mohammed_Al-Douri_0013.jpg	filtered_real	0.048861	2
C:\My_Project\AIGC\test_set_true\filter\whitening_Bill_Graham_0001.jpg	filtered_real	0.044034	0
C:\My_Project\AIGC\test_set_true\filter\whitening_Taufik_Kiemas_0001.jpg	filtered_real	0.057763	2
C:\My_Project\AIGC\test_set_true\filter\face_reshaping_Leslie_Wiser_Jr_0001.jpg	filtered_real	0.049035	2
C:\My_Project\AIGC\test_set_true\filter\smoothing_Ben_Broussard_0001.jpg	filtered_real	0.048495	2
C:\My_Project\AIGC\test_set_true\filter\eye_enlarging_Tony_Blair_0054.jpg	filtered_real	0.046972	2
C:\My_Project\AIGC\test_set_true\filter\smoothing_Mathias_Reichhold_0001.jpg	filtered_real	0.046424	2
C:\My_Project\AIGC\test_set_true\filter\face_reshaping_Tony_Blair_0140.jpg	filtered_real	0.046204	2
C:\My_Project\AIGC\test_set_true\filter\whitening_Chris_Cooper_0002.jpg	filtered_real	0.040220	2
C:\My_Project\AIGC\test_set_true\filter\smoothing_Cindy_Crawford_0003.jpg	filtered_real	0.130823	2
C:\My_Project\AIGC\test_set_true\filter\smoothing_Laura_Bush_0006.jpg	filtered_real	0.055613	2
C:\My_Project\AIGC\test_set_true\filter\face_reshaping_Michael_Schumacher_0001.jpg	filtered_real	0.045432	2
C:\My_Project\AIGC\test_set_true\filter\whitening_David_Donohue_0001.jpg	filtered_real	0.050259	2
C:\My_Project\AIGC\test_set_true\filter\whitening_George_W_Bush_0399.jpg	filtered_real	0.050398	2
C:\My_Project\AIGC\test_set_true\filter\eye_enlarging_Martin_Hoellwarth_0002.jpg	filtered_real	0.048366	2
C:\My_Project\AIGC\test_set_true\filter\face_reshaping_Paul_Burrell_0005.jpg	filtered_real	0.049782	2
C:\My_Project\AIGC\test_set_true\filter\face_reshaping_Jorge_Alberto_Galindo_0001.jpg	filtered_real	0.056561	2
C:\My_Project\AIGC\test_set_true\filter\eye_enlarging_Eric_Rosser_0001.jpg	filtered_real	0.048350	2
C:\My_Project\AIGC\test_set_true\filter\smoothing_Melchor_Cob_Castro_0001.jpg	filtered_real	0.052433	2
C:\My_Project\AIGC\test_set_true\filter\face_reshaping_Tom_Ridge_0023.jpg	filtered_real	0.051980	2
C:\My_Project\AIGC\test_set_true\filter\smoothing_Sarah_Hughes_0003.jpg	filtered_real	0.045222	2
C:\My_Project\AIGC\test_set_true\filter\whitening_Ed_Book_0001.jpg	filtered_real	0.057226	2
C:\My_Project\AIGC\test_set_true\filter\eye_enlarging_Spencer_Abraham_0013.jpg	filtered_real	0.048816	2
C:\My_Project\AIGC\test_set_true\filter\smoothing_Heather_Locklear_0001.jpg	filtered_real	0.037529	2
C:\My_Project\AIGC\test_set_true\filter\eye_enlarging_Johnny_Tapia_0003.jpg	filtered_real	0.040725	0
C:\My_Project\AIGC\test_set_true\filter\face_reshaping_Roh_Moo-hyun_0021.jpg	filtered_real	0.049596	2
C:\My_Project\AIGC\test_set_true\filter\whitening_Jennifer_Aniston_0020.jpg	filtered_real	0.047087	2
C:\My_Project\AIGC\test_set_true\filter\face_reshaping_Julianne_Moore_0019.jpg	filtered_real	0.050801	2
C:\My_Project\AIGC\test_set_true\filter\eye_enlarging_Katie_Smith_0001.jpg	filtered_real	0.047925	2
C:\My_Project\AIGC\test_set_true\filter\face_reshaping_George_W_Bush_0118.jpg	filtered_real	0.045760	2
C:\My_Project\AIGC\test_set_true\filter\whitening_Francis_Mer_0002.jpg	filtered_real	0.053850	2
C:\My_Project\AIGC\test_set_true\filter\eye_enlarging_Jackie_Chan_0007.jpg	filtered_real	0.047120	2
C:\My_Project\AIGC\test_set_true\filter\smoothing_Ali_Ahmeti_0001.jpg	filtered_real	0.046653	2
C:\My_Project\AIGC\test_set_true\filter\eye_enlarging_Nicole_Kidman_0017.jpg	filtered_real	0.050012	2
C:\My_Project\AIGC\test_set_true\filter\eye_enlarging_Michel_Therrien_0001.jpg	filtered_real	0.041109	2
C:\My_Project\AIGC\test_set_true\filter\whitening_Gabriella_Bo_0001.jpg	filtered_real	0.039566	2
C:\My_Project\AIGC\test_set_true\filter\face_reshaping_Nicole_Parker_0001.jpg	filtered_real	0.057076	2
C:\My_Project\AIGC\test_set_true\filter\face_reshaping_Fernando_Gonzalez_0008.jpg	filtered_real	0.047969	2
C:\My_Project\AIGC\test_set_true\filter\eye_enlarging_Ahmed_Ahmed_0001.jpg	filtered_real	0.039598	2
C:\My_Project\AIGC\test_set_true\filter\eye_enlarging_Bernard_Law_0003.jpg	filtered_real	0.040918	2
C:\My_Project\AIGC\test_set_true\filter\smoothing_Silvio_Berlusconi_0007.jpg	filtered_real	0.047179	2
C:\My_Project\AIGC\test_set_true\filter\face_reshaping_Queen_Noor_0001.jpg	filtered_real	0.044793	2
C:\My_Project\AIGC\test_set_true\filter\smoothing_Arsinee_Khanjian_0001.jpg	filtered_real	0.058143	2
C:\My_Project\AIGC\test_set_true\filter\face_reshaping_Fred_Eckhard_0002.jpg	filtered_real	0.039515	2
C:\My_Project\AIGC\test_set_true\filter\eye_enlarging_Begum_Khaleda_Zia_0002.jpg	filtered_real	0.041687	2
C:\My_Project\AIGC\test_set_true\filter\face_reshaping_Iain_Duncan_Smith_0004.jpg	filtered_real	0.046040	2
C:\My_Project\AIGC\test_set_true\filter\eye_enlarging_Bernard_Landry_0004.jpg	filtered_real	0.054382	2
C:\My_Project\AIGC\test_set_true\filter\face_reshaping_Marc_Bulger_0001.jpg	filtered_real	0.051592	0
C:\My_Project\AIGC\test_set_true\filter\face_reshaping_Gerhard_Schroeder_0063.jpg	filtered_real	0.046050	2
C:\My_Project\AIGC\test_set_true\filter\eye_enlarging_Roger_Federer_0008.jpg	filtered_real	0.029669	0
C:\My_Project\AIGC\test_set_true\filter\whitening_Ernie_Harwell_0001.jpg	filtered_real	0.053969	2
C:\My_Project\AIGC\test_set_true\filter\face_reshaping_Melanie_Griffith_0003.jpg	filtered_real	0.044404	2
C:\My_Project\AIGC\test_set_true\filter\face_reshaping_Clint_Eastwood_0006.jpg	filtered_real	0.062065	2
C:\My_Project\AIGC\test_set_true\filter\face_reshaping_Sultan_Qaboos_0001.jpg	filtered_real	0.052457	2
C:\My_Project\AIGC\test_set_true\filter\face_reshaping_Muhammad_Ali_0003.jpg	filtered_real	0.045255	2
C:\My_Project\AIGC\test_set_true\filter\smoothing_Naomi_Watts_0007.jpg	filtered_real	0.041796	2
C:\My_Project\AIGC\test_set_true\filter\smoothing_Larry_Coker_0001.jpg	filtered_real	0.043960	2
C:\My_Project\AIGC\test_set_true\filter\face_reshaping_George_W_Bush_0038.jpg	filtered_real	0.046917	2
C:\My_Project\AIGC\test_set_true\filter\eye_enlarging_Vladimir_Putin_0039.jpg	filtered_real	0.049540	2
C:\My_Project\AIGC\test_set_true\filter\face_reshaping_Larry_Ellison_0001.jpg	filtered_real	0.044628	2
C:\My_Project\AIGC\test_set_true\filter\smoothing_Zumrati_Juma_0001.jpg	filtered_real	0.053577	2
C:\My_Project\AIGC\test_set_true\filter\eye_enlarging_John_Ferguson_0001.jpg	filtered_real	0.044390	2
C:\My_Project\AIGC\test_set_true\filter\whitening_Donald_Rumsfeld_0119.jpg	filtered_real	0.047102	2
C:\My_Project\AIGC\test_set_true\filter\eye_enlarging_Bridget_Fonda_0002.jpg	filtered_real	0.044973	2
C:\My_Project\AIGC\test_set_true\filter\smoothing_Bryan_Chui_0001.jpg	filtered_real	0.045318	2
C:\My_Project\AIGC\test_set_true\filter\face_reshaping_Jana_Pittman_0001.jpg	filtered_real	0.039444	2
C:\My_Project\AIGC\test_set_true\filter\whitening_Jorge_Castaneda_0002.jpg	filtered_real	0.048488	2
C:\My_Project\AIGC\test_set_true\filter\eye_enlarging_John_Manley_0002.jpg	filtered_real	0.052455	2
C:\My_Project\AIGC\test_set_true\filter\eye_enlarging_Kong_Quan_0001.jpg	filtered_real	0.042023	2
C:\My_Project\AIGC\test_set_true\filter\whitening_Tamara_Brooks_0002.jpg	filtered_real	0.050118	2
C:\My_Project\AIGC\test_set_true\filter\eye_enlarging_Ari_Fleischer_0007.jpg	filtered_real	0.058788	2
C:\My_Project\AIGC\test_set_true\filter\smoothing_Roman_Coppola_0001.jpg	filtered_real	0.050259	2
C:\My_Project\AIGC\test_set_true\filter\face_reshaping_Ricky_Martin_0002.jpg	filtered_real	0.033163	2
C:\My_Project\AIGC\results\research\p1_r8_shadow_composite_tradeoff_20260819\stress_cache\fake_107__base.png	clean_fake	0.952368	1
C:\My_Project\AIGC\results\research\p1_r8_shadow_composite_tradeoff_20260819\stress_cache\fake_108__base.png	clean_fake	0.932303	1
C:\My_Project\AIGC\results\research\p1_r8_shadow_composite_tradeoff_20260819\stress_cache\fake_109__base.png	clean_fake	0.936868	1
C:\My_Project\AIGC\results\research\p1_r8_shadow_composite_tradeoff_20260819\stress_cache\fake_110__base.png	clean_fake	0.945197	1
C:\My_Project\AIGC\results\research\p1_r8_shadow_composite_tradeoff_20260819\stress_cache\fake_111__base.png	clean_fake	0.940471	1
C:\My_Project\AIGC\results\research\p1_r8_shadow_composite_tradeoff_20260819\stress_cache\fake_112__base.png	clean_fake	0.942248	1
C:\My_Project\AIGC\results\research\p1_r8_shadow_composite_tradeoff_20260819\stress_cache\fake_113__base.png	clean_fake	0.934821	1
C:\My_Project\AIGC\results\research\p1_r8_shadow_composite_tradeoff_20260819\stress_cache\fake_114__base.png	clean_fake	0.945019	1
C:\My_Project\AIGC\results\research\p1_r8_shadow_composite_tradeoff_20260819\stress_cache\fake_115__base.png	clean_fake	0.947043	1
C:\My_Project\AIGC\results\research\p1_r8_shadow_composite_tradeoff_20260819\stress_cache\fake_116__base.png	clean_fake	0.939681	1
C:\My_Project\AIGC\results\research\p1_r8_shadow_composite_tradeoff_20260819\stress_cache\fake_117__base.png	clean_fake	0.941842	1
C:\My_Project\AIGC\results\research\p1_r8_shadow_composite_tradeoff_20260819\stress_cache\fake_118__base.png	clean_fake	0.948694	1
C:\My_Project\AIGC\results\research\p1_r8_shadow_composite_tradeoff_20260819\stress_cache\fake_119__base.png	clean_fake	0.951158	1
C:\My_Project\AIGC\results\research\p1_r8_shadow_composite_tradeoff_20260819\stress_cache\fake_120__base.png	clean_fake	0.950776	1
C:\My_Project\AIGC\results\research\p1_r8_shadow_composite_tradeoff_20260819\stress_cache\fake_121__base.png	clean_fake	0.846214	1
C:\My_Project\AIGC\results\research\p1_r8_shadow_composite_tradeoff_20260819\stress_cache\fake_122__base.png	clean_fake	0.937020	1
C:\My_Project\AIGC\results\research\p1_r8_shadow_composite_tradeoff_20260819\stress_cache\fake_123__base.png	clean_fake	0.951635	1
C:\My_Project\AIGC\results\research\p1_r8_shadow_composite_tradeoff_20260819\stress_cache\fake_124__base.png	clean_fake	0.926480	1
C:\My_Project\AIGC\results\research\p1_r8_shadow_composite_tradeoff_20260819\stress_cache\fake_125__base.png	clean_fake	0.866129	1
C:\My_Project\AIGC\results\research\p1_r8_shadow_composite_tradeoff_20260819\stress_cache\fake_126__base.png	clean_fake	0.958723	1
C:\My_Project\AIGC\results\research\p1_r8_shadow_composite_tradeoff_20260819\stress_cache\fake_127__base.png	clean_fake	0.940220	1
C:\My_Project\AIGC\results\research\p1_r8_shadow_composite_tradeoff_20260819\stress_cache\fake_128__base.png	clean_fake	0.949068	1
C:\My_Project\AIGC\results\research\p1_r8_shadow_composite_tradeoff_20260819\stress_cache\fake_129__base.png	clean_fake	0.953920	1
C:\My_Project\AIGC\results\research\p1_r8_shadow_composite_tradeoff_20260819\stress_cache\fake_130__base.png	clean_fake	0.948257	1
C:\My_Project\AIGC\results\research\p1_r8_shadow_composite_tradeoff_20260819\stress_cache\fake_131__base.png	clean_fake	0.940838	1
C:\My_Project\AIGC\results\research\p1_r8_shadow_composite_tradeoff_20260819\stress_cache\fake_132__base.png	clean_fake	0.052193	0
C:\My_Project\AIGC\results\research\p1_r8_shadow_composite_tradeoff_20260819\stress_cache\fake_133__base.png	clean_fake	0.937785	1
C:\My_Project\AIGC\results\research\p1_r8_shadow_composite_tradeoff_20260819\stress_cache\fake_134__base.png	clean_fake	0.952709	1
C:\My_Project\AIGC\results\research\p1_r8_shadow_composite_tradeoff_20260819\stress_cache\fake_135__base.png	clean_fake	0.930630	1
C:\My_Project\AIGC\results\research\p1_r8_shadow_composite_tradeoff_20260819\stress_cache\fake_136__base.png	clean_fake	0.953559	1
C:\My_Project\AIGC\results\research\p1_r8_shadow_composite_tradeoff_20260819\stress_cache\fake_137__base.png	clean_fake	0.953746	1
C:\My_Project\AIGC\results\research\p1_r8_shadow_composite_tradeoff_20260819\stress_cache\fake_138__base.png	clean_fake	0.717835	1
C:\My_Project\AIGC\results\research\p1_r8_shadow_composite_tradeoff_20260819\stress_cache\fake_139__base.png	clean_fake	0.912817	1
C:\My_Project\AIGC\results\research\p1_r8_shadow_composite_tradeoff_20260819\stress_cache\fake_140__base.png	clean_fake	0.942280	1
C:\My_Project\AIGC\results\research\p1_r8_shadow_composite_tradeoff_20260819\stress_cache\fake_141__base.png	clean_fake	0.955512	1
C:\My_Project\AIGC\results\research\p1_r8_shadow_composite_tradeoff_20260819\stress_cache\fake_142__base.png	clean_fake	0.499026	1
C:\My_Project\AIGC\results\research\p1_r8_shadow_composite_tradeoff_20260819\stress_cache\fake_143__base.png	clean_fake	0.950811	1
C:\My_Project\AIGC\results\research\p1_r8_shadow_composite_tradeoff_20260819\stress_cache\fake_144__base.png	clean_fake	0.900162	1
C:\My_Project\AIGC\results\research\p1_r8_shadow_composite_tradeoff_20260819\stress_cache\fake_145__base.png	clean_fake	0.950791	1
C:\My_Project\AIGC\results\research\p1_r8_shadow_composite_tradeoff_20260819\stress_cache\fake_146__base.png	clean_fake	0.941321	1
C:\My_Project\AIGC\results\research\p1_r8_shadow_composite_tradeoff_20260819\stress_cache\fake_147__base.png	clean_fake	0.943361	1
C:\My_Project\AIGC\results\research\p1_r8_shadow_composite_tradeoff_20260819\stress_cache\fake_148__base.png	clean_fake	0.940323	1
C:\My_Project\AIGC\results\research\p1_r8_shadow_composite_tradeoff_20260819\stress_cache\fake_149__base.png	clean_fake	0.943096	1
C:\My_Project\AIGC\results\research\p1_r8_shadow_composite_tradeoff_20260819\stress_cache\fake_150__base.png	clean_fake	0.901625	1
C:\My_Project\AIGC\results\research\p1_r8_shadow_composite_tradeoff_20260819\stress_cache\fake_151__base.png	clean_fake	0.899809	1
C:\My_Project\AIGC\results\research\p1_r8_shadow_composite_tradeoff_20260819\stress_cache\fake_152__base.png	clean_fake	0.953902	1
C:\My_Project\AIGC\results\research\p1_r8_shadow_composite_tradeoff_20260819\stress_cache\fake_153__base.png	clean_fake	0.951454	1
C:\My_Project\AIGC\results\research\p1_r8_shadow_composite_tradeoff_20260819\stress_cache\fake_154__base.png	clean_fake	0.946294	1
C:\My_Project\AIGC\results\research\p1_r8_shadow_composite_tradeoff_20260819\stress_cache\fake_155__base.png	clean_fake	0.950360	1
C:\My_Project\AIGC\results\research\p1_r8_shadow_composite_tradeoff_20260819\stress_cache\fake_156__base.png	clean_fake	0.943794	1
C:\My_Project\AIGC\results\research\p1_r8_shadow_composite_tradeoff_20260819\stress_cache\fake_157__base.png	clean_fake	0.941710	1
C:\My_Project\AIGC\results\research\p1_r8_shadow_composite_tradeoff_20260819\stress_cache\fake_158__base.png	clean_fake	0.948111	1
C:\My_Project\AIGC\results\research\p1_r8_shadow_composite_tradeoff_20260819\stress_cache\fake_159__base.png	clean_fake	0.949942	1
C:\My_Project\AIGC\results\research\p1_r8_shadow_composite_tradeoff_20260819\stress_cache\fake_160__base.png	clean_fake	0.922640	1
C:\My_Project\AIGC\results\research\p1_r8_shadow_composite_tradeoff_20260819\stress_cache\fake_161__base.png	clean_fake	0.939809	1
C:\My_Project\AIGC\results\research\p1_r8_shadow_composite_tradeoff_20260819\stress_cache\fake_162__base.png	clean_fake	0.942287	1
C:\My_Project\AIGC\results\research\p1_r8_shadow_composite_tradeoff_20260819\stress_cache\fake_163__base.png	clean_fake	0.945624	1
C:\My_Project\AIGC\results\research\p1_r8_shadow_composite_tradeoff_20260819\stress_cache\fake_164__base.png	clean_fake	0.862463	1
C:\My_Project\AIGC\results\research\p1_r8_shadow_composite_tradeoff_20260819\stress_cache\fake_165__base.png	clean_fake	0.892383	1
C:\My_Project\AIGC\results\research\p1_r8_shadow_composite_tradeoff_20260819\stress_cache\fake_166__base.png	clean_fake	0.965210	1
C:\My_Project\AIGC\results\research\p1_r8_shadow_composite_tradeoff_20260819\stress_cache\fake_167__base.png	clean_fake	0.956178	1
C:\My_Project\AIGC\results\research\p1_r8_shadow_composite_tradeoff_20260819\stress_cache\fake_168__base.png	clean_fake	0.605369	1
C:\My_Project\AIGC\results\research\p1_r8_shadow_composite_tradeoff_20260819\stress_cache\fake_169__base.png	clean_fake	0.958994	1
C:\My_Project\AIGC\results\research\p1_r8_shadow_composite_tradeoff_20260819\stress_cache\fake_170__base.png	clean_fake	0.946277	1
C:\My_Project\AIGC\results\research\p1_r8_shadow_composite_tradeoff_20260819\stress_cache\fake_171__base.png	clean_fake	0.941882	1
C:\My_Project\AIGC\results\research\p1_r8_shadow_composite_tradeoff_20260819\stress_cache\fake_172__base.png	clean_fake	0.938397	1
C:\My_Project\AIGC\results\research\p1_r8_shadow_composite_tradeoff_20260819\stress_cache\fake_173__base.png	clean_fake	0.929341	1
C:\My_Project\AIGC\results\research\p1_r8_shadow_composite_tradeoff_20260819\stress_cache\fake_174__base.png	clean_fake	0.965250	1
C:\My_Project\AIGC\results\research\p1_r8_shadow_composite_tradeoff_20260819\stress_cache\fake_175__base.png	clean_fake	0.947312	1
C:\My_Project\AIGC\results\research\p1_r8_shadow_composite_tradeoff_20260819\stress_cache\fake_176__base.png	clean_fake	0.945098	1
C:\My_Project\AIGC\results\research\p1_r8_shadow_composite_tradeoff_20260819\stress_cache\fake_177__base.png	clean_fake	0.868628	1
C:\My_Project\AIGC\results\research\p1_r8_shadow_composite_tradeoff_20260819\stress_cache\fake_178__base.png	clean_fake	0.936308	1
C:\My_Project\AIGC\results\research\p1_r8_shadow_composite_tradeoff_20260819\stress_cache\fake_179__base.png	clean_fake	0.942524	1
C:\My_Project\AIGC\results\research\p1_r8_shadow_composite_tradeoff_20260819\stress_cache\fake_180__base.png	clean_fake	0.934479	1
C:\My_Project\AIGC\results\research\p1_r8_shadow_composite_tradeoff_20260819\stress_cache\fake_181__base.png	clean_fake	0.717296	1
C:\My_Project\AIGC\results\research\p1_r8_shadow_composite_tradeoff_20260819\stress_cache\fake_182__base.png	clean_fake	0.928022	1
C:\My_Project\AIGC\results\research\p1_r8_shadow_composite_tradeoff_20260819\stress_cache\fake_183__base.png	clean_fake	0.940171	1
C:\My_Project\AIGC\results\research\p1_r8_shadow_composite_tradeoff_20260819\stress_cache\fake_184__base.png	clean_fake	0.566534	1
C:\My_Project\AIGC\results\research\p1_r8_shadow_composite_tradeoff_20260819\stress_cache\fake_185__base.png	clean_fake	0.068975	0
C:\My_Project\AIGC\results\research\p1_r8_shadow_composite_tradeoff_20260819\stress_cache\fake_186__base.png	clean_fake	0.922401	1
C:\My_Project\AIGC\results\research\p1_r8_shadow_composite_tradeoff_20260819\stress_cache\fake_187__base.png	clean_fake	0.935768	1
C:\My_Project\AIGC\results\research\p1_r8_shadow_composite_tradeoff_20260819\stress_cache\fake_188__base.png	clean_fake	0.950732	1
C:\My_Project\AIGC\results\research\p1_r8_shadow_composite_tradeoff_20260819\stress_cache\fake_189__base.png	clean_fake	0.928767	1
C:\My_Project\AIGC\results\research\p1_r8_shadow_composite_tradeoff_20260819\stress_cache\fake_190__base.png	clean_fake	0.939945	1
C:\My_Project\AIGC\results\research\p1_r8_shadow_composite_tradeoff_20260819\stress_cache\fake_191__base.png	clean_fake	0.102967	0
C:\My_Project\AIGC\results\research\p1_r8_shadow_composite_tradeoff_20260819\stress_cache\fake_19192__base.png	clean_fake	0.963609	1
C:\My_Project\AIGC\results\research\p1_r8_shadow_composite_tradeoff_20260819\stress_cache\fake_192__base.png	clean_fake	0.938366	1
C:\My_Project\AIGC\results\research\p1_r8_shadow_composite_tradeoff_20260819\stress_cache\fake_193__base.png	clean_fake	0.942187	1
C:\My_Project\AIGC\results\research\p1_r8_shadow_composite_tradeoff_20260819\stress_cache\fake_194__base.png	clean_fake	0.924134	1
C:\My_Project\AIGC\results\research\p1_r8_shadow_composite_tradeoff_20260819\stress_cache\fake_195__base.png	clean_fake	0.946826	1
C:\My_Project\AIGC\results\research\p1_r8_shadow_composite_tradeoff_20260819\stress_cache\fake_196__base.png	clean_fake	0.761117	1
C:\My_Project\AIGC\results\research\p1_r8_shadow_composite_tradeoff_20260819\stress_cache\fake_197__base.png	clean_fake	0.947141	1
C:\My_Project\AIGC\results\research\p1_r8_shadow_composite_tradeoff_20260819\stress_cache\fake_198__base.png	clean_fake	0.268322	0
C:\My_Project\AIGC\results\research\p1_r8_shadow_composite_tradeoff_20260819\stress_cache\fake_199__base.png	clean_fake	0.922529	1
C:\My_Project\AIGC\results\research\p1_r8_shadow_composite_tradeoff_20260819\stress_cache\fake_200__base.png	clean_fake	0.935671	1
C:\My_Project\AIGC\results\research\p1_r8_shadow_composite_tradeoff_20260819\stress_cache\fake_201__base.png	clean_fake	0.944579	1
C:\My_Project\AIGC\results\research\p1_r8_shadow_composite_tradeoff_20260819\stress_cache\fake_202__base.png	clean_fake	0.949194	1
C:\My_Project\AIGC\results\research\p1_r8_shadow_composite_tradeoff_20260819\stress_cache\fake_203__base.png	clean_fake	0.938157	1
C:\My_Project\AIGC\results\research\p1_r8_shadow_composite_tradeoff_20260819\stress_cache\fake_204__base.png	clean_fake	0.938884	1
C:\My_Project\AIGC\results\research\p1_r8_shadow_composite_tradeoff_20260819\stress_cache\fake_205__base.png	clean_fake	0.948594	1
C:\My_Project\AIGC\results\research\p1_r8_shadow_composite_tradeoff_20260819\stress_cache\fake_206__base.png	clean_fake	0.949774	1
C:\My_Project\AIGC\results\research\p1_r8_shadow_composite_tradeoff_20260819\stress_cache\fake_207__base.png	clean_fake	0.951724	1
C:\My_Project\AIGC\results\research\p1_r8_shadow_composite_tradeoff_20260819\stress_cache\fake_208__base.png	clean_fake	0.930912	1
C:\My_Project\AIGC\results\research\p1_r8_shadow_composite_tradeoff_20260819\stress_cache\fake_209__base.png	clean_fake	0.944466	1
C:\My_Project\AIGC\results\research\p1_r8_shadow_composite_tradeoff_20260819\stress_cache\fake_21__base.png	clean_fake	0.937524	1
C:\My_Project\AIGC\results\research\p1_r8_shadow_composite_tradeoff_20260819\stress_cache\fake_210__base.png	clean_fake	0.942065	1
C:\My_Project\AIGC\results\research\p1_r8_shadow_composite_tradeoff_20260819\stress_cache\fake_211__base.png	clean_fake	0.938980	1
C:\My_Project\AIGC\results\research\p1_r8_shadow_composite_tradeoff_20260819\stress_cache\fake_212__base.png	clean_fake	0.952740	1
C:\My_Project\AIGC\results\research\p1_r8_shadow_composite_tradeoff_20260819\stress_cache\fake_213__base.png	clean_fake	0.755219	1
C:\My_Project\AIGC\results\research\p1_r8_shadow_composite_tradeoff_20260819\stress_cache\fake_214__base.png	clean_fake	0.939434	1
C:\My_Project\AIGC\results\research\p1_r8_shadow_composite_tradeoff_20260819\stress_cache\fake_215__base.png	clean_fake	0.105797	0
C:\My_Project\AIGC\results\research\p1_r8_shadow_composite_tradeoff_20260819\stress_cache\fake_216__base.png	clean_fake	0.915135	1
C:\My_Project\AIGC\results\research\p1_r8_shadow_composite_tradeoff_20260819\stress_cache\fake_217__base.png	clean_fake	0.957940	1
C:\My_Project\AIGC\results\research\p1_r8_shadow_composite_tradeoff_20260819\stress_cache\fake_218__base.png	clean_fake	0.951911	1
C:\My_Project\AIGC\results\research\p1_r8_shadow_composite_tradeoff_20260819\stress_cache\fake_219__base.png	clean_fake	0.941851	1
C:\My_Project\AIGC\results\research\p1_r8_shadow_composite_tradeoff_20260819\stress_cache\fake_220__base.png	clean_fake	0.950058	1
C:\My_Project\AIGC\results\research\p1_r8_shadow_composite_tradeoff_20260819\stress_cache\fake_221__base.png	clean_fake	0.949003	1
C:\My_Project\AIGC\results\research\p1_r8_shadow_composite_tradeoff_20260819\stress_cache\fake_222__base.png	clean_fake	0.936095	1
C:\My_Project\AIGC\results\research\p1_r8_shadow_composite_tradeoff_20260819\stress_cache\fake_223__base.png	clean_fake	0.941473	1
C:\My_Project\AIGC\results\research\p1_r8_shadow_composite_tradeoff_20260819\stress_cache\fake_224__base.png	clean_fake	0.919206	1
C:\My_Project\AIGC\results\research\p1_r8_shadow_composite_tradeoff_20260819\stress_cache\fake_225__base.png	clean_fake	0.944023	1
C:\My_Project\AIGC\results\research\p1_r8_shadow_composite_tradeoff_20260819\stress_cache\fake_226__base.png	clean_fake	0.948892	1
C:\My_Project\AIGC\results\research\p1_r8_shadow_composite_tradeoff_20260819\stress_cache\fake_227__base.png	clean_fake	0.954690	1
C:\My_Project\AIGC\results\research\p1_r8_shadow_composite_tradeoff_20260819\stress_cache\fake_228__base.png	clean_fake	0.944955	1
C:\My_Project\AIGC\results\research\p1_r8_shadow_composite_tradeoff_20260819\stress_cache\fake_229__base.png	clean_fake	0.948619	1
C:\My_Project\AIGC\results\research\p1_r8_shadow_composite_tradeoff_20260819\stress_cache\fake_230__base.png	clean_fake	0.953254	1
C:\My_Project\AIGC\results\research\p1_r8_shadow_composite_tradeoff_20260819\stress_cache\fake_231__base.png	clean_fake	0.948463	1
C:\My_Project\AIGC\results\research\p1_r8_shadow_composite_tradeoff_20260819\stress_cache\fake_232__base.png	clean_fake	0.947028	1
C:\My_Project\AIGC\results\research\p1_r8_shadow_composite_tradeoff_20260819\stress_cache\fake_233__base.png	clean_fake	0.151290	0
C:\My_Project\AIGC\results\research\p1_r8_shadow_composite_tradeoff_20260819\stress_cache\fake_234__base.png	clean_fake	0.946382	1
C:\My_Project\AIGC\results\research\p1_r8_shadow_composite_tradeoff_20260819\stress_cache\fake_235__base.png	clean_fake	0.947466	1
C:\My_Project\AIGC\results\research\p1_r8_shadow_composite_tradeoff_20260819\stress_cache\fake_236__base.png	clean_fake	0.584828	1
C:\My_Project\AIGC\results\research\p1_r8_shadow_composite_tradeoff_20260819\stress_cache\fake_237__base.png	clean_fake	0.937974	1
C:\My_Project\AIGC\results\research\p1_r8_shadow_composite_tradeoff_20260819\stress_cache\fake_238__base.png	clean_fake	0.949646	1
C:\My_Project\AIGC\results\research\p1_r8_shadow_composite_tradeoff_20260819\stress_cache\fake_239__base.png	clean_fake	0.945745	1
C:\My_Project\AIGC\results\research\p1_r8_shadow_composite_tradeoff_20260819\stress_cache\fake_240__base.png	clean_fake	0.933503	1
C:\My_Project\AIGC\results\research\p1_r8_shadow_composite_tradeoff_20260819\stress_cache\fake_241__base.png	clean_fake	0.980809	1
C:\My_Project\AIGC\results\research\p1_r8_shadow_composite_tradeoff_20260819\stress_cache\fake_242__base.png	clean_fake	0.918587	1
C:\My_Project\AIGC\results\research\p1_r8_shadow_composite_tradeoff_20260819\stress_cache\fake_243__base.png	clean_fake	0.945244	1
C:\My_Project\AIGC\results\research\p1_r8_shadow_composite_tradeoff_20260819\stress_cache\fake_244__base.png	clean_fake	0.945024	1
C:\My_Project\AIGC\results\research\p1_r8_shadow_composite_tradeoff_20260819\stress_cache\fake_245__base.png	clean_fake	0.954700	1
C:\My_Project\AIGC\results\research\p1_r8_shadow_composite_tradeoff_20260819\stress_cache\fake_246__base.png	clean_fake	0.957680	1
C:\My_Project\AIGC\results\research\p1_r8_shadow_composite_tradeoff_20260819\stress_cache\fake_247__base.png	clean_fake	0.948081	1
C:\My_Project\AIGC\results\research\p1_r8_shadow_composite_tradeoff_20260819\stress_cache\fake_248__base.png	clean_fake	0.939443	1
C:\My_Project\AIGC\results\research\p1_r8_shadow_composite_tradeoff_20260819\stress_cache\fake_249__base.png	clean_fake	0.949812	1
C:\My_Project\AIGC\results\research\p1_r8_shadow_composite_tradeoff_20260819\stress_cache\fake_250__base.png	clean_fake	0.945013	1
C:\My_Project\AIGC\results\research\p1_r8_shadow_composite_tradeoff_20260819\stress_cache\fake_251__base.png	clean_fake	0.953308	1
C:\My_Project\AIGC\results\research\p1_r8_shadow_composite_tradeoff_20260819\stress_cache\fake_252__base.png	clean_fake	0.914558	1
C:\My_Project\AIGC\results\research\p1_r8_shadow_composite_tradeoff_20260819\stress_cache\fake_253__base.png	clean_fake	0.945972	1
C:\My_Project\AIGC\results\research\p1_r8_shadow_composite_tradeoff_20260819\stress_cache\fake_254__base.png	clean_fake	0.949969	1
C:\My_Project\AIGC\results\research\p1_r8_shadow_composite_tradeoff_20260819\stress_cache\fake_255__base.png	clean_fake	0.949984	1
C:\My_Project\AIGC\results\research\p1_r8_shadow_composite_tradeoff_20260819\stress_cache\fake_256__base.png	clean_fake	0.937345	1
C:\My_Project\AIGC\results\research\p1_r8_shadow_composite_tradeoff_20260819\stress_cache\fake_257__base.png	clean_fake	0.940054	1
C:\My_Project\AIGC\results\research\p1_r8_shadow_composite_tradeoff_20260819\stress_cache\fake_258__base.png	clean_fake	0.949835	1
C:\My_Project\AIGC\results\research\p1_r8_shadow_composite_tradeoff_20260819\stress_cache\fake_259__base.png	clean_fake	0.950924	1
C:\My_Project\AIGC\results\research\p1_r8_shadow_composite_tradeoff_20260819\stress_cache\fake_260__base.png	clean_fake	0.947993	1
C:\My_Project\AIGC\results\research\p1_r8_shadow_composite_tradeoff_20260819\stress_cache\fake_261__base.png	clean_fake	0.935039	1
C:\My_Project\AIGC\results\research\p1_r8_shadow_composite_tradeoff_20260819\stress_cache\fake_262__base.png	clean_fake	0.904173	1
C:\My_Project\AIGC\results\research\p1_r8_shadow_composite_tradeoff_20260819\stress_cache\fake_263__base.png	clean_fake	0.937379	1
C:\My_Project\AIGC\results\research\p1_r8_shadow_composite_tradeoff_20260819\stress_cache\fake_264__base.png	clean_fake	0.939061	1
C:\My_Project\AIGC\results\research\p1_r8_shadow_composite_tradeoff_20260819\stress_cache\fake_265__base.png	clean_fake	0.940381	1
C:\My_Project\AIGC\results\research\p1_r8_shadow_composite_tradeoff_20260819\stress_cache\fake_266__base.png	clean_fake	0.924658	1
C:\My_Project\AIGC\results\research\p1_r8_shadow_composite_tradeoff_20260819\stress_cache\fake_267__base.png	clean_fake	0.936683	1
C:\My_Project\AIGC\results\research\p1_r8_shadow_composite_tradeoff_20260819\stress_cache\fake_268__base.png	clean_fake	0.939833	1
C:\My_Project\AIGC\results\research\p1_r8_shadow_composite_tradeoff_20260819\stress_cache\fake_269__base.png	clean_fake	0.946063	1
C:\My_Project\AIGC\results\research\p1_r8_shadow_composite_tradeoff_20260819\stress_cache\fake_270__base.png	clean_fake	0.949849	1
C:\My_Project\AIGC\results\research\p1_r8_shadow_composite_tradeoff_20260819\stress_cache\fake_271__base.png	clean_fake	0.942422	1
C:\My_Project\AIGC\results\research\p1_r8_shadow_composite_tradeoff_20260819\stress_cache\fake_272__base.png	clean_fake	0.936682	1
C:\My_Project\AIGC\results\research\p1_r8_shadow_composite_tradeoff_20260819\stress_cache\fake_273__base.png	clean_fake	0.942945	1
C:\My_Project\AIGC\results\research\p1_r8_shadow_composite_tradeoff_20260819\stress_cache\fake_274__base.png	clean_fake	0.943483	1
C:\My_Project\AIGC\results\research\p1_r8_shadow_composite_tradeoff_20260819\stress_cache\fake_275__base.png	clean_fake	0.950627	1
C:\My_Project\AIGC\results\research\p1_r8_shadow_composite_tradeoff_20260819\stress_cache\fake_276__base.png	clean_fake	0.947304	1
C:\My_Project\AIGC\results\research\p1_r8_shadow_composite_tradeoff_20260819\stress_cache\fake_277__base.png	clean_fake	0.947356	1
C:\My_Project\AIGC\results\research\p1_r8_shadow_composite_tradeoff_20260819\stress_cache\fake_278__base.png	clean_fake	0.948480	1
C:\My_Project\AIGC\results\research\p1_r8_shadow_composite_tradeoff_20260819\stress_cache\fake_279__base.png	clean_fake	0.952058	1
C:\My_Project\AIGC\results\research\p1_r8_shadow_composite_tradeoff_20260819\stress_cache\fake_28__base.png	clean_fake	0.944174	1
C:\My_Project\AIGC\results\research\p1_r8_shadow_composite_tradeoff_20260819\stress_cache\fake_280__base.png	clean_fake	0.947111	1
C:\My_Project\AIGC\results\research\p1_r8_shadow_composite_tradeoff_20260819\stress_cache\fake_281__base.png	clean_fake	0.946109	1
C:\My_Project\AIGC\results\research\p1_r8_shadow_composite_tradeoff_20260819\stress_cache\fake_282__base.png	clean_fake	0.948192	1
C:\My_Project\AIGC\results\research\p1_r8_shadow_composite_tradeoff_20260819\stress_cache\fake_283__base.png	clean_fake	0.937073	1
C:\My_Project\AIGC\results\research\p1_r8_shadow_composite_tradeoff_20260819\stress_cache\fake_284__base.png	clean_fake	0.900952	1
C:\My_Project\AIGC\results\research\p1_r8_shadow_composite_tradeoff_20260819\stress_cache\fake_285__base.png	clean_fake	0.952051	1
C:\My_Project\AIGC\results\research\p1_r8_shadow_composite_tradeoff_20260819\stress_cache\fake_286__base.png	clean_fake	0.933536	1
C:\My_Project\AIGC\results\research\p1_r8_shadow_composite_tradeoff_20260819\stress_cache\fake_287__base.png	clean_fake	0.943855	1
C:\My_Project\AIGC\results\research\p1_r8_shadow_composite_tradeoff_20260819\stress_cache\fake_288__base.png	clean_fake	0.958892	1
C:\My_Project\AIGC\results\research\p1_r8_shadow_composite_tradeoff_20260819\stress_cache\fake_289__base.png	clean_fake	0.946797	1
C:\My_Project\AIGC\results\research\p1_r8_shadow_composite_tradeoff_20260819\stress_cache\fake_29__base.png	clean_fake	0.954314	1
C:\My_Project\AIGC\results\research\p1_r8_shadow_composite_tradeoff_20260819\stress_cache\fake_290__base.png	clean_fake	0.926285	1
C:\My_Project\AIGC\results\research\p1_r8_shadow_composite_tradeoff_20260819\stress_cache\fake_291__base.png	clean_fake	0.945204	1
C:\My_Project\AIGC\results\research\p1_r8_shadow_composite_tradeoff_20260819\stress_cache\fake_292__base.png	clean_fake	0.937250	1
C:\My_Project\AIGC\results\research\p1_r8_shadow_composite_tradeoff_20260819\stress_cache\fake_293__base.png	clean_fake	0.945242	1
C:\My_Project\AIGC\results\research\p1_r8_shadow_composite_tradeoff_20260819\stress_cache\fake_294__base.png	clean_fake	0.949226	1
C:\My_Project\AIGC\results\research\p1_r8_shadow_composite_tradeoff_20260819\stress_cache\fake_295__base.png	clean_fake	0.946261	1
C:\My_Project\AIGC\results\research\p1_r8_shadow_composite_tradeoff_20260819\stress_cache\fake_296__base.png	clean_fake	0.927356	1
C:\My_Project\AIGC\results\research\p1_r8_shadow_composite_tradeoff_20260819\stress_cache\fake_297__base.png	clean_fake	0.958223	1
C:\My_Project\AIGC\results\research\p1_r8_shadow_composite_tradeoff_20260819\stress_cache\fake_298__base.png	clean_fake	0.953050	1
C:\My_Project\AIGC\results\research\p1_r8_shadow_composite_tradeoff_20260819\stress_cache\fake_299__base.png	clean_fake	0.699942	1
C:\My_Project\AIGC\results\research\p1_r8_shadow_composite_tradeoff_20260819\stress_cache\fake_30__base.png	clean_fake	0.809286	1
C:\My_Project\AIGC\results\research\p1_r8_shadow_composite_tradeoff_20260819\stress_cache\fake_300__base.png	clean_fake	0.938566	1
C:\My_Project\AIGC\results\research\p1_r8_shadow_composite_tradeoff_20260819\stress_cache\fake_301__base.png	clean_fake	0.939878	1
C:\My_Project\AIGC\results\research\p1_r8_shadow_composite_tradeoff_20260819\stress_cache\fake_302__base.png	clean_fake	0.939385	1
C:\My_Project\AIGC\results\research\p1_r8_shadow_composite_tradeoff_20260819\stress_cache\fake_303__base.png	clean_fake	0.948600	1
C:\My_Project\AIGC\results\research\p1_r8_shadow_composite_tradeoff_20260819\stress_cache\fake_304__base.png	clean_fake	0.950279	1
C:\My_Project\AIGC\results\research\p1_r8_shadow_composite_tradeoff_20260819\stress_cache\fake_305__base.png	clean_fake	0.826625	1
C:\My_Project\AIGC\results\research\p1_r8_shadow_composite_tradeoff_20260819\stress_cache\fake_306__base.png	clean_fake	0.903003	1
C:\My_Project\AIGC\results\research\p1_r8_shadow_composite_tradeoff_20260819\stress_cache\fake_307__base.png	clean_fake	0.951123	1
C:\My_Project\AIGC\results\research\p1_r8_shadow_composite_tradeoff_20260819\stress_cache\fake_308__base.png	clean_fake	0.932552	1
C:\My_Project\AIGC\results\research\p1_r8_shadow_composite_tradeoff_20260819\stress_cache\fake_309__base.png	clean_fake	0.944733	1
C:\My_Project\AIGC\results\research\p1_r8_shadow_composite_tradeoff_20260819\stress_cache\fake_31__base.png	clean_fake	0.954534	1
C:\My_Project\AIGC\results\research\p1_r8_shadow_composite_tradeoff_20260819\stress_cache\fake_310__base.png	clean_fake	0.944073	1
C:\My_Project\AIGC\results\research\p1_r8_shadow_composite_tradeoff_20260819\stress_cache\fake_311__base.png	clean_fake	0.945243	1
C:\My_Project\AIGC\results\research\p1_r8_shadow_composite_tradeoff_20260819\stress_cache\fake_312__base.png	clean_fake	0.106000	0
C:\My_Project\AIGC\results\research\p1_r8_shadow_composite_tradeoff_20260819\stress_cache\fake_313__base.png	clean_fake	0.944110	1
C:\My_Project\AIGC\results\research\p1_r8_shadow_composite_tradeoff_20260819\stress_cache\fake_314__base.png	clean_fake	0.311788	0
C:\My_Project\AIGC\results\research\p1_r8_shadow_composite_tradeoff_20260819\stress_cache\fake_315__base.png	clean_fake	0.962237	1
C:\My_Project\AIGC\results\research\p1_r8_shadow_composite_tradeoff_20260819\stress_cache\fake_316__base.png	clean_fake	0.954153	1
C:\My_Project\AIGC\results\research\p1_r8_shadow_composite_tradeoff_20260819\stress_cache\fake_317__base.png	clean_fake	0.903022	1
C:\My_Project\AIGC\results\research\p1_r8_shadow_composite_tradeoff_20260819\stress_cache\fake_318__base.png	clean_fake	0.941996	1
C:\My_Project\AIGC\results\research\p1_r8_shadow_composite_tradeoff_20260819\stress_cache\fake_319__base.png	clean_fake	0.950063	1
C:\My_Project\AIGC\results\research\p1_r8_shadow_composite_tradeoff_20260819\stress_cache\fake_32__base.png	clean_fake	0.955392	1
C:\My_Project\AIGC\results\research\p1_r8_shadow_composite_tradeoff_20260819\stress_cache\fake_423__base.png	clean_fake	0.949246	1
C:\My_Project\AIGC\results\research\p1_r8_shadow_composite_tradeoff_20260819\stress_cache\fake_424__base.png	clean_fake	0.937809	1
C:\My_Project\AIGC\results\research\p1_r8_shadow_composite_tradeoff_20260819\stress_cache\fake_425__base.png	clean_fake	0.943475	1
C:\My_Project\AIGC\results\research\p1_r8_shadow_composite_tradeoff_20260819\stress_cache\fake_426__base.png	clean_fake	0.946948	1
C:\My_Project\AIGC\results\research\p1_r8_shadow_composite_tradeoff_20260819\stress_cache\fake_427__base.png	clean_fake	0.948796	1
C:\My_Project\AIGC\results\research\p1_r8_shadow_composite_tradeoff_20260819\stress_cache\fake_428__base.png	clean_fake	0.941426	1
C:\My_Project\AIGC\results\research\p1_r8_shadow_composite_tradeoff_20260819\stress_cache\fake_429__base.png	clean_fake	0.945045	1
C:\My_Project\AIGC\results\research\p1_r8_shadow_composite_tradeoff_20260819\stress_cache\fake_430__base.png	clean_fake	0.943303	1
C:\My_Project\AIGC\results\research\p1_r8_shadow_composite_tradeoff_20260819\stress_cache\fake_431__base.png	clean_fake	0.947505	1
C:\My_Project\AIGC\results\research\p1_r8_shadow_composite_tradeoff_20260819\stress_cache\fake_432__base.png	clean_fake	0.946892	1
C:\My_Project\AIGC\results\research\p1_r8_shadow_composite_tradeoff_20260819\stress_cache\fake_433__base.png	clean_fake	0.948573	1
C:\My_Project\AIGC\results\research\p1_r8_shadow_composite_tradeoff_20260819\stress_cache\fake_434__base.png	clean_fake	0.948664	1
C:\My_Project\AIGC\results\research\p1_r8_shadow_composite_tradeoff_20260819\stress_cache\fake_435__base.png	clean_fake	0.933126	1
C:\My_Project\AIGC\results\research\p1_r8_shadow_composite_tradeoff_20260819\stress_cache\fake_436__base.png	clean_fake	0.936968	1
C:\My_Project\AIGC\results\research\p1_r8_shadow_composite_tradeoff_20260819\stress_cache\fake_438__base.png	clean_fake	0.947754	1
C:\My_Project\AIGC\results\research\p1_r8_shadow_composite_tradeoff_20260819\stress_cache\fake_439__base.png	clean_fake	0.940985	1
C:\My_Project\AIGC\results\research\p1_r8_shadow_composite_tradeoff_20260819\stress_cache\fake_440__base.png	clean_fake	0.949018	1
C:\My_Project\AIGC\results\research\p1_r8_shadow_composite_tradeoff_20260819\stress_cache\fake_441__base.png	clean_fake	0.949345	1
C:\My_Project\AIGC\results\research\p1_r8_shadow_composite_tradeoff_20260819\stress_cache\fake_442__base.png	clean_fake	0.944541	1
C:\My_Project\AIGC\results\research\p1_r8_shadow_composite_tradeoff_20260819\stress_cache\fake_443__base.png	clean_fake	0.944347	1
C:\My_Project\AIGC\results\research\p1_r8_shadow_composite_tradeoff_20260819\stress_cache\fake_444__base.png	clean_fake	0.945608	1
C:\My_Project\AIGC\results\research\p1_r8_shadow_composite_tradeoff_20260819\stress_cache\fake_445__base.png	clean_fake	0.941037	1
C:\My_Project\AIGC\results\research\p1_r8_shadow_composite_tradeoff_20260819\stress_cache\fake_446__base.png	clean_fake	0.946534	1
C:\My_Project\AIGC\results\research\p1_r8_shadow_composite_tradeoff_20260819\stress_cache\fake_447__base.png	clean_fake	0.947594	1
C:\My_Project\AIGC\results\research\p1_r8_shadow_composite_tradeoff_20260819\stress_cache\fake_450__base.png	clean_fake	0.946490	1
C:\My_Project\AIGC\results\research\p1_r8_shadow_composite_tradeoff_20260819\stress_cache\fake_451__base.png	clean_fake	0.921586	1
C:\My_Project\AIGC\results\research\p1_r8_shadow_composite_tradeoff_20260819\stress_cache\fake_452__base.png	clean_fake	0.939960	1
C:\My_Project\AIGC\results\research\p1_r8_shadow_composite_tradeoff_20260819\stress_cache\fake_453__base.png	clean_fake	0.944312	1
C:\My_Project\AIGC\results\research\p1_r8_shadow_composite_tradeoff_20260819\stress_cache\fake_454__base.png	clean_fake	0.938565	1
C:\My_Project\AIGC\results\research\p1_r8_shadow_composite_tradeoff_20260819\stress_cache\fake_455__base.png	clean_fake	0.964292	1
C:\My_Project\AIGC\results\research\p1_r8_shadow_composite_tradeoff_20260819\stress_cache\fake_456__base.png	clean_fake	0.944498	1
C:\My_Project\AIGC\results\research\p1_r8_shadow_composite_tradeoff_20260819\stress_cache\fake_457__base.png	clean_fake	0.951410	1
C:\My_Project\AIGC\results\research\p1_r8_shadow_composite_tradeoff_20260819\stress_cache\fake_458__base.png	clean_fake	0.953310	1
C:\My_Project\AIGC\results\research\p1_r8_shadow_composite_tradeoff_20260819\stress_cache\fake_459__base.png	clean_fake	0.943622	1
C:\My_Project\AIGC\results\research\p1_r8_shadow_composite_tradeoff_20260819\stress_cache\fake_460__base.png	clean_fake	0.944566	1
C:\My_Project\AIGC\results\research\p1_r8_shadow_composite_tradeoff_20260819\stress_cache\fake_461__base.png	clean_fake	0.950431	1
C:\My_Project\AIGC\results\research\p1_r8_shadow_composite_tradeoff_20260819\stress_cache\fake_462__base.png	clean_fake	0.951766	1
C:\My_Project\AIGC\results\research\p1_r8_shadow_composite_tradeoff_20260819\stress_cache\fake_463__base.png	clean_fake	0.952214	1
C:\My_Project\AIGC\results\research\p1_r8_shadow_composite_tradeoff_20260819\stress_cache\fake_464__base.png	clean_fake	0.943330	1
C:\My_Project\AIGC\results\research\p1_r8_shadow_composite_tradeoff_20260819\stress_cache\fake_465__base.png	clean_fake	0.949160	1
C:\My_Project\AIGC\results\research\p1_r8_shadow_composite_tradeoff_20260819\stress_cache\fake_466__base.png	clean_fake	0.942900	1
C:\My_Project\AIGC\results\research\p1_r8_shadow_composite_tradeoff_20260819\stress_cache\fake_467__base.png	clean_fake	0.946592	1
C:\My_Project\AIGC\results\research\p1_r8_shadow_composite_tradeoff_20260819\stress_cache\fake_468__base.png	clean_fake	0.940609	1
C:\My_Project\AIGC\results\research\p1_r8_shadow_composite_tradeoff_20260819\stress_cache\fake_469__base.png	clean_fake	0.950605	1
C:\My_Project\AIGC\results\research\p1_r8_shadow_composite_tradeoff_20260819\stress_cache\fake_470__base.png	clean_fake	0.944842	1
C:\My_Project\AIGC\results\research\p1_r8_shadow_composite_tradeoff_20260819\stress_cache\fake_471__base.png	clean_fake	0.946842	1
C:\My_Project\AIGC\results\research\p1_r8_shadow_composite_tradeoff_20260819\stress_cache\fake_472__base.png	clean_fake	0.942967	1
C:\My_Project\AIGC\results\research\p1_r8_shadow_composite_tradeoff_20260819\stress_cache\fake_674__base.png	clean_fake	0.943717	1
C:\My_Project\AIGC\results\research\p1_r8_shadow_composite_tradeoff_20260819\stress_cache\fake_675__base.png	clean_fake	0.937875	1
C:\My_Project\AIGC\results\research\p1_r8_shadow_composite_tradeoff_20260819\stress_cache\fake_676__base.png	clean_fake	0.950953	1
C:\My_Project\AIGC\results\research\p1_r8_shadow_composite_tradeoff_20260819\stress_cache\fake_677__base.png	clean_fake	0.951569	1
C:\My_Project\AIGC\results\research\p1_r8_shadow_composite_tradeoff_20260819\stress_cache\fake_679__base.png	clean_fake	0.941332	1
C:\My_Project\AIGC\results\research\p1_r8_shadow_composite_tradeoff_20260819\stress_cache\fake_680__base.png	clean_fake	0.950064	1
C:\My_Project\AIGC\results\research\p1_r8_shadow_composite_tradeoff_20260819\stress_cache\fake_681__base.png	clean_fake	0.943050	1
C:\My_Project\AIGC\results\research\p1_r8_shadow_composite_tradeoff_20260819\stress_cache\fake_682__base.png	clean_fake	0.948113	1
C:\My_Project\AIGC\results\research\p1_r8_shadow_composite_tradeoff_20260819\stress_cache\fake_683__base.png	clean_fake	0.951834	1
C:\My_Project\AIGC\results\research\p1_r8_shadow_composite_tradeoff_20260819\stress_cache\fake_684__base.png	clean_fake	0.939112	1
C:\My_Project\AIGC\results\research\p1_r8_shadow_composite_tradeoff_20260819\stress_cache\fake_685__base.png	clean_fake	0.944818	1
C:\My_Project\AIGC\results\research\p1_r8_shadow_composite_tradeoff_20260819\stress_cache\fake_686__base.png	clean_fake	0.945867	1
C:\My_Project\AIGC\results\research\p1_r8_shadow_composite_tradeoff_20260819\stress_cache\fake_687__base.png	clean_fake	0.940027	1
C:\My_Project\AIGC\results\research\p1_r8_shadow_composite_tradeoff_20260819\stress_cache\fake_688__base.png	clean_fake	0.953162	1
C:\My_Project\AIGC\results\research\p1_r8_shadow_composite_tradeoff_20260819\stress_cache\fake_689__base.png	clean_fake	0.938473	1
C:\My_Project\AIGC\results\research\p1_r8_shadow_composite_tradeoff_20260819\stress_cache\fake_690__base.png	clean_fake	0.952254	1
C:\My_Project\AIGC\results\research\p1_r8_shadow_composite_tradeoff_20260819\stress_cache\fake_691__base.png	clean_fake	0.944501	1
C:\My_Project\AIGC\results\research\p1_r8_shadow_composite_tradeoff_20260819\stress_cache\fake_692__base.png	clean_fake	0.945238	1
C:\My_Project\AIGC\results\research\p1_r8_shadow_composite_tradeoff_20260819\stress_cache\fake_9299__base.png	clean_fake	0.286913	0
C:\My_Project\AIGC\results\research\p1_r8_shadow_composite_tradeoff_20260819\stress_cache\fake_9909__base.png	clean_fake	0.956943	1
C:\My_Project\AIGC\results\research\p1_r8_shadow_composite_tradeoff_20260819\stress_cache\fake_107__smoothing_light.png	filtered_fake	0.879471	1
C:\My_Project\AIGC\results\research\p1_r8_shadow_composite_tradeoff_20260819\stress_cache\fake_107__smoothing_medium.png	filtered_fake	0.930721	1
C:\My_Project\AIGC\results\research\p1_r8_shadow_composite_tradeoff_20260819\stress_cache\fake_107__smoothing_heavy.png	filtered_fake	0.919945	1
C:\My_Project\AIGC\results\research\p1_r8_shadow_composite_tradeoff_20260819\stress_cache\fake_107__whitening_medium.png	filtered_fake	0.938128	1
C:\My_Project\AIGC\results\research\p1_r8_shadow_composite_tradeoff_20260819\stress_cache\fake_107__combined_medium.png	filtered_fake	0.936295	1
C:\My_Project\AIGC\results\research\p1_r8_shadow_composite_tradeoff_20260819\stress_cache\fake_107__combined_heavy.png	filtered_fake	0.931015	1
C:\My_Project\AIGC\results\research\p1_r8_shadow_composite_tradeoff_20260819\stress_cache\fake_107__eye_enlarging.png	filtered_fake	0.953801	1
C:\My_Project\AIGC\results\research\p1_r8_shadow_composite_tradeoff_20260819\stress_cache\fake_107__face_reshaping.png	filtered_fake	0.372743	0
C:\My_Project\AIGC\results\research\p1_r8_shadow_composite_tradeoff_20260819\stress_cache\fake_108__smoothing_light.png	filtered_fake	0.945641	1
C:\My_Project\AIGC\results\research\p1_r8_shadow_composite_tradeoff_20260819\stress_cache\fake_108__smoothing_medium.png	filtered_fake	0.947587	1
C:\My_Project\AIGC\results\research\p1_r8_shadow_composite_tradeoff_20260819\stress_cache\fake_108__smoothing_heavy.png	filtered_fake	0.946493	1
C:\My_Project\AIGC\results\research\p1_r8_shadow_composite_tradeoff_20260819\stress_cache\fake_108__whitening_medium.png	filtered_fake	0.917862	1
C:\My_Project\AIGC\results\research\p1_r8_shadow_composite_tradeoff_20260819\stress_cache\fake_108__combined_medium.png	filtered_fake	0.946378	1
C:\My_Project\AIGC\results\research\p1_r8_shadow_composite_tradeoff_20260819\stress_cache\fake_108__combined_heavy.png	filtered_fake	0.951324	1
C:\My_Project\AIGC\results\research\p1_r8_shadow_composite_tradeoff_20260819\stress_cache\fake_108__eye_enlarging.png	filtered_fake	0.931287	1
C:\My_Project\AIGC\results\research\p1_r8_shadow_composite_tradeoff_20260819\stress_cache\fake_108__face_reshaping.png	filtered_fake	0.859214	1
C:\My_Project\AIGC\results\research\p1_r8_shadow_composite_tradeoff_20260819\stress_cache\fake_109__smoothing_light.png	filtered_fake	0.911912	1
C:\My_Project\AIGC\results\research\p1_r8_shadow_composite_tradeoff_20260819\stress_cache\fake_109__smoothing_medium.png	filtered_fake	0.939479	1
C:\My_Project\AIGC\results\research\p1_r8_shadow_composite_tradeoff_20260819\stress_cache\fake_109__smoothing_heavy.png	filtered_fake	0.935295	1
C:\My_Project\AIGC\results\research\p1_r8_shadow_composite_tradeoff_20260819\stress_cache\fake_109__whitening_medium.png	filtered_fake	0.837925	1
C:\My_Project\AIGC\results\research\p1_r8_shadow_composite_tradeoff_20260819\stress_cache\fake_109__combined_medium.png	filtered_fake	0.939728	1
C:\My_Project\AIGC\results\research\p1_r8_shadow_composite_tradeoff_20260819\stress_cache\fake_109__combined_heavy.png	filtered_fake	0.942493	1
C:\My_Project\AIGC\results\research\p1_r8_shadow_composite_tradeoff_20260819\stress_cache\fake_109__eye_enlarging.png	filtered_fake	0.066509	0
C:\My_Project\AIGC\results\research\p1_r8_shadow_composite_tradeoff_20260819\stress_cache\fake_109__face_reshaping.png	filtered_fake	0.541758	1
C:\My_Project\AIGC\results\research\p1_r8_shadow_composite_tradeoff_20260819\stress_cache\fake_110__smoothing_light.png	filtered_fake	0.944590	1
C:\My_Project\AIGC\results\research\p1_r8_shadow_composite_tradeoff_20260819\stress_cache\fake_110__smoothing_medium.png	filtered_fake	0.947238	1
C:\My_Project\AIGC\results\research\p1_r8_shadow_composite_tradeoff_20260819\stress_cache\fake_110__smoothing_heavy.png	filtered_fake	0.947219	1
C:\My_Project\AIGC\results\research\p1_r8_shadow_composite_tradeoff_20260819\stress_cache\fake_110__whitening_medium.png	filtered_fake	0.795951	1
C:\My_Project\AIGC\results\research\p1_r8_shadow_composite_tradeoff_20260819\stress_cache\fake_110__combined_medium.png	filtered_fake	0.950563	1
C:\My_Project\AIGC\results\research\p1_r8_shadow_composite_tradeoff_20260819\stress_cache\fake_110__combined_heavy.png	filtered_fake	0.952015	1
C:\My_Project\AIGC\results\research\p1_r8_shadow_composite_tradeoff_20260819\stress_cache\fake_110__eye_enlarging.png	filtered_fake	0.800959	1
C:\My_Project\AIGC\results\research\p1_r8_shadow_composite_tradeoff_20260819\stress_cache\fake_110__face_reshaping.png	filtered_fake	0.785668	1
C:\My_Project\AIGC\results\research\p1_r8_shadow_composite_tradeoff_20260819\stress_cache\fake_111__smoothing_light.png	filtered_fake	0.945039	1
C:\My_Project\AIGC\results\research\p1_r8_shadow_composite_tradeoff_20260819\stress_cache\fake_111__smoothing_medium.png	filtered_fake	0.944992	1
C:\My_Project\AIGC\results\research\p1_r8_shadow_composite_tradeoff_20260819\stress_cache\fake_111__smoothing_heavy.png	filtered_fake	0.948444	1
C:\My_Project\AIGC\results\research\p1_r8_shadow_composite_tradeoff_20260819\stress_cache\fake_111__whitening_medium.png	filtered_fake	0.944496	1
C:\My_Project\AIGC\results\research\p1_r8_shadow_composite_tradeoff_20260819\stress_cache\fake_111__combined_medium.png	filtered_fake	0.948458	1
C:\My_Project\AIGC\results\research\p1_r8_shadow_composite_tradeoff_20260819\stress_cache\fake_111__combined_heavy.png	filtered_fake	0.952312	1
C:\My_Project\AIGC\results\research\p1_r8_shadow_composite_tradeoff_20260819\stress_cache\fake_111__eye_enlarging.png	filtered_fake	0.942799	1
C:\My_Project\AIGC\results\research\p1_r8_shadow_composite_tradeoff_20260819\stress_cache\fake_111__face_reshaping.png	filtered_fake	0.945610	1
C:\My_Project\AIGC\results\research\p1_r8_shadow_composite_tradeoff_20260819\stress_cache\fake_112__smoothing_light.png	filtered_fake	0.941567	1
C:\My_Project\AIGC\results\research\p1_r8_shadow_composite_tradeoff_20260819\stress_cache\fake_112__smoothing_medium.png	filtered_fake	0.944352	1
C:\My_Project\AIGC\results\research\p1_r8_shadow_composite_tradeoff_20260819\stress_cache\fake_112__smoothing_heavy.png	filtered_fake	0.942649	1
C:\My_Project\AIGC\results\research\p1_r8_shadow_composite_tradeoff_20260819\stress_cache\fake_112__whitening_medium.png	filtered_fake	0.954276	1
C:\My_Project\AIGC\results\research\p1_r8_shadow_composite_tradeoff_20260819\stress_cache\fake_112__combined_medium.png	filtered_fake	0.943736	1
C:\My_Project\AIGC\results\research\p1_r8_shadow_composite_tradeoff_20260819\stress_cache\fake_112__combined_heavy.png	filtered_fake	0.944041	1
C:\My_Project\AIGC\results\research\p1_r8_shadow_composite_tradeoff_20260819\stress_cache\fake_112__eye_enlarging.png	filtered_fake	0.942360	1
C:\My_Project\AIGC\results\research\p1_r8_shadow_composite_tradeoff_20260819\stress_cache\fake_112__face_reshaping.png	filtered_fake	0.949772	1
C:\My_Project\AIGC\results\research\p1_r8_shadow_composite_tradeoff_20260819\stress_cache\fake_113__smoothing_light.png	filtered_fake	0.857468	1
C:\My_Project\AIGC\results\research\p1_r8_shadow_composite_tradeoff_20260819\stress_cache\fake_113__smoothing_medium.png	filtered_fake	0.937051	1
C:\My_Project\AIGC\results\research\p1_r8_shadow_composite_tradeoff_20260819\stress_cache\fake_113__smoothing_heavy.png	filtered_fake	0.926462	1
C:\My_Project\AIGC\results\research\p1_r8_shadow_composite_tradeoff_20260819\stress_cache\fake_113__whitening_medium.png	filtered_fake	0.596961	1
C:\My_Project\AIGC\results\research\p1_r8_shadow_composite_tradeoff_20260819\stress_cache\fake_113__combined_medium.png	filtered_fake	0.936391	1
C:\My_Project\AIGC\results\research\p1_r8_shadow_composite_tradeoff_20260819\stress_cache\fake_113__combined_heavy.png	filtered_fake	0.908507	1
C:\My_Project\AIGC\results\research\p1_r8_shadow_composite_tradeoff_20260819\stress_cache\fake_113__eye_enlarging.png	filtered_fake	0.876049	1
C:\My_Project\AIGC\results\research\p1_r8_shadow_composite_tradeoff_20260819\stress_cache\fake_113__face_reshaping.png	filtered_fake	0.763297	1
C:\My_Project\AIGC\results\research\p1_r8_shadow_composite_tradeoff_20260819\stress_cache\fake_114__smoothing_light.png	filtered_fake	0.943049	1
C:\My_Project\AIGC\results\research\p1_r8_shadow_composite_tradeoff_20260819\stress_cache\fake_114__smoothing_medium.png	filtered_fake	0.946400	1
C:\My_Project\AIGC\results\research\p1_r8_shadow_composite_tradeoff_20260819\stress_cache\fake_114__smoothing_heavy.png	filtered_fake	0.950441	1
C:\My_Project\AIGC\results\research\p1_r8_shadow_composite_tradeoff_20260819\stress_cache\fake_114__whitening_medium.png	filtered_fake	0.943513	1
C:\My_Project\AIGC\results\research\p1_r8_shadow_composite_tradeoff_20260819\stress_cache\fake_114__combined_medium.png	filtered_fake	0.951882	1
C:\My_Project\AIGC\results\research\p1_r8_shadow_composite_tradeoff_20260819\stress_cache\fake_114__combined_heavy.png	filtered_fake	0.950269	1
C:\My_Project\AIGC\results\research\p1_r8_shadow_composite_tradeoff_20260819\stress_cache\fake_114__eye_enlarging.png	filtered_fake	0.934434	1
C:\My_Project\AIGC\results\research\p1_r8_shadow_composite_tradeoff_20260819\stress_cache\fake_114__face_reshaping.png	filtered_fake	0.917180	1
C:\My_Project\AIGC\results\research\p1_r8_shadow_composite_tradeoff_20260819\stress_cache\fake_115__smoothing_light.png	filtered_fake	0.937127	1
C:\My_Project\AIGC\results\research\p1_r8_shadow_composite_tradeoff_20260819\stress_cache\fake_115__smoothing_medium.png	filtered_fake	0.946544	1
C:\My_Project\AIGC\results\research\p1_r8_shadow_composite_tradeoff_20260819\stress_cache\fake_115__smoothing_heavy.png	filtered_fake	0.946582	1
C:\My_Project\AIGC\results\research\p1_r8_shadow_composite_tradeoff_20260819\stress_cache\fake_115__whitening_medium.png	filtered_fake	0.943707	1
C:\My_Project\AIGC\results\research\p1_r8_shadow_composite_tradeoff_20260819\stress_cache\fake_115__combined_medium.png	filtered_fake	0.943839	1
C:\My_Project\AIGC\results\research\p1_r8_shadow_composite_tradeoff_20260819\stress_cache\fake_115__combined_heavy.png	filtered_fake	0.943578	1
C:\My_Project\AIGC\results\research\p1_r8_shadow_composite_tradeoff_20260819\stress_cache\fake_115__eye_enlarging.png	filtered_fake	0.923891	1
C:\My_Project\AIGC\results\research\p1_r8_shadow_composite_tradeoff_20260819\stress_cache\fake_115__face_reshaping.png	filtered_fake	0.934605	1
C:\My_Project\AIGC\results\research\p1_r8_shadow_composite_tradeoff_20260819\stress_cache\fake_116__smoothing_light.png	filtered_fake	0.945951	1
C:\My_Project\AIGC\results\research\p1_r8_shadow_composite_tradeoff_20260819\stress_cache\fake_116__smoothing_medium.png	filtered_fake	0.953484	1
C:\My_Project\AIGC\results\research\p1_r8_shadow_composite_tradeoff_20260819\stress_cache\fake_116__smoothing_heavy.png	filtered_fake	0.957799	1
C:\My_Project\AIGC\results\research\p1_r8_shadow_composite_tradeoff_20260819\stress_cache\fake_116__whitening_medium.png	filtered_fake	0.948408	1
C:\My_Project\AIGC\results\research\p1_r8_shadow_composite_tradeoff_20260819\stress_cache\fake_116__combined_medium.png	filtered_fake	0.957055	1
C:\My_Project\AIGC\results\research\p1_r8_shadow_composite_tradeoff_20260819\stress_cache\fake_116__combined_heavy.png	filtered_fake	0.962372	1
C:\My_Project\AIGC\results\research\p1_r8_shadow_composite_tradeoff_20260819\stress_cache\fake_116__eye_enlarging.png	filtered_fake	0.943765	1
C:\My_Project\AIGC\results\research\p1_r8_shadow_composite_tradeoff_20260819\stress_cache\fake_116__face_reshaping.png	filtered_fake	0.942262	1
C:\My_Project\AIGC\results\research\p1_r8_shadow_composite_tradeoff_20260819\stress_cache\fake_117__smoothing_light.png	filtered_fake	0.947063	1
C:\My_Project\AIGC\results\research\p1_r8_shadow_composite_tradeoff_20260819\stress_cache\fake_117__smoothing_medium.png	filtered_fake	0.946595	1
C:\My_Project\AIGC\results\research\p1_r8_shadow_composite_tradeoff_20260819\stress_cache\fake_117__smoothing_heavy.png	filtered_fake	0.947182	1
C:\My_Project\AIGC\results\research\p1_r8_shadow_composite_tradeoff_20260819\stress_cache\fake_117__whitening_medium.png	filtered_fake	0.946466	1
C:\My_Project\AIGC\results\research\p1_r8_shadow_composite_tradeoff_20260819\stress_cache\fake_117__combined_medium.png	filtered_fake	0.951524	1
C:\My_Project\AIGC\results\research\p1_r8_shadow_composite_tradeoff_20260819\stress_cache\fake_117__combined_heavy.png	filtered_fake	0.953270	1
C:\My_Project\AIGC\results\research\p1_r8_shadow_composite_tradeoff_20260819\stress_cache\fake_117__eye_enlarging.png	filtered_fake	0.946204	1
C:\My_Project\AIGC\results\research\p1_r8_shadow_composite_tradeoff_20260819\stress_cache\fake_117__face_reshaping.png	filtered_fake	0.947747	1
C:\My_Project\AIGC\results\research\p1_r8_shadow_composite_tradeoff_20260819\stress_cache\fake_118__smoothing_light.png	filtered_fake	0.943619	1
C:\My_Project\AIGC\results\research\p1_r8_shadow_composite_tradeoff_20260819\stress_cache\fake_118__smoothing_medium.png	filtered_fake	0.949919	1
C:\My_Project\AIGC\results\research\p1_r8_shadow_composite_tradeoff_20260819\stress_cache\fake_118__smoothing_heavy.png	filtered_fake	0.947727	1
C:\My_Project\AIGC\results\research\p1_r8_shadow_composite_tradeoff_20260819\stress_cache\fake_118__whitening_medium.png	filtered_fake	0.908857	1
C:\My_Project\AIGC\results\research\p1_r8_shadow_composite_tradeoff_20260819\stress_cache\fake_118__combined_medium.png	filtered_fake	0.953643	1
C:\My_Project\AIGC\results\research\p1_r8_shadow_composite_tradeoff_20260819\stress_cache\fake_118__combined_heavy.png	filtered_fake	0.950072	1
C:\My_Project\AIGC\results\research\p1_r8_shadow_composite_tradeoff_20260819\stress_cache\fake_118__eye_enlarging.png	filtered_fake	0.922523	1
C:\My_Project\AIGC\results\research\p1_r8_shadow_composite_tradeoff_20260819\stress_cache\fake_118__face_reshaping.png	filtered_fake	0.941577	1
C:\My_Project\AIGC\results\research\p1_r8_shadow_composite_tradeoff_20260819\stress_cache\fake_119__smoothing_light.png	filtered_fake	0.943557	1
C:\My_Project\AIGC\results\research\p1_r8_shadow_composite_tradeoff_20260819\stress_cache\fake_119__smoothing_medium.png	filtered_fake	0.952909	1
C:\My_Project\AIGC\results\research\p1_r8_shadow_composite_tradeoff_20260819\stress_cache\fake_119__smoothing_heavy.png	filtered_fake	0.953193	1
C:\My_Project\AIGC\results\research\p1_r8_shadow_composite_tradeoff_20260819\stress_cache\fake_119__whitening_medium.png	filtered_fake	0.088930	0
C:\My_Project\AIGC\results\research\p1_r8_shadow_composite_tradeoff_20260819\stress_cache\fake_119__combined_medium.png	filtered_fake	0.953546	1
C:\My_Project\AIGC\results\research\p1_r8_shadow_composite_tradeoff_20260819\stress_cache\fake_119__combined_heavy.png	filtered_fake	0.954601	1
C:\My_Project\AIGC\results\research\p1_r8_shadow_composite_tradeoff_20260819\stress_cache\fake_119__eye_enlarging.png	filtered_fake	0.545918	1
C:\My_Project\AIGC\results\research\p1_r8_shadow_composite_tradeoff_20260819\stress_cache\fake_119__face_reshaping.png	filtered_fake	0.584225	1
C:\My_Project\AIGC\results\research\p1_r8_shadow_composite_tradeoff_20260819\stress_cache\fake_120__smoothing_light.png	filtered_fake	0.931567	1
C:\My_Project\AIGC\results\research\p1_r8_shadow_composite_tradeoff_20260819\stress_cache\fake_120__smoothing_medium.png	filtered_fake	0.945619	1
C:\My_Project\AIGC\results\research\p1_r8_shadow_composite_tradeoff_20260819\stress_cache\fake_120__smoothing_heavy.png	filtered_fake	0.941191	1
C:\My_Project\AIGC\results\research\p1_r8_shadow_composite_tradeoff_20260819\stress_cache\fake_120__whitening_medium.png	filtered_fake	0.732771	1
C:\My_Project\AIGC\results\research\p1_r8_shadow_composite_tradeoff_20260819\stress_cache\fake_120__combined_medium.png	filtered_fake	0.944687	1
C:\My_Project\AIGC\results\research\p1_r8_shadow_composite_tradeoff_20260819\stress_cache\fake_120__combined_heavy.png	filtered_fake	0.943859	1
C:\My_Project\AIGC\results\research\p1_r8_shadow_composite_tradeoff_20260819\stress_cache\fake_120__eye_enlarging.png	filtered_fake	0.082143	0
C:\My_Project\AIGC\results\research\p1_r8_shadow_composite_tradeoff_20260819\stress_cache\fake_120__face_reshaping.png	filtered_fake	0.234643	0
C:\My_Project\AIGC\results\research\p1_r8_shadow_composite_tradeoff_20260819\stress_cache\fake_121__whitening_medium.png	filtered_fake	0.140686	0
C:\My_Project\AIGC\results\research\p1_r8_shadow_composite_tradeoff_20260819\stress_cache\fake_122__smoothing_light.png	filtered_fake	0.939020	1
C:\My_Project\AIGC\results\research\p1_r8_shadow_composite_tradeoff_20260819\stress_cache\fake_122__smoothing_medium.png	filtered_fake	0.943072	1
C:\My_Project\AIGC\results\research\p1_r8_shadow_composite_tradeoff_20260819\stress_cache\fake_122__smoothing_heavy.png	filtered_fake	0.947421	1
C:\My_Project\AIGC\results\research\p1_r8_shadow_composite_tradeoff_20260819\stress_cache\fake_122__whitening_medium.png	filtered_fake	0.946663	1
C:\My_Project\AIGC\results\research\p1_r8_shadow_composite_tradeoff_20260819\stress_cache\fake_122__combined_medium.png	filtered_fake	0.936975	1
C:\My_Project\AIGC\results\research\p1_r8_shadow_composite_tradeoff_20260819\stress_cache\fake_122__combined_heavy.png	filtered_fake	0.947334	1
C:\My_Project\AIGC\results\research\p1_r8_shadow_composite_tradeoff_20260819\stress_cache\fake_122__eye_enlarging.png	filtered_fake	0.946180	1
C:\My_Project\AIGC\results\research\p1_r8_shadow_composite_tradeoff_20260819\stress_cache\fake_122__face_reshaping.png	filtered_fake	0.943417	1
C:\My_Project\AIGC\results\research\p1_r8_shadow_composite_tradeoff_20260819\stress_cache\fake_123__smoothing_light.png	filtered_fake	0.927436	1
C:\My_Project\AIGC\results\research\p1_r8_shadow_composite_tradeoff_20260819\stress_cache\fake_123__smoothing_medium.png	filtered_fake	0.943592	1
C:\My_Project\AIGC\results\research\p1_r8_shadow_composite_tradeoff_20260819\stress_cache\fake_123__smoothing_heavy.png	filtered_fake	0.944550	1
C:\My_Project\AIGC\results\research\p1_r8_shadow_composite_tradeoff_20260819\stress_cache\fake_123__whitening_medium.png	filtered_fake	0.059546	0
C:\My_Project\AIGC\results\research\p1_r8_shadow_composite_tradeoff_20260819\stress_cache\fake_123__combined_medium.png	filtered_fake	0.939139	1
C:\My_Project\AIGC\results\research\p1_r8_shadow_composite_tradeoff_20260819\stress_cache\fake_123__combined_heavy.png	filtered_fake	0.944726	1
C:\My_Project\AIGC\results\research\p1_r8_shadow_composite_tradeoff_20260819\stress_cache\fake_123__eye_enlarging.png	filtered_fake	0.038863	0
C:\My_Project\AIGC\results\research\p1_r8_shadow_composite_tradeoff_20260819\stress_cache\fake_123__face_reshaping.png	filtered_fake	0.065496	0
C:\My_Project\AIGC\results\research\p1_r8_shadow_composite_tradeoff_20260819\stress_cache\fake_124__smoothing_light.png	filtered_fake	0.909593	1
C:\My_Project\AIGC\results\research\p1_r8_shadow_composite_tradeoff_20260819\stress_cache\fake_124__smoothing_medium.png	filtered_fake	0.921923	1
C:\My_Project\AIGC\results\research\p1_r8_shadow_composite_tradeoff_20260819\stress_cache\fake_124__smoothing_heavy.png	filtered_fake	0.919178	1
C:\My_Project\AIGC\results\research\p1_r8_shadow_composite_tradeoff_20260819\stress_cache\fake_124__whitening_medium.png	filtered_fake	0.560610	1
C:\My_Project\AIGC\results\research\p1_r8_shadow_composite_tradeoff_20260819\stress_cache\fake_124__combined_medium.png	filtered_fake	0.929667	1
C:\My_Project\AIGC\results\research\p1_r8_shadow_composite_tradeoff_20260819\stress_cache\fake_124__combined_heavy.png	filtered_fake	0.932084	1
C:\My_Project\AIGC\results\research\p1_r8_shadow_composite_tradeoff_20260819\stress_cache\fake_124__eye_enlarging.png	filtered_fake	0.387477	0
C:\My_Project\AIGC\results\research\p1_r8_shadow_composite_tradeoff_20260819\stress_cache\fake_124__face_reshaping.png	filtered_fake	0.619250	1
C:\My_Project\AIGC\results\research\p1_r8_shadow_composite_tradeoff_20260819\stress_cache\fake_125__smoothing_light.png	filtered_fake	0.925501	1
C:\My_Project\AIGC\results\research\p1_r8_shadow_composite_tradeoff_20260819\stress_cache\fake_125__smoothing_medium.png	filtered_fake	0.932907	1
C:\My_Project\AIGC\results\research\p1_r8_shadow_composite_tradeoff_20260819\stress_cache\fake_125__smoothing_heavy.png	filtered_fake	0.924048	1
C:\My_Project\AIGC\results\research\p1_r8_shadow_composite_tradeoff_20260819\stress_cache\fake_125__whitening_medium.png	filtered_fake	0.588012	1
C:\My_Project\AIGC\results\research\p1_r8_shadow_composite_tradeoff_20260819\stress_cache\fake_125__combined_medium.png	filtered_fake	0.928758	1
C:\My_Project\AIGC\results\research\p1_r8_shadow_composite_tradeoff_20260819\stress_cache\fake_125__combined_heavy.png	filtered_fake	0.933326	1
C:\My_Project\AIGC\results\research\p1_r8_shadow_composite_tradeoff_20260819\stress_cache\fake_125__eye_enlarging.png	filtered_fake	0.743470	1
C:\My_Project\AIGC\results\research\p1_r8_shadow_composite_tradeoff_20260819\stress_cache\fake_125__face_reshaping.png	filtered_fake	0.752955	1
C:\My_Project\AIGC\results\research\p1_r8_shadow_composite_tradeoff_20260819\stress_cache\fake_126__smoothing_light.png	filtered_fake	0.914133	1
C:\My_Project\AIGC\results\research\p1_r8_shadow_composite_tradeoff_20260819\stress_cache\fake_126__smoothing_medium.png	filtered_fake	0.945219	1
C:\My_Project\AIGC\results\research\p1_r8_shadow_composite_tradeoff_20260819\stress_cache\fake_126__smoothing_heavy.png	filtered_fake	0.934732	1
C:\My_Project\AIGC\results\research\p1_r8_shadow_composite_tradeoff_20260819\stress_cache\fake_126__whitening_medium.png	filtered_fake	0.836411	1
C:\My_Project\AIGC\results\research\p1_r8_shadow_composite_tradeoff_20260819\stress_cache\fake_126__combined_medium.png	filtered_fake	0.944595	1
C:\My_Project\AIGC\results\research\p1_r8_shadow_composite_tradeoff_20260819\stress_cache\fake_126__combined_heavy.png	filtered_fake	0.938891	1
C:\My_Project\AIGC\results\research\p1_r8_shadow_composite_tradeoff_20260819\stress_cache\fake_126__eye_enlarging.png	filtered_fake	0.554232	1
C:\My_Project\AIGC\results\research\p1_r8_shadow_composite_tradeoff_20260819\stress_cache\fake_126__face_reshaping.png	filtered_fake	0.527620	1
C:\My_Project\AIGC\results\research\p1_r8_shadow_composite_tradeoff_20260819\stress_cache\fake_127__smoothing_light.png	filtered_fake	0.938708	1
C:\My_Project\AIGC\results\research\p1_r8_shadow_composite_tradeoff_20260819\stress_cache\fake_127__smoothing_medium.png	filtered_fake	0.936679	1
C:\My_Project\AIGC\results\research\p1_r8_shadow_composite_tradeoff_20260819\stress_cache\fake_127__smoothing_heavy.png	filtered_fake	0.942251	1
C:\My_Project\AIGC\results\research\p1_r8_shadow_composite_tradeoff_20260819\stress_cache\fake_127__whitening_medium.png	filtered_fake	0.946524	1
C:\My_Project\AIGC\results\research\p1_r8_shadow_composite_tradeoff_20260819\stress_cache\fake_127__combined_medium.png	filtered_fake	0.940634	1
C:\My_Project\AIGC\results\research\p1_r8_shadow_composite_tradeoff_20260819\stress_cache\fake_127__combined_heavy.png	filtered_fake	0.941111	1
C:\My_Project\AIGC\results\research\p1_r8_shadow_composite_tradeoff_20260819\stress_cache\fake_127__eye_enlarging.png	filtered_fake	0.943171	1
C:\My_Project\AIGC\results\research\p1_r8_shadow_composite_tradeoff_20260819\stress_cache\fake_127__face_reshaping.png	filtered_fake	0.946550	1
C:\My_Project\AIGC\results\research\p1_r8_shadow_composite_tradeoff_20260819\stress_cache\fake_128__smoothing_light.png	filtered_fake	0.933327	1
C:\My_Project\AIGC\results\research\p1_r8_shadow_composite_tradeoff_20260819\stress_cache\fake_128__smoothing_medium.png	filtered_fake	0.945537	1
C:\My_Project\AIGC\results\research\p1_r8_shadow_composite_tradeoff_20260819\stress_cache\fake_128__smoothing_heavy.png	filtered_fake	0.946779	1
C:\My_Project\AIGC\results\research\p1_r8_shadow_composite_tradeoff_20260819\stress_cache\fake_128__whitening_medium.png	filtered_fake	0.940954	1
C:\My_Project\AIGC\results\research\p1_r8_shadow_composite_tradeoff_20260819\stress_cache\fake_128__combined_medium.png	filtered_fake	0.948213	1
C:\My_Project\AIGC\results\research\p1_r8_shadow_composite_tradeoff_20260819\stress_cache\fake_128__combined_heavy.png	filtered_fake	0.944201	1
C:\My_Project\AIGC\results\research\p1_r8_shadow_composite_tradeoff_20260819\stress_cache\fake_128__eye_enlarging.png	filtered_fake	0.163106	0
C:\My_Project\AIGC\results\research\p1_r8_shadow_composite_tradeoff_20260819\stress_cache\fake_128__face_reshaping.png	filtered_fake	0.940990	1
C:\My_Project\AIGC\results\research\p1_r8_shadow_composite_tradeoff_20260819\stress_cache\fake_129__smoothing_light.png	filtered_fake	0.931484	1
C:\My_Project\AIGC\results\research\p1_r8_shadow_composite_tradeoff_20260819\stress_cache\fake_129__smoothing_medium.png	filtered_fake	0.944488	1
C:\My_Project\AIGC\results\research\p1_r8_shadow_composite_tradeoff_20260819\stress_cache\fake_129__smoothing_heavy.png	filtered_fake	0.941362	1
C:\My_Project\AIGC\results\research\p1_r8_shadow_composite_tradeoff_20260819\stress_cache\fake_129__whitening_medium.png	filtered_fake	0.150674	0
C:\My_Project\AIGC\results\research\p1_r8_shadow_composite_tradeoff_20260819\stress_cache\fake_129__combined_medium.png	filtered_fake	0.944817	1
C:\My_Project\AIGC\results\research\p1_r8_shadow_composite_tradeoff_20260819\stress_cache\fake_129__combined_heavy.png	filtered_fake	0.947298	1
C:\My_Project\AIGC\results\research\p1_r8_shadow_composite_tradeoff_20260819\stress_cache\fake_129__eye_enlarging.png	filtered_fake	0.141331	0
C:\My_Project\AIGC\results\research\p1_r8_shadow_composite_tradeoff_20260819\stress_cache\fake_129__face_reshaping.png	filtered_fake	0.035055	0
C:\My_Project\AIGC\results\research\p1_r8_shadow_composite_tradeoff_20260819\stress_cache\fake_130__smoothing_light.png	filtered_fake	0.939187	1
C:\My_Project\AIGC\results\research\p1_r8_shadow_composite_tradeoff_20260819\stress_cache\fake_130__smoothing_medium.png	filtered_fake	0.943495	1
C:\My_Project\AIGC\results\research\p1_r8_shadow_composite_tradeoff_20260819\stress_cache\fake_130__smoothing_heavy.png	filtered_fake	0.945765	1
C:\My_Project\AIGC\results\research\p1_r8_shadow_composite_tradeoff_20260819\stress_cache\fake_130__whitening_medium.png	filtered_fake	0.951885	1
C:\My_Project\AIGC\results\research\p1_r8_shadow_composite_tradeoff_20260819\stress_cache\fake_130__combined_medium.png	filtered_fake	0.942982	1
C:\My_Project\AIGC\results\research\p1_r8_shadow_composite_tradeoff_20260819\stress_cache\fake_130__combined_heavy.png	filtered_fake	0.944012	1
C:\My_Project\AIGC\results\research\p1_r8_shadow_composite_tradeoff_20260819\stress_cache\fake_130__eye_enlarging.png	filtered_fake	0.949458	1
C:\My_Project\AIGC\results\research\p1_r8_shadow_composite_tradeoff_20260819\stress_cache\fake_130__face_reshaping.png	filtered_fake	0.945435	1
C:\My_Project\AIGC\results\research\p1_r8_shadow_composite_tradeoff_20260819\stress_cache\fake_131__smoothing_light.png	filtered_fake	0.926944	1
C:\My_Project\AIGC\results\research\p1_r8_shadow_composite_tradeoff_20260819\stress_cache\fake_131__smoothing_medium.png	filtered_fake	0.944332	1
C:\My_Project\AIGC\results\research\p1_r8_shadow_composite_tradeoff_20260819\stress_cache\fake_131__smoothing_heavy.png	filtered_fake	0.942784	1
C:\My_Project\AIGC\results\research\p1_r8_shadow_composite_tradeoff_20260819\stress_cache\fake_131__whitening_medium.png	filtered_fake	0.784453	1
C:\My_Project\AIGC\results\research\p1_r8_shadow_composite_tradeoff_20260819\stress_cache\fake_131__combined_medium.png	filtered_fake	0.944055	1
C:\My_Project\AIGC\results\research\p1_r8_shadow_composite_tradeoff_20260819\stress_cache\fake_131__combined_heavy.png	filtered_fake	0.948267	1
C:\My_Project\AIGC\results\research\p1_r8_shadow_composite_tradeoff_20260819\stress_cache\fake_131__eye_enlarging.png	filtered_fake	0.936390	1
C:\My_Project\AIGC\results\research\p1_r8_shadow_composite_tradeoff_20260819\stress_cache\fake_131__face_reshaping.png	filtered_fake	0.932421	1
C:\My_Project\AIGC\results\research\p1_r8_shadow_composite_tradeoff_20260819\stress_cache\fake_132__smoothing_light.png	filtered_fake	0.157164	0
C:\My_Project\AIGC\results\research\p1_r8_shadow_composite_tradeoff_20260819\stress_cache\fake_132__smoothing_medium.png	filtered_fake	0.411807	0
C:\My_Project\AIGC\results\research\p1_r8_shadow_composite_tradeoff_20260819\stress_cache\fake_132__smoothing_heavy.png	filtered_fake	0.057104	0
C:\My_Project\AIGC\results\research\p1_r8_shadow_composite_tradeoff_20260819\stress_cache\fake_132__whitening_medium.png	filtered_fake	0.041360	0
C:\My_Project\AIGC\results\research\p1_r8_shadow_composite_tradeoff_20260819\stress_cache\fake_132__combined_medium.png	filtered_fake	0.272863	0
C:\My_Project\AIGC\results\research\p1_r8_shadow_composite_tradeoff_20260819\stress_cache\fake_132__combined_heavy.png	filtered_fake	0.244234	0
C:\My_Project\AIGC\results\research\p1_r8_shadow_composite_tradeoff_20260819\stress_cache\fake_132__eye_enlarging.png	filtered_fake	0.042134	0
C:\My_Project\AIGC\results\research\p1_r8_shadow_composite_tradeoff_20260819\stress_cache\fake_132__face_reshaping.png	filtered_fake	0.044565	0
C:\My_Project\AIGC\results\research\p1_r8_shadow_composite_tradeoff_20260819\stress_cache\fake_133__smoothing_light.png	filtered_fake	0.576854	1
C:\My_Project\AIGC\results\research\p1_r8_shadow_composite_tradeoff_20260819\stress_cache\fake_133__smoothing_medium.png	filtered_fake	0.921711	1
C:\My_Project\AIGC\results\research\p1_r8_shadow_composite_tradeoff_20260819\stress_cache\fake_133__smoothing_heavy.png	filtered_fake	0.820226	1
C:\My_Project\AIGC\results\research\p1_r8_shadow_composite_tradeoff_20260819\stress_cache\fake_133__whitening_medium.png	filtered_fake	0.061370	0
C:\My_Project\AIGC\results\research\p1_r8_shadow_composite_tradeoff_20260819\stress_cache\fake_133__combined_medium.png	filtered_fake	0.920376	1
C:\My_Project\AIGC\results\research\p1_r8_shadow_composite_tradeoff_20260819\stress_cache\fake_133__combined_heavy.png	filtered_fake	0.741606	1
C:\My_Project\AIGC\results\research\p1_r8_shadow_composite_tradeoff_20260819\stress_cache\fake_133__eye_enlarging.png	filtered_fake	0.344650	0
C:\My_Project\AIGC\results\research\p1_r8_shadow_composite_tradeoff_20260819\stress_cache\fake_133__face_reshaping.png	filtered_fake	0.763920	1
C:\My_Project\AIGC\results\research\p1_r8_shadow_composite_tradeoff_20260819\stress_cache\fake_134__smoothing_light.png	filtered_fake	0.921828	1
C:\My_Project\AIGC\results\research\p1_r8_shadow_composite_tradeoff_20260819\stress_cache\fake_134__smoothing_medium.png	filtered_fake	0.927510	1
C:\My_Project\AIGC\results\research\p1_r8_shadow_composite_tradeoff_20260819\stress_cache\fake_134__smoothing_heavy.png	filtered_fake	0.916143	1
C:\My_Project\AIGC\results\research\p1_r8_shadow_composite_tradeoff_20260819\stress_cache\fake_134__whitening_medium.png	filtered_fake	0.934658	1
C:\My_Project\AIGC\results\research\p1_r8_shadow_composite_tradeoff_20260819\stress_cache\fake_134__combined_medium.png	filtered_fake	0.914487	1
C:\My_Project\AIGC\results\research\p1_r8_shadow_composite_tradeoff_20260819\stress_cache\fake_134__combined_heavy.png	filtered_fake	0.895776	1
C:\My_Project\AIGC\results\research\p1_r8_shadow_composite_tradeoff_20260819\stress_cache\fake_134__eye_enlarging.png	filtered_fake	0.774867	1
C:\My_Project\AIGC\results\research\p1_r8_shadow_composite_tradeoff_20260819\stress_cache\fake_134__face_reshaping.png	filtered_fake	0.918090	1
C:\My_Project\AIGC\results\research\p1_r8_shadow_composite_tradeoff_20260819\stress_cache\fake_135__smoothing_light.png	filtered_fake	0.874009	1
C:\My_Project\AIGC\results\research\p1_r8_shadow_composite_tradeoff_20260819\stress_cache\fake_135__smoothing_medium.png	filtered_fake	0.929789	1
C:\My_Project\AIGC\results\research\p1_r8_shadow_composite_tradeoff_20260819\stress_cache\fake_135__smoothing_heavy.png	filtered_fake	0.943263	1
C:\My_Project\AIGC\results\research\p1_r8_shadow_composite_tradeoff_20260819\stress_cache\fake_135__whitening_medium.png	filtered_fake	0.627472	1
C:\My_Project\AIGC\results\research\p1_r8_shadow_composite_tradeoff_20260819\stress_cache\fake_135__combined_medium.png	filtered_fake	0.946136	1
C:\My_Project\AIGC\results\research\p1_r8_shadow_composite_tradeoff_20260819\stress_cache\fake_135__combined_heavy.png	filtered_fake	0.950396	1
C:\My_Project\AIGC\results\research\p1_r8_shadow_composite_tradeoff_20260819\stress_cache\fake_135__eye_enlarging.png	filtered_fake	0.623518	1
C:\My_Project\AIGC\results\research\p1_r8_shadow_composite_tradeoff_20260819\stress_cache\fake_135__face_reshaping.png	filtered_fake	0.572964	1
C:\My_Project\AIGC\results\research\p1_r8_shadow_composite_tradeoff_20260819\stress_cache\fake_136__smoothing_light.png	filtered_fake	0.940133	1
C:\My_Project\AIGC\results\research\p1_r8_shadow_composite_tradeoff_20260819\stress_cache\fake_136__smoothing_medium.png	filtered_fake	0.947571	1
C:\My_Project\AIGC\results\research\p1_r8_shadow_composite_tradeoff_20260819\stress_cache\fake_136__smoothing_heavy.png	filtered_fake	0.948529	1
C:\My_Project\AIGC\results\research\p1_r8_shadow_composite_tradeoff_20260819\stress_cache\fake_136__whitening_medium.png	filtered_fake	0.941734	1
C:\My_Project\AIGC\results\research\p1_r8_shadow_composite_tradeoff_20260819\stress_cache\fake_136__combined_medium.png	filtered_fake	0.949137	1
C:\My_Project\AIGC\results\research\p1_r8_shadow_composite_tradeoff_20260819\stress_cache\fake_136__combined_heavy.png	filtered_fake	0.945557	1
C:\My_Project\AIGC\results\research\p1_r8_shadow_composite_tradeoff_20260819\stress_cache\fake_136__eye_enlarging.png	filtered_fake	0.950526	1
C:\My_Project\AIGC\results\research\p1_r8_shadow_composite_tradeoff_20260819\stress_cache\fake_136__face_reshaping.png	filtered_fake	0.943230	1
C:\My_Project\AIGC\results\research\p1_r8_shadow_composite_tradeoff_20260819\stress_cache\fake_137__smoothing_light.png	filtered_fake	0.938985	1
C:\My_Project\AIGC\results\research\p1_r8_shadow_composite_tradeoff_20260819\stress_cache\fake_137__smoothing_medium.png	filtered_fake	0.948191	1
C:\My_Project\AIGC\results\research\p1_r8_shadow_composite_tradeoff_20260819\stress_cache\fake_137__smoothing_heavy.png	filtered_fake	0.946977	1
C:\My_Project\AIGC\results\research\p1_r8_shadow_composite_tradeoff_20260819\stress_cache\fake_137__whitening_medium.png	filtered_fake	0.949417	1
C:\My_Project\AIGC\results\research\p1_r8_shadow_composite_tradeoff_20260819\stress_cache\fake_137__combined_medium.png	filtered_fake	0.950752	1
C:\My_Project\AIGC\results\research\p1_r8_shadow_composite_tradeoff_20260819\stress_cache\fake_137__combined_heavy.png	filtered_fake	0.948547	1
C:\My_Project\AIGC\results\research\p1_r8_shadow_composite_tradeoff_20260819\stress_cache\fake_137__eye_enlarging.png	filtered_fake	0.956461	1
C:\My_Project\AIGC\results\research\p1_r8_shadow_composite_tradeoff_20260819\stress_cache\fake_137__face_reshaping.png	filtered_fake	0.946883	1
C:\My_Project\AIGC\results\research\p1_r8_shadow_composite_tradeoff_20260819\stress_cache\fake_138__smoothing_light.png	filtered_fake	0.892790	1
C:\My_Project\AIGC\results\research\p1_r8_shadow_composite_tradeoff_20260819\stress_cache\fake_138__smoothing_medium.png	filtered_fake	0.939537	1
C:\My_Project\AIGC\results\research\p1_r8_shadow_composite_tradeoff_20260819\stress_cache\fake_138__smoothing_heavy.png	filtered_fake	0.929193	1
C:\My_Project\AIGC\results\research\p1_r8_shadow_composite_tradeoff_20260819\stress_cache\fake_138__whitening_medium.png	filtered_fake	0.195135	0
C:\My_Project\AIGC\results\research\p1_r8_shadow_composite_tradeoff_20260819\stress_cache\fake_138__combined_medium.png	filtered_fake	0.944956	1
C:\My_Project\AIGC\results\research\p1_r8_shadow_composite_tradeoff_20260819\stress_cache\fake_138__combined_heavy.png	filtered_fake	0.943620	1
C:\My_Project\AIGC\results\research\p1_r8_shadow_composite_tradeoff_20260819\stress_cache\fake_138__eye_enlarging.png	filtered_fake	0.233901	0
C:\My_Project\AIGC\results\research\p1_r8_shadow_composite_tradeoff_20260819\stress_cache\fake_138__face_reshaping.png	filtered_fake	0.599013	1
C:\My_Project\AIGC\results\research\p1_r8_shadow_composite_tradeoff_20260819\stress_cache\fake_139__smoothing_light.png	filtered_fake	0.910184	1
C:\My_Project\AIGC\results\research\p1_r8_shadow_composite_tradeoff_20260819\stress_cache\fake_139__smoothing_medium.png	filtered_fake	0.931048	1
C:\My_Project\AIGC\results\research\p1_r8_shadow_composite_tradeoff_20260819\stress_cache\fake_139__smoothing_heavy.png	filtered_fake	0.937174	1
C:\My_Project\AIGC\results\research\p1_r8_shadow_composite_tradeoff_20260819\stress_cache\fake_139__whitening_medium.png	filtered_fake	0.074479	0
C:\My_Project\AIGC\results\research\p1_r8_shadow_composite_tradeoff_20260819\stress_cache\fake_139__combined_medium.png	filtered_fake	0.936162	1
C:\My_Project\AIGC\results\research\p1_r8_shadow_composite_tradeoff_20260819\stress_cache\fake_139__combined_heavy.png	filtered_fake	0.936245	1
C:\My_Project\AIGC\results\research\p1_r8_shadow_composite_tradeoff_20260819\stress_cache\fake_139__eye_enlarging.png	filtered_fake	0.093442	0
C:\My_Project\AIGC\results\research\p1_r8_shadow_composite_tradeoff_20260819\stress_cache\fake_139__face_reshaping.png	filtered_fake	0.083700	0
C:\My_Project\AIGC\results\research\p1_r8_shadow_composite_tradeoff_20260819\stress_cache\fake_140__smoothing_light.png	filtered_fake	0.941324	1
C:\My_Project\AIGC\results\research\p1_r8_shadow_composite_tradeoff_20260819\stress_cache\fake_140__smoothing_medium.png	filtered_fake	0.939477	1
C:\My_Project\AIGC\results\research\p1_r8_shadow_composite_tradeoff_20260819\stress_cache\fake_140__smoothing_heavy.png	filtered_fake	0.942057	1
C:\My_Project\AIGC\results\research\p1_r8_shadow_composite_tradeoff_20260819\stress_cache\fake_140__whitening_medium.png	filtered_fake	0.074663	0
C:\My_Project\AIGC\results\research\p1_r8_shadow_composite_tradeoff_20260819\stress_cache\fake_140__combined_medium.png	filtered_fake	0.942297	1
C:\My_Project\AIGC\results\research\p1_r8_shadow_composite_tradeoff_20260819\stress_cache\fake_140__combined_heavy.png	filtered_fake	0.945826	1
C:\My_Project\AIGC\results\research\p1_r8_shadow_composite_tradeoff_20260819\stress_cache\fake_140__eye_enlarging.png	filtered_fake	0.101710	0
C:\My_Project\AIGC\results\research\p1_r8_shadow_composite_tradeoff_20260819\stress_cache\fake_140__face_reshaping.png	filtered_fake	0.234728	0
C:\My_Project\AIGC\results\research\p1_r8_shadow_composite_tradeoff_20260819\stress_cache\fake_141__smoothing_light.png	filtered_fake	0.937355	1
C:\My_Project\AIGC\results\research\p1_r8_shadow_composite_tradeoff_20260819\stress_cache\fake_141__smoothing_medium.png	filtered_fake	0.944648	1
C:\My_Project\AIGC\results\research\p1_r8_shadow_composite_tradeoff_20260819\stress_cache\fake_141__smoothing_heavy.png	filtered_fake	0.947692	1
C:\My_Project\AIGC\results\research\p1_r8_shadow_composite_tradeoff_20260819\stress_cache\fake_141__whitening_medium.png	filtered_fake	0.784010	1
C:\My_Project\AIGC\results\research\p1_r8_shadow_composite_tradeoff_20260819\stress_cache\fake_141__combined_medium.png	filtered_fake	0.943471	1
C:\My_Project\AIGC\results\research\p1_r8_shadow_composite_tradeoff_20260819\stress_cache\fake_141__combined_heavy.png	filtered_fake	0.950427	1
C:\My_Project\AIGC\results\research\p1_r8_shadow_composite_tradeoff_20260819\stress_cache\fake_141__eye_enlarging.png	filtered_fake	0.778265	1
C:\My_Project\AIGC\results\research\p1_r8_shadow_composite_tradeoff_20260819\stress_cache\fake_141__face_reshaping.png	filtered_fake	0.920733	1
C:\My_Project\AIGC\results\research\p1_r8_shadow_composite_tradeoff_20260819\stress_cache\fake_142__smoothing_light.png	filtered_fake	0.939098	1
C:\My_Project\AIGC\results\research\p1_r8_shadow_composite_tradeoff_20260819\stress_cache\fake_142__smoothing_medium.png	filtered_fake	0.945206	1
C:\My_Project\AIGC\results\research\p1_r8_shadow_composite_tradeoff_20260819\stress_cache\fake_142__smoothing_heavy.png	filtered_fake	0.939546	1
C:\My_Project\AIGC\results\research\p1_r8_shadow_composite_tradeoff_20260819\stress_cache\fake_142__whitening_medium.png	filtered_fake	0.064530	0
C:\My_Project\AIGC\results\research\p1_r8_shadow_composite_tradeoff_20260819\stress_cache\fake_142__combined_medium.png	filtered_fake	0.941890	1
C:\My_Project\AIGC\results\research\p1_r8_shadow_composite_tradeoff_20260819\stress_cache\fake_142__combined_heavy.png	filtered_fake	0.939600	1
C:\My_Project\AIGC\results\research\p1_r8_shadow_composite_tradeoff_20260819\stress_cache\fake_142__eye_enlarging.png	filtered_fake	0.071931	0
C:\My_Project\AIGC\results\research\p1_r8_shadow_composite_tradeoff_20260819\stress_cache\fake_142__face_reshaping.png	filtered_fake	0.074207	0
C:\My_Project\AIGC\results\research\p1_r8_shadow_composite_tradeoff_20260819\stress_cache\fake_143__smoothing_light.png	filtered_fake	0.935414	1
C:\My_Project\AIGC\results\research\p1_r8_shadow_composite_tradeoff_20260819\stress_cache\fake_143__smoothing_medium.png	filtered_fake	0.949482	1
C:\My_Project\AIGC\results\research\p1_r8_shadow_composite_tradeoff_20260819\stress_cache\fake_143__smoothing_heavy.png	filtered_fake	0.944114	1
C:\My_Project\AIGC\results\research\p1_r8_shadow_composite_tradeoff_20260819\stress_cache\fake_143__whitening_medium.png	filtered_fake	0.458342	0
C:\My_Project\AIGC\results\research\p1_r8_shadow_composite_tradeoff_20260819\stress_cache\fake_143__combined_medium.png	filtered_fake	0.950607	1
C:\My_Project\AIGC\results\research\p1_r8_shadow_composite_tradeoff_20260819\stress_cache\fake_143__combined_heavy.png	filtered_fake	0.946010	1
C:\My_Project\AIGC\results\research\p1_r8_shadow_composite_tradeoff_20260819\stress_cache\fake_143__eye_enlarging.png	filtered_fake	0.811478	1
C:\My_Project\AIGC\results\research\p1_r8_shadow_composite_tradeoff_20260819\stress_cache\fake_143__face_reshaping.png	filtered_fake	0.632833	1
C:\My_Project\AIGC\results\research\p1_r8_shadow_composite_tradeoff_20260819\stress_cache\fake_144__smoothing_light.png	filtered_fake	0.929387	1
C:\My_Project\AIGC\results\research\p1_r8_shadow_composite_tradeoff_20260819\stress_cache\fake_144__smoothing_medium.png	filtered_fake	0.952680	1
C:\My_Project\AIGC\results\research\p1_r8_shadow_composite_tradeoff_20260819\stress_cache\fake_144__smoothing_heavy.png	filtered_fake	0.953049	1
C:\My_Project\AIGC\results\research\p1_r8_shadow_composite_tradeoff_20260819\stress_cache\fake_144__whitening_medium.png	filtered_fake	0.377527	0
C:\My_Project\AIGC\results\research\p1_r8_shadow_composite_tradeoff_20260819\stress_cache\fake_144__combined_medium.png	filtered_fake	0.953495	1
C:\My_Project\AIGC\results\research\p1_r8_shadow_composite_tradeoff_20260819\stress_cache\fake_144__combined_heavy.png	filtered_fake	0.955045	1
C:\My_Project\AIGC\results\research\p1_r8_shadow_composite_tradeoff_20260819\stress_cache\fake_144__eye_enlarging.png	filtered_fake	0.168398	0
C:\My_Project\AIGC\results\research\p1_r8_shadow_composite_tradeoff_20260819\stress_cache\fake_144__face_reshaping.png	filtered_fake	0.093465	0
C:\My_Project\AIGC\results\research\p1_r8_shadow_composite_tradeoff_20260819\stress_cache\fake_145__smoothing_light.png	filtered_fake	0.882582	1
C:\My_Project\AIGC\results\research\p1_r8_shadow_composite_tradeoff_20260819\stress_cache\fake_145__smoothing_medium.png	filtered_fake	0.937514	1
C:\My_Project\AIGC\results\research\p1_r8_shadow_composite_tradeoff_20260819\stress_cache\fake_145__smoothing_heavy.png	filtered_fake	0.921738	1
C:\My_Project\AIGC\results\research\p1_r8_shadow_composite_tradeoff_20260819\stress_cache\fake_145__whitening_medium.png	filtered_fake	0.849727	1
C:\My_Project\AIGC\results\research\p1_r8_shadow_composite_tradeoff_20260819\stress_cache\fake_145__combined_medium.png	filtered_fake	0.928996	1
C:\My_Project\AIGC\results\research\p1_r8_shadow_composite_tradeoff_20260819\stress_cache\fake_145__combined_heavy.png	filtered_fake	0.640605	1
C:\My_Project\AIGC\results\research\p1_r8_shadow_composite_tradeoff_20260819\stress_cache\fake_145__eye_enlarging.png	filtered_fake	0.717010	1
C:\My_Project\AIGC\results\research\p1_r8_shadow_composite_tradeoff_20260819\stress_cache\fake_145__face_reshaping.png	filtered_fake	0.753175	1
C:\My_Project\AIGC\results\research\p1_r8_shadow_composite_tradeoff_20260819\stress_cache\fake_146__smoothing_light.png	filtered_fake	0.898992	1
C:\My_Project\AIGC\results\research\p1_r8_shadow_composite_tradeoff_20260819\stress_cache\fake_146__smoothing_medium.png	filtered_fake	0.918423	1
C:\My_Project\AIGC\results\research\p1_r8_shadow_composite_tradeoff_20260819\stress_cache\fake_146__smoothing_heavy.png	filtered_fake	0.900564	1
C:\My_Project\AIGC\results\research\p1_r8_shadow_composite_tradeoff_20260819\stress_cache\fake_146__whitening_medium.png	filtered_fake	0.874849	1
C:\My_Project\AIGC\results\research\p1_r8_shadow_composite_tradeoff_20260819\stress_cache\fake_146__combined_medium.png	filtered_fake	0.928190	1
C:\My_Project\AIGC\results\research\p1_r8_shadow_composite_tradeoff_20260819\stress_cache\fake_146__combined_heavy.png	filtered_fake	0.935102	1
C:\My_Project\AIGC\results\research\p1_r8_shadow_composite_tradeoff_20260819\stress_cache\fake_146__eye_enlarging.png	filtered_fake	0.943425	1
C:\My_Project\AIGC\results\research\p1_r8_shadow_composite_tradeoff_20260819\stress_cache\fake_146__face_reshaping.png	filtered_fake	0.940887	1
C:\My_Project\AIGC\results\research\p1_r8_shadow_composite_tradeoff_20260819\stress_cache\fake_147__smoothing_light.png	filtered_fake	0.943706	1
C:\My_Project\AIGC\results\research\p1_r8_shadow_composite_tradeoff_20260819\stress_cache\fake_147__smoothing_medium.png	filtered_fake	0.943640	1
C:\My_Project\AIGC\results\research\p1_r8_shadow_composite_tradeoff_20260819\stress_cache\fake_147__smoothing_heavy.png	filtered_fake	0.940600	1
C:\My_Project\AIGC\results\research\p1_r8_shadow_composite_tradeoff_20260819\stress_cache\fake_147__whitening_medium.png	filtered_fake	0.935061	1
C:\My_Project\AIGC\results\research\p1_r8_shadow_composite_tradeoff_20260819\stress_cache\fake_147__combined_medium.png	filtered_fake	0.946213	1
C:\My_Project\AIGC\results\research\p1_r8_shadow_composite_tradeoff_20260819\stress_cache\fake_147__combined_heavy.png	filtered_fake	0.948943	1
C:\My_Project\AIGC\results\research\p1_r8_shadow_composite_tradeoff_20260819\stress_cache\fake_147__eye_enlarging.png	filtered_fake	0.943603	1
C:\My_Project\AIGC\results\research\p1_r8_shadow_composite_tradeoff_20260819\stress_cache\fake_147__face_reshaping.png	filtered_fake	0.941100	1
C:\My_Project\AIGC\results\research\p1_r8_shadow_composite_tradeoff_20260819\stress_cache\fake_148__smoothing_light.png	filtered_fake	0.922176	1
C:\My_Project\AIGC\results\research\p1_r8_shadow_composite_tradeoff_20260819\stress_cache\fake_148__smoothing_medium.png	filtered_fake	0.943961	1
C:\My_Project\AIGC\results\research\p1_r8_shadow_composite_tradeoff_20260819\stress_cache\fake_148__smoothing_heavy.png	filtered_fake	0.938339	1
C:\My_Project\AIGC\results\research\p1_r8_shadow_composite_tradeoff_20260819\stress_cache\fake_148__whitening_medium.png	filtered_fake	0.930192	1
C:\My_Project\AIGC\results\research\p1_r8_shadow_composite_tradeoff_20260819\stress_cache\fake_148__combined_medium.png	filtered_fake	0.941981	1
C:\My_Project\AIGC\results\research\p1_r8_shadow_composite_tradeoff_20260819\stress_cache\fake_148__combined_heavy.png	filtered_fake	0.944695	1
C:\My_Project\AIGC\results\research\p1_r8_shadow_composite_tradeoff_20260819\stress_cache\fake_148__eye_enlarging.png	filtered_fake	0.911161	1
C:\My_Project\AIGC\results\research\p1_r8_shadow_composite_tradeoff_20260819\stress_cache\fake_148__face_reshaping.png	filtered_fake	0.391158	0
C:\My_Project\AIGC\results\research\p1_r8_shadow_composite_tradeoff_20260819\stress_cache\fake_149__smoothing_light.png	filtered_fake	0.940853	1
C:\My_Project\AIGC\results\research\p1_r8_shadow_composite_tradeoff_20260819\stress_cache\fake_149__smoothing_medium.png	filtered_fake	0.944551	1
C:\My_Project\AIGC\results\research\p1_r8_shadow_composite_tradeoff_20260819\stress_cache\fake_149__smoothing_heavy.png	filtered_fake	0.945510	1
C:\My_Project\AIGC\results\research\p1_r8_shadow_composite_tradeoff_20260819\stress_cache\fake_149__whitening_medium.png	filtered_fake	0.832969	1
C:\My_Project\AIGC\results\research\p1_r8_shadow_composite_tradeoff_20260819\stress_cache\fake_149__combined_medium.png	filtered_fake	0.945279	1
C:\My_Project\AIGC\results\research\p1_r8_shadow_composite_tradeoff_20260819\stress_cache\fake_149__combined_heavy.png	filtered_fake	0.952549	1
C:\My_Project\AIGC\results\research\p1_r8_shadow_composite_tradeoff_20260819\stress_cache\fake_149__eye_enlarging.png	filtered_fake	0.857119	1
C:\My_Project\AIGC\results\research\p1_r8_shadow_composite_tradeoff_20260819\stress_cache\fake_149__face_reshaping.png	filtered_fake	0.917849	1
C:\My_Project\AIGC\results\research\p1_r8_shadow_composite_tradeoff_20260819\stress_cache\fake_150__smoothing_light.png	filtered_fake	0.949312	1
C:\My_Project\AIGC\results\research\p1_r8_shadow_composite_tradeoff_20260819\stress_cache\fake_150__smoothing_medium.png	filtered_fake	0.949606	1
C:\My_Project\AIGC\results\research\p1_r8_shadow_composite_tradeoff_20260819\stress_cache\fake_150__smoothing_heavy.png	filtered_fake	0.952459	1
C:\My_Project\AIGC\results\research\p1_r8_shadow_composite_tradeoff_20260819\stress_cache\fake_150__whitening_medium.png	filtered_fake	0.579643	1
C:\My_Project\AIGC\results\research\p1_r8_shadow_composite_tradeoff_20260819\stress_cache\fake_150__combined_medium.png	filtered_fake	0.950798	1
C:\My_Project\AIGC\results\research\p1_r8_shadow_composite_tradeoff_20260819\stress_cache\fake_150__combined_heavy.png	filtered_fake	0.952115	1
C:\My_Project\AIGC\results\research\p1_r8_shadow_composite_tradeoff_20260819\stress_cache\fake_150__eye_enlarging.png	filtered_fake	0.331155	0
C:\My_Project\AIGC\results\research\p1_r8_shadow_composite_tradeoff_20260819\stress_cache\fake_150__face_reshaping.png	filtered_fake	0.216198	0
C:\My_Project\AIGC\results\research\p1_r8_shadow_composite_tradeoff_20260819\stress_cache\fake_151__smoothing_light.png	filtered_fake	0.611485	1
C:\My_Project\AIGC\results\research\p1_r8_shadow_composite_tradeoff_20260819\stress_cache\fake_151__smoothing_medium.png	filtered_fake	0.934882	1
C:\My_Project\AIGC\results\research\p1_r8_shadow_composite_tradeoff_20260819\stress_cache\fake_151__smoothing_heavy.png	filtered_fake	0.894328	1
C:\My_Project\AIGC\results\research\p1_r8_shadow_composite_tradeoff_20260819\stress_cache\fake_151__whitening_medium.png	filtered_fake	0.697384	1
C:\My_Project\AIGC\results\research\p1_r8_shadow_composite_tradeoff_20260819\stress_cache\fake_151__combined_medium.png	filtered_fake	0.933061	1
C:\My_Project\AIGC\results\research\p1_r8_shadow_composite_tradeoff_20260819\stress_cache\fake_151__combined_heavy.png	filtered_fake	0.931280	1
C:\My_Project\AIGC\results\research\p1_r8_shadow_composite_tradeoff_20260819\stress_cache\fake_151__eye_enlarging.png	filtered_fake	0.781560	1
C:\My_Project\AIGC\results\research\p1_r8_shadow_composite_tradeoff_20260819\stress_cache\fake_151__face_reshaping.png	filtered_fake	0.396500	1
C:\My_Project\AIGC\results\research\p1_r8_shadow_composite_tradeoff_20260819\stress_cache\fake_152__smoothing_light.png	filtered_fake	0.919223	1
C:\My_Project\AIGC\results\research\p1_r8_shadow_composite_tradeoff_20260819\stress_cache\fake_152__smoothing_medium.png	filtered_fake	0.945953	1
C:\My_Project\AIGC\results\research\p1_r8_shadow_composite_tradeoff_20260819\stress_cache\fake_152__smoothing_heavy.png	filtered_fake	0.950876	1
C:\My_Project\AIGC\results\research\p1_r8_shadow_composite_tradeoff_20260819\stress_cache\fake_152__whitening_medium.png	filtered_fake	0.065987	0
C:\My_Project\AIGC\results\research\p1_r8_shadow_composite_tradeoff_20260819\stress_cache\fake_152__combined_medium.png	filtered_fake	0.947708	1
C:\My_Project\AIGC\results\research\p1_r8_shadow_composite_tradeoff_20260819\stress_cache\fake_152__combined_heavy.png	filtered_fake	0.945327	1
C:\My_Project\AIGC\results\research\p1_r8_shadow_composite_tradeoff_20260819\stress_cache\fake_152__eye_enlarging.png	filtered_fake	0.234331	0
C:\My_Project\AIGC\results\research\p1_r8_shadow_composite_tradeoff_20260819\stress_cache\fake_152__face_reshaping.png	filtered_fake	0.777451	1
C:\My_Project\AIGC\results\research\p1_r8_shadow_composite_tradeoff_20260819\stress_cache\fake_153__smoothing_light.png	filtered_fake	0.919301	1
C:\My_Project\AIGC\results\research\p1_r8_shadow_composite_tradeoff_20260819\stress_cache\fake_153__smoothing_medium.png	filtered_fake	0.931691	1
C:\My_Project\AIGC\results\research\p1_r8_shadow_composite_tradeoff_20260819\stress_cache\fake_153__smoothing_heavy.png	filtered_fake	0.930098	1
C:\My_Project\AIGC\results\research\p1_r8_shadow_composite_tradeoff_20260819\stress_cache\fake_153__whitening_medium.png	filtered_fake	0.762986	1
C:\My_Project\AIGC\results\research\p1_r8_shadow_composite_tradeoff_20260819\stress_cache\fake_153__combined_medium.png	filtered_fake	0.935279	1
C:\My_Project\AIGC\results\research\p1_r8_shadow_composite_tradeoff_20260819\stress_cache\fake_153__combined_heavy.png	filtered_fake	0.931459	1
C:\My_Project\AIGC\results\research\p1_r8_shadow_composite_tradeoff_20260819\stress_cache\fake_153__eye_enlarging.png	filtered_fake	0.847198	1
C:\My_Project\AIGC\results\research\p1_r8_shadow_composite_tradeoff_20260819\stress_cache\fake_153__face_reshaping.png	filtered_fake	0.787500	1
C:\My_Project\AIGC\results\research\p1_r8_shadow_composite_tradeoff_20260819\stress_cache\fake_154__smoothing_light.png	filtered_fake	0.942162	1
C:\My_Project\AIGC\results\research\p1_r8_shadow_composite_tradeoff_20260819\stress_cache\fake_154__smoothing_medium.png	filtered_fake	0.949250	1
C:\My_Project\AIGC\results\research\p1_r8_shadow_composite_tradeoff_20260819\stress_cache\fake_154__smoothing_heavy.png	filtered_fake	0.946051	1
C:\My_Project\AIGC\results\research\p1_r8_shadow_composite_tradeoff_20260819\stress_cache\fake_154__whitening_medium.png	filtered_fake	0.933774	1
C:\My_Project\AIGC\results\research\p1_r8_shadow_composite_tradeoff_20260819\stress_cache\fake_154__combined_medium.png	filtered_fake	0.949952	1
C:\My_Project\AIGC\results\research\p1_r8_shadow_composite_tradeoff_20260819\stress_cache\fake_154__combined_heavy.png	filtered_fake	0.948161	1
C:\My_Project\AIGC\results\research\p1_r8_shadow_composite_tradeoff_20260819\stress_cache\fake_154__eye_enlarging.png	filtered_fake	0.910705	1
C:\My_Project\AIGC\results\research\p1_r8_shadow_composite_tradeoff_20260819\stress_cache\fake_154__face_reshaping.png	filtered_fake	0.942176	1
C:\My_Project\AIGC\results\research\p1_r8_shadow_composite_tradeoff_20260819\stress_cache\fake_155__smoothing_light.png	filtered_fake	0.927133	1
C:\My_Project\AIGC\results\research\p1_r8_shadow_composite_tradeoff_20260819\stress_cache\fake_155__smoothing_medium.png	filtered_fake	0.945715	1
C:\My_Project\AIGC\results\research\p1_r8_shadow_composite_tradeoff_20260819\stress_cache\fake_155__smoothing_heavy.png	filtered_fake	0.945222	1
C:\My_Project\AIGC\results\research\p1_r8_shadow_composite_tradeoff_20260819\stress_cache\fake_155__whitening_medium.png	filtered_fake	0.955210	1
C:\My_Project\AIGC\results\research\p1_r8_shadow_composite_tradeoff_20260819\stress_cache\fake_155__combined_medium.png	filtered_fake	0.942808	1
C:\My_Project\AIGC\results\research\p1_r8_shadow_composite_tradeoff_20260819\stress_cache\fake_155__combined_heavy.png	filtered_fake	0.948702	1
C:\My_Project\AIGC\results\research\p1_r8_shadow_composite_tradeoff_20260819\stress_cache\fake_155__eye_enlarging.png	filtered_fake	0.930245	1
C:\My_Project\AIGC\results\research\p1_r8_shadow_composite_tradeoff_20260819\stress_cache\fake_155__face_reshaping.png	filtered_fake	0.951835	1
C:\My_Project\AIGC\results\research\p1_r8_shadow_composite_tradeoff_20260819\stress_cache\fake_156__smoothing_light.png	filtered_fake	0.943987	1
C:\My_Project\AIGC\results\research\p1_r8_shadow_composite_tradeoff_20260819\stress_cache\fake_156__smoothing_medium.png	filtered_fake	0.946238	1
C:\My_Project\AIGC\results\research\p1_r8_shadow_composite_tradeoff_20260819\stress_cache\fake_156__smoothing_heavy.png	filtered_fake	0.946653	1
C:\My_Project\AIGC\results\research\p1_r8_shadow_composite_tradeoff_20260819\stress_cache\fake_156__whitening_medium.png	filtered_fake	0.950571	1
C:\My_Project\AIGC\results\research\p1_r8_shadow_composite_tradeoff_20260819\stress_cache\fake_156__combined_medium.png	filtered_fake	0.950054	1
C:\My_Project\AIGC\results\research\p1_r8_shadow_composite_tradeoff_20260819\stress_cache\fake_156__combined_heavy.png	filtered_fake	0.951245	1
C:\My_Project\AIGC\results\research\p1_r8_shadow_composite_tradeoff_20260819\stress_cache\fake_156__eye_enlarging.png	filtered_fake	0.945098	1
C:\My_Project\AIGC\results\research\p1_r8_shadow_composite_tradeoff_20260819\stress_cache\fake_156__face_reshaping.png	filtered_fake	0.945892	1
C:\My_Project\AIGC\results\research\p1_r8_shadow_composite_tradeoff_20260819\stress_cache\fake_157__smoothing_light.png	filtered_fake	0.945684	1
C:\My_Project\AIGC\results\research\p1_r8_shadow_composite_tradeoff_20260819\stress_cache\fake_157__smoothing_medium.png	filtered_fake	0.948033	1
C:\My_Project\AIGC\results\research\p1_r8_shadow_composite_tradeoff_20260819\stress_cache\fake_157__smoothing_heavy.png	filtered_fake	0.953768	1
C:\My_Project\AIGC\results\research\p1_r8_shadow_composite_tradeoff_20260819\stress_cache\fake_157__whitening_medium.png	filtered_fake	0.938184	1
C:\My_Project\AIGC\results\research\p1_r8_shadow_composite_tradeoff_20260819\stress_cache\fake_157__combined_medium.png	filtered_fake	0.949026	1
C:\My_Project\AIGC\results\research\p1_r8_shadow_composite_tradeoff_20260819\stress_cache\fake_157__combined_heavy.png	filtered_fake	0.951806	1
C:\My_Project\AIGC\results\research\p1_r8_shadow_composite_tradeoff_20260819\stress_cache\fake_157__eye_enlarging.png	filtered_fake	0.942666	1
C:\My_Project\AIGC\results\research\p1_r8_shadow_composite_tradeoff_20260819\stress_cache\fake_157__face_reshaping.png	filtered_fake	0.939723	1
C:\My_Project\AIGC\results\research\p1_r8_shadow_composite_tradeoff_20260819\stress_cache\fake_158__smoothing_light.png	filtered_fake	0.948918	1
C:\My_Project\AIGC\results\research\p1_r8_shadow_composite_tradeoff_20260819\stress_cache\fake_158__smoothing_medium.png	filtered_fake	0.949799	1
C:\My_Project\AIGC\results\research\p1_r8_shadow_composite_tradeoff_20260819\stress_cache\fake_158__smoothing_heavy.png	filtered_fake	0.954002	1
C:\My_Project\AIGC\results\research\p1_r8_shadow_composite_tradeoff_20260819\stress_cache\fake_158__whitening_medium.png	filtered_fake	0.708070	1
C:\My_Project\AIGC\results\research\p1_r8_shadow_composite_tradeoff_20260819\stress_cache\fake_158__combined_medium.png	filtered_fake	0.948948	1
C:\My_Project\AIGC\results\research\p1_r8_shadow_composite_tradeoff_20260819\stress_cache\fake_158__combined_heavy.png	filtered_fake	0.950413	1
C:\My_Project\AIGC\results\research\p1_r8_shadow_composite_tradeoff_20260819\stress_cache\fake_158__eye_enlarging.png	filtered_fake	0.159270	0
C:\My_Project\AIGC\results\research\p1_r8_shadow_composite_tradeoff_20260819\stress_cache\fake_158__face_reshaping.png	filtered_fake	0.896211	1
C:\My_Project\AIGC\results\research\p1_r8_shadow_composite_tradeoff_20260819\stress_cache\fake_159__smoothing_light.png	filtered_fake	0.937860	1
C:\My_Project\AIGC\results\research\p1_r8_shadow_composite_tradeoff_20260819\stress_cache\fake_159__smoothing_medium.png	filtered_fake	0.951827	1
C:\My_Project\AIGC\results\research\p1_r8_shadow_composite_tradeoff_20260819\stress_cache\fake_159__smoothing_heavy.png	filtered_fake	0.957229	1
C:\My_Project\AIGC\results\research\p1_r8_shadow_composite_tradeoff_20260819\stress_cache\fake_159__whitening_medium.png	filtered_fake	0.691661	1
C:\My_Project\AIGC\results\research\p1_r8_shadow_composite_tradeoff_20260819\stress_cache\fake_159__combined_medium.png	filtered_fake	0.951592	1
C:\My_Project\AIGC\results\research\p1_r8_shadow_composite_tradeoff_20260819\stress_cache\fake_159__combined_heavy.png	filtered_fake	0.956498	1
C:\My_Project\AIGC\results\research\p1_r8_shadow_composite_tradeoff_20260819\stress_cache\fake_159__eye_enlarging.png	filtered_fake	0.879354	1
C:\My_Project\AIGC\results\research\p1_r8_shadow_composite_tradeoff_20260819\stress_cache\fake_159__face_reshaping.png	filtered_fake	0.638572	1
C:\My_Project\AIGC\results\research\p1_r8_shadow_composite_tradeoff_20260819\stress_cache\fake_160__smoothing_light.png	filtered_fake	0.937696	1
C:\My_Project\AIGC\results\research\p1_r8_shadow_composite_tradeoff_20260819\stress_cache\fake_160__smoothing_medium.png	filtered_fake	0.949360	1
C:\My_Project\AIGC\results\research\p1_r8_shadow_composite_tradeoff_20260819\stress_cache\fake_160__smoothing_heavy.png	filtered_fake	0.947268	1
C:\My_Project\AIGC\results\research\p1_r8_shadow_composite_tradeoff_20260819\stress_cache\fake_160__whitening_medium.png	filtered_fake	0.070926	0
C:\My_Project\AIGC\results\research\p1_r8_shadow_composite_tradeoff_20260819\stress_cache\fake_160__combined_medium.png	filtered_fake	0.947122	1
C:\My_Project\AIGC\results\research\p1_r8_shadow_composite_tradeoff_20260819\stress_cache\fake_160__combined_heavy.png	filtered_fake	0.951868	1
C:\My_Project\AIGC\results\research\p1_r8_shadow_composite_tradeoff_20260819\stress_cache\fake_160__eye_enlarging.png	filtered_fake	0.049209	0
C:\My_Project\AIGC\results\research\p1_r8_shadow_composite_tradeoff_20260819\stress_cache\fake_160__face_reshaping.png	filtered_fake	0.063272	0
C:\My_Project\AIGC\results\research\p1_r8_shadow_composite_tradeoff_20260819\stress_cache\fake_161__smoothing_light.png	filtered_fake	0.937596	1
C:\My_Project\AIGC\results\research\p1_r8_shadow_composite_tradeoff_20260819\stress_cache\fake_161__smoothing_medium.png	filtered_fake	0.939322	1
C:\My_Project\AIGC\results\research\p1_r8_shadow_composite_tradeoff_20260819\stress_cache\fake_161__smoothing_heavy.png	filtered_fake	0.935233	1
C:\My_Project\AIGC\results\research\p1_r8_shadow_composite_tradeoff_20260819\stress_cache\fake_161__whitening_medium.png	filtered_fake	0.932268	1
C:\My_Project\AIGC\results\research\p1_r8_shadow_composite_tradeoff_20260819\stress_cache\fake_161__combined_medium.png	filtered_fake	0.935899	1
C:\My_Project\AIGC\results\research\p1_r8_shadow_composite_tradeoff_20260819\stress_cache\fake_161__combined_heavy.png	filtered_fake	0.940372	1
C:\My_Project\AIGC\results\research\p1_r8_shadow_composite_tradeoff_20260819\stress_cache\fake_161__eye_enlarging.png	filtered_fake	0.950381	1
C:\My_Project\AIGC\results\research\p1_r8_shadow_composite_tradeoff_20260819\stress_cache\fake_161__face_reshaping.png	filtered_fake	0.944634	1
C:\My_Project\AIGC\results\research\p1_r8_shadow_composite_tradeoff_20260819\stress_cache\fake_162__smoothing_light.png	filtered_fake	0.668173	1
C:\My_Project\AIGC\results\research\p1_r8_shadow_composite_tradeoff_20260819\stress_cache\fake_162__smoothing_medium.png	filtered_fake	0.881607	1
C:\My_Project\AIGC\results\research\p1_r8_shadow_composite_tradeoff_20260819\stress_cache\fake_162__smoothing_heavy.png	filtered_fake	0.707687	1
C:\My_Project\AIGC\results\research\p1_r8_shadow_composite_tradeoff_20260819\stress_cache\fake_162__whitening_medium.png	filtered_fake	0.057930	0
C:\My_Project\AIGC\results\research\p1_r8_shadow_composite_tradeoff_20260819\stress_cache\fake_162__combined_medium.png	filtered_fake	0.906457	1
C:\My_Project\AIGC\results\research\p1_r8_shadow_composite_tradeoff_20260819\stress_cache\fake_162__combined_heavy.png	filtered_fake	0.872593	1
C:\My_Project\AIGC\results\research\p1_r8_shadow_composite_tradeoff_20260819\stress_cache\fake_162__eye_enlarging.png	filtered_fake	0.069597	0
C:\My_Project\AIGC\results\research\p1_r8_shadow_composite_tradeoff_20260819\stress_cache\fake_162__face_reshaping.png	filtered_fake	0.064401	0
C:\My_Project\AIGC\results\research\p1_r8_shadow_composite_tradeoff_20260819\stress_cache\fake_163__smoothing_light.png	filtered_fake	0.876751	1
C:\My_Project\AIGC\results\research\p1_r8_shadow_composite_tradeoff_20260819\stress_cache\fake_163__smoothing_medium.png	filtered_fake	0.941220	1
C:\My_Project\AIGC\results\research\p1_r8_shadow_composite_tradeoff_20260819\stress_cache\fake_163__smoothing_heavy.png	filtered_fake	0.944615	1
C:\My_Project\AIGC\results\research\p1_r8_shadow_composite_tradeoff_20260819\stress_cache\fake_163__whitening_medium.png	filtered_fake	0.057652	0
C:\My_Project\AIGC\results\research\p1_r8_shadow_composite_tradeoff_20260819\stress_cache\fake_163__combined_medium.png	filtered_fake	0.943835	1
C:\My_Project\AIGC\results\research\p1_r8_shadow_composite_tradeoff_20260819\stress_cache\fake_163__combined_heavy.png	filtered_fake	0.945128	1
C:\My_Project\AIGC\results\research\p1_r8_shadow_composite_tradeoff_20260819\stress_cache\fake_163__eye_enlarging.png	filtered_fake	0.052385	0
C:\My_Project\AIGC\results\research\p1_r8_shadow_composite_tradeoff_20260819\stress_cache\fake_163__face_reshaping.png	filtered_fake	0.052243	0
C:\My_Project\AIGC\results\research\p1_r8_shadow_composite_tradeoff_20260819\stress_cache\fake_164__smoothing_light.png	filtered_fake	0.851826	1
C:\My_Project\AIGC\results\research\p1_r8_shadow_composite_tradeoff_20260819\stress_cache\fake_164__smoothing_medium.png	filtered_fake	0.940056	1
C:\My_Project\AIGC\results\research\p1_r8_shadow_composite_tradeoff_20260819\stress_cache\fake_164__smoothing_heavy.png	filtered_fake	0.939144	1
C:\My_Project\AIGC\results\research\p1_r8_shadow_composite_tradeoff_20260819\stress_cache\fake_164__whitening_medium.png	filtered_fake	0.087746	0
C:\My_Project\AIGC\results\research\p1_r8_shadow_composite_tradeoff_20260819\stress_cache\fake_164__combined_medium.png	filtered_fake	0.940038	1
C:\My_Project\AIGC\results\research\p1_r8_shadow_composite_tradeoff_20260819\stress_cache\fake_164__combined_heavy.png	filtered_fake	0.933181	1
C:\My_Project\AIGC\results\research\p1_r8_shadow_composite_tradeoff_20260819\stress_cache\fake_164__eye_enlarging.png	filtered_fake	0.349919	0
C:\My_Project\AIGC\results\research\p1_r8_shadow_composite_tradeoff_20260819\stress_cache\fake_164__face_reshaping.png	filtered_fake	0.122005	0
C:\My_Project\AIGC\results\research\p1_r8_shadow_composite_tradeoff_20260819\stress_cache\fake_165__smoothing_light.png	filtered_fake	0.907121	1
C:\My_Project\AIGC\results\research\p1_r8_shadow_composite_tradeoff_20260819\stress_cache\fake_165__smoothing_medium.png	filtered_fake	0.946668	1
C:\My_Project\AIGC\results\research\p1_r8_shadow_composite_tradeoff_20260819\stress_cache\fake_165__smoothing_heavy.png	filtered_fake	0.946342	1
C:\My_Project\AIGC\results\research\p1_r8_shadow_composite_tradeoff_20260819\stress_cache\fake_165__whitening_medium.png	filtered_fake	0.593493	1
C:\My_Project\AIGC\results\research\p1_r8_shadow_composite_tradeoff_20260819\stress_cache\fake_165__combined_medium.png	filtered_fake	0.941262	1
C:\My_Project\AIGC\results\research\p1_r8_shadow_composite_tradeoff_20260819\stress_cache\fake_165__combined_heavy.png	filtered_fake	0.941403	1
C:\My_Project\AIGC\results\research\p1_r8_shadow_composite_tradeoff_20260819\stress_cache\fake_165__eye_enlarging.png	filtered_fake	0.879843	1
C:\My_Project\AIGC\results\research\p1_r8_shadow_composite_tradeoff_20260819\stress_cache\fake_165__face_reshaping.png	filtered_fake	0.796238	1
C:\My_Project\AIGC\results\research\p1_r8_shadow_composite_tradeoff_20260819\stress_cache\fake_166__smoothing_light.png	filtered_fake	0.948688	1
C:\My_Project\AIGC\results\research\p1_r8_shadow_composite_tradeoff_20260819\stress_cache\fake_166__smoothing_medium.png	filtered_fake	0.941782	1
C:\My_Project\AIGC\results\research\p1_r8_shadow_composite_tradeoff_20260819\stress_cache\fake_166__smoothing_heavy.png	filtered_fake	0.948806	1
C:\My_Project\AIGC\results\research\p1_r8_shadow_composite_tradeoff_20260819\stress_cache\fake_166__whitening_medium.png	filtered_fake	0.965182	1
C:\My_Project\AIGC\results\research\p1_r8_shadow_composite_tradeoff_20260819\stress_cache\fake_166__combined_medium.png	filtered_fake	0.938425	1
C:\My_Project\AIGC\results\research\p1_r8_shadow_composite_tradeoff_20260819\stress_cache\fake_166__combined_heavy.png	filtered_fake	0.945353	1
C:\My_Project\AIGC\results\research\p1_r8_shadow_composite_tradeoff_20260819\stress_cache\fake_166__eye_enlarging.png	filtered_fake	0.970228	1
C:\My_Project\AIGC\results\research\p1_r8_shadow_composite_tradeoff_20260819\stress_cache\fake_166__face_reshaping.png	filtered_fake	0.961311	1
C:\My_Project\AIGC\results\research\p1_r8_shadow_composite_tradeoff_20260819\stress_cache\fake_167__smoothing_light.png	filtered_fake	0.889657	1
C:\My_Project\AIGC\results\research\p1_r8_shadow_composite_tradeoff_20260819\stress_cache\fake_167__smoothing_medium.png	filtered_fake	0.941091	1
C:\My_Project\AIGC\results\research\p1_r8_shadow_composite_tradeoff_20260819\stress_cache\fake_167__smoothing_heavy.png	filtered_fake	0.945092	1
C:\My_Project\AIGC\results\research\p1_r8_shadow_composite_tradeoff_20260819\stress_cache\fake_167__whitening_medium.png	filtered_fake	0.964877	1
C:\My_Project\AIGC\results\research\p1_r8_shadow_composite_tradeoff_20260819\stress_cache\fake_167__combined_medium.png	filtered_fake	0.941168	1
C:\My_Project\AIGC\results\research\p1_r8_shadow_composite_tradeoff_20260819\stress_cache\fake_167__combined_heavy.png	filtered_fake	0.942317	1
C:\My_Project\AIGC\results\research\p1_r8_shadow_composite_tradeoff_20260819\stress_cache\fake_167__eye_enlarging.png	filtered_fake	0.946573	1
C:\My_Project\AIGC\results\research\p1_r8_shadow_composite_tradeoff_20260819\stress_cache\fake_167__face_reshaping.png	filtered_fake	0.931104	1
C:\My_Project\AIGC\results\research\p1_r8_shadow_composite_tradeoff_20260819\stress_cache\fake_168__smoothing_light.png	filtered_fake	0.939873	1
C:\My_Project\AIGC\results\research\p1_r8_shadow_composite_tradeoff_20260819\stress_cache\fake_168__smoothing_medium.png	filtered_fake	0.949018	1
C:\My_Project\AIGC\results\research\p1_r8_shadow_composite_tradeoff_20260819\stress_cache\fake_168__smoothing_heavy.png	filtered_fake	0.949392	1
C:\My_Project\AIGC\results\research\p1_r8_shadow_composite_tradeoff_20260819\stress_cache\fake_168__whitening_medium.png	filtered_fake	0.055099	0
C:\My_Project\AIGC\results\research\p1_r8_shadow_composite_tradeoff_20260819\stress_cache\fake_168__combined_medium.png	filtered_fake	0.949325	1
C:\My_Project\AIGC\results\research\p1_r8_shadow_composite_tradeoff_20260819\stress_cache\fake_168__combined_heavy.png	filtered_fake	0.950694	1
C:\My_Project\AIGC\results\research\p1_r8_shadow_composite_tradeoff_20260819\stress_cache\fake_168__eye_enlarging.png	filtered_fake	0.055742	0
C:\My_Project\AIGC\results\research\p1_r8_shadow_composite_tradeoff_20260819\stress_cache\fake_168__face_reshaping.png	filtered_fake	0.062767	0
C:\My_Project\AIGC\results\research\p1_r8_shadow_composite_tradeoff_20260819\stress_cache\fake_169__smoothing_light.png	filtered_fake	0.937586	1
C:\My_Project\AIGC\results\research\p1_r8_shadow_composite_tradeoff_20260819\stress_cache\fake_169__smoothing_medium.png	filtered_fake	0.947231	1
C:\My_Project\AIGC\results\research\p1_r8_shadow_composite_tradeoff_20260819\stress_cache\fake_169__smoothing_heavy.png	filtered_fake	0.945252	1
C:\My_Project\AIGC\results\research\p1_r8_shadow_composite_tradeoff_20260819\stress_cache\fake_169__whitening_medium.png	filtered_fake	0.098952	0
C:\My_Project\AIGC\results\research\p1_r8_shadow_composite_tradeoff_20260819\stress_cache\fake_169__combined_medium.png	filtered_fake	0.946915	1
C:\My_Project\AIGC\results\research\p1_r8_shadow_composite_tradeoff_20260819\stress_cache\fake_169__combined_heavy.png	filtered_fake	0.947514	1
C:\My_Project\AIGC\results\research\p1_r8_shadow_composite_tradeoff_20260819\stress_cache\fake_169__eye_enlarging.png	filtered_fake	0.059578	0
C:\My_Project\AIGC\results\research\p1_r8_shadow_composite_tradeoff_20260819\stress_cache\fake_169__face_reshaping.png	filtered_fake	0.332149	0
C:\My_Project\AIGC\results\research\p1_r8_shadow_composite_tradeoff_20260819\stress_cache\fake_170__smoothing_light.png	filtered_fake	0.948145	1
C:\My_Project\AIGC\results\research\p1_r8_shadow_composite_tradeoff_20260819\stress_cache\fake_170__smoothing_medium.png	filtered_fake	0.949748	1
C:\My_Project\AIGC\results\research\p1_r8_shadow_composite_tradeoff_20260819\stress_cache\fake_170__smoothing_heavy.png	filtered_fake	0.952645	1
C:\My_Project\AIGC\results\research\p1_r8_shadow_composite_tradeoff_20260819\stress_cache\fake_170__whitening_medium.png	filtered_fake	0.904577	1
C:\My_Project\AIGC\results\research\p1_r8_shadow_composite_tradeoff_20260819\stress_cache\fake_170__combined_medium.png	filtered_fake	0.944957	1
C:\My_Project\AIGC\results\research\p1_r8_shadow_composite_tradeoff_20260819\stress_cache\fake_170__combined_heavy.png	filtered_fake	0.950236	1
C:\My_Project\AIGC\results\research\p1_r8_shadow_composite_tradeoff_20260819\stress_cache\fake_170__eye_enlarging.png	filtered_fake	0.838681	1
C:\My_Project\AIGC\results\research\p1_r8_shadow_composite_tradeoff_20260819\stress_cache\fake_170__face_reshaping.png	filtered_fake	0.284886	0
C:\My_Project\AIGC\results\research\p1_r8_shadow_composite_tradeoff_20260819\stress_cache\fake_171__smoothing_light.png	filtered_fake	0.940516	1
C:\My_Project\AIGC\results\research\p1_r8_shadow_composite_tradeoff_20260819\stress_cache\fake_171__smoothing_medium.png	filtered_fake	0.941577	1
C:\My_Project\AIGC\results\research\p1_r8_shadow_composite_tradeoff_20260819\stress_cache\fake_171__smoothing_heavy.png	filtered_fake	0.937067	1
C:\My_Project\AIGC\results\research\p1_r8_shadow_composite_tradeoff_20260819\stress_cache\fake_171__whitening_medium.png	filtered_fake	0.922460	1
C:\My_Project\AIGC\results\research\p1_r8_shadow_composite_tradeoff_20260819\stress_cache\fake_171__combined_medium.png	filtered_fake	0.941788	1
C:\My_Project\AIGC\results\research\p1_r8_shadow_composite_tradeoff_20260819\stress_cache\fake_171__combined_heavy.png	filtered_fake	0.942997	1
C:\My_Project\AIGC\results\research\p1_r8_shadow_composite_tradeoff_20260819\stress_cache\fake_171__eye_enlarging.png	filtered_fake	0.929194	1
C:\My_Project\AIGC\results\research\p1_r8_shadow_composite_tradeoff_20260819\stress_cache\fake_171__face_reshaping.png	filtered_fake	0.803699	1
C:\My_Project\AIGC\results\research\p1_r8_shadow_composite_tradeoff_20260819\stress_cache\fake_172__smoothing_light.png	filtered_fake	0.939466	1
C:\My_Project\AIGC\results\research\p1_r8_shadow_composite_tradeoff_20260819\stress_cache\fake_172__smoothing_medium.png	filtered_fake	0.948989	1
C:\My_Project\AIGC\results\research\p1_r8_shadow_composite_tradeoff_20260819\stress_cache\fake_172__smoothing_heavy.png	filtered_fake	0.946273	1
C:\My_Project\AIGC\results\research\p1_r8_shadow_composite_tradeoff_20260819\stress_cache\fake_172__whitening_medium.png	filtered_fake	0.938120	1
C:\My_Project\AIGC\results\research\p1_r8_shadow_composite_tradeoff_20260819\stress_cache\fake_172__combined_medium.png	filtered_fake	0.950087	1
C:\My_Project\AIGC\results\research\p1_r8_shadow_composite_tradeoff_20260819\stress_cache\fake_172__combined_heavy.png	filtered_fake	0.947081	1
C:\My_Project\AIGC\results\research\p1_r8_shadow_composite_tradeoff_20260819\stress_cache\fake_172__eye_enlarging.png	filtered_fake	0.935721	1
C:\My_Project\AIGC\results\research\p1_r8_shadow_composite_tradeoff_20260819\stress_cache\fake_172__face_reshaping.png	filtered_fake	0.932879	1
C:\My_Project\AIGC\results\research\p1_r8_shadow_composite_tradeoff_20260819\stress_cache\fake_173__smoothing_light.png	filtered_fake	0.782798	1
C:\My_Project\AIGC\results\research\p1_r8_shadow_composite_tradeoff_20260819\stress_cache\fake_173__smoothing_medium.png	filtered_fake	0.738297	1
C:\My_Project\AIGC\results\research\p1_r8_shadow_composite_tradeoff_20260819\stress_cache\fake_173__smoothing_heavy.png	filtered_fake	0.869611	1
C:\My_Project\AIGC\results\research\p1_r8_shadow_composite_tradeoff_20260819\stress_cache\fake_173__whitening_medium.png	filtered_fake	0.921898	1
C:\My_Project\AIGC\results\research\p1_r8_shadow_composite_tradeoff_20260819\stress_cache\fake_173__combined_medium.png	filtered_fake	0.873862	1
C:\My_Project\AIGC\results\research\p1_r8_shadow_composite_tradeoff_20260819\stress_cache\fake_173__combined_heavy.png	filtered_fake	0.888347	1
C:\My_Project\AIGC\results\research\p1_r8_shadow_composite_tradeoff_20260819\stress_cache\fake_173__eye_enlarging.png	filtered_fake	0.876045	1
C:\My_Project\AIGC\results\research\p1_r8_shadow_composite_tradeoff_20260819\stress_cache\fake_173__face_reshaping.png	filtered_fake	0.969639	1
C:\My_Project\AIGC\results\research\p1_r8_shadow_composite_tradeoff_20260819\stress_cache\fake_174__smoothing_light.png	filtered_fake	0.705858	1
C:\My_Project\AIGC\results\research\p1_r8_shadow_composite_tradeoff_20260819\stress_cache\fake_174__smoothing_medium.png	filtered_fake	0.924773	1
C:\My_Project\AIGC\results\research\p1_r8_shadow_composite_tradeoff_20260819\stress_cache\fake_174__smoothing_heavy.png	filtered_fake	0.925036	1
C:\My_Project\AIGC\results\research\p1_r8_shadow_composite_tradeoff_20260819\stress_cache\fake_174__whitening_medium.png	filtered_fake	0.061721	0
C:\My_Project\AIGC\results\research\p1_r8_shadow_composite_tradeoff_20260819\stress_cache\fake_174__combined_medium.png	filtered_fake	0.932289	1
C:\My_Project\AIGC\results\research\p1_r8_shadow_composite_tradeoff_20260819\stress_cache\fake_174__combined_heavy.png	filtered_fake	0.916259	1
C:\My_Project\AIGC\results\research\p1_r8_shadow_composite_tradeoff_20260819\stress_cache\fake_174__eye_enlarging.png	filtered_fake	0.081082	0
C:\My_Project\AIGC\results\research\p1_r8_shadow_composite_tradeoff_20260819\stress_cache\fake_174__face_reshaping.png	filtered_fake	0.118002	0
C:\My_Project\AIGC\results\research\p1_r8_shadow_composite_tradeoff_20260819\stress_cache\fake_175__smoothing_light.png	filtered_fake	0.909877	1
C:\My_Project\AIGC\results\research\p1_r8_shadow_composite_tradeoff_20260819\stress_cache\fake_175__smoothing_medium.png	filtered_fake	0.949492	1
C:\My_Project\AIGC\results\research\p1_r8_shadow_composite_tradeoff_20260819\stress_cache\fake_175__smoothing_heavy.png	filtered_fake	0.951538	1
C:\My_Project\AIGC\results\research\p1_r8_shadow_composite_tradeoff_20260819\stress_cache\fake_175__whitening_medium.png	filtered_fake	0.947065	1
C:\My_Project\AIGC\results\research\p1_r8_shadow_composite_tradeoff_20260819\stress_cache\fake_175__combined_medium.png	filtered_fake	0.946699	1
C:\My_Project\AIGC\results\research\p1_r8_shadow_composite_tradeoff_20260819\stress_cache\fake_175__combined_heavy.png	filtered_fake	0.949665	1
C:\My_Project\AIGC\results\research\p1_r8_shadow_composite_tradeoff_20260819\stress_cache\fake_175__eye_enlarging.png	filtered_fake	0.903667	1
C:\My_Project\AIGC\results\research\p1_r8_shadow_composite_tradeoff_20260819\stress_cache\fake_175__face_reshaping.png	filtered_fake	0.954109	1
C:\My_Project\AIGC\results\research\p1_r8_shadow_composite_tradeoff_20260819\stress_cache\fake_176__smoothing_light.png	filtered_fake	0.927618	1
C:\My_Project\AIGC\results\research\p1_r8_shadow_composite_tradeoff_20260819\stress_cache\fake_176__smoothing_medium.png	filtered_fake	0.945755	1
C:\My_Project\AIGC\results\research\p1_r8_shadow_composite_tradeoff_20260819\stress_cache\fake_176__smoothing_heavy.png	filtered_fake	0.946565	1
C:\My_Project\AIGC\results\research\p1_r8_shadow_composite_tradeoff_20260819\stress_cache\fake_176__whitening_medium.png	filtered_fake	0.791640	1
C:\My_Project\AIGC\results\research\p1_r8_shadow_composite_tradeoff_20260819\stress_cache\fake_176__combined_medium.png	filtered_fake	0.942442	1
C:\My_Project\AIGC\results\research\p1_r8_shadow_composite_tradeoff_20260819\stress_cache\fake_176__combined_heavy.png	filtered_fake	0.946271	1
C:\My_Project\AIGC\results\research\p1_r8_shadow_composite_tradeoff_20260819\stress_cache\fake_176__eye_enlarging.png	filtered_fake	0.167266	0
C:\My_Project\AIGC\results\research\p1_r8_shadow_composite_tradeoff_20260819\stress_cache\fake_176__face_reshaping.png	filtered_fake	0.415703	0
C:\My_Project\AIGC\results\research\p1_r8_shadow_composite_tradeoff_20260819\stress_cache\fake_177__smoothing_light.png	filtered_fake	0.940505	1
C:\My_Project\AIGC\results\research\p1_r8_shadow_composite_tradeoff_20260819\stress_cache\fake_177__smoothing_medium.png	filtered_fake	0.944501	1
C:\My_Project\AIGC\results\research\p1_r8_shadow_composite_tradeoff_20260819\stress_cache\fake_177__smoothing_heavy.png	filtered_fake	0.945227	1
C:\My_Project\AIGC\results\research\p1_r8_shadow_composite_tradeoff_20260819\stress_cache\fake_177__whitening_medium.png	filtered_fake	0.930447	1
C:\My_Project\AIGC\results\research\p1_r8_shadow_composite_tradeoff_20260819\stress_cache\fake_177__combined_medium.png	filtered_fake	0.948205	1
C:\My_Project\AIGC\results\research\p1_r8_shadow_composite_tradeoff_20260819\stress_cache\fake_177__combined_heavy.png	filtered_fake	0.947836	1
C:\My_Project\AIGC\results\research\p1_r8_shadow_composite_tradeoff_20260819\stress_cache\fake_177__eye_enlarging.png	filtered_fake	0.833996	1
C:\My_Project\AIGC\results\research\p1_r8_shadow_composite_tradeoff_20260819\stress_cache\fake_177__face_reshaping.png	filtered_fake	0.896279	1
C:\My_Project\AIGC\results\research\p1_r8_shadow_composite_tradeoff_20260819\stress_cache\fake_178__smoothing_light.png	filtered_fake	0.938141	1
C:\My_Project\AIGC\results\research\p1_r8_shadow_composite_tradeoff_20260819\stress_cache\fake_178__smoothing_medium.png	filtered_fake	0.941535	1
C:\My_Project\AIGC\results\research\p1_r8_shadow_composite_tradeoff_20260819\stress_cache\fake_178__smoothing_heavy.png	filtered_fake	0.939651	1
C:\My_Project\AIGC\results\research\p1_r8_shadow_composite_tradeoff_20260819\stress_cache\fake_178__whitening_medium.png	filtered_fake	0.898657	1
C:\My_Project\AIGC\results\research\p1_r8_shadow_composite_tradeoff_20260819\stress_cache\fake_178__combined_medium.png	filtered_fake	0.934648	1
C:\My_Project\AIGC\results\research\p1_r8_shadow_composite_tradeoff_20260819\stress_cache\fake_178__combined_heavy.png	filtered_fake	0.934356	1
C:\My_Project\AIGC\results\research\p1_r8_shadow_composite_tradeoff_20260819\stress_cache\fake_178__eye_enlarging.png	filtered_fake	0.769676	1
C:\My_Project\AIGC\results\research\p1_r8_shadow_composite_tradeoff_20260819\stress_cache\fake_178__face_reshaping.png	filtered_fake	0.926005	1
C:\My_Project\AIGC\results\research\p1_r8_shadow_composite_tradeoff_20260819\stress_cache\fake_179__smoothing_light.png	filtered_fake	0.939034	1
C:\My_Project\AIGC\results\research\p1_r8_shadow_composite_tradeoff_20260819\stress_cache\fake_179__smoothing_medium.png	filtered_fake	0.946816	1
C:\My_Project\AIGC\results\research\p1_r8_shadow_composite_tradeoff_20260819\stress_cache\fake_179__smoothing_heavy.png	filtered_fake	0.946212	1
C:\My_Project\AIGC\results\research\p1_r8_shadow_composite_tradeoff_20260819\stress_cache\fake_179__whitening_medium.png	filtered_fake	0.882164	1
C:\My_Project\AIGC\results\research\p1_r8_shadow_composite_tradeoff_20260819\stress_cache\fake_179__combined_medium.png	filtered_fake	0.947461	1
C:\My_Project\AIGC\results\research\p1_r8_shadow_composite_tradeoff_20260819\stress_cache\fake_179__combined_heavy.png	filtered_fake	0.943140	1
C:\My_Project\AIGC\results\research\p1_r8_shadow_composite_tradeoff_20260819\stress_cache\fake_179__eye_enlarging.png	filtered_fake	0.738586	1
C:\My_Project\AIGC\results\research\p1_r8_shadow_composite_tradeoff_20260819\stress_cache\fake_179__face_reshaping.png	filtered_fake	0.299123	0
C:\My_Project\AIGC\results\research\p1_r8_shadow_composite_tradeoff_20260819\stress_cache\fake_180__smoothing_light.png	filtered_fake	0.889606	1
C:\My_Project\AIGC\results\research\p1_r8_shadow_composite_tradeoff_20260819\stress_cache\fake_180__smoothing_medium.png	filtered_fake	0.940679	1
C:\My_Project\AIGC\results\research\p1_r8_shadow_composite_tradeoff_20260819\stress_cache\fake_180__smoothing_heavy.png	filtered_fake	0.931190	1
C:\My_Project\AIGC\results\research\p1_r8_shadow_composite_tradeoff_20260819\stress_cache\fake_180__whitening_medium.png	filtered_fake	0.065647	0
C:\My_Project\AIGC\results\research\p1_r8_shadow_composite_tradeoff_20260819\stress_cache\fake_180__combined_medium.png	filtered_fake	0.941251	1
C:\My_Project\AIGC\results\research\p1_r8_shadow_composite_tradeoff_20260819\stress_cache\fake_180__combined_heavy.png	filtered_fake	0.937204	1
C:\My_Project\AIGC\results\research\p1_r8_shadow_composite_tradeoff_20260819\stress_cache\fake_180__eye_enlarging.png	filtered_fake	0.054561	0
C:\My_Project\AIGC\results\research\p1_r8_shadow_composite_tradeoff_20260819\stress_cache\fake_180__face_reshaping.png	filtered_fake	0.116477	0
C:\My_Project\AIGC\results\research\p1_r8_shadow_composite_tradeoff_20260819\stress_cache\fake_181__smoothing_light.png	filtered_fake	0.930093	1
C:\My_Project\AIGC\results\research\p1_r8_shadow_composite_tradeoff_20260819\stress_cache\fake_181__smoothing_medium.png	filtered_fake	0.942386	1
C:\My_Project\AIGC\results\research\p1_r8_shadow_composite_tradeoff_20260819\stress_cache\fake_181__smoothing_heavy.png	filtered_fake	0.937961	1
C:\My_Project\AIGC\results\research\p1_r8_shadow_composite_tradeoff_20260819\stress_cache\fake_181__whitening_medium.png	filtered_fake	0.223026	0
C:\My_Project\AIGC\results\research\p1_r8_shadow_composite_tradeoff_20260819\stress_cache\fake_181__combined_medium.png	filtered_fake	0.938098	1
C:\My_Project\AIGC\results\research\p1_r8_shadow_composite_tradeoff_20260819\stress_cache\fake_181__combined_heavy.png	filtered_fake	0.936193	1
C:\My_Project\AIGC\results\research\p1_r8_shadow_composite_tradeoff_20260819\stress_cache\fake_181__eye_enlarging.png	filtered_fake	0.129562	0
C:\My_Project\AIGC\results\research\p1_r8_shadow_composite_tradeoff_20260819\stress_cache\fake_181__face_reshaping.png	filtered_fake	0.155858	0
C:\My_Project\AIGC\results\research\p1_r8_shadow_composite_tradeoff_20260819\stress_cache\fake_182__smoothing_light.png	filtered_fake	0.936731	1
C:\My_Project\AIGC\results\research\p1_r8_shadow_composite_tradeoff_20260819\stress_cache\fake_182__smoothing_medium.png	filtered_fake	0.942347	1
C:\My_Project\AIGC\results\research\p1_r8_shadow_composite_tradeoff_20260819\stress_cache\fake_182__smoothing_heavy.png	filtered_fake	0.946251	1
C:\My_Project\AIGC\results\research\p1_r8_shadow_composite_tradeoff_20260819\stress_cache\fake_182__whitening_medium.png	filtered_fake	0.924797	1
C:\My_Project\AIGC\results\research\p1_r8_shadow_composite_tradeoff_20260819\stress_cache\fake_182__combined_medium.png	filtered_fake	0.943726	1
C:\My_Project\AIGC\results\research\p1_r8_shadow_composite_tradeoff_20260819\stress_cache\fake_182__combined_heavy.png	filtered_fake	0.945400	1
C:\My_Project\AIGC\results\research\p1_r8_shadow_composite_tradeoff_20260819\stress_cache\fake_182__eye_enlarging.png	filtered_fake	0.939258	1
C:\My_Project\AIGC\results\research\p1_r8_shadow_composite_tradeoff_20260819\stress_cache\fake_182__face_reshaping.png	filtered_fake	0.937857	1
C:\My_Project\AIGC\results\research\p1_r8_shadow_composite_tradeoff_20260819\stress_cache\fake_183__smoothing_light.png	filtered_fake	0.934645	1
C:\My_Project\AIGC\results\research\p1_r8_shadow_composite_tradeoff_20260819\stress_cache\fake_183__smoothing_medium.png	filtered_fake	0.947258	1
C:\My_Project\AIGC\results\research\p1_r8_shadow_composite_tradeoff_20260819\stress_cache\fake_183__smoothing_heavy.png	filtered_fake	0.946904	1
C:\My_Project\AIGC\results\research\p1_r8_shadow_composite_tradeoff_20260819\stress_cache\fake_183__whitening_medium.png	filtered_fake	0.905519	1
C:\My_Project\AIGC\results\research\p1_r8_shadow_composite_tradeoff_20260819\stress_cache\fake_183__combined_medium.png	filtered_fake	0.949149	1
C:\My_Project\AIGC\results\research\p1_r8_shadow_composite_tradeoff_20260819\stress_cache\fake_183__combined_heavy.png	filtered_fake	0.949601	1
C:\My_Project\AIGC\results\research\p1_r8_shadow_composite_tradeoff_20260819\stress_cache\fake_183__eye_enlarging.png	filtered_fake	0.878081	1
C:\My_Project\AIGC\results\research\p1_r8_shadow_composite_tradeoff_20260819\stress_cache\fake_183__face_reshaping.png	filtered_fake	0.835850	1
C:\My_Project\AIGC\results\research\p1_r8_shadow_composite_tradeoff_20260819\stress_cache\fake_184__smoothing_light.png	filtered_fake	0.945279	1
C:\My_Project\AIGC\results\research\p1_r8_shadow_composite_tradeoff_20260819\stress_cache\fake_184__smoothing_medium.png	filtered_fake	0.949807	1
C:\My_Project\AIGC\results\research\p1_r8_shadow_composite_tradeoff_20260819\stress_cache\fake_184__smoothing_heavy.png	filtered_fake	0.950954	1
C:\My_Project\AIGC\results\research\p1_r8_shadow_composite_tradeoff_20260819\stress_cache\fake_184__whitening_medium.png	filtered_fake	0.053635	0
C:\My_Project\AIGC\results\research\p1_r8_shadow_composite_tradeoff_20260819\stress_cache\fake_184__combined_medium.png	filtered_fake	0.948911	1
C:\My_Project\AIGC\results\research\p1_r8_shadow_composite_tradeoff_20260819\stress_cache\fake_184__combined_heavy.png	filtered_fake	0.948476	1
C:\My_Project\AIGC\results\research\p1_r8_shadow_composite_tradeoff_20260819\stress_cache\fake_184__eye_enlarging.png	filtered_fake	0.049963	0
C:\My_Project\AIGC\results\research\p1_r8_shadow_composite_tradeoff_20260819\stress_cache\fake_184__face_reshaping.png	filtered_fake	0.092097	0
C:\My_Project\AIGC\results\research\p1_r8_shadow_composite_tradeoff_20260819\stress_cache\fake_185__smoothing_light.png	filtered_fake	0.936661	1
C:\My_Project\AIGC\results\research\p1_r8_shadow_composite_tradeoff_20260819\stress_cache\fake_185__smoothing_medium.png	filtered_fake	0.949390	1
C:\My_Project\AIGC\results\research\p1_r8_shadow_composite_tradeoff_20260819\stress_cache\fake_185__smoothing_heavy.png	filtered_fake	0.950953	1
C:\My_Project\AIGC\results\research\p1_r8_shadow_composite_tradeoff_20260819\stress_cache\fake_185__whitening_medium.png	filtered_fake	0.042270	0
C:\My_Project\AIGC\results\research\p1_r8_shadow_composite_tradeoff_20260819\stress_cache\fake_185__combined_medium.png	filtered_fake	0.949384	1
C:\My_Project\AIGC\results\research\p1_r8_shadow_composite_tradeoff_20260819\stress_cache\fake_185__combined_heavy.png	filtered_fake	0.949700	1
C:\My_Project\AIGC\results\research\p1_r8_shadow_composite_tradeoff_20260819\stress_cache\fake_185__eye_enlarging.png	filtered_fake	0.046688	0
C:\My_Project\AIGC\results\research\p1_r8_shadow_composite_tradeoff_20260819\stress_cache\fake_185__face_reshaping.png	filtered_fake	0.054277	0
C:\My_Project\AIGC\results\research\p1_r8_shadow_composite_tradeoff_20260819\stress_cache\fake_186__smoothing_light.png	filtered_fake	0.939088	1
C:\My_Project\AIGC\results\research\p1_r8_shadow_composite_tradeoff_20260819\stress_cache\fake_186__smoothing_medium.png	filtered_fake	0.948496	1
C:\My_Project\AIGC\results\research\p1_r8_shadow_composite_tradeoff_20260819\stress_cache\fake_186__smoothing_heavy.png	filtered_fake	0.944641	1
C:\My_Project\AIGC\results\research\p1_r8_shadow_composite_tradeoff_20260819\stress_cache\fake_186__whitening_medium.png	filtered_fake	0.141864	0
C:\My_Project\AIGC\results\research\p1_r8_shadow_composite_tradeoff_20260819\stress_cache\fake_186__combined_medium.png	filtered_fake	0.949032	1
C:\My_Project\AIGC\results\research\p1_r8_shadow_composite_tradeoff_20260819\stress_cache\fake_186__combined_heavy.png	filtered_fake	0.947570	1
C:\My_Project\AIGC\results\research\p1_r8_shadow_composite_tradeoff_20260819\stress_cache\fake_186__eye_enlarging.png	filtered_fake	0.513050	1
C:\My_Project\AIGC\results\research\p1_r8_shadow_composite_tradeoff_20260819\stress_cache\fake_186__face_reshaping.png	filtered_fake	0.096931	0
C:\My_Project\AIGC\results\research\p1_r8_shadow_composite_tradeoff_20260819\stress_cache\fake_187__smoothing_light.png	filtered_fake	0.889228	1
C:\My_Project\AIGC\results\research\p1_r8_shadow_composite_tradeoff_20260819\stress_cache\fake_187__smoothing_medium.png	filtered_fake	0.952368	1
C:\My_Project\AIGC\results\research\p1_r8_shadow_composite_tradeoff_20260819\stress_cache\fake_187__smoothing_heavy.png	filtered_fake	0.949955	1
C:\My_Project\AIGC\results\research\p1_r8_shadow_composite_tradeoff_20260819\stress_cache\fake_187__whitening_medium.png	filtered_fake	0.605512	1
C:\My_Project\AIGC\results\research\p1_r8_shadow_composite_tradeoff_20260819\stress_cache\fake_187__combined_medium.png	filtered_fake	0.947213	1
C:\My_Project\AIGC\results\research\p1_r8_shadow_composite_tradeoff_20260819\stress_cache\fake_187__combined_heavy.png	filtered_fake	0.945821	1
C:\My_Project\AIGC\results\research\p1_r8_shadow_composite_tradeoff_20260819\stress_cache\fake_187__eye_enlarging.png	filtered_fake	0.231170	0
C:\My_Project\AIGC\results\research\p1_r8_shadow_composite_tradeoff_20260819\stress_cache\fake_187__face_reshaping.png	filtered_fake	0.320891	0
C:\My_Project\AIGC\results\research\p1_r8_shadow_composite_tradeoff_20260819\stress_cache\fake_188__smoothing_light.png	filtered_fake	0.817579	1
C:\My_Project\AIGC\results\research\p1_r8_shadow_composite_tradeoff_20260819\stress_cache\fake_188__smoothing_medium.png	filtered_fake	0.925581	1
C:\My_Project\AIGC\results\research\p1_r8_shadow_composite_tradeoff_20260819\stress_cache\fake_188__smoothing_heavy.png	filtered_fake	0.911417	1
C:\My_Project\AIGC\results\research\p1_r8_shadow_composite_tradeoff_20260819\stress_cache\fake_188__whitening_medium.png	filtered_fake	0.855458	1
C:\My_Project\AIGC\results\research\p1_r8_shadow_composite_tradeoff_20260819\stress_cache\fake_188__combined_medium.png	filtered_fake	0.924551	1
C:\My_Project\AIGC\results\research\p1_r8_shadow_composite_tradeoff_20260819\stress_cache\fake_188__combined_heavy.png	filtered_fake	0.937053	1
C:\My_Project\AIGC\results\research\p1_r8_shadow_composite_tradeoff_20260819\stress_cache\fake_188__eye_enlarging.png	filtered_fake	0.285877	0
C:\My_Project\AIGC\results\research\p1_r8_shadow_composite_tradeoff_20260819\stress_cache\fake_188__face_reshaping.png	filtered_fake	0.803991	1
C:\My_Project\AIGC\results\research\p1_r8_shadow_composite_tradeoff_20260819\stress_cache\fake_189__smoothing_light.png	filtered_fake	0.901797	1
C:\My_Project\AIGC\results\research\p1_r8_shadow_composite_tradeoff_20260819\stress_cache\fake_189__smoothing_medium.png	filtered_fake	0.961953	1
C:\My_Project\AIGC\results\research\p1_r8_shadow_composite_tradeoff_20260819\stress_cache\fake_189__smoothing_heavy.png	filtered_fake	0.970274	1
C:\My_Project\AIGC\results\research\p1_r8_shadow_composite_tradeoff_20260819\stress_cache\fake_189__whitening_medium.png	filtered_fake	0.946761	1
C:\My_Project\AIGC\results\research\p1_r8_shadow_composite_tradeoff_20260819\stress_cache\fake_189__combined_medium.png	filtered_fake	0.959643	1
C:\My_Project\AIGC\results\research\p1_r8_shadow_composite_tradeoff_20260819\stress_cache\fake_189__combined_heavy.png	filtered_fake	0.967442	1
C:\My_Project\AIGC\results\research\p1_r8_shadow_composite_tradeoff_20260819\stress_cache\fake_189__eye_enlarging.png	filtered_fake	0.951742	1
C:\My_Project\AIGC\results\research\p1_r8_shadow_composite_tradeoff_20260819\stress_cache\fake_189__face_reshaping.png	filtered_fake	0.831456	1
C:\My_Project\AIGC\results\research\p1_r8_shadow_composite_tradeoff_20260819\stress_cache\fake_190__smoothing_light.png	filtered_fake	0.939571	1
C:\My_Project\AIGC\results\research\p1_r8_shadow_composite_tradeoff_20260819\stress_cache\fake_190__smoothing_medium.png	filtered_fake	0.947204	1
C:\My_Project\AIGC\results\research\p1_r8_shadow_composite_tradeoff_20260819\stress_cache\fake_190__smoothing_heavy.png	filtered_fake	0.949095	1
C:\My_Project\AIGC\results\research\p1_r8_shadow_composite_tradeoff_20260819\stress_cache\fake_190__whitening_medium.png	filtered_fake	0.893729	1
C:\My_Project\AIGC\results\research\p1_r8_shadow_composite_tradeoff_20260819\stress_cache\fake_190__combined_medium.png	filtered_fake	0.948442	1
C:\My_Project\AIGC\results\research\p1_r8_shadow_composite_tradeoff_20260819\stress_cache\fake_190__combined_heavy.png	filtered_fake	0.948125	1
C:\My_Project\AIGC\results\research\p1_r8_shadow_composite_tradeoff_20260819\stress_cache\fake_190__eye_enlarging.png	filtered_fake	0.873024	1
C:\My_Project\AIGC\results\research\p1_r8_shadow_composite_tradeoff_20260819\stress_cache\fake_190__face_reshaping.png	filtered_fake	0.816731	1
C:\My_Project\AIGC\results\research\p1_r8_shadow_composite_tradeoff_20260819\stress_cache\fake_191__smoothing_light.png	filtered_fake	0.914946	1
C:\My_Project\AIGC\results\research\p1_r8_shadow_composite_tradeoff_20260819\stress_cache\fake_191__smoothing_medium.png	filtered_fake	0.948264	1
C:\My_Project\AIGC\results\research\p1_r8_shadow_composite_tradeoff_20260819\stress_cache\fake_191__smoothing_heavy.png	filtered_fake	0.952911	1
C:\My_Project\AIGC\results\research\p1_r8_shadow_composite_tradeoff_20260819\stress_cache\fake_191__whitening_medium.png	filtered_fake	0.045855	0
C:\My_Project\AIGC\results\research\p1_r8_shadow_composite_tradeoff_20260819\stress_cache\fake_191__combined_medium.png	filtered_fake	0.949618	1
C:\My_Project\AIGC\results\research\p1_r8_shadow_composite_tradeoff_20260819\stress_cache\fake_191__combined_heavy.png	filtered_fake	0.953868	1
C:\My_Project\AIGC\results\research\p1_r8_shadow_composite_tradeoff_20260819\stress_cache\fake_191__eye_enlarging.png	filtered_fake	0.087234	0
C:\My_Project\AIGC\results\research\p1_r8_shadow_composite_tradeoff_20260819\stress_cache\fake_191__face_reshaping.png	filtered_fake	0.054818	0
C:\My_Project\AIGC\results\research\p1_r8_shadow_composite_tradeoff_20260819\stress_cache\fake_19192__smoothing_light.png	filtered_fake	0.940515	1
C:\My_Project\AIGC\results\research\p1_r8_shadow_composite_tradeoff_20260819\stress_cache\fake_19192__smoothing_medium.png	filtered_fake	0.945687	1
C:\My_Project\AIGC\results\research\p1_r8_shadow_composite_tradeoff_20260819\stress_cache\fake_19192__smoothing_heavy.png	filtered_fake	0.941733	1
C:\My_Project\AIGC\results\research\p1_r8_shadow_composite_tradeoff_20260819\stress_cache\fake_19192__whitening_medium.png	filtered_fake	0.953889	1
C:\My_Project\AIGC\results\research\p1_r8_shadow_composite_tradeoff_20260819\stress_cache\fake_19192__combined_medium.png	filtered_fake	0.944517	1
C:\My_Project\AIGC\results\research\p1_r8_shadow_composite_tradeoff_20260819\stress_cache\fake_19192__combined_heavy.png	filtered_fake	0.946256	1
C:\My_Project\AIGC\results\research\p1_r8_shadow_composite_tradeoff_20260819\stress_cache\fake_19192__eye_enlarging.png	filtered_fake	0.940327	1
C:\My_Project\AIGC\results\research\p1_r8_shadow_composite_tradeoff_20260819\stress_cache\fake_19192__face_reshaping.png	filtered_fake	0.940250	1
C:\My_Project\AIGC\results\research\p1_r8_shadow_composite_tradeoff_20260819\stress_cache\fake_192__smoothing_light.png	filtered_fake	0.947462	1
C:\My_Project\AIGC\results\research\p1_r8_shadow_composite_tradeoff_20260819\stress_cache\fake_192__smoothing_medium.png	filtered_fake	0.946968	1
C:\My_Project\AIGC\results\research\p1_r8_shadow_composite_tradeoff_20260819\stress_cache\fake_192__smoothing_heavy.png	filtered_fake	0.934553	1
C:\My_Project\AIGC\results\research\p1_r8_shadow_composite_tradeoff_20260819\stress_cache\fake_192__whitening_medium.png	filtered_fake	0.925748	1
C:\My_Project\AIGC\results\research\p1_r8_shadow_composite_tradeoff_20260819\stress_cache\fake_192__combined_medium.png	filtered_fake	0.943057	1
C:\My_Project\AIGC\results\research\p1_r8_shadow_composite_tradeoff_20260819\stress_cache\fake_192__combined_heavy.png	filtered_fake	0.933982	1
C:\My_Project\AIGC\results\research\p1_r8_shadow_composite_tradeoff_20260819\stress_cache\fake_192__eye_enlarging.png	filtered_fake	0.727437	1
C:\My_Project\AIGC\results\research\p1_r8_shadow_composite_tradeoff_20260819\stress_cache\fake_192__face_reshaping.png	filtered_fake	0.779136	1
C:\My_Project\AIGC\results\research\p1_r8_shadow_composite_tradeoff_20260819\stress_cache\fake_193__smoothing_light.png	filtered_fake	0.939384	1
C:\My_Project\AIGC\results\research\p1_r8_shadow_composite_tradeoff_20260819\stress_cache\fake_193__smoothing_medium.png	filtered_fake	0.941331	1
C:\My_Project\AIGC\results\research\p1_r8_shadow_composite_tradeoff_20260819\stress_cache\fake_193__smoothing_heavy.png	filtered_fake	0.937795	1
C:\My_Project\AIGC\results\research\p1_r8_shadow_composite_tradeoff_20260819\stress_cache\fake_193__whitening_medium.png	filtered_fake	0.850157	1
C:\My_Project\AIGC\results\research\p1_r8_shadow_composite_tradeoff_20260819\stress_cache\fake_193__combined_medium.png	filtered_fake	0.947509	1
C:\My_Project\AIGC\results\research\p1_r8_shadow_composite_tradeoff_20260819\stress_cache\fake_193__combined_heavy.png	filtered_fake	0.947902	1
C:\My_Project\AIGC\results\research\p1_r8_shadow_composite_tradeoff_20260819\stress_cache\fake_193__eye_enlarging.png	filtered_fake	0.939151	1
C:\My_Project\AIGC\results\research\p1_r8_shadow_composite_tradeoff_20260819\stress_cache\fake_193__face_reshaping.png	filtered_fake	0.918095	1
C:\My_Project\AIGC\results\research\p1_r8_shadow_composite_tradeoff_20260819\stress_cache\fake_194__smoothing_light.png	filtered_fake	0.926102	1
C:\My_Project\AIGC\results\research\p1_r8_shadow_composite_tradeoff_20260819\stress_cache\fake_194__smoothing_medium.png	filtered_fake	0.946921	1
C:\My_Project\AIGC\results\research\p1_r8_shadow_composite_tradeoff_20260819\stress_cache\fake_194__smoothing_heavy.png	filtered_fake	0.943606	1
C:\My_Project\AIGC\results\research\p1_r8_shadow_composite_tradeoff_20260819\stress_cache\fake_194__whitening_medium.png	filtered_fake	0.043610	0
C:\My_Project\AIGC\results\research\p1_r8_shadow_composite_tradeoff_20260819\stress_cache\fake_194__combined_medium.png	filtered_fake	0.947722	1
C:\My_Project\AIGC\results\research\p1_r8_shadow_composite_tradeoff_20260819\stress_cache\fake_194__combined_heavy.png	filtered_fake	0.951383	1
C:\My_Project\AIGC\results\research\p1_r8_shadow_composite_tradeoff_20260819\stress_cache\fake_194__eye_enlarging.png	filtered_fake	0.041606	0
C:\My_Project\AIGC\results\research\p1_r8_shadow_composite_tradeoff_20260819\stress_cache\fake_194__face_reshaping.png	filtered_fake	0.067048	0
C:\My_Project\AIGC\results\research\p1_r8_shadow_composite_tradeoff_20260819\stress_cache\fake_195__smoothing_light.png	filtered_fake	0.924453	1
C:\My_Project\AIGC\results\research\p1_r8_shadow_composite_tradeoff_20260819\stress_cache\fake_195__smoothing_medium.png	filtered_fake	0.942736	1
C:\My_Project\AIGC\results\research\p1_r8_shadow_composite_tradeoff_20260819\stress_cache\fake_195__smoothing_heavy.png	filtered_fake	0.946081	1
C:\My_Project\AIGC\results\research\p1_r8_shadow_composite_tradeoff_20260819\stress_cache\fake_195__whitening_medium.png	filtered_fake	0.050688	0
C:\My_Project\AIGC\results\research\p1_r8_shadow_composite_tradeoff_20260819\stress_cache\fake_195__combined_medium.png	filtered_fake	0.951461	1
C:\My_Project\AIGC\results\research\p1_r8_shadow_composite_tradeoff_20260819\stress_cache\fake_195__combined_heavy.png	filtered_fake	0.951389	1
C:\My_Project\AIGC\results\research\p1_r8_shadow_composite_tradeoff_20260819\stress_cache\fake_195__eye_enlarging.png	filtered_fake	0.831154	1
C:\My_Project\AIGC\results\research\p1_r8_shadow_composite_tradeoff_20260819\stress_cache\fake_195__face_reshaping.png	filtered_fake	0.064514	0
C:\My_Project\AIGC\results\research\p1_r8_shadow_composite_tradeoff_20260819\stress_cache\fake_196__smoothing_light.png	filtered_fake	0.935831	1
C:\My_Project\AIGC\results\research\p1_r8_shadow_composite_tradeoff_20260819\stress_cache\fake_196__smoothing_medium.png	filtered_fake	0.941271	1
C:\My_Project\AIGC\results\research\p1_r8_shadow_composite_tradeoff_20260819\stress_cache\fake_196__smoothing_heavy.png	filtered_fake	0.929490	1
C:\My_Project\AIGC\results\research\p1_r8_shadow_composite_tradeoff_20260819\stress_cache\fake_196__whitening_medium.png	filtered_fake	0.060473	0
C:\My_Project\AIGC\results\research\p1_r8_shadow_composite_tradeoff_20260819\stress_cache\fake_196__combined_medium.png	filtered_fake	0.942354	1
C:\My_Project\AIGC\results\research\p1_r8_shadow_composite_tradeoff_20260819\stress_cache\fake_196__combined_heavy.png	filtered_fake	0.924099	1
C:\My_Project\AIGC\results\research\p1_r8_shadow_composite_tradeoff_20260819\stress_cache\fake_196__eye_enlarging.png	filtered_fake	0.046533	0
C:\My_Project\AIGC\results\research\p1_r8_shadow_composite_tradeoff_20260819\stress_cache\fake_196__face_reshaping.png	filtered_fake	0.075583	0
C:\My_Project\AIGC\results\research\p1_r8_shadow_composite_tradeoff_20260819\stress_cache\fake_197__smoothing_light.png	filtered_fake	0.931366	1
C:\My_Project\AIGC\results\research\p1_r8_shadow_composite_tradeoff_20260819\stress_cache\fake_197__smoothing_medium.png	filtered_fake	0.947045	1
C:\My_Project\AIGC\results\research\p1_r8_shadow_composite_tradeoff_20260819\stress_cache\fake_197__smoothing_heavy.png	filtered_fake	0.940798	1
C:\My_Project\AIGC\results\research\p1_r8_shadow_composite_tradeoff_20260819\stress_cache\fake_197__whitening_medium.png	filtered_fake	0.942739	1
C:\My_Project\AIGC\results\research\p1_r8_shadow_composite_tradeoff_20260819\stress_cache\fake_197__combined_medium.png	filtered_fake	0.947516	1
C:\My_Project\AIGC\results\research\p1_r8_shadow_composite_tradeoff_20260819\stress_cache\fake_197__combined_heavy.png	filtered_fake	0.944883	1
C:\My_Project\AIGC\results\research\p1_r8_shadow_composite_tradeoff_20260819\stress_cache\fake_197__eye_enlarging.png	filtered_fake	0.934975	1
C:\My_Project\AIGC\results\research\p1_r8_shadow_composite_tradeoff_20260819\stress_cache\fake_197__face_reshaping.png	filtered_fake	0.764355	1
C:\My_Project\AIGC\results\research\p1_r8_shadow_composite_tradeoff_20260819\stress_cache\fake_198__smoothing_light.png	filtered_fake	0.885450	1
C:\My_Project\AIGC\results\research\p1_r8_shadow_composite_tradeoff_20260819\stress_cache\fake_198__smoothing_medium.png	filtered_fake	0.941418	1
C:\My_Project\AIGC\results\research\p1_r8_shadow_composite_tradeoff_20260819\stress_cache\fake_198__smoothing_heavy.png	filtered_fake	0.942663	1
C:\My_Project\AIGC\results\research\p1_r8_shadow_composite_tradeoff_20260819\stress_cache\fake_198__whitening_medium.png	filtered_fake	0.047270	0
C:\My_Project\AIGC\results\research\p1_r8_shadow_composite_tradeoff_20260819\stress_cache\fake_198__combined_medium.png	filtered_fake	0.949143	1
C:\My_Project\AIGC\results\research\p1_r8_shadow_composite_tradeoff_20260819\stress_cache\fake_198__combined_heavy.png	filtered_fake	0.948260	1
C:\My_Project\AIGC\results\research\p1_r8_shadow_composite_tradeoff_20260819\stress_cache\fake_198__eye_enlarging.png	filtered_fake	0.050340	0
C:\My_Project\AIGC\results\research\p1_r8_shadow_composite_tradeoff_20260819\stress_cache\fake_198__face_reshaping.png	filtered_fake	0.052421	0
C:\My_Project\AIGC\results\research\p1_r8_shadow_composite_tradeoff_20260819\stress_cache\fake_199__smoothing_light.png	filtered_fake	0.861896	1
C:\My_Project\AIGC\results\research\p1_r8_shadow_composite_tradeoff_20260819\stress_cache\fake_199__smoothing_medium.png	filtered_fake	0.939398	1
C:\My_Project\AIGC\results\research\p1_r8_shadow_composite_tradeoff_20260819\stress_cache\fake_199__smoothing_heavy.png	filtered_fake	0.928211	1
C:\My_Project\AIGC\results\research\p1_r8_shadow_composite_tradeoff_20260819\stress_cache\fake_199__whitening_medium.png	filtered_fake	0.189684	0
C:\My_Project\AIGC\results\research\p1_r8_shadow_composite_tradeoff_20260819\stress_cache\fake_199__combined_medium.png	filtered_fake	0.948807	1
C:\My_Project\AIGC\results\research\p1_r8_shadow_composite_tradeoff_20260819\stress_cache\fake_199__combined_heavy.png	filtered_fake	0.950975	1
C:\My_Project\AIGC\results\research\p1_r8_shadow_composite_tradeoff_20260819\stress_cache\fake_199__eye_enlarging.png	filtered_fake	0.078246	0
C:\My_Project\AIGC\results\research\p1_r8_shadow_composite_tradeoff_20260819\stress_cache\fake_199__face_reshaping.png	filtered_fake	0.086046	0
C:\My_Project\AIGC\results\research\p1_r8_shadow_composite_tradeoff_20260819\stress_cache\fake_200__smoothing_light.png	filtered_fake	0.937944	1
C:\My_Project\AIGC\results\research\p1_r8_shadow_composite_tradeoff_20260819\stress_cache\fake_200__smoothing_medium.png	filtered_fake	0.947333	1
C:\My_Project\AIGC\results\research\p1_r8_shadow_composite_tradeoff_20260819\stress_cache\fake_200__smoothing_heavy.png	filtered_fake	0.945009	1
C:\My_Project\AIGC\results\research\p1_r8_shadow_composite_tradeoff_20260819\stress_cache\fake_200__whitening_medium.png	filtered_fake	0.831398	1
C:\My_Project\AIGC\results\research\p1_r8_shadow_composite_tradeoff_20260819\stress_cache\fake_200__combined_medium.png	filtered_fake	0.950068	1
C:\My_Project\AIGC\results\research\p1_r8_shadow_composite_tradeoff_20260819\stress_cache\fake_200__combined_heavy.png	filtered_fake	0.946635	1
C:\My_Project\AIGC\results\research\p1_r8_shadow_composite_tradeoff_20260819\stress_cache\fake_200__eye_enlarging.png	filtered_fake	0.845153	1
C:\My_Project\AIGC\results\research\p1_r8_shadow_composite_tradeoff_20260819\stress_cache\fake_200__face_reshaping.png	filtered_fake	0.622960	1
C:\My_Project\AIGC\results\research\p1_r8_shadow_composite_tradeoff_20260819\stress_cache\fake_201__smoothing_light.png	filtered_fake	0.898956	1
C:\My_Project\AIGC\results\research\p1_r8_shadow_composite_tradeoff_20260819\stress_cache\fake_201__smoothing_medium.png	filtered_fake	0.945447	1
C:\My_Project\AIGC\results\research\p1_r8_shadow_composite_tradeoff_20260819\stress_cache\fake_201__smoothing_heavy.png	filtered_fake	0.930795	1
C:\My_Project\AIGC\results\research\p1_r8_shadow_composite_tradeoff_20260819\stress_cache\fake_201__whitening_medium.png	filtered_fake	0.632425	1
C:\My_Project\AIGC\results\research\p1_r8_shadow_composite_tradeoff_20260819\stress_cache\fake_201__combined_medium.png	filtered_fake	0.939677	1
C:\My_Project\AIGC\results\research\p1_r8_shadow_composite_tradeoff_20260819\stress_cache\fake_201__combined_heavy.png	filtered_fake	0.941877	1
C:\My_Project\AIGC\results\research\p1_r8_shadow_composite_tradeoff_20260819\stress_cache\fake_201__eye_enlarging.png	filtered_fake	0.312772	0
C:\My_Project\AIGC\results\research\p1_r8_shadow_composite_tradeoff_20260819\stress_cache\fake_201__face_reshaping.png	filtered_fake	0.786976	1
C:\My_Project\AIGC\results\research\p1_r8_shadow_composite_tradeoff_20260819\stress_cache\fake_202__smoothing_light.png	filtered_fake	0.944175	1
C:\My_Project\AIGC\results\research\p1_r8_shadow_composite_tradeoff_20260819\stress_cache\fake_202__smoothing_medium.png	filtered_fake	0.942463	1
C:\My_Project\AIGC\results\research\p1_r8_shadow_composite_tradeoff_20260819\stress_cache\fake_202__smoothing_heavy.png	filtered_fake	0.947429	1
C:\My_Project\AIGC\results\research\p1_r8_shadow_composite_tradeoff_20260819\stress_cache\fake_202__whitening_medium.png	filtered_fake	0.953460	1
C:\My_Project\AIGC\results\research\p1_r8_shadow_composite_tradeoff_20260819\stress_cache\fake_202__combined_medium.png	filtered_fake	0.944267	1
C:\My_Project\AIGC\results\research\p1_r8_shadow_composite_tradeoff_20260819\stress_cache\fake_202__combined_heavy.png	filtered_fake	0.948847	1
C:\My_Project\AIGC\results\research\p1_r8_shadow_composite_tradeoff_20260819\stress_cache\fake_202__eye_enlarging.png	filtered_fake	0.954496	1
C:\My_Project\AIGC\results\research\p1_r8_shadow_composite_tradeoff_20260819\stress_cache\fake_202__face_reshaping.png	filtered_fake	0.955025	1
C:\My_Project\AIGC\results\research\p1_r8_shadow_composite_tradeoff_20260819\stress_cache\fake_203__smoothing_light.png	filtered_fake	0.944212	1
C:\My_Project\AIGC\results\research\p1_r8_shadow_composite_tradeoff_20260819\stress_cache\fake_203__smoothing_medium.png	filtered_fake	0.945256	1
C:\My_Project\AIGC\results\research\p1_r8_shadow_composite_tradeoff_20260819\stress_cache\fake_203__smoothing_heavy.png	filtered_fake	0.946892	1
C:\My_Project\AIGC\results\research\p1_r8_shadow_composite_tradeoff_20260819\stress_cache\fake_203__whitening_medium.png	filtered_fake	0.908533	1
C:\My_Project\AIGC\results\research\p1_r8_shadow_composite_tradeoff_20260819\stress_cache\fake_203__combined_medium.png	filtered_fake	0.946446	1
C:\My_Project\AIGC\results\research\p1_r8_shadow_composite_tradeoff_20260819\stress_cache\fake_203__combined_heavy.png	filtered_fake	0.949089	1
C:\My_Project\AIGC\results\research\p1_r8_shadow_composite_tradeoff_20260819\stress_cache\fake_203__eye_enlarging.png	filtered_fake	0.867152	1
C:\My_Project\AIGC\results\research\p1_r8_shadow_composite_tradeoff_20260819\stress_cache\fake_203__face_reshaping.png	filtered_fake	0.901650	1
C:\My_Project\AIGC\results\research\p1_r8_shadow_composite_tradeoff_20260819\stress_cache\fake_204__smoothing_light.png	filtered_fake	0.947279	1
C:\My_Project\AIGC\results\research\p1_r8_shadow_composite_tradeoff_20260819\stress_cache\fake_204__smoothing_medium.png	filtered_fake	0.947448	1
C:\My_Project\AIGC\results\research\p1_r8_shadow_composite_tradeoff_20260819\stress_cache\fake_204__smoothing_heavy.png	filtered_fake	0.944132	1
C:\My_Project\AIGC\results\research\p1_r8_shadow_composite_tradeoff_20260819\stress_cache\fake_204__whitening_medium.png	filtered_fake	0.933817	1
C:\My_Project\AIGC\results\research\p1_r8_shadow_composite_tradeoff_20260819\stress_cache\fake_204__combined_medium.png	filtered_fake	0.948265	1
C:\My_Project\AIGC\results\research\p1_r8_shadow_composite_tradeoff_20260819\stress_cache\fake_204__combined_heavy.png	filtered_fake	0.951139	1
C:\My_Project\AIGC\results\research\p1_r8_shadow_composite_tradeoff_20260819\stress_cache\fake_204__eye_enlarging.png	filtered_fake	0.940043	1
C:\My_Project\AIGC\results\research\p1_r8_shadow_composite_tradeoff_20260819\stress_cache\fake_204__face_reshaping.png	filtered_fake	0.949654	1
C:\My_Project\AIGC\results\research\p1_r8_shadow_composite_tradeoff_20260819\stress_cache\fake_205__smoothing_light.png	filtered_fake	0.938060	1
C:\My_Project\AIGC\results\research\p1_r8_shadow_composite_tradeoff_20260819\stress_cache\fake_205__smoothing_medium.png	filtered_fake	0.945906	1
C:\My_Project\AIGC\results\research\p1_r8_shadow_composite_tradeoff_20260819\stress_cache\fake_205__smoothing_heavy.png	filtered_fake	0.946617	1
C:\My_Project\AIGC\results\research\p1_r8_shadow_composite_tradeoff_20260819\stress_cache\fake_205__whitening_medium.png	filtered_fake	0.945323	1
C:\My_Project\AIGC\results\research\p1_r8_shadow_composite_tradeoff_20260819\stress_cache\fake_205__combined_medium.png	filtered_fake	0.948100	1
C:\My_Project\AIGC\results\research\p1_r8_shadow_composite_tradeoff_20260819\stress_cache\fake_205__combined_heavy.png	filtered_fake	0.948507	1
C:\My_Project\AIGC\results\research\p1_r8_shadow_composite_tradeoff_20260819\stress_cache\fake_205__eye_enlarging.png	filtered_fake	0.940226	1
C:\My_Project\AIGC\results\research\p1_r8_shadow_composite_tradeoff_20260819\stress_cache\fake_205__face_reshaping.png	filtered_fake	0.941226	1
C:\My_Project\AIGC\results\research\p1_r8_shadow_composite_tradeoff_20260819\stress_cache\fake_206__smoothing_light.png	filtered_fake	0.938108	1
C:\My_Project\AIGC\results\research\p1_r8_shadow_composite_tradeoff_20260819\stress_cache\fake_206__smoothing_medium.png	filtered_fake	0.948124	1
C:\My_Project\AIGC\results\research\p1_r8_shadow_composite_tradeoff_20260819\stress_cache\fake_206__smoothing_heavy.png	filtered_fake	0.947104	1
C:\My_Project\AIGC\results\research\p1_r8_shadow_composite_tradeoff_20260819\stress_cache\fake_206__whitening_medium.png	filtered_fake	0.877651	1
C:\My_Project\AIGC\results\research\p1_r8_shadow_composite_tradeoff_20260819\stress_cache\fake_206__combined_medium.png	filtered_fake	0.946130	1
C:\My_Project\AIGC\results\research\p1_r8_shadow_composite_tradeoff_20260819\stress_cache\fake_206__combined_heavy.png	filtered_fake	0.945663	1
C:\My_Project\AIGC\results\research\p1_r8_shadow_composite_tradeoff_20260819\stress_cache\fake_206__eye_enlarging.png	filtered_fake	0.902031	1
C:\My_Project\AIGC\results\research\p1_r8_shadow_composite_tradeoff_20260819\stress_cache\fake_206__face_reshaping.png	filtered_fake	0.893409	1
C:\My_Project\AIGC\results\research\p1_r8_shadow_composite_tradeoff_20260819\stress_cache\fake_207__smoothing_light.png	filtered_fake	0.934124	1
C:\My_Project\AIGC\results\research\p1_r8_shadow_composite_tradeoff_20260819\stress_cache\fake_207__smoothing_medium.png	filtered_fake	0.947695	1
C:\My_Project\AIGC\results\research\p1_r8_shadow_composite_tradeoff_20260819\stress_cache\fake_207__smoothing_heavy.png	filtered_fake	0.941857	1
C:\My_Project\AIGC\results\research\p1_r8_shadow_composite_tradeoff_20260819\stress_cache\fake_207__whitening_medium.png	filtered_fake	0.646096	1
C:\My_Project\AIGC\results\research\p1_r8_shadow_composite_tradeoff_20260819\stress_cache\fake_207__combined_medium.png	filtered_fake	0.947128	1
C:\My_Project\AIGC\results\research\p1_r8_shadow_composite_tradeoff_20260819\stress_cache\fake_207__combined_heavy.png	filtered_fake	0.948024	1
C:\My_Project\AIGC\results\research\p1_r8_shadow_composite_tradeoff_20260819\stress_cache\fake_207__eye_enlarging.png	filtered_fake	0.822598	1
C:\My_Project\AIGC\results\research\p1_r8_shadow_composite_tradeoff_20260819\stress_cache\fake_207__face_reshaping.png	filtered_fake	0.844057	1
C:\My_Project\AIGC\results\research\p1_r8_shadow_composite_tradeoff_20260819\stress_cache\fake_208__smoothing_light.png	filtered_fake	0.875888	1
C:\My_Project\AIGC\results\research\p1_r8_shadow_composite_tradeoff_20260819\stress_cache\fake_208__smoothing_medium.png	filtered_fake	0.934464	1
C:\My_Project\AIGC\results\research\p1_r8_shadow_composite_tradeoff_20260819\stress_cache\fake_208__smoothing_heavy.png	filtered_fake	0.930769	1
C:\My_Project\AIGC\results\research\p1_r8_shadow_composite_tradeoff_20260819\stress_cache\fake_208__whitening_medium.png	filtered_fake	0.136193	0
C:\My_Project\AIGC\results\research\p1_r8_shadow_composite_tradeoff_20260819\stress_cache\fake_208__combined_medium.png	filtered_fake	0.939774	1
C:\My_Project\AIGC\results\research\p1_r8_shadow_composite_tradeoff_20260819\stress_cache\fake_208__combined_heavy.png	filtered_fake	0.947125	1
C:\My_Project\AIGC\results\research\p1_r8_shadow_composite_tradeoff_20260819\stress_cache\fake_208__eye_enlarging.png	filtered_fake	0.156534	0
C:\My_Project\AIGC\results\research\p1_r8_shadow_composite_tradeoff_20260819\stress_cache\fake_208__face_reshaping.png	filtered_fake	0.076012	0
C:\My_Project\AIGC\results\research\p1_r8_shadow_composite_tradeoff_20260819\stress_cache\fake_209__smoothing_light.png	filtered_fake	0.940737	1
C:\My_Project\AIGC\results\research\p1_r8_shadow_composite_tradeoff_20260819\stress_cache\fake_209__smoothing_medium.png	filtered_fake	0.948243	1
C:\My_Project\AIGC\results\research\p1_r8_shadow_composite_tradeoff_20260819\stress_cache\fake_209__smoothing_heavy.png	filtered_fake	0.948717	1
C:\My_Project\AIGC\results\research\p1_r8_shadow_composite_tradeoff_20260819\stress_cache\fake_209__whitening_medium.png	filtered_fake	0.940198	1
C:\My_Project\AIGC\results\research\p1_r8_shadow_composite_tradeoff_20260819\stress_cache\fake_209__combined_medium.png	filtered_fake	0.946556	1
C:\My_Project\AIGC\results\research\p1_r8_shadow_composite_tradeoff_20260819\stress_cache\fake_209__combined_heavy.png	filtered_fake	0.949531	1
C:\My_Project\AIGC\results\research\p1_r8_shadow_composite_tradeoff_20260819\stress_cache\fake_209__eye_enlarging.png	filtered_fake	0.946150	1
C:\My_Project\AIGC\results\research\p1_r8_shadow_composite_tradeoff_20260819\stress_cache\fake_209__face_reshaping.png	filtered_fake	0.945256	1
C:\My_Project\AIGC\results\research\p1_r8_shadow_composite_tradeoff_20260819\stress_cache\fake_21__smoothing_light.png	filtered_fake	0.943444	1
C:\My_Project\AIGC\results\research\p1_r8_shadow_composite_tradeoff_20260819\stress_cache\fake_21__smoothing_medium.png	filtered_fake	0.946481	1
C:\My_Project\AIGC\results\research\p1_r8_shadow_composite_tradeoff_20260819\stress_cache\fake_21__smoothing_heavy.png	filtered_fake	0.952607	1
C:\My_Project\AIGC\results\research\p1_r8_shadow_composite_tradeoff_20260819\stress_cache\fake_21__whitening_medium.png	filtered_fake	0.907011	1
C:\My_Project\AIGC\results\research\p1_r8_shadow_composite_tradeoff_20260819\stress_cache\fake_21__combined_medium.png	filtered_fake	0.948955	1
C:\My_Project\AIGC\results\research\p1_r8_shadow_composite_tradeoff_20260819\stress_cache\fake_21__combined_heavy.png	filtered_fake	0.953873	1
C:\My_Project\AIGC\results\research\p1_r8_shadow_composite_tradeoff_20260819\stress_cache\fake_21__eye_enlarging.png	filtered_fake	0.904077	1
C:\My_Project\AIGC\results\research\p1_r8_shadow_composite_tradeoff_20260819\stress_cache\fake_21__face_reshaping.png	filtered_fake	0.874030	1
C:\My_Project\AIGC\results\research\p1_r8_shadow_composite_tradeoff_20260819\stress_cache\fake_210__smoothing_light.png	filtered_fake	0.924564	1
C:\My_Project\AIGC\results\research\p1_r8_shadow_composite_tradeoff_20260819\stress_cache\fake_210__smoothing_medium.png	filtered_fake	0.946763	1
C:\My_Project\AIGC\results\research\p1_r8_shadow_composite_tradeoff_20260819\stress_cache\fake_210__smoothing_heavy.png	filtered_fake	0.945397	1
C:\My_Project\AIGC\results\research\p1_r8_shadow_composite_tradeoff_20260819\stress_cache\fake_210__whitening_medium.png	filtered_fake	0.827636	1
C:\My_Project\AIGC\results\research\p1_r8_shadow_composite_tradeoff_20260819\stress_cache\fake_210__combined_medium.png	filtered_fake	0.947885	1
C:\My_Project\AIGC\results\research\p1_r8_shadow_composite_tradeoff_20260819\stress_cache\fake_210__combined_heavy.png	filtered_fake	0.951522	1
C:\My_Project\AIGC\results\research\p1_r8_shadow_composite_tradeoff_20260819\stress_cache\fake_210__eye_enlarging.png	filtered_fake	0.734793	1
C:\My_Project\AIGC\results\research\p1_r8_shadow_composite_tradeoff_20260819\stress_cache\fake_210__face_reshaping.png	filtered_fake	0.846136	1
C:\My_Project\AIGC\results\research\p1_r8_shadow_composite_tradeoff_20260819\stress_cache\fake_211__smoothing_light.png	filtered_fake	0.922653	1
C:\My_Project\AIGC\results\research\p1_r8_shadow_composite_tradeoff_20260819\stress_cache\fake_211__smoothing_medium.png	filtered_fake	0.939743	1
C:\My_Project\AIGC\results\research\p1_r8_shadow_composite_tradeoff_20260819\stress_cache\fake_211__smoothing_heavy.png	filtered_fake	0.933811	1
C:\My_Project\AIGC\results\research\p1_r8_shadow_composite_tradeoff_20260819\stress_cache\fake_211__whitening_medium.png	filtered_fake	0.900182	1
C:\My_Project\AIGC\results\research\p1_r8_shadow_composite_tradeoff_20260819\stress_cache\fake_211__combined_medium.png	filtered_fake	0.939413	1
C:\My_Project\AIGC\results\research\p1_r8_shadow_composite_tradeoff_20260819\stress_cache\fake_211__combined_heavy.png	filtered_fake	0.942024	1
C:\My_Project\AIGC\results\research\p1_r8_shadow_composite_tradeoff_20260819\stress_cache\fake_211__eye_enlarging.png	filtered_fake	0.813675	1
C:\My_Project\AIGC\results\research\p1_r8_shadow_composite_tradeoff_20260819\stress_cache\fake_211__face_reshaping.png	filtered_fake	0.871287	1
C:\My_Project\AIGC\results\research\p1_r8_shadow_composite_tradeoff_20260819\stress_cache\fake_212__smoothing_light.png	filtered_fake	0.903811	1
C:\My_Project\AIGC\results\research\p1_r8_shadow_composite_tradeoff_20260819\stress_cache\fake_212__smoothing_medium.png	filtered_fake	0.947115	1
C:\My_Project\AIGC\results\research\p1_r8_shadow_composite_tradeoff_20260819\stress_cache\fake_212__smoothing_heavy.png	filtered_fake	0.945582	1
C:\My_Project\AIGC\results\research\p1_r8_shadow_composite_tradeoff_20260819\stress_cache\fake_212__whitening_medium.png	filtered_fake	0.934476	1
C:\My_Project\AIGC\results\research\p1_r8_shadow_composite_tradeoff_20260819\stress_cache\fake_212__combined_medium.png	filtered_fake	0.945949	1
C:\My_Project\AIGC\results\research\p1_r8_shadow_composite_tradeoff_20260819\stress_cache\fake_212__combined_heavy.png	filtered_fake	0.950037	1
C:\My_Project\AIGC\results\research\p1_r8_shadow_composite_tradeoff_20260819\stress_cache\fake_212__eye_enlarging.png	filtered_fake	0.909639	1
C:\My_Project\AIGC\results\research\p1_r8_shadow_composite_tradeoff_20260819\stress_cache\fake_212__face_reshaping.png	filtered_fake	0.652722	1
C:\My_Project\AIGC\results\research\p1_r8_shadow_composite_tradeoff_20260819\stress_cache\fake_213__smoothing_light.png	filtered_fake	0.939969	1
C:\My_Project\AIGC\results\research\p1_r8_shadow_composite_tradeoff_20260819\stress_cache\fake_213__smoothing_medium.png	filtered_fake	0.946379	1
C:\My_Project\AIGC\results\research\p1_r8_shadow_composite_tradeoff_20260819\stress_cache\fake_213__smoothing_heavy.png	filtered_fake	0.947776	1
C:\My_Project\AIGC\results\research\p1_r8_shadow_composite_tradeoff_20260819\stress_cache\fake_213__whitening_medium.png	filtered_fake	0.166251	0
C:\My_Project\AIGC\results\research\p1_r8_shadow_composite_tradeoff_20260819\stress_cache\fake_213__combined_medium.png	filtered_fake	0.945267	1
C:\My_Project\AIGC\results\research\p1_r8_shadow_composite_tradeoff_20260819\stress_cache\fake_213__combined_heavy.png	filtered_fake	0.946231	1
C:\My_Project\AIGC\results\research\p1_r8_shadow_composite_tradeoff_20260819\stress_cache\fake_213__eye_enlarging.png	filtered_fake	0.540704	1
C:\My_Project\AIGC\results\research\p1_r8_shadow_composite_tradeoff_20260819\stress_cache\fake_213__face_reshaping.png	filtered_fake	0.752917	1
C:\My_Project\AIGC\results\research\p1_r8_shadow_composite_tradeoff_20260819\stress_cache\fake_214__smoothing_light.png	filtered_fake	0.943802	1
C:\My_Project\AIGC\results\research\p1_r8_shadow_composite_tradeoff_20260819\stress_cache\fake_214__smoothing_medium.png	filtered_fake	0.946779	1
C:\My_Project\AIGC\results\research\p1_r8_shadow_composite_tradeoff_20260819\stress_cache\fake_214__smoothing_heavy.png	filtered_fake	0.947315	1
C:\My_Project\AIGC\results\research\p1_r8_shadow_composite_tradeoff_20260819\stress_cache\fake_214__whitening_medium.png	filtered_fake	0.919407	1
C:\My_Project\AIGC\results\research\p1_r8_shadow_composite_tradeoff_20260819\stress_cache\fake_214__combined_medium.png	filtered_fake	0.949413	1
C:\My_Project\AIGC\results\research\p1_r8_shadow_composite_tradeoff_20260819\stress_cache\fake_214__combined_heavy.png	filtered_fake	0.949274	1
C:\My_Project\AIGC\results\research\p1_r8_shadow_composite_tradeoff_20260819\stress_cache\fake_214__eye_enlarging.png	filtered_fake	0.091007	0
C:\My_Project\AIGC\results\research\p1_r8_shadow_composite_tradeoff_20260819\stress_cache\fake_214__face_reshaping.png	filtered_fake	0.081561	0
C:\My_Project\AIGC\results\research\p1_r8_shadow_composite_tradeoff_20260819\stress_cache\fake_215__smoothing_light.png	filtered_fake	0.542913	1
C:\My_Project\AIGC\results\research\p1_r8_shadow_composite_tradeoff_20260819\stress_cache\fake_215__smoothing_medium.png	filtered_fake	0.918959	1
C:\My_Project\AIGC\results\research\p1_r8_shadow_composite_tradeoff_20260819\stress_cache\fake_215__smoothing_heavy.png	filtered_fake	0.698774	1
C:\My_Project\AIGC\results\research\p1_r8_shadow_composite_tradeoff_20260819\stress_cache\fake_215__whitening_medium.png	filtered_fake	0.043504	0
C:\My_Project\AIGC\results\research\p1_r8_shadow_composite_tradeoff_20260819\stress_cache\fake_215__combined_medium.png	filtered_fake	0.942226	1
C:\My_Project\AIGC\results\research\p1_r8_shadow_composite_tradeoff_20260819\stress_cache\fake_215__combined_heavy.png	filtered_fake	0.888546	1
C:\My_Project\AIGC\results\research\p1_r8_shadow_composite_tradeoff_20260819\stress_cache\fake_215__eye_enlarging.png	filtered_fake	0.056992	0
C:\My_Project\AIGC\results\research\p1_r8_shadow_composite_tradeoff_20260819\stress_cache\fake_215__face_reshaping.png	filtered_fake	0.069232	0
C:\My_Project\AIGC\results\research\p1_r8_shadow_composite_tradeoff_20260819\stress_cache\fake_216__smoothing_light.png	filtered_fake	0.871665	1
C:\My_Project\AIGC\results\research\p1_r8_shadow_composite_tradeoff_20260819\stress_cache\fake_216__smoothing_medium.png	filtered_fake	0.937078	1
C:\My_Project\AIGC\results\research\p1_r8_shadow_composite_tradeoff_20260819\stress_cache\fake_216__smoothing_heavy.png	filtered_fake	0.940308	1
C:\My_Project\AIGC\results\research\p1_r8_shadow_composite_tradeoff_20260819\stress_cache\fake_216__whitening_medium.png	filtered_fake	0.058283	0
C:\My_Project\AIGC\results\research\p1_r8_shadow_composite_tradeoff_20260819\stress_cache\fake_216__combined_medium.png	filtered_fake	0.941402	1
C:\My_Project\AIGC\results\research\p1_r8_shadow_composite_tradeoff_20260819\stress_cache\fake_216__combined_heavy.png	filtered_fake	0.937207	1
C:\My_Project\AIGC\results\research\p1_r8_shadow_composite_tradeoff_20260819\stress_cache\fake_216__eye_enlarging.png	filtered_fake	0.050078	0
C:\My_Project\AIGC\results\research\p1_r8_shadow_composite_tradeoff_20260819\stress_cache\fake_216__face_reshaping.png	filtered_fake	0.058816	0
C:\My_Project\AIGC\results\research\p1_r8_shadow_composite_tradeoff_20260819\stress_cache\fake_217__smoothing_light.png	filtered_fake	0.933645	1
C:\My_Project\AIGC\results\research\p1_r8_shadow_composite_tradeoff_20260819\stress_cache\fake_217__smoothing_medium.png	filtered_fake	0.943418	1
C:\My_Project\AIGC\results\research\p1_r8_shadow_composite_tradeoff_20260819\stress_cache\fake_217__smoothing_heavy.png	filtered_fake	0.943739	1
C:\My_Project\AIGC\results\research\p1_r8_shadow_composite_tradeoff_20260819\stress_cache\fake_217__whitening_medium.png	filtered_fake	0.939286	1
C:\My_Project\AIGC\results\research\p1_r8_shadow_composite_tradeoff_20260819\stress_cache\fake_217__combined_medium.png	filtered_fake	0.939016	1
C:\My_Project\AIGC\results\research\p1_r8_shadow_composite_tradeoff_20260819\stress_cache\fake_217__combined_heavy.png	filtered_fake	0.940759	1
C:\My_Project\AIGC\results\research\p1_r8_shadow_composite_tradeoff_20260819\stress_cache\fake_217__eye_enlarging.png	filtered_fake	0.830800	1
C:\My_Project\AIGC\results\research\p1_r8_shadow_composite_tradeoff_20260819\stress_cache\fake_217__face_reshaping.png	filtered_fake	0.948665	1
C:\My_Project\AIGC\results\research\p1_r8_shadow_composite_tradeoff_20260819\stress_cache\fake_218__smoothing_light.png	filtered_fake	0.918968	1
C:\My_Project\AIGC\results\research\p1_r8_shadow_composite_tradeoff_20260819\stress_cache\fake_218__smoothing_medium.png	filtered_fake	0.946486	1
C:\My_Project\AIGC\results\research\p1_r8_shadow_composite_tradeoff_20260819\stress_cache\fake_218__smoothing_heavy.png	filtered_fake	0.941279	1
C:\My_Project\AIGC\results\research\p1_r8_shadow_composite_tradeoff_20260819\stress_cache\fake_218__whitening_medium.png	filtered_fake	0.697273	1
C:\My_Project\AIGC\results\research\p1_r8_shadow_composite_tradeoff_20260819\stress_cache\fake_218__combined_medium.png	filtered_fake	0.943644	1
C:\My_Project\AIGC\results\research\p1_r8_shadow_composite_tradeoff_20260819\stress_cache\fake_218__combined_heavy.png	filtered_fake	0.944381	1
C:\My_Project\AIGC\results\research\p1_r8_shadow_composite_tradeoff_20260819\stress_cache\fake_218__eye_enlarging.png	filtered_fake	0.694669	1
C:\My_Project\AIGC\results\research\p1_r8_shadow_composite_tradeoff_20260819\stress_cache\fake_218__face_reshaping.png	filtered_fake	0.890780	1
C:\My_Project\AIGC\results\research\p1_r8_shadow_composite_tradeoff_20260819\stress_cache\fake_219__smoothing_light.png	filtered_fake	0.952893	1
C:\My_Project\AIGC\results\research\p1_r8_shadow_composite_tradeoff_20260819\stress_cache\fake_219__smoothing_medium.png	filtered_fake	0.957186	1
C:\My_Project\AIGC\results\research\p1_r8_shadow_composite_tradeoff_20260819\stress_cache\fake_219__smoothing_heavy.png	filtered_fake	0.958215	1
C:\My_Project\AIGC\results\research\p1_r8_shadow_composite_tradeoff_20260819\stress_cache\fake_219__whitening_medium.png	filtered_fake	0.909856	1
C:\My_Project\AIGC\results\research\p1_r8_shadow_composite_tradeoff_20260819\stress_cache\fake_219__combined_medium.png	filtered_fake	0.956467	1
C:\My_Project\AIGC\results\research\p1_r8_shadow_composite_tradeoff_20260819\stress_cache\fake_219__combined_heavy.png	filtered_fake	0.955069	1
C:\My_Project\AIGC\results\research\p1_r8_shadow_composite_tradeoff_20260819\stress_cache\fake_219__eye_enlarging.png	filtered_fake	0.930935	1
C:\My_Project\AIGC\results\research\p1_r8_shadow_composite_tradeoff_20260819\stress_cache\fake_219__face_reshaping.png	filtered_fake	0.930696	1
C:\My_Project\AIGC\results\research\p1_r8_shadow_composite_tradeoff_20260819\stress_cache\fake_220__smoothing_light.png	filtered_fake	0.943326	1
C:\My_Project\AIGC\results\research\p1_r8_shadow_composite_tradeoff_20260819\stress_cache\fake_220__smoothing_medium.png	filtered_fake	0.951577	1
C:\My_Project\AIGC\results\research\p1_r8_shadow_composite_tradeoff_20260819\stress_cache\fake_220__smoothing_heavy.png	filtered_fake	0.952210	1
C:\My_Project\AIGC\results\research\p1_r8_shadow_composite_tradeoff_20260819\stress_cache\fake_220__whitening_medium.png	filtered_fake	0.835464	1
C:\My_Project\AIGC\results\research\p1_r8_shadow_composite_tradeoff_20260819\stress_cache\fake_220__combined_medium.png	filtered_fake	0.948836	1
C:\My_Project\AIGC\results\research\p1_r8_shadow_composite_tradeoff_20260819\stress_cache\fake_220__combined_heavy.png	filtered_fake	0.948166	1
C:\My_Project\AIGC\results\research\p1_r8_shadow_composite_tradeoff_20260819\stress_cache\fake_220__eye_enlarging.png	filtered_fake	0.623758	1
C:\My_Project\AIGC\results\research\p1_r8_shadow_composite_tradeoff_20260819\stress_cache\fake_220__face_reshaping.png	filtered_fake	0.934231	1
C:\My_Project\AIGC\results\research\p1_r8_shadow_composite_tradeoff_20260819\stress_cache\fake_221__smoothing_light.png	filtered_fake	0.940178	1
C:\My_Project\AIGC\results\research\p1_r8_shadow_composite_tradeoff_20260819\stress_cache\fake_221__smoothing_medium.png	filtered_fake	0.944305	1
C:\My_Project\AIGC\results\research\p1_r8_shadow_composite_tradeoff_20260819\stress_cache\fake_221__smoothing_heavy.png	filtered_fake	0.947307	1
C:\My_Project\AIGC\results\research\p1_r8_shadow_composite_tradeoff_20260819\stress_cache\fake_221__whitening_medium.png	filtered_fake	0.888995	1
C:\My_Project\AIGC\results\research\p1_r8_shadow_composite_tradeoff_20260819\stress_cache\fake_221__combined_medium.png	filtered_fake	0.946270	1
C:\My_Project\AIGC\results\research\p1_r8_shadow_composite_tradeoff_20260819\stress_cache\fake_221__combined_heavy.png	filtered_fake	0.946779	1
C:\My_Project\AIGC\results\research\p1_r8_shadow_composite_tradeoff_20260819\stress_cache\fake_221__eye_enlarging.png	filtered_fake	0.930654	1
C:\My_Project\AIGC\results\research\p1_r8_shadow_composite_tradeoff_20260819\stress_cache\fake_221__face_reshaping.png	filtered_fake	0.903153	1
C:\My_Project\AIGC\results\research\p1_r8_shadow_composite_tradeoff_20260819\stress_cache\fake_222__smoothing_light.png	filtered_fake	0.942639	1
C:\My_Project\AIGC\results\research\p1_r8_shadow_composite_tradeoff_20260819\stress_cache\fake_222__smoothing_medium.png	filtered_fake	0.945663	1
C:\My_Project\AIGC\results\research\p1_r8_shadow_composite_tradeoff_20260819\stress_cache\fake_222__smoothing_heavy.png	filtered_fake	0.944729	1
C:\My_Project\AIGC\results\research\p1_r8_shadow_composite_tradeoff_20260819\stress_cache\fake_222__whitening_medium.png	filtered_fake	0.498251	1
C:\My_Project\AIGC\results\research\p1_r8_shadow_composite_tradeoff_20260819\stress_cache\fake_222__combined_medium.png	filtered_fake	0.949251	1
C:\My_Project\AIGC\results\research\p1_r8_shadow_composite_tradeoff_20260819\stress_cache\fake_222__combined_heavy.png	filtered_fake	0.950146	1
C:\My_Project\AIGC\results\research\p1_r8_shadow_composite_tradeoff_20260819\stress_cache\fake_222__eye_enlarging.png	filtered_fake	0.467396	0
C:\My_Project\AIGC\results\research\p1_r8_shadow_composite_tradeoff_20260819\stress_cache\fake_222__face_reshaping.png	filtered_fake	0.346254	0
C:\My_Project\AIGC\results\research\p1_r8_shadow_composite_tradeoff_20260819\stress_cache\fake_223__smoothing_light.png	filtered_fake	0.944344	1
C:\My_Project\AIGC\results\research\p1_r8_shadow_composite_tradeoff_20260819\stress_cache\fake_223__smoothing_medium.png	filtered_fake	0.950814	1
C:\My_Project\AIGC\results\research\p1_r8_shadow_composite_tradeoff_20260819\stress_cache\fake_223__smoothing_heavy.png	filtered_fake	0.949847	1
C:\My_Project\AIGC\results\research\p1_r8_shadow_composite_tradeoff_20260819\stress_cache\fake_223__whitening_medium.png	filtered_fake	0.935299	1
C:\My_Project\AIGC\results\research\p1_r8_shadow_composite_tradeoff_20260819\stress_cache\fake_223__combined_medium.png	filtered_fake	0.951252	1
C:\My_Project\AIGC\results\research\p1_r8_shadow_composite_tradeoff_20260819\stress_cache\fake_223__combined_heavy.png	filtered_fake	0.952466	1
C:\My_Project\AIGC\results\research\p1_r8_shadow_composite_tradeoff_20260819\stress_cache\fake_223__eye_enlarging.png	filtered_fake	0.937159	1
C:\My_Project\AIGC\results\research\p1_r8_shadow_composite_tradeoff_20260819\stress_cache\fake_223__face_reshaping.png	filtered_fake	0.914663	1
C:\My_Project\AIGC\results\research\p1_r8_shadow_composite_tradeoff_20260819\stress_cache\fake_224__smoothing_light.png	filtered_fake	0.942495	1
C:\My_Project\AIGC\results\research\p1_r8_shadow_composite_tradeoff_20260819\stress_cache\fake_224__smoothing_medium.png	filtered_fake	0.942181	1
C:\My_Project\AIGC\results\research\p1_r8_shadow_composite_tradeoff_20260819\stress_cache\fake_224__smoothing_heavy.png	filtered_fake	0.943331	1
C:\My_Project\AIGC\results\research\p1_r8_shadow_composite_tradeoff_20260819\stress_cache\fake_224__whitening_medium.png	filtered_fake	0.907108	1
C:\My_Project\AIGC\results\research\p1_r8_shadow_composite_tradeoff_20260819\stress_cache\fake_224__combined_medium.png	filtered_fake	0.943214	1
C:\My_Project\AIGC\results\research\p1_r8_shadow_composite_tradeoff_20260819\stress_cache\fake_224__combined_heavy.png	filtered_fake	0.944128	1
C:\My_Project\AIGC\results\research\p1_r8_shadow_composite_tradeoff_20260819\stress_cache\fake_224__eye_enlarging.png	filtered_fake	0.514761	1
C:\My_Project\AIGC\results\research\p1_r8_shadow_composite_tradeoff_20260819\stress_cache\fake_224__face_reshaping.png	filtered_fake	0.509955	1
C:\My_Project\AIGC\results\research\p1_r8_shadow_composite_tradeoff_20260819\stress_cache\fake_225__smoothing_light.png	filtered_fake	0.950242	1
C:\My_Project\AIGC\results\research\p1_r8_shadow_composite_tradeoff_20260819\stress_cache\fake_225__smoothing_medium.png	filtered_fake	0.951815	1
C:\My_Project\AIGC\results\research\p1_r8_shadow_composite_tradeoff_20260819\stress_cache\fake_225__smoothing_heavy.png	filtered_fake	0.943869	1
C:\My_Project\AIGC\results\research\p1_r8_shadow_composite_tradeoff_20260819\stress_cache\fake_225__whitening_medium.png	filtered_fake	0.946061	1
C:\My_Project\AIGC\results\research\p1_r8_shadow_composite_tradeoff_20260819\stress_cache\fake_225__combined_medium.png	filtered_fake	0.952917	1
C:\My_Project\AIGC\results\research\p1_r8_shadow_composite_tradeoff_20260819\stress_cache\fake_225__combined_heavy.png	filtered_fake	0.949179	1
C:\My_Project\AIGC\results\research\p1_r8_shadow_composite_tradeoff_20260819\stress_cache\fake_225__eye_enlarging.png	filtered_fake	0.947801	1
C:\My_Project\AIGC\results\research\p1_r8_shadow_composite_tradeoff_20260819\stress_cache\fake_225__face_reshaping.png	filtered_fake	0.950244	1
C:\My_Project\AIGC\results\research\p1_r8_shadow_composite_tradeoff_20260819\stress_cache\fake_226__smoothing_light.png	filtered_fake	0.927651	1
C:\My_Project\AIGC\results\research\p1_r8_shadow_composite_tradeoff_20260819\stress_cache\fake_226__smoothing_medium.png	filtered_fake	0.934402	1
C:\My_Project\AIGC\results\research\p1_r8_shadow_composite_tradeoff_20260819\stress_cache\fake_226__smoothing_heavy.png	filtered_fake	0.936792	1
C:\My_Project\AIGC\results\research\p1_r8_shadow_composite_tradeoff_20260819\stress_cache\fake_226__whitening_medium.png	filtered_fake	0.832657	1
C:\My_Project\AIGC\results\research\p1_r8_shadow_composite_tradeoff_20260819\stress_cache\fake_226__combined_medium.png	filtered_fake	0.938762	1
C:\My_Project\AIGC\results\research\p1_r8_shadow_composite_tradeoff_20260819\stress_cache\fake_226__combined_heavy.png	filtered_fake	0.942621	1
C:\My_Project\AIGC\results\research\p1_r8_shadow_composite_tradeoff_20260819\stress_cache\fake_226__eye_enlarging.png	filtered_fake	0.931108	1
C:\My_Project\AIGC\results\research\p1_r8_shadow_composite_tradeoff_20260819\stress_cache\fake_226__face_reshaping.png	filtered_fake	0.936404	1
C:\My_Project\AIGC\results\research\p1_r8_shadow_composite_tradeoff_20260819\stress_cache\fake_227__smoothing_light.png	filtered_fake	0.937907	1
C:\My_Project\AIGC\results\research\p1_r8_shadow_composite_tradeoff_20260819\stress_cache\fake_227__smoothing_medium.png	filtered_fake	0.939927	1
C:\My_Project\AIGC\results\research\p1_r8_shadow_composite_tradeoff_20260819\stress_cache\fake_227__smoothing_heavy.png	filtered_fake	0.941541	1
C:\My_Project\AIGC\results\research\p1_r8_shadow_composite_tradeoff_20260819\stress_cache\fake_227__whitening_medium.png	filtered_fake	0.952550	1
C:\My_Project\AIGC\results\research\p1_r8_shadow_composite_tradeoff_20260819\stress_cache\fake_227__combined_medium.png	filtered_fake	0.944080	1
C:\My_Project\AIGC\results\research\p1_r8_shadow_composite_tradeoff_20260819\stress_cache\fake_227__combined_heavy.png	filtered_fake	0.942809	1
C:\My_Project\AIGC\results\research\p1_r8_shadow_composite_tradeoff_20260819\stress_cache\fake_227__eye_enlarging.png	filtered_fake	0.961979	1
C:\My_Project\AIGC\results\research\p1_r8_shadow_composite_tradeoff_20260819\stress_cache\fake_227__face_reshaping.png	filtered_fake	0.964673	1
C:\My_Project\AIGC\results\research\p1_r8_shadow_composite_tradeoff_20260819\stress_cache\fake_228__smoothing_light.png	filtered_fake	0.944173	1
C:\My_Project\AIGC\results\research\p1_r8_shadow_composite_tradeoff_20260819\stress_cache\fake_228__smoothing_medium.png	filtered_fake	0.948111	1
C:\My_Project\AIGC\results\research\p1_r8_shadow_composite_tradeoff_20260819\stress_cache\fake_228__smoothing_heavy.png	filtered_fake	0.940961	1
C:\My_Project\AIGC\results\research\p1_r8_shadow_composite_tradeoff_20260819\stress_cache\fake_228__whitening_medium.png	filtered_fake	0.949082	1
C:\My_Project\AIGC\results\research\p1_r8_shadow_composite_tradeoff_20260819\stress_cache\fake_228__combined_medium.png	filtered_fake	0.944214	1
C:\My_Project\AIGC\results\research\p1_r8_shadow_composite_tradeoff_20260819\stress_cache\fake_228__combined_heavy.png	filtered_fake	0.941100	1
C:\My_Project\AIGC\results\research\p1_r8_shadow_composite_tradeoff_20260819\stress_cache\fake_228__eye_enlarging.png	filtered_fake	0.937656	1
C:\My_Project\AIGC\results\research\p1_r8_shadow_composite_tradeoff_20260819\stress_cache\fake_228__face_reshaping.png	filtered_fake	0.940658	1
C:\My_Project\AIGC\results\research\p1_r8_shadow_composite_tradeoff_20260819\stress_cache\fake_229__smoothing_light.png	filtered_fake	0.908084	1
C:\My_Project\AIGC\results\research\p1_r8_shadow_composite_tradeoff_20260819\stress_cache\fake_229__smoothing_medium.png	filtered_fake	0.946890	1
C:\My_Project\AIGC\results\research\p1_r8_shadow_composite_tradeoff_20260819\stress_cache\fake_229__smoothing_heavy.png	filtered_fake	0.946495	1
C:\My_Project\AIGC\results\research\p1_r8_shadow_composite_tradeoff_20260819\stress_cache\fake_229__whitening_medium.png	filtered_fake	0.943761	1
C:\My_Project\AIGC\results\research\p1_r8_shadow_composite_tradeoff_20260819\stress_cache\fake_229__combined_medium.png	filtered_fake	0.944395	1
C:\My_Project\AIGC\results\research\p1_r8_shadow_composite_tradeoff_20260819\stress_cache\fake_229__combined_heavy.png	filtered_fake	0.944801	1
C:\My_Project\AIGC\results\research\p1_r8_shadow_composite_tradeoff_20260819\stress_cache\fake_229__eye_enlarging.png	filtered_fake	0.938824	1
C:\My_Project\AIGC\results\research\p1_r8_shadow_composite_tradeoff_20260819\stress_cache\fake_229__face_reshaping.png	filtered_fake	0.952140	1
C:\My_Project\AIGC\results\research\p1_r8_shadow_composite_tradeoff_20260819\stress_cache\fake_230__smoothing_light.png	filtered_fake	0.942838	1
C:\My_Project\AIGC\results\research\p1_r8_shadow_composite_tradeoff_20260819\stress_cache\fake_230__smoothing_medium.png	filtered_fake	0.943111	1
C:\My_Project\AIGC\results\research\p1_r8_shadow_composite_tradeoff_20260819\stress_cache\fake_230__smoothing_heavy.png	filtered_fake	0.945047	1
C:\My_Project\AIGC\results\research\p1_r8_shadow_composite_tradeoff_20260819\stress_cache\fake_230__whitening_medium.png	filtered_fake	0.566788	1
C:\My_Project\AIGC\results\research\p1_r8_shadow_composite_tradeoff_20260819\stress_cache\fake_230__combined_medium.png	filtered_fake	0.944877	1
C:\My_Project\AIGC\results\research\p1_r8_shadow_composite_tradeoff_20260819\stress_cache\fake_230__combined_heavy.png	filtered_fake	0.947179	1
C:\My_Project\AIGC\results\research\p1_r8_shadow_composite_tradeoff_20260819\stress_cache\fake_230__eye_enlarging.png	filtered_fake	0.852003	1
C:\My_Project\AIGC\results\research\p1_r8_shadow_composite_tradeoff_20260819\stress_cache\fake_230__face_reshaping.png	filtered_fake	0.479522	1
C:\My_Project\AIGC\results\research\p1_r8_shadow_composite_tradeoff_20260819\stress_cache\fake_231__smoothing_light.png	filtered_fake	0.943174	1
C:\My_Project\AIGC\results\research\p1_r8_shadow_composite_tradeoff_20260819\stress_cache\fake_231__smoothing_medium.png	filtered_fake	0.943862	1
C:\My_Project\AIGC\results\research\p1_r8_shadow_composite_tradeoff_20260819\stress_cache\fake_231__smoothing_heavy.png	filtered_fake	0.943987	1
C:\My_Project\AIGC\results\research\p1_r8_shadow_composite_tradeoff_20260819\stress_cache\fake_231__whitening_medium.png	filtered_fake	0.769290	1
C:\My_Project\AIGC\results\research\p1_r8_shadow_composite_tradeoff_20260819\stress_cache\fake_231__combined_medium.png	filtered_fake	0.948170	1
C:\My_Project\AIGC\results\research\p1_r8_shadow_composite_tradeoff_20260819\stress_cache\fake_231__combined_heavy.png	filtered_fake	0.947233	1
C:\My_Project\AIGC\results\research\p1_r8_shadow_composite_tradeoff_20260819\stress_cache\fake_231__eye_enlarging.png	filtered_fake	0.779133	1
C:\My_Project\AIGC\results\research\p1_r8_shadow_composite_tradeoff_20260819\stress_cache\fake_231__face_reshaping.png	filtered_fake	0.707852	1
C:\My_Project\AIGC\results\research\p1_r8_shadow_composite_tradeoff_20260819\stress_cache\fake_232__smoothing_light.png	filtered_fake	0.927668	1
C:\My_Project\AIGC\results\research\p1_r8_shadow_composite_tradeoff_20260819\stress_cache\fake_232__smoothing_medium.png	filtered_fake	0.938761	1
C:\My_Project\AIGC\results\research\p1_r8_shadow_composite_tradeoff_20260819\stress_cache\fake_232__smoothing_heavy.png	filtered_fake	0.936231	1
C:\My_Project\AIGC\results\research\p1_r8_shadow_composite_tradeoff_20260819\stress_cache\fake_232__whitening_medium.png	filtered_fake	0.893682	1
C:\My_Project\AIGC\results\research\p1_r8_shadow_composite_tradeoff_20260819\stress_cache\fake_232__combined_medium.png	filtered_fake	0.942518	1
C:\My_Project\AIGC\results\research\p1_r8_shadow_composite_tradeoff_20260819\stress_cache\fake_232__combined_heavy.png	filtered_fake	0.945025	1
C:\My_Project\AIGC\results\research\p1_r8_shadow_composite_tradeoff_20260819\stress_cache\fake_232__eye_enlarging.png	filtered_fake	0.910605	1
C:\My_Project\AIGC\results\research\p1_r8_shadow_composite_tradeoff_20260819\stress_cache\fake_232__face_reshaping.png	filtered_fake	0.865357	1
C:\My_Project\AIGC\results\research\p1_r8_shadow_composite_tradeoff_20260819\stress_cache\fake_233__smoothing_light.png	filtered_fake	0.922387	1
C:\My_Project\AIGC\results\research\p1_r8_shadow_composite_tradeoff_20260819\stress_cache\fake_233__smoothing_medium.png	filtered_fake	0.946611	1
C:\My_Project\AIGC\results\research\p1_r8_shadow_composite_tradeoff_20260819\stress_cache\fake_233__smoothing_heavy.png	filtered_fake	0.936450	1
C:\My_Project\AIGC\results\research\p1_r8_shadow_composite_tradeoff_20260819\stress_cache\fake_233__whitening_medium.png	filtered_fake	0.063734	0
C:\My_Project\AIGC\results\research\p1_r8_shadow_composite_tradeoff_20260819\stress_cache\fake_233__combined_medium.png	filtered_fake	0.936767	1
C:\My_Project\AIGC\results\research\p1_r8_shadow_composite_tradeoff_20260819\stress_cache\fake_233__combined_heavy.png	filtered_fake	0.938321	1
C:\My_Project\AIGC\results\research\p1_r8_shadow_composite_tradeoff_20260819\stress_cache\fake_233__eye_enlarging.png	filtered_fake	0.062454	0
C:\My_Project\AIGC\results\research\p1_r8_shadow_composite_tradeoff_20260819\stress_cache\fake_233__face_reshaping.png	filtered_fake	0.078322	0
C:\My_Project\AIGC\results\research\p1_r8_shadow_composite_tradeoff_20260819\stress_cache\fake_234__smoothing_light.png	filtered_fake	0.935947	1
C:\My_Project\AIGC\results\research\p1_r8_shadow_composite_tradeoff_20260819\stress_cache\fake_234__smoothing_medium.png	filtered_fake	0.937701	1
C:\My_Project\AIGC\results\research\p1_r8_shadow_composite_tradeoff_20260819\stress_cache\fake_234__smoothing_heavy.png	filtered_fake	0.941975	1
C:\My_Project\AIGC\results\research\p1_r8_shadow_composite_tradeoff_20260819\stress_cache\fake_234__whitening_medium.png	filtered_fake	0.870028	1
C:\My_Project\AIGC\results\research\p1_r8_shadow_composite_tradeoff_20260819\stress_cache\fake_234__combined_medium.png	filtered_fake	0.944058	1
C:\My_Project\AIGC\results\research\p1_r8_shadow_composite_tradeoff_20260819\stress_cache\fake_234__combined_heavy.png	filtered_fake	0.940770	1
C:\My_Project\AIGC\results\research\p1_r8_shadow_composite_tradeoff_20260819\stress_cache\fake_234__eye_enlarging.png	filtered_fake	0.919349	1
C:\My_Project\AIGC\results\research\p1_r8_shadow_composite_tradeoff_20260819\stress_cache\fake_234__face_reshaping.png	filtered_fake	0.932922	1
C:\My_Project\AIGC\results\research\p1_r8_shadow_composite_tradeoff_20260819\stress_cache\fake_235__smoothing_light.png	filtered_fake	0.770392	1
C:\My_Project\AIGC\results\research\p1_r8_shadow_composite_tradeoff_20260819\stress_cache\fake_235__smoothing_medium.png	filtered_fake	0.894127	1
C:\My_Project\AIGC\results\research\p1_r8_shadow_composite_tradeoff_20260819\stress_cache\fake_235__smoothing_heavy.png	filtered_fake	0.937714	1
C:\My_Project\AIGC\results\research\p1_r8_shadow_composite_tradeoff_20260819\stress_cache\fake_235__whitening_medium.png	filtered_fake	0.563297	1
C:\My_Project\AIGC\results\research\p1_r8_shadow_composite_tradeoff_20260819\stress_cache\fake_235__combined_medium.png	filtered_fake	0.884401	1
C:\My_Project\AIGC\results\research\p1_r8_shadow_composite_tradeoff_20260819\stress_cache\fake_235__combined_heavy.png	filtered_fake	0.933689	1
C:\My_Project\AIGC\results\research\p1_r8_shadow_composite_tradeoff_20260819\stress_cache\fake_235__eye_enlarging.png	filtered_fake	0.746212	1
C:\My_Project\AIGC\results\research\p1_r8_shadow_composite_tradeoff_20260819\stress_cache\fake_235__face_reshaping.png	filtered_fake	0.877389	1
C:\My_Project\AIGC\results\research\p1_r8_shadow_composite_tradeoff_20260819\stress_cache\fake_236__smoothing_light.png	filtered_fake	0.813118	1
C:\My_Project\AIGC\results\research\p1_r8_shadow_composite_tradeoff_20260819\stress_cache\fake_236__smoothing_medium.png	filtered_fake	0.941906	1
C:\My_Project\AIGC\results\research\p1_r8_shadow_composite_tradeoff_20260819\stress_cache\fake_236__smoothing_heavy.png	filtered_fake	0.929362	1
C:\My_Project\AIGC\results\research\p1_r8_shadow_composite_tradeoff_20260819\stress_cache\fake_236__whitening_medium.png	filtered_fake	0.048629	0
C:\My_Project\AIGC\results\research\p1_r8_shadow_composite_tradeoff_20260819\stress_cache\fake_236__combined_medium.png	filtered_fake	0.941477	1
C:\My_Project\AIGC\results\research\p1_r8_shadow_composite_tradeoff_20260819\stress_cache\fake_236__combined_heavy.png	filtered_fake	0.936575	1
C:\My_Project\AIGC\results\research\p1_r8_shadow_composite_tradeoff_20260819\stress_cache\fake_236__eye_enlarging.png	filtered_fake	0.050924	0
C:\My_Project\AIGC\results\research\p1_r8_shadow_composite_tradeoff_20260819\stress_cache\fake_236__face_reshaping.png	filtered_fake	0.100214	0
C:\My_Project\AIGC\results\research\p1_r8_shadow_composite_tradeoff_20260819\stress_cache\fake_237__smoothing_light.png	filtered_fake	0.942394	1
C:\My_Project\AIGC\results\research\p1_r8_shadow_composite_tradeoff_20260819\stress_cache\fake_237__smoothing_medium.png	filtered_fake	0.942781	1
C:\My_Project\AIGC\results\research\p1_r8_shadow_composite_tradeoff_20260819\stress_cache\fake_237__smoothing_heavy.png	filtered_fake	0.940888	1
C:\My_Project\AIGC\results\research\p1_r8_shadow_composite_tradeoff_20260819\stress_cache\fake_237__whitening_medium.png	filtered_fake	0.048315	0
C:\My_Project\AIGC\results\research\p1_r8_shadow_composite_tradeoff_20260819\stress_cache\fake_237__combined_medium.png	filtered_fake	0.941987	1
C:\My_Project\AIGC\results\research\p1_r8_shadow_composite_tradeoff_20260819\stress_cache\fake_237__combined_heavy.png	filtered_fake	0.941355	1
C:\My_Project\AIGC\results\research\p1_r8_shadow_composite_tradeoff_20260819\stress_cache\fake_237__eye_enlarging.png	filtered_fake	0.051923	0
C:\My_Project\AIGC\results\research\p1_r8_shadow_composite_tradeoff_20260819\stress_cache\fake_237__face_reshaping.png	filtered_fake	0.061015	0
C:\My_Project\AIGC\results\research\p1_r8_shadow_composite_tradeoff_20260819\stress_cache\fake_238__smoothing_light.png	filtered_fake	0.933084	1
C:\My_Project\AIGC\results\research\p1_r8_shadow_composite_tradeoff_20260819\stress_cache\fake_238__smoothing_medium.png	filtered_fake	0.939412	1
C:\My_Project\AIGC\results\research\p1_r8_shadow_composite_tradeoff_20260819\stress_cache\fake_238__smoothing_heavy.png	filtered_fake	0.943585	1
C:\My_Project\AIGC\results\research\p1_r8_shadow_composite_tradeoff_20260819\stress_cache\fake_238__whitening_medium.png	filtered_fake	0.940154	1
C:\My_Project\AIGC\results\research\p1_r8_shadow_composite_tradeoff_20260819\stress_cache\fake_238__combined_medium.png	filtered_fake	0.935774	1
C:\My_Project\AIGC\results\research\p1_r8_shadow_composite_tradeoff_20260819\stress_cache\fake_238__combined_heavy.png	filtered_fake	0.941709	1
C:\My_Project\AIGC\results\research\p1_r8_shadow_composite_tradeoff_20260819\stress_cache\fake_238__eye_enlarging.png	filtered_fake	0.947835	1
C:\My_Project\AIGC\results\research\p1_r8_shadow_composite_tradeoff_20260819\stress_cache\fake_238__face_reshaping.png	filtered_fake	0.948944	1
C:\My_Project\AIGC\results\research\p1_r8_shadow_composite_tradeoff_20260819\stress_cache\fake_239__smoothing_light.png	filtered_fake	0.934868	1
C:\My_Project\AIGC\results\research\p1_r8_shadow_composite_tradeoff_20260819\stress_cache\fake_239__smoothing_medium.png	filtered_fake	0.939795	1
C:\My_Project\AIGC\results\research\p1_r8_shadow_composite_tradeoff_20260819\stress_cache\fake_239__smoothing_heavy.png	filtered_fake	0.937978	1
C:\My_Project\AIGC\results\research\p1_r8_shadow_composite_tradeoff_20260819\stress_cache\fake_239__whitening_medium.png	filtered_fake	0.939794	1
C:\My_Project\AIGC\results\research\p1_r8_shadow_composite_tradeoff_20260819\stress_cache\fake_239__combined_medium.png	filtered_fake	0.943032	1
C:\My_Project\AIGC\results\research\p1_r8_shadow_composite_tradeoff_20260819\stress_cache\fake_239__combined_heavy.png	filtered_fake	0.943027	1
C:\My_Project\AIGC\results\research\p1_r8_shadow_composite_tradeoff_20260819\stress_cache\fake_239__eye_enlarging.png	filtered_fake	0.921156	1
C:\My_Project\AIGC\results\research\p1_r8_shadow_composite_tradeoff_20260819\stress_cache\fake_239__face_reshaping.png	filtered_fake	0.778277	1
C:\My_Project\AIGC\results\research\p1_r8_shadow_composite_tradeoff_20260819\stress_cache\fake_240__smoothing_light.png	filtered_fake	0.924744	1
C:\My_Project\AIGC\results\research\p1_r8_shadow_composite_tradeoff_20260819\stress_cache\fake_240__smoothing_medium.png	filtered_fake	0.934897	1
C:\My_Project\AIGC\results\research\p1_r8_shadow_composite_tradeoff_20260819\stress_cache\fake_240__smoothing_heavy.png	filtered_fake	0.931051	1
C:\My_Project\AIGC\results\research\p1_r8_shadow_composite_tradeoff_20260819\stress_cache\fake_240__whitening_medium.png	filtered_fake	0.096793	0
C:\My_Project\AIGC\results\research\p1_r8_shadow_composite_tradeoff_20260819\stress_cache\fake_240__combined_medium.png	filtered_fake	0.943660	1
C:\My_Project\AIGC\results\research\p1_r8_shadow_composite_tradeoff_20260819\stress_cache\fake_240__combined_heavy.png	filtered_fake	0.942701	1
C:\My_Project\AIGC\results\research\p1_r8_shadow_composite_tradeoff_20260819\stress_cache\fake_240__eye_enlarging.png	filtered_fake	0.169259	0
C:\My_Project\AIGC\results\research\p1_r8_shadow_composite_tradeoff_20260819\stress_cache\fake_240__face_reshaping.png	filtered_fake	0.193475	0
C:\My_Project\AIGC\results\research\p1_r8_shadow_composite_tradeoff_20260819\stress_cache\fake_241__smoothing_light.png	filtered_fake	0.860058	1
C:\My_Project\AIGC\results\research\p1_r8_shadow_composite_tradeoff_20260819\stress_cache\fake_241__smoothing_medium.png	filtered_fake	0.932179	1
C:\My_Project\AIGC\results\research\p1_r8_shadow_composite_tradeoff_20260819\stress_cache\fake_241__smoothing_heavy.png	filtered_fake	0.938843	1
C:\My_Project\AIGC\results\research\p1_r8_shadow_composite_tradeoff_20260819\stress_cache\fake_241__whitening_medium.png	filtered_fake	0.980606	1
C:\My_Project\AIGC\results\research\p1_r8_shadow_composite_tradeoff_20260819\stress_cache\fake_241__combined_medium.png	filtered_fake	0.945777	1
C:\My_Project\AIGC\results\research\p1_r8_shadow_composite_tradeoff_20260819\stress_cache\fake_241__combined_heavy.png	filtered_fake	0.943485	1
C:\My_Project\AIGC\results\research\p1_r8_shadow_composite_tradeoff_20260819\stress_cache\fake_241__eye_enlarging.png	filtered_fake	0.979955	1
C:\My_Project\AIGC\results\research\p1_r8_shadow_composite_tradeoff_20260819\stress_cache\fake_241__face_reshaping.png	filtered_fake	0.981183	1
C:\My_Project\AIGC\results\research\p1_r8_shadow_composite_tradeoff_20260819\stress_cache\fake_242__smoothing_light.png	filtered_fake	0.935725	1
C:\My_Project\AIGC\results\research\p1_r8_shadow_composite_tradeoff_20260819\stress_cache\fake_242__smoothing_medium.png	filtered_fake	0.945781	1
C:\My_Project\AIGC\results\research\p1_r8_shadow_composite_tradeoff_20260819\stress_cache\fake_242__smoothing_heavy.png	filtered_fake	0.948585	1
C:\My_Project\AIGC\results\research\p1_r8_shadow_composite_tradeoff_20260819\stress_cache\fake_242__whitening_medium.png	filtered_fake	0.099294	0
C:\My_Project\AIGC\results\research\p1_r8_shadow_composite_tradeoff_20260819\stress_cache\fake_242__combined_medium.png	filtered_fake	0.938770	1
C:\My_Project\AIGC\results\research\p1_r8_shadow_composite_tradeoff_20260819\stress_cache\fake_242__combined_heavy.png	filtered_fake	0.948811	1
C:\My_Project\AIGC\results\research\p1_r8_shadow_composite_tradeoff_20260819\stress_cache\fake_242__eye_enlarging.png	filtered_fake	0.249819	0
C:\My_Project\AIGC\results\research\p1_r8_shadow_composite_tradeoff_20260819\stress_cache\fake_242__face_reshaping.png	filtered_fake	0.303288	0
C:\My_Project\AIGC\results\research\p1_r8_shadow_composite_tradeoff_20260819\stress_cache\fake_243__smoothing_light.png	filtered_fake	0.937140	1
C:\My_Project\AIGC\results\research\p1_r8_shadow_composite_tradeoff_20260819\stress_cache\fake_243__smoothing_medium.png	filtered_fake	0.938356	1
C:\My_Project\AIGC\results\research\p1_r8_shadow_composite_tradeoff_20260819\stress_cache\fake_243__smoothing_heavy.png	filtered_fake	0.935302	1
C:\My_Project\AIGC\results\research\p1_r8_shadow_composite_tradeoff_20260819\stress_cache\fake_243__whitening_medium.png	filtered_fake	0.922239	1
C:\My_Project\AIGC\results\research\p1_r8_shadow_composite_tradeoff_20260819\stress_cache\fake_243__combined_medium.png	filtered_fake	0.940566	1
C:\My_Project\AIGC\results\research\p1_r8_shadow_composite_tradeoff_20260819\stress_cache\fake_243__combined_heavy.png	filtered_fake	0.940252	1
C:\My_Project\AIGC\results\research\p1_r8_shadow_composite_tradeoff_20260819\stress_cache\fake_243__eye_enlarging.png	filtered_fake	0.757939	1
C:\My_Project\AIGC\results\research\p1_r8_shadow_composite_tradeoff_20260819\stress_cache\fake_243__face_reshaping.png	filtered_fake	0.942919	1
C:\My_Project\AIGC\results\research\p1_r8_shadow_composite_tradeoff_20260819\stress_cache\fake_244__smoothing_light.png	filtered_fake	0.947547	1
C:\My_Project\AIGC\results\research\p1_r8_shadow_composite_tradeoff_20260819\stress_cache\fake_244__smoothing_medium.png	filtered_fake	0.945876	1
C:\My_Project\AIGC\results\research\p1_r8_shadow_composite_tradeoff_20260819\stress_cache\fake_244__smoothing_heavy.png	filtered_fake	0.947652	1
C:\My_Project\AIGC\results\research\p1_r8_shadow_composite_tradeoff_20260819\stress_cache\fake_244__whitening_medium.png	filtered_fake	0.952238	1
C:\My_Project\AIGC\results\research\p1_r8_shadow_composite_tradeoff_20260819\stress_cache\fake_244__combined_medium.png	filtered_fake	0.946970	1
C:\My_Project\AIGC\results\research\p1_r8_shadow_composite_tradeoff_20260819\stress_cache\fake_244__combined_heavy.png	filtered_fake	0.948088	1
C:\My_Project\AIGC\results\research\p1_r8_shadow_composite_tradeoff_20260819\stress_cache\fake_244__eye_enlarging.png	filtered_fake	0.950693	1
C:\My_Project\AIGC\results\research\p1_r8_shadow_composite_tradeoff_20260819\stress_cache\fake_244__face_reshaping.png	filtered_fake	0.950131	1
C:\My_Project\AIGC\results\research\p1_r8_shadow_composite_tradeoff_20260819\stress_cache\fake_245__smoothing_light.png	filtered_fake	0.923760	1
C:\My_Project\AIGC\results\research\p1_r8_shadow_composite_tradeoff_20260819\stress_cache\fake_245__smoothing_medium.png	filtered_fake	0.942877	1
C:\My_Project\AIGC\results\research\p1_r8_shadow_composite_tradeoff_20260819\stress_cache\fake_245__smoothing_heavy.png	filtered_fake	0.943035	1
C:\My_Project\AIGC\results\research\p1_r8_shadow_composite_tradeoff_20260819\stress_cache\fake_245__whitening_medium.png	filtered_fake	0.879269	1
C:\My_Project\AIGC\results\research\p1_r8_shadow_composite_tradeoff_20260819\stress_cache\fake_245__combined_medium.png	filtered_fake	0.939633	1
C:\My_Project\AIGC\results\research\p1_r8_shadow_composite_tradeoff_20260819\stress_cache\fake_245__combined_heavy.png	filtered_fake	0.945598	1
C:\My_Project\AIGC\results\research\p1_r8_shadow_composite_tradeoff_20260819\stress_cache\fake_245__eye_enlarging.png	filtered_fake	0.661463	1
C:\My_Project\AIGC\results\research\p1_r8_shadow_composite_tradeoff_20260819\stress_cache\fake_245__face_reshaping.png	filtered_fake	0.936646	1
C:\My_Project\AIGC\results\research\p1_r8_shadow_composite_tradeoff_20260819\stress_cache\fake_246__smoothing_light.png	filtered_fake	0.930411	1
C:\My_Project\AIGC\results\research\p1_r8_shadow_composite_tradeoff_20260819\stress_cache\fake_246__smoothing_medium.png	filtered_fake	0.946444	1
C:\My_Project\AIGC\results\research\p1_r8_shadow_composite_tradeoff_20260819\stress_cache\fake_246__smoothing_heavy.png	filtered_fake	0.944206	1
C:\My_Project\AIGC\results\research\p1_r8_shadow_composite_tradeoff_20260819\stress_cache\fake_246__whitening_medium.png	filtered_fake	0.931902	1
C:\My_Project\AIGC\results\research\p1_r8_shadow_composite_tradeoff_20260819\stress_cache\fake_246__combined_medium.png	filtered_fake	0.943265	1
C:\My_Project\AIGC\results\research\p1_r8_shadow_composite_tradeoff_20260819\stress_cache\fake_246__combined_heavy.png	filtered_fake	0.940473	1
C:\My_Project\AIGC\results\research\p1_r8_shadow_composite_tradeoff_20260819\stress_cache\fake_246__eye_enlarging.png	filtered_fake	0.918138	1
C:\My_Project\AIGC\results\research\p1_r8_shadow_composite_tradeoff_20260819\stress_cache\fake_246__face_reshaping.png	filtered_fake	0.582159	1
C:\My_Project\AIGC\results\research\p1_r8_shadow_composite_tradeoff_20260819\stress_cache\fake_247__smoothing_light.png	filtered_fake	0.905281	1
C:\My_Project\AIGC\results\research\p1_r8_shadow_composite_tradeoff_20260819\stress_cache\fake_247__smoothing_medium.png	filtered_fake	0.916210	1
C:\My_Project\AIGC\results\research\p1_r8_shadow_composite_tradeoff_20260819\stress_cache\fake_247__smoothing_heavy.png	filtered_fake	0.581665	1
C:\My_Project\AIGC\results\research\p1_r8_shadow_composite_tradeoff_20260819\stress_cache\fake_247__whitening_medium.png	filtered_fake	0.903906	1
C:\My_Project\AIGC\results\research\p1_r8_shadow_composite_tradeoff_20260819\stress_cache\fake_247__combined_medium.png	filtered_fake	0.920122	1
C:\My_Project\AIGC\results\research\p1_r8_shadow_composite_tradeoff_20260819\stress_cache\fake_247__combined_heavy.png	filtered_fake	0.209457	0
C:\My_Project\AIGC\results\research\p1_r8_shadow_composite_tradeoff_20260819\stress_cache\fake_247__eye_enlarging.png	filtered_fake	0.921975	1
C:\My_Project\AIGC\results\research\p1_r8_shadow_composite_tradeoff_20260819\stress_cache\fake_247__face_reshaping.png	filtered_fake	0.895188	1
C:\My_Project\AIGC\results\research\p1_r8_shadow_composite_tradeoff_20260819\stress_cache\fake_248__smoothing_light.png	filtered_fake	0.902899	1
C:\My_Project\AIGC\results\research\p1_r8_shadow_composite_tradeoff_20260819\stress_cache\fake_248__smoothing_medium.png	filtered_fake	0.919181	1
C:\My_Project\AIGC\results\research\p1_r8_shadow_composite_tradeoff_20260819\stress_cache\fake_248__smoothing_heavy.png	filtered_fake	0.864134	1
C:\My_Project\AIGC\results\research\p1_r8_shadow_composite_tradeoff_20260819\stress_cache\fake_248__whitening_medium.png	filtered_fake	0.084306	0
C:\My_Project\AIGC\results\research\p1_r8_shadow_composite_tradeoff_20260819\stress_cache\fake_248__combined_medium.png	filtered_fake	0.911365	1
C:\My_Project\AIGC\results\research\p1_r8_shadow_composite_tradeoff_20260819\stress_cache\fake_248__combined_heavy.png	filtered_fake	0.882207	1
C:\My_Project\AIGC\results\research\p1_r8_shadow_composite_tradeoff_20260819\stress_cache\fake_248__eye_enlarging.png	filtered_fake	0.052041	0
C:\My_Project\AIGC\results\research\p1_r8_shadow_composite_tradeoff_20260819\stress_cache\fake_248__face_reshaping.png	filtered_fake	0.065711	0
C:\My_Project\AIGC\results\research\p1_r8_shadow_composite_tradeoff_20260819\stress_cache\fake_249__smoothing_light.png	filtered_fake	0.918445	1
C:\My_Project\AIGC\results\research\p1_r8_shadow_composite_tradeoff_20260819\stress_cache\fake_249__smoothing_medium.png	filtered_fake	0.945990	1
C:\My_Project\AIGC\results\research\p1_r8_shadow_composite_tradeoff_20260819\stress_cache\fake_249__smoothing_heavy.png	filtered_fake	0.941139	1
C:\My_Project\AIGC\results\research\p1_r8_shadow_composite_tradeoff_20260819\stress_cache\fake_249__whitening_medium.png	filtered_fake	0.297734	0
C:\My_Project\AIGC\results\research\p1_r8_shadow_composite_tradeoff_20260819\stress_cache\fake_249__combined_medium.png	filtered_fake	0.946402	1
C:\My_Project\AIGC\results\research\p1_r8_shadow_composite_tradeoff_20260819\stress_cache\fake_249__combined_heavy.png	filtered_fake	0.950482	1
C:\My_Project\AIGC\results\research\p1_r8_shadow_composite_tradeoff_20260819\stress_cache\fake_249__eye_enlarging.png	filtered_fake	0.548198	1
C:\My_Project\AIGC\results\research\p1_r8_shadow_composite_tradeoff_20260819\stress_cache\fake_249__face_reshaping.png	filtered_fake	0.219781	0
C:\My_Project\AIGC\results\research\p1_r8_shadow_composite_tradeoff_20260819\stress_cache\fake_250__smoothing_light.png	filtered_fake	0.947970	1
C:\My_Project\AIGC\results\research\p1_r8_shadow_composite_tradeoff_20260819\stress_cache\fake_250__smoothing_medium.png	filtered_fake	0.949377	1
C:\My_Project\AIGC\results\research\p1_r8_shadow_composite_tradeoff_20260819\stress_cache\fake_250__smoothing_heavy.png	filtered_fake	0.945932	1
C:\My_Project\AIGC\results\research\p1_r8_shadow_composite_tradeoff_20260819\stress_cache\fake_250__whitening_medium.png	filtered_fake	0.669936	1
C:\My_Project\AIGC\results\research\p1_r8_shadow_composite_tradeoff_20260819\stress_cache\fake_250__combined_medium.png	filtered_fake	0.950547	1
C:\My_Project\AIGC\results\research\p1_r8_shadow_composite_tradeoff_20260819\stress_cache\fake_250__combined_heavy.png	filtered_fake	0.949891	1
C:\My_Project\AIGC\results\research\p1_r8_shadow_composite_tradeoff_20260819\stress_cache\fake_250__eye_enlarging.png	filtered_fake	0.541727	1
C:\My_Project\AIGC\results\research\p1_r8_shadow_composite_tradeoff_20260819\stress_cache\fake_250__face_reshaping.png	filtered_fake	0.314389	0
C:\My_Project\AIGC\results\research\p1_r8_shadow_composite_tradeoff_20260819\stress_cache\fake_251__smoothing_light.png	filtered_fake	0.952151	1
C:\My_Project\AIGC\results\research\p1_r8_shadow_composite_tradeoff_20260819\stress_cache\fake_251__smoothing_medium.png	filtered_fake	0.947603	1
C:\My_Project\AIGC\results\research\p1_r8_shadow_composite_tradeoff_20260819\stress_cache\fake_251__smoothing_heavy.png	filtered_fake	0.944731	1
C:\My_Project\AIGC\results\research\p1_r8_shadow_composite_tradeoff_20260819\stress_cache\fake_251__whitening_medium.png	filtered_fake	0.559143	1
C:\My_Project\AIGC\results\research\p1_r8_shadow_composite_tradeoff_20260819\stress_cache\fake_251__combined_medium.png	filtered_fake	0.943637	1
C:\My_Project\AIGC\results\research\p1_r8_shadow_composite_tradeoff_20260819\stress_cache\fake_251__combined_heavy.png	filtered_fake	0.945286	1
C:\My_Project\AIGC\results\research\p1_r8_shadow_composite_tradeoff_20260819\stress_cache\fake_251__eye_enlarging.png	filtered_fake	0.738658	1
C:\My_Project\AIGC\results\research\p1_r8_shadow_composite_tradeoff_20260819\stress_cache\fake_251__face_reshaping.png	filtered_fake	0.159347	0
C:\My_Project\AIGC\results\research\p1_r8_shadow_composite_tradeoff_20260819\stress_cache\fake_252__smoothing_light.png	filtered_fake	0.946370	1
C:\My_Project\AIGC\results\research\p1_r8_shadow_composite_tradeoff_20260819\stress_cache\fake_252__smoothing_medium.png	filtered_fake	0.949721	1
C:\My_Project\AIGC\results\research\p1_r8_shadow_composite_tradeoff_20260819\stress_cache\fake_252__smoothing_heavy.png	filtered_fake	0.948016	1
C:\My_Project\AIGC\results\research\p1_r8_shadow_composite_tradeoff_20260819\stress_cache\fake_252__whitening_medium.png	filtered_fake	0.117786	0
C:\My_Project\AIGC\results\research\p1_r8_shadow_composite_tradeoff_20260819\stress_cache\fake_252__combined_medium.png	filtered_fake	0.950393	1
C:\My_Project\AIGC\results\research\p1_r8_shadow_composite_tradeoff_20260819\stress_cache\fake_252__combined_heavy.png	filtered_fake	0.949142	1
C:\My_Project\AIGC\results\research\p1_r8_shadow_composite_tradeoff_20260819\stress_cache\fake_252__eye_enlarging.png	filtered_fake	0.147867	0
C:\My_Project\AIGC\results\research\p1_r8_shadow_composite_tradeoff_20260819\stress_cache\fake_252__face_reshaping.png	filtered_fake	0.237439	0
C:\My_Project\AIGC\results\research\p1_r8_shadow_composite_tradeoff_20260819\stress_cache\fake_253__smoothing_light.png	filtered_fake	0.942040	1
C:\My_Project\AIGC\results\research\p1_r8_shadow_composite_tradeoff_20260819\stress_cache\fake_253__smoothing_medium.png	filtered_fake	0.949837	1
C:\My_Project\AIGC\results\research\p1_r8_shadow_composite_tradeoff_20260819\stress_cache\fake_253__smoothing_heavy.png	filtered_fake	0.948015	1
C:\My_Project\AIGC\results\research\p1_r8_shadow_composite_tradeoff_20260819\stress_cache\fake_253__whitening_medium.png	filtered_fake	0.918642	1
C:\My_Project\AIGC\results\research\p1_r8_shadow_composite_tradeoff_20260819\stress_cache\fake_253__combined_medium.png	filtered_fake	0.953015	1
C:\My_Project\AIGC\results\research\p1_r8_shadow_composite_tradeoff_20260819\stress_cache\fake_253__combined_heavy.png	filtered_fake	0.949288	1
C:\My_Project\AIGC\results\research\p1_r8_shadow_composite_tradeoff_20260819\stress_cache\fake_253__eye_enlarging.png	filtered_fake	0.824129	1
C:\My_Project\AIGC\results\research\p1_r8_shadow_composite_tradeoff_20260819\stress_cache\fake_253__face_reshaping.png	filtered_fake	0.694082	1
C:\My_Project\AIGC\results\research\p1_r8_shadow_composite_tradeoff_20260819\stress_cache\fake_254__smoothing_light.png	filtered_fake	0.944845	1
C:\My_Project\AIGC\results\research\p1_r8_shadow_composite_tradeoff_20260819\stress_cache\fake_254__smoothing_medium.png	filtered_fake	0.945661	1
C:\My_Project\AIGC\results\research\p1_r8_shadow_composite_tradeoff_20260819\stress_cache\fake_254__smoothing_heavy.png	filtered_fake	0.945871	1
C:\My_Project\AIGC\results\research\p1_r8_shadow_composite_tradeoff_20260819\stress_cache\fake_254__whitening_medium.png	filtered_fake	0.949494	1
C:\My_Project\AIGC\results\research\p1_r8_shadow_composite_tradeoff_20260819\stress_cache\fake_254__combined_medium.png	filtered_fake	0.948008	1
C:\My_Project\AIGC\results\research\p1_r8_shadow_composite_tradeoff_20260819\stress_cache\fake_254__combined_heavy.png	filtered_fake	0.947150	1
C:\My_Project\AIGC\results\research\p1_r8_shadow_composite_tradeoff_20260819\stress_cache\fake_254__eye_enlarging.png	filtered_fake	0.948447	1
C:\My_Project\AIGC\results\research\p1_r8_shadow_composite_tradeoff_20260819\stress_cache\fake_254__face_reshaping.png	filtered_fake	0.949771	1
C:\My_Project\AIGC\results\research\p1_r8_shadow_composite_tradeoff_20260819\stress_cache\fake_255__smoothing_light.png	filtered_fake	0.948235	1
C:\My_Project\AIGC\results\research\p1_r8_shadow_composite_tradeoff_20260819\stress_cache\fake_255__smoothing_medium.png	filtered_fake	0.947809	1
C:\My_Project\AIGC\results\research\p1_r8_shadow_composite_tradeoff_20260819\stress_cache\fake_255__smoothing_heavy.png	filtered_fake	0.946763	1
C:\My_Project\AIGC\results\research\p1_r8_shadow_composite_tradeoff_20260819\stress_cache\fake_255__whitening_medium.png	filtered_fake	0.944543	1
C:\My_Project\AIGC\results\research\p1_r8_shadow_composite_tradeoff_20260819\stress_cache\fake_255__combined_medium.png	filtered_fake	0.949278	1
C:\My_Project\AIGC\results\research\p1_r8_shadow_composite_tradeoff_20260819\stress_cache\fake_255__combined_heavy.png	filtered_fake	0.951749	1
C:\My_Project\AIGC\results\research\p1_r8_shadow_composite_tradeoff_20260819\stress_cache\fake_255__eye_enlarging.png	filtered_fake	0.947973	1
C:\My_Project\AIGC\results\research\p1_r8_shadow_composite_tradeoff_20260819\stress_cache\fake_255__face_reshaping.png	filtered_fake	0.948184	1
C:\My_Project\AIGC\results\research\p1_r8_shadow_composite_tradeoff_20260819\stress_cache\fake_256__smoothing_light.png	filtered_fake	0.881072	1
C:\My_Project\AIGC\results\research\p1_r8_shadow_composite_tradeoff_20260819\stress_cache\fake_256__smoothing_medium.png	filtered_fake	0.936159	1
C:\My_Project\AIGC\results\research\p1_r8_shadow_composite_tradeoff_20260819\stress_cache\fake_256__smoothing_heavy.png	filtered_fake	0.934233	1
C:\My_Project\AIGC\results\research\p1_r8_shadow_composite_tradeoff_20260819\stress_cache\fake_256__whitening_medium.png	filtered_fake	0.479886	1
C:\My_Project\AIGC\results\research\p1_r8_shadow_composite_tradeoff_20260819\stress_cache\fake_256__combined_medium.png	filtered_fake	0.936980	1
C:\My_Project\AIGC\results\research\p1_r8_shadow_composite_tradeoff_20260819\stress_cache\fake_256__combined_heavy.png	filtered_fake	0.941670	1
C:\My_Project\AIGC\results\research\p1_r8_shadow_composite_tradeoff_20260819\stress_cache\fake_256__eye_enlarging.png	filtered_fake	0.090934	0
C:\My_Project\AIGC\results\research\p1_r8_shadow_composite_tradeoff_20260819\stress_cache\fake_256__face_reshaping.png	filtered_fake	0.439030	0
C:\My_Project\AIGC\results\research\p1_r8_shadow_composite_tradeoff_20260819\stress_cache\fake_257__smoothing_light.png	filtered_fake	0.938272	1
C:\My_Project\AIGC\results\research\p1_r8_shadow_composite_tradeoff_20260819\stress_cache\fake_257__smoothing_medium.png	filtered_fake	0.942183	1
C:\My_Project\AIGC\results\research\p1_r8_shadow_composite_tradeoff_20260819\stress_cache\fake_257__smoothing_heavy.png	filtered_fake	0.942343	1
C:\My_Project\AIGC\results\research\p1_r8_shadow_composite_tradeoff_20260819\stress_cache\fake_257__whitening_medium.png	filtered_fake	0.810217	1
C:\My_Project\AIGC\results\research\p1_r8_shadow_composite_tradeoff_20260819\stress_cache\fake_257__combined_medium.png	filtered_fake	0.942409	1
C:\My_Project\AIGC\results\research\p1_r8_shadow_composite_tradeoff_20260819\stress_cache\fake_257__combined_heavy.png	filtered_fake	0.948585	1
C:\My_Project\AIGC\results\research\p1_r8_shadow_composite_tradeoff_20260819\stress_cache\fake_257__eye_enlarging.png	filtered_fake	0.771212	1
C:\My_Project\AIGC\results\research\p1_r8_shadow_composite_tradeoff_20260819\stress_cache\fake_257__face_reshaping.png	filtered_fake	0.871355	1
C:\My_Project\AIGC\results\research\p1_r8_shadow_composite_tradeoff_20260819\stress_cache\fake_258__smoothing_light.png	filtered_fake	0.945764	1
C:\My_Project\AIGC\results\research\p1_r8_shadow_composite_tradeoff_20260819\stress_cache\fake_258__smoothing_medium.png	filtered_fake	0.949596	1
C:\My_Project\AIGC\results\research\p1_r8_shadow_composite_tradeoff_20260819\stress_cache\fake_258__smoothing_heavy.png	filtered_fake	0.948633	1
C:\My_Project\AIGC\results\research\p1_r8_shadow_composite_tradeoff_20260819\stress_cache\fake_258__whitening_medium.png	filtered_fake	0.883844	1
C:\My_Project\AIGC\results\research\p1_r8_shadow_composite_tradeoff_20260819\stress_cache\fake_258__combined_medium.png	filtered_fake	0.951410	1
C:\My_Project\AIGC\results\research\p1_r8_shadow_composite_tradeoff_20260819\stress_cache\fake_258__combined_heavy.png	filtered_fake	0.949954	1
C:\My_Project\AIGC\results\research\p1_r8_shadow_composite_tradeoff_20260819\stress_cache\fake_258__eye_enlarging.png	filtered_fake	0.912900	1
C:\My_Project\AIGC\results\research\p1_r8_shadow_composite_tradeoff_20260819\stress_cache\fake_258__face_reshaping.png	filtered_fake	0.912816	1
C:\My_Project\AIGC\results\research\p1_r8_shadow_composite_tradeoff_20260819\stress_cache\fake_259__smoothing_light.png	filtered_fake	0.954264	1
C:\My_Project\AIGC\results\research\p1_r8_shadow_composite_tradeoff_20260819\stress_cache\fake_259__smoothing_medium.png	filtered_fake	0.956615	1
C:\My_Project\AIGC\results\research\p1_r8_shadow_composite_tradeoff_20260819\stress_cache\fake_259__smoothing_heavy.png	filtered_fake	0.952327	1
C:\My_Project\AIGC\results\research\p1_r8_shadow_composite_tradeoff_20260819\stress_cache\fake_259__whitening_medium.png	filtered_fake	0.952506	1
C:\My_Project\AIGC\results\research\p1_r8_shadow_composite_tradeoff_20260819\stress_cache\fake_259__combined_medium.png	filtered_fake	0.957006	1
C:\My_Project\AIGC\results\research\p1_r8_shadow_composite_tradeoff_20260819\stress_cache\fake_259__combined_heavy.png	filtered_fake	0.948429	1
C:\My_Project\AIGC\results\research\p1_r8_shadow_composite_tradeoff_20260819\stress_cache\fake_259__eye_enlarging.png	filtered_fake	0.881966	1
C:\My_Project\AIGC\results\research\p1_r8_shadow_composite_tradeoff_20260819\stress_cache\fake_259__face_reshaping.png	filtered_fake	0.915795	1
C:\My_Project\AIGC\results\research\p1_r8_shadow_composite_tradeoff_20260819\stress_cache\fake_260__smoothing_light.png	filtered_fake	0.953354	1
C:\My_Project\AIGC\results\research\p1_r8_shadow_composite_tradeoff_20260819\stress_cache\fake_260__smoothing_medium.png	filtered_fake	0.956474	1
C:\My_Project\AIGC\results\research\p1_r8_shadow_composite_tradeoff_20260819\stress_cache\fake_260__smoothing_heavy.png	filtered_fake	0.952240	1
C:\My_Project\AIGC\results\research\p1_r8_shadow_composite_tradeoff_20260819\stress_cache\fake_260__whitening_medium.png	filtered_fake	0.947137	1
C:\My_Project\AIGC\results\research\p1_r8_shadow_composite_tradeoff_20260819\stress_cache\fake_260__combined_medium.png	filtered_fake	0.953861	1
C:\My_Project\AIGC\results\research\p1_r8_shadow_composite_tradeoff_20260819\stress_cache\fake_260__combined_heavy.png	filtered_fake	0.950998	1
C:\My_Project\AIGC\results\research\p1_r8_shadow_composite_tradeoff_20260819\stress_cache\fake_260__eye_enlarging.png	filtered_fake	0.946244	1
C:\My_Project\AIGC\results\research\p1_r8_shadow_composite_tradeoff_20260819\stress_cache\fake_260__face_reshaping.png	filtered_fake	0.949248	1
C:\My_Project\AIGC\results\research\p1_r8_shadow_composite_tradeoff_20260819\stress_cache\fake_261__smoothing_light.png	filtered_fake	0.925683	1
C:\My_Project\AIGC\results\research\p1_r8_shadow_composite_tradeoff_20260819\stress_cache\fake_261__smoothing_medium.png	filtered_fake	0.942917	1
C:\My_Project\AIGC\results\research\p1_r8_shadow_composite_tradeoff_20260819\stress_cache\fake_261__smoothing_heavy.png	filtered_fake	0.930405	1
C:\My_Project\AIGC\results\research\p1_r8_shadow_composite_tradeoff_20260819\stress_cache\fake_261__whitening_medium.png	filtered_fake	0.080142	0
C:\My_Project\AIGC\results\research\p1_r8_shadow_composite_tradeoff_20260819\stress_cache\fake_261__combined_medium.png	filtered_fake	0.943633	1
C:\My_Project\AIGC\results\research\p1_r8_shadow_composite_tradeoff_20260819\stress_cache\fake_261__combined_heavy.png	filtered_fake	0.932056	1
C:\My_Project\AIGC\results\research\p1_r8_shadow_composite_tradeoff_20260819\stress_cache\fake_261__eye_enlarging.png	filtered_fake	0.089887	0
C:\My_Project\AIGC\results\research\p1_r8_shadow_composite_tradeoff_20260819\stress_cache\fake_261__face_reshaping.png	filtered_fake	0.071222	0
C:\My_Project\AIGC\results\research\p1_r8_shadow_composite_tradeoff_20260819\stress_cache\fake_262__smoothing_light.png	filtered_fake	0.872875	1
C:\My_Project\AIGC\results\research\p1_r8_shadow_composite_tradeoff_20260819\stress_cache\fake_262__smoothing_medium.png	filtered_fake	0.942314	1
C:\My_Project\AIGC\results\research\p1_r8_shadow_composite_tradeoff_20260819\stress_cache\fake_262__smoothing_heavy.png	filtered_fake	0.938672	1
C:\My_Project\AIGC\results\research\p1_r8_shadow_composite_tradeoff_20260819\stress_cache\fake_262__whitening_medium.png	filtered_fake	0.092391	0
C:\My_Project\AIGC\results\research\p1_r8_shadow_composite_tradeoff_20260819\stress_cache\fake_262__combined_medium.png	filtered_fake	0.946324	1
C:\My_Project\AIGC\results\research\p1_r8_shadow_composite_tradeoff_20260819\stress_cache\fake_262__combined_heavy.png	filtered_fake	0.943879	1
C:\My_Project\AIGC\results\research\p1_r8_shadow_composite_tradeoff_20260819\stress_cache\fake_262__eye_enlarging.png	filtered_fake	0.061162	0
C:\My_Project\AIGC\results\research\p1_r8_shadow_composite_tradeoff_20260819\stress_cache\fake_262__face_reshaping.png	filtered_fake	0.238696	0
C:\My_Project\AIGC\results\research\p1_r8_shadow_composite_tradeoff_20260819\stress_cache\fake_263__smoothing_light.png	filtered_fake	0.932208	1
C:\My_Project\AIGC\results\research\p1_r8_shadow_composite_tradeoff_20260819\stress_cache\fake_263__smoothing_medium.png	filtered_fake	0.945362	1
C:\My_Project\AIGC\results\research\p1_r8_shadow_composite_tradeoff_20260819\stress_cache\fake_263__smoothing_heavy.png	filtered_fake	0.946163	1
C:\My_Project\AIGC\results\research\p1_r8_shadow_composite_tradeoff_20260819\stress_cache\fake_263__whitening_medium.png	filtered_fake	0.886939	1
C:\My_Project\AIGC\results\research\p1_r8_shadow_composite_tradeoff_20260819\stress_cache\fake_263__combined_medium.png	filtered_fake	0.948358	1
C:\My_Project\AIGC\results\research\p1_r8_shadow_composite_tradeoff_20260819\stress_cache\fake_263__combined_heavy.png	filtered_fake	0.943399	1
C:\My_Project\AIGC\results\research\p1_r8_shadow_composite_tradeoff_20260819\stress_cache\fake_263__eye_enlarging.png	filtered_fake	0.908417	1
C:\My_Project\AIGC\results\research\p1_r8_shadow_composite_tradeoff_20260819\stress_cache\fake_263__face_reshaping.png	filtered_fake	0.924919	1
C:\My_Project\AIGC\results\research\p1_r8_shadow_composite_tradeoff_20260819\stress_cache\fake_264__smoothing_light.png	filtered_fake	0.940951	1
C:\My_Project\AIGC\results\research\p1_r8_shadow_composite_tradeoff_20260819\stress_cache\fake_264__smoothing_medium.png	filtered_fake	0.945938	1
C:\My_Project\AIGC\results\research\p1_r8_shadow_composite_tradeoff_20260819\stress_cache\fake_264__smoothing_heavy.png	filtered_fake	0.940940	1
C:\My_Project\AIGC\results\research\p1_r8_shadow_composite_tradeoff_20260819\stress_cache\fake_264__whitening_medium.png	filtered_fake	0.943299	1
C:\My_Project\AIGC\results\research\p1_r8_shadow_composite_tradeoff_20260819\stress_cache\fake_264__combined_medium.png	filtered_fake	0.946503	1
C:\My_Project\AIGC\results\research\p1_r8_shadow_composite_tradeoff_20260819\stress_cache\fake_264__combined_heavy.png	filtered_fake	0.945796	1
C:\My_Project\AIGC\results\research\p1_r8_shadow_composite_tradeoff_20260819\stress_cache\fake_264__eye_enlarging.png	filtered_fake	0.951217	1
C:\My_Project\AIGC\results\research\p1_r8_shadow_composite_tradeoff_20260819\stress_cache\fake_264__face_reshaping.png	filtered_fake	0.946562	1
C:\My_Project\AIGC\results\research\p1_r8_shadow_composite_tradeoff_20260819\stress_cache\fake_265__smoothing_light.png	filtered_fake	0.941882	1
C:\My_Project\AIGC\results\research\p1_r8_shadow_composite_tradeoff_20260819\stress_cache\fake_265__smoothing_medium.png	filtered_fake	0.942927	1
C:\My_Project\AIGC\results\research\p1_r8_shadow_composite_tradeoff_20260819\stress_cache\fake_265__smoothing_heavy.png	filtered_fake	0.940845	1
C:\My_Project\AIGC\results\research\p1_r8_shadow_composite_tradeoff_20260819\stress_cache\fake_265__whitening_medium.png	filtered_fake	0.815779	1
C:\My_Project\AIGC\results\research\p1_r8_shadow_composite_tradeoff_20260819\stress_cache\fake_265__combined_medium.png	filtered_fake	0.938471	1
C:\My_Project\AIGC\results\research\p1_r8_shadow_composite_tradeoff_20260819\stress_cache\fake_265__combined_heavy.png	filtered_fake	0.935347	1
C:\My_Project\AIGC\results\research\p1_r8_shadow_composite_tradeoff_20260819\stress_cache\fake_265__eye_enlarging.png	filtered_fake	0.912412	1
C:\My_Project\AIGC\results\research\p1_r8_shadow_composite_tradeoff_20260819\stress_cache\fake_265__face_reshaping.png	filtered_fake	0.901126	1
C:\My_Project\AIGC\results\research\p1_r8_shadow_composite_tradeoff_20260819\stress_cache\fake_266__smoothing_light.png	filtered_fake	0.934567	1
C:\My_Project\AIGC\results\research\p1_r8_shadow_composite_tradeoff_20260819\stress_cache\fake_266__smoothing_medium.png	filtered_fake	0.938460	1
C:\My_Project\AIGC\results\research\p1_r8_shadow_composite_tradeoff_20260819\stress_cache\fake_266__smoothing_heavy.png	filtered_fake	0.934518	1
C:\My_Project\AIGC\results\research\p1_r8_shadow_composite_tradeoff_20260819\stress_cache\fake_266__whitening_medium.png	filtered_fake	0.869248	1
C:\My_Project\AIGC\results\research\p1_r8_shadow_composite_tradeoff_20260819\stress_cache\fake_266__combined_medium.png	filtered_fake	0.934650	1
C:\My_Project\AIGC\results\research\p1_r8_shadow_composite_tradeoff_20260819\stress_cache\fake_266__combined_heavy.png	filtered_fake	0.935751	1
C:\My_Project\AIGC\results\research\p1_r8_shadow_composite_tradeoff_20260819\stress_cache\fake_266__eye_enlarging.png	filtered_fake	0.728581	1
C:\My_Project\AIGC\results\research\p1_r8_shadow_composite_tradeoff_20260819\stress_cache\fake_266__face_reshaping.png	filtered_fake	0.799759	1
C:\My_Project\AIGC\results\research\p1_r8_shadow_composite_tradeoff_20260819\stress_cache\fake_267__smoothing_light.png	filtered_fake	0.923941	1
C:\My_Project\AIGC\results\research\p1_r8_shadow_composite_tradeoff_20260819\stress_cache\fake_267__smoothing_medium.png	filtered_fake	0.939376	1
C:\My_Project\AIGC\results\research\p1_r8_shadow_composite_tradeoff_20260819\stress_cache\fake_267__smoothing_heavy.png	filtered_fake	0.943948	1
C:\My_Project\AIGC\results\research\p1_r8_shadow_composite_tradeoff_20260819\stress_cache\fake_267__whitening_medium.png	filtered_fake	0.801719	1
C:\My_Project\AIGC\results\research\p1_r8_shadow_composite_tradeoff_20260819\stress_cache\fake_267__combined_medium.png	filtered_fake	0.941994	1
C:\My_Project\AIGC\results\research\p1_r8_shadow_composite_tradeoff_20260819\stress_cache\fake_267__combined_heavy.png	filtered_fake	0.944905	1
C:\My_Project\AIGC\results\research\p1_r8_shadow_composite_tradeoff_20260819\stress_cache\fake_267__eye_enlarging.png	filtered_fake	0.853198	1
C:\My_Project\AIGC\results\research\p1_r8_shadow_composite_tradeoff_20260819\stress_cache\fake_267__face_reshaping.png	filtered_fake	0.866356	1
C:\My_Project\AIGC\results\research\p1_r8_shadow_composite_tradeoff_20260819\stress_cache\fake_268__smoothing_light.png	filtered_fake	0.942749	1
C:\My_Project\AIGC\results\research\p1_r8_shadow_composite_tradeoff_20260819\stress_cache\fake_268__smoothing_medium.png	filtered_fake	0.948469	1
C:\My_Project\AIGC\results\research\p1_r8_shadow_composite_tradeoff_20260819\stress_cache\fake_268__smoothing_heavy.png	filtered_fake	0.949007	1
C:\My_Project\AIGC\results\research\p1_r8_shadow_composite_tradeoff_20260819\stress_cache\fake_268__whitening_medium.png	filtered_fake	0.944898	1
C:\My_Project\AIGC\results\research\p1_r8_shadow_composite_tradeoff_20260819\stress_cache\fake_268__combined_medium.png	filtered_fake	0.950466	1
C:\My_Project\AIGC\results\research\p1_r8_shadow_composite_tradeoff_20260819\stress_cache\fake_268__combined_heavy.png	filtered_fake	0.950099	1
C:\My_Project\AIGC\results\research\p1_r8_shadow_composite_tradeoff_20260819\stress_cache\fake_268__eye_enlarging.png	filtered_fake	0.921679	1
C:\My_Project\AIGC\results\research\p1_r8_shadow_composite_tradeoff_20260819\stress_cache\fake_268__face_reshaping.png	filtered_fake	0.932208	1
C:\My_Project\AIGC\results\research\p1_r8_shadow_composite_tradeoff_20260819\stress_cache\fake_269__smoothing_light.png	filtered_fake	0.945576	1
C:\My_Project\AIGC\results\research\p1_r8_shadow_composite_tradeoff_20260819\stress_cache\fake_269__smoothing_medium.png	filtered_fake	0.947027	1
C:\My_Project\AIGC\results\research\p1_r8_shadow_composite_tradeoff_20260819\stress_cache\fake_269__smoothing_heavy.png	filtered_fake	0.946672	1
C:\My_Project\AIGC\results\research\p1_r8_shadow_composite_tradeoff_20260819\stress_cache\fake_269__whitening_medium.png	filtered_fake	0.929200	1
C:\My_Project\AIGC\results\research\p1_r8_shadow_composite_tradeoff_20260819\stress_cache\fake_269__combined_medium.png	filtered_fake	0.947999	1
C:\My_Project\AIGC\results\research\p1_r8_shadow_composite_tradeoff_20260819\stress_cache\fake_269__combined_heavy.png	filtered_fake	0.948604	1
C:\My_Project\AIGC\results\research\p1_r8_shadow_composite_tradeoff_20260819\stress_cache\fake_269__eye_enlarging.png	filtered_fake	0.912177	1
C:\My_Project\AIGC\results\research\p1_r8_shadow_composite_tradeoff_20260819\stress_cache\fake_269__face_reshaping.png	filtered_fake	0.920037	1
C:\My_Project\AIGC\results\research\p1_r8_shadow_composite_tradeoff_20260819\stress_cache\fake_270__smoothing_light.png	filtered_fake	0.933553	1
C:\My_Project\AIGC\results\research\p1_r8_shadow_composite_tradeoff_20260819\stress_cache\fake_270__smoothing_medium.png	filtered_fake	0.946202	1
C:\My_Project\AIGC\results\research\p1_r8_shadow_composite_tradeoff_20260819\stress_cache\fake_270__smoothing_heavy.png	filtered_fake	0.945840	1
C:\My_Project\AIGC\results\research\p1_r8_shadow_composite_tradeoff_20260819\stress_cache\fake_270__whitening_medium.png	filtered_fake	0.944655	1
C:\My_Project\AIGC\results\research\p1_r8_shadow_composite_tradeoff_20260819\stress_cache\fake_270__combined_medium.png	filtered_fake	0.948582	1
C:\My_Project\AIGC\results\research\p1_r8_shadow_composite_tradeoff_20260819\stress_cache\fake_270__combined_heavy.png	filtered_fake	0.947935	1
C:\My_Project\AIGC\results\research\p1_r8_shadow_composite_tradeoff_20260819\stress_cache\fake_270__eye_enlarging.png	filtered_fake	0.941031	1
C:\My_Project\AIGC\results\research\p1_r8_shadow_composite_tradeoff_20260819\stress_cache\fake_270__face_reshaping.png	filtered_fake	0.909288	1
C:\My_Project\AIGC\results\research\p1_r8_shadow_composite_tradeoff_20260819\stress_cache\fake_271__smoothing_light.png	filtered_fake	0.936231	1
C:\My_Project\AIGC\results\research\p1_r8_shadow_composite_tradeoff_20260819\stress_cache\fake_271__smoothing_medium.png	filtered_fake	0.942885	1
C:\My_Project\AIGC\results\research\p1_r8_shadow_composite_tradeoff_20260819\stress_cache\fake_271__smoothing_heavy.png	filtered_fake	0.937419	1
C:\My_Project\AIGC\results\research\p1_r8_shadow_composite_tradeoff_20260819\stress_cache\fake_271__whitening_medium.png	filtered_fake	0.058333	0
C:\My_Project\AIGC\results\research\p1_r8_shadow_composite_tradeoff_20260819\stress_cache\fake_271__combined_medium.png	filtered_fake	0.943434	1
C:\My_Project\AIGC\results\research\p1_r8_shadow_composite_tradeoff_20260819\stress_cache\fake_271__combined_heavy.png	filtered_fake	0.942247	1
C:\My_Project\AIGC\results\research\p1_r8_shadow_composite_tradeoff_20260819\stress_cache\fake_271__eye_enlarging.png	filtered_fake	0.102049	0
C:\My_Project\AIGC\results\research\p1_r8_shadow_composite_tradeoff_20260819\stress_cache\fake_271__face_reshaping.png	filtered_fake	0.645668	1
C:\My_Project\AIGC\results\research\p1_r8_shadow_composite_tradeoff_20260819\stress_cache\fake_272__smoothing_light.png	filtered_fake	0.653764	1
C:\My_Project\AIGC\results\research\p1_r8_shadow_composite_tradeoff_20260819\stress_cache\fake_272__smoothing_medium.png	filtered_fake	0.895868	1
C:\My_Project\AIGC\results\research\p1_r8_shadow_composite_tradeoff_20260819\stress_cache\fake_272__smoothing_heavy.png	filtered_fake	0.680458	1
C:\My_Project\AIGC\results\research\p1_r8_shadow_composite_tradeoff_20260819\stress_cache\fake_272__whitening_medium.png	filtered_fake	0.146208	0
C:\My_Project\AIGC\results\research\p1_r8_shadow_composite_tradeoff_20260819\stress_cache\fake_272__combined_medium.png	filtered_fake	0.908825	1
C:\My_Project\AIGC\results\research\p1_r8_shadow_composite_tradeoff_20260819\stress_cache\fake_272__combined_heavy.png	filtered_fake	0.898963	1
C:\My_Project\AIGC\results\research\p1_r8_shadow_composite_tradeoff_20260819\stress_cache\fake_272__eye_enlarging.png	filtered_fake	0.082563	0
C:\My_Project\AIGC\results\research\p1_r8_shadow_composite_tradeoff_20260819\stress_cache\fake_272__face_reshaping.png	filtered_fake	0.224630	0
C:\My_Project\AIGC\results\research\p1_r8_shadow_composite_tradeoff_20260819\stress_cache\fake_273__smoothing_light.png	filtered_fake	0.943374	1
C:\My_Project\AIGC\results\research\p1_r8_shadow_composite_tradeoff_20260819\stress_cache\fake_273__smoothing_medium.png	filtered_fake	0.949853	1
C:\My_Project\AIGC\results\research\p1_r8_shadow_composite_tradeoff_20260819\stress_cache\fake_273__smoothing_heavy.png	filtered_fake	0.943778	1
C:\My_Project\AIGC\results\research\p1_r8_shadow_composite_tradeoff_20260819\stress_cache\fake_273__whitening_medium.png	filtered_fake	0.915857	1
C:\My_Project\AIGC\results\research\p1_r8_shadow_composite_tradeoff_20260819\stress_cache\fake_273__combined_medium.png	filtered_fake	0.946566	1
C:\My_Project\AIGC\results\research\p1_r8_shadow_composite_tradeoff_20260819\stress_cache\fake_273__combined_heavy.png	filtered_fake	0.950320	1
C:\My_Project\AIGC\results\research\p1_r8_shadow_composite_tradeoff_20260819\stress_cache\fake_273__eye_enlarging.png	filtered_fake	0.875708	1
C:\My_Project\AIGC\results\research\p1_r8_shadow_composite_tradeoff_20260819\stress_cache\fake_273__face_reshaping.png	filtered_fake	0.926900	1
C:\My_Project\AIGC\results\research\p1_r8_shadow_composite_tradeoff_20260819\stress_cache\fake_274__smoothing_light.png	filtered_fake	0.943099	1
C:\My_Project\AIGC\results\research\p1_r8_shadow_composite_tradeoff_20260819\stress_cache\fake_274__smoothing_medium.png	filtered_fake	0.949948	1
C:\My_Project\AIGC\results\research\p1_r8_shadow_composite_tradeoff_20260819\stress_cache\fake_274__smoothing_heavy.png	filtered_fake	0.941331	1
C:\My_Project\AIGC\results\research\p1_r8_shadow_composite_tradeoff_20260819\stress_cache\fake_274__whitening_medium.png	filtered_fake	0.440892	0
C:\My_Project\AIGC\results\research\p1_r8_shadow_composite_tradeoff_20260819\stress_cache\fake_274__combined_medium.png	filtered_fake	0.946008	1
C:\My_Project\AIGC\results\research\p1_r8_shadow_composite_tradeoff_20260819\stress_cache\fake_274__combined_heavy.png	filtered_fake	0.945944	1
C:\My_Project\AIGC\results\research\p1_r8_shadow_composite_tradeoff_20260819\stress_cache\fake_274__eye_enlarging.png	filtered_fake	0.148183	0
C:\My_Project\AIGC\results\research\p1_r8_shadow_composite_tradeoff_20260819\stress_cache\fake_274__face_reshaping.png	filtered_fake	0.372295	0
C:\My_Project\AIGC\results\research\p1_r8_shadow_composite_tradeoff_20260819\stress_cache\fake_275__smoothing_light.png	filtered_fake	0.941149	1
C:\My_Project\AIGC\results\research\p1_r8_shadow_composite_tradeoff_20260819\stress_cache\fake_275__smoothing_medium.png	filtered_fake	0.946436	1
C:\My_Project\AIGC\results\research\p1_r8_shadow_composite_tradeoff_20260819\stress_cache\fake_275__smoothing_heavy.png	filtered_fake	0.949420	1
C:\My_Project\AIGC\results\research\p1_r8_shadow_composite_tradeoff_20260819\stress_cache\fake_275__whitening_medium.png	filtered_fake	0.943615	1
C:\My_Project\AIGC\results\research\p1_r8_shadow_composite_tradeoff_20260819\stress_cache\fake_275__combined_medium.png	filtered_fake	0.943503	1
C:\My_Project\AIGC\results\research\p1_r8_shadow_composite_tradeoff_20260819\stress_cache\fake_275__combined_heavy.png	filtered_fake	0.948709	1
C:\My_Project\AIGC\results\research\p1_r8_shadow_composite_tradeoff_20260819\stress_cache\fake_275__eye_enlarging.png	filtered_fake	0.937829	1
C:\My_Project\AIGC\results\research\p1_r8_shadow_composite_tradeoff_20260819\stress_cache\fake_275__face_reshaping.png	filtered_fake	0.935626	1
C:\My_Project\AIGC\results\research\p1_r8_shadow_composite_tradeoff_20260819\stress_cache\fake_276__smoothing_light.png	filtered_fake	0.940296	1
C:\My_Project\AIGC\results\research\p1_r8_shadow_composite_tradeoff_20260819\stress_cache\fake_276__smoothing_medium.png	filtered_fake	0.938924	1
C:\My_Project\AIGC\results\research\p1_r8_shadow_composite_tradeoff_20260819\stress_cache\fake_276__smoothing_heavy.png	filtered_fake	0.941218	1
C:\My_Project\AIGC\results\research\p1_r8_shadow_composite_tradeoff_20260819\stress_cache\fake_276__whitening_medium.png	filtered_fake	0.689301	1
C:\My_Project\AIGC\results\research\p1_r8_shadow_composite_tradeoff_20260819\stress_cache\fake_276__combined_medium.png	filtered_fake	0.943350	1
C:\My_Project\AIGC\results\research\p1_r8_shadow_composite_tradeoff_20260819\stress_cache\fake_276__combined_heavy.png	filtered_fake	0.948927	1
C:\My_Project\AIGC\results\research\p1_r8_shadow_composite_tradeoff_20260819\stress_cache\fake_276__eye_enlarging.png	filtered_fake	0.892017	1
C:\My_Project\AIGC\results\research\p1_r8_shadow_composite_tradeoff_20260819\stress_cache\fake_276__face_reshaping.png	filtered_fake	0.552242	1
C:\My_Project\AIGC\results\research\p1_r8_shadow_composite_tradeoff_20260819\stress_cache\fake_277__smoothing_light.png	filtered_fake	0.915674	1
C:\My_Project\AIGC\results\research\p1_r8_shadow_composite_tradeoff_20260819\stress_cache\fake_277__smoothing_medium.png	filtered_fake	0.941941	1
C:\My_Project\AIGC\results\research\p1_r8_shadow_composite_tradeoff_20260819\stress_cache\fake_277__smoothing_heavy.png	filtered_fake	0.937353	1
C:\My_Project\AIGC\results\research\p1_r8_shadow_composite_tradeoff_20260819\stress_cache\fake_277__whitening_medium.png	filtered_fake	0.919621	1
C:\My_Project\AIGC\results\research\p1_r8_shadow_composite_tradeoff_20260819\stress_cache\fake_277__combined_medium.png	filtered_fake	0.942173	1
C:\My_Project\AIGC\results\research\p1_r8_shadow_composite_tradeoff_20260819\stress_cache\fake_277__combined_heavy.png	filtered_fake	0.934046	1
C:\My_Project\AIGC\results\research\p1_r8_shadow_composite_tradeoff_20260819\stress_cache\fake_277__eye_enlarging.png	filtered_fake	0.942708	1
C:\My_Project\AIGC\results\research\p1_r8_shadow_composite_tradeoff_20260819\stress_cache\fake_277__face_reshaping.png	filtered_fake	0.944155	1
C:\My_Project\AIGC\results\research\p1_r8_shadow_composite_tradeoff_20260819\stress_cache\fake_278__smoothing_light.png	filtered_fake	0.950646	1
C:\My_Project\AIGC\results\research\p1_r8_shadow_composite_tradeoff_20260819\stress_cache\fake_278__smoothing_medium.png	filtered_fake	0.950625	1
C:\My_Project\AIGC\results\research\p1_r8_shadow_composite_tradeoff_20260819\stress_cache\fake_278__smoothing_heavy.png	filtered_fake	0.950442	1
C:\My_Project\AIGC\results\research\p1_r8_shadow_composite_tradeoff_20260819\stress_cache\fake_278__whitening_medium.png	filtered_fake	0.873870	1
C:\My_Project\AIGC\results\research\p1_r8_shadow_composite_tradeoff_20260819\stress_cache\fake_278__combined_medium.png	filtered_fake	0.952288	1
C:\My_Project\AIGC\results\research\p1_r8_shadow_composite_tradeoff_20260819\stress_cache\fake_278__combined_heavy.png	filtered_fake	0.950278	1
C:\My_Project\AIGC\results\research\p1_r8_shadow_composite_tradeoff_20260819\stress_cache\fake_278__eye_enlarging.png	filtered_fake	0.894830	1
C:\My_Project\AIGC\results\research\p1_r8_shadow_composite_tradeoff_20260819\stress_cache\fake_278__face_reshaping.png	filtered_fake	0.945649	1
C:\My_Project\AIGC\results\research\p1_r8_shadow_composite_tradeoff_20260819\stress_cache\fake_279__smoothing_light.png	filtered_fake	0.944131	1
C:\My_Project\AIGC\results\research\p1_r8_shadow_composite_tradeoff_20260819\stress_cache\fake_279__smoothing_medium.png	filtered_fake	0.944144	1
C:\My_Project\AIGC\results\research\p1_r8_shadow_composite_tradeoff_20260819\stress_cache\fake_279__smoothing_heavy.png	filtered_fake	0.944599	1
C:\My_Project\AIGC\results\research\p1_r8_shadow_composite_tradeoff_20260819\stress_cache\fake_279__whitening_medium.png	filtered_fake	0.066945	0
C:\My_Project\AIGC\results\research\p1_r8_shadow_composite_tradeoff_20260819\stress_cache\fake_279__combined_medium.png	filtered_fake	0.945618	1
C:\My_Project\AIGC\results\research\p1_r8_shadow_composite_tradeoff_20260819\stress_cache\fake_279__combined_heavy.png	filtered_fake	0.945090	1
C:\My_Project\AIGC\results\research\p1_r8_shadow_composite_tradeoff_20260819\stress_cache\fake_279__eye_enlarging.png	filtered_fake	0.853431	1
C:\My_Project\AIGC\results\research\p1_r8_shadow_composite_tradeoff_20260819\stress_cache\fake_279__face_reshaping.png	filtered_fake	0.890453	1
C:\My_Project\AIGC\results\research\p1_r8_shadow_composite_tradeoff_20260819\stress_cache\fake_28__smoothing_light.png	filtered_fake	0.943077	1
C:\My_Project\AIGC\results\research\p1_r8_shadow_composite_tradeoff_20260819\stress_cache\fake_28__smoothing_medium.png	filtered_fake	0.946167	1
C:\My_Project\AIGC\results\research\p1_r8_shadow_composite_tradeoff_20260819\stress_cache\fake_28__smoothing_heavy.png	filtered_fake	0.945781	1
C:\My_Project\AIGC\results\research\p1_r8_shadow_composite_tradeoff_20260819\stress_cache\fake_28__whitening_medium.png	filtered_fake	0.949818	1
C:\My_Project\AIGC\results\research\p1_r8_shadow_composite_tradeoff_20260819\stress_cache\fake_28__combined_medium.png	filtered_fake	0.949487	1
C:\My_Project\AIGC\results\research\p1_r8_shadow_composite_tradeoff_20260819\stress_cache\fake_28__combined_heavy.png	filtered_fake	0.949882	1
C:\My_Project\AIGC\results\research\p1_r8_shadow_composite_tradeoff_20260819\stress_cache\fake_28__eye_enlarging.png	filtered_fake	0.949366	1
C:\My_Project\AIGC\results\research\p1_r8_shadow_composite_tradeoff_20260819\stress_cache\fake_28__face_reshaping.png	filtered_fake	0.947192	1
C:\My_Project\AIGC\results\research\p1_r8_shadow_composite_tradeoff_20260819\stress_cache\fake_280__smoothing_light.png	filtered_fake	0.953110	1
C:\My_Project\AIGC\results\research\p1_r8_shadow_composite_tradeoff_20260819\stress_cache\fake_280__smoothing_medium.png	filtered_fake	0.959436	1
C:\My_Project\AIGC\results\research\p1_r8_shadow_composite_tradeoff_20260819\stress_cache\fake_280__smoothing_heavy.png	filtered_fake	0.956994	1
C:\My_Project\AIGC\results\research\p1_r8_shadow_composite_tradeoff_20260819\stress_cache\fake_280__whitening_medium.png	filtered_fake	0.895751	1
C:\My_Project\AIGC\results\research\p1_r8_shadow_composite_tradeoff_20260819\stress_cache\fake_280__combined_medium.png	filtered_fake	0.958566	1
C:\My_Project\AIGC\results\research\p1_r8_shadow_composite_tradeoff_20260819\stress_cache\fake_280__combined_heavy.png	filtered_fake	0.955739	1
C:\My_Project\AIGC\results\research\p1_r8_shadow_composite_tradeoff_20260819\stress_cache\fake_280__eye_enlarging.png	filtered_fake	0.298409	0
C:\My_Project\AIGC\results\research\p1_r8_shadow_composite_tradeoff_20260819\stress_cache\fake_280__face_reshaping.png	filtered_fake	0.789249	1
C:\My_Project\AIGC\results\research\p1_r8_shadow_composite_tradeoff_20260819\stress_cache\fake_281__smoothing_light.png	filtered_fake	0.952326	1
C:\My_Project\AIGC\results\research\p1_r8_shadow_composite_tradeoff_20260819\stress_cache\fake_281__smoothing_medium.png	filtered_fake	0.952308	1
C:\My_Project\AIGC\results\research\p1_r8_shadow_composite_tradeoff_20260819\stress_cache\fake_281__smoothing_heavy.png	filtered_fake	0.951855	1
C:\My_Project\AIGC\results\research\p1_r8_shadow_composite_tradeoff_20260819\stress_cache\fake_281__whitening_medium.png	filtered_fake	0.932752	1
C:\My_Project\AIGC\results\research\p1_r8_shadow_composite_tradeoff_20260819\stress_cache\fake_281__combined_medium.png	filtered_fake	0.953134	1
C:\My_Project\AIGC\results\research\p1_r8_shadow_composite_tradeoff_20260819\stress_cache\fake_281__combined_heavy.png	filtered_fake	0.953589	1
C:\My_Project\AIGC\results\research\p1_r8_shadow_composite_tradeoff_20260819\stress_cache\fake_281__eye_enlarging.png	filtered_fake	0.934398	1
C:\My_Project\AIGC\results\research\p1_r8_shadow_composite_tradeoff_20260819\stress_cache\fake_281__face_reshaping.png	filtered_fake	0.945094	1
C:\My_Project\AIGC\results\research\p1_r8_shadow_composite_tradeoff_20260819\stress_cache\fake_282__smoothing_light.png	filtered_fake	0.936984	1
C:\My_Project\AIGC\results\research\p1_r8_shadow_composite_tradeoff_20260819\stress_cache\fake_282__smoothing_medium.png	filtered_fake	0.946064	1
C:\My_Project\AIGC\results\research\p1_r8_shadow_composite_tradeoff_20260819\stress_cache\fake_282__smoothing_heavy.png	filtered_fake	0.943867	1
C:\My_Project\AIGC\results\research\p1_r8_shadow_composite_tradeoff_20260819\stress_cache\fake_282__whitening_medium.png	filtered_fake	0.630226	1
C:\My_Project\AIGC\results\research\p1_r8_shadow_composite_tradeoff_20260819\stress_cache\fake_282__combined_medium.png	filtered_fake	0.947869	1
C:\My_Project\AIGC\results\research\p1_r8_shadow_composite_tradeoff_20260819\stress_cache\fake_282__combined_heavy.png	filtered_fake	0.948554	1
C:\My_Project\AIGC\results\research\p1_r8_shadow_composite_tradeoff_20260819\stress_cache\fake_282__eye_enlarging.png	filtered_fake	0.865850	1
C:\My_Project\AIGC\results\research\p1_r8_shadow_composite_tradeoff_20260819\stress_cache\fake_282__face_reshaping.png	filtered_fake	0.662224	1
C:\My_Project\AIGC\results\research\p1_r8_shadow_composite_tradeoff_20260819\stress_cache\fake_283__smoothing_light.png	filtered_fake	0.927871	1
C:\My_Project\AIGC\results\research\p1_r8_shadow_composite_tradeoff_20260819\stress_cache\fake_283__smoothing_medium.png	filtered_fake	0.947367	1
C:\My_Project\AIGC\results\research\p1_r8_shadow_composite_tradeoff_20260819\stress_cache\fake_283__smoothing_heavy.png	filtered_fake	0.937484	1
C:\My_Project\AIGC\results\research\p1_r8_shadow_composite_tradeoff_20260819\stress_cache\fake_283__whitening_medium.png	filtered_fake	0.051412	0
C:\My_Project\AIGC\results\research\p1_r8_shadow_composite_tradeoff_20260819\stress_cache\fake_283__combined_medium.png	filtered_fake	0.940232	1
C:\My_Project\AIGC\results\research\p1_r8_shadow_composite_tradeoff_20260819\stress_cache\fake_283__combined_heavy.png	filtered_fake	0.937774	1
C:\My_Project\AIGC\results\research\p1_r8_shadow_composite_tradeoff_20260819\stress_cache\fake_283__eye_enlarging.png	filtered_fake	0.038249	0
C:\My_Project\AIGC\results\research\p1_r8_shadow_composite_tradeoff_20260819\stress_cache\fake_283__face_reshaping.png	filtered_fake	0.047617	0
C:\My_Project\AIGC\results\research\p1_r8_shadow_composite_tradeoff_20260819\stress_cache\fake_284__smoothing_light.png	filtered_fake	0.935019	1
C:\My_Project\AIGC\results\research\p1_r8_shadow_composite_tradeoff_20260819\stress_cache\fake_284__smoothing_medium.png	filtered_fake	0.940431	1
C:\My_Project\AIGC\results\research\p1_r8_shadow_composite_tradeoff_20260819\stress_cache\fake_284__smoothing_heavy.png	filtered_fake	0.943283	1
C:\My_Project\AIGC\results\research\p1_r8_shadow_composite_tradeoff_20260819\stress_cache\fake_284__whitening_medium.png	filtered_fake	0.128062	0
C:\My_Project\AIGC\results\research\p1_r8_shadow_composite_tradeoff_20260819\stress_cache\fake_284__combined_medium.png	filtered_fake	0.945011	1
C:\My_Project\AIGC\results\research\p1_r8_shadow_composite_tradeoff_20260819\stress_cache\fake_284__combined_heavy.png	filtered_fake	0.945433	1
C:\My_Project\AIGC\results\research\p1_r8_shadow_composite_tradeoff_20260819\stress_cache\fake_284__eye_enlarging.png	filtered_fake	0.151226	0
C:\My_Project\AIGC\results\research\p1_r8_shadow_composite_tradeoff_20260819\stress_cache\fake_284__face_reshaping.png	filtered_fake	0.285269	0
C:\My_Project\AIGC\results\research\p1_r8_shadow_composite_tradeoff_20260819\stress_cache\fake_285__smoothing_light.png	filtered_fake	0.922184	1
C:\My_Project\AIGC\results\research\p1_r8_shadow_composite_tradeoff_20260819\stress_cache\fake_285__smoothing_medium.png	filtered_fake	0.946881	1
C:\My_Project\AIGC\results\research\p1_r8_shadow_composite_tradeoff_20260819\stress_cache\fake_285__smoothing_heavy.png	filtered_fake	0.946175	1
C:\My_Project\AIGC\results\research\p1_r8_shadow_composite_tradeoff_20260819\stress_cache\fake_285__whitening_medium.png	filtered_fake	0.044167	0
C:\My_Project\AIGC\results\research\p1_r8_shadow_composite_tradeoff_20260819\stress_cache\fake_285__combined_medium.png	filtered_fake	0.948866	1
C:\My_Project\AIGC\results\research\p1_r8_shadow_composite_tradeoff_20260819\stress_cache\fake_285__combined_heavy.png	filtered_fake	0.949922	1
C:\My_Project\AIGC\results\research\p1_r8_shadow_composite_tradeoff_20260819\stress_cache\fake_285__eye_enlarging.png	filtered_fake	0.054494	0
C:\My_Project\AIGC\results\research\p1_r8_shadow_composite_tradeoff_20260819\stress_cache\fake_285__face_reshaping.png	filtered_fake	0.400208	0
C:\My_Project\AIGC\results\research\p1_r8_shadow_composite_tradeoff_20260819\stress_cache\fake_286__smoothing_light.png	filtered_fake	0.945249	1
C:\My_Project\AIGC\results\research\p1_r8_shadow_composite_tradeoff_20260819\stress_cache\fake_286__smoothing_medium.png	filtered_fake	0.940864	1
C:\My_Project\AIGC\results\research\p1_r8_shadow_composite_tradeoff_20260819\stress_cache\fake_286__smoothing_heavy.png	filtered_fake	0.947098	1
C:\My_Project\AIGC\results\research\p1_r8_shadow_composite_tradeoff_20260819\stress_cache\fake_286__whitening_medium.png	filtered_fake	0.929573	1
C:\My_Project\AIGC\results\research\p1_r8_shadow_composite_tradeoff_20260819\stress_cache\fake_286__combined_medium.png	filtered_fake	0.942377	1
C:\My_Project\AIGC\results\research\p1_r8_shadow_composite_tradeoff_20260819\stress_cache\fake_286__combined_heavy.png	filtered_fake	0.949972	1
C:\My_Project\AIGC\results\research\p1_r8_shadow_composite_tradeoff_20260819\stress_cache\fake_286__eye_enlarging.png	filtered_fake	0.909339	1
C:\My_Project\AIGC\results\research\p1_r8_shadow_composite_tradeoff_20260819\stress_cache\fake_286__face_reshaping.png	filtered_fake	0.871135	1
C:\My_Project\AIGC\results\research\p1_r8_shadow_composite_tradeoff_20260819\stress_cache\fake_287__smoothing_light.png	filtered_fake	0.942159	1
C:\My_Project\AIGC\results\research\p1_r8_shadow_composite_tradeoff_20260819\stress_cache\fake_287__smoothing_medium.png	filtered_fake	0.947440	1
C:\My_Project\AIGC\results\research\p1_r8_shadow_composite_tradeoff_20260819\stress_cache\fake_287__smoothing_heavy.png	filtered_fake	0.946737	1
C:\My_Project\AIGC\results\research\p1_r8_shadow_composite_tradeoff_20260819\stress_cache\fake_287__whitening_medium.png	filtered_fake	0.941384	1
C:\My_Project\AIGC\results\research\p1_r8_shadow_composite_tradeoff_20260819\stress_cache\fake_287__combined_medium.png	filtered_fake	0.949822	1
C:\My_Project\AIGC\results\research\p1_r8_shadow_composite_tradeoff_20260819\stress_cache\fake_287__combined_heavy.png	filtered_fake	0.949594	1
C:\My_Project\AIGC\results\research\p1_r8_shadow_composite_tradeoff_20260819\stress_cache\fake_287__eye_enlarging.png	filtered_fake	0.928609	1
C:\My_Project\AIGC\results\research\p1_r8_shadow_composite_tradeoff_20260819\stress_cache\fake_287__face_reshaping.png	filtered_fake	0.941761	1
C:\My_Project\AIGC\results\research\p1_r8_shadow_composite_tradeoff_20260819\stress_cache\fake_288__smoothing_light.png	filtered_fake	0.943400	1
C:\My_Project\AIGC\results\research\p1_r8_shadow_composite_tradeoff_20260819\stress_cache\fake_288__smoothing_medium.png	filtered_fake	0.947866	1
C:\My_Project\AIGC\results\research\p1_r8_shadow_composite_tradeoff_20260819\stress_cache\fake_288__smoothing_heavy.png	filtered_fake	0.947212	1
C:\My_Project\AIGC\results\research\p1_r8_shadow_composite_tradeoff_20260819\stress_cache\fake_288__whitening_medium.png	filtered_fake	0.959078	1
C:\My_Project\AIGC\results\research\p1_r8_shadow_composite_tradeoff_20260819\stress_cache\fake_288__combined_medium.png	filtered_fake	0.945428	1
C:\My_Project\AIGC\results\research\p1_r8_shadow_composite_tradeoff_20260819\stress_cache\fake_288__combined_heavy.png	filtered_fake	0.946500	1
C:\My_Project\AIGC\results\research\p1_r8_shadow_composite_tradeoff_20260819\stress_cache\fake_288__eye_enlarging.png	filtered_fake	0.961067	1
C:\My_Project\AIGC\results\research\p1_r8_shadow_composite_tradeoff_20260819\stress_cache\fake_288__face_reshaping.png	filtered_fake	0.951789	1
C:\My_Project\AIGC\results\research\p1_r8_shadow_composite_tradeoff_20260819\stress_cache\fake_289__smoothing_light.png	filtered_fake	0.942197	1
C:\My_Project\AIGC\results\research\p1_r8_shadow_composite_tradeoff_20260819\stress_cache\fake_289__smoothing_medium.png	filtered_fake	0.944468	1
C:\My_Project\AIGC\results\research\p1_r8_shadow_composite_tradeoff_20260819\stress_cache\fake_289__smoothing_heavy.png	filtered_fake	0.944967	1
C:\My_Project\AIGC\results\research\p1_r8_shadow_composite_tradeoff_20260819\stress_cache\fake_289__whitening_medium.png	filtered_fake	0.926422	1
C:\My_Project\AIGC\results\research\p1_r8_shadow_composite_tradeoff_20260819\stress_cache\fake_289__combined_medium.png	filtered_fake	0.947079	1
C:\My_Project\AIGC\results\research\p1_r8_shadow_composite_tradeoff_20260819\stress_cache\fake_289__combined_heavy.png	filtered_fake	0.943854	1
C:\My_Project\AIGC\results\research\p1_r8_shadow_composite_tradeoff_20260819\stress_cache\fake_289__eye_enlarging.png	filtered_fake	0.903433	1
C:\My_Project\AIGC\results\research\p1_r8_shadow_composite_tradeoff_20260819\stress_cache\fake_289__face_reshaping.png	filtered_fake	0.913732	1
C:\My_Project\AIGC\results\research\p1_r8_shadow_composite_tradeoff_20260819\stress_cache\fake_29__smoothing_light.png	filtered_fake	0.941878	1
C:\My_Project\AIGC\results\research\p1_r8_shadow_composite_tradeoff_20260819\stress_cache\fake_29__smoothing_medium.png	filtered_fake	0.951155	1
C:\My_Project\AIGC\results\research\p1_r8_shadow_composite_tradeoff_20260819\stress_cache\fake_29__smoothing_heavy.png	filtered_fake	0.950660	1
C:\My_Project\AIGC\results\research\p1_r8_shadow_composite_tradeoff_20260819\stress_cache\fake_29__whitening_medium.png	filtered_fake	0.943237	1
C:\My_Project\AIGC\results\research\p1_r8_shadow_composite_tradeoff_20260819\stress_cache\fake_29__combined_medium.png	filtered_fake	0.950301	1
C:\My_Project\AIGC\results\research\p1_r8_shadow_composite_tradeoff_20260819\stress_cache\fake_29__combined_heavy.png	filtered_fake	0.954348	1
C:\My_Project\AIGC\results\research\p1_r8_shadow_composite_tradeoff_20260819\stress_cache\fake_29__eye_enlarging.png	filtered_fake	0.942968	1
C:\My_Project\AIGC\results\research\p1_r8_shadow_composite_tradeoff_20260819\stress_cache\fake_29__face_reshaping.png	filtered_fake	0.945950	1
C:\My_Project\AIGC\results\research\p1_r8_shadow_composite_tradeoff_20260819\stress_cache\fake_290__smoothing_light.png	filtered_fake	0.924981	1
C:\My_Project\AIGC\results\research\p1_r8_shadow_composite_tradeoff_20260819\stress_cache\fake_290__smoothing_medium.png	filtered_fake	0.941720	1
C:\My_Project\AIGC\results\research\p1_r8_shadow_composite_tradeoff_20260819\stress_cache\fake_290__smoothing_heavy.png	filtered_fake	0.939331	1
C:\My_Project\AIGC\results\research\p1_r8_shadow_composite_tradeoff_20260819\stress_cache\fake_290__whitening_medium.png	filtered_fake	0.331517	0
C:\My_Project\AIGC\results\research\p1_r8_shadow_composite_tradeoff_20260819\stress_cache\fake_290__combined_medium.png	filtered_fake	0.944926	1
C:\My_Project\AIGC\results\research\p1_r8_shadow_composite_tradeoff_20260819\stress_cache\fake_290__combined_heavy.png	filtered_fake	0.944017	1
C:\My_Project\AIGC\results\research\p1_r8_shadow_composite_tradeoff_20260819\stress_cache\fake_290__eye_enlarging.png	filtered_fake	0.174741	0
C:\My_Project\AIGC\results\research\p1_r8_shadow_composite_tradeoff_20260819\stress_cache\fake_290__face_reshaping.png	filtered_fake	0.294273	0
C:\My_Project\AIGC\results\research\p1_r8_shadow_composite_tradeoff_20260819\stress_cache\fake_291__smoothing_light.png	filtered_fake	0.945224	1
C:\My_Project\AIGC\results\research\p1_r8_shadow_composite_tradeoff_20260819\stress_cache\fake_291__smoothing_medium.png	filtered_fake	0.948636	1
C:\My_Project\AIGC\results\research\p1_r8_shadow_composite_tradeoff_20260819\stress_cache\fake_291__smoothing_heavy.png	filtered_fake	0.948542	1
C:\My_Project\AIGC\results\research\p1_r8_shadow_composite_tradeoff_20260819\stress_cache\fake_291__whitening_medium.png	filtered_fake	0.951319	1
C:\My_Project\AIGC\results\research\p1_r8_shadow_composite_tradeoff_20260819\stress_cache\fake_291__combined_medium.png	filtered_fake	0.947358	1
C:\My_Project\AIGC\results\research\p1_r8_shadow_composite_tradeoff_20260819\stress_cache\fake_291__combined_heavy.png	filtered_fake	0.948001	1
C:\My_Project\AIGC\results\research\p1_r8_shadow_composite_tradeoff_20260819\stress_cache\fake_291__eye_enlarging.png	filtered_fake	0.943733	1
C:\My_Project\AIGC\results\research\p1_r8_shadow_composite_tradeoff_20260819\stress_cache\fake_291__face_reshaping.png	filtered_fake	0.950598	1
C:\My_Project\AIGC\results\research\p1_r8_shadow_composite_tradeoff_20260819\stress_cache\fake_292__smoothing_light.png	filtered_fake	0.926092	1
C:\My_Project\AIGC\results\research\p1_r8_shadow_composite_tradeoff_20260819\stress_cache\fake_292__smoothing_medium.png	filtered_fake	0.940840	1
C:\My_Project\AIGC\results\research\p1_r8_shadow_composite_tradeoff_20260819\stress_cache\fake_292__smoothing_heavy.png	filtered_fake	0.938572	1
C:\My_Project\AIGC\results\research\p1_r8_shadow_composite_tradeoff_20260819\stress_cache\fake_292__whitening_medium.png	filtered_fake	0.760481	1
C:\My_Project\AIGC\results\research\p1_r8_shadow_composite_tradeoff_20260819\stress_cache\fake_292__combined_medium.png	filtered_fake	0.941815	1
C:\My_Project\AIGC\results\research\p1_r8_shadow_composite_tradeoff_20260819\stress_cache\fake_292__combined_heavy.png	filtered_fake	0.926813	1
C:\My_Project\AIGC\results\research\p1_r8_shadow_composite_tradeoff_20260819\stress_cache\fake_292__eye_enlarging.png	filtered_fake	0.854321	1
C:\My_Project\AIGC\results\research\p1_r8_shadow_composite_tradeoff_20260819\stress_cache\fake_292__face_reshaping.png	filtered_fake	0.785120	1
C:\My_Project\AIGC\results\research\p1_r8_shadow_composite_tradeoff_20260819\stress_cache\fake_293__smoothing_light.png	filtered_fake	0.895712	1
C:\My_Project\AIGC\results\research\p1_r8_shadow_composite_tradeoff_20260819\stress_cache\fake_293__smoothing_medium.png	filtered_fake	0.949254	1
C:\My_Project\AIGC\results\research\p1_r8_shadow_composite_tradeoff_20260819\stress_cache\fake_293__smoothing_heavy.png	filtered_fake	0.949132	1
C:\My_Project\AIGC\results\research\p1_r8_shadow_composite_tradeoff_20260819\stress_cache\fake_293__whitening_medium.png	filtered_fake	0.643006	1
C:\My_Project\AIGC\results\research\p1_r8_shadow_composite_tradeoff_20260819\stress_cache\fake_293__combined_medium.png	filtered_fake	0.943787	1
C:\My_Project\AIGC\results\research\p1_r8_shadow_composite_tradeoff_20260819\stress_cache\fake_293__combined_heavy.png	filtered_fake	0.949822	1
C:\My_Project\AIGC\results\research\p1_r8_shadow_composite_tradeoff_20260819\stress_cache\fake_293__eye_enlarging.png	filtered_fake	0.329886	0
C:\My_Project\AIGC\results\research\p1_r8_shadow_composite_tradeoff_20260819\stress_cache\fake_293__face_reshaping.png	filtered_fake	0.817860	1
C:\My_Project\AIGC\results\research\p1_r8_shadow_composite_tradeoff_20260819\stress_cache\fake_294__smoothing_light.png	filtered_fake	0.853764	1
C:\My_Project\AIGC\results\research\p1_r8_shadow_composite_tradeoff_20260819\stress_cache\fake_294__smoothing_medium.png	filtered_fake	0.947249	1
C:\My_Project\AIGC\results\research\p1_r8_shadow_composite_tradeoff_20260819\stress_cache\fake_294__smoothing_heavy.png	filtered_fake	0.945635	1
C:\My_Project\AIGC\results\research\p1_r8_shadow_composite_tradeoff_20260819\stress_cache\fake_294__whitening_medium.png	filtered_fake	0.946420	1
C:\My_Project\AIGC\results\research\p1_r8_shadow_composite_tradeoff_20260819\stress_cache\fake_294__combined_medium.png	filtered_fake	0.949883	1
C:\My_Project\AIGC\results\research\p1_r8_shadow_composite_tradeoff_20260819\stress_cache\fake_294__combined_heavy.png	filtered_fake	0.947717	1
C:\My_Project\AIGC\results\research\p1_r8_shadow_composite_tradeoff_20260819\stress_cache\fake_294__eye_enlarging.png	filtered_fake	0.583714	1
C:\My_Project\AIGC\results\research\p1_r8_shadow_composite_tradeoff_20260819\stress_cache\fake_294__face_reshaping.png	filtered_fake	0.736056	1
C:\My_Project\AIGC\results\research\p1_r8_shadow_composite_tradeoff_20260819\stress_cache\fake_295__smoothing_light.png	filtered_fake	0.931401	1
C:\My_Project\AIGC\results\research\p1_r8_shadow_composite_tradeoff_20260819\stress_cache\fake_295__smoothing_medium.png	filtered_fake	0.943452	1
C:\My_Project\AIGC\results\research\p1_r8_shadow_composite_tradeoff_20260819\stress_cache\fake_295__smoothing_heavy.png	filtered_fake	0.940511	1
C:\My_Project\AIGC\results\research\p1_r8_shadow_composite_tradeoff_20260819\stress_cache\fake_295__whitening_medium.png	filtered_fake	0.317730	0
C:\My_Project\AIGC\results\research\p1_r8_shadow_composite_tradeoff_20260819\stress_cache\fake_295__combined_medium.png	filtered_fake	0.946380	1
C:\My_Project\AIGC\results\research\p1_r8_shadow_composite_tradeoff_20260819\stress_cache\fake_295__combined_heavy.png	filtered_fake	0.944203	1
C:\My_Project\AIGC\results\research\p1_r8_shadow_composite_tradeoff_20260819\stress_cache\fake_295__eye_enlarging.png	filtered_fake	0.054087	0
C:\My_Project\AIGC\results\research\p1_r8_shadow_composite_tradeoff_20260819\stress_cache\fake_295__face_reshaping.png	filtered_fake	0.507255	1
C:\My_Project\AIGC\results\research\p1_r8_shadow_composite_tradeoff_20260819\stress_cache\fake_296__smoothing_light.png	filtered_fake	0.941200	1
C:\My_Project\AIGC\results\research\p1_r8_shadow_composite_tradeoff_20260819\stress_cache\fake_296__smoothing_medium.png	filtered_fake	0.946646	1
C:\My_Project\AIGC\results\research\p1_r8_shadow_composite_tradeoff_20260819\stress_cache\fake_296__smoothing_heavy.png	filtered_fake	0.944196	1
C:\My_Project\AIGC\results\research\p1_r8_shadow_composite_tradeoff_20260819\stress_cache\fake_296__whitening_medium.png	filtered_fake	0.743214	1
C:\My_Project\AIGC\results\research\p1_r8_shadow_composite_tradeoff_20260819\stress_cache\fake_296__combined_medium.png	filtered_fake	0.948202	1
C:\My_Project\AIGC\results\research\p1_r8_shadow_composite_tradeoff_20260819\stress_cache\fake_296__combined_heavy.png	filtered_fake	0.944491	1
C:\My_Project\AIGC\results\research\p1_r8_shadow_composite_tradeoff_20260819\stress_cache\fake_296__eye_enlarging.png	filtered_fake	0.884261	1
C:\My_Project\AIGC\results\research\p1_r8_shadow_composite_tradeoff_20260819\stress_cache\fake_296__face_reshaping.png	filtered_fake	0.832752	1
C:\My_Project\AIGC\results\research\p1_r8_shadow_composite_tradeoff_20260819\stress_cache\fake_297__smoothing_light.png	filtered_fake	0.944737	1
C:\My_Project\AIGC\results\research\p1_r8_shadow_composite_tradeoff_20260819\stress_cache\fake_297__smoothing_medium.png	filtered_fake	0.947008	1
C:\My_Project\AIGC\results\research\p1_r8_shadow_composite_tradeoff_20260819\stress_cache\fake_297__smoothing_heavy.png	filtered_fake	0.947496	1
C:\My_Project\AIGC\results\research\p1_r8_shadow_composite_tradeoff_20260819\stress_cache\fake_297__whitening_medium.png	filtered_fake	0.886039	1
C:\My_Project\AIGC\results\research\p1_r8_shadow_composite_tradeoff_20260819\stress_cache\fake_297__combined_medium.png	filtered_fake	0.948117	1
C:\My_Project\AIGC\results\research\p1_r8_shadow_composite_tradeoff_20260819\stress_cache\fake_297__combined_heavy.png	filtered_fake	0.944823	1
C:\My_Project\AIGC\results\research\p1_r8_shadow_composite_tradeoff_20260819\stress_cache\fake_297__eye_enlarging.png	filtered_fake	0.848263	1
C:\My_Project\AIGC\results\research\p1_r8_shadow_composite_tradeoff_20260819\stress_cache\fake_297__face_reshaping.png	filtered_fake	0.845110	1
C:\My_Project\AIGC\results\research\p1_r8_shadow_composite_tradeoff_20260819\stress_cache\fake_298__smoothing_light.png	filtered_fake	0.888596	1
C:\My_Project\AIGC\results\research\p1_r8_shadow_composite_tradeoff_20260819\stress_cache\fake_298__smoothing_medium.png	filtered_fake	0.930240	1
C:\My_Project\AIGC\results\research\p1_r8_shadow_composite_tradeoff_20260819\stress_cache\fake_298__smoothing_heavy.png	filtered_fake	0.915907	1
C:\My_Project\AIGC\results\research\p1_r8_shadow_composite_tradeoff_20260819\stress_cache\fake_298__whitening_medium.png	filtered_fake	0.116984	0
C:\My_Project\AIGC\results\research\p1_r8_shadow_composite_tradeoff_20260819\stress_cache\fake_298__combined_medium.png	filtered_fake	0.939338	1
C:\My_Project\AIGC\results\research\p1_r8_shadow_composite_tradeoff_20260819\stress_cache\fake_298__combined_heavy.png	filtered_fake	0.940870	1
C:\My_Project\AIGC\results\research\p1_r8_shadow_composite_tradeoff_20260819\stress_cache\fake_298__eye_enlarging.png	filtered_fake	0.198765	0
C:\My_Project\AIGC\results\research\p1_r8_shadow_composite_tradeoff_20260819\stress_cache\fake_298__face_reshaping.png	filtered_fake	0.812809	1
C:\My_Project\AIGC\results\research\p1_r8_shadow_composite_tradeoff_20260819\stress_cache\fake_299__smoothing_light.png	filtered_fake	0.918584	1
C:\My_Project\AIGC\results\research\p1_r8_shadow_composite_tradeoff_20260819\stress_cache\fake_299__smoothing_medium.png	filtered_fake	0.942783	1
C:\My_Project\AIGC\results\research\p1_r8_shadow_composite_tradeoff_20260819\stress_cache\fake_299__smoothing_heavy.png	filtered_fake	0.944059	1
C:\My_Project\AIGC\results\research\p1_r8_shadow_composite_tradeoff_20260819\stress_cache\fake_299__whitening_medium.png	filtered_fake	0.044526	0
C:\My_Project\AIGC\results\research\p1_r8_shadow_composite_tradeoff_20260819\stress_cache\fake_299__combined_medium.png	filtered_fake	0.944552	1
C:\My_Project\AIGC\results\research\p1_r8_shadow_composite_tradeoff_20260819\stress_cache\fake_299__combined_heavy.png	filtered_fake	0.947269	1
C:\My_Project\AIGC\results\research\p1_r8_shadow_composite_tradeoff_20260819\stress_cache\fake_299__eye_enlarging.png	filtered_fake	0.052762	0
C:\My_Project\AIGC\results\research\p1_r8_shadow_composite_tradeoff_20260819\stress_cache\fake_299__face_reshaping.png	filtered_fake	0.161104	0
C:\My_Project\AIGC\results\research\p1_r8_shadow_composite_tradeoff_20260819\stress_cache\fake_30__smoothing_light.png	filtered_fake	0.938959	1
C:\My_Project\AIGC\results\research\p1_r8_shadow_composite_tradeoff_20260819\stress_cache\fake_30__smoothing_medium.png	filtered_fake	0.943339	1
C:\My_Project\AIGC\results\research\p1_r8_shadow_composite_tradeoff_20260819\stress_cache\fake_30__smoothing_heavy.png	filtered_fake	0.943949	1
C:\My_Project\AIGC\results\research\p1_r8_shadow_composite_tradeoff_20260819\stress_cache\fake_30__whitening_medium.png	filtered_fake	0.870640	1
C:\My_Project\AIGC\results\research\p1_r8_shadow_composite_tradeoff_20260819\stress_cache\fake_30__combined_medium.png	filtered_fake	0.940214	1
C:\My_Project\AIGC\results\research\p1_r8_shadow_composite_tradeoff_20260819\stress_cache\fake_30__combined_heavy.png	filtered_fake	0.939154	1
C:\My_Project\AIGC\results\research\p1_r8_shadow_composite_tradeoff_20260819\stress_cache\fake_30__eye_enlarging.png	filtered_fake	0.890450	1
C:\My_Project\AIGC\results\research\p1_r8_shadow_composite_tradeoff_20260819\stress_cache\fake_30__face_reshaping.png	filtered_fake	0.852008	1
C:\My_Project\AIGC\results\research\p1_r8_shadow_composite_tradeoff_20260819\stress_cache\fake_300__smoothing_light.png	filtered_fake	0.933654	1
C:\My_Project\AIGC\results\research\p1_r8_shadow_composite_tradeoff_20260819\stress_cache\fake_300__smoothing_medium.png	filtered_fake	0.934360	1
C:\My_Project\AIGC\results\research\p1_r8_shadow_composite_tradeoff_20260819\stress_cache\fake_300__smoothing_heavy.png	filtered_fake	0.931663	1
C:\My_Project\AIGC\results\research\p1_r8_shadow_composite_tradeoff_20260819\stress_cache\fake_300__whitening_medium.png	filtered_fake	0.934112	1
C:\My_Project\AIGC\results\research\p1_r8_shadow_composite_tradeoff_20260819\stress_cache\fake_300__combined_medium.png	filtered_fake	0.938479	1
C:\My_Project\AIGC\results\research\p1_r8_shadow_composite_tradeoff_20260819\stress_cache\fake_300__combined_heavy.png	filtered_fake	0.941195	1
C:\My_Project\AIGC\results\research\p1_r8_shadow_composite_tradeoff_20260819\stress_cache\fake_300__eye_enlarging.png	filtered_fake	0.946430	1
C:\My_Project\AIGC\results\research\p1_r8_shadow_composite_tradeoff_20260819\stress_cache\fake_300__face_reshaping.png	filtered_fake	0.950758	1
C:\My_Project\AIGC\results\research\p1_r8_shadow_composite_tradeoff_20260819\stress_cache\fake_301__smoothing_light.png	filtered_fake	0.929648	1
C:\My_Project\AIGC\results\research\p1_r8_shadow_composite_tradeoff_20260819\stress_cache\fake_301__smoothing_medium.png	filtered_fake	0.946563	1
C:\My_Project\AIGC\results\research\p1_r8_shadow_composite_tradeoff_20260819\stress_cache\fake_301__smoothing_heavy.png	filtered_fake	0.948518	1
C:\My_Project\AIGC\results\research\p1_r8_shadow_composite_tradeoff_20260819\stress_cache\fake_301__whitening_medium.png	filtered_fake	0.955732	1
C:\My_Project\AIGC\results\research\p1_r8_shadow_composite_tradeoff_20260819\stress_cache\fake_301__combined_medium.png	filtered_fake	0.948855	1
C:\My_Project\AIGC\results\research\p1_r8_shadow_composite_tradeoff_20260819\stress_cache\fake_301__combined_heavy.png	filtered_fake	0.949743	1
C:\My_Project\AIGC\results\research\p1_r8_shadow_composite_tradeoff_20260819\stress_cache\fake_301__eye_enlarging.png	filtered_fake	0.942888	1
C:\My_Project\AIGC\results\research\p1_r8_shadow_composite_tradeoff_20260819\stress_cache\fake_301__face_reshaping.png	filtered_fake	0.935929	1
C:\My_Project\AIGC\results\research\p1_r8_shadow_composite_tradeoff_20260819\stress_cache\fake_302__smoothing_light.png	filtered_fake	0.943024	1
C:\My_Project\AIGC\results\research\p1_r8_shadow_composite_tradeoff_20260819\stress_cache\fake_302__smoothing_medium.png	filtered_fake	0.948255	1
C:\My_Project\AIGC\results\research\p1_r8_shadow_composite_tradeoff_20260819\stress_cache\fake_302__smoothing_heavy.png	filtered_fake	0.949347	1
C:\My_Project\AIGC\results\research\p1_r8_shadow_composite_tradeoff_20260819\stress_cache\fake_302__whitening_medium.png	filtered_fake	0.938230	1
C:\My_Project\AIGC\results\research\p1_r8_shadow_composite_tradeoff_20260819\stress_cache\fake_302__combined_medium.png	filtered_fake	0.947858	1
C:\My_Project\AIGC\results\research\p1_r8_shadow_composite_tradeoff_20260819\stress_cache\fake_302__combined_heavy.png	filtered_fake	0.948498	1
C:\My_Project\AIGC\results\research\p1_r8_shadow_composite_tradeoff_20260819\stress_cache\fake_302__eye_enlarging.png	filtered_fake	0.928023	1
C:\My_Project\AIGC\results\research\p1_r8_shadow_composite_tradeoff_20260819\stress_cache\fake_302__face_reshaping.png	filtered_fake	0.937301	1
C:\My_Project\AIGC\results\research\p1_r8_shadow_composite_tradeoff_20260819\stress_cache\fake_303__smoothing_light.png	filtered_fake	0.948334	1
C:\My_Project\AIGC\results\research\p1_r8_shadow_composite_tradeoff_20260819\stress_cache\fake_303__smoothing_medium.png	filtered_fake	0.949844	1
C:\My_Project\AIGC\results\research\p1_r8_shadow_composite_tradeoff_20260819\stress_cache\fake_303__smoothing_heavy.png	filtered_fake	0.951052	1
C:\My_Project\AIGC\results\research\p1_r8_shadow_composite_tradeoff_20260819\stress_cache\fake_303__whitening_medium.png	filtered_fake	0.919373	1
C:\My_Project\AIGC\results\research\p1_r8_shadow_composite_tradeoff_20260819\stress_cache\fake_303__combined_medium.png	filtered_fake	0.950775	1
C:\My_Project\AIGC\results\research\p1_r8_shadow_composite_tradeoff_20260819\stress_cache\fake_303__combined_heavy.png	filtered_fake	0.948290	1
C:\My_Project\AIGC\results\research\p1_r8_shadow_composite_tradeoff_20260819\stress_cache\fake_303__eye_enlarging.png	filtered_fake	0.877131	1
C:\My_Project\AIGC\results\research\p1_r8_shadow_composite_tradeoff_20260819\stress_cache\fake_303__face_reshaping.png	filtered_fake	0.918445	1
C:\My_Project\AIGC\results\research\p1_r8_shadow_composite_tradeoff_20260819\stress_cache\fake_304__smoothing_light.png	filtered_fake	0.943787	1
C:\My_Project\AIGC\results\research\p1_r8_shadow_composite_tradeoff_20260819\stress_cache\fake_304__smoothing_medium.png	filtered_fake	0.952146	1
C:\My_Project\AIGC\results\research\p1_r8_shadow_composite_tradeoff_20260819\stress_cache\fake_304__smoothing_heavy.png	filtered_fake	0.946339	1
C:\My_Project\AIGC\results\research\p1_r8_shadow_composite_tradeoff_20260819\stress_cache\fake_304__whitening_medium.png	filtered_fake	0.948325	1
C:\My_Project\AIGC\results\research\p1_r8_shadow_composite_tradeoff_20260819\stress_cache\fake_304__combined_medium.png	filtered_fake	0.951325	1
C:\My_Project\AIGC\results\research\p1_r8_shadow_composite_tradeoff_20260819\stress_cache\fake_304__combined_heavy.png	filtered_fake	0.947542	1
C:\My_Project\AIGC\results\research\p1_r8_shadow_composite_tradeoff_20260819\stress_cache\fake_304__eye_enlarging.png	filtered_fake	0.954275	1
C:\My_Project\AIGC\results\research\p1_r8_shadow_composite_tradeoff_20260819\stress_cache\fake_304__face_reshaping.png	filtered_fake	0.925267	1
C:\My_Project\AIGC\results\research\p1_r8_shadow_composite_tradeoff_20260819\stress_cache\fake_305__smoothing_light.png	filtered_fake	0.736480	1
C:\My_Project\AIGC\results\research\p1_r8_shadow_composite_tradeoff_20260819\stress_cache\fake_305__smoothing_medium.png	filtered_fake	0.918678	1
C:\My_Project\AIGC\results\research\p1_r8_shadow_composite_tradeoff_20260819\stress_cache\fake_305__smoothing_heavy.png	filtered_fake	0.920397	1
C:\My_Project\AIGC\results\research\p1_r8_shadow_composite_tradeoff_20260819\stress_cache\fake_305__whitening_medium.png	filtered_fake	0.180596	0
C:\My_Project\AIGC\results\research\p1_r8_shadow_composite_tradeoff_20260819\stress_cache\fake_305__combined_medium.png	filtered_fake	0.917656	1
C:\My_Project\AIGC\results\research\p1_r8_shadow_composite_tradeoff_20260819\stress_cache\fake_305__combined_heavy.png	filtered_fake	0.929415	1
C:\My_Project\AIGC\results\research\p1_r8_shadow_composite_tradeoff_20260819\stress_cache\fake_305__eye_enlarging.png	filtered_fake	0.061255	0
C:\My_Project\AIGC\results\research\p1_r8_shadow_composite_tradeoff_20260819\stress_cache\fake_305__face_reshaping.png	filtered_fake	0.520424	1
C:\My_Project\AIGC\results\research\p1_r8_shadow_composite_tradeoff_20260819\stress_cache\fake_306__smoothing_light.png	filtered_fake	0.359773	0
C:\My_Project\AIGC\results\research\p1_r8_shadow_composite_tradeoff_20260819\stress_cache\fake_306__smoothing_medium.png	filtered_fake	0.897085	1
C:\My_Project\AIGC\results\research\p1_r8_shadow_composite_tradeoff_20260819\stress_cache\fake_306__smoothing_heavy.png	filtered_fake	0.869777	1
C:\My_Project\AIGC\results\research\p1_r8_shadow_composite_tradeoff_20260819\stress_cache\fake_306__whitening_medium.png	filtered_fake	0.109254	0
C:\My_Project\AIGC\results\research\p1_r8_shadow_composite_tradeoff_20260819\stress_cache\fake_306__combined_medium.png	filtered_fake	0.911868	1
C:\My_Project\AIGC\results\research\p1_r8_shadow_composite_tradeoff_20260819\stress_cache\fake_306__combined_heavy.png	filtered_fake	0.918491	1
C:\My_Project\AIGC\results\research\p1_r8_shadow_composite_tradeoff_20260819\stress_cache\fake_306__eye_enlarging.png	filtered_fake	0.074669	0
C:\My_Project\AIGC\results\research\p1_r8_shadow_composite_tradeoff_20260819\stress_cache\fake_306__face_reshaping.png	filtered_fake	0.570393	1
C:\My_Project\AIGC\results\research\p1_r8_shadow_composite_tradeoff_20260819\stress_cache\fake_307__smoothing_light.png	filtered_fake	0.942427	1
C:\My_Project\AIGC\results\research\p1_r8_shadow_composite_tradeoff_20260819\stress_cache\fake_307__smoothing_medium.png	filtered_fake	0.949624	1
C:\My_Project\AIGC\results\research\p1_r8_shadow_composite_tradeoff_20260819\stress_cache\fake_307__smoothing_heavy.png	filtered_fake	0.950678	1
C:\My_Project\AIGC\results\research\p1_r8_shadow_composite_tradeoff_20260819\stress_cache\fake_307__whitening_medium.png	filtered_fake	0.932398	1
C:\My_Project\AIGC\results\research\p1_r8_shadow_composite_tradeoff_20260819\stress_cache\fake_307__combined_medium.png	filtered_fake	0.947789	1
C:\My_Project\AIGC\results\research\p1_r8_shadow_composite_tradeoff_20260819\stress_cache\fake_307__combined_heavy.png	filtered_fake	0.953278	1
C:\My_Project\AIGC\results\research\p1_r8_shadow_composite_tradeoff_20260819\stress_cache\fake_307__eye_enlarging.png	filtered_fake	0.953452	1
C:\My_Project\AIGC\results\research\p1_r8_shadow_composite_tradeoff_20260819\stress_cache\fake_307__face_reshaping.png	filtered_fake	0.958002	1
C:\My_Project\AIGC\results\research\p1_r8_shadow_composite_tradeoff_20260819\stress_cache\fake_308__smoothing_light.png	filtered_fake	0.942937	1
C:\My_Project\AIGC\results\research\p1_r8_shadow_composite_tradeoff_20260819\stress_cache\fake_308__smoothing_medium.png	filtered_fake	0.949570	1
C:\My_Project\AIGC\results\research\p1_r8_shadow_composite_tradeoff_20260819\stress_cache\fake_308__smoothing_heavy.png	filtered_fake	0.954447	1
C:\My_Project\AIGC\results\research\p1_r8_shadow_composite_tradeoff_20260819\stress_cache\fake_308__whitening_medium.png	filtered_fake	0.932510	1
C:\My_Project\AIGC\results\research\p1_r8_shadow_composite_tradeoff_20260819\stress_cache\fake_308__combined_medium.png	filtered_fake	0.952048	1
C:\My_Project\AIGC\results\research\p1_r8_shadow_composite_tradeoff_20260819\stress_cache\fake_308__combined_heavy.png	filtered_fake	0.953560	1
C:\My_Project\AIGC\results\research\p1_r8_shadow_composite_tradeoff_20260819\stress_cache\fake_308__eye_enlarging.png	filtered_fake	0.936022	1
C:\My_Project\AIGC\results\research\p1_r8_shadow_composite_tradeoff_20260819\stress_cache\fake_308__face_reshaping.png	filtered_fake	0.932792	1
C:\My_Project\AIGC\results\research\p1_r8_shadow_composite_tradeoff_20260819\stress_cache\fake_309__smoothing_light.png	filtered_fake	0.945943	1
C:\My_Project\AIGC\results\research\p1_r8_shadow_composite_tradeoff_20260819\stress_cache\fake_309__smoothing_medium.png	filtered_fake	0.946220	1
C:\My_Project\AIGC\results\research\p1_r8_shadow_composite_tradeoff_20260819\stress_cache\fake_309__smoothing_heavy.png	filtered_fake	0.946975	1
C:\My_Project\AIGC\results\research\p1_r8_shadow_composite_tradeoff_20260819\stress_cache\fake_309__whitening_medium.png	filtered_fake	0.928405	1
C:\My_Project\AIGC\results\research\p1_r8_shadow_composite_tradeoff_20260819\stress_cache\fake_309__combined_medium.png	filtered_fake	0.941997	1
C:\My_Project\AIGC\results\research\p1_r8_shadow_composite_tradeoff_20260819\stress_cache\fake_309__combined_heavy.png	filtered_fake	0.942961	1
C:\My_Project\AIGC\results\research\p1_r8_shadow_composite_tradeoff_20260819\stress_cache\fake_309__eye_enlarging.png	filtered_fake	0.920845	1
C:\My_Project\AIGC\results\research\p1_r8_shadow_composite_tradeoff_20260819\stress_cache\fake_309__face_reshaping.png	filtered_fake	0.953726	1
C:\My_Project\AIGC\results\research\p1_r8_shadow_composite_tradeoff_20260819\stress_cache\fake_31__smoothing_light.png	filtered_fake	0.942550	1
C:\My_Project\AIGC\results\research\p1_r8_shadow_composite_tradeoff_20260819\stress_cache\fake_31__smoothing_medium.png	filtered_fake	0.949805	1
C:\My_Project\AIGC\results\research\p1_r8_shadow_composite_tradeoff_20260819\stress_cache\fake_31__smoothing_heavy.png	filtered_fake	0.952445	1
C:\My_Project\AIGC\results\research\p1_r8_shadow_composite_tradeoff_20260819\stress_cache\fake_31__whitening_medium.png	filtered_fake	0.937840	1
C:\My_Project\AIGC\results\research\p1_r8_shadow_composite_tradeoff_20260819\stress_cache\fake_31__combined_medium.png	filtered_fake	0.952831	1
C:\My_Project\AIGC\results\research\p1_r8_shadow_composite_tradeoff_20260819\stress_cache\fake_31__combined_heavy.png	filtered_fake	0.956557	1
C:\My_Project\AIGC\results\research\p1_r8_shadow_composite_tradeoff_20260819\stress_cache\fake_31__eye_enlarging.png	filtered_fake	0.950037	1
C:\My_Project\AIGC\results\research\p1_r8_shadow_composite_tradeoff_20260819\stress_cache\fake_31__face_reshaping.png	filtered_fake	0.943592	1
C:\My_Project\AIGC\results\research\p1_r8_shadow_composite_tradeoff_20260819\stress_cache\fake_310__smoothing_light.png	filtered_fake	0.934016	1
C:\My_Project\AIGC\results\research\p1_r8_shadow_composite_tradeoff_20260819\stress_cache\fake_310__smoothing_medium.png	filtered_fake	0.940818	1
C:\My_Project\AIGC\results\research\p1_r8_shadow_composite_tradeoff_20260819\stress_cache\fake_310__smoothing_heavy.png	filtered_fake	0.940771	1
C:\My_Project\AIGC\results\research\p1_r8_shadow_composite_tradeoff_20260819\stress_cache\fake_310__whitening_medium.png	filtered_fake	0.775401	1
C:\My_Project\AIGC\results\research\p1_r8_shadow_composite_tradeoff_20260819\stress_cache\fake_310__combined_medium.png	filtered_fake	0.939388	1
C:\My_Project\AIGC\results\research\p1_r8_shadow_composite_tradeoff_20260819\stress_cache\fake_310__combined_heavy.png	filtered_fake	0.938940	1
C:\My_Project\AIGC\results\research\p1_r8_shadow_composite_tradeoff_20260819\stress_cache\fake_310__eye_enlarging.png	filtered_fake	0.866175	1
C:\My_Project\AIGC\results\research\p1_r8_shadow_composite_tradeoff_20260819\stress_cache\fake_310__face_reshaping.png	filtered_fake	0.947377	1
C:\My_Project\AIGC\results\research\p1_r8_shadow_composite_tradeoff_20260819\stress_cache\fake_311__smoothing_light.png	filtered_fake	0.937641	1
C:\My_Project\AIGC\results\research\p1_r8_shadow_composite_tradeoff_20260819\stress_cache\fake_311__smoothing_medium.png	filtered_fake	0.942789	1
C:\My_Project\AIGC\results\research\p1_r8_shadow_composite_tradeoff_20260819\stress_cache\fake_311__smoothing_heavy.png	filtered_fake	0.937607	1
C:\My_Project\AIGC\results\research\p1_r8_shadow_composite_tradeoff_20260819\stress_cache\fake_311__whitening_medium.png	filtered_fake	0.222256	0
C:\My_Project\AIGC\results\research\p1_r8_shadow_composite_tradeoff_20260819\stress_cache\fake_311__combined_medium.png	filtered_fake	0.943984	1
C:\My_Project\AIGC\results\research\p1_r8_shadow_composite_tradeoff_20260819\stress_cache\fake_311__combined_heavy.png	filtered_fake	0.944339	1
C:\My_Project\AIGC\results\research\p1_r8_shadow_composite_tradeoff_20260819\stress_cache\fake_311__eye_enlarging.png	filtered_fake	0.513219	1
C:\My_Project\AIGC\results\research\p1_r8_shadow_composite_tradeoff_20260819\stress_cache\fake_311__face_reshaping.png	filtered_fake	0.860226	1
C:\My_Project\AIGC\results\research\p1_r8_shadow_composite_tradeoff_20260819\stress_cache\fake_312__smoothing_light.png	filtered_fake	0.773015	1
C:\My_Project\AIGC\results\research\p1_r8_shadow_composite_tradeoff_20260819\stress_cache\fake_312__smoothing_medium.png	filtered_fake	0.942939	1
C:\My_Project\AIGC\results\research\p1_r8_shadow_composite_tradeoff_20260819\stress_cache\fake_312__smoothing_heavy.png	filtered_fake	0.937710	1
C:\My_Project\AIGC\results\research\p1_r8_shadow_composite_tradeoff_20260819\stress_cache\fake_312__whitening_medium.png	filtered_fake	0.046472	0
C:\My_Project\AIGC\results\research\p1_r8_shadow_composite_tradeoff_20260819\stress_cache\fake_312__combined_medium.png	filtered_fake	0.942910	1
C:\My_Project\AIGC\results\research\p1_r8_shadow_composite_tradeoff_20260819\stress_cache\fake_312__combined_heavy.png	filtered_fake	0.939674	1
C:\My_Project\AIGC\results\research\p1_r8_shadow_composite_tradeoff_20260819\stress_cache\fake_312__eye_enlarging.png	filtered_fake	0.046841	0
C:\My_Project\AIGC\results\research\p1_r8_shadow_composite_tradeoff_20260819\stress_cache\fake_312__face_reshaping.png	filtered_fake	0.051446	0
C:\My_Project\AIGC\results\research\p1_r8_shadow_composite_tradeoff_20260819\stress_cache\fake_313__smoothing_light.png	filtered_fake	0.932924	1
C:\My_Project\AIGC\results\research\p1_r8_shadow_composite_tradeoff_20260819\stress_cache\fake_313__smoothing_medium.png	filtered_fake	0.942292	1
C:\My_Project\AIGC\results\research\p1_r8_shadow_composite_tradeoff_20260819\stress_cache\fake_313__smoothing_heavy.png	filtered_fake	0.938971	1
C:\My_Project\AIGC\results\research\p1_r8_shadow_composite_tradeoff_20260819\stress_cache\fake_313__whitening_medium.png	filtered_fake	0.943712	1
C:\My_Project\AIGC\results\research\p1_r8_shadow_composite_tradeoff_20260819\stress_cache\fake_313__combined_medium.png	filtered_fake	0.940705	1
C:\My_Project\AIGC\results\research\p1_r8_shadow_composite_tradeoff_20260819\stress_cache\fake_313__combined_heavy.png	filtered_fake	0.943395	1
C:\My_Project\AIGC\results\research\p1_r8_shadow_composite_tradeoff_20260819\stress_cache\fake_313__eye_enlarging.png	filtered_fake	0.931299	1
C:\My_Project\AIGC\results\research\p1_r8_shadow_composite_tradeoff_20260819\stress_cache\fake_313__face_reshaping.png	filtered_fake	0.940082	1
C:\My_Project\AIGC\results\research\p1_r8_shadow_composite_tradeoff_20260819\stress_cache\fake_314__smoothing_light.png	filtered_fake	0.881147	1
C:\My_Project\AIGC\results\research\p1_r8_shadow_composite_tradeoff_20260819\stress_cache\fake_314__smoothing_medium.png	filtered_fake	0.928979	1
C:\My_Project\AIGC\results\research\p1_r8_shadow_composite_tradeoff_20260819\stress_cache\fake_314__smoothing_heavy.png	filtered_fake	0.856114	1
C:\My_Project\AIGC\results\research\p1_r8_shadow_composite_tradeoff_20260819\stress_cache\fake_314__whitening_medium.png	filtered_fake	0.042672	0
C:\My_Project\AIGC\results\research\p1_r8_shadow_composite_tradeoff_20260819\stress_cache\fake_314__combined_medium.png	filtered_fake	0.938679	1
C:\My_Project\AIGC\results\research\p1_r8_shadow_composite_tradeoff_20260819\stress_cache\fake_314__combined_heavy.png	filtered_fake	0.931979	1
C:\My_Project\AIGC\results\research\p1_r8_shadow_composite_tradeoff_20260819\stress_cache\fake_314__eye_enlarging.png	filtered_fake	0.043739	0
C:\My_Project\AIGC\results\research\p1_r8_shadow_composite_tradeoff_20260819\stress_cache\fake_314__face_reshaping.png	filtered_fake	0.099381	0
C:\My_Project\AIGC\results\research\p1_r8_shadow_composite_tradeoff_20260819\stress_cache\fake_315__smoothing_light.png	filtered_fake	0.864592	1
C:\My_Project\AIGC\results\research\p1_r8_shadow_composite_tradeoff_20260819\stress_cache\fake_315__smoothing_medium.png	filtered_fake	0.927948	1
C:\My_Project\AIGC\results\research\p1_r8_shadow_composite_tradeoff_20260819\stress_cache\fake_315__smoothing_heavy.png	filtered_fake	0.910559	1
C:\My_Project\AIGC\results\research\p1_r8_shadow_composite_tradeoff_20260819\stress_cache\fake_315__whitening_medium.png	filtered_fake	0.342472	0
C:\My_Project\AIGC\results\research\p1_r8_shadow_composite_tradeoff_20260819\stress_cache\fake_315__combined_medium.png	filtered_fake	0.923026	1
C:\My_Project\AIGC\results\research\p1_r8_shadow_composite_tradeoff_20260819\stress_cache\fake_315__combined_heavy.png	filtered_fake	0.911390	1
C:\My_Project\AIGC\results\research\p1_r8_shadow_composite_tradeoff_20260819\stress_cache\fake_315__eye_enlarging.png	filtered_fake	0.360575	0
C:\My_Project\AIGC\results\research\p1_r8_shadow_composite_tradeoff_20260819\stress_cache\fake_315__face_reshaping.png	filtered_fake	0.573396	1
C:\My_Project\AIGC\results\research\p1_r8_shadow_composite_tradeoff_20260819\stress_cache\fake_316__smoothing_light.png	filtered_fake	0.933753	1
C:\My_Project\AIGC\results\research\p1_r8_shadow_composite_tradeoff_20260819\stress_cache\fake_316__smoothing_medium.png	filtered_fake	0.933047	1
C:\My_Project\AIGC\results\research\p1_r8_shadow_composite_tradeoff_20260819\stress_cache\fake_316__smoothing_heavy.png	filtered_fake	0.935385	1
C:\My_Project\AIGC\results\research\p1_r8_shadow_composite_tradeoff_20260819\stress_cache\fake_316__whitening_medium.png	filtered_fake	0.245931	0
C:\My_Project\AIGC\results\research\p1_r8_shadow_composite_tradeoff_20260819\stress_cache\fake_316__combined_medium.png	filtered_fake	0.941618	1
C:\My_Project\AIGC\results\research\p1_r8_shadow_composite_tradeoff_20260819\stress_cache\fake_316__combined_heavy.png	filtered_fake	0.938170	1
C:\My_Project\AIGC\results\research\p1_r8_shadow_composite_tradeoff_20260819\stress_cache\fake_316__eye_enlarging.png	filtered_fake	0.342365	0
C:\My_Project\AIGC\results\research\p1_r8_shadow_composite_tradeoff_20260819\stress_cache\fake_316__face_reshaping.png	filtered_fake	0.281072	0
C:\My_Project\AIGC\results\research\p1_r8_shadow_composite_tradeoff_20260819\stress_cache\fake_317__smoothing_light.png	filtered_fake	0.939269	1
C:\My_Project\AIGC\results\research\p1_r8_shadow_composite_tradeoff_20260819\stress_cache\fake_317__smoothing_medium.png	filtered_fake	0.946172	1
C:\My_Project\AIGC\results\research\p1_r8_shadow_composite_tradeoff_20260819\stress_cache\fake_317__smoothing_heavy.png	filtered_fake	0.948374	1
C:\My_Project\AIGC\results\research\p1_r8_shadow_composite_tradeoff_20260819\stress_cache\fake_317__whitening_medium.png	filtered_fake	0.579501	1
C:\My_Project\AIGC\results\research\p1_r8_shadow_composite_tradeoff_20260819\stress_cache\fake_317__combined_medium.png	filtered_fake	0.950664	1
C:\My_Project\AIGC\results\research\p1_r8_shadow_composite_tradeoff_20260819\stress_cache\fake_317__combined_heavy.png	filtered_fake	0.951840	1
C:\My_Project\AIGC\results\research\p1_r8_shadow_composite_tradeoff_20260819\stress_cache\fake_317__eye_enlarging.png	filtered_fake	0.489658	1
C:\My_Project\AIGC\results\research\p1_r8_shadow_composite_tradeoff_20260819\stress_cache\fake_317__face_reshaping.png	filtered_fake	0.099736	2
C:\My_Project\AIGC\results\research\p1_r8_shadow_composite_tradeoff_20260819\stress_cache\fake_318__smoothing_light.png	filtered_fake	0.920340	1
C:\My_Project\AIGC\results\research\p1_r8_shadow_composite_tradeoff_20260819\stress_cache\fake_318__smoothing_medium.png	filtered_fake	0.939515	1
C:\My_Project\AIGC\results\research\p1_r8_shadow_composite_tradeoff_20260819\stress_cache\fake_318__smoothing_heavy.png	filtered_fake	0.934083	1
C:\My_Project\AIGC\results\research\p1_r8_shadow_composite_tradeoff_20260819\stress_cache\fake_318__whitening_medium.png	filtered_fake	0.908455	1
C:\My_Project\AIGC\results\research\p1_r8_shadow_composite_tradeoff_20260819\stress_cache\fake_318__combined_medium.png	filtered_fake	0.937633	1
C:\My_Project\AIGC\results\research\p1_r8_shadow_composite_tradeoff_20260819\stress_cache\fake_318__combined_heavy.png	filtered_fake	0.936179	1
C:\My_Project\AIGC\results\research\p1_r8_shadow_composite_tradeoff_20260819\stress_cache\fake_318__eye_enlarging.png	filtered_fake	0.895221	1
C:\My_Project\AIGC\results\research\p1_r8_shadow_composite_tradeoff_20260819\stress_cache\fake_318__face_reshaping.png	filtered_fake	0.889742	1
C:\My_Project\AIGC\results\research\p1_r8_shadow_composite_tradeoff_20260819\stress_cache\fake_319__smoothing_light.png	filtered_fake	0.758966	1
C:\My_Project\AIGC\results\research\p1_r8_shadow_composite_tradeoff_20260819\stress_cache\fake_319__smoothing_medium.png	filtered_fake	0.925527	1
C:\My_Project\AIGC\results\research\p1_r8_shadow_composite_tradeoff_20260819\stress_cache\fake_319__smoothing_heavy.png	filtered_fake	0.927211	1
C:\My_Project\AIGC\results\research\p1_r8_shadow_composite_tradeoff_20260819\stress_cache\fake_319__whitening_medium.png	filtered_fake	0.072680	0
C:\My_Project\AIGC\results\research\p1_r8_shadow_composite_tradeoff_20260819\stress_cache\fake_319__combined_medium.png	filtered_fake	0.939281	1
C:\My_Project\AIGC\results\research\p1_r8_shadow_composite_tradeoff_20260819\stress_cache\fake_319__combined_heavy.png	filtered_fake	0.944532	1
C:\My_Project\AIGC\results\research\p1_r8_shadow_composite_tradeoff_20260819\stress_cache\fake_319__eye_enlarging.png	filtered_fake	0.394178	0
C:\My_Project\AIGC\results\research\p1_r8_shadow_composite_tradeoff_20260819\stress_cache\fake_319__face_reshaping.png	filtered_fake	0.439191	0
C:\My_Project\AIGC\results\research\p1_r8_shadow_composite_tradeoff_20260819\stress_cache\fake_32__smoothing_light.png	filtered_fake	0.951543	1
C:\My_Project\AIGC\results\research\p1_r8_shadow_composite_tradeoff_20260819\stress_cache\fake_32__smoothing_medium.png	filtered_fake	0.943933	1
C:\My_Project\AIGC\results\research\p1_r8_shadow_composite_tradeoff_20260819\stress_cache\fake_32__smoothing_heavy.png	filtered_fake	0.945126	1
C:\My_Project\AIGC\results\research\p1_r8_shadow_composite_tradeoff_20260819\stress_cache\fake_32__whitening_medium.png	filtered_fake	0.942222	1
C:\My_Project\AIGC\results\research\p1_r8_shadow_composite_tradeoff_20260819\stress_cache\fake_32__combined_medium.png	filtered_fake	0.947035	1
C:\My_Project\AIGC\results\research\p1_r8_shadow_composite_tradeoff_20260819\stress_cache\fake_32__combined_heavy.png	filtered_fake	0.948072	1
C:\My_Project\AIGC\results\research\p1_r8_shadow_composite_tradeoff_20260819\stress_cache\fake_32__eye_enlarging.png	filtered_fake	0.952259	1
C:\My_Project\AIGC\results\research\p1_r8_shadow_composite_tradeoff_20260819\stress_cache\fake_32__face_reshaping.png	filtered_fake	0.951759	1
C:\My_Project\AIGC\results\research\p1_r8_shadow_composite_tradeoff_20260819\stress_cache\fake_423__smoothing_light.png	filtered_fake	0.938869	1
C:\My_Project\AIGC\results\research\p1_r8_shadow_composite_tradeoff_20260819\stress_cache\fake_423__smoothing_medium.png	filtered_fake	0.940601	1
C:\My_Project\AIGC\results\research\p1_r8_shadow_composite_tradeoff_20260819\stress_cache\fake_423__smoothing_heavy.png	filtered_fake	0.941710	1
C:\My_Project\AIGC\results\research\p1_r8_shadow_composite_tradeoff_20260819\stress_cache\fake_423__whitening_medium.png	filtered_fake	0.938664	1
C:\My_Project\AIGC\results\research\p1_r8_shadow_composite_tradeoff_20260819\stress_cache\fake_423__combined_medium.png	filtered_fake	0.938145	1
C:\My_Project\AIGC\results\research\p1_r8_shadow_composite_tradeoff_20260819\stress_cache\fake_423__combined_heavy.png	filtered_fake	0.939721	1
C:\My_Project\AIGC\results\research\p1_r8_shadow_composite_tradeoff_20260819\stress_cache\fake_423__eye_enlarging.png	filtered_fake	0.927347	1
C:\My_Project\AIGC\results\research\p1_r8_shadow_composite_tradeoff_20260819\stress_cache\fake_423__face_reshaping.png	filtered_fake	0.940364	1
C:\My_Project\AIGC\results\research\p1_r8_shadow_composite_tradeoff_20260819\stress_cache\fake_424__smoothing_light.png	filtered_fake	0.932737	1
C:\My_Project\AIGC\results\research\p1_r8_shadow_composite_tradeoff_20260819\stress_cache\fake_424__smoothing_medium.png	filtered_fake	0.938879	1
C:\My_Project\AIGC\results\research\p1_r8_shadow_composite_tradeoff_20260819\stress_cache\fake_424__smoothing_heavy.png	filtered_fake	0.932239	1
C:\My_Project\AIGC\results\research\p1_r8_shadow_composite_tradeoff_20260819\stress_cache\fake_424__whitening_medium.png	filtered_fake	0.909855	1
C:\My_Project\AIGC\results\research\p1_r8_shadow_composite_tradeoff_20260819\stress_cache\fake_424__combined_medium.png	filtered_fake	0.937220	1
C:\My_Project\AIGC\results\research\p1_r8_shadow_composite_tradeoff_20260819\stress_cache\fake_424__combined_heavy.png	filtered_fake	0.927606	1
C:\My_Project\AIGC\results\research\p1_r8_shadow_composite_tradeoff_20260819\stress_cache\fake_424__eye_enlarging.png	filtered_fake	0.919498	1
C:\My_Project\AIGC\results\research\p1_r8_shadow_composite_tradeoff_20260819\stress_cache\fake_424__face_reshaping.png	filtered_fake	0.917866	1
C:\My_Project\AIGC\results\research\p1_r8_shadow_composite_tradeoff_20260819\stress_cache\fake_425__smoothing_light.png	filtered_fake	0.937878	1
C:\My_Project\AIGC\results\research\p1_r8_shadow_composite_tradeoff_20260819\stress_cache\fake_425__smoothing_medium.png	filtered_fake	0.947067	1
C:\My_Project\AIGC\results\research\p1_r8_shadow_composite_tradeoff_20260819\stress_cache\fake_425__smoothing_heavy.png	filtered_fake	0.946595	1
C:\My_Project\AIGC\results\research\p1_r8_shadow_composite_tradeoff_20260819\stress_cache\fake_425__whitening_medium.png	filtered_fake	0.946443	1
C:\My_Project\AIGC\results\research\p1_r8_shadow_composite_tradeoff_20260819\stress_cache\fake_425__combined_medium.png	filtered_fake	0.946135	1
C:\My_Project\AIGC\results\research\p1_r8_shadow_composite_tradeoff_20260819\stress_cache\fake_425__combined_heavy.png	filtered_fake	0.947259	1
C:\My_Project\AIGC\results\research\p1_r8_shadow_composite_tradeoff_20260819\stress_cache\fake_425__eye_enlarging.png	filtered_fake	0.940327	1
C:\My_Project\AIGC\results\research\p1_r8_shadow_composite_tradeoff_20260819\stress_cache\fake_425__face_reshaping.png	filtered_fake	0.943621	1
C:\My_Project\AIGC\results\research\p1_r8_shadow_composite_tradeoff_20260819\stress_cache\fake_426__smoothing_light.png	filtered_fake	0.938048	1
C:\My_Project\AIGC\results\research\p1_r8_shadow_composite_tradeoff_20260819\stress_cache\fake_426__smoothing_medium.png	filtered_fake	0.939171	1
C:\My_Project\AIGC\results\research\p1_r8_shadow_composite_tradeoff_20260819\stress_cache\fake_426__smoothing_heavy.png	filtered_fake	0.943009	1
C:\My_Project\AIGC\results\research\p1_r8_shadow_composite_tradeoff_20260819\stress_cache\fake_426__whitening_medium.png	filtered_fake	0.933605	1
C:\My_Project\AIGC\results\research\p1_r8_shadow_composite_tradeoff_20260819\stress_cache\fake_426__combined_medium.png	filtered_fake	0.941892	1
C:\My_Project\AIGC\results\research\p1_r8_shadow_composite_tradeoff_20260819\stress_cache\fake_426__combined_heavy.png	filtered_fake	0.944431	1
C:\My_Project\AIGC\results\research\p1_r8_shadow_composite_tradeoff_20260819\stress_cache\fake_426__eye_enlarging.png	filtered_fake	0.939265	1
C:\My_Project\AIGC\results\research\p1_r8_shadow_composite_tradeoff_20260819\stress_cache\fake_426__face_reshaping.png	filtered_fake	0.932795	1
C:\My_Project\AIGC\results\research\p1_r8_shadow_composite_tradeoff_20260819\stress_cache\fake_427__smoothing_light.png	filtered_fake	0.935778	1
C:\My_Project\AIGC\results\research\p1_r8_shadow_composite_tradeoff_20260819\stress_cache\fake_427__smoothing_medium.png	filtered_fake	0.943979	1
C:\My_Project\AIGC\results\research\p1_r8_shadow_composite_tradeoff_20260819\stress_cache\fake_427__smoothing_heavy.png	filtered_fake	0.946485	1
C:\My_Project\AIGC\results\research\p1_r8_shadow_composite_tradeoff_20260819\stress_cache\fake_427__whitening_medium.png	filtered_fake	0.936304	1
C:\My_Project\AIGC\results\research\p1_r8_shadow_composite_tradeoff_20260819\stress_cache\fake_427__combined_medium.png	filtered_fake	0.943817	1
C:\My_Project\AIGC\results\research\p1_r8_shadow_composite_tradeoff_20260819\stress_cache\fake_427__combined_heavy.png	filtered_fake	0.946764	1
C:\My_Project\AIGC\results\research\p1_r8_shadow_composite_tradeoff_20260819\stress_cache\fake_427__eye_enlarging.png	filtered_fake	0.924084	1
C:\My_Project\AIGC\results\research\p1_r8_shadow_composite_tradeoff_20260819\stress_cache\fake_427__face_reshaping.png	filtered_fake	0.935090	1
C:\My_Project\AIGC\results\research\p1_r8_shadow_composite_tradeoff_20260819\stress_cache\fake_428__smoothing_light.png	filtered_fake	0.944216	1
C:\My_Project\AIGC\results\research\p1_r8_shadow_composite_tradeoff_20260819\stress_cache\fake_428__smoothing_medium.png	filtered_fake	0.946770	1
C:\My_Project\AIGC\results\research\p1_r8_shadow_composite_tradeoff_20260819\stress_cache\fake_428__smoothing_heavy.png	filtered_fake	0.948576	1
C:\My_Project\AIGC\results\research\p1_r8_shadow_composite_tradeoff_20260819\stress_cache\fake_428__whitening_medium.png	filtered_fake	0.931602	1
C:\My_Project\AIGC\results\research\p1_r8_shadow_composite_tradeoff_20260819\stress_cache\fake_428__combined_medium.png	filtered_fake	0.945983	1
C:\My_Project\AIGC\results\research\p1_r8_shadow_composite_tradeoff_20260819\stress_cache\fake_428__combined_heavy.png	filtered_fake	0.944773	1
C:\My_Project\AIGC\results\research\p1_r8_shadow_composite_tradeoff_20260819\stress_cache\fake_428__eye_enlarging.png	filtered_fake	0.928790	1
C:\My_Project\AIGC\results\research\p1_r8_shadow_composite_tradeoff_20260819\stress_cache\fake_428__face_reshaping.png	filtered_fake	0.940359	1
C:\My_Project\AIGC\results\research\p1_r8_shadow_composite_tradeoff_20260819\stress_cache\fake_429__smoothing_light.png	filtered_fake	0.916592	1
C:\My_Project\AIGC\results\research\p1_r8_shadow_composite_tradeoff_20260819\stress_cache\fake_429__smoothing_medium.png	filtered_fake	0.937680	1
C:\My_Project\AIGC\results\research\p1_r8_shadow_composite_tradeoff_20260819\stress_cache\fake_429__smoothing_heavy.png	filtered_fake	0.928550	1
C:\My_Project\AIGC\results\research\p1_r8_shadow_composite_tradeoff_20260819\stress_cache\fake_429__whitening_medium.png	filtered_fake	0.936680	1
C:\My_Project\AIGC\results\research\p1_r8_shadow_composite_tradeoff_20260819\stress_cache\fake_429__combined_medium.png	filtered_fake	0.935623	1
C:\My_Project\AIGC\results\research\p1_r8_shadow_composite_tradeoff_20260819\stress_cache\fake_429__combined_heavy.png	filtered_fake	0.937323	1
C:\My_Project\AIGC\results\research\p1_r8_shadow_composite_tradeoff_20260819\stress_cache\fake_429__eye_enlarging.png	filtered_fake	0.928869	1
C:\My_Project\AIGC\results\research\p1_r8_shadow_composite_tradeoff_20260819\stress_cache\fake_429__face_reshaping.png	filtered_fake	0.922950	1
C:\My_Project\AIGC\results\research\p1_r8_shadow_composite_tradeoff_20260819\stress_cache\fake_430__smoothing_light.png	filtered_fake	0.942583	1
C:\My_Project\AIGC\results\research\p1_r8_shadow_composite_tradeoff_20260819\stress_cache\fake_430__smoothing_medium.png	filtered_fake	0.944676	1
C:\My_Project\AIGC\results\research\p1_r8_shadow_composite_tradeoff_20260819\stress_cache\fake_430__smoothing_heavy.png	filtered_fake	0.946245	1
C:\My_Project\AIGC\results\research\p1_r8_shadow_composite_tradeoff_20260819\stress_cache\fake_430__whitening_medium.png	filtered_fake	0.926114	1
C:\My_Project\AIGC\results\research\p1_r8_shadow_composite_tradeoff_20260819\stress_cache\fake_430__combined_medium.png	filtered_fake	0.942470	1
C:\My_Project\AIGC\results\research\p1_r8_shadow_composite_tradeoff_20260819\stress_cache\fake_430__combined_heavy.png	filtered_fake	0.948266	1
C:\My_Project\AIGC\results\research\p1_r8_shadow_composite_tradeoff_20260819\stress_cache\fake_430__eye_enlarging.png	filtered_fake	0.918075	1
C:\My_Project\AIGC\results\research\p1_r8_shadow_composite_tradeoff_20260819\stress_cache\fake_430__face_reshaping.png	filtered_fake	0.921423	1
C:\My_Project\AIGC\results\research\p1_r8_shadow_composite_tradeoff_20260819\stress_cache\fake_431__smoothing_light.png	filtered_fake	0.929448	1
C:\My_Project\AIGC\results\research\p1_r8_shadow_composite_tradeoff_20260819\stress_cache\fake_431__smoothing_medium.png	filtered_fake	0.935426	1
C:\My_Project\AIGC\results\research\p1_r8_shadow_composite_tradeoff_20260819\stress_cache\fake_431__smoothing_heavy.png	filtered_fake	0.937571	1
C:\My_Project\AIGC\results\research\p1_r8_shadow_composite_tradeoff_20260819\stress_cache\fake_431__whitening_medium.png	filtered_fake	0.937268	1
C:\My_Project\AIGC\results\research\p1_r8_shadow_composite_tradeoff_20260819\stress_cache\fake_431__combined_medium.png	filtered_fake	0.933959	1
C:\My_Project\AIGC\results\research\p1_r8_shadow_composite_tradeoff_20260819\stress_cache\fake_431__combined_heavy.png	filtered_fake	0.940354	1
C:\My_Project\AIGC\results\research\p1_r8_shadow_composite_tradeoff_20260819\stress_cache\fake_431__eye_enlarging.png	filtered_fake	0.934882	1
C:\My_Project\AIGC\results\research\p1_r8_shadow_composite_tradeoff_20260819\stress_cache\fake_431__face_reshaping.png	filtered_fake	0.941713	1
C:\My_Project\AIGC\results\research\p1_r8_shadow_composite_tradeoff_20260819\stress_cache\fake_432__smoothing_light.png	filtered_fake	0.935394	1
C:\My_Project\AIGC\results\research\p1_r8_shadow_composite_tradeoff_20260819\stress_cache\fake_432__smoothing_medium.png	filtered_fake	0.942793	1
C:\My_Project\AIGC\results\research\p1_r8_shadow_composite_tradeoff_20260819\stress_cache\fake_432__smoothing_heavy.png	filtered_fake	0.945121	1
C:\My_Project\AIGC\results\research\p1_r8_shadow_composite_tradeoff_20260819\stress_cache\fake_432__whitening_medium.png	filtered_fake	0.936147	1
C:\My_Project\AIGC\results\research\p1_r8_shadow_composite_tradeoff_20260819\stress_cache\fake_432__combined_medium.png	filtered_fake	0.944267	1
C:\My_Project\AIGC\results\research\p1_r8_shadow_composite_tradeoff_20260819\stress_cache\fake_432__combined_heavy.png	filtered_fake	0.943439	1
C:\My_Project\AIGC\results\research\p1_r8_shadow_composite_tradeoff_20260819\stress_cache\fake_432__eye_enlarging.png	filtered_fake	0.926949	1
C:\My_Project\AIGC\results\research\p1_r8_shadow_composite_tradeoff_20260819\stress_cache\fake_432__face_reshaping.png	filtered_fake	0.930709	1
C:\My_Project\AIGC\results\research\p1_r8_shadow_composite_tradeoff_20260819\stress_cache\fake_433__smoothing_light.png	filtered_fake	0.932845	1
C:\My_Project\AIGC\results\research\p1_r8_shadow_composite_tradeoff_20260819\stress_cache\fake_433__smoothing_medium.png	filtered_fake	0.941942	1
C:\My_Project\AIGC\results\research\p1_r8_shadow_composite_tradeoff_20260819\stress_cache\fake_433__smoothing_heavy.png	filtered_fake	0.939972	1
C:\My_Project\AIGC\results\research\p1_r8_shadow_composite_tradeoff_20260819\stress_cache\fake_433__whitening_medium.png	filtered_fake	0.928659	1
C:\My_Project\AIGC\results\research\p1_r8_shadow_composite_tradeoff_20260819\stress_cache\fake_433__combined_medium.png	filtered_fake	0.940657	1
C:\My_Project\AIGC\results\research\p1_r8_shadow_composite_tradeoff_20260819\stress_cache\fake_433__combined_heavy.png	filtered_fake	0.945714	1
C:\My_Project\AIGC\results\research\p1_r8_shadow_composite_tradeoff_20260819\stress_cache\fake_433__eye_enlarging.png	filtered_fake	0.930566	1
C:\My_Project\AIGC\results\research\p1_r8_shadow_composite_tradeoff_20260819\stress_cache\fake_433__face_reshaping.png	filtered_fake	0.932029	1
C:\My_Project\AIGC\results\research\p1_r8_shadow_composite_tradeoff_20260819\stress_cache\fake_434__smoothing_light.png	filtered_fake	0.946282	1
C:\My_Project\AIGC\results\research\p1_r8_shadow_composite_tradeoff_20260819\stress_cache\fake_434__smoothing_medium.png	filtered_fake	0.948294	1
C:\My_Project\AIGC\results\research\p1_r8_shadow_composite_tradeoff_20260819\stress_cache\fake_434__smoothing_heavy.png	filtered_fake	0.949492	1
C:\My_Project\AIGC\results\research\p1_r8_shadow_composite_tradeoff_20260819\stress_cache\fake_434__whitening_medium.png	filtered_fake	0.944615	1
C:\My_Project\AIGC\results\research\p1_r8_shadow_composite_tradeoff_20260819\stress_cache\fake_434__combined_medium.png	filtered_fake	0.949449	1
C:\My_Project\AIGC\results\research\p1_r8_shadow_composite_tradeoff_20260819\stress_cache\fake_434__combined_heavy.png	filtered_fake	0.950477	1
C:\My_Project\AIGC\results\research\p1_r8_shadow_composite_tradeoff_20260819\stress_cache\fake_434__eye_enlarging.png	filtered_fake	0.945552	1
C:\My_Project\AIGC\results\research\p1_r8_shadow_composite_tradeoff_20260819\stress_cache\fake_434__face_reshaping.png	filtered_fake	0.939726	1
C:\My_Project\AIGC\results\research\p1_r8_shadow_composite_tradeoff_20260819\stress_cache\fake_435__smoothing_light.png	filtered_fake	0.941380	1
C:\My_Project\AIGC\results\research\p1_r8_shadow_composite_tradeoff_20260819\stress_cache\fake_435__smoothing_medium.png	filtered_fake	0.952913	1
C:\My_Project\AIGC\results\research\p1_r8_shadow_composite_tradeoff_20260819\stress_cache\fake_435__smoothing_heavy.png	filtered_fake	0.950930	1
C:\My_Project\AIGC\results\research\p1_r8_shadow_composite_tradeoff_20260819\stress_cache\fake_435__whitening_medium.png	filtered_fake	0.933663	1
C:\My_Project\AIGC\results\research\p1_r8_shadow_composite_tradeoff_20260819\stress_cache\fake_435__combined_medium.png	filtered_fake	0.948282	1
C:\My_Project\AIGC\results\research\p1_r8_shadow_composite_tradeoff_20260819\stress_cache\fake_435__combined_heavy.png	filtered_fake	0.945852	1
C:\My_Project\AIGC\results\research\p1_r8_shadow_composite_tradeoff_20260819\stress_cache\fake_435__eye_enlarging.png	filtered_fake	0.942949	1
C:\My_Project\AIGC\results\research\p1_r8_shadow_composite_tradeoff_20260819\stress_cache\fake_435__face_reshaping.png	filtered_fake	0.940213	1
C:\My_Project\AIGC\results\research\p1_r8_shadow_composite_tradeoff_20260819\stress_cache\fake_436__smoothing_light.png	filtered_fake	0.942301	1
C:\My_Project\AIGC\results\research\p1_r8_shadow_composite_tradeoff_20260819\stress_cache\fake_436__smoothing_medium.png	filtered_fake	0.939503	1
C:\My_Project\AIGC\results\research\p1_r8_shadow_composite_tradeoff_20260819\stress_cache\fake_436__smoothing_heavy.png	filtered_fake	0.940053	1
C:\My_Project\AIGC\results\research\p1_r8_shadow_composite_tradeoff_20260819\stress_cache\fake_436__whitening_medium.png	filtered_fake	0.864443	1
C:\My_Project\AIGC\results\research\p1_r8_shadow_composite_tradeoff_20260819\stress_cache\fake_436__combined_medium.png	filtered_fake	0.944804	1
C:\My_Project\AIGC\results\research\p1_r8_shadow_composite_tradeoff_20260819\stress_cache\fake_436__combined_heavy.png	filtered_fake	0.944097	1
C:\My_Project\AIGC\results\research\p1_r8_shadow_composite_tradeoff_20260819\stress_cache\fake_436__eye_enlarging.png	filtered_fake	0.923912	1
C:\My_Project\AIGC\results\research\p1_r8_shadow_composite_tradeoff_20260819\stress_cache\fake_436__face_reshaping.png	filtered_fake	0.938395	1
C:\My_Project\AIGC\results\research\p1_r8_shadow_composite_tradeoff_20260819\stress_cache\fake_438__smoothing_light.png	filtered_fake	0.941322	1
C:\My_Project\AIGC\results\research\p1_r8_shadow_composite_tradeoff_20260819\stress_cache\fake_438__smoothing_medium.png	filtered_fake	0.941855	1
C:\My_Project\AIGC\results\research\p1_r8_shadow_composite_tradeoff_20260819\stress_cache\fake_438__smoothing_heavy.png	filtered_fake	0.943187	1
C:\My_Project\AIGC\results\research\p1_r8_shadow_composite_tradeoff_20260819\stress_cache\fake_438__whitening_medium.png	filtered_fake	0.922696	1
C:\My_Project\AIGC\results\research\p1_r8_shadow_composite_tradeoff_20260819\stress_cache\fake_438__combined_medium.png	filtered_fake	0.943638	1
C:\My_Project\AIGC\results\research\p1_r8_shadow_composite_tradeoff_20260819\stress_cache\fake_438__combined_heavy.png	filtered_fake	0.945207	1
C:\My_Project\AIGC\results\research\p1_r8_shadow_composite_tradeoff_20260819\stress_cache\fake_438__eye_enlarging.png	filtered_fake	0.930592	1
C:\My_Project\AIGC\results\research\p1_r8_shadow_composite_tradeoff_20260819\stress_cache\fake_438__face_reshaping.png	filtered_fake	0.924902	1
C:\My_Project\AIGC\results\research\p1_r8_shadow_composite_tradeoff_20260819\stress_cache\fake_439__smoothing_light.png	filtered_fake	0.946100	1
C:\My_Project\AIGC\results\research\p1_r8_shadow_composite_tradeoff_20260819\stress_cache\fake_439__smoothing_medium.png	filtered_fake	0.949601	1
C:\My_Project\AIGC\results\research\p1_r8_shadow_composite_tradeoff_20260819\stress_cache\fake_439__smoothing_heavy.png	filtered_fake	0.952075	1
C:\My_Project\AIGC\results\research\p1_r8_shadow_composite_tradeoff_20260819\stress_cache\fake_439__whitening_medium.png	filtered_fake	0.932846	1
C:\My_Project\AIGC\results\research\p1_r8_shadow_composite_tradeoff_20260819\stress_cache\fake_439__combined_medium.png	filtered_fake	0.948738	1
C:\My_Project\AIGC\results\research\p1_r8_shadow_composite_tradeoff_20260819\stress_cache\fake_439__combined_heavy.png	filtered_fake	0.946255	1
C:\My_Project\AIGC\results\research\p1_r8_shadow_composite_tradeoff_20260819\stress_cache\fake_439__eye_enlarging.png	filtered_fake	0.937783	1
C:\My_Project\AIGC\results\research\p1_r8_shadow_composite_tradeoff_20260819\stress_cache\fake_439__face_reshaping.png	filtered_fake	0.933288	1
C:\My_Project\AIGC\results\research\p1_r8_shadow_composite_tradeoff_20260819\stress_cache\fake_440__smoothing_light.png	filtered_fake	0.924318	1
C:\My_Project\AIGC\results\research\p1_r8_shadow_composite_tradeoff_20260819\stress_cache\fake_440__smoothing_medium.png	filtered_fake	0.928281	1
C:\My_Project\AIGC\results\research\p1_r8_shadow_composite_tradeoff_20260819\stress_cache\fake_440__smoothing_heavy.png	filtered_fake	0.940716	1
C:\My_Project\AIGC\results\research\p1_r8_shadow_composite_tradeoff_20260819\stress_cache\fake_440__whitening_medium.png	filtered_fake	0.936549	1
C:\My_Project\AIGC\results\research\p1_r8_shadow_composite_tradeoff_20260819\stress_cache\fake_440__combined_medium.png	filtered_fake	0.933035	1
C:\My_Project\AIGC\results\research\p1_r8_shadow_composite_tradeoff_20260819\stress_cache\fake_440__combined_heavy.png	filtered_fake	0.939411	1
C:\My_Project\AIGC\results\research\p1_r8_shadow_composite_tradeoff_20260819\stress_cache\fake_440__eye_enlarging.png	filtered_fake	0.920215	1
C:\My_Project\AIGC\results\research\p1_r8_shadow_composite_tradeoff_20260819\stress_cache\fake_440__face_reshaping.png	filtered_fake	0.943417	1
C:\My_Project\AIGC\results\research\p1_r8_shadow_composite_tradeoff_20260819\stress_cache\fake_441__smoothing_light.png	filtered_fake	0.939118	1
C:\My_Project\AIGC\results\research\p1_r8_shadow_composite_tradeoff_20260819\stress_cache\fake_441__smoothing_medium.png	filtered_fake	0.944883	1
C:\My_Project\AIGC\results\research\p1_r8_shadow_composite_tradeoff_20260819\stress_cache\fake_441__smoothing_heavy.png	filtered_fake	0.944016	1
C:\My_Project\AIGC\results\research\p1_r8_shadow_composite_tradeoff_20260819\stress_cache\fake_441__whitening_medium.png	filtered_fake	0.939711	1
C:\My_Project\AIGC\results\research\p1_r8_shadow_composite_tradeoff_20260819\stress_cache\fake_441__combined_medium.png	filtered_fake	0.948766	1
C:\My_Project\AIGC\results\research\p1_r8_shadow_composite_tradeoff_20260819\stress_cache\fake_441__combined_heavy.png	filtered_fake	0.948871	1
C:\My_Project\AIGC\results\research\p1_r8_shadow_composite_tradeoff_20260819\stress_cache\fake_441__eye_enlarging.png	filtered_fake	0.942732	1
C:\My_Project\AIGC\results\research\p1_r8_shadow_composite_tradeoff_20260819\stress_cache\fake_441__face_reshaping.png	filtered_fake	0.940454	1
C:\My_Project\AIGC\results\research\p1_r8_shadow_composite_tradeoff_20260819\stress_cache\fake_442__smoothing_light.png	filtered_fake	0.928488	1
C:\My_Project\AIGC\results\research\p1_r8_shadow_composite_tradeoff_20260819\stress_cache\fake_442__smoothing_medium.png	filtered_fake	0.941033	1
C:\My_Project\AIGC\results\research\p1_r8_shadow_composite_tradeoff_20260819\stress_cache\fake_442__smoothing_heavy.png	filtered_fake	0.935924	1
C:\My_Project\AIGC\results\research\p1_r8_shadow_composite_tradeoff_20260819\stress_cache\fake_442__whitening_medium.png	filtered_fake	0.934670	1
C:\My_Project\AIGC\results\research\p1_r8_shadow_composite_tradeoff_20260819\stress_cache\fake_442__combined_medium.png	filtered_fake	0.942742	1
C:\My_Project\AIGC\results\research\p1_r8_shadow_composite_tradeoff_20260819\stress_cache\fake_442__combined_heavy.png	filtered_fake	0.938109	1
C:\My_Project\AIGC\results\research\p1_r8_shadow_composite_tradeoff_20260819\stress_cache\fake_442__eye_enlarging.png	filtered_fake	0.936779	1
C:\My_Project\AIGC\results\research\p1_r8_shadow_composite_tradeoff_20260819\stress_cache\fake_442__face_reshaping.png	filtered_fake	0.938530	1
C:\My_Project\AIGC\results\research\p1_r8_shadow_composite_tradeoff_20260819\stress_cache\fake_443__smoothing_light.png	filtered_fake	0.942125	1
C:\My_Project\AIGC\results\research\p1_r8_shadow_composite_tradeoff_20260819\stress_cache\fake_443__smoothing_medium.png	filtered_fake	0.947597	1
C:\My_Project\AIGC\results\research\p1_r8_shadow_composite_tradeoff_20260819\stress_cache\fake_443__smoothing_heavy.png	filtered_fake	0.946658	1
C:\My_Project\AIGC\results\research\p1_r8_shadow_composite_tradeoff_20260819\stress_cache\fake_443__whitening_medium.png	filtered_fake	0.926951	1
C:\My_Project\AIGC\results\research\p1_r8_shadow_composite_tradeoff_20260819\stress_cache\fake_443__combined_medium.png	filtered_fake	0.947707	1
C:\My_Project\AIGC\results\research\p1_r8_shadow_composite_tradeoff_20260819\stress_cache\fake_443__combined_heavy.png	filtered_fake	0.943601	1
C:\My_Project\AIGC\results\research\p1_r8_shadow_composite_tradeoff_20260819\stress_cache\fake_443__eye_enlarging.png	filtered_fake	0.926249	1
C:\My_Project\AIGC\results\research\p1_r8_shadow_composite_tradeoff_20260819\stress_cache\fake_443__face_reshaping.png	filtered_fake	0.926841	1
C:\My_Project\AIGC\results\research\p1_r8_shadow_composite_tradeoff_20260819\stress_cache\fake_444__smoothing_light.png	filtered_fake	0.942761	1
C:\My_Project\AIGC\results\research\p1_r8_shadow_composite_tradeoff_20260819\stress_cache\fake_444__smoothing_medium.png	filtered_fake	0.943190	1
C:\My_Project\AIGC\results\research\p1_r8_shadow_composite_tradeoff_20260819\stress_cache\fake_444__smoothing_heavy.png	filtered_fake	0.941511	1
C:\My_Project\AIGC\results\research\p1_r8_shadow_composite_tradeoff_20260819\stress_cache\fake_444__whitening_medium.png	filtered_fake	0.938848	1
C:\My_Project\AIGC\results\research\p1_r8_shadow_composite_tradeoff_20260819\stress_cache\fake_444__combined_medium.png	filtered_fake	0.945724	1
C:\My_Project\AIGC\results\research\p1_r8_shadow_composite_tradeoff_20260819\stress_cache\fake_444__combined_heavy.png	filtered_fake	0.944075	1
C:\My_Project\AIGC\results\research\p1_r8_shadow_composite_tradeoff_20260819\stress_cache\fake_444__eye_enlarging.png	filtered_fake	0.942337	1
C:\My_Project\AIGC\results\research\p1_r8_shadow_composite_tradeoff_20260819\stress_cache\fake_444__face_reshaping.png	filtered_fake	0.943282	1
C:\My_Project\AIGC\results\research\p1_r8_shadow_composite_tradeoff_20260819\stress_cache\fake_445__smoothing_light.png	filtered_fake	0.933366	1
C:\My_Project\AIGC\results\research\p1_r8_shadow_composite_tradeoff_20260819\stress_cache\fake_445__smoothing_medium.png	filtered_fake	0.942309	1
C:\My_Project\AIGC\results\research\p1_r8_shadow_composite_tradeoff_20260819\stress_cache\fake_445__smoothing_heavy.png	filtered_fake	0.935377	1
C:\My_Project\AIGC\results\research\p1_r8_shadow_composite_tradeoff_20260819\stress_cache\fake_445__whitening_medium.png	filtered_fake	0.925753	1
C:\My_Project\AIGC\results\research\p1_r8_shadow_composite_tradeoff_20260819\stress_cache\fake_445__combined_medium.png	filtered_fake	0.942139	1
C:\My_Project\AIGC\results\research\p1_r8_shadow_composite_tradeoff_20260819\stress_cache\fake_445__combined_heavy.png	filtered_fake	0.937509	1
C:\My_Project\AIGC\results\research\p1_r8_shadow_composite_tradeoff_20260819\stress_cache\fake_445__eye_enlarging.png	filtered_fake	0.906956	1
C:\My_Project\AIGC\results\research\p1_r8_shadow_composite_tradeoff_20260819\stress_cache\fake_445__face_reshaping.png	filtered_fake	0.920043	1
C:\My_Project\AIGC\results\research\p1_r8_shadow_composite_tradeoff_20260819\stress_cache\fake_446__smoothing_light.png	filtered_fake	0.941683	1
C:\My_Project\AIGC\results\research\p1_r8_shadow_composite_tradeoff_20260819\stress_cache\fake_446__smoothing_medium.png	filtered_fake	0.951400	1
C:\My_Project\AIGC\results\research\p1_r8_shadow_composite_tradeoff_20260819\stress_cache\fake_446__smoothing_heavy.png	filtered_fake	0.951992	1
C:\My_Project\AIGC\results\research\p1_r8_shadow_composite_tradeoff_20260819\stress_cache\fake_446__whitening_medium.png	filtered_fake	0.919839	1
C:\My_Project\AIGC\results\research\p1_r8_shadow_composite_tradeoff_20260819\stress_cache\fake_446__combined_medium.png	filtered_fake	0.951358	1
C:\My_Project\AIGC\results\research\p1_r8_shadow_composite_tradeoff_20260819\stress_cache\fake_446__combined_heavy.png	filtered_fake	0.951374	1
C:\My_Project\AIGC\results\research\p1_r8_shadow_composite_tradeoff_20260819\stress_cache\fake_446__eye_enlarging.png	filtered_fake	0.926976	1
C:\My_Project\AIGC\results\research\p1_r8_shadow_composite_tradeoff_20260819\stress_cache\fake_446__face_reshaping.png	filtered_fake	0.926261	1
C:\My_Project\AIGC\results\research\p1_r8_shadow_composite_tradeoff_20260819\stress_cache\fake_447__smoothing_light.png	filtered_fake	0.937045	1
C:\My_Project\AIGC\results\research\p1_r8_shadow_composite_tradeoff_20260819\stress_cache\fake_447__smoothing_medium.png	filtered_fake	0.945843	1
C:\My_Project\AIGC\results\research\p1_r8_shadow_composite_tradeoff_20260819\stress_cache\fake_447__smoothing_heavy.png	filtered_fake	0.943367	1
C:\My_Project\AIGC\results\research\p1_r8_shadow_composite_tradeoff_20260819\stress_cache\fake_447__whitening_medium.png	filtered_fake	0.926327	1
C:\My_Project\AIGC\results\research\p1_r8_shadow_composite_tradeoff_20260819\stress_cache\fake_447__combined_medium.png	filtered_fake	0.940920	1
C:\My_Project\AIGC\results\research\p1_r8_shadow_composite_tradeoff_20260819\stress_cache\fake_447__combined_heavy.png	filtered_fake	0.938049	1
C:\My_Project\AIGC\results\research\p1_r8_shadow_composite_tradeoff_20260819\stress_cache\fake_447__eye_enlarging.png	filtered_fake	0.922161	1
C:\My_Project\AIGC\results\research\p1_r8_shadow_composite_tradeoff_20260819\stress_cache\fake_447__face_reshaping.png	filtered_fake	0.929134	1
C:\My_Project\AIGC\results\research\p1_r8_shadow_composite_tradeoff_20260819\stress_cache\fake_450__smoothing_light.png	filtered_fake	0.939142	1
C:\My_Project\AIGC\results\research\p1_r8_shadow_composite_tradeoff_20260819\stress_cache\fake_450__smoothing_medium.png	filtered_fake	0.944565	1
C:\My_Project\AIGC\results\research\p1_r8_shadow_composite_tradeoff_20260819\stress_cache\fake_450__smoothing_heavy.png	filtered_fake	0.943185	1
C:\My_Project\AIGC\results\research\p1_r8_shadow_composite_tradeoff_20260819\stress_cache\fake_450__whitening_medium.png	filtered_fake	0.909695	1
C:\My_Project\AIGC\results\research\p1_r8_shadow_composite_tradeoff_20260819\stress_cache\fake_450__combined_medium.png	filtered_fake	0.944799	1
C:\My_Project\AIGC\results\research\p1_r8_shadow_composite_tradeoff_20260819\stress_cache\fake_450__combined_heavy.png	filtered_fake	0.943402	1
C:\My_Project\AIGC\results\research\p1_r8_shadow_composite_tradeoff_20260819\stress_cache\fake_450__eye_enlarging.png	filtered_fake	0.917651	1
C:\My_Project\AIGC\results\research\p1_r8_shadow_composite_tradeoff_20260819\stress_cache\fake_450__face_reshaping.png	filtered_fake	0.921779	1
C:\My_Project\AIGC\results\research\p1_r8_shadow_composite_tradeoff_20260819\stress_cache\fake_451__smoothing_light.png	filtered_fake	0.934805	1
C:\My_Project\AIGC\results\research\p1_r8_shadow_composite_tradeoff_20260819\stress_cache\fake_451__smoothing_medium.png	filtered_fake	0.943989	1
C:\My_Project\AIGC\results\research\p1_r8_shadow_composite_tradeoff_20260819\stress_cache\fake_451__smoothing_heavy.png	filtered_fake	0.945352	1
C:\My_Project\AIGC\results\research\p1_r8_shadow_composite_tradeoff_20260819\stress_cache\fake_451__whitening_medium.png	filtered_fake	0.939118	1
C:\My_Project\AIGC\results\research\p1_r8_shadow_composite_tradeoff_20260819\stress_cache\fake_451__combined_medium.png	filtered_fake	0.943801	1
C:\My_Project\AIGC\results\research\p1_r8_shadow_composite_tradeoff_20260819\stress_cache\fake_451__combined_heavy.png	filtered_fake	0.951816	1
C:\My_Project\AIGC\results\research\p1_r8_shadow_composite_tradeoff_20260819\stress_cache\fake_451__eye_enlarging.png	filtered_fake	0.920387	1
C:\My_Project\AIGC\results\research\p1_r8_shadow_composite_tradeoff_20260819\stress_cache\fake_451__face_reshaping.png	filtered_fake	0.938632	1
C:\My_Project\AIGC\results\research\p1_r8_shadow_composite_tradeoff_20260819\stress_cache\fake_452__smoothing_light.png	filtered_fake	0.925385	1
C:\My_Project\AIGC\results\research\p1_r8_shadow_composite_tradeoff_20260819\stress_cache\fake_452__smoothing_medium.png	filtered_fake	0.942443	1
C:\My_Project\AIGC\results\research\p1_r8_shadow_composite_tradeoff_20260819\stress_cache\fake_452__smoothing_heavy.png	filtered_fake	0.941047	1
C:\My_Project\AIGC\results\research\p1_r8_shadow_composite_tradeoff_20260819\stress_cache\fake_452__whitening_medium.png	filtered_fake	0.925760	1
C:\My_Project\AIGC\results\research\p1_r8_shadow_composite_tradeoff_20260819\stress_cache\fake_452__combined_medium.png	filtered_fake	0.940587	1
C:\My_Project\AIGC\results\research\p1_r8_shadow_composite_tradeoff_20260819\stress_cache\fake_452__combined_heavy.png	filtered_fake	0.946067	1
C:\My_Project\AIGC\results\research\p1_r8_shadow_composite_tradeoff_20260819\stress_cache\fake_452__eye_enlarging.png	filtered_fake	0.931718	1
C:\My_Project\AIGC\results\research\p1_r8_shadow_composite_tradeoff_20260819\stress_cache\fake_452__face_reshaping.png	filtered_fake	0.926467	1
C:\My_Project\AIGC\results\research\p1_r8_shadow_composite_tradeoff_20260819\stress_cache\fake_453__smoothing_light.png	filtered_fake	0.938650	1
C:\My_Project\AIGC\results\research\p1_r8_shadow_composite_tradeoff_20260819\stress_cache\fake_453__smoothing_medium.png	filtered_fake	0.942432	1
C:\My_Project\AIGC\results\research\p1_r8_shadow_composite_tradeoff_20260819\stress_cache\fake_453__smoothing_heavy.png	filtered_fake	0.944868	1
C:\My_Project\AIGC\results\research\p1_r8_shadow_composite_tradeoff_20260819\stress_cache\fake_453__whitening_medium.png	filtered_fake	0.914192	1
C:\My_Project\AIGC\results\research\p1_r8_shadow_composite_tradeoff_20260819\stress_cache\fake_453__combined_medium.png	filtered_fake	0.943671	1
C:\My_Project\AIGC\results\research\p1_r8_shadow_composite_tradeoff_20260819\stress_cache\fake_453__combined_heavy.png	filtered_fake	0.943313	1
C:\My_Project\AIGC\results\research\p1_r8_shadow_composite_tradeoff_20260819\stress_cache\fake_453__eye_enlarging.png	filtered_fake	0.900545	1
C:\My_Project\AIGC\results\research\p1_r8_shadow_composite_tradeoff_20260819\stress_cache\fake_453__face_reshaping.png	filtered_fake	0.926006	1
C:\My_Project\AIGC\results\research\p1_r8_shadow_composite_tradeoff_20260819\stress_cache\fake_454__smoothing_light.png	filtered_fake	0.925879	1
C:\My_Project\AIGC\results\research\p1_r8_shadow_composite_tradeoff_20260819\stress_cache\fake_454__smoothing_medium.png	filtered_fake	0.929379	1
C:\My_Project\AIGC\results\research\p1_r8_shadow_composite_tradeoff_20260819\stress_cache\fake_454__smoothing_heavy.png	filtered_fake	0.940212	1
C:\My_Project\AIGC\results\research\p1_r8_shadow_composite_tradeoff_20260819\stress_cache\fake_454__whitening_medium.png	filtered_fake	0.926957	1
C:\My_Project\AIGC\results\research\p1_r8_shadow_composite_tradeoff_20260819\stress_cache\fake_454__combined_medium.png	filtered_fake	0.937015	1
C:\My_Project\AIGC\results\research\p1_r8_shadow_composite_tradeoff_20260819\stress_cache\fake_454__combined_heavy.png	filtered_fake	0.951419	1
C:\My_Project\AIGC\results\research\p1_r8_shadow_composite_tradeoff_20260819\stress_cache\fake_454__eye_enlarging.png	filtered_fake	0.928737	1
C:\My_Project\AIGC\results\research\p1_r8_shadow_composite_tradeoff_20260819\stress_cache\fake_454__face_reshaping.png	filtered_fake	0.930776	1
C:\My_Project\AIGC\results\research\p1_r8_shadow_composite_tradeoff_20260819\stress_cache\fake_455__smoothing_light.png	filtered_fake	0.922395	1
C:\My_Project\AIGC\results\research\p1_r8_shadow_composite_tradeoff_20260819\stress_cache\fake_455__smoothing_medium.png	filtered_fake	0.948929	1
C:\My_Project\AIGC\results\research\p1_r8_shadow_composite_tradeoff_20260819\stress_cache\fake_455__smoothing_heavy.png	filtered_fake	0.947399	1
C:\My_Project\AIGC\results\research\p1_r8_shadow_composite_tradeoff_20260819\stress_cache\fake_455__whitening_medium.png	filtered_fake	0.946643	1
C:\My_Project\AIGC\results\research\p1_r8_shadow_composite_tradeoff_20260819\stress_cache\fake_455__combined_medium.png	filtered_fake	0.950187	1
C:\My_Project\AIGC\results\research\p1_r8_shadow_composite_tradeoff_20260819\stress_cache\fake_455__combined_heavy.png	filtered_fake	0.950049	1
C:\My_Project\AIGC\results\research\p1_r8_shadow_composite_tradeoff_20260819\stress_cache\fake_455__eye_enlarging.png	filtered_fake	0.936681	1
C:\My_Project\AIGC\results\research\p1_r8_shadow_composite_tradeoff_20260819\stress_cache\fake_455__face_reshaping.png	filtered_fake	0.940722	1
C:\My_Project\AIGC\results\research\p1_r8_shadow_composite_tradeoff_20260819\stress_cache\fake_456__smoothing_light.png	filtered_fake	0.929885	1
C:\My_Project\AIGC\results\research\p1_r8_shadow_composite_tradeoff_20260819\stress_cache\fake_456__smoothing_medium.png	filtered_fake	0.939981	1
C:\My_Project\AIGC\results\research\p1_r8_shadow_composite_tradeoff_20260819\stress_cache\fake_456__smoothing_heavy.png	filtered_fake	0.944089	1
C:\My_Project\AIGC\results\research\p1_r8_shadow_composite_tradeoff_20260819\stress_cache\fake_456__whitening_medium.png	filtered_fake	0.922308	1
C:\My_Project\AIGC\results\research\p1_r8_shadow_composite_tradeoff_20260819\stress_cache\fake_456__combined_medium.png	filtered_fake	0.943580	1
C:\My_Project\AIGC\results\research\p1_r8_shadow_composite_tradeoff_20260819\stress_cache\fake_456__combined_heavy.png	filtered_fake	0.943940	1
C:\My_Project\AIGC\results\research\p1_r8_shadow_composite_tradeoff_20260819\stress_cache\fake_456__eye_enlarging.png	filtered_fake	0.929918	1
C:\My_Project\AIGC\results\research\p1_r8_shadow_composite_tradeoff_20260819\stress_cache\fake_456__face_reshaping.png	filtered_fake	0.931201	1
C:\My_Project\AIGC\results\research\p1_r8_shadow_composite_tradeoff_20260819\stress_cache\fake_457__smoothing_light.png	filtered_fake	0.943387	1
C:\My_Project\AIGC\results\research\p1_r8_shadow_composite_tradeoff_20260819\stress_cache\fake_457__smoothing_medium.png	filtered_fake	0.950187	1
C:\My_Project\AIGC\results\research\p1_r8_shadow_composite_tradeoff_20260819\stress_cache\fake_457__smoothing_heavy.png	filtered_fake	0.952083	1
C:\My_Project\AIGC\results\research\p1_r8_shadow_composite_tradeoff_20260819\stress_cache\fake_457__whitening_medium.png	filtered_fake	0.934702	1
C:\My_Project\AIGC\results\research\p1_r8_shadow_composite_tradeoff_20260819\stress_cache\fake_457__combined_medium.png	filtered_fake	0.951387	1
C:\My_Project\AIGC\results\research\p1_r8_shadow_composite_tradeoff_20260819\stress_cache\fake_457__combined_heavy.png	filtered_fake	0.952732	1
C:\My_Project\AIGC\results\research\p1_r8_shadow_composite_tradeoff_20260819\stress_cache\fake_457__eye_enlarging.png	filtered_fake	0.931942	1
C:\My_Project\AIGC\results\research\p1_r8_shadow_composite_tradeoff_20260819\stress_cache\fake_457__face_reshaping.png	filtered_fake	0.928240	1
C:\My_Project\AIGC\results\research\p1_r8_shadow_composite_tradeoff_20260819\stress_cache\fake_458__smoothing_light.png	filtered_fake	0.941051	1
C:\My_Project\AIGC\results\research\p1_r8_shadow_composite_tradeoff_20260819\stress_cache\fake_458__smoothing_medium.png	filtered_fake	0.953609	1
C:\My_Project\AIGC\results\research\p1_r8_shadow_composite_tradeoff_20260819\stress_cache\fake_458__smoothing_heavy.png	filtered_fake	0.953371	1
C:\My_Project\AIGC\results\research\p1_r8_shadow_composite_tradeoff_20260819\stress_cache\fake_458__whitening_medium.png	filtered_fake	0.944678	1
C:\My_Project\AIGC\results\research\p1_r8_shadow_composite_tradeoff_20260819\stress_cache\fake_458__combined_medium.png	filtered_fake	0.952339	1
C:\My_Project\AIGC\results\research\p1_r8_shadow_composite_tradeoff_20260819\stress_cache\fake_458__combined_heavy.png	filtered_fake	0.953237	1
C:\My_Project\AIGC\results\research\p1_r8_shadow_composite_tradeoff_20260819\stress_cache\fake_458__eye_enlarging.png	filtered_fake	0.942113	1
C:\My_Project\AIGC\results\research\p1_r8_shadow_composite_tradeoff_20260819\stress_cache\fake_458__face_reshaping.png	filtered_fake	0.940558	1
C:\My_Project\AIGC\results\research\p1_r8_shadow_composite_tradeoff_20260819\stress_cache\fake_459__smoothing_light.png	filtered_fake	0.937572	1
C:\My_Project\AIGC\results\research\p1_r8_shadow_composite_tradeoff_20260819\stress_cache\fake_459__smoothing_medium.png	filtered_fake	0.947860	1
C:\My_Project\AIGC\results\research\p1_r8_shadow_composite_tradeoff_20260819\stress_cache\fake_459__smoothing_heavy.png	filtered_fake	0.945786	1
C:\My_Project\AIGC\results\research\p1_r8_shadow_composite_tradeoff_20260819\stress_cache\fake_459__whitening_medium.png	filtered_fake	0.938673	1
C:\My_Project\AIGC\results\research\p1_r8_shadow_composite_tradeoff_20260819\stress_cache\fake_459__combined_medium.png	filtered_fake	0.946741	1
C:\My_Project\AIGC\results\research\p1_r8_shadow_composite_tradeoff_20260819\stress_cache\fake_459__combined_heavy.png	filtered_fake	0.948003	1
C:\My_Project\AIGC\results\research\p1_r8_shadow_composite_tradeoff_20260819\stress_cache\fake_459__eye_enlarging.png	filtered_fake	0.926460	1
C:\My_Project\AIGC\results\research\p1_r8_shadow_composite_tradeoff_20260819\stress_cache\fake_459__face_reshaping.png	filtered_fake	0.932669	1
C:\My_Project\AIGC\results\research\p1_r8_shadow_composite_tradeoff_20260819\stress_cache\fake_460__smoothing_light.png	filtered_fake	0.929801	1
C:\My_Project\AIGC\results\research\p1_r8_shadow_composite_tradeoff_20260819\stress_cache\fake_460__smoothing_medium.png	filtered_fake	0.939583	1
C:\My_Project\AIGC\results\research\p1_r8_shadow_composite_tradeoff_20260819\stress_cache\fake_460__smoothing_heavy.png	filtered_fake	0.939754	1
C:\My_Project\AIGC\results\research\p1_r8_shadow_composite_tradeoff_20260819\stress_cache\fake_460__whitening_medium.png	filtered_fake	0.941553	1
C:\My_Project\AIGC\results\research\p1_r8_shadow_composite_tradeoff_20260819\stress_cache\fake_460__combined_medium.png	filtered_fake	0.942584	1
C:\My_Project\AIGC\results\research\p1_r8_shadow_composite_tradeoff_20260819\stress_cache\fake_460__combined_heavy.png	filtered_fake	0.942356	1
C:\My_Project\AIGC\results\research\p1_r8_shadow_composite_tradeoff_20260819\stress_cache\fake_460__eye_enlarging.png	filtered_fake	0.939640	1
C:\My_Project\AIGC\results\research\p1_r8_shadow_composite_tradeoff_20260819\stress_cache\fake_460__face_reshaping.png	filtered_fake	0.941621	1
C:\My_Project\AIGC\results\research\p1_r8_shadow_composite_tradeoff_20260819\stress_cache\fake_461__smoothing_light.png	filtered_fake	0.938868	1
C:\My_Project\AIGC\results\research\p1_r8_shadow_composite_tradeoff_20260819\stress_cache\fake_461__smoothing_medium.png	filtered_fake	0.944733	1
C:\My_Project\AIGC\results\research\p1_r8_shadow_composite_tradeoff_20260819\stress_cache\fake_461__smoothing_heavy.png	filtered_fake	0.946003	1
C:\My_Project\AIGC\results\research\p1_r8_shadow_composite_tradeoff_20260819\stress_cache\fake_461__whitening_medium.png	filtered_fake	0.937643	1
C:\My_Project\AIGC\results\research\p1_r8_shadow_composite_tradeoff_20260819\stress_cache\fake_461__combined_medium.png	filtered_fake	0.938482	1
C:\My_Project\AIGC\results\research\p1_r8_shadow_composite_tradeoff_20260819\stress_cache\fake_461__combined_heavy.png	filtered_fake	0.939638	1
C:\My_Project\AIGC\results\research\p1_r8_shadow_composite_tradeoff_20260819\stress_cache\fake_461__eye_enlarging.png	filtered_fake	0.932439	1
C:\My_Project\AIGC\results\research\p1_r8_shadow_composite_tradeoff_20260819\stress_cache\fake_461__face_reshaping.png	filtered_fake	0.934768	1
C:\My_Project\AIGC\results\research\p1_r8_shadow_composite_tradeoff_20260819\stress_cache\fake_462__smoothing_light.png	filtered_fake	0.942426	1
C:\My_Project\AIGC\results\research\p1_r8_shadow_composite_tradeoff_20260819\stress_cache\fake_462__smoothing_medium.png	filtered_fake	0.946506	1
C:\My_Project\AIGC\results\research\p1_r8_shadow_composite_tradeoff_20260819\stress_cache\fake_462__smoothing_heavy.png	filtered_fake	0.944450	1
C:\My_Project\AIGC\results\research\p1_r8_shadow_composite_tradeoff_20260819\stress_cache\fake_462__whitening_medium.png	filtered_fake	0.939341	1
C:\My_Project\AIGC\results\research\p1_r8_shadow_composite_tradeoff_20260819\stress_cache\fake_462__combined_medium.png	filtered_fake	0.947738	1
C:\My_Project\AIGC\results\research\p1_r8_shadow_composite_tradeoff_20260819\stress_cache\fake_462__combined_heavy.png	filtered_fake	0.947360	1
C:\My_Project\AIGC\results\research\p1_r8_shadow_composite_tradeoff_20260819\stress_cache\fake_462__eye_enlarging.png	filtered_fake	0.937851	1
C:\My_Project\AIGC\results\research\p1_r8_shadow_composite_tradeoff_20260819\stress_cache\fake_462__face_reshaping.png	filtered_fake	0.931030	1
C:\My_Project\AIGC\results\research\p1_r8_shadow_composite_tradeoff_20260819\stress_cache\fake_463__smoothing_light.png	filtered_fake	0.939261	1
C:\My_Project\AIGC\results\research\p1_r8_shadow_composite_tradeoff_20260819\stress_cache\fake_463__smoothing_medium.png	filtered_fake	0.941024	1
C:\My_Project\AIGC\results\research\p1_r8_shadow_composite_tradeoff_20260819\stress_cache\fake_463__smoothing_heavy.png	filtered_fake	0.941756	1
C:\My_Project\AIGC\results\research\p1_r8_shadow_composite_tradeoff_20260819\stress_cache\fake_463__whitening_medium.png	filtered_fake	0.925225	1
C:\My_Project\AIGC\results\research\p1_r8_shadow_composite_tradeoff_20260819\stress_cache\fake_463__combined_medium.png	filtered_fake	0.943243	1
C:\My_Project\AIGC\results\research\p1_r8_shadow_composite_tradeoff_20260819\stress_cache\fake_463__combined_heavy.png	filtered_fake	0.951166	1
C:\My_Project\AIGC\results\research\p1_r8_shadow_composite_tradeoff_20260819\stress_cache\fake_463__eye_enlarging.png	filtered_fake	0.924827	1
C:\My_Project\AIGC\results\research\p1_r8_shadow_composite_tradeoff_20260819\stress_cache\fake_463__face_reshaping.png	filtered_fake	0.927462	1
C:\My_Project\AIGC\results\research\p1_r8_shadow_composite_tradeoff_20260819\stress_cache\fake_464__smoothing_light.png	filtered_fake	0.943430	1
C:\My_Project\AIGC\results\research\p1_r8_shadow_composite_tradeoff_20260819\stress_cache\fake_464__smoothing_medium.png	filtered_fake	0.942672	1
C:\My_Project\AIGC\results\research\p1_r8_shadow_composite_tradeoff_20260819\stress_cache\fake_464__smoothing_heavy.png	filtered_fake	0.935591	1
C:\My_Project\AIGC\results\research\p1_r8_shadow_composite_tradeoff_20260819\stress_cache\fake_464__whitening_medium.png	filtered_fake	0.932500	1
C:\My_Project\AIGC\results\research\p1_r8_shadow_composite_tradeoff_20260819\stress_cache\fake_464__combined_medium.png	filtered_fake	0.943442	1
C:\My_Project\AIGC\results\research\p1_r8_shadow_composite_tradeoff_20260819\stress_cache\fake_464__combined_heavy.png	filtered_fake	0.939125	1
C:\My_Project\AIGC\results\research\p1_r8_shadow_composite_tradeoff_20260819\stress_cache\fake_464__eye_enlarging.png	filtered_fake	0.923333	1
C:\My_Project\AIGC\results\research\p1_r8_shadow_composite_tradeoff_20260819\stress_cache\fake_464__face_reshaping.png	filtered_fake	0.929290	1
C:\My_Project\AIGC\results\research\p1_r8_shadow_composite_tradeoff_20260819\stress_cache\fake_465__smoothing_light.png	filtered_fake	0.904455	1
C:\My_Project\AIGC\results\research\p1_r8_shadow_composite_tradeoff_20260819\stress_cache\fake_465__smoothing_medium.png	filtered_fake	0.927282	1
C:\My_Project\AIGC\results\research\p1_r8_shadow_composite_tradeoff_20260819\stress_cache\fake_465__smoothing_heavy.png	filtered_fake	0.930561	1
C:\My_Project\AIGC\results\research\p1_r8_shadow_composite_tradeoff_20260819\stress_cache\fake_465__whitening_medium.png	filtered_fake	0.927707	1
C:\My_Project\AIGC\results\research\p1_r8_shadow_composite_tradeoff_20260819\stress_cache\fake_465__combined_medium.png	filtered_fake	0.936310	1
C:\My_Project\AIGC\results\research\p1_r8_shadow_composite_tradeoff_20260819\stress_cache\fake_465__combined_heavy.png	filtered_fake	0.930487	1
C:\My_Project\AIGC\results\research\p1_r8_shadow_composite_tradeoff_20260819\stress_cache\fake_465__eye_enlarging.png	filtered_fake	0.930609	1
C:\My_Project\AIGC\results\research\p1_r8_shadow_composite_tradeoff_20260819\stress_cache\fake_465__face_reshaping.png	filtered_fake	0.937914	1
C:\My_Project\AIGC\results\research\p1_r8_shadow_composite_tradeoff_20260819\stress_cache\fake_466__smoothing_light.png	filtered_fake	0.943844	1
C:\My_Project\AIGC\results\research\p1_r8_shadow_composite_tradeoff_20260819\stress_cache\fake_466__smoothing_medium.png	filtered_fake	0.944119	1
C:\My_Project\AIGC\results\research\p1_r8_shadow_composite_tradeoff_20260819\stress_cache\fake_466__smoothing_heavy.png	filtered_fake	0.941018	1
C:\My_Project\AIGC\results\research\p1_r8_shadow_composite_tradeoff_20260819\stress_cache\fake_466__whitening_medium.png	filtered_fake	0.924255	1
C:\My_Project\AIGC\results\research\p1_r8_shadow_composite_tradeoff_20260819\stress_cache\fake_466__combined_medium.png	filtered_fake	0.939256	1
C:\My_Project\AIGC\results\research\p1_r8_shadow_composite_tradeoff_20260819\stress_cache\fake_466__combined_heavy.png	filtered_fake	0.941483	1
C:\My_Project\AIGC\results\research\p1_r8_shadow_composite_tradeoff_20260819\stress_cache\fake_466__eye_enlarging.png	filtered_fake	0.931989	1
C:\My_Project\AIGC\results\research\p1_r8_shadow_composite_tradeoff_20260819\stress_cache\fake_466__face_reshaping.png	filtered_fake	0.923542	1
C:\My_Project\AIGC\results\research\p1_r8_shadow_composite_tradeoff_20260819\stress_cache\fake_467__smoothing_light.png	filtered_fake	0.935519	1
C:\My_Project\AIGC\results\research\p1_r8_shadow_composite_tradeoff_20260819\stress_cache\fake_467__smoothing_medium.png	filtered_fake	0.944300	1
C:\My_Project\AIGC\results\research\p1_r8_shadow_composite_tradeoff_20260819\stress_cache\fake_467__smoothing_heavy.png	filtered_fake	0.940311	1
C:\My_Project\AIGC\results\research\p1_r8_shadow_composite_tradeoff_20260819\stress_cache\fake_467__whitening_medium.png	filtered_fake	0.931891	1
C:\My_Project\AIGC\results\research\p1_r8_shadow_composite_tradeoff_20260819\stress_cache\fake_467__combined_medium.png	filtered_fake	0.943164	1
C:\My_Project\AIGC\results\research\p1_r8_shadow_composite_tradeoff_20260819\stress_cache\fake_467__combined_heavy.png	filtered_fake	0.943507	1
C:\My_Project\AIGC\results\research\p1_r8_shadow_composite_tradeoff_20260819\stress_cache\fake_467__eye_enlarging.png	filtered_fake	0.933510	1
C:\My_Project\AIGC\results\research\p1_r8_shadow_composite_tradeoff_20260819\stress_cache\fake_467__face_reshaping.png	filtered_fake	0.935623	1
C:\My_Project\AIGC\results\research\p1_r8_shadow_composite_tradeoff_20260819\stress_cache\fake_468__smoothing_light.png	filtered_fake	0.920678	1
C:\My_Project\AIGC\results\research\p1_r8_shadow_composite_tradeoff_20260819\stress_cache\fake_468__smoothing_medium.png	filtered_fake	0.942894	1
C:\My_Project\AIGC\results\research\p1_r8_shadow_composite_tradeoff_20260819\stress_cache\fake_468__smoothing_heavy.png	filtered_fake	0.942529	1
C:\My_Project\AIGC\results\research\p1_r8_shadow_composite_tradeoff_20260819\stress_cache\fake_468__whitening_medium.png	filtered_fake	0.913294	1
C:\My_Project\AIGC\results\research\p1_r8_shadow_composite_tradeoff_20260819\stress_cache\fake_468__combined_medium.png	filtered_fake	0.945237	1
C:\My_Project\AIGC\results\research\p1_r8_shadow_composite_tradeoff_20260819\stress_cache\fake_468__combined_heavy.png	filtered_fake	0.947759	1
C:\My_Project\AIGC\results\research\p1_r8_shadow_composite_tradeoff_20260819\stress_cache\fake_468__eye_enlarging.png	filtered_fake	0.899470	1
C:\My_Project\AIGC\results\research\p1_r8_shadow_composite_tradeoff_20260819\stress_cache\fake_468__face_reshaping.png	filtered_fake	0.902934	1
C:\My_Project\AIGC\results\research\p1_r8_shadow_composite_tradeoff_20260819\stress_cache\fake_469__smoothing_light.png	filtered_fake	0.940890	1
C:\My_Project\AIGC\results\research\p1_r8_shadow_composite_tradeoff_20260819\stress_cache\fake_469__smoothing_medium.png	filtered_fake	0.948882	1
C:\My_Project\AIGC\results\research\p1_r8_shadow_composite_tradeoff_20260819\stress_cache\fake_469__smoothing_heavy.png	filtered_fake	0.951002	1
C:\My_Project\AIGC\results\research\p1_r8_shadow_composite_tradeoff_20260819\stress_cache\fake_469__whitening_medium.png	filtered_fake	0.941928	1
C:\My_Project\AIGC\results\research\p1_r8_shadow_composite_tradeoff_20260819\stress_cache\fake_469__combined_medium.png	filtered_fake	0.947800	1
C:\My_Project\AIGC\results\research\p1_r8_shadow_composite_tradeoff_20260819\stress_cache\fake_469__combined_heavy.png	filtered_fake	0.944832	1
C:\My_Project\AIGC\results\research\p1_r8_shadow_composite_tradeoff_20260819\stress_cache\fake_469__eye_enlarging.png	filtered_fake	0.946920	1
C:\My_Project\AIGC\results\research\p1_r8_shadow_composite_tradeoff_20260819\stress_cache\fake_469__face_reshaping.png	filtered_fake	0.944880	1
C:\My_Project\AIGC\results\research\p1_r8_shadow_composite_tradeoff_20260819\stress_cache\fake_470__smoothing_light.png	filtered_fake	0.946847	1
C:\My_Project\AIGC\results\research\p1_r8_shadow_composite_tradeoff_20260819\stress_cache\fake_470__smoothing_medium.png	filtered_fake	0.946205	1
C:\My_Project\AIGC\results\research\p1_r8_shadow_composite_tradeoff_20260819\stress_cache\fake_470__smoothing_heavy.png	filtered_fake	0.947149	1
C:\My_Project\AIGC\results\research\p1_r8_shadow_composite_tradeoff_20260819\stress_cache\fake_470__whitening_medium.png	filtered_fake	0.935782	1
C:\My_Project\AIGC\results\research\p1_r8_shadow_composite_tradeoff_20260819\stress_cache\fake_470__combined_medium.png	filtered_fake	0.948401	1
C:\My_Project\AIGC\results\research\p1_r8_shadow_composite_tradeoff_20260819\stress_cache\fake_470__combined_heavy.png	filtered_fake	0.947383	1
C:\My_Project\AIGC\results\research\p1_r8_shadow_composite_tradeoff_20260819\stress_cache\fake_470__eye_enlarging.png	filtered_fake	0.935768	1
C:\My_Project\AIGC\results\research\p1_r8_shadow_composite_tradeoff_20260819\stress_cache\fake_470__face_reshaping.png	filtered_fake	0.939765	1
C:\My_Project\AIGC\results\research\p1_r8_shadow_composite_tradeoff_20260819\stress_cache\fake_471__smoothing_light.png	filtered_fake	0.936201	1
C:\My_Project\AIGC\results\research\p1_r8_shadow_composite_tradeoff_20260819\stress_cache\fake_471__smoothing_medium.png	filtered_fake	0.943612	1
C:\My_Project\AIGC\results\research\p1_r8_shadow_composite_tradeoff_20260819\stress_cache\fake_471__smoothing_heavy.png	filtered_fake	0.945455	1
C:\My_Project\AIGC\results\research\p1_r8_shadow_composite_tradeoff_20260819\stress_cache\fake_471__whitening_medium.png	filtered_fake	0.927369	1
C:\My_Project\AIGC\results\research\p1_r8_shadow_composite_tradeoff_20260819\stress_cache\fake_471__combined_medium.png	filtered_fake	0.943137	1
C:\My_Project\AIGC\results\research\p1_r8_shadow_composite_tradeoff_20260819\stress_cache\fake_471__combined_heavy.png	filtered_fake	0.947840	1
C:\My_Project\AIGC\results\research\p1_r8_shadow_composite_tradeoff_20260819\stress_cache\fake_471__eye_enlarging.png	filtered_fake	0.915517	1
C:\My_Project\AIGC\results\research\p1_r8_shadow_composite_tradeoff_20260819\stress_cache\fake_471__face_reshaping.png	filtered_fake	0.932122	1
C:\My_Project\AIGC\results\research\p1_r8_shadow_composite_tradeoff_20260819\stress_cache\fake_472__smoothing_light.png	filtered_fake	0.935216	1
C:\My_Project\AIGC\results\research\p1_r8_shadow_composite_tradeoff_20260819\stress_cache\fake_472__smoothing_medium.png	filtered_fake	0.941917	1
C:\My_Project\AIGC\results\research\p1_r8_shadow_composite_tradeoff_20260819\stress_cache\fake_472__smoothing_heavy.png	filtered_fake	0.944774	1
C:\My_Project\AIGC\results\research\p1_r8_shadow_composite_tradeoff_20260819\stress_cache\fake_472__whitening_medium.png	filtered_fake	0.945601	1
C:\My_Project\AIGC\results\research\p1_r8_shadow_composite_tradeoff_20260819\stress_cache\fake_472__combined_medium.png	filtered_fake	0.942947	1
C:\My_Project\AIGC\results\research\p1_r8_shadow_composite_tradeoff_20260819\stress_cache\fake_472__combined_heavy.png	filtered_fake	0.944056	1
C:\My_Project\AIGC\results\research\p1_r8_shadow_composite_tradeoff_20260819\stress_cache\fake_472__eye_enlarging.png	filtered_fake	0.945571	1
C:\My_Project\AIGC\results\research\p1_r8_shadow_composite_tradeoff_20260819\stress_cache\fake_472__face_reshaping.png	filtered_fake	0.950874	1
C:\My_Project\AIGC\results\research\p1_r8_shadow_composite_tradeoff_20260819\stress_cache\fake_674__smoothing_light.png	filtered_fake	0.859568	1
C:\My_Project\AIGC\results\research\p1_r8_shadow_composite_tradeoff_20260819\stress_cache\fake_674__smoothing_medium.png	filtered_fake	0.892660	1
C:\My_Project\AIGC\results\research\p1_r8_shadow_composite_tradeoff_20260819\stress_cache\fake_674__smoothing_heavy.png	filtered_fake	0.871083	1
C:\My_Project\AIGC\results\research\p1_r8_shadow_composite_tradeoff_20260819\stress_cache\fake_674__whitening_medium.png	filtered_fake	0.903988	1
C:\My_Project\AIGC\results\research\p1_r8_shadow_composite_tradeoff_20260819\stress_cache\fake_674__combined_medium.png	filtered_fake	0.920330	1
C:\My_Project\AIGC\results\research\p1_r8_shadow_composite_tradeoff_20260819\stress_cache\fake_674__combined_heavy.png	filtered_fake	0.907288	1
C:\My_Project\AIGC\results\research\p1_r8_shadow_composite_tradeoff_20260819\stress_cache\fake_674__eye_enlarging.png	filtered_fake	0.935941	1
C:\My_Project\AIGC\results\research\p1_r8_shadow_composite_tradeoff_20260819\stress_cache\fake_674__face_reshaping.png	filtered_fake	0.939395	1
C:\My_Project\AIGC\results\research\p1_r8_shadow_composite_tradeoff_20260819\stress_cache\fake_675__smoothing_light.png	filtered_fake	0.940040	1
C:\My_Project\AIGC\results\research\p1_r8_shadow_composite_tradeoff_20260819\stress_cache\fake_675__smoothing_medium.png	filtered_fake	0.937385	1
C:\My_Project\AIGC\results\research\p1_r8_shadow_composite_tradeoff_20260819\stress_cache\fake_675__smoothing_heavy.png	filtered_fake	0.932171	1
C:\My_Project\AIGC\results\research\p1_r8_shadow_composite_tradeoff_20260819\stress_cache\fake_675__whitening_medium.png	filtered_fake	0.931494	1
C:\My_Project\AIGC\results\research\p1_r8_shadow_composite_tradeoff_20260819\stress_cache\fake_675__combined_medium.png	filtered_fake	0.933483	1
C:\My_Project\AIGC\results\research\p1_r8_shadow_composite_tradeoff_20260819\stress_cache\fake_675__combined_heavy.png	filtered_fake	0.938168	1
C:\My_Project\AIGC\results\research\p1_r8_shadow_composite_tradeoff_20260819\stress_cache\fake_675__eye_enlarging.png	filtered_fake	0.935439	1
C:\My_Project\AIGC\results\research\p1_r8_shadow_composite_tradeoff_20260819\stress_cache\fake_675__face_reshaping.png	filtered_fake	0.936405	1
C:\My_Project\AIGC\results\research\p1_r8_shadow_composite_tradeoff_20260819\stress_cache\fake_676__smoothing_light.png	filtered_fake	0.913073	1
C:\My_Project\AIGC\results\research\p1_r8_shadow_composite_tradeoff_20260819\stress_cache\fake_676__smoothing_medium.png	filtered_fake	0.928342	1
C:\My_Project\AIGC\results\research\p1_r8_shadow_composite_tradeoff_20260819\stress_cache\fake_676__smoothing_heavy.png	filtered_fake	0.928862	1
C:\My_Project\AIGC\results\research\p1_r8_shadow_composite_tradeoff_20260819\stress_cache\fake_676__whitening_medium.png	filtered_fake	0.934253	1
C:\My_Project\AIGC\results\research\p1_r8_shadow_composite_tradeoff_20260819\stress_cache\fake_676__combined_medium.png	filtered_fake	0.930648	1
C:\My_Project\AIGC\results\research\p1_r8_shadow_composite_tradeoff_20260819\stress_cache\fake_676__combined_heavy.png	filtered_fake	0.935443	1
C:\My_Project\AIGC\results\research\p1_r8_shadow_composite_tradeoff_20260819\stress_cache\fake_676__eye_enlarging.png	filtered_fake	0.937163	1
C:\My_Project\AIGC\results\research\p1_r8_shadow_composite_tradeoff_20260819\stress_cache\fake_676__face_reshaping.png	filtered_fake	0.942917	1
C:\My_Project\AIGC\results\research\p1_r8_shadow_composite_tradeoff_20260819\stress_cache\fake_677__smoothing_light.png	filtered_fake	0.931951	1
C:\My_Project\AIGC\results\research\p1_r8_shadow_composite_tradeoff_20260819\stress_cache\fake_677__smoothing_medium.png	filtered_fake	0.942110	1
C:\My_Project\AIGC\results\research\p1_r8_shadow_composite_tradeoff_20260819\stress_cache\fake_677__smoothing_heavy.png	filtered_fake	0.944754	1
C:\My_Project\AIGC\results\research\p1_r8_shadow_composite_tradeoff_20260819\stress_cache\fake_677__whitening_medium.png	filtered_fake	0.930568	1
C:\My_Project\AIGC\results\research\p1_r8_shadow_composite_tradeoff_20260819\stress_cache\fake_677__combined_medium.png	filtered_fake	0.941917	1
C:\My_Project\AIGC\results\research\p1_r8_shadow_composite_tradeoff_20260819\stress_cache\fake_677__combined_heavy.png	filtered_fake	0.942321	1
C:\My_Project\AIGC\results\research\p1_r8_shadow_composite_tradeoff_20260819\stress_cache\fake_677__eye_enlarging.png	filtered_fake	0.939789	1
C:\My_Project\AIGC\results\research\p1_r8_shadow_composite_tradeoff_20260819\stress_cache\fake_677__face_reshaping.png	filtered_fake	0.933271	1
C:\My_Project\AIGC\results\research\p1_r8_shadow_composite_tradeoff_20260819\stress_cache\fake_679__smoothing_light.png	filtered_fake	0.940576	1
C:\My_Project\AIGC\results\research\p1_r8_shadow_composite_tradeoff_20260819\stress_cache\fake_679__smoothing_medium.png	filtered_fake	0.940346	1
C:\My_Project\AIGC\results\research\p1_r8_shadow_composite_tradeoff_20260819\stress_cache\fake_679__smoothing_heavy.png	filtered_fake	0.938797	1
C:\My_Project\AIGC\results\research\p1_r8_shadow_composite_tradeoff_20260819\stress_cache\fake_679__whitening_medium.png	filtered_fake	0.935835	1
C:\My_Project\AIGC\results\research\p1_r8_shadow_composite_tradeoff_20260819\stress_cache\fake_679__combined_medium.png	filtered_fake	0.940210	1
C:\My_Project\AIGC\results\research\p1_r8_shadow_composite_tradeoff_20260819\stress_cache\fake_679__combined_heavy.png	filtered_fake	0.944715	1
C:\My_Project\AIGC\results\research\p1_r8_shadow_composite_tradeoff_20260819\stress_cache\fake_679__eye_enlarging.png	filtered_fake	0.935844	1
C:\My_Project\AIGC\results\research\p1_r8_shadow_composite_tradeoff_20260819\stress_cache\fake_679__face_reshaping.png	filtered_fake	0.927186	1
C:\My_Project\AIGC\results\research\p1_r8_shadow_composite_tradeoff_20260819\stress_cache\fake_680__smoothing_light.png	filtered_fake	0.931683	1
C:\My_Project\AIGC\results\research\p1_r8_shadow_composite_tradeoff_20260819\stress_cache\fake_680__smoothing_medium.png	filtered_fake	0.934742	1
C:\My_Project\AIGC\results\research\p1_r8_shadow_composite_tradeoff_20260819\stress_cache\fake_680__smoothing_heavy.png	filtered_fake	0.937951	1
C:\My_Project\AIGC\results\research\p1_r8_shadow_composite_tradeoff_20260819\stress_cache\fake_680__whitening_medium.png	filtered_fake	0.936312	1
C:\My_Project\AIGC\results\research\p1_r8_shadow_composite_tradeoff_20260819\stress_cache\fake_680__combined_medium.png	filtered_fake	0.939926	1
C:\My_Project\AIGC\results\research\p1_r8_shadow_composite_tradeoff_20260819\stress_cache\fake_680__combined_heavy.png	filtered_fake	0.941853	1
C:\My_Project\AIGC\results\research\p1_r8_shadow_composite_tradeoff_20260819\stress_cache\fake_680__eye_enlarging.png	filtered_fake	0.938976	1
C:\My_Project\AIGC\results\research\p1_r8_shadow_composite_tradeoff_20260819\stress_cache\fake_680__face_reshaping.png	filtered_fake	0.937260	1
C:\My_Project\AIGC\results\research\p1_r8_shadow_composite_tradeoff_20260819\stress_cache\fake_681__smoothing_light.png	filtered_fake	0.940049	1
C:\My_Project\AIGC\results\research\p1_r8_shadow_composite_tradeoff_20260819\stress_cache\fake_681__smoothing_medium.png	filtered_fake	0.943505	1
C:\My_Project\AIGC\results\research\p1_r8_shadow_composite_tradeoff_20260819\stress_cache\fake_681__smoothing_heavy.png	filtered_fake	0.940667	1
C:\My_Project\AIGC\results\research\p1_r8_shadow_composite_tradeoff_20260819\stress_cache\fake_681__whitening_medium.png	filtered_fake	0.923545	1
C:\My_Project\AIGC\results\research\p1_r8_shadow_composite_tradeoff_20260819\stress_cache\fake_681__combined_medium.png	filtered_fake	0.942332	1
C:\My_Project\AIGC\results\research\p1_r8_shadow_composite_tradeoff_20260819\stress_cache\fake_681__combined_heavy.png	filtered_fake	0.942469	1
C:\My_Project\AIGC\results\research\p1_r8_shadow_composite_tradeoff_20260819\stress_cache\fake_681__eye_enlarging.png	filtered_fake	0.928697	1
C:\My_Project\AIGC\results\research\p1_r8_shadow_composite_tradeoff_20260819\stress_cache\fake_681__face_reshaping.png	filtered_fake	0.927934	1
C:\My_Project\AIGC\results\research\p1_r8_shadow_composite_tradeoff_20260819\stress_cache\fake_682__smoothing_light.png	filtered_fake	0.939774	1
C:\My_Project\AIGC\results\research\p1_r8_shadow_composite_tradeoff_20260819\stress_cache\fake_682__smoothing_medium.png	filtered_fake	0.947022	1
C:\My_Project\AIGC\results\research\p1_r8_shadow_composite_tradeoff_20260819\stress_cache\fake_682__smoothing_heavy.png	filtered_fake	0.952553	1
C:\My_Project\AIGC\results\research\p1_r8_shadow_composite_tradeoff_20260819\stress_cache\fake_682__whitening_medium.png	filtered_fake	0.937026	1
C:\My_Project\AIGC\results\research\p1_r8_shadow_composite_tradeoff_20260819\stress_cache\fake_682__combined_medium.png	filtered_fake	0.946355	1
C:\My_Project\AIGC\results\research\p1_r8_shadow_composite_tradeoff_20260819\stress_cache\fake_682__combined_heavy.png	filtered_fake	0.952502	1
C:\My_Project\AIGC\results\research\p1_r8_shadow_composite_tradeoff_20260819\stress_cache\fake_682__eye_enlarging.png	filtered_fake	0.942291	1
C:\My_Project\AIGC\results\research\p1_r8_shadow_composite_tradeoff_20260819\stress_cache\fake_682__face_reshaping.png	filtered_fake	0.931163	1
C:\My_Project\AIGC\results\research\p1_r8_shadow_composite_tradeoff_20260819\stress_cache\fake_683__smoothing_light.png	filtered_fake	0.936637	1
C:\My_Project\AIGC\results\research\p1_r8_shadow_composite_tradeoff_20260819\stress_cache\fake_683__smoothing_medium.png	filtered_fake	0.943874	1
C:\My_Project\AIGC\results\research\p1_r8_shadow_composite_tradeoff_20260819\stress_cache\fake_683__smoothing_heavy.png	filtered_fake	0.946102	1
C:\My_Project\AIGC\results\research\p1_r8_shadow_composite_tradeoff_20260819\stress_cache\fake_683__whitening_medium.png	filtered_fake	0.933139	1
C:\My_Project\AIGC\results\research\p1_r8_shadow_composite_tradeoff_20260819\stress_cache\fake_683__combined_medium.png	filtered_fake	0.945931	1
C:\My_Project\AIGC\results\research\p1_r8_shadow_composite_tradeoff_20260819\stress_cache\fake_683__combined_heavy.png	filtered_fake	0.946634	1
C:\My_Project\AIGC\results\research\p1_r8_shadow_composite_tradeoff_20260819\stress_cache\fake_683__eye_enlarging.png	filtered_fake	0.936218	1
C:\My_Project\AIGC\results\research\p1_r8_shadow_composite_tradeoff_20260819\stress_cache\fake_683__face_reshaping.png	filtered_fake	0.931494	1
C:\My_Project\AIGC\results\research\p1_r8_shadow_composite_tradeoff_20260819\stress_cache\fake_684__smoothing_light.png	filtered_fake	0.942706	1
C:\My_Project\AIGC\results\research\p1_r8_shadow_composite_tradeoff_20260819\stress_cache\fake_684__smoothing_medium.png	filtered_fake	0.946427	1
C:\My_Project\AIGC\results\research\p1_r8_shadow_composite_tradeoff_20260819\stress_cache\fake_684__smoothing_heavy.png	filtered_fake	0.947739	1
C:\My_Project\AIGC\results\research\p1_r8_shadow_composite_tradeoff_20260819\stress_cache\fake_684__whitening_medium.png	filtered_fake	0.924681	1
C:\My_Project\AIGC\results\research\p1_r8_shadow_composite_tradeoff_20260819\stress_cache\fake_684__combined_medium.png	filtered_fake	0.946086	1
C:\My_Project\AIGC\results\research\p1_r8_shadow_composite_tradeoff_20260819\stress_cache\fake_684__combined_heavy.png	filtered_fake	0.945967	1
C:\My_Project\AIGC\results\research\p1_r8_shadow_composite_tradeoff_20260819\stress_cache\fake_684__eye_enlarging.png	filtered_fake	0.931450	1
C:\My_Project\AIGC\results\research\p1_r8_shadow_composite_tradeoff_20260819\stress_cache\fake_684__face_reshaping.png	filtered_fake	0.933397	1
C:\My_Project\AIGC\results\research\p1_r8_shadow_composite_tradeoff_20260819\stress_cache\fake_685__smoothing_light.png	filtered_fake	0.939275	1
C:\My_Project\AIGC\results\research\p1_r8_shadow_composite_tradeoff_20260819\stress_cache\fake_685__smoothing_medium.png	filtered_fake	0.942472	1
C:\My_Project\AIGC\results\research\p1_r8_shadow_composite_tradeoff_20260819\stress_cache\fake_685__smoothing_heavy.png	filtered_fake	0.942592	1
C:\My_Project\AIGC\results\research\p1_r8_shadow_composite_tradeoff_20260819\stress_cache\fake_685__whitening_medium.png	filtered_fake	0.919272	1
C:\My_Project\AIGC\results\research\p1_r8_shadow_composite_tradeoff_20260819\stress_cache\fake_685__combined_medium.png	filtered_fake	0.943388	1
C:\My_Project\AIGC\results\research\p1_r8_shadow_composite_tradeoff_20260819\stress_cache\fake_685__combined_heavy.png	filtered_fake	0.942282	1
C:\My_Project\AIGC\results\research\p1_r8_shadow_composite_tradeoff_20260819\stress_cache\fake_685__eye_enlarging.png	filtered_fake	0.916836	1
C:\My_Project\AIGC\results\research\p1_r8_shadow_composite_tradeoff_20260819\stress_cache\fake_685__face_reshaping.png	filtered_fake	0.925925	1
C:\My_Project\AIGC\results\research\p1_r8_shadow_composite_tradeoff_20260819\stress_cache\fake_686__smoothing_light.png	filtered_fake	0.934936	1
C:\My_Project\AIGC\results\research\p1_r8_shadow_composite_tradeoff_20260819\stress_cache\fake_686__smoothing_medium.png	filtered_fake	0.943495	1
C:\My_Project\AIGC\results\research\p1_r8_shadow_composite_tradeoff_20260819\stress_cache\fake_686__smoothing_heavy.png	filtered_fake	0.948665	1
C:\My_Project\AIGC\results\research\p1_r8_shadow_composite_tradeoff_20260819\stress_cache\fake_686__whitening_medium.png	filtered_fake	0.944889	1
C:\My_Project\AIGC\results\research\p1_r8_shadow_composite_tradeoff_20260819\stress_cache\fake_686__combined_medium.png	filtered_fake	0.944513	1
C:\My_Project\AIGC\results\research\p1_r8_shadow_composite_tradeoff_20260819\stress_cache\fake_686__combined_heavy.png	filtered_fake	0.944504	1
C:\My_Project\AIGC\results\research\p1_r8_shadow_composite_tradeoff_20260819\stress_cache\fake_686__eye_enlarging.png	filtered_fake	0.932044	1
C:\My_Project\AIGC\results\research\p1_r8_shadow_composite_tradeoff_20260819\stress_cache\fake_686__face_reshaping.png	filtered_fake	0.924415	1
C:\My_Project\AIGC\results\research\p1_r8_shadow_composite_tradeoff_20260819\stress_cache\fake_687__smoothing_light.png	filtered_fake	0.936769	1
C:\My_Project\AIGC\results\research\p1_r8_shadow_composite_tradeoff_20260819\stress_cache\fake_687__smoothing_medium.png	filtered_fake	0.942473	1
C:\My_Project\AIGC\results\research\p1_r8_shadow_composite_tradeoff_20260819\stress_cache\fake_687__smoothing_heavy.png	filtered_fake	0.940770	1
C:\My_Project\AIGC\results\research\p1_r8_shadow_composite_tradeoff_20260819\stress_cache\fake_687__whitening_medium.png	filtered_fake	0.934705	1
C:\My_Project\AIGC\results\research\p1_r8_shadow_composite_tradeoff_20260819\stress_cache\fake_687__combined_medium.png	filtered_fake	0.941737	1
C:\My_Project\AIGC\results\research\p1_r8_shadow_composite_tradeoff_20260819\stress_cache\fake_687__combined_heavy.png	filtered_fake	0.939093	1
C:\My_Project\AIGC\results\research\p1_r8_shadow_composite_tradeoff_20260819\stress_cache\fake_687__eye_enlarging.png	filtered_fake	0.947592	1
C:\My_Project\AIGC\results\research\p1_r8_shadow_composite_tradeoff_20260819\stress_cache\fake_687__face_reshaping.png	filtered_fake	0.945013	1
C:\My_Project\AIGC\results\research\p1_r8_shadow_composite_tradeoff_20260819\stress_cache\fake_688__smoothing_light.png	filtered_fake	0.951788	1
C:\My_Project\AIGC\results\research\p1_r8_shadow_composite_tradeoff_20260819\stress_cache\fake_688__smoothing_medium.png	filtered_fake	0.949179	1
C:\My_Project\AIGC\results\research\p1_r8_shadow_composite_tradeoff_20260819\stress_cache\fake_688__smoothing_heavy.png	filtered_fake	0.952122	1
C:\My_Project\AIGC\results\research\p1_r8_shadow_composite_tradeoff_20260819\stress_cache\fake_688__whitening_medium.png	filtered_fake	0.938022	1
C:\My_Project\AIGC\results\research\p1_r8_shadow_composite_tradeoff_20260819\stress_cache\fake_688__combined_medium.png	filtered_fake	0.951613	1
C:\My_Project\AIGC\results\research\p1_r8_shadow_composite_tradeoff_20260819\stress_cache\fake_688__combined_heavy.png	filtered_fake	0.950059	1
C:\My_Project\AIGC\results\research\p1_r8_shadow_composite_tradeoff_20260819\stress_cache\fake_688__eye_enlarging.png	filtered_fake	0.941780	1
C:\My_Project\AIGC\results\research\p1_r8_shadow_composite_tradeoff_20260819\stress_cache\fake_688__face_reshaping.png	filtered_fake	0.935738	1
C:\My_Project\AIGC\results\research\p1_r8_shadow_composite_tradeoff_20260819\stress_cache\fake_689__smoothing_light.png	filtered_fake	0.920900	1
C:\My_Project\AIGC\results\research\p1_r8_shadow_composite_tradeoff_20260819\stress_cache\fake_689__smoothing_medium.png	filtered_fake	0.931633	1
C:\My_Project\AIGC\results\research\p1_r8_shadow_composite_tradeoff_20260819\stress_cache\fake_689__smoothing_heavy.png	filtered_fake	0.937982	1
C:\My_Project\AIGC\results\research\p1_r8_shadow_composite_tradeoff_20260819\stress_cache\fake_689__whitening_medium.png	filtered_fake	0.931296	1
C:\My_Project\AIGC\results\research\p1_r8_shadow_composite_tradeoff_20260819\stress_cache\fake_689__combined_medium.png	filtered_fake	0.936302	1
C:\My_Project\AIGC\results\research\p1_r8_shadow_composite_tradeoff_20260819\stress_cache\fake_689__combined_heavy.png	filtered_fake	0.937474	1
C:\My_Project\AIGC\results\research\p1_r8_shadow_composite_tradeoff_20260819\stress_cache\fake_689__eye_enlarging.png	filtered_fake	0.927598	1
C:\My_Project\AIGC\results\research\p1_r8_shadow_composite_tradeoff_20260819\stress_cache\fake_689__face_reshaping.png	filtered_fake	0.932780	1
C:\My_Project\AIGC\results\research\p1_r8_shadow_composite_tradeoff_20260819\stress_cache\fake_690__smoothing_light.png	filtered_fake	0.929546	1
C:\My_Project\AIGC\results\research\p1_r8_shadow_composite_tradeoff_20260819\stress_cache\fake_690__smoothing_medium.png	filtered_fake	0.935720	1
C:\My_Project\AIGC\results\research\p1_r8_shadow_composite_tradeoff_20260819\stress_cache\fake_690__smoothing_heavy.png	filtered_fake	0.934795	1
C:\My_Project\AIGC\results\research\p1_r8_shadow_composite_tradeoff_20260819\stress_cache\fake_690__whitening_medium.png	filtered_fake	0.943249	1
C:\My_Project\AIGC\results\research\p1_r8_shadow_composite_tradeoff_20260819\stress_cache\fake_690__combined_medium.png	filtered_fake	0.938326	1
C:\My_Project\AIGC\results\research\p1_r8_shadow_composite_tradeoff_20260819\stress_cache\fake_690__combined_heavy.png	filtered_fake	0.941213	1
C:\My_Project\AIGC\results\research\p1_r8_shadow_composite_tradeoff_20260819\stress_cache\fake_690__eye_enlarging.png	filtered_fake	0.945608	1
C:\My_Project\AIGC\results\research\p1_r8_shadow_composite_tradeoff_20260819\stress_cache\fake_690__face_reshaping.png	filtered_fake	0.941550	1
C:\My_Project\AIGC\results\research\p1_r8_shadow_composite_tradeoff_20260819\stress_cache\fake_691__smoothing_light.png	filtered_fake	0.949029	1
C:\My_Project\AIGC\results\research\p1_r8_shadow_composite_tradeoff_20260819\stress_cache\fake_691__smoothing_medium.png	filtered_fake	0.949596	1
C:\My_Project\AIGC\results\research\p1_r8_shadow_composite_tradeoff_20260819\stress_cache\fake_691__smoothing_heavy.png	filtered_fake	0.955146	1
C:\My_Project\AIGC\results\research\p1_r8_shadow_composite_tradeoff_20260819\stress_cache\fake_691__whitening_medium.png	filtered_fake	0.926012	1
C:\My_Project\AIGC\results\research\p1_r8_shadow_composite_tradeoff_20260819\stress_cache\fake_691__combined_medium.png	filtered_fake	0.950667	1
C:\My_Project\AIGC\results\research\p1_r8_shadow_composite_tradeoff_20260819\stress_cache\fake_691__combined_heavy.png	filtered_fake	0.947477	1
C:\My_Project\AIGC\results\research\p1_r8_shadow_composite_tradeoff_20260819\stress_cache\fake_691__eye_enlarging.png	filtered_fake	0.921461	1
C:\My_Project\AIGC\results\research\p1_r8_shadow_composite_tradeoff_20260819\stress_cache\fake_691__face_reshaping.png	filtered_fake	0.933673	1
C:\My_Project\AIGC\results\research\p1_r8_shadow_composite_tradeoff_20260819\stress_cache\fake_692__smoothing_light.png	filtered_fake	0.933666	1
C:\My_Project\AIGC\results\research\p1_r8_shadow_composite_tradeoff_20260819\stress_cache\fake_692__smoothing_medium.png	filtered_fake	0.936652	1
C:\My_Project\AIGC\results\research\p1_r8_shadow_composite_tradeoff_20260819\stress_cache\fake_692__smoothing_heavy.png	filtered_fake	0.935077	1
C:\My_Project\AIGC\results\research\p1_r8_shadow_composite_tradeoff_20260819\stress_cache\fake_692__whitening_medium.png	filtered_fake	0.931089	1
C:\My_Project\AIGC\results\research\p1_r8_shadow_composite_tradeoff_20260819\stress_cache\fake_692__combined_medium.png	filtered_fake	0.933683	1
C:\My_Project\AIGC\results\research\p1_r8_shadow_composite_tradeoff_20260819\stress_cache\fake_692__combined_heavy.png	filtered_fake	0.934023	1
C:\My_Project\AIGC\results\research\p1_r8_shadow_composite_tradeoff_20260819\stress_cache\fake_692__eye_enlarging.png	filtered_fake	0.938248	1
C:\My_Project\AIGC\results\research\p1_r8_shadow_composite_tradeoff_20260819\stress_cache\fake_692__face_reshaping.png	filtered_fake	0.943640	1
C:\My_Project\AIGC\results\research\p1_r8_shadow_composite_tradeoff_20260819\stress_cache\fake_9299__smoothing_light.png	filtered_fake	0.952525	1
C:\My_Project\AIGC\results\research\p1_r8_shadow_composite_tradeoff_20260819\stress_cache\fake_9299__smoothing_medium.png	filtered_fake	0.947957	1
C:\My_Project\AIGC\results\research\p1_r8_shadow_composite_tradeoff_20260819\stress_cache\fake_9299__smoothing_heavy.png	filtered_fake	0.949024	1
C:\My_Project\AIGC\results\research\p1_r8_shadow_composite_tradeoff_20260819\stress_cache\fake_9299__whitening_medium.png	filtered_fake	0.941684	1
C:\My_Project\AIGC\results\research\p1_r8_shadow_composite_tradeoff_20260819\stress_cache\fake_9299__combined_medium.png	filtered_fake	0.945998	1
C:\My_Project\AIGC\results\research\p1_r8_shadow_composite_tradeoff_20260819\stress_cache\fake_9299__combined_heavy.png	filtered_fake	0.946200	1
C:\My_Project\AIGC\results\research\p1_r8_shadow_composite_tradeoff_20260819\stress_cache\fake_9299__eye_enlarging.png	filtered_fake	0.934001	1
C:\My_Project\AIGC\results\research\p1_r8_shadow_composite_tradeoff_20260819\stress_cache\fake_9299__face_reshaping.png	filtered_fake	0.929507	1
C:\My_Project\AIGC\results\research\p1_r8_shadow_composite_tradeoff_20260819\stress_cache\fake_9909__smoothing_light.png	filtered_fake	0.944080	1
C:\My_Project\AIGC\results\research\p1_r8_shadow_composite_tradeoff_20260819\stress_cache\fake_9909__smoothing_medium.png	filtered_fake	0.947419	1
C:\My_Project\AIGC\results\research\p1_r8_shadow_composite_tradeoff_20260819\stress_cache\fake_9909__smoothing_heavy.png	filtered_fake	0.948059	1
C:\My_Project\AIGC\results\research\p1_r8_shadow_composite_tradeoff_20260819\stress_cache\fake_9909__whitening_medium.png	filtered_fake	0.925094	1
C:\My_Project\AIGC\results\research\p1_r8_shadow_composite_tradeoff_20260819\stress_cache\fake_9909__combined_medium.png	filtered_fake	0.947625	1
C:\My_Project\AIGC\results\research\p1_r8_shadow_composite_tradeoff_20260819\stress_cache\fake_9909__combined_heavy.png	filtered_fake	0.950102	1
C:\My_Project\AIGC\results\research\p1_r8_shadow_composite_tradeoff_20260819\stress_cache\fake_9909__eye_enlarging.png	filtered_fake	0.923925	1
C:\My_Project\AIGC\results\research\p1_r8_shadow_composite_tradeoff_20260819\stress_cache\fake_9909__face_reshaping.png	filtered_fake	0.914656	1
