image_path,source,k,masking_method,condition,score,drop,original_score
C:\My_Project\AIGC\AIGuard\unseen\fake_120.jpg,aiguard_unseen,0.05,blur,random_seed0,0.94007,0.004961,0.945031
C:\My_Project\AIGC\AIGuard\unseen\fake_120.jpg,aiguard_unseen,0.05,blur,random_seed1,0.940829,0.004202,0.945031
C:\My_Project\AIGC\AIGuard\unseen\fake_120.jpg,aiguard_unseen,0.05,blur,random_seed2,0.941043,0.003988,0.945031
C:\My_Project\AIGC\AIGuard\unseen\fake_120.jpg,aiguard_unseen,0.05,blur,random_seed3,0.94451,0.000521,0.945031
C:\My_Project\AIGC\AIGuard\unseen\fake_120.jpg,aiguard_unseen,0.05,blur,random_seed4,0.946146,-0.001115,0.945031
C:\My_Project\AIGC\AIGuard\unseen\fake_120.jpg,aiguard_unseen,0.05,blur,hot,0.940927,0.004104,0.945031
C:\My_Project\AIGC\AIGuard\unseen\fake_120.jpg,aiguard_unseen,0.05,blur,bottom,0.948914,-0.003883,0.945031
C:\My_Project\AIGC\AIGuard\unseen\fake_120.jpg,aiguard_unseen,0.05,blur,random_mean,0.94252,0.002511,0.945031
C:\My_Project\AIGC\AIGuard\unseen\fake_120.jpg,aiguard_unseen,0.05,constant_fill_CONFOUNDED,hot,0.934864,0.010167,0.945031
C:\My_Project\AIGC\AIGuard\unseen\fake_120.jpg,aiguard_unseen,0.05,constant_fill_CONFOUNDED,bottom,0.922432,0.022599,0.945031
C:\My_Project\AIGC\AIGuard\unseen\fake_120.jpg,aiguard_unseen,0.05,constant_fill_CONFOUNDED,random_scattered,0.936063,0.008967,0.945031
C:\My_Project\AIGC\AIGuard\unseen\fake_120.jpg,aiguard_unseen,0.1,blur,random_seed0,0.935385,0.009646,0.945031
C:\My_Project\AIGC\AIGuard\unseen\fake_120.jpg,aiguard_unseen,0.1,blur,random_seed1,0.937055,0.007976,0.945031
C:\My_Project\AIGC\AIGuard\unseen\fake_120.jpg,aiguard_unseen,0.1,blur,random_seed2,0.936626,0.008405,0.945031
C:\My_Project\AIGC\AIGuard\unseen\fake_120.jpg,aiguard_unseen,0.1,blur,random_seed3,0.944295,0.000736,0.945031
C:\My_Project\AIGC\AIGuard\unseen\fake_120.jpg,aiguard_unseen,0.1,blur,random_seed4,0.927429,0.017602,0.945031
C:\My_Project\AIGC\AIGuard\unseen\fake_120.jpg,aiguard_unseen,0.1,blur,hot,0.929298,0.015733,0.945031
C:\My_Project\AIGC\AIGuard\unseen\fake_120.jpg,aiguard_unseen,0.1,blur,bottom,0.950604,-0.005573,0.945031
C:\My_Project\AIGC\AIGuard\unseen\fake_120.jpg,aiguard_unseen,0.1,blur,random_mean,0.936158,0.008873,0.945031
C:\My_Project\AIGC\AIGuard\unseen\fake_120.jpg,aiguard_unseen,0.1,constant_fill_CONFOUNDED,hot,0.921023,0.024008,0.945031
C:\My_Project\AIGC\AIGuard\unseen\fake_120.jpg,aiguard_unseen,0.1,constant_fill_CONFOUNDED,bottom,0.9273,0.017731,0.945031
C:\My_Project\AIGC\AIGuard\unseen\fake_120.jpg,aiguard_unseen,0.1,constant_fill_CONFOUNDED,random_scattered,0.935779,0.009251,0.945031
C:\My_Project\AIGC\AIGuard\unseen\fake_120.jpg,aiguard_unseen,0.2,blur,random_seed0,0.858242,0.086789,0.945031
C:\My_Project\AIGC\AIGuard\unseen\fake_120.jpg,aiguard_unseen,0.2,blur,random_seed1,0.934487,0.010544,0.945031
C:\My_Project\AIGC\AIGuard\unseen\fake_120.jpg,aiguard_unseen,0.2,blur,random_seed2,0.917637,0.027394,0.945031
C:\My_Project\AIGC\AIGuard\unseen\fake_120.jpg,aiguard_unseen,0.2,blur,random_seed3,0.942286,0.002745,0.945031
C:\My_Project\AIGC\AIGuard\unseen\fake_120.jpg,aiguard_unseen,0.2,blur,random_seed4,0.941936,0.003095,0.945031
C:\My_Project\AIGC\AIGuard\unseen\fake_120.jpg,aiguard_unseen,0.2,blur,hot,0.804168,0.140863,0.945031
C:\My_Project\AIGC\AIGuard\unseen\fake_120.jpg,aiguard_unseen,0.2,blur,bottom,0.951059,-0.006028,0.945031
C:\My_Project\AIGC\AIGuard\unseen\fake_120.jpg,aiguard_unseen,0.2,blur,random_mean,0.918917,0.026113,0.945031
C:\My_Project\AIGC\AIGuard\unseen\fake_120.jpg,aiguard_unseen,0.2,constant_fill_CONFOUNDED,hot,0.886748,0.058283,0.945031
C:\My_Project\AIGC\AIGuard\unseen\fake_120.jpg,aiguard_unseen,0.2,constant_fill_CONFOUNDED,bottom,0.90517,0.039861,0.945031
C:\My_Project\AIGC\AIGuard\unseen\fake_120.jpg,aiguard_unseen,0.2,constant_fill_CONFOUNDED,random_scattered,0.92984,0.015191,0.945031
C:\My_Project\AIGC\AIGuard\unseen\fake_135.jpg,aiguard_unseen,0.05,blur,random_seed0,0.927545,0.002412,0.929958
C:\My_Project\AIGC\AIGuard\unseen\fake_135.jpg,aiguard_unseen,0.05,blur,random_seed1,0.929565,0.000393,0.929958
C:\My_Project\AIGC\AIGuard\unseen\fake_135.jpg,aiguard_unseen,0.05,blur,random_seed2,0.929891,6.7e-05,0.929958
C:\My_Project\AIGC\AIGuard\unseen\fake_135.jpg,aiguard_unseen,0.05,blur,random_seed3,0.927584,0.002374,0.929958
C:\My_Project\AIGC\AIGuard\unseen\fake_135.jpg,aiguard_unseen,0.05,blur,random_seed4,0.926906,0.003052,0.929958
C:\My_Project\AIGC\AIGuard\unseen\fake_135.jpg,aiguard_unseen,0.05,blur,hot,0.92761,0.002348,0.929958
C:\My_Project\AIGC\AIGuard\unseen\fake_135.jpg,aiguard_unseen,0.05,blur,bottom,0.931435,-0.001477,0.929958
C:\My_Project\AIGC\AIGuard\unseen\fake_135.jpg,aiguard_unseen,0.05,blur,random_mean,0.928298,0.00166,0.929958
C:\My_Project\AIGC\AIGuard\unseen\fake_135.jpg,aiguard_unseen,0.05,constant_fill_CONFOUNDED,hot,0.926401,0.003557,0.929958
C:\My_Project\AIGC\AIGuard\unseen\fake_135.jpg,aiguard_unseen,0.05,constant_fill_CONFOUNDED,bottom,0.928683,0.001275,0.929958
C:\My_Project\AIGC\AIGuard\unseen\fake_135.jpg,aiguard_unseen,0.05,constant_fill_CONFOUNDED,random_scattered,0.903192,0.026766,0.929958
C:\My_Project\AIGC\AIGuard\unseen\fake_135.jpg,aiguard_unseen,0.1,blur,random_seed0,0.912924,0.017034,0.929958
C:\My_Project\AIGC\AIGuard\unseen\fake_135.jpg,aiguard_unseen,0.1,blur,random_seed1,0.925541,0.004417,0.929958
C:\My_Project\AIGC\AIGuard\unseen\fake_135.jpg,aiguard_unseen,0.1,blur,random_seed2,0.930976,-0.001018,0.929958
C:\My_Project\AIGC\AIGuard\unseen\fake_135.jpg,aiguard_unseen,0.1,blur,random_seed3,0.932677,-0.002719,0.929958
C:\My_Project\AIGC\AIGuard\unseen\fake_135.jpg,aiguard_unseen,0.1,blur,random_seed4,0.922057,0.007901,0.929958
C:\My_Project\AIGC\AIGuard\unseen\fake_135.jpg,aiguard_unseen,0.1,blur,hot,0.81664,0.113318,0.929958
C:\My_Project\AIGC\AIGuard\unseen\fake_135.jpg,aiguard_unseen,0.1,blur,bottom,0.93235,-0.002392,0.929958
C:\My_Project\AIGC\AIGuard\unseen\fake_135.jpg,aiguard_unseen,0.1,blur,random_mean,0.924835,0.005123,0.929958
C:\My_Project\AIGC\AIGuard\unseen\fake_135.jpg,aiguard_unseen,0.1,constant_fill_CONFOUNDED,hot,0.786555,0.143403,0.929958
C:\My_Project\AIGC\AIGuard\unseen\fake_135.jpg,aiguard_unseen,0.1,constant_fill_CONFOUNDED,bottom,0.92571,0.004248,0.929958
C:\My_Project\AIGC\AIGuard\unseen\fake_135.jpg,aiguard_unseen,0.1,constant_fill_CONFOUNDED,random_scattered,0.910866,0.019092,0.929958
C:\My_Project\AIGC\AIGuard\unseen\fake_135.jpg,aiguard_unseen,0.2,blur,random_seed0,0.906252,0.023706,0.929958
C:\My_Project\AIGC\AIGuard\unseen\fake_135.jpg,aiguard_unseen,0.2,blur,random_seed1,0.896434,0.033524,0.929958
C:\My_Project\AIGC\AIGuard\unseen\fake_135.jpg,aiguard_unseen,0.2,blur,random_seed2,0.901701,0.028257,0.929958
C:\My_Project\AIGC\AIGuard\unseen\fake_135.jpg,aiguard_unseen,0.2,blur,random_seed3,0.922582,0.007376,0.929958
C:\My_Project\AIGC\AIGuard\unseen\fake_135.jpg,aiguard_unseen,0.2,blur,random_seed4,0.741545,0.188413,0.929958
C:\My_Project\AIGC\AIGuard\unseen\fake_135.jpg,aiguard_unseen,0.2,blur,hot,0.678895,0.251063,0.929958
C:\My_Project\AIGC\AIGuard\unseen\fake_135.jpg,aiguard_unseen,0.2,blur,bottom,0.937617,-0.007659,0.929958
C:\My_Project\AIGC\AIGuard\unseen\fake_135.jpg,aiguard_unseen,0.2,blur,random_mean,0.873703,0.056255,0.929958
C:\My_Project\AIGC\AIGuard\unseen\fake_135.jpg,aiguard_unseen,0.2,constant_fill_CONFOUNDED,hot,0.547409,0.382549,0.929958
C:\My_Project\AIGC\AIGuard\unseen\fake_135.jpg,aiguard_unseen,0.2,constant_fill_CONFOUNDED,bottom,0.925964,0.003994,0.929958
C:\My_Project\AIGC\AIGuard\unseen\fake_135.jpg,aiguard_unseen,0.2,constant_fill_CONFOUNDED,random_scattered,0.930775,-0.000817,0.929958
C:\My_Project\AIGC\AIGuard\unseen\fake_141.jpg,aiguard_unseen,0.05,blur,random_seed0,0.940954,0.001084,0.942038
C:\My_Project\AIGC\AIGuard\unseen\fake_141.jpg,aiguard_unseen,0.05,blur,random_seed1,0.939697,0.00234,0.942038
C:\My_Project\AIGC\AIGuard\unseen\fake_141.jpg,aiguard_unseen,0.05,blur,random_seed2,0.939758,0.00228,0.942038
C:\My_Project\AIGC\AIGuard\unseen\fake_141.jpg,aiguard_unseen,0.05,blur,random_seed3,0.942045,-8e-06,0.942038
C:\My_Project\AIGC\AIGuard\unseen\fake_141.jpg,aiguard_unseen,0.05,blur,random_seed4,0.94262,-0.000582,0.942038
C:\My_Project\AIGC\AIGuard\unseen\fake_141.jpg,aiguard_unseen,0.05,blur,hot,0.941467,0.000571,0.942038
C:\My_Project\AIGC\AIGuard\unseen\fake_141.jpg,aiguard_unseen,0.05,blur,bottom,0.942096,-5.9e-05,0.942038
C:\My_Project\AIGC\AIGuard\unseen\fake_141.jpg,aiguard_unseen,0.05,blur,random_mean,0.941015,0.001023,0.942038
C:\My_Project\AIGC\AIGuard\unseen\fake_141.jpg,aiguard_unseen,0.05,constant_fill_CONFOUNDED,hot,0.942063,-2.5e-05,0.942038
C:\My_Project\AIGC\AIGuard\unseen\fake_141.jpg,aiguard_unseen,0.05,constant_fill_CONFOUNDED,bottom,0.934278,0.00776,0.942038
C:\My_Project\AIGC\AIGuard\unseen\fake_141.jpg,aiguard_unseen,0.05,constant_fill_CONFOUNDED,random_scattered,0.884968,0.05707,0.942038
C:\My_Project\AIGC\AIGuard\unseen\fake_141.jpg,aiguard_unseen,0.1,blur,random_seed0,0.935449,0.006589,0.942038
C:\My_Project\AIGC\AIGuard\unseen\fake_141.jpg,aiguard_unseen,0.1,blur,random_seed1,0.926003,0.016034,0.942038
C:\My_Project\AIGC\AIGuard\unseen\fake_141.jpg,aiguard_unseen,0.1,blur,random_seed2,0.931418,0.01062,0.942038
C:\My_Project\AIGC\AIGuard\unseen\fake_141.jpg,aiguard_unseen,0.1,blur,random_seed3,0.936957,0.005081,0.942038
C:\My_Project\AIGC\AIGuard\unseen\fake_141.jpg,aiguard_unseen,0.1,blur,random_seed4,0.940767,0.001271,0.942038
C:\My_Project\AIGC\AIGuard\unseen\fake_141.jpg,aiguard_unseen,0.1,blur,hot,0.925074,0.016964,0.942038
C:\My_Project\AIGC\AIGuard\unseen\fake_141.jpg,aiguard_unseen,0.1,blur,bottom,0.941934,0.000104,0.942038
C:\My_Project\AIGC\AIGuard\unseen\fake_141.jpg,aiguard_unseen,0.1,blur,random_mean,0.934119,0.007919,0.942038
C:\My_Project\AIGC\AIGuard\unseen\fake_141.jpg,aiguard_unseen,0.1,constant_fill_CONFOUNDED,hot,0.930267,0.011771,0.942038
C:\My_Project\AIGC\AIGuard\unseen\fake_141.jpg,aiguard_unseen,0.1,constant_fill_CONFOUNDED,bottom,0.932212,0.009825,0.942038
C:\My_Project\AIGC\AIGuard\unseen\fake_141.jpg,aiguard_unseen,0.1,constant_fill_CONFOUNDED,random_scattered,0.924153,0.017885,0.942038
C:\My_Project\AIGC\AIGuard\unseen\fake_141.jpg,aiguard_unseen,0.2,blur,random_seed0,0.937079,0.004959,0.942038
C:\My_Project\AIGC\AIGuard\unseen\fake_141.jpg,aiguard_unseen,0.2,blur,random_seed1,0.879802,0.062236,0.942038
C:\My_Project\AIGC\AIGuard\unseen\fake_141.jpg,aiguard_unseen,0.2,blur,random_seed2,0.909714,0.032324,0.942038
C:\My_Project\AIGC\AIGuard\unseen\fake_141.jpg,aiguard_unseen,0.2,blur,random_seed3,0.917599,0.024439,0.942038
C:\My_Project\AIGC\AIGuard\unseen\fake_141.jpg,aiguard_unseen,0.2,blur,random_seed4,0.890788,0.05125,0.942038
C:\My_Project\AIGC\AIGuard\unseen\fake_141.jpg,aiguard_unseen,0.2,blur,hot,0.864752,0.077285,0.942038
C:\My_Project\AIGC\AIGuard\unseen\fake_141.jpg,aiguard_unseen,0.2,blur,bottom,0.944456,-0.002418,0.942038
C:\My_Project\AIGC\AIGuard\unseen\fake_141.jpg,aiguard_unseen,0.2,blur,random_mean,0.906996,0.035041,0.942038
C:\My_Project\AIGC\AIGuard\unseen\fake_141.jpg,aiguard_unseen,0.2,constant_fill_CONFOUNDED,hot,0.755648,0.18639,0.942038
C:\My_Project\AIGC\AIGuard\unseen\fake_141.jpg,aiguard_unseen,0.2,constant_fill_CONFOUNDED,bottom,0.942965,-0.000928,0.942038
C:\My_Project\AIGC\AIGuard\unseen\fake_141.jpg,aiguard_unseen,0.2,constant_fill_CONFOUNDED,random_scattered,0.900976,0.041062,0.942038
C:\My_Project\AIGC\AIGuard\unseen\fake_142.jpg,aiguard_unseen,0.05,blur,random_seed0,0.907999,-0.0007,0.907299
C:\My_Project\AIGC\AIGuard\unseen\fake_142.jpg,aiguard_unseen,0.05,blur,random_seed1,0.90755,-0.000251,0.907299
C:\My_Project\AIGC\AIGuard\unseen\fake_142.jpg,aiguard_unseen,0.05,blur,random_seed2,0.907871,-0.000572,0.907299
C:\My_Project\AIGC\AIGuard\unseen\fake_142.jpg,aiguard_unseen,0.05,blur,random_seed3,0.899503,0.007796,0.907299
C:\My_Project\AIGC\AIGuard\unseen\fake_142.jpg,aiguard_unseen,0.05,blur,random_seed4,0.911148,-0.003849,0.907299
C:\My_Project\AIGC\AIGuard\unseen\fake_142.jpg,aiguard_unseen,0.05,blur,hot,0.917613,-0.010314,0.907299
C:\My_Project\AIGC\AIGuard\unseen\fake_142.jpg,aiguard_unseen,0.05,blur,bottom,0.906147,0.001152,0.907299
C:\My_Project\AIGC\AIGuard\unseen\fake_142.jpg,aiguard_unseen,0.05,blur,random_mean,0.906814,0.000485,0.907299
C:\My_Project\AIGC\AIGuard\unseen\fake_142.jpg,aiguard_unseen,0.05,constant_fill_CONFOUNDED,hot,0.924082,-0.016783,0.907299
C:\My_Project\AIGC\AIGuard\unseen\fake_142.jpg,aiguard_unseen,0.05,constant_fill_CONFOUNDED,bottom,0.90058,0.006719,0.907299
C:\My_Project\AIGC\AIGuard\unseen\fake_142.jpg,aiguard_unseen,0.05,constant_fill_CONFOUNDED,random_scattered,0.911197,-0.003898,0.907299
C:\My_Project\AIGC\AIGuard\unseen\fake_142.jpg,aiguard_unseen,0.1,blur,random_seed0,0.9025,0.004799,0.907299
C:\My_Project\AIGC\AIGuard\unseen\fake_142.jpg,aiguard_unseen,0.1,blur,random_seed1,0.907444,-0.000145,0.907299
C:\My_Project\AIGC\AIGuard\unseen\fake_142.jpg,aiguard_unseen,0.1,blur,random_seed2,0.890533,0.016766,0.907299
C:\My_Project\AIGC\AIGuard\unseen\fake_142.jpg,aiguard_unseen,0.1,blur,random_seed3,0.902063,0.005236,0.907299
C:\My_Project\AIGC\AIGuard\unseen\fake_142.jpg,aiguard_unseen,0.1,blur,random_seed4,0.897925,0.009374,0.907299
C:\My_Project\AIGC\AIGuard\unseen\fake_142.jpg,aiguard_unseen,0.1,blur,hot,0.855666,0.051633,0.907299
C:\My_Project\AIGC\AIGuard\unseen\fake_142.jpg,aiguard_unseen,0.1,blur,bottom,0.911105,-0.003806,0.907299
C:\My_Project\AIGC\AIGuard\unseen\fake_142.jpg,aiguard_unseen,0.1,blur,random_mean,0.900093,0.007206,0.907299
C:\My_Project\AIGC\AIGuard\unseen\fake_142.jpg,aiguard_unseen,0.1,constant_fill_CONFOUNDED,hot,0.808591,0.098708,0.907299
C:\My_Project\AIGC\AIGuard\unseen\fake_142.jpg,aiguard_unseen,0.1,constant_fill_CONFOUNDED,bottom,0.904465,0.002834,0.907299
C:\My_Project\AIGC\AIGuard\unseen\fake_142.jpg,aiguard_unseen,0.1,constant_fill_CONFOUNDED,random_scattered,0.927406,-0.020107,0.907299
C:\My_Project\AIGC\AIGuard\unseen\fake_142.jpg,aiguard_unseen,0.2,blur,random_seed0,0.896505,0.010794,0.907299
C:\My_Project\AIGC\AIGuard\unseen\fake_142.jpg,aiguard_unseen,0.2,blur,random_seed1,0.897794,0.009505,0.907299
C:\My_Project\AIGC\AIGuard\unseen\fake_142.jpg,aiguard_unseen,0.2,blur,random_seed2,0.87458,0.032719,0.907299
C:\My_Project\AIGC\AIGuard\unseen\fake_142.jpg,aiguard_unseen,0.2,blur,random_seed3,0.905538,0.001761,0.907299
C:\My_Project\AIGC\AIGuard\unseen\fake_142.jpg,aiguard_unseen,0.2,blur,random_seed4,0.799927,0.107372,0.907299
C:\My_Project\AIGC\AIGuard\unseen\fake_142.jpg,aiguard_unseen,0.2,blur,hot,0.529705,0.377594,0.907299
C:\My_Project\AIGC\AIGuard\unseen\fake_142.jpg,aiguard_unseen,0.2,blur,bottom,0.916398,-0.009099,0.907299
C:\My_Project\AIGC\AIGuard\unseen\fake_142.jpg,aiguard_unseen,0.2,blur,random_mean,0.874869,0.03243,0.907299
C:\My_Project\AIGC\AIGuard\unseen\fake_142.jpg,aiguard_unseen,0.2,constant_fill_CONFOUNDED,hot,0.301106,0.606193,0.907299
C:\My_Project\AIGC\AIGuard\unseen\fake_142.jpg,aiguard_unseen,0.2,constant_fill_CONFOUNDED,bottom,0.904876,0.002423,0.907299
C:\My_Project\AIGC\AIGuard\unseen\fake_142.jpg,aiguard_unseen,0.2,constant_fill_CONFOUNDED,random_scattered,0.914693,-0.007394,0.907299
C:\My_Project\AIGC\AIGuard\unseen\fake_143.jpg,aiguard_unseen,0.05,blur,random_seed0,0.930484,-8.5e-05,0.930398
C:\My_Project\AIGC\AIGuard\unseen\fake_143.jpg,aiguard_unseen,0.05,blur,random_seed1,0.926037,0.004362,0.930398
C:\My_Project\AIGC\AIGuard\unseen\fake_143.jpg,aiguard_unseen,0.05,blur,random_seed2,0.928602,0.001796,0.930398
C:\My_Project\AIGC\AIGuard\unseen\fake_143.jpg,aiguard_unseen,0.05,blur,random_seed3,0.929027,0.001371,0.930398
C:\My_Project\AIGC\AIGuard\unseen\fake_143.jpg,aiguard_unseen,0.05,blur,random_seed4,0.931024,-0.000625,0.930398
C:\My_Project\AIGC\AIGuard\unseen\fake_143.jpg,aiguard_unseen,0.05,blur,hot,0.921215,0.009184,0.930398
C:\My_Project\AIGC\AIGuard\unseen\fake_143.jpg,aiguard_unseen,0.05,blur,bottom,0.931955,-0.001556,0.930398
C:\My_Project\AIGC\AIGuard\unseen\fake_143.jpg,aiguard_unseen,0.05,blur,random_mean,0.929035,0.001364,0.930398
C:\My_Project\AIGC\AIGuard\unseen\fake_143.jpg,aiguard_unseen,0.05,constant_fill_CONFOUNDED,hot,0.922629,0.007769,0.930398
C:\My_Project\AIGC\AIGuard\unseen\fake_143.jpg,aiguard_unseen,0.05,constant_fill_CONFOUNDED,bottom,0.926871,0.003528,0.930398
C:\My_Project\AIGC\AIGuard\unseen\fake_143.jpg,aiguard_unseen,0.05,constant_fill_CONFOUNDED,random_scattered,0.912243,0.018155,0.930398
C:\My_Project\AIGC\AIGuard\unseen\fake_143.jpg,aiguard_unseen,0.1,blur,random_seed0,0.921083,0.009315,0.930398
C:\My_Project\AIGC\AIGuard\unseen\fake_143.jpg,aiguard_unseen,0.1,blur,random_seed1,0.928336,0.002062,0.930398
C:\My_Project\AIGC\AIGuard\unseen\fake_143.jpg,aiguard_unseen,0.1,blur,random_seed2,0.926749,0.003649,0.930398
C:\My_Project\AIGC\AIGuard\unseen\fake_143.jpg,aiguard_unseen,0.1,blur,random_seed3,0.923741,0.006658,0.930398
C:\My_Project\AIGC\AIGuard\unseen\fake_143.jpg,aiguard_unseen,0.1,blur,random_seed4,0.928349,0.002049,0.930398
C:\My_Project\AIGC\AIGuard\unseen\fake_143.jpg,aiguard_unseen,0.1,blur,hot,0.731743,0.198655,0.930398
C:\My_Project\AIGC\AIGuard\unseen\fake_143.jpg,aiguard_unseen,0.1,blur,bottom,0.931136,-0.000738,0.930398
C:\My_Project\AIGC\AIGuard\unseen\fake_143.jpg,aiguard_unseen,0.1,blur,random_mean,0.925652,0.004747,0.930398
C:\My_Project\AIGC\AIGuard\unseen\fake_143.jpg,aiguard_unseen,0.1,constant_fill_CONFOUNDED,hot,0.859569,0.070829,0.930398
C:\My_Project\AIGC\AIGuard\unseen\fake_143.jpg,aiguard_unseen,0.1,constant_fill_CONFOUNDED,bottom,0.920732,0.009666,0.930398
C:\My_Project\AIGC\AIGuard\unseen\fake_143.jpg,aiguard_unseen,0.1,constant_fill_CONFOUNDED,random_scattered,0.92372,0.006679,0.930398
C:\My_Project\AIGC\AIGuard\unseen\fake_143.jpg,aiguard_unseen,0.2,blur,random_seed0,0.886063,0.044336,0.930398
C:\My_Project\AIGC\AIGuard\unseen\fake_143.jpg,aiguard_unseen,0.2,blur,random_seed1,0.89099,0.039408,0.930398
C:\My_Project\AIGC\AIGuard\unseen\fake_143.jpg,aiguard_unseen,0.2,blur,random_seed2,0.912874,0.017524,0.930398
C:\My_Project\AIGC\AIGuard\unseen\fake_143.jpg,aiguard_unseen,0.2,blur,random_seed3,0.852737,0.077661,0.930398
C:\My_Project\AIGC\AIGuard\unseen\fake_143.jpg,aiguard_unseen,0.2,blur,random_seed4,0.905203,0.025195,0.930398
C:\My_Project\AIGC\AIGuard\unseen\fake_143.jpg,aiguard_unseen,0.2,blur,hot,0.453398,0.477,0.930398
C:\My_Project\AIGC\AIGuard\unseen\fake_143.jpg,aiguard_unseen,0.2,blur,bottom,0.937204,-0.006806,0.930398
C:\My_Project\AIGC\AIGuard\unseen\fake_143.jpg,aiguard_unseen,0.2,blur,random_mean,0.889574,0.040825,0.930398
C:\My_Project\AIGC\AIGuard\unseen\fake_143.jpg,aiguard_unseen,0.2,constant_fill_CONFOUNDED,hot,0.72973,0.200668,0.930398
C:\My_Project\AIGC\AIGuard\unseen\fake_143.jpg,aiguard_unseen,0.2,constant_fill_CONFOUNDED,bottom,0.925327,0.005071,0.930398
C:\My_Project\AIGC\AIGuard\unseen\fake_143.jpg,aiguard_unseen,0.2,constant_fill_CONFOUNDED,random_scattered,0.94028,-0.009881,0.930398
C:\My_Project\AIGC\AIGuard\unseen\fake_157.jpg,aiguard_unseen,0.05,blur,random_seed0,0.931403,0.002962,0.934365
C:\My_Project\AIGC\AIGuard\unseen\fake_157.jpg,aiguard_unseen,0.05,blur,random_seed1,0.930288,0.004077,0.934365
C:\My_Project\AIGC\AIGuard\unseen\fake_157.jpg,aiguard_unseen,0.05,blur,random_seed2,0.929706,0.004659,0.934365
C:\My_Project\AIGC\AIGuard\unseen\fake_157.jpg,aiguard_unseen,0.05,blur,random_seed3,0.927638,0.006727,0.934365
C:\My_Project\AIGC\AIGuard\unseen\fake_157.jpg,aiguard_unseen,0.05,blur,random_seed4,0.930279,0.004086,0.934365
C:\My_Project\AIGC\AIGuard\unseen\fake_157.jpg,aiguard_unseen,0.05,blur,hot,0.926164,0.008201,0.934365
C:\My_Project\AIGC\AIGuard\unseen\fake_157.jpg,aiguard_unseen,0.05,blur,bottom,0.928062,0.006303,0.934365
C:\My_Project\AIGC\AIGuard\unseen\fake_157.jpg,aiguard_unseen,0.05,blur,random_mean,0.929863,0.004502,0.934365
C:\My_Project\AIGC\AIGuard\unseen\fake_157.jpg,aiguard_unseen,0.05,constant_fill_CONFOUNDED,hot,0.93301,0.001355,0.934365
C:\My_Project\AIGC\AIGuard\unseen\fake_157.jpg,aiguard_unseen,0.05,constant_fill_CONFOUNDED,bottom,0.92537,0.008995,0.934365
C:\My_Project\AIGC\AIGuard\unseen\fake_157.jpg,aiguard_unseen,0.05,constant_fill_CONFOUNDED,random_scattered,0.923101,0.011264,0.934365
C:\My_Project\AIGC\AIGuard\unseen\fake_157.jpg,aiguard_unseen,0.1,blur,random_seed0,0.929356,0.005009,0.934365
C:\My_Project\AIGC\AIGuard\unseen\fake_157.jpg,aiguard_unseen,0.1,blur,random_seed1,0.923076,0.011289,0.934365
C:\My_Project\AIGC\AIGuard\unseen\fake_157.jpg,aiguard_unseen,0.1,blur,random_seed2,0.93635,-0.001985,0.934365
C:\My_Project\AIGC\AIGuard\unseen\fake_157.jpg,aiguard_unseen,0.1,blur,random_seed3,0.93726,-0.002895,0.934365
C:\My_Project\AIGC\AIGuard\unseen\fake_157.jpg,aiguard_unseen,0.1,blur,random_seed4,0.929655,0.00471,0.934365
C:\My_Project\AIGC\AIGuard\unseen\fake_157.jpg,aiguard_unseen,0.1,blur,hot,0.917811,0.016554,0.934365
C:\My_Project\AIGC\AIGuard\unseen\fake_157.jpg,aiguard_unseen,0.1,blur,bottom,0.930443,0.003922,0.934365
C:\My_Project\AIGC\AIGuard\unseen\fake_157.jpg,aiguard_unseen,0.1,blur,random_mean,0.93114,0.003225,0.934365
C:\My_Project\AIGC\AIGuard\unseen\fake_157.jpg,aiguard_unseen,0.1,constant_fill_CONFOUNDED,hot,0.919926,0.014439,0.934365
C:\My_Project\AIGC\AIGuard\unseen\fake_157.jpg,aiguard_unseen,0.1,constant_fill_CONFOUNDED,bottom,0.91257,0.021795,0.934365
C:\My_Project\AIGC\AIGuard\unseen\fake_157.jpg,aiguard_unseen,0.1,constant_fill_CONFOUNDED,random_scattered,0.926206,0.008159,0.934365
C:\My_Project\AIGC\AIGuard\unseen\fake_157.jpg,aiguard_unseen,0.2,blur,random_seed0,0.919937,0.014428,0.934365
C:\My_Project\AIGC\AIGuard\unseen\fake_157.jpg,aiguard_unseen,0.2,blur,random_seed1,0.91732,0.017045,0.934365
C:\My_Project\AIGC\AIGuard\unseen\fake_157.jpg,aiguard_unseen,0.2,blur,random_seed2,0.914232,0.020133,0.934365
C:\My_Project\AIGC\AIGuard\unseen\fake_157.jpg,aiguard_unseen,0.2,blur,random_seed3,0.937233,-0.002868,0.934365
C:\My_Project\AIGC\AIGuard\unseen\fake_157.jpg,aiguard_unseen,0.2,blur,random_seed4,0.778002,0.156363,0.934365
C:\My_Project\AIGC\AIGuard\unseen\fake_157.jpg,aiguard_unseen,0.2,blur,hot,0.713371,0.220994,0.934365
C:\My_Project\AIGC\AIGuard\unseen\fake_157.jpg,aiguard_unseen,0.2,blur,bottom,0.935923,-0.001558,0.934365
C:\My_Project\AIGC\AIGuard\unseen\fake_157.jpg,aiguard_unseen,0.2,blur,random_mean,0.893345,0.04102,0.934365
C:\My_Project\AIGC\AIGuard\unseen\fake_157.jpg,aiguard_unseen,0.2,constant_fill_CONFOUNDED,hot,0.860125,0.07424,0.934365
C:\My_Project\AIGC\AIGuard\unseen\fake_157.jpg,aiguard_unseen,0.2,constant_fill_CONFOUNDED,bottom,0.900257,0.034108,0.934365
C:\My_Project\AIGC\AIGuard\unseen\fake_157.jpg,aiguard_unseen,0.2,constant_fill_CONFOUNDED,random_scattered,0.924049,0.010316,0.934365
C:\My_Project\AIGC\AIGuard\unseen\fake_158.jpg,aiguard_unseen,0.05,blur,random_seed0,0.920991,0.012469,0.93346
C:\My_Project\AIGC\AIGuard\unseen\fake_158.jpg,aiguard_unseen,0.05,blur,random_seed1,0.924289,0.009171,0.93346
C:\My_Project\AIGC\AIGuard\unseen\fake_158.jpg,aiguard_unseen,0.05,blur,random_seed2,0.939024,-0.005564,0.93346
C:\My_Project\AIGC\AIGuard\unseen\fake_158.jpg,aiguard_unseen,0.05,blur,random_seed3,0.934706,-0.001246,0.93346
C:\My_Project\AIGC\AIGuard\unseen\fake_158.jpg,aiguard_unseen,0.05,blur,random_seed4,0.930578,0.002882,0.93346
C:\My_Project\AIGC\AIGuard\unseen\fake_158.jpg,aiguard_unseen,0.05,blur,hot,0.906705,0.026755,0.93346
C:\My_Project\AIGC\AIGuard\unseen\fake_158.jpg,aiguard_unseen,0.05,blur,bottom,0.932236,0.001225,0.93346
C:\My_Project\AIGC\AIGuard\unseen\fake_158.jpg,aiguard_unseen,0.05,blur,random_mean,0.929918,0.003542,0.93346
C:\My_Project\AIGC\AIGuard\unseen\fake_158.jpg,aiguard_unseen,0.05,constant_fill_CONFOUNDED,hot,0.80416,0.1293,0.93346
C:\My_Project\AIGC\AIGuard\unseen\fake_158.jpg,aiguard_unseen,0.05,constant_fill_CONFOUNDED,bottom,0.928964,0.004496,0.93346
C:\My_Project\AIGC\AIGuard\unseen\fake_158.jpg,aiguard_unseen,0.05,constant_fill_CONFOUNDED,random_scattered,0.917533,0.015927,0.93346
C:\My_Project\AIGC\AIGuard\unseen\fake_158.jpg,aiguard_unseen,0.1,blur,random_seed0,0.912923,0.020537,0.93346
C:\My_Project\AIGC\AIGuard\unseen\fake_158.jpg,aiguard_unseen,0.1,blur,random_seed1,0.875016,0.058444,0.93346
C:\My_Project\AIGC\AIGuard\unseen\fake_158.jpg,aiguard_unseen,0.1,blur,random_seed2,0.926284,0.007176,0.93346
C:\My_Project\AIGC\AIGuard\unseen\fake_158.jpg,aiguard_unseen,0.1,blur,random_seed3,0.926745,0.006715,0.93346
C:\My_Project\AIGC\AIGuard\unseen\fake_158.jpg,aiguard_unseen,0.1,blur,random_seed4,0.887238,0.046222,0.93346
C:\My_Project\AIGC\AIGuard\unseen\fake_158.jpg,aiguard_unseen,0.1,blur,hot,0.723087,0.210373,0.93346
C:\My_Project\AIGC\AIGuard\unseen\fake_158.jpg,aiguard_unseen,0.1,blur,bottom,0.934072,-0.000612,0.93346
C:\My_Project\AIGC\AIGuard\unseen\fake_158.jpg,aiguard_unseen,0.1,blur,random_mean,0.905641,0.027819,0.93346
C:\My_Project\AIGC\AIGuard\unseen\fake_158.jpg,aiguard_unseen,0.1,constant_fill_CONFOUNDED,hot,0.201173,0.732287,0.93346
C:\My_Project\AIGC\AIGuard\unseen\fake_158.jpg,aiguard_unseen,0.1,constant_fill_CONFOUNDED,bottom,0.927706,0.005754,0.93346
C:\My_Project\AIGC\AIGuard\unseen\fake_158.jpg,aiguard_unseen,0.1,constant_fill_CONFOUNDED,random_scattered,0.914988,0.018472,0.93346
C:\My_Project\AIGC\AIGuard\unseen\fake_158.jpg,aiguard_unseen,0.2,blur,random_seed0,0.925598,0.007863,0.93346
C:\My_Project\AIGC\AIGuard\unseen\fake_158.jpg,aiguard_unseen,0.2,blur,random_seed1,0.60946,0.324,0.93346
C:\My_Project\AIGC\AIGuard\unseen\fake_158.jpg,aiguard_unseen,0.2,blur,random_seed2,0.923235,0.010225,0.93346
C:\My_Project\AIGC\AIGuard\unseen\fake_158.jpg,aiguard_unseen,0.2,blur,random_seed3,0.801174,0.132287,0.93346
C:\My_Project\AIGC\AIGuard\unseen\fake_158.jpg,aiguard_unseen,0.2,blur,random_seed4,0.905396,0.028065,0.93346
C:\My_Project\AIGC\AIGuard\unseen\fake_158.jpg,aiguard_unseen,0.2,blur,hot,0.659485,0.273975,0.93346
C:\My_Project\AIGC\AIGuard\unseen\fake_158.jpg,aiguard_unseen,0.2,blur,bottom,0.935821,-0.002361,0.93346
C:\My_Project\AIGC\AIGuard\unseen\fake_158.jpg,aiguard_unseen,0.2,blur,random_mean,0.832972,0.100488,0.93346
C:\My_Project\AIGC\AIGuard\unseen\fake_158.jpg,aiguard_unseen,0.2,constant_fill_CONFOUNDED,hot,0.637,0.29646,0.93346
C:\My_Project\AIGC\AIGuard\unseen\fake_158.jpg,aiguard_unseen,0.2,constant_fill_CONFOUNDED,bottom,0.930194,0.003266,0.93346
C:\My_Project\AIGC\AIGuard\unseen\fake_158.jpg,aiguard_unseen,0.2,constant_fill_CONFOUNDED,random_scattered,0.922808,0.010652,0.93346
C:\My_Project\AIGC\AIGuard\unseen\fake_160.jpg,aiguard_unseen,0.05,blur,random_seed0,0.942105,0.002023,0.944128
C:\My_Project\AIGC\AIGuard\unseen\fake_160.jpg,aiguard_unseen,0.05,blur,random_seed1,0.945366,-0.001239,0.944128
C:\My_Project\AIGC\AIGuard\unseen\fake_160.jpg,aiguard_unseen,0.05,blur,random_seed2,0.9452,-0.001072,0.944128
C:\My_Project\AIGC\AIGuard\unseen\fake_160.jpg,aiguard_unseen,0.05,blur,random_seed3,0.938304,0.005824,0.944128
C:\My_Project\AIGC\AIGuard\unseen\fake_160.jpg,aiguard_unseen,0.05,blur,random_seed4,0.941756,0.002371,0.944128
C:\My_Project\AIGC\AIGuard\unseen\fake_160.jpg,aiguard_unseen,0.05,blur,hot,0.941343,0.002784,0.944128
C:\My_Project\AIGC\AIGuard\unseen\fake_160.jpg,aiguard_unseen,0.05,blur,bottom,0.942313,0.001815,0.944128
C:\My_Project\AIGC\AIGuard\unseen\fake_160.jpg,aiguard_unseen,0.05,blur,random_mean,0.942546,0.001582,0.944128
C:\My_Project\AIGC\AIGuard\unseen\fake_160.jpg,aiguard_unseen,0.05,constant_fill_CONFOUNDED,hot,0.935945,0.008183,0.944128
C:\My_Project\AIGC\AIGuard\unseen\fake_160.jpg,aiguard_unseen,0.05,constant_fill_CONFOUNDED,bottom,0.931655,0.012473,0.944128
C:\My_Project\AIGC\AIGuard\unseen\fake_160.jpg,aiguard_unseen,0.05,constant_fill_CONFOUNDED,random_scattered,0.934919,0.009209,0.944128
C:\My_Project\AIGC\AIGuard\unseen\fake_160.jpg,aiguard_unseen,0.1,blur,random_seed0,0.939202,0.004926,0.944128
C:\My_Project\AIGC\AIGuard\unseen\fake_160.jpg,aiguard_unseen,0.1,blur,random_seed1,0.937178,0.00695,0.944128
C:\My_Project\AIGC\AIGuard\unseen\fake_160.jpg,aiguard_unseen,0.1,blur,random_seed2,0.938978,0.00515,0.944128
C:\My_Project\AIGC\AIGuard\unseen\fake_160.jpg,aiguard_unseen,0.1,blur,random_seed3,0.946982,-0.002854,0.944128
C:\My_Project\AIGC\AIGuard\unseen\fake_160.jpg,aiguard_unseen,0.1,blur,random_seed4,0.937986,0.006142,0.944128
C:\My_Project\AIGC\AIGuard\unseen\fake_160.jpg,aiguard_unseen,0.1,blur,hot,0.947258,-0.00313,0.944128
C:\My_Project\AIGC\AIGuard\unseen\fake_160.jpg,aiguard_unseen,0.1,blur,bottom,0.943434,0.000693,0.944128
C:\My_Project\AIGC\AIGuard\unseen\fake_160.jpg,aiguard_unseen,0.1,blur,random_mean,0.940065,0.004062,0.944128
C:\My_Project\AIGC\AIGuard\unseen\fake_160.jpg,aiguard_unseen,0.1,constant_fill_CONFOUNDED,hot,0.9153,0.028828,0.944128
C:\My_Project\AIGC\AIGuard\unseen\fake_160.jpg,aiguard_unseen,0.1,constant_fill_CONFOUNDED,bottom,0.926557,0.017571,0.944128
C:\My_Project\AIGC\AIGuard\unseen\fake_160.jpg,aiguard_unseen,0.1,constant_fill_CONFOUNDED,random_scattered,0.932308,0.01182,0.944128
C:\My_Project\AIGC\AIGuard\unseen\fake_160.jpg,aiguard_unseen,0.2,blur,random_seed0,0.932579,0.011548,0.944128
C:\My_Project\AIGC\AIGuard\unseen\fake_160.jpg,aiguard_unseen,0.2,blur,random_seed1,0.938712,0.005416,0.944128
C:\My_Project\AIGC\AIGuard\unseen\fake_160.jpg,aiguard_unseen,0.2,blur,random_seed2,0.933585,0.010543,0.944128
C:\My_Project\AIGC\AIGuard\unseen\fake_160.jpg,aiguard_unseen,0.2,blur,random_seed3,0.918146,0.025982,0.944128
C:\My_Project\AIGC\AIGuard\unseen\fake_160.jpg,aiguard_unseen,0.2,blur,random_seed4,0.936269,0.007859,0.944128
C:\My_Project\AIGC\AIGuard\unseen\fake_160.jpg,aiguard_unseen,0.2,blur,hot,0.912439,0.031688,0.944128
C:\My_Project\AIGC\AIGuard\unseen\fake_160.jpg,aiguard_unseen,0.2,blur,bottom,0.944798,-0.000671,0.944128
C:\My_Project\AIGC\AIGuard\unseen\fake_160.jpg,aiguard_unseen,0.2,blur,random_mean,0.931858,0.012269,0.944128
C:\My_Project\AIGC\AIGuard\unseen\fake_160.jpg,aiguard_unseen,0.2,constant_fill_CONFOUNDED,hot,0.820941,0.123187,0.944128
C:\My_Project\AIGC\AIGuard\unseen\fake_160.jpg,aiguard_unseen,0.2,constant_fill_CONFOUNDED,bottom,0.895914,0.048213,0.944128
C:\My_Project\AIGC\AIGuard\unseen\fake_160.jpg,aiguard_unseen,0.2,constant_fill_CONFOUNDED,random_scattered,0.926566,0.017561,0.944128
C:\My_Project\AIGC\AIGuard\unseen\fake_162.jpg,aiguard_unseen,0.05,blur,random_seed0,0.924561,0.000147,0.924708
C:\My_Project\AIGC\AIGuard\unseen\fake_162.jpg,aiguard_unseen,0.05,blur,random_seed1,0.926452,-0.001744,0.924708
C:\My_Project\AIGC\AIGuard\unseen\fake_162.jpg,aiguard_unseen,0.05,blur,random_seed2,0.926504,-0.001796,0.924708
C:\My_Project\AIGC\AIGuard\unseen\fake_162.jpg,aiguard_unseen,0.05,blur,random_seed3,0.91561,0.009098,0.924708
C:\My_Project\AIGC\AIGuard\unseen\fake_162.jpg,aiguard_unseen,0.05,blur,random_seed4,0.927063,-0.002355,0.924708
C:\My_Project\AIGC\AIGuard\unseen\fake_162.jpg,aiguard_unseen,0.05,blur,hot,0.906615,0.018093,0.924708
C:\My_Project\AIGC\AIGuard\unseen\fake_162.jpg,aiguard_unseen,0.05,blur,bottom,0.924394,0.000314,0.924708
C:\My_Project\AIGC\AIGuard\unseen\fake_162.jpg,aiguard_unseen,0.05,blur,random_mean,0.924038,0.00067,0.924708
C:\My_Project\AIGC\AIGuard\unseen\fake_162.jpg,aiguard_unseen,0.05,constant_fill_CONFOUNDED,hot,0.92121,0.003498,0.924708
C:\My_Project\AIGC\AIGuard\unseen\fake_162.jpg,aiguard_unseen,0.05,constant_fill_CONFOUNDED,bottom,0.916856,0.007852,0.924708
C:\My_Project\AIGC\AIGuard\unseen\fake_162.jpg,aiguard_unseen,0.05,constant_fill_CONFOUNDED,random_scattered,0.896477,0.028231,0.924708
C:\My_Project\AIGC\AIGuard\unseen\fake_162.jpg,aiguard_unseen,0.1,blur,random_seed0,0.917833,0.006875,0.924708
C:\My_Project\AIGC\AIGuard\unseen\fake_162.jpg,aiguard_unseen,0.1,blur,random_seed1,0.927269,-0.002561,0.924708
C:\My_Project\AIGC\AIGuard\unseen\fake_162.jpg,aiguard_unseen,0.1,blur,random_seed2,0.858507,0.066201,0.924708
C:\My_Project\AIGC\AIGuard\unseen\fake_162.jpg,aiguard_unseen,0.1,blur,random_seed3,0.922511,0.002197,0.924708
C:\My_Project\AIGC\AIGuard\unseen\fake_162.jpg,aiguard_unseen,0.1,blur,random_seed4,0.922192,0.002516,0.924708
C:\My_Project\AIGC\AIGuard\unseen\fake_162.jpg,aiguard_unseen,0.1,blur,hot,0.873307,0.051401,0.924708
C:\My_Project\AIGC\AIGuard\unseen\fake_162.jpg,aiguard_unseen,0.1,blur,bottom,0.92213,0.002578,0.924708
C:\My_Project\AIGC\AIGuard\unseen\fake_162.jpg,aiguard_unseen,0.1,blur,random_mean,0.909662,0.015046,0.924708
C:\My_Project\AIGC\AIGuard\unseen\fake_162.jpg,aiguard_unseen,0.1,constant_fill_CONFOUNDED,hot,0.918829,0.005879,0.924708
C:\My_Project\AIGC\AIGuard\unseen\fake_162.jpg,aiguard_unseen,0.1,constant_fill_CONFOUNDED,bottom,0.917064,0.007644,0.924708
C:\My_Project\AIGC\AIGuard\unseen\fake_162.jpg,aiguard_unseen,0.1,constant_fill_CONFOUNDED,random_scattered,0.88627,0.038438,0.924708
C:\My_Project\AIGC\AIGuard\unseen\fake_162.jpg,aiguard_unseen,0.2,blur,random_seed0,0.906615,0.018093,0.924708
C:\My_Project\AIGC\AIGuard\unseen\fake_162.jpg,aiguard_unseen,0.2,blur,random_seed1,0.324657,0.600051,0.924708
C:\My_Project\AIGC\AIGuard\unseen\fake_162.jpg,aiguard_unseen,0.2,blur,random_seed2,0.903066,0.021642,0.924708
C:\My_Project\AIGC\AIGuard\unseen\fake_162.jpg,aiguard_unseen,0.2,blur,random_seed3,0.861542,0.063166,0.924708
C:\My_Project\AIGC\AIGuard\unseen\fake_162.jpg,aiguard_unseen,0.2,blur,random_seed4,0.903308,0.0214,0.924708
C:\My_Project\AIGC\AIGuard\unseen\fake_162.jpg,aiguard_unseen,0.2,blur,hot,0.643277,0.281431,0.924708
C:\My_Project\AIGC\AIGuard\unseen\fake_162.jpg,aiguard_unseen,0.2,blur,bottom,0.923758,0.00095,0.924708
C:\My_Project\AIGC\AIGuard\unseen\fake_162.jpg,aiguard_unseen,0.2,blur,random_mean,0.779837,0.144871,0.924708
C:\My_Project\AIGC\AIGuard\unseen\fake_162.jpg,aiguard_unseen,0.2,constant_fill_CONFOUNDED,hot,0.817141,0.107567,0.924708
C:\My_Project\AIGC\AIGuard\unseen\fake_162.jpg,aiguard_unseen,0.2,constant_fill_CONFOUNDED,bottom,0.914436,0.010272,0.924708
C:\My_Project\AIGC\AIGuard\unseen\fake_162.jpg,aiguard_unseen,0.2,constant_fill_CONFOUNDED,random_scattered,0.893317,0.031391,0.924708
C:\My_Project\AIGC\AIGuard\unseen\fake_164.jpg,aiguard_unseen,0.05,blur,random_seed0,0.923287,-0.003687,0.9196
C:\My_Project\AIGC\AIGuard\unseen\fake_164.jpg,aiguard_unseen,0.05,blur,random_seed1,0.915182,0.004419,0.9196
C:\My_Project\AIGC\AIGuard\unseen\fake_164.jpg,aiguard_unseen,0.05,blur,random_seed2,0.917346,0.002254,0.9196
C:\My_Project\AIGC\AIGuard\unseen\fake_164.jpg,aiguard_unseen,0.05,blur,random_seed3,0.920616,-0.001016,0.9196
C:\My_Project\AIGC\AIGuard\unseen\fake_164.jpg,aiguard_unseen,0.05,blur,random_seed4,0.920043,-0.000442,0.9196
C:\My_Project\AIGC\AIGuard\unseen\fake_164.jpg,aiguard_unseen,0.05,blur,hot,0.921481,-0.00188,0.9196
C:\My_Project\AIGC\AIGuard\unseen\fake_164.jpg,aiguard_unseen,0.05,blur,bottom,0.919691,-9.1e-05,0.9196
C:\My_Project\AIGC\AIGuard\unseen\fake_164.jpg,aiguard_unseen,0.05,blur,random_mean,0.919295,0.000306,0.9196
C:\My_Project\AIGC\AIGuard\unseen\fake_164.jpg,aiguard_unseen,0.05,constant_fill_CONFOUNDED,hot,0.933963,-0.014363,0.9196
C:\My_Project\AIGC\AIGuard\unseen\fake_164.jpg,aiguard_unseen,0.05,constant_fill_CONFOUNDED,bottom,0.920071,-0.00047,0.9196
C:\My_Project\AIGC\AIGuard\unseen\fake_164.jpg,aiguard_unseen,0.05,constant_fill_CONFOUNDED,random_scattered,0.908163,0.011437,0.9196
C:\My_Project\AIGC\AIGuard\unseen\fake_164.jpg,aiguard_unseen,0.1,blur,random_seed0,0.920497,-0.000897,0.9196
C:\My_Project\AIGC\AIGuard\unseen\fake_164.jpg,aiguard_unseen,0.1,blur,random_seed1,0.9173,0.002301,0.9196
C:\My_Project\AIGC\AIGuard\unseen\fake_164.jpg,aiguard_unseen,0.1,blur,random_seed2,0.915786,0.003814,0.9196
C:\My_Project\AIGC\AIGuard\unseen\fake_164.jpg,aiguard_unseen,0.1,blur,random_seed3,0.911657,0.007944,0.9196
C:\My_Project\AIGC\AIGuard\unseen\fake_164.jpg,aiguard_unseen,0.1,blur,random_seed4,0.921554,-0.001954,0.9196
C:\My_Project\AIGC\AIGuard\unseen\fake_164.jpg,aiguard_unseen,0.1,blur,hot,0.919019,0.000582,0.9196
C:\My_Project\AIGC\AIGuard\unseen\fake_164.jpg,aiguard_unseen,0.1,blur,bottom,0.91897,0.00063,0.9196
C:\My_Project\AIGC\AIGuard\unseen\fake_164.jpg,aiguard_unseen,0.1,blur,random_mean,0.917359,0.002242,0.9196
C:\My_Project\AIGC\AIGuard\unseen\fake_164.jpg,aiguard_unseen,0.1,constant_fill_CONFOUNDED,hot,0.921861,-0.002261,0.9196
C:\My_Project\AIGC\AIGuard\unseen\fake_164.jpg,aiguard_unseen,0.1,constant_fill_CONFOUNDED,bottom,0.914051,0.00555,0.9196
C:\My_Project\AIGC\AIGuard\unseen\fake_164.jpg,aiguard_unseen,0.1,constant_fill_CONFOUNDED,random_scattered,0.916474,0.003126,0.9196
C:\My_Project\AIGC\AIGuard\unseen\fake_164.jpg,aiguard_unseen,0.2,blur,random_seed0,0.918368,0.001232,0.9196
C:\My_Project\AIGC\AIGuard\unseen\fake_164.jpg,aiguard_unseen,0.2,blur,random_seed1,0.90122,0.018381,0.9196
C:\My_Project\AIGC\AIGuard\unseen\fake_164.jpg,aiguard_unseen,0.2,blur,random_seed2,0.918072,0.001529,0.9196
C:\My_Project\AIGC\AIGuard\unseen\fake_164.jpg,aiguard_unseen,0.2,blur,random_seed3,0.908653,0.010947,0.9196
C:\My_Project\AIGC\AIGuard\unseen\fake_164.jpg,aiguard_unseen,0.2,blur,random_seed4,0.900838,0.018762,0.9196
C:\My_Project\AIGC\AIGuard\unseen\fake_164.jpg,aiguard_unseen,0.2,blur,hot,0.798583,0.121017,0.9196
C:\My_Project\AIGC\AIGuard\unseen\fake_164.jpg,aiguard_unseen,0.2,blur,bottom,0.923485,-0.003885,0.9196
C:\My_Project\AIGC\AIGuard\unseen\fake_164.jpg,aiguard_unseen,0.2,blur,random_mean,0.90943,0.01017,0.9196
C:\My_Project\AIGC\AIGuard\unseen\fake_164.jpg,aiguard_unseen,0.2,constant_fill_CONFOUNDED,hot,0.440165,0.479435,0.9196
C:\My_Project\AIGC\AIGuard\unseen\fake_164.jpg,aiguard_unseen,0.2,constant_fill_CONFOUNDED,bottom,0.919814,-0.000213,0.9196
C:\My_Project\AIGC\AIGuard\unseen\fake_164.jpg,aiguard_unseen,0.2,constant_fill_CONFOUNDED,random_scattered,0.900967,0.018633,0.9196
C:\My_Project\AIGC\AIGuard\unseen\fake_168.jpg,aiguard_unseen,0.05,blur,random_seed0,0.914951,0.00616,0.921111
C:\My_Project\AIGC\AIGuard\unseen\fake_168.jpg,aiguard_unseen,0.05,blur,random_seed1,0.921682,-0.000571,0.921111
C:\My_Project\AIGC\AIGuard\unseen\fake_168.jpg,aiguard_unseen,0.05,blur,random_seed2,0.921117,-5e-06,0.921111
C:\My_Project\AIGC\AIGuard\unseen\fake_168.jpg,aiguard_unseen,0.05,blur,random_seed3,0.92213,-0.001019,0.921111
C:\My_Project\AIGC\AIGuard\unseen\fake_168.jpg,aiguard_unseen,0.05,blur,random_seed4,0.921009,0.000102,0.921111
C:\My_Project\AIGC\AIGuard\unseen\fake_168.jpg,aiguard_unseen,0.05,blur,hot,0.912682,0.00843,0.921111
C:\My_Project\AIGC\AIGuard\unseen\fake_168.jpg,aiguard_unseen,0.05,blur,bottom,0.921938,-0.000827,0.921111
C:\My_Project\AIGC\AIGuard\unseen\fake_168.jpg,aiguard_unseen,0.05,blur,random_mean,0.920178,0.000934,0.921111
C:\My_Project\AIGC\AIGuard\unseen\fake_168.jpg,aiguard_unseen,0.05,constant_fill_CONFOUNDED,hot,0.930058,-0.008946,0.921111
C:\My_Project\AIGC\AIGuard\unseen\fake_168.jpg,aiguard_unseen,0.05,constant_fill_CONFOUNDED,bottom,0.920859,0.000252,0.921111
C:\My_Project\AIGC\AIGuard\unseen\fake_168.jpg,aiguard_unseen,0.05,constant_fill_CONFOUNDED,random_scattered,0.932976,-0.011865,0.921111
C:\My_Project\AIGC\AIGuard\unseen\fake_168.jpg,aiguard_unseen,0.1,blur,random_seed0,0.922144,-0.001033,0.921111
C:\My_Project\AIGC\AIGuard\unseen\fake_168.jpg,aiguard_unseen,0.1,blur,random_seed1,0.903346,0.017765,0.921111
C:\My_Project\AIGC\AIGuard\unseen\fake_168.jpg,aiguard_unseen,0.1,blur,random_seed2,0.919601,0.001511,0.921111
C:\My_Project\AIGC\AIGuard\unseen\fake_168.jpg,aiguard_unseen,0.1,blur,random_seed3,0.913897,0.007214,0.921111
C:\My_Project\AIGC\AIGuard\unseen\fake_168.jpg,aiguard_unseen,0.1,blur,random_seed4,0.91116,0.009951,0.921111
C:\My_Project\AIGC\AIGuard\unseen\fake_168.jpg,aiguard_unseen,0.1,blur,hot,0.905988,0.015123,0.921111
C:\My_Project\AIGC\AIGuard\unseen\fake_168.jpg,aiguard_unseen,0.1,blur,bottom,0.922153,-0.001041,0.921111
C:\My_Project\AIGC\AIGuard\unseen\fake_168.jpg,aiguard_unseen,0.1,blur,random_mean,0.91403,0.007082,0.921111
C:\My_Project\AIGC\AIGuard\unseen\fake_168.jpg,aiguard_unseen,0.1,constant_fill_CONFOUNDED,hot,0.878295,0.042816,0.921111
C:\My_Project\AIGC\AIGuard\unseen\fake_168.jpg,aiguard_unseen,0.1,constant_fill_CONFOUNDED,bottom,0.918925,0.002186,0.921111
C:\My_Project\AIGC\AIGuard\unseen\fake_168.jpg,aiguard_unseen,0.1,constant_fill_CONFOUNDED,random_scattered,0.934337,-0.013225,0.921111
C:\My_Project\AIGC\AIGuard\unseen\fake_168.jpg,aiguard_unseen,0.2,blur,random_seed0,0.831413,0.089698,0.921111
C:\My_Project\AIGC\AIGuard\unseen\fake_168.jpg,aiguard_unseen,0.2,blur,random_seed1,0.890364,0.030747,0.921111
C:\My_Project\AIGC\AIGuard\unseen\fake_168.jpg,aiguard_unseen,0.2,blur,random_seed2,0.907364,0.013747,0.921111
C:\My_Project\AIGC\AIGuard\unseen\fake_168.jpg,aiguard_unseen,0.2,blur,random_seed3,0.898232,0.022879,0.921111
C:\My_Project\AIGC\AIGuard\unseen\fake_168.jpg,aiguard_unseen,0.2,blur,random_seed4,0.919428,0.001684,0.921111
C:\My_Project\AIGC\AIGuard\unseen\fake_168.jpg,aiguard_unseen,0.2,blur,hot,0.649385,0.271726,0.921111
C:\My_Project\AIGC\AIGuard\unseen\fake_168.jpg,aiguard_unseen,0.2,blur,bottom,0.926814,-0.005703,0.921111
C:\My_Project\AIGC\AIGuard\unseen\fake_168.jpg,aiguard_unseen,0.2,blur,random_mean,0.88936,0.031751,0.921111
C:\My_Project\AIGC\AIGuard\unseen\fake_168.jpg,aiguard_unseen,0.2,constant_fill_CONFOUNDED,hot,0.139203,0.781908,0.921111
C:\My_Project\AIGC\AIGuard\unseen\fake_168.jpg,aiguard_unseen,0.2,constant_fill_CONFOUNDED,bottom,0.918468,0.002644,0.921111
C:\My_Project\AIGC\AIGuard\unseen\fake_168.jpg,aiguard_unseen,0.2,constant_fill_CONFOUNDED,random_scattered,0.949386,-0.028274,0.921111
C:\My_Project\AIGC\AIGuard\unseen\fake_170.jpg,aiguard_unseen,0.05,blur,random_seed0,0.939392,0.004189,0.943581
C:\My_Project\AIGC\AIGuard\unseen\fake_170.jpg,aiguard_unseen,0.05,blur,random_seed1,0.945136,-0.001555,0.943581
C:\My_Project\AIGC\AIGuard\unseen\fake_170.jpg,aiguard_unseen,0.05,blur,random_seed2,0.94004,0.003542,0.943581
C:\My_Project\AIGC\AIGuard\unseen\fake_170.jpg,aiguard_unseen,0.05,blur,random_seed3,0.939176,0.004405,0.943581
C:\My_Project\AIGC\AIGuard\unseen\fake_170.jpg,aiguard_unseen,0.05,blur,random_seed4,0.939323,0.004258,0.943581
C:\My_Project\AIGC\AIGuard\unseen\fake_170.jpg,aiguard_unseen,0.05,blur,hot,0.938978,0.004604,0.943581
C:\My_Project\AIGC\AIGuard\unseen\fake_170.jpg,aiguard_unseen,0.05,blur,bottom,0.941677,0.001904,0.943581
C:\My_Project\AIGC\AIGuard\unseen\fake_170.jpg,aiguard_unseen,0.05,blur,random_mean,0.940614,0.002968,0.943581
C:\My_Project\AIGC\AIGuard\unseen\fake_170.jpg,aiguard_unseen,0.05,constant_fill_CONFOUNDED,hot,0.913478,0.030103,0.943581
C:\My_Project\AIGC\AIGuard\unseen\fake_170.jpg,aiguard_unseen,0.05,constant_fill_CONFOUNDED,bottom,0.932444,0.011137,0.943581
C:\My_Project\AIGC\AIGuard\unseen\fake_170.jpg,aiguard_unseen,0.05,constant_fill_CONFOUNDED,random_scattered,0.932133,0.011448,0.943581
C:\My_Project\AIGC\AIGuard\unseen\fake_170.jpg,aiguard_unseen,0.1,blur,random_seed0,0.929908,0.013673,0.943581
C:\My_Project\AIGC\AIGuard\unseen\fake_170.jpg,aiguard_unseen,0.1,blur,random_seed1,0.930684,0.012897,0.943581
C:\My_Project\AIGC\AIGuard\unseen\fake_170.jpg,aiguard_unseen,0.1,blur,random_seed2,0.933882,0.009699,0.943581
C:\My_Project\AIGC\AIGuard\unseen\fake_170.jpg,aiguard_unseen,0.1,blur,random_seed3,0.93086,0.012722,0.943581
C:\My_Project\AIGC\AIGuard\unseen\fake_170.jpg,aiguard_unseen,0.1,blur,random_seed4,0.942625,0.000956,0.943581
C:\My_Project\AIGC\AIGuard\unseen\fake_170.jpg,aiguard_unseen,0.1,blur,hot,0.924702,0.01888,0.943581
C:\My_Project\AIGC\AIGuard\unseen\fake_170.jpg,aiguard_unseen,0.1,blur,bottom,0.942306,0.001276,0.943581
C:\My_Project\AIGC\AIGuard\unseen\fake_170.jpg,aiguard_unseen,0.1,blur,random_mean,0.933592,0.009989,0.943581
C:\My_Project\AIGC\AIGuard\unseen\fake_170.jpg,aiguard_unseen,0.1,constant_fill_CONFOUNDED,hot,0.919991,0.02359,0.943581
C:\My_Project\AIGC\AIGuard\unseen\fake_170.jpg,aiguard_unseen,0.1,constant_fill_CONFOUNDED,bottom,0.929852,0.013729,0.943581
C:\My_Project\AIGC\AIGuard\unseen\fake_170.jpg,aiguard_unseen,0.1,constant_fill_CONFOUNDED,random_scattered,0.936566,0.007016,0.943581
C:\My_Project\AIGC\AIGuard\unseen\fake_170.jpg,aiguard_unseen,0.2,blur,random_seed0,0.939002,0.00458,0.943581
C:\My_Project\AIGC\AIGuard\unseen\fake_170.jpg,aiguard_unseen,0.2,blur,random_seed1,0.90923,0.034351,0.943581
C:\My_Project\AIGC\AIGuard\unseen\fake_170.jpg,aiguard_unseen,0.2,blur,random_seed2,0.932785,0.010797,0.943581
C:\My_Project\AIGC\AIGuard\unseen\fake_170.jpg,aiguard_unseen,0.2,blur,random_seed3,0.929354,0.014227,0.943581
C:\My_Project\AIGC\AIGuard\unseen\fake_170.jpg,aiguard_unseen,0.2,blur,random_seed4,0.935521,0.008061,0.943581
C:\My_Project\AIGC\AIGuard\unseen\fake_170.jpg,aiguard_unseen,0.2,blur,hot,0.731335,0.212246,0.943581
C:\My_Project\AIGC\AIGuard\unseen\fake_170.jpg,aiguard_unseen,0.2,blur,bottom,0.938711,0.004871,0.943581
C:\My_Project\AIGC\AIGuard\unseen\fake_170.jpg,aiguard_unseen,0.2,blur,random_mean,0.929178,0.014403,0.943581
C:\My_Project\AIGC\AIGuard\unseen\fake_170.jpg,aiguard_unseen,0.2,constant_fill_CONFOUNDED,hot,0.635184,0.308397,0.943581
C:\My_Project\AIGC\AIGuard\unseen\fake_170.jpg,aiguard_unseen,0.2,constant_fill_CONFOUNDED,bottom,0.918235,0.025346,0.943581
C:\My_Project\AIGC\AIGuard\unseen\fake_170.jpg,aiguard_unseen,0.2,constant_fill_CONFOUNDED,random_scattered,0.949768,-0.006186,0.943581
C:\My_Project\AIGC\AIGuard\unseen\fake_172.jpg,aiguard_unseen,0.05,blur,random_seed0,0.927463,0.001606,0.92907
C:\My_Project\AIGC\AIGuard\unseen\fake_172.jpg,aiguard_unseen,0.05,blur,random_seed1,0.925116,0.003954,0.92907
C:\My_Project\AIGC\AIGuard\unseen\fake_172.jpg,aiguard_unseen,0.05,blur,random_seed2,0.928324,0.000745,0.92907
C:\My_Project\AIGC\AIGuard\unseen\fake_172.jpg,aiguard_unseen,0.05,blur,random_seed3,0.927701,0.001369,0.92907
C:\My_Project\AIGC\AIGuard\unseen\fake_172.jpg,aiguard_unseen,0.05,blur,random_seed4,0.927683,0.001386,0.92907
C:\My_Project\AIGC\AIGuard\unseen\fake_172.jpg,aiguard_unseen,0.05,blur,hot,0.915658,0.013412,0.92907
C:\My_Project\AIGC\AIGuard\unseen\fake_172.jpg,aiguard_unseen,0.05,blur,bottom,0.927301,0.001769,0.92907
C:\My_Project\AIGC\AIGuard\unseen\fake_172.jpg,aiguard_unseen,0.05,blur,random_mean,0.927258,0.001812,0.92907
C:\My_Project\AIGC\AIGuard\unseen\fake_172.jpg,aiguard_unseen,0.05,constant_fill_CONFOUNDED,hot,0.925177,0.003893,0.92907
C:\My_Project\AIGC\AIGuard\unseen\fake_172.jpg,aiguard_unseen,0.05,constant_fill_CONFOUNDED,bottom,0.926108,0.002962,0.92907
C:\My_Project\AIGC\AIGuard\unseen\fake_172.jpg,aiguard_unseen,0.05,constant_fill_CONFOUNDED,random_scattered,0.937666,-0.008597,0.92907
C:\My_Project\AIGC\AIGuard\unseen\fake_172.jpg,aiguard_unseen,0.1,blur,random_seed0,0.922417,0.006653,0.92907
C:\My_Project\AIGC\AIGuard\unseen\fake_172.jpg,aiguard_unseen,0.1,blur,random_seed1,0.924755,0.004314,0.92907
C:\My_Project\AIGC\AIGuard\unseen\fake_172.jpg,aiguard_unseen,0.1,blur,random_seed2,0.92722,0.001849,0.92907
C:\My_Project\AIGC\AIGuard\unseen\fake_172.jpg,aiguard_unseen,0.1,blur,random_seed3,0.920344,0.008726,0.92907
C:\My_Project\AIGC\AIGuard\unseen\fake_172.jpg,aiguard_unseen,0.1,blur,random_seed4,0.916048,0.013021,0.92907
C:\My_Project\AIGC\AIGuard\unseen\fake_172.jpg,aiguard_unseen,0.1,blur,hot,0.611818,0.317252,0.92907
C:\My_Project\AIGC\AIGuard\unseen\fake_172.jpg,aiguard_unseen,0.1,blur,bottom,0.928465,0.000605,0.92907
C:\My_Project\AIGC\AIGuard\unseen\fake_172.jpg,aiguard_unseen,0.1,blur,random_mean,0.922157,0.006913,0.92907
C:\My_Project\AIGC\AIGuard\unseen\fake_172.jpg,aiguard_unseen,0.1,constant_fill_CONFOUNDED,hot,0.571762,0.357308,0.92907
C:\My_Project\AIGC\AIGuard\unseen\fake_172.jpg,aiguard_unseen,0.1,constant_fill_CONFOUNDED,bottom,0.920168,0.008902,0.92907
C:\My_Project\AIGC\AIGuard\unseen\fake_172.jpg,aiguard_unseen,0.1,constant_fill_CONFOUNDED,random_scattered,0.932716,-0.003647,0.92907
C:\My_Project\AIGC\AIGuard\unseen\fake_172.jpg,aiguard_unseen,0.2,blur,random_seed0,0.892874,0.036195,0.92907
C:\My_Project\AIGC\AIGuard\unseen\fake_172.jpg,aiguard_unseen,0.2,blur,random_seed1,0.926453,0.002616,0.92907
C:\My_Project\AIGC\AIGuard\unseen\fake_172.jpg,aiguard_unseen,0.2,blur,random_seed2,0.89974,0.029329,0.92907
C:\My_Project\AIGC\AIGuard\unseen\fake_172.jpg,aiguard_unseen,0.2,blur,random_seed3,0.924102,0.004968,0.92907
C:\My_Project\AIGC\AIGuard\unseen\fake_172.jpg,aiguard_unseen,0.2,blur,random_seed4,0.755128,0.173942,0.92907
C:\My_Project\AIGC\AIGuard\unseen\fake_172.jpg,aiguard_unseen,0.2,blur,hot,0.617935,0.311135,0.92907
C:\My_Project\AIGC\AIGuard\unseen\fake_172.jpg,aiguard_unseen,0.2,blur,bottom,0.924731,0.004339,0.92907
C:\My_Project\AIGC\AIGuard\unseen\fake_172.jpg,aiguard_unseen,0.2,blur,random_mean,0.879659,0.04941,0.92907
C:\My_Project\AIGC\AIGuard\unseen\fake_172.jpg,aiguard_unseen,0.2,constant_fill_CONFOUNDED,hot,0.320833,0.608236,0.92907
C:\My_Project\AIGC\AIGuard\unseen\fake_172.jpg,aiguard_unseen,0.2,constant_fill_CONFOUNDED,bottom,0.908322,0.020748,0.92907
C:\My_Project\AIGC\AIGuard\unseen\fake_172.jpg,aiguard_unseen,0.2,constant_fill_CONFOUNDED,random_scattered,0.941223,-0.012154,0.92907
C:\My_Project\AIGC\AIGuard\unseen\fake_176.jpg,aiguard_unseen,0.05,blur,random_seed0,0.932842,-5.3e-05,0.932789
C:\My_Project\AIGC\AIGuard\unseen\fake_176.jpg,aiguard_unseen,0.05,blur,random_seed1,0.933537,-0.000749,0.932789
C:\My_Project\AIGC\AIGuard\unseen\fake_176.jpg,aiguard_unseen,0.05,blur,random_seed2,0.931844,0.000945,0.932789
C:\My_Project\AIGC\AIGuard\unseen\fake_176.jpg,aiguard_unseen,0.05,blur,random_seed3,0.931807,0.000982,0.932789
C:\My_Project\AIGC\AIGuard\unseen\fake_176.jpg,aiguard_unseen,0.05,blur,random_seed4,0.93038,0.002408,0.932789
C:\My_Project\AIGC\AIGuard\unseen\fake_176.jpg,aiguard_unseen,0.05,blur,hot,0.932087,0.000702,0.932789
C:\My_Project\AIGC\AIGuard\unseen\fake_176.jpg,aiguard_unseen,0.05,blur,bottom,0.929496,0.003292,0.932789
C:\My_Project\AIGC\AIGuard\unseen\fake_176.jpg,aiguard_unseen,0.05,blur,random_mean,0.932082,0.000707,0.932789
C:\My_Project\AIGC\AIGuard\unseen\fake_176.jpg,aiguard_unseen,0.05,constant_fill_CONFOUNDED,hot,0.924611,0.008177,0.932789
C:\My_Project\AIGC\AIGuard\unseen\fake_176.jpg,aiguard_unseen,0.05,constant_fill_CONFOUNDED,bottom,0.928512,0.004277,0.932789
C:\My_Project\AIGC\AIGuard\unseen\fake_176.jpg,aiguard_unseen,0.05,constant_fill_CONFOUNDED,random_scattered,0.93665,-0.003861,0.932789
C:\My_Project\AIGC\AIGuard\unseen\fake_176.jpg,aiguard_unseen,0.1,blur,random_seed0,0.938392,-0.005603,0.932789
C:\My_Project\AIGC\AIGuard\unseen\fake_176.jpg,aiguard_unseen,0.1,blur,random_seed1,0.937045,-0.004257,0.932789
C:\My_Project\AIGC\AIGuard\unseen\fake_176.jpg,aiguard_unseen,0.1,blur,random_seed2,0.926154,0.006635,0.932789
C:\My_Project\AIGC\AIGuard\unseen\fake_176.jpg,aiguard_unseen,0.1,blur,random_seed3,0.924851,0.007938,0.932789
C:\My_Project\AIGC\AIGuard\unseen\fake_176.jpg,aiguard_unseen,0.1,blur,random_seed4,0.932684,0.000105,0.932789
C:\My_Project\AIGC\AIGuard\unseen\fake_176.jpg,aiguard_unseen,0.1,blur,hot,0.930576,0.002212,0.932789
C:\My_Project\AIGC\AIGuard\unseen\fake_176.jpg,aiguard_unseen,0.1,blur,bottom,0.926443,0.006346,0.932789
C:\My_Project\AIGC\AIGuard\unseen\fake_176.jpg,aiguard_unseen,0.1,blur,random_mean,0.931825,0.000964,0.932789
C:\My_Project\AIGC\AIGuard\unseen\fake_176.jpg,aiguard_unseen,0.1,constant_fill_CONFOUNDED,hot,0.901744,0.031045,0.932789
C:\My_Project\AIGC\AIGuard\unseen\fake_176.jpg,aiguard_unseen,0.1,constant_fill_CONFOUNDED,bottom,0.924625,0.008164,0.932789
C:\My_Project\AIGC\AIGuard\unseen\fake_176.jpg,aiguard_unseen,0.1,constant_fill_CONFOUNDED,random_scattered,0.933289,-0.0005,0.932789
C:\My_Project\AIGC\AIGuard\unseen\fake_176.jpg,aiguard_unseen,0.2,blur,random_seed0,0.926911,0.005877,0.932789
C:\My_Project\AIGC\AIGuard\unseen\fake_176.jpg,aiguard_unseen,0.2,blur,random_seed1,0.92927,0.003519,0.932789
C:\My_Project\AIGC\AIGuard\unseen\fake_176.jpg,aiguard_unseen,0.2,blur,random_seed2,0.930608,0.002181,0.932789
C:\My_Project\AIGC\AIGuard\unseen\fake_176.jpg,aiguard_unseen,0.2,blur,random_seed3,0.912387,0.020402,0.932789
C:\My_Project\AIGC\AIGuard\unseen\fake_176.jpg,aiguard_unseen,0.2,blur,random_seed4,0.909604,0.023185,0.932789
C:\My_Project\AIGC\AIGuard\unseen\fake_176.jpg,aiguard_unseen,0.2,blur,hot,0.839897,0.092891,0.932789
C:\My_Project\AIGC\AIGuard\unseen\fake_176.jpg,aiguard_unseen,0.2,blur,bottom,0.930243,0.002545,0.932789
C:\My_Project\AIGC\AIGuard\unseen\fake_176.jpg,aiguard_unseen,0.2,blur,random_mean,0.921756,0.011033,0.932789
C:\My_Project\AIGC\AIGuard\unseen\fake_176.jpg,aiguard_unseen,0.2,constant_fill_CONFOUNDED,hot,0.443653,0.489135,0.932789
C:\My_Project\AIGC\AIGuard\unseen\fake_176.jpg,aiguard_unseen,0.2,constant_fill_CONFOUNDED,bottom,0.910934,0.021855,0.932789
C:\My_Project\AIGC\AIGuard\unseen\fake_176.jpg,aiguard_unseen,0.2,constant_fill_CONFOUNDED,random_scattered,0.929208,0.003581,0.932789
C:\My_Project\AIGC\AIGuard\unseen\fake_177.jpg,aiguard_unseen,0.05,blur,random_seed0,0.925192,0.003892,0.929084
C:\My_Project\AIGC\AIGuard\unseen\fake_177.jpg,aiguard_unseen,0.05,blur,random_seed1,0.922781,0.006303,0.929084
C:\My_Project\AIGC\AIGuard\unseen\fake_177.jpg,aiguard_unseen,0.05,blur,random_seed2,0.928673,0.000411,0.929084
C:\My_Project\AIGC\AIGuard\unseen\fake_177.jpg,aiguard_unseen,0.05,blur,random_seed3,0.929829,-0.000745,0.929084
C:\My_Project\AIGC\AIGuard\unseen\fake_177.jpg,aiguard_unseen,0.05,blur,random_seed4,0.927932,0.001152,0.929084
C:\My_Project\AIGC\AIGuard\unseen\fake_177.jpg,aiguard_unseen,0.05,blur,hot,0.910448,0.018636,0.929084
C:\My_Project\AIGC\AIGuard\unseen\fake_177.jpg,aiguard_unseen,0.05,blur,bottom,0.920771,0.008313,0.929084
C:\My_Project\AIGC\AIGuard\unseen\fake_177.jpg,aiguard_unseen,0.05,blur,random_mean,0.926881,0.002203,0.929084
C:\My_Project\AIGC\AIGuard\unseen\fake_177.jpg,aiguard_unseen,0.05,constant_fill_CONFOUNDED,hot,0.878514,0.05057,0.929084
C:\My_Project\AIGC\AIGuard\unseen\fake_177.jpg,aiguard_unseen,0.05,constant_fill_CONFOUNDED,bottom,0.874469,0.054615,0.929084
C:\My_Project\AIGC\AIGuard\unseen\fake_177.jpg,aiguard_unseen,0.05,constant_fill_CONFOUNDED,random_scattered,0.937314,-0.00823,0.929084
C:\My_Project\AIGC\AIGuard\unseen\fake_177.jpg,aiguard_unseen,0.1,blur,random_seed0,0.912349,0.016735,0.929084
C:\My_Project\AIGC\AIGuard\unseen\fake_177.jpg,aiguard_unseen,0.1,blur,random_seed1,0.919891,0.009193,0.929084
C:\My_Project\AIGC\AIGuard\unseen\fake_177.jpg,aiguard_unseen,0.1,blur,random_seed2,0.926263,0.002821,0.929084
C:\My_Project\AIGC\AIGuard\unseen\fake_177.jpg,aiguard_unseen,0.1,blur,random_seed3,0.92905,3.4e-05,0.929084
C:\My_Project\AIGC\AIGuard\unseen\fake_177.jpg,aiguard_unseen,0.1,blur,random_seed4,0.914933,0.014151,0.929084
C:\My_Project\AIGC\AIGuard\unseen\fake_177.jpg,aiguard_unseen,0.1,blur,hot,0.8872,0.041884,0.929084
C:\My_Project\AIGC\AIGuard\unseen\fake_177.jpg,aiguard_unseen,0.1,blur,bottom,0.918489,0.010595,0.929084
C:\My_Project\AIGC\AIGuard\unseen\fake_177.jpg,aiguard_unseen,0.1,blur,random_mean,0.920497,0.008587,0.929084
C:\My_Project\AIGC\AIGuard\unseen\fake_177.jpg,aiguard_unseen,0.1,constant_fill_CONFOUNDED,hot,0.850334,0.07875,0.929084
C:\My_Project\AIGC\AIGuard\unseen\fake_177.jpg,aiguard_unseen,0.1,constant_fill_CONFOUNDED,bottom,0.913366,0.015718,0.929084
C:\My_Project\AIGC\AIGuard\unseen\fake_177.jpg,aiguard_unseen,0.1,constant_fill_CONFOUNDED,random_scattered,0.936046,-0.006962,0.929084
C:\My_Project\AIGC\AIGuard\unseen\fake_177.jpg,aiguard_unseen,0.2,blur,random_seed0,0.922562,0.006522,0.929084
C:\My_Project\AIGC\AIGuard\unseen\fake_177.jpg,aiguard_unseen,0.2,blur,random_seed1,0.853494,0.07559,0.929084
C:\My_Project\AIGC\AIGuard\unseen\fake_177.jpg,aiguard_unseen,0.2,blur,random_seed2,0.891572,0.037512,0.929084
C:\My_Project\AIGC\AIGuard\unseen\fake_177.jpg,aiguard_unseen,0.2,blur,random_seed3,0.609049,0.320035,0.929084
C:\My_Project\AIGC\AIGuard\unseen\fake_177.jpg,aiguard_unseen,0.2,blur,random_seed4,0.842739,0.086345,0.929084
C:\My_Project\AIGC\AIGuard\unseen\fake_177.jpg,aiguard_unseen,0.2,blur,hot,0.495671,0.433413,0.929084
C:\My_Project\AIGC\AIGuard\unseen\fake_177.jpg,aiguard_unseen,0.2,blur,bottom,0.918814,0.01027,0.929084
C:\My_Project\AIGC\AIGuard\unseen\fake_177.jpg,aiguard_unseen,0.2,blur,random_mean,0.823883,0.105201,0.929084
C:\My_Project\AIGC\AIGuard\unseen\fake_177.jpg,aiguard_unseen,0.2,constant_fill_CONFOUNDED,hot,0.406455,0.522629,0.929084
C:\My_Project\AIGC\AIGuard\unseen\fake_177.jpg,aiguard_unseen,0.2,constant_fill_CONFOUNDED,bottom,0.903709,0.025375,0.929084
C:\My_Project\AIGC\AIGuard\unseen\fake_177.jpg,aiguard_unseen,0.2,constant_fill_CONFOUNDED,random_scattered,0.933004,-0.00392,0.929084
C:\My_Project\AIGC\AIGuard\unseen\fake_179.jpg,aiguard_unseen,0.05,blur,random_seed0,0.938532,-0.004561,0.933971
C:\My_Project\AIGC\AIGuard\unseen\fake_179.jpg,aiguard_unseen,0.05,blur,random_seed1,0.934603,-0.000632,0.933971
C:\My_Project\AIGC\AIGuard\unseen\fake_179.jpg,aiguard_unseen,0.05,blur,random_seed2,0.939187,-0.005217,0.933971
C:\My_Project\AIGC\AIGuard\unseen\fake_179.jpg,aiguard_unseen,0.05,blur,random_seed3,0.932198,0.001773,0.933971
C:\My_Project\AIGC\AIGuard\unseen\fake_179.jpg,aiguard_unseen,0.05,blur,random_seed4,0.938577,-0.004606,0.933971
C:\My_Project\AIGC\AIGuard\unseen\fake_179.jpg,aiguard_unseen,0.05,blur,hot,0.938322,-0.004352,0.933971
C:\My_Project\AIGC\AIGuard\unseen\fake_179.jpg,aiguard_unseen,0.05,blur,bottom,0.928404,0.005567,0.933971
C:\My_Project\AIGC\AIGuard\unseen\fake_179.jpg,aiguard_unseen,0.05,blur,random_mean,0.936619,-0.002649,0.933971
C:\My_Project\AIGC\AIGuard\unseen\fake_179.jpg,aiguard_unseen,0.05,constant_fill_CONFOUNDED,hot,0.948764,-0.014794,0.933971
C:\My_Project\AIGC\AIGuard\unseen\fake_179.jpg,aiguard_unseen,0.05,constant_fill_CONFOUNDED,bottom,0.918537,0.015434,0.933971
C:\My_Project\AIGC\AIGuard\unseen\fake_179.jpg,aiguard_unseen,0.05,constant_fill_CONFOUNDED,random_scattered,0.926168,0.007802,0.933971
C:\My_Project\AIGC\AIGuard\unseen\fake_179.jpg,aiguard_unseen,0.1,blur,random_seed0,0.943019,-0.009048,0.933971
C:\My_Project\AIGC\AIGuard\unseen\fake_179.jpg,aiguard_unseen,0.1,blur,random_seed1,0.929008,0.004962,0.933971
C:\My_Project\AIGC\AIGuard\unseen\fake_179.jpg,aiguard_unseen,0.1,blur,random_seed2,0.933963,7e-06,0.933971
C:\My_Project\AIGC\AIGuard\unseen\fake_179.jpg,aiguard_unseen,0.1,blur,random_seed3,0.930063,0.003908,0.933971
C:\My_Project\AIGC\AIGuard\unseen\fake_179.jpg,aiguard_unseen,0.1,blur,random_seed4,0.940016,-0.006046,0.933971
C:\My_Project\AIGC\AIGuard\unseen\fake_179.jpg,aiguard_unseen,0.1,blur,hot,0.940524,-0.006554,0.933971
C:\My_Project\AIGC\AIGuard\unseen\fake_179.jpg,aiguard_unseen,0.1,blur,bottom,0.928181,0.00579,0.933971
C:\My_Project\AIGC\AIGuard\unseen\fake_179.jpg,aiguard_unseen,0.1,blur,random_mean,0.935214,-0.001243,0.933971
C:\My_Project\AIGC\AIGuard\unseen\fake_179.jpg,aiguard_unseen,0.1,constant_fill_CONFOUNDED,hot,0.946959,-0.012989,0.933971
C:\My_Project\AIGC\AIGuard\unseen\fake_179.jpg,aiguard_unseen,0.1,constant_fill_CONFOUNDED,bottom,0.922434,0.011537,0.933971
C:\My_Project\AIGC\AIGuard\unseen\fake_179.jpg,aiguard_unseen,0.1,constant_fill_CONFOUNDED,random_scattered,0.929027,0.004944,0.933971
C:\My_Project\AIGC\AIGuard\unseen\fake_179.jpg,aiguard_unseen,0.2,blur,random_seed0,0.938108,-0.004137,0.933971
C:\My_Project\AIGC\AIGuard\unseen\fake_179.jpg,aiguard_unseen,0.2,blur,random_seed1,0.90608,0.027891,0.933971
C:\My_Project\AIGC\AIGuard\unseen\fake_179.jpg,aiguard_unseen,0.2,blur,random_seed2,0.926574,0.007396,0.933971
C:\My_Project\AIGC\AIGuard\unseen\fake_179.jpg,aiguard_unseen,0.2,blur,random_seed3,0.930274,0.003697,0.933971
C:\My_Project\AIGC\AIGuard\unseen\fake_179.jpg,aiguard_unseen,0.2,blur,random_seed4,0.939206,-0.005235,0.933971
C:\My_Project\AIGC\AIGuard\unseen\fake_179.jpg,aiguard_unseen,0.2,blur,hot,0.884336,0.049635,0.933971
C:\My_Project\AIGC\AIGuard\unseen\fake_179.jpg,aiguard_unseen,0.2,blur,bottom,0.928611,0.005359,0.933971
C:\My_Project\AIGC\AIGuard\unseen\fake_179.jpg,aiguard_unseen,0.2,blur,random_mean,0.928048,0.005922,0.933971
C:\My_Project\AIGC\AIGuard\unseen\fake_179.jpg,aiguard_unseen,0.2,constant_fill_CONFOUNDED,hot,0.804157,0.129814,0.933971
C:\My_Project\AIGC\AIGuard\unseen\fake_179.jpg,aiguard_unseen,0.2,constant_fill_CONFOUNDED,bottom,0.90936,0.02461,0.933971
C:\My_Project\AIGC\AIGuard\unseen\fake_179.jpg,aiguard_unseen,0.2,constant_fill_CONFOUNDED,random_scattered,0.936469,-0.002499,0.933971
C:\My_Project\AIGC\AIGuard\unseen\fake_184.jpg,aiguard_unseen,0.05,blur,random_seed0,0.921171,0.002499,0.923669
C:\My_Project\AIGC\AIGuard\unseen\fake_184.jpg,aiguard_unseen,0.05,blur,random_seed1,0.920343,0.003326,0.923669
C:\My_Project\AIGC\AIGuard\unseen\fake_184.jpg,aiguard_unseen,0.05,blur,random_seed2,0.918706,0.004963,0.923669
C:\My_Project\AIGC\AIGuard\unseen\fake_184.jpg,aiguard_unseen,0.05,blur,random_seed3,0.925016,-0.001347,0.923669
C:\My_Project\AIGC\AIGuard\unseen\fake_184.jpg,aiguard_unseen,0.05,blur,random_seed4,0.920705,0.002964,0.923669
C:\My_Project\AIGC\AIGuard\unseen\fake_184.jpg,aiguard_unseen,0.05,blur,hot,0.922581,0.001088,0.923669
C:\My_Project\AIGC\AIGuard\unseen\fake_184.jpg,aiguard_unseen,0.05,blur,bottom,0.923853,-0.000184,0.923669
C:\My_Project\AIGC\AIGuard\unseen\fake_184.jpg,aiguard_unseen,0.05,blur,random_mean,0.921188,0.002481,0.923669
C:\My_Project\AIGC\AIGuard\unseen\fake_184.jpg,aiguard_unseen,0.05,constant_fill_CONFOUNDED,hot,0.917006,0.006663,0.923669
C:\My_Project\AIGC\AIGuard\unseen\fake_184.jpg,aiguard_unseen,0.05,constant_fill_CONFOUNDED,bottom,0.915248,0.008422,0.923669
C:\My_Project\AIGC\AIGuard\unseen\fake_184.jpg,aiguard_unseen,0.05,constant_fill_CONFOUNDED,random_scattered,0.901388,0.022282,0.923669
C:\My_Project\AIGC\AIGuard\unseen\fake_184.jpg,aiguard_unseen,0.1,blur,random_seed0,0.921148,0.002521,0.923669
C:\My_Project\AIGC\AIGuard\unseen\fake_184.jpg,aiguard_unseen,0.1,blur,random_seed1,0.922539,0.00113,0.923669
C:\My_Project\AIGC\AIGuard\unseen\fake_184.jpg,aiguard_unseen,0.1,blur,random_seed2,0.926244,-0.002575,0.923669
C:\My_Project\AIGC\AIGuard\unseen\fake_184.jpg,aiguard_unseen,0.1,blur,random_seed3,0.92035,0.003319,0.923669
C:\My_Project\AIGC\AIGuard\unseen\fake_184.jpg,aiguard_unseen,0.1,blur,random_seed4,0.918263,0.005406,0.923669
C:\My_Project\AIGC\AIGuard\unseen\fake_184.jpg,aiguard_unseen,0.1,blur,hot,0.914781,0.008888,0.923669
C:\My_Project\AIGC\AIGuard\unseen\fake_184.jpg,aiguard_unseen,0.1,blur,bottom,0.922126,0.001543,0.923669
C:\My_Project\AIGC\AIGuard\unseen\fake_184.jpg,aiguard_unseen,0.1,blur,random_mean,0.921709,0.00196,0.923669
C:\My_Project\AIGC\AIGuard\unseen\fake_184.jpg,aiguard_unseen,0.1,constant_fill_CONFOUNDED,hot,0.676114,0.247555,0.923669
C:\My_Project\AIGC\AIGuard\unseen\fake_184.jpg,aiguard_unseen,0.1,constant_fill_CONFOUNDED,bottom,0.91471,0.008959,0.923669
C:\My_Project\AIGC\AIGuard\unseen\fake_184.jpg,aiguard_unseen,0.1,constant_fill_CONFOUNDED,random_scattered,0.909209,0.01446,0.923669
C:\My_Project\AIGC\AIGuard\unseen\fake_184.jpg,aiguard_unseen,0.2,blur,random_seed0,0.925739,-0.00207,0.923669
C:\My_Project\AIGC\AIGuard\unseen\fake_184.jpg,aiguard_unseen,0.2,blur,random_seed1,0.904677,0.018992,0.923669
C:\My_Project\AIGC\AIGuard\unseen\fake_184.jpg,aiguard_unseen,0.2,blur,random_seed2,0.923597,7.2e-05,0.923669
C:\My_Project\AIGC\AIGuard\unseen\fake_184.jpg,aiguard_unseen,0.2,blur,random_seed3,0.926046,-0.002377,0.923669
C:\My_Project\AIGC\AIGuard\unseen\fake_184.jpg,aiguard_unseen,0.2,blur,random_seed4,0.910521,0.013148,0.923669
C:\My_Project\AIGC\AIGuard\unseen\fake_184.jpg,aiguard_unseen,0.2,blur,hot,0.698224,0.225446,0.923669
C:\My_Project\AIGC\AIGuard\unseen\fake_184.jpg,aiguard_unseen,0.2,blur,bottom,0.921908,0.001762,0.923669
C:\My_Project\AIGC\AIGuard\unseen\fake_184.jpg,aiguard_unseen,0.2,blur,random_mean,0.918116,0.005553,0.923669
C:\My_Project\AIGC\AIGuard\unseen\fake_184.jpg,aiguard_unseen,0.2,constant_fill_CONFOUNDED,hot,0.568541,0.355129,0.923669
C:\My_Project\AIGC\AIGuard\unseen\fake_184.jpg,aiguard_unseen,0.2,constant_fill_CONFOUNDED,bottom,0.899929,0.02374,0.923669
C:\My_Project\AIGC\AIGuard\unseen\fake_184.jpg,aiguard_unseen,0.2,constant_fill_CONFOUNDED,random_scattered,0.913105,0.010564,0.923669
C:\My_Project\AIGC\AIGuard\unseen\fake_187.jpg,aiguard_unseen,0.05,blur,random_seed0,0.916805,0.004594,0.921399
C:\My_Project\AIGC\AIGuard\unseen\fake_187.jpg,aiguard_unseen,0.05,blur,random_seed1,0.919118,0.002281,0.921399
C:\My_Project\AIGC\AIGuard\unseen\fake_187.jpg,aiguard_unseen,0.05,blur,random_seed2,0.929935,-0.008537,0.921399
C:\My_Project\AIGC\AIGuard\unseen\fake_187.jpg,aiguard_unseen,0.05,blur,random_seed3,0.919777,0.001621,0.921399
C:\My_Project\AIGC\AIGuard\unseen\fake_187.jpg,aiguard_unseen,0.05,blur,random_seed4,0.925504,-0.004105,0.921399
C:\My_Project\AIGC\AIGuard\unseen\fake_187.jpg,aiguard_unseen,0.05,blur,hot,0.91896,0.002439,0.921399
C:\My_Project\AIGC\AIGuard\unseen\fake_187.jpg,aiguard_unseen,0.05,blur,bottom,0.915503,0.005895,0.921399
C:\My_Project\AIGC\AIGuard\unseen\fake_187.jpg,aiguard_unseen,0.05,blur,random_mean,0.922228,-0.000829,0.921399
C:\My_Project\AIGC\AIGuard\unseen\fake_187.jpg,aiguard_unseen,0.05,constant_fill_CONFOUNDED,hot,0.823942,0.097457,0.921399
C:\My_Project\AIGC\AIGuard\unseen\fake_187.jpg,aiguard_unseen,0.05,constant_fill_CONFOUNDED,bottom,0.913867,0.007531,0.921399
C:\My_Project\AIGC\AIGuard\unseen\fake_187.jpg,aiguard_unseen,0.05,constant_fill_CONFOUNDED,random_scattered,0.876123,0.045275,0.921399
C:\My_Project\AIGC\AIGuard\unseen\fake_187.jpg,aiguard_unseen,0.1,blur,random_seed0,0.915672,0.005726,0.921399
C:\My_Project\AIGC\AIGuard\unseen\fake_187.jpg,aiguard_unseen,0.1,blur,random_seed1,0.919777,0.001622,0.921399
C:\My_Project\AIGC\AIGuard\unseen\fake_187.jpg,aiguard_unseen,0.1,blur,random_seed2,0.917602,0.003797,0.921399
C:\My_Project\AIGC\AIGuard\unseen\fake_187.jpg,aiguard_unseen,0.1,blur,random_seed3,0.915587,0.005812,0.921399
C:\My_Project\AIGC\AIGuard\unseen\fake_187.jpg,aiguard_unseen,0.1,blur,random_seed4,0.907408,0.013991,0.921399
C:\My_Project\AIGC\AIGuard\unseen\fake_187.jpg,aiguard_unseen,0.1,blur,hot,0.844983,0.076415,0.921399
C:\My_Project\AIGC\AIGuard\unseen\fake_187.jpg,aiguard_unseen,0.1,blur,bottom,0.915219,0.00618,0.921399
C:\My_Project\AIGC\AIGuard\unseen\fake_187.jpg,aiguard_unseen,0.1,blur,random_mean,0.915209,0.006189,0.921399
C:\My_Project\AIGC\AIGuard\unseen\fake_187.jpg,aiguard_unseen,0.1,constant_fill_CONFOUNDED,hot,0.413003,0.508395,0.921399
C:\My_Project\AIGC\AIGuard\unseen\fake_187.jpg,aiguard_unseen,0.1,constant_fill_CONFOUNDED,bottom,0.917294,0.004105,0.921399
C:\My_Project\AIGC\AIGuard\unseen\fake_187.jpg,aiguard_unseen,0.1,constant_fill_CONFOUNDED,random_scattered,0.869542,0.051857,0.921399
C:\My_Project\AIGC\AIGuard\unseen\fake_187.jpg,aiguard_unseen,0.2,blur,random_seed0,0.907902,0.013497,0.921399
C:\My_Project\AIGC\AIGuard\unseen\fake_187.jpg,aiguard_unseen,0.2,blur,random_seed1,0.78197,0.139429,0.921399
C:\My_Project\AIGC\AIGuard\unseen\fake_187.jpg,aiguard_unseen,0.2,blur,random_seed2,0.895334,0.026065,0.921399
C:\My_Project\AIGC\AIGuard\unseen\fake_187.jpg,aiguard_unseen,0.2,blur,random_seed3,0.516356,0.405043,0.921399
C:\My_Project\AIGC\AIGuard\unseen\fake_187.jpg,aiguard_unseen,0.2,blur,random_seed4,0.907723,0.013675,0.921399
C:\My_Project\AIGC\AIGuard\unseen\fake_187.jpg,aiguard_unseen,0.2,blur,hot,0.701396,0.220003,0.921399
C:\My_Project\AIGC\AIGuard\unseen\fake_187.jpg,aiguard_unseen,0.2,blur,bottom,0.924048,-0.00265,0.921399
C:\My_Project\AIGC\AIGuard\unseen\fake_187.jpg,aiguard_unseen,0.2,blur,random_mean,0.801857,0.119542,0.921399
C:\My_Project\AIGC\AIGuard\unseen\fake_187.jpg,aiguard_unseen,0.2,constant_fill_CONFOUNDED,hot,0.104788,0.816611,0.921399
C:\My_Project\AIGC\AIGuard\unseen\fake_187.jpg,aiguard_unseen,0.2,constant_fill_CONFOUNDED,bottom,0.913903,0.007495,0.921399
C:\My_Project\AIGC\AIGuard\unseen\fake_187.jpg,aiguard_unseen,0.2,constant_fill_CONFOUNDED,random_scattered,0.873933,0.047465,0.921399
C:\My_Project\AIGC\AIGuard\unseen\fake_216.jpg,aiguard_unseen,0.05,blur,random_seed0,0.939328,0.000907,0.940235
C:\My_Project\AIGC\AIGuard\unseen\fake_216.jpg,aiguard_unseen,0.05,blur,random_seed1,0.934838,0.005397,0.940235
C:\My_Project\AIGC\AIGuard\unseen\fake_216.jpg,aiguard_unseen,0.05,blur,random_seed2,0.937919,0.002316,0.940235
C:\My_Project\AIGC\AIGuard\unseen\fake_216.jpg,aiguard_unseen,0.05,blur,random_seed3,0.937314,0.002921,0.940235
C:\My_Project\AIGC\AIGuard\unseen\fake_216.jpg,aiguard_unseen,0.05,blur,random_seed4,0.938559,0.001676,0.940235
C:\My_Project\AIGC\AIGuard\unseen\fake_216.jpg,aiguard_unseen,0.05,blur,hot,0.93426,0.005975,0.940235
C:\My_Project\AIGC\AIGuard\unseen\fake_216.jpg,aiguard_unseen,0.05,blur,bottom,0.936063,0.004172,0.940235
C:\My_Project\AIGC\AIGuard\unseen\fake_216.jpg,aiguard_unseen,0.05,blur,random_mean,0.937592,0.002643,0.940235
C:\My_Project\AIGC\AIGuard\unseen\fake_216.jpg,aiguard_unseen,0.05,constant_fill_CONFOUNDED,hot,0.941105,-0.00087,0.940235
C:\My_Project\AIGC\AIGuard\unseen\fake_216.jpg,aiguard_unseen,0.05,constant_fill_CONFOUNDED,bottom,0.924542,0.015693,0.940235
C:\My_Project\AIGC\AIGuard\unseen\fake_216.jpg,aiguard_unseen,0.05,constant_fill_CONFOUNDED,random_scattered,0.937564,0.002672,0.940235
C:\My_Project\AIGC\AIGuard\unseen\fake_216.jpg,aiguard_unseen,0.1,blur,random_seed0,0.941492,-0.001257,0.940235
C:\My_Project\AIGC\AIGuard\unseen\fake_216.jpg,aiguard_unseen,0.1,blur,random_seed1,0.895924,0.044311,0.940235
C:\My_Project\AIGC\AIGuard\unseen\fake_216.jpg,aiguard_unseen,0.1,blur,random_seed2,0.914996,0.025239,0.940235
C:\My_Project\AIGC\AIGuard\unseen\fake_216.jpg,aiguard_unseen,0.1,blur,random_seed3,0.940505,-0.00027,0.940235
C:\My_Project\AIGC\AIGuard\unseen\fake_216.jpg,aiguard_unseen,0.1,blur,random_seed4,0.91148,0.028755,0.940235
C:\My_Project\AIGC\AIGuard\unseen\fake_216.jpg,aiguard_unseen,0.1,blur,hot,0.895374,0.044862,0.940235
C:\My_Project\AIGC\AIGuard\unseen\fake_216.jpg,aiguard_unseen,0.1,blur,bottom,0.935744,0.004491,0.940235
C:\My_Project\AIGC\AIGuard\unseen\fake_216.jpg,aiguard_unseen,0.1,blur,random_mean,0.92088,0.019356,0.940235
C:\My_Project\AIGC\AIGuard\unseen\fake_216.jpg,aiguard_unseen,0.1,constant_fill_CONFOUNDED,hot,0.920808,0.019428,0.940235
C:\My_Project\AIGC\AIGuard\unseen\fake_216.jpg,aiguard_unseen,0.1,constant_fill_CONFOUNDED,bottom,0.929215,0.01102,0.940235
C:\My_Project\AIGC\AIGuard\unseen\fake_216.jpg,aiguard_unseen,0.1,constant_fill_CONFOUNDED,random_scattered,0.942034,-0.001799,0.940235
C:\My_Project\AIGC\AIGuard\unseen\fake_216.jpg,aiguard_unseen,0.2,blur,random_seed0,0.940088,0.000147,0.940235
C:\My_Project\AIGC\AIGuard\unseen\fake_216.jpg,aiguard_unseen,0.2,blur,random_seed1,0.899336,0.040899,0.940235
C:\My_Project\AIGC\AIGuard\unseen\fake_216.jpg,aiguard_unseen,0.2,blur,random_seed2,0.914292,0.025943,0.940235
C:\My_Project\AIGC\AIGuard\unseen\fake_216.jpg,aiguard_unseen,0.2,blur,random_seed3,0.930984,0.009252,0.940235
C:\My_Project\AIGC\AIGuard\unseen\fake_216.jpg,aiguard_unseen,0.2,blur,random_seed4,0.891889,0.048346,0.940235
C:\My_Project\AIGC\AIGuard\unseen\fake_216.jpg,aiguard_unseen,0.2,blur,hot,0.781832,0.158403,0.940235
C:\My_Project\AIGC\AIGuard\unseen\fake_216.jpg,aiguard_unseen,0.2,blur,bottom,0.939548,0.000687,0.940235
C:\My_Project\AIGC\AIGuard\unseen\fake_216.jpg,aiguard_unseen,0.2,blur,random_mean,0.915318,0.024917,0.940235
C:\My_Project\AIGC\AIGuard\unseen\fake_216.jpg,aiguard_unseen,0.2,constant_fill_CONFOUNDED,hot,0.27007,0.670165,0.940235
C:\My_Project\AIGC\AIGuard\unseen\fake_216.jpg,aiguard_unseen,0.2,constant_fill_CONFOUNDED,bottom,0.924944,0.015292,0.940235
C:\My_Project\AIGC\AIGuard\unseen\fake_216.jpg,aiguard_unseen,0.2,constant_fill_CONFOUNDED,random_scattered,0.938995,0.00124,0.940235
C:\My_Project\AIGC\AIGuard\unseen\fake_222.jpg,aiguard_unseen,0.05,blur,random_seed0,0.915399,0.001154,0.916553
C:\My_Project\AIGC\AIGuard\unseen\fake_222.jpg,aiguard_unseen,0.05,blur,random_seed1,0.915411,0.001143,0.916553
C:\My_Project\AIGC\AIGuard\unseen\fake_222.jpg,aiguard_unseen,0.05,blur,random_seed2,0.916344,0.000209,0.916553
C:\My_Project\AIGC\AIGuard\unseen\fake_222.jpg,aiguard_unseen,0.05,blur,random_seed3,0.915855,0.000698,0.916553
C:\My_Project\AIGC\AIGuard\unseen\fake_222.jpg,aiguard_unseen,0.05,blur,random_seed4,0.917426,-0.000873,0.916553
C:\My_Project\AIGC\AIGuard\unseen\fake_222.jpg,aiguard_unseen,0.05,blur,hot,0.921048,-0.004495,0.916553
C:\My_Project\AIGC\AIGuard\unseen\fake_222.jpg,aiguard_unseen,0.05,blur,bottom,0.917323,-0.000769,0.916553
C:\My_Project\AIGC\AIGuard\unseen\fake_222.jpg,aiguard_unseen,0.05,blur,random_mean,0.916087,0.000466,0.916553
C:\My_Project\AIGC\AIGuard\unseen\fake_222.jpg,aiguard_unseen,0.05,constant_fill_CONFOUNDED,hot,0.933367,-0.016814,0.916553
C:\My_Project\AIGC\AIGuard\unseen\fake_222.jpg,aiguard_unseen,0.05,constant_fill_CONFOUNDED,bottom,0.922106,-0.005552,0.916553
C:\My_Project\AIGC\AIGuard\unseen\fake_222.jpg,aiguard_unseen,0.05,constant_fill_CONFOUNDED,random_scattered,0.922372,-0.005818,0.916553
C:\My_Project\AIGC\AIGuard\unseen\fake_222.jpg,aiguard_unseen,0.1,blur,random_seed0,0.918055,-0.001502,0.916553
C:\My_Project\AIGC\AIGuard\unseen\fake_222.jpg,aiguard_unseen,0.1,blur,random_seed1,0.915623,0.000931,0.916553
C:\My_Project\AIGC\AIGuard\unseen\fake_222.jpg,aiguard_unseen,0.1,blur,random_seed2,0.91744,-0.000887,0.916553
C:\My_Project\AIGC\AIGuard\unseen\fake_222.jpg,aiguard_unseen,0.1,blur,random_seed3,0.913384,0.003169,0.916553
C:\My_Project\AIGC\AIGuard\unseen\fake_222.jpg,aiguard_unseen,0.1,blur,random_seed4,0.913344,0.00321,0.916553
C:\My_Project\AIGC\AIGuard\unseen\fake_222.jpg,aiguard_unseen,0.1,blur,hot,0.910924,0.005629,0.916553
C:\My_Project\AIGC\AIGuard\unseen\fake_222.jpg,aiguard_unseen,0.1,blur,bottom,0.917984,-0.001431,0.916553
C:\My_Project\AIGC\AIGuard\unseen\fake_222.jpg,aiguard_unseen,0.1,blur,random_mean,0.915569,0.000984,0.916553
C:\My_Project\AIGC\AIGuard\unseen\fake_222.jpg,aiguard_unseen,0.1,constant_fill_CONFOUNDED,hot,0.899755,0.016798,0.916553
C:\My_Project\AIGC\AIGuard\unseen\fake_222.jpg,aiguard_unseen,0.1,constant_fill_CONFOUNDED,bottom,0.930831,-0.014278,0.916553
C:\My_Project\AIGC\AIGuard\unseen\fake_222.jpg,aiguard_unseen,0.1,constant_fill_CONFOUNDED,random_scattered,0.943563,-0.02701,0.916553
C:\My_Project\AIGC\AIGuard\unseen\fake_222.jpg,aiguard_unseen,0.2,blur,random_seed0,0.870199,0.046354,0.916553
C:\My_Project\AIGC\AIGuard\unseen\fake_222.jpg,aiguard_unseen,0.2,blur,random_seed1,0.905749,0.010805,0.916553
C:\My_Project\AIGC\AIGuard\unseen\fake_222.jpg,aiguard_unseen,0.2,blur,random_seed2,0.916923,-0.000369,0.916553
C:\My_Project\AIGC\AIGuard\unseen\fake_222.jpg,aiguard_unseen,0.2,blur,random_seed3,0.922969,-0.006415,0.916553
C:\My_Project\AIGC\AIGuard\unseen\fake_222.jpg,aiguard_unseen,0.2,blur,random_seed4,0.914256,0.002297,0.916553
C:\My_Project\AIGC\AIGuard\unseen\fake_222.jpg,aiguard_unseen,0.2,blur,hot,0.849865,0.066688,0.916553
C:\My_Project\AIGC\AIGuard\unseen\fake_222.jpg,aiguard_unseen,0.2,blur,bottom,0.915466,0.001087,0.916553
C:\My_Project\AIGC\AIGuard\unseen\fake_222.jpg,aiguard_unseen,0.2,blur,random_mean,0.906019,0.010534,0.916553
C:\My_Project\AIGC\AIGuard\unseen\fake_222.jpg,aiguard_unseen,0.2,constant_fill_CONFOUNDED,hot,0.858497,0.058057,0.916553
C:\My_Project\AIGC\AIGuard\unseen\fake_222.jpg,aiguard_unseen,0.2,constant_fill_CONFOUNDED,bottom,0.908007,0.008546,0.916553
C:\My_Project\AIGC\AIGuard\unseen\fake_222.jpg,aiguard_unseen,0.2,constant_fill_CONFOUNDED,random_scattered,0.928655,-0.012101,0.916553
C:\My_Project\AIGC\AIGuard\unseen\fake_231.jpg,aiguard_unseen,0.05,blur,random_seed0,0.936284,0.003089,0.939374
C:\My_Project\AIGC\AIGuard\unseen\fake_231.jpg,aiguard_unseen,0.05,blur,random_seed1,0.925037,0.014337,0.939374
C:\My_Project\AIGC\AIGuard\unseen\fake_231.jpg,aiguard_unseen,0.05,blur,random_seed2,0.933813,0.00556,0.939374
C:\My_Project\AIGC\AIGuard\unseen\fake_231.jpg,aiguard_unseen,0.05,blur,random_seed3,0.937562,0.001812,0.939374
C:\My_Project\AIGC\AIGuard\unseen\fake_231.jpg,aiguard_unseen,0.05,blur,random_seed4,0.939619,-0.000245,0.939374
C:\My_Project\AIGC\AIGuard\unseen\fake_231.jpg,aiguard_unseen,0.05,blur,hot,0.941202,-0.001828,0.939374
C:\My_Project\AIGC\AIGuard\unseen\fake_231.jpg,aiguard_unseen,0.05,blur,bottom,0.939144,0.00023,0.939374
C:\My_Project\AIGC\AIGuard\unseen\fake_231.jpg,aiguard_unseen,0.05,blur,random_mean,0.934463,0.004911,0.939374
C:\My_Project\AIGC\AIGuard\unseen\fake_231.jpg,aiguard_unseen,0.05,constant_fill_CONFOUNDED,hot,0.938626,0.000748,0.939374
C:\My_Project\AIGC\AIGuard\unseen\fake_231.jpg,aiguard_unseen,0.05,constant_fill_CONFOUNDED,bottom,0.929936,0.009438,0.939374
C:\My_Project\AIGC\AIGuard\unseen\fake_231.jpg,aiguard_unseen,0.05,constant_fill_CONFOUNDED,random_scattered,0.920333,0.01904,0.939374
C:\My_Project\AIGC\AIGuard\unseen\fake_231.jpg,aiguard_unseen,0.1,blur,random_seed0,0.941895,-0.002522,0.939374
C:\My_Project\AIGC\AIGuard\unseen\fake_231.jpg,aiguard_unseen,0.1,blur,random_seed1,0.93698,0.002394,0.939374
C:\My_Project\AIGC\AIGuard\unseen\fake_231.jpg,aiguard_unseen,0.1,blur,random_seed2,0.934004,0.00537,0.939374
C:\My_Project\AIGC\AIGuard\unseen\fake_231.jpg,aiguard_unseen,0.1,blur,random_seed3,0.936247,0.003126,0.939374
C:\My_Project\AIGC\AIGuard\unseen\fake_231.jpg,aiguard_unseen,0.1,blur,random_seed4,0.943171,-0.003797,0.939374
C:\My_Project\AIGC\AIGuard\unseen\fake_231.jpg,aiguard_unseen,0.1,blur,hot,0.935488,0.003885,0.939374
C:\My_Project\AIGC\AIGuard\unseen\fake_231.jpg,aiguard_unseen,0.1,blur,bottom,0.937464,0.00191,0.939374
C:\My_Project\AIGC\AIGuard\unseen\fake_231.jpg,aiguard_unseen,0.1,blur,random_mean,0.93846,0.000914,0.939374
C:\My_Project\AIGC\AIGuard\unseen\fake_231.jpg,aiguard_unseen,0.1,constant_fill_CONFOUNDED,hot,0.892435,0.046939,0.939374
C:\My_Project\AIGC\AIGuard\unseen\fake_231.jpg,aiguard_unseen,0.1,constant_fill_CONFOUNDED,bottom,0.930772,0.008602,0.939374
C:\My_Project\AIGC\AIGuard\unseen\fake_231.jpg,aiguard_unseen,0.1,constant_fill_CONFOUNDED,random_scattered,0.925067,0.014306,0.939374
C:\My_Project\AIGC\AIGuard\unseen\fake_231.jpg,aiguard_unseen,0.2,blur,random_seed0,0.927548,0.011825,0.939374
C:\My_Project\AIGC\AIGuard\unseen\fake_231.jpg,aiguard_unseen,0.2,blur,random_seed1,0.851311,0.088062,0.939374
C:\My_Project\AIGC\AIGuard\unseen\fake_231.jpg,aiguard_unseen,0.2,blur,random_seed2,0.912867,0.026507,0.939374
C:\My_Project\AIGC\AIGuard\unseen\fake_231.jpg,aiguard_unseen,0.2,blur,random_seed3,0.916857,0.022517,0.939374
C:\My_Project\AIGC\AIGuard\unseen\fake_231.jpg,aiguard_unseen,0.2,blur,random_seed4,0.855515,0.083859,0.939374
C:\My_Project\AIGC\AIGuard\unseen\fake_231.jpg,aiguard_unseen,0.2,blur,hot,0.744831,0.194543,0.939374
C:\My_Project\AIGC\AIGuard\unseen\fake_231.jpg,aiguard_unseen,0.2,blur,bottom,0.938054,0.00132,0.939374
C:\My_Project\AIGC\AIGuard\unseen\fake_231.jpg,aiguard_unseen,0.2,blur,random_mean,0.89282,0.046554,0.939374
C:\My_Project\AIGC\AIGuard\unseen\fake_231.jpg,aiguard_unseen,0.2,constant_fill_CONFOUNDED,hot,0.26402,0.675354,0.939374
C:\My_Project\AIGC\AIGuard\unseen\fake_231.jpg,aiguard_unseen,0.2,constant_fill_CONFOUNDED,bottom,0.926706,0.012668,0.939374
C:\My_Project\AIGC\AIGuard\unseen\fake_231.jpg,aiguard_unseen,0.2,constant_fill_CONFOUNDED,random_scattered,0.920059,0.019315,0.939374
C:\My_Project\AIGC\AIGuard\unseen\fake_237.jpg,aiguard_unseen,0.05,blur,random_seed0,0.926607,0.003919,0.930525
C:\My_Project\AIGC\AIGuard\unseen\fake_237.jpg,aiguard_unseen,0.05,blur,random_seed1,0.934911,-0.004386,0.930525
C:\My_Project\AIGC\AIGuard\unseen\fake_237.jpg,aiguard_unseen,0.05,blur,random_seed2,0.929595,0.000931,0.930525
C:\My_Project\AIGC\AIGuard\unseen\fake_237.jpg,aiguard_unseen,0.05,blur,random_seed3,0.928881,0.001645,0.930525
C:\My_Project\AIGC\AIGuard\unseen\fake_237.jpg,aiguard_unseen,0.05,blur,random_seed4,0.920529,0.009996,0.930525
C:\My_Project\AIGC\AIGuard\unseen\fake_237.jpg,aiguard_unseen,0.05,blur,hot,0.931876,-0.00135,0.930525
C:\My_Project\AIGC\AIGuard\unseen\fake_237.jpg,aiguard_unseen,0.05,blur,bottom,0.930606,-8.1e-05,0.930525
C:\My_Project\AIGC\AIGuard\unseen\fake_237.jpg,aiguard_unseen,0.05,blur,random_mean,0.928104,0.002421,0.930525
C:\My_Project\AIGC\AIGuard\unseen\fake_237.jpg,aiguard_unseen,0.05,constant_fill_CONFOUNDED,hot,0.932266,-0.001741,0.930525
C:\My_Project\AIGC\AIGuard\unseen\fake_237.jpg,aiguard_unseen,0.05,constant_fill_CONFOUNDED,bottom,0.926291,0.004235,0.930525
C:\My_Project\AIGC\AIGuard\unseen\fake_237.jpg,aiguard_unseen,0.05,constant_fill_CONFOUNDED,random_scattered,0.920538,0.009987,0.930525
C:\My_Project\AIGC\AIGuard\unseen\fake_237.jpg,aiguard_unseen,0.1,blur,random_seed0,0.925726,0.004799,0.930525
C:\My_Project\AIGC\AIGuard\unseen\fake_237.jpg,aiguard_unseen,0.1,blur,random_seed1,0.923674,0.006851,0.930525
C:\My_Project\AIGC\AIGuard\unseen\fake_237.jpg,aiguard_unseen,0.1,blur,random_seed2,0.928814,0.001711,0.930525
C:\My_Project\AIGC\AIGuard\unseen\fake_237.jpg,aiguard_unseen,0.1,blur,random_seed3,0.933675,-0.003149,0.930525
C:\My_Project\AIGC\AIGuard\unseen\fake_237.jpg,aiguard_unseen,0.1,blur,random_seed4,0.934049,-0.003524,0.930525
C:\My_Project\AIGC\AIGuard\unseen\fake_237.jpg,aiguard_unseen,0.1,blur,hot,0.927256,0.00327,0.930525
C:\My_Project\AIGC\AIGuard\unseen\fake_237.jpg,aiguard_unseen,0.1,blur,bottom,0.935244,-0.004718,0.930525
C:\My_Project\AIGC\AIGuard\unseen\fake_237.jpg,aiguard_unseen,0.1,blur,random_mean,0.929188,0.001338,0.930525
C:\My_Project\AIGC\AIGuard\unseen\fake_237.jpg,aiguard_unseen,0.1,constant_fill_CONFOUNDED,hot,0.913022,0.017503,0.930525
C:\My_Project\AIGC\AIGuard\unseen\fake_237.jpg,aiguard_unseen,0.1,constant_fill_CONFOUNDED,bottom,0.925911,0.004614,0.930525
C:\My_Project\AIGC\AIGuard\unseen\fake_237.jpg,aiguard_unseen,0.1,constant_fill_CONFOUNDED,random_scattered,0.918464,0.012061,0.930525
C:\My_Project\AIGC\AIGuard\unseen\fake_237.jpg,aiguard_unseen,0.2,blur,random_seed0,0.864405,0.06612,0.930525
C:\My_Project\AIGC\AIGuard\unseen\fake_237.jpg,aiguard_unseen,0.2,blur,random_seed1,0.930862,-0.000337,0.930525
C:\My_Project\AIGC\AIGuard\unseen\fake_237.jpg,aiguard_unseen,0.2,blur,random_seed2,0.932876,-0.002351,0.930525
C:\My_Project\AIGC\AIGuard\unseen\fake_237.jpg,aiguard_unseen,0.2,blur,random_seed3,0.930102,0.000423,0.930525
C:\My_Project\AIGC\AIGuard\unseen\fake_237.jpg,aiguard_unseen,0.2,blur,random_seed4,0.929162,0.001364,0.930525
C:\My_Project\AIGC\AIGuard\unseen\fake_237.jpg,aiguard_unseen,0.2,blur,hot,0.832883,0.097642,0.930525
C:\My_Project\AIGC\AIGuard\unseen\fake_237.jpg,aiguard_unseen,0.2,blur,bottom,0.937448,-0.006923,0.930525
C:\My_Project\AIGC\AIGuard\unseen\fake_237.jpg,aiguard_unseen,0.2,blur,random_mean,0.917482,0.013044,0.930525
C:\My_Project\AIGC\AIGuard\unseen\fake_237.jpg,aiguard_unseen,0.2,constant_fill_CONFOUNDED,hot,0.774083,0.156442,0.930525
C:\My_Project\AIGC\AIGuard\unseen\fake_237.jpg,aiguard_unseen,0.2,constant_fill_CONFOUNDED,bottom,0.915888,0.014637,0.930525
C:\My_Project\AIGC\AIGuard\unseen\fake_237.jpg,aiguard_unseen,0.2,constant_fill_CONFOUNDED,random_scattered,0.922037,0.008488,0.930525
C:\My_Project\AIGC\AIGuard\unseen\fake_242.jpg,aiguard_unseen,0.05,blur,random_seed0,0.92292,0.00279,0.925711
C:\My_Project\AIGC\AIGuard\unseen\fake_242.jpg,aiguard_unseen,0.05,blur,random_seed1,0.920868,0.004843,0.925711
C:\My_Project\AIGC\AIGuard\unseen\fake_242.jpg,aiguard_unseen,0.05,blur,random_seed2,0.924665,0.001046,0.925711
C:\My_Project\AIGC\AIGuard\unseen\fake_242.jpg,aiguard_unseen,0.05,blur,random_seed3,0.927599,-0.001888,0.925711
C:\My_Project\AIGC\AIGuard\unseen\fake_242.jpg,aiguard_unseen,0.05,blur,random_seed4,0.92844,-0.00273,0.925711
C:\My_Project\AIGC\AIGuard\unseen\fake_242.jpg,aiguard_unseen,0.05,blur,hot,0.92484,0.000871,0.925711
C:\My_Project\AIGC\AIGuard\unseen\fake_242.jpg,aiguard_unseen,0.05,blur,bottom,0.931336,-0.005625,0.925711
C:\My_Project\AIGC\AIGuard\unseen\fake_242.jpg,aiguard_unseen,0.05,blur,random_mean,0.924899,0.000812,0.925711
C:\My_Project\AIGC\AIGuard\unseen\fake_242.jpg,aiguard_unseen,0.05,constant_fill_CONFOUNDED,hot,0.924123,0.001588,0.925711
C:\My_Project\AIGC\AIGuard\unseen\fake_242.jpg,aiguard_unseen,0.05,constant_fill_CONFOUNDED,bottom,0.923315,0.002396,0.925711
C:\My_Project\AIGC\AIGuard\unseen\fake_242.jpg,aiguard_unseen,0.05,constant_fill_CONFOUNDED,random_scattered,0.754829,0.170882,0.925711
C:\My_Project\AIGC\AIGuard\unseen\fake_242.jpg,aiguard_unseen,0.1,blur,random_seed0,0.899195,0.026516,0.925711
C:\My_Project\AIGC\AIGuard\unseen\fake_242.jpg,aiguard_unseen,0.1,blur,random_seed1,0.886577,0.039134,0.925711
C:\My_Project\AIGC\AIGuard\unseen\fake_242.jpg,aiguard_unseen,0.1,blur,random_seed2,0.898413,0.027297,0.925711
C:\My_Project\AIGC\AIGuard\unseen\fake_242.jpg,aiguard_unseen,0.1,blur,random_seed3,0.925384,0.000326,0.925711
C:\My_Project\AIGC\AIGuard\unseen\fake_242.jpg,aiguard_unseen,0.1,blur,random_seed4,0.921163,0.004548,0.925711
C:\My_Project\AIGC\AIGuard\unseen\fake_242.jpg,aiguard_unseen,0.1,blur,hot,0.916495,0.009216,0.925711
C:\My_Project\AIGC\AIGuard\unseen\fake_242.jpg,aiguard_unseen,0.1,blur,bottom,0.928817,-0.003106,0.925711
C:\My_Project\AIGC\AIGuard\unseen\fake_242.jpg,aiguard_unseen,0.1,blur,random_mean,0.906147,0.019564,0.925711
C:\My_Project\AIGC\AIGuard\unseen\fake_242.jpg,aiguard_unseen,0.1,constant_fill_CONFOUNDED,hot,0.887605,0.038106,0.925711
C:\My_Project\AIGC\AIGuard\unseen\fake_242.jpg,aiguard_unseen,0.1,constant_fill_CONFOUNDED,bottom,0.921389,0.004322,0.925711
C:\My_Project\AIGC\AIGuard\unseen\fake_242.jpg,aiguard_unseen,0.1,constant_fill_CONFOUNDED,random_scattered,0.909776,0.015935,0.925711
C:\My_Project\AIGC\AIGuard\unseen\fake_242.jpg,aiguard_unseen,0.2,blur,random_seed0,0.909047,0.016664,0.925711
C:\My_Project\AIGC\AIGuard\unseen\fake_242.jpg,aiguard_unseen,0.2,blur,random_seed1,0.882157,0.043554,0.925711
C:\My_Project\AIGC\AIGuard\unseen\fake_242.jpg,aiguard_unseen,0.2,blur,random_seed2,0.835346,0.090365,0.925711
C:\My_Project\AIGC\AIGuard\unseen\fake_242.jpg,aiguard_unseen,0.2,blur,random_seed3,0.778148,0.147563,0.925711
C:\My_Project\AIGC\AIGuard\unseen\fake_242.jpg,aiguard_unseen,0.2,blur,random_seed4,0.880166,0.045545,0.925711
C:\My_Project\AIGC\AIGuard\unseen\fake_242.jpg,aiguard_unseen,0.2,blur,hot,0.777921,0.14779,0.925711
C:\My_Project\AIGC\AIGuard\unseen\fake_242.jpg,aiguard_unseen,0.2,blur,bottom,0.9347,-0.008989,0.925711
C:\My_Project\AIGC\AIGuard\unseen\fake_242.jpg,aiguard_unseen,0.2,blur,random_mean,0.856973,0.068738,0.925711
C:\My_Project\AIGC\AIGuard\unseen\fake_242.jpg,aiguard_unseen,0.2,constant_fill_CONFOUNDED,hot,0.222587,0.703124,0.925711
C:\My_Project\AIGC\AIGuard\unseen\fake_242.jpg,aiguard_unseen,0.2,constant_fill_CONFOUNDED,bottom,0.92845,-0.002739,0.925711
C:\My_Project\AIGC\AIGuard\unseen\fake_242.jpg,aiguard_unseen,0.2,constant_fill_CONFOUNDED,random_scattered,0.928088,-0.002377,0.925711
C:\My_Project\AIGC\AIGuard\unseen\fake_247.jpg,aiguard_unseen,0.05,blur,random_seed0,0.927339,0.003948,0.931287
C:\My_Project\AIGC\AIGuard\unseen\fake_247.jpg,aiguard_unseen,0.05,blur,random_seed1,0.925818,0.005469,0.931287
C:\My_Project\AIGC\AIGuard\unseen\fake_247.jpg,aiguard_unseen,0.05,blur,random_seed2,0.933271,-0.001984,0.931287
C:\My_Project\AIGC\AIGuard\unseen\fake_247.jpg,aiguard_unseen,0.05,blur,random_seed3,0.925638,0.005649,0.931287
C:\My_Project\AIGC\AIGuard\unseen\fake_247.jpg,aiguard_unseen,0.05,blur,random_seed4,0.926939,0.004348,0.931287
C:\My_Project\AIGC\AIGuard\unseen\fake_247.jpg,aiguard_unseen,0.05,blur,hot,0.931061,0.000226,0.931287
C:\My_Project\AIGC\AIGuard\unseen\fake_247.jpg,aiguard_unseen,0.05,blur,bottom,0.929221,0.002066,0.931287
C:\My_Project\AIGC\AIGuard\unseen\fake_247.jpg,aiguard_unseen,0.05,blur,random_mean,0.927801,0.003486,0.931287
C:\My_Project\AIGC\AIGuard\unseen\fake_247.jpg,aiguard_unseen,0.05,constant_fill_CONFOUNDED,hot,0.939937,-0.00865,0.931287
C:\My_Project\AIGC\AIGuard\unseen\fake_247.jpg,aiguard_unseen,0.05,constant_fill_CONFOUNDED,bottom,0.916581,0.014706,0.931287
C:\My_Project\AIGC\AIGuard\unseen\fake_247.jpg,aiguard_unseen,0.05,constant_fill_CONFOUNDED,random_scattered,0.946626,-0.015339,0.931287
C:\My_Project\AIGC\AIGuard\unseen\fake_247.jpg,aiguard_unseen,0.1,blur,random_seed0,0.930536,0.000751,0.931287
C:\My_Project\AIGC\AIGuard\unseen\fake_247.jpg,aiguard_unseen,0.1,blur,random_seed1,0.929778,0.001509,0.931287
C:\My_Project\AIGC\AIGuard\unseen\fake_247.jpg,aiguard_unseen,0.1,blur,random_seed2,0.92677,0.004517,0.931287
C:\My_Project\AIGC\AIGuard\unseen\fake_247.jpg,aiguard_unseen,0.1,blur,random_seed3,0.915527,0.01576,0.931287
C:\My_Project\AIGC\AIGuard\unseen\fake_247.jpg,aiguard_unseen,0.1,blur,random_seed4,0.930846,0.000441,0.931287
C:\My_Project\AIGC\AIGuard\unseen\fake_247.jpg,aiguard_unseen,0.1,blur,hot,0.933002,-0.001715,0.931287
C:\My_Project\AIGC\AIGuard\unseen\fake_247.jpg,aiguard_unseen,0.1,blur,bottom,0.931813,-0.000526,0.931287
C:\My_Project\AIGC\AIGuard\unseen\fake_247.jpg,aiguard_unseen,0.1,blur,random_mean,0.926691,0.004595,0.931287
C:\My_Project\AIGC\AIGuard\unseen\fake_247.jpg,aiguard_unseen,0.1,constant_fill_CONFOUNDED,hot,0.930807,0.00048,0.931287
C:\My_Project\AIGC\AIGuard\unseen\fake_247.jpg,aiguard_unseen,0.1,constant_fill_CONFOUNDED,bottom,0.907626,0.023661,0.931287
C:\My_Project\AIGC\AIGuard\unseen\fake_247.jpg,aiguard_unseen,0.1,constant_fill_CONFOUNDED,random_scattered,0.93566,-0.004373,0.931287
C:\My_Project\AIGC\AIGuard\unseen\fake_247.jpg,aiguard_unseen,0.2,blur,random_seed0,0.909431,0.021856,0.931287
C:\My_Project\AIGC\AIGuard\unseen\fake_247.jpg,aiguard_unseen,0.2,blur,random_seed1,0.927087,0.0042,0.931287
C:\My_Project\AIGC\AIGuard\unseen\fake_247.jpg,aiguard_unseen,0.2,blur,random_seed2,0.920257,0.01103,0.931287
C:\My_Project\AIGC\AIGuard\unseen\fake_247.jpg,aiguard_unseen,0.2,blur,random_seed3,0.8846,0.046687,0.931287
C:\My_Project\AIGC\AIGuard\unseen\fake_247.jpg,aiguard_unseen,0.2,blur,random_seed4,0.920058,0.011229,0.931287
C:\My_Project\AIGC\AIGuard\unseen\fake_247.jpg,aiguard_unseen,0.2,blur,hot,0.904622,0.026665,0.931287
C:\My_Project\AIGC\AIGuard\unseen\fake_247.jpg,aiguard_unseen,0.2,blur,bottom,0.927105,0.004182,0.931287
C:\My_Project\AIGC\AIGuard\unseen\fake_247.jpg,aiguard_unseen,0.2,blur,random_mean,0.912287,0.019,0.931287
C:\My_Project\AIGC\AIGuard\unseen\fake_247.jpg,aiguard_unseen,0.2,constant_fill_CONFOUNDED,hot,0.857838,0.073449,0.931287
C:\My_Project\AIGC\AIGuard\unseen\fake_247.jpg,aiguard_unseen,0.2,constant_fill_CONFOUNDED,bottom,0.918577,0.01271,0.931287
C:\My_Project\AIGC\AIGuard\unseen\fake_247.jpg,aiguard_unseen,0.2,constant_fill_CONFOUNDED,random_scattered,0.928445,0.002842,0.931287
C:\My_Project\AIGC\AIGuard\unseen\fake_260.jpg,aiguard_unseen,0.05,blur,random_seed0,0.927987,0.004651,0.932638
C:\My_Project\AIGC\AIGuard\unseen\fake_260.jpg,aiguard_unseen,0.05,blur,random_seed1,0.930241,0.002397,0.932638
C:\My_Project\AIGC\AIGuard\unseen\fake_260.jpg,aiguard_unseen,0.05,blur,random_seed2,0.930352,0.002286,0.932638
C:\My_Project\AIGC\AIGuard\unseen\fake_260.jpg,aiguard_unseen,0.05,blur,random_seed3,0.929075,0.003563,0.932638
C:\My_Project\AIGC\AIGuard\unseen\fake_260.jpg,aiguard_unseen,0.05,blur,random_seed4,0.927227,0.00541,0.932638
C:\My_Project\AIGC\AIGuard\unseen\fake_260.jpg,aiguard_unseen,0.05,blur,hot,0.926334,0.006304,0.932638
C:\My_Project\AIGC\AIGuard\unseen\fake_260.jpg,aiguard_unseen,0.05,blur,bottom,0.935453,-0.002815,0.932638
C:\My_Project\AIGC\AIGuard\unseen\fake_260.jpg,aiguard_unseen,0.05,blur,random_mean,0.928977,0.003661,0.932638
C:\My_Project\AIGC\AIGuard\unseen\fake_260.jpg,aiguard_unseen,0.05,constant_fill_CONFOUNDED,hot,0.923017,0.009621,0.932638
C:\My_Project\AIGC\AIGuard\unseen\fake_260.jpg,aiguard_unseen,0.05,constant_fill_CONFOUNDED,bottom,0.920427,0.012211,0.932638
C:\My_Project\AIGC\AIGuard\unseen\fake_260.jpg,aiguard_unseen,0.05,constant_fill_CONFOUNDED,random_scattered,0.863293,0.069345,0.932638
C:\My_Project\AIGC\AIGuard\unseen\fake_260.jpg,aiguard_unseen,0.1,blur,random_seed0,0.925789,0.006849,0.932638
C:\My_Project\AIGC\AIGuard\unseen\fake_260.jpg,aiguard_unseen,0.1,blur,random_seed1,0.912553,0.020085,0.932638
C:\My_Project\AIGC\AIGuard\unseen\fake_260.jpg,aiguard_unseen,0.1,blur,random_seed2,0.919456,0.013182,0.932638
C:\My_Project\AIGC\AIGuard\unseen\fake_260.jpg,aiguard_unseen,0.1,blur,random_seed3,0.914004,0.018634,0.932638
C:\My_Project\AIGC\AIGuard\unseen\fake_260.jpg,aiguard_unseen,0.1,blur,random_seed4,0.923098,0.00954,0.932638
C:\My_Project\AIGC\AIGuard\unseen\fake_260.jpg,aiguard_unseen,0.1,blur,hot,0.919573,0.013064,0.932638
C:\My_Project\AIGC\AIGuard\unseen\fake_260.jpg,aiguard_unseen,0.1,blur,bottom,0.935996,-0.003358,0.932638
C:\My_Project\AIGC\AIGuard\unseen\fake_260.jpg,aiguard_unseen,0.1,blur,random_mean,0.91898,0.013658,0.932638
C:\My_Project\AIGC\AIGuard\unseen\fake_260.jpg,aiguard_unseen,0.1,constant_fill_CONFOUNDED,hot,0.907995,0.024643,0.932638
C:\My_Project\AIGC\AIGuard\unseen\fake_260.jpg,aiguard_unseen,0.1,constant_fill_CONFOUNDED,bottom,0.909532,0.023105,0.932638
C:\My_Project\AIGC\AIGuard\unseen\fake_260.jpg,aiguard_unseen,0.1,constant_fill_CONFOUNDED,random_scattered,0.875313,0.057325,0.932638
C:\My_Project\AIGC\AIGuard\unseen\fake_260.jpg,aiguard_unseen,0.2,blur,random_seed0,0.849513,0.083125,0.932638
C:\My_Project\AIGC\AIGuard\unseen\fake_260.jpg,aiguard_unseen,0.2,blur,random_seed1,0.911877,0.020761,0.932638
C:\My_Project\AIGC\AIGuard\unseen\fake_260.jpg,aiguard_unseen,0.2,blur,random_seed2,0.91872,0.013918,0.932638
C:\My_Project\AIGC\AIGuard\unseen\fake_260.jpg,aiguard_unseen,0.2,blur,random_seed3,0.911205,0.021433,0.932638
C:\My_Project\AIGC\AIGuard\unseen\fake_260.jpg,aiguard_unseen,0.2,blur,random_seed4,0.914093,0.018545,0.932638
C:\My_Project\AIGC\AIGuard\unseen\fake_260.jpg,aiguard_unseen,0.2,blur,hot,0.781498,0.15114,0.932638
C:\My_Project\AIGC\AIGuard\unseen\fake_260.jpg,aiguard_unseen,0.2,blur,bottom,0.933061,-0.000423,0.932638
C:\My_Project\AIGC\AIGuard\unseen\fake_260.jpg,aiguard_unseen,0.2,blur,random_mean,0.901082,0.031556,0.932638
C:\My_Project\AIGC\AIGuard\unseen\fake_260.jpg,aiguard_unseen,0.2,constant_fill_CONFOUNDED,hot,0.614819,0.317819,0.932638
C:\My_Project\AIGC\AIGuard\unseen\fake_260.jpg,aiguard_unseen,0.2,constant_fill_CONFOUNDED,bottom,0.909324,0.023314,0.932638
C:\My_Project\AIGC\AIGuard\unseen\fake_260.jpg,aiguard_unseen,0.2,constant_fill_CONFOUNDED,random_scattered,0.892077,0.040561,0.932638
C:\My_Project\AIGC\AIGuard\unseen\fake_262.jpg,aiguard_unseen,0.05,blur,random_seed0,0.920491,0.000495,0.920987
C:\My_Project\AIGC\AIGuard\unseen\fake_262.jpg,aiguard_unseen,0.05,blur,random_seed1,0.910417,0.01057,0.920987
C:\My_Project\AIGC\AIGuard\unseen\fake_262.jpg,aiguard_unseen,0.05,blur,random_seed2,0.914348,0.006639,0.920987
C:\My_Project\AIGC\AIGuard\unseen\fake_262.jpg,aiguard_unseen,0.05,blur,random_seed3,0.920231,0.000755,0.920987
C:\My_Project\AIGC\AIGuard\unseen\fake_262.jpg,aiguard_unseen,0.05,blur,random_seed4,0.914621,0.006365,0.920987
C:\My_Project\AIGC\AIGuard\unseen\fake_262.jpg,aiguard_unseen,0.05,blur,hot,0.922382,-0.001395,0.920987
C:\My_Project\AIGC\AIGuard\unseen\fake_262.jpg,aiguard_unseen,0.05,blur,bottom,0.918103,0.002883,0.920987
C:\My_Project\AIGC\AIGuard\unseen\fake_262.jpg,aiguard_unseen,0.05,blur,random_mean,0.916022,0.004965,0.920987
C:\My_Project\AIGC\AIGuard\unseen\fake_262.jpg,aiguard_unseen,0.05,constant_fill_CONFOUNDED,hot,0.88344,0.037547,0.920987
C:\My_Project\AIGC\AIGuard\unseen\fake_262.jpg,aiguard_unseen,0.05,constant_fill_CONFOUNDED,bottom,0.915005,0.005981,0.920987
C:\My_Project\AIGC\AIGuard\unseen\fake_262.jpg,aiguard_unseen,0.05,constant_fill_CONFOUNDED,random_scattered,0.898073,0.022914,0.920987
C:\My_Project\AIGC\AIGuard\unseen\fake_262.jpg,aiguard_unseen,0.1,blur,random_seed0,0.925209,-0.004222,0.920987
C:\My_Project\AIGC\AIGuard\unseen\fake_262.jpg,aiguard_unseen,0.1,blur,random_seed1,0.913234,0.007753,0.920987
C:\My_Project\AIGC\AIGuard\unseen\fake_262.jpg,aiguard_unseen,0.1,blur,random_seed2,0.912394,0.008592,0.920987
C:\My_Project\AIGC\AIGuard\unseen\fake_262.jpg,aiguard_unseen,0.1,blur,random_seed3,0.914836,0.00615,0.920987
C:\My_Project\AIGC\AIGuard\unseen\fake_262.jpg,aiguard_unseen,0.1,blur,random_seed4,0.91041,0.010577,0.920987
C:\My_Project\AIGC\AIGuard\unseen\fake_262.jpg,aiguard_unseen,0.1,blur,hot,0.919452,0.001535,0.920987
C:\My_Project\AIGC\AIGuard\unseen\fake_262.jpg,aiguard_unseen,0.1,blur,bottom,0.920224,0.000762,0.920987
C:\My_Project\AIGC\AIGuard\unseen\fake_262.jpg,aiguard_unseen,0.1,blur,random_mean,0.915217,0.00577,0.920987
C:\My_Project\AIGC\AIGuard\unseen\fake_262.jpg,aiguard_unseen,0.1,constant_fill_CONFOUNDED,hot,0.891521,0.029466,0.920987
C:\My_Project\AIGC\AIGuard\unseen\fake_262.jpg,aiguard_unseen,0.1,constant_fill_CONFOUNDED,bottom,0.912806,0.00818,0.920987
C:\My_Project\AIGC\AIGuard\unseen\fake_262.jpg,aiguard_unseen,0.1,constant_fill_CONFOUNDED,random_scattered,0.898087,0.0229,0.920987
C:\My_Project\AIGC\AIGuard\unseen\fake_262.jpg,aiguard_unseen,0.2,blur,random_seed0,0.909021,0.011965,0.920987
C:\My_Project\AIGC\AIGuard\unseen\fake_262.jpg,aiguard_unseen,0.2,blur,random_seed1,0.909627,0.01136,0.920987
C:\My_Project\AIGC\AIGuard\unseen\fake_262.jpg,aiguard_unseen,0.2,blur,random_seed2,0.865692,0.055294,0.920987
C:\My_Project\AIGC\AIGuard\unseen\fake_262.jpg,aiguard_unseen,0.2,blur,random_seed3,0.67105,0.249937,0.920987
C:\My_Project\AIGC\AIGuard\unseen\fake_262.jpg,aiguard_unseen,0.2,blur,random_seed4,0.902003,0.018983,0.920987
C:\My_Project\AIGC\AIGuard\unseen\fake_262.jpg,aiguard_unseen,0.2,blur,hot,0.707726,0.21326,0.920987
C:\My_Project\AIGC\AIGuard\unseen\fake_262.jpg,aiguard_unseen,0.2,blur,bottom,0.924282,-0.003296,0.920987
C:\My_Project\AIGC\AIGuard\unseen\fake_262.jpg,aiguard_unseen,0.2,blur,random_mean,0.851479,0.069508,0.920987
C:\My_Project\AIGC\AIGuard\unseen\fake_262.jpg,aiguard_unseen,0.2,constant_fill_CONFOUNDED,hot,0.30927,0.611717,0.920987
C:\My_Project\AIGC\AIGuard\unseen\fake_262.jpg,aiguard_unseen,0.2,constant_fill_CONFOUNDED,bottom,0.908658,0.012329,0.920987
C:\My_Project\AIGC\AIGuard\unseen\fake_262.jpg,aiguard_unseen,0.2,constant_fill_CONFOUNDED,random_scattered,0.917758,0.003229,0.920987
C:\My_Project\AIGC\AIGuard\unseen\fake_266.jpg,aiguard_unseen,0.05,blur,random_seed0,0.930119,-0.002788,0.927331
C:\My_Project\AIGC\AIGuard\unseen\fake_266.jpg,aiguard_unseen,0.05,blur,random_seed1,0.926233,0.001098,0.927331
C:\My_Project\AIGC\AIGuard\unseen\fake_266.jpg,aiguard_unseen,0.05,blur,random_seed2,0.913122,0.014209,0.927331
C:\My_Project\AIGC\AIGuard\unseen\fake_266.jpg,aiguard_unseen,0.05,blur,random_seed3,0.910427,0.016904,0.927331
C:\My_Project\AIGC\AIGuard\unseen\fake_266.jpg,aiguard_unseen,0.05,blur,random_seed4,0.925302,0.002029,0.927331
C:\My_Project\AIGC\AIGuard\unseen\fake_266.jpg,aiguard_unseen,0.05,blur,hot,0.91981,0.007521,0.927331
C:\My_Project\AIGC\AIGuard\unseen\fake_266.jpg,aiguard_unseen,0.05,blur,bottom,0.927967,-0.000636,0.927331
C:\My_Project\AIGC\AIGuard\unseen\fake_266.jpg,aiguard_unseen,0.05,blur,random_mean,0.92104,0.006291,0.927331
C:\My_Project\AIGC\AIGuard\unseen\fake_266.jpg,aiguard_unseen,0.05,constant_fill_CONFOUNDED,hot,0.821374,0.105957,0.927331
C:\My_Project\AIGC\AIGuard\unseen\fake_266.jpg,aiguard_unseen,0.05,constant_fill_CONFOUNDED,bottom,0.921813,0.005518,0.927331
C:\My_Project\AIGC\AIGuard\unseen\fake_266.jpg,aiguard_unseen,0.05,constant_fill_CONFOUNDED,random_scattered,0.913978,0.013353,0.927331
C:\My_Project\AIGC\AIGuard\unseen\fake_266.jpg,aiguard_unseen,0.1,blur,random_seed0,0.884196,0.043135,0.927331
C:\My_Project\AIGC\AIGuard\unseen\fake_266.jpg,aiguard_unseen,0.1,blur,random_seed1,0.926529,0.000802,0.927331
C:\My_Project\AIGC\AIGuard\unseen\fake_266.jpg,aiguard_unseen,0.1,blur,random_seed2,0.924584,0.002747,0.927331
C:\My_Project\AIGC\AIGuard\unseen\fake_266.jpg,aiguard_unseen,0.1,blur,random_seed3,0.929932,-0.002601,0.927331
C:\My_Project\AIGC\AIGuard\unseen\fake_266.jpg,aiguard_unseen,0.1,blur,random_seed4,0.930002,-0.002671,0.927331
C:\My_Project\AIGC\AIGuard\unseen\fake_266.jpg,aiguard_unseen,0.1,blur,hot,0.814289,0.113042,0.927331
C:\My_Project\AIGC\AIGuard\unseen\fake_266.jpg,aiguard_unseen,0.1,blur,bottom,0.928198,-0.000867,0.927331
C:\My_Project\AIGC\AIGuard\unseen\fake_266.jpg,aiguard_unseen,0.1,blur,random_mean,0.919049,0.008282,0.927331
C:\My_Project\AIGC\AIGuard\unseen\fake_266.jpg,aiguard_unseen,0.1,constant_fill_CONFOUNDED,hot,0.57062,0.356711,0.927331
C:\My_Project\AIGC\AIGuard\unseen\fake_266.jpg,aiguard_unseen,0.1,constant_fill_CONFOUNDED,bottom,0.923437,0.003894,0.927331
C:\My_Project\AIGC\AIGuard\unseen\fake_266.jpg,aiguard_unseen,0.1,constant_fill_CONFOUNDED,random_scattered,0.92412,0.003211,0.927331
C:\My_Project\AIGC\AIGuard\unseen\fake_266.jpg,aiguard_unseen,0.2,blur,random_seed0,0.842995,0.084336,0.927331
C:\My_Project\AIGC\AIGuard\unseen\fake_266.jpg,aiguard_unseen,0.2,blur,random_seed1,0.85984,0.067491,0.927331
C:\My_Project\AIGC\AIGuard\unseen\fake_266.jpg,aiguard_unseen,0.2,blur,random_seed2,0.917643,0.009688,0.927331
C:\My_Project\AIGC\AIGuard\unseen\fake_266.jpg,aiguard_unseen,0.2,blur,random_seed3,0.910884,0.016447,0.927331
C:\My_Project\AIGC\AIGuard\unseen\fake_266.jpg,aiguard_unseen,0.2,blur,random_seed4,0.826032,0.101299,0.927331
C:\My_Project\AIGC\AIGuard\unseen\fake_266.jpg,aiguard_unseen,0.2,blur,hot,0.79285,0.134481,0.927331
C:\My_Project\AIGC\AIGuard\unseen\fake_266.jpg,aiguard_unseen,0.2,blur,bottom,0.929538,-0.002207,0.927331
C:\My_Project\AIGC\AIGuard\unseen\fake_266.jpg,aiguard_unseen,0.2,blur,random_mean,0.871479,0.055852,0.927331
C:\My_Project\AIGC\AIGuard\unseen\fake_266.jpg,aiguard_unseen,0.2,constant_fill_CONFOUNDED,hot,0.836105,0.091226,0.927331
C:\My_Project\AIGC\AIGuard\unseen\fake_266.jpg,aiguard_unseen,0.2,constant_fill_CONFOUNDED,bottom,0.91781,0.009521,0.927331
C:\My_Project\AIGC\AIGuard\unseen\fake_266.jpg,aiguard_unseen,0.2,constant_fill_CONFOUNDED,random_scattered,0.921286,0.006045,0.927331
C:\My_Project\AIGC\AIGuard\unseen\fake_272.jpg,aiguard_unseen,0.05,blur,random_seed0,0.911952,-0.005944,0.906008
C:\My_Project\AIGC\AIGuard\unseen\fake_272.jpg,aiguard_unseen,0.05,blur,random_seed1,0.909196,-0.003189,0.906008
C:\My_Project\AIGC\AIGuard\unseen\fake_272.jpg,aiguard_unseen,0.05,blur,random_seed2,0.905566,0.000442,0.906008
C:\My_Project\AIGC\AIGuard\unseen\fake_272.jpg,aiguard_unseen,0.05,blur,random_seed3,0.911615,-0.005607,0.906008
C:\My_Project\AIGC\AIGuard\unseen\fake_272.jpg,aiguard_unseen,0.05,blur,random_seed4,0.907163,-0.001155,0.906008
C:\My_Project\AIGC\AIGuard\unseen\fake_272.jpg,aiguard_unseen,0.05,blur,hot,0.906808,-0.0008,0.906008
C:\My_Project\AIGC\AIGuard\unseen\fake_272.jpg,aiguard_unseen,0.05,blur,bottom,0.905836,0.000172,0.906008
C:\My_Project\AIGC\AIGuard\unseen\fake_272.jpg,aiguard_unseen,0.05,blur,random_mean,0.909099,-0.003091,0.906008
C:\My_Project\AIGC\AIGuard\unseen\fake_272.jpg,aiguard_unseen,0.05,constant_fill_CONFOUNDED,hot,0.887607,0.018401,0.906008
C:\My_Project\AIGC\AIGuard\unseen\fake_272.jpg,aiguard_unseen,0.05,constant_fill_CONFOUNDED,bottom,0.890482,0.015526,0.906008
C:\My_Project\AIGC\AIGuard\unseen\fake_272.jpg,aiguard_unseen,0.05,constant_fill_CONFOUNDED,random_scattered,0.911703,-0.005696,0.906008
C:\My_Project\AIGC\AIGuard\unseen\fake_272.jpg,aiguard_unseen,0.1,blur,random_seed0,0.891954,0.014054,0.906008
C:\My_Project\AIGC\AIGuard\unseen\fake_272.jpg,aiguard_unseen,0.1,blur,random_seed1,0.904217,0.001791,0.906008
C:\My_Project\AIGC\AIGuard\unseen\fake_272.jpg,aiguard_unseen,0.1,blur,random_seed2,0.890362,0.015646,0.906008
C:\My_Project\AIGC\AIGuard\unseen\fake_272.jpg,aiguard_unseen,0.1,blur,random_seed3,0.909632,-0.003624,0.906008
C:\My_Project\AIGC\AIGuard\unseen\fake_272.jpg,aiguard_unseen,0.1,blur,random_seed4,0.886005,0.020003,0.906008
C:\My_Project\AIGC\AIGuard\unseen\fake_272.jpg,aiguard_unseen,0.1,blur,hot,0.77573,0.130278,0.906008
C:\My_Project\AIGC\AIGuard\unseen\fake_272.jpg,aiguard_unseen,0.1,blur,bottom,0.909342,-0.003335,0.906008
C:\My_Project\AIGC\AIGuard\unseen\fake_272.jpg,aiguard_unseen,0.1,blur,random_mean,0.896434,0.009574,0.906008
C:\My_Project\AIGC\AIGuard\unseen\fake_272.jpg,aiguard_unseen,0.1,constant_fill_CONFOUNDED,hot,0.77921,0.126798,0.906008
C:\My_Project\AIGC\AIGuard\unseen\fake_272.jpg,aiguard_unseen,0.1,constant_fill_CONFOUNDED,bottom,0.895203,0.010805,0.906008
C:\My_Project\AIGC\AIGuard\unseen\fake_272.jpg,aiguard_unseen,0.1,constant_fill_CONFOUNDED,random_scattered,0.917267,-0.011259,0.906008
C:\My_Project\AIGC\AIGuard\unseen\fake_272.jpg,aiguard_unseen,0.2,blur,random_seed0,0.887927,0.018081,0.906008
C:\My_Project\AIGC\AIGuard\unseen\fake_272.jpg,aiguard_unseen,0.2,blur,random_seed1,0.907309,-0.001301,0.906008
C:\My_Project\AIGC\AIGuard\unseen\fake_272.jpg,aiguard_unseen,0.2,blur,random_seed2,0.758844,0.147163,0.906008
C:\My_Project\AIGC\AIGuard\unseen\fake_272.jpg,aiguard_unseen,0.2,blur,random_seed3,0.888507,0.017501,0.906008
C:\My_Project\AIGC\AIGuard\unseen\fake_272.jpg,aiguard_unseen,0.2,blur,random_seed4,0.838159,0.067849,0.906008
C:\My_Project\AIGC\AIGuard\unseen\fake_272.jpg,aiguard_unseen,0.2,blur,hot,0.398763,0.507245,0.906008
C:\My_Project\AIGC\AIGuard\unseen\fake_272.jpg,aiguard_unseen,0.2,blur,bottom,0.913592,-0.007584,0.906008
C:\My_Project\AIGC\AIGuard\unseen\fake_272.jpg,aiguard_unseen,0.2,blur,random_mean,0.856149,0.049859,0.906008
C:\My_Project\AIGC\AIGuard\unseen\fake_272.jpg,aiguard_unseen,0.2,constant_fill_CONFOUNDED,hot,0.454467,0.451541,0.906008
C:\My_Project\AIGC\AIGuard\unseen\fake_272.jpg,aiguard_unseen,0.2,constant_fill_CONFOUNDED,bottom,0.911525,-0.005517,0.906008
C:\My_Project\AIGC\AIGuard\unseen\fake_272.jpg,aiguard_unseen,0.2,constant_fill_CONFOUNDED,random_scattered,0.921763,-0.015755,0.906008
C:\My_Project\AIGC\AIGuard\unseen\fake_274.jpg,aiguard_unseen,0.05,blur,random_seed0,0.928809,0.003193,0.932002
C:\My_Project\AIGC\AIGuard\unseen\fake_274.jpg,aiguard_unseen,0.05,blur,random_seed1,0.927402,0.004599,0.932002
C:\My_Project\AIGC\AIGuard\unseen\fake_274.jpg,aiguard_unseen,0.05,blur,random_seed2,0.927706,0.004296,0.932002
C:\My_Project\AIGC\AIGuard\unseen\fake_274.jpg,aiguard_unseen,0.05,blur,random_seed3,0.934756,-0.002754,0.932002
C:\My_Project\AIGC\AIGuard\unseen\fake_274.jpg,aiguard_unseen,0.05,blur,random_seed4,0.930137,0.001864,0.932002
C:\My_Project\AIGC\AIGuard\unseen\fake_274.jpg,aiguard_unseen,0.05,blur,hot,0.932448,-0.000446,0.932002
C:\My_Project\AIGC\AIGuard\unseen\fake_274.jpg,aiguard_unseen,0.05,blur,bottom,0.930618,0.001383,0.932002
C:\My_Project\AIGC\AIGuard\unseen\fake_274.jpg,aiguard_unseen,0.05,blur,random_mean,0.929762,0.00224,0.932002
C:\My_Project\AIGC\AIGuard\unseen\fake_274.jpg,aiguard_unseen,0.05,constant_fill_CONFOUNDED,hot,0.919993,0.012008,0.932002
C:\My_Project\AIGC\AIGuard\unseen\fake_274.jpg,aiguard_unseen,0.05,constant_fill_CONFOUNDED,bottom,0.906475,0.025527,0.932002
C:\My_Project\AIGC\AIGuard\unseen\fake_274.jpg,aiguard_unseen,0.05,constant_fill_CONFOUNDED,random_scattered,0.918659,0.013342,0.932002
C:\My_Project\AIGC\AIGuard\unseen\fake_274.jpg,aiguard_unseen,0.1,blur,random_seed0,0.927643,0.004359,0.932002
C:\My_Project\AIGC\AIGuard\unseen\fake_274.jpg,aiguard_unseen,0.1,blur,random_seed1,0.922975,0.009027,0.932002
C:\My_Project\AIGC\AIGuard\unseen\fake_274.jpg,aiguard_unseen,0.1,blur,random_seed2,0.926475,0.005526,0.932002
C:\My_Project\AIGC\AIGuard\unseen\fake_274.jpg,aiguard_unseen,0.1,blur,random_seed3,0.920614,0.011388,0.932002
C:\My_Project\AIGC\AIGuard\unseen\fake_274.jpg,aiguard_unseen,0.1,blur,random_seed4,0.926628,0.005373,0.932002
C:\My_Project\AIGC\AIGuard\unseen\fake_274.jpg,aiguard_unseen,0.1,blur,hot,0.928112,0.003889,0.932002
C:\My_Project\AIGC\AIGuard\unseen\fake_274.jpg,aiguard_unseen,0.1,blur,bottom,0.932239,-0.000238,0.932002
C:\My_Project\AIGC\AIGuard\unseen\fake_274.jpg,aiguard_unseen,0.1,blur,random_mean,0.924867,0.007135,0.932002
C:\My_Project\AIGC\AIGuard\unseen\fake_274.jpg,aiguard_unseen,0.1,constant_fill_CONFOUNDED,hot,0.919336,0.012665,0.932002
C:\My_Project\AIGC\AIGuard\unseen\fake_274.jpg,aiguard_unseen,0.1,constant_fill_CONFOUNDED,bottom,0.905405,0.026596,0.932002
C:\My_Project\AIGC\AIGuard\unseen\fake_274.jpg,aiguard_unseen,0.1,constant_fill_CONFOUNDED,random_scattered,0.928429,0.003573,0.932002
C:\My_Project\AIGC\AIGuard\unseen\fake_274.jpg,aiguard_unseen,0.2,blur,random_seed0,0.925398,0.006604,0.932002
C:\My_Project\AIGC\AIGuard\unseen\fake_274.jpg,aiguard_unseen,0.2,blur,random_seed1,0.926257,0.005744,0.932002
C:\My_Project\AIGC\AIGuard\unseen\fake_274.jpg,aiguard_unseen,0.2,blur,random_seed2,0.928572,0.00343,0.932002
C:\My_Project\AIGC\AIGuard\unseen\fake_274.jpg,aiguard_unseen,0.2,blur,random_seed3,0.931537,0.000465,0.932002
C:\My_Project\AIGC\AIGuard\unseen\fake_274.jpg,aiguard_unseen,0.2,blur,random_seed4,0.872636,0.059366,0.932002
C:\My_Project\AIGC\AIGuard\unseen\fake_274.jpg,aiguard_unseen,0.2,blur,hot,0.800059,0.131943,0.932002
C:\My_Project\AIGC\AIGuard\unseen\fake_274.jpg,aiguard_unseen,0.2,blur,bottom,0.940782,-0.00878,0.932002
C:\My_Project\AIGC\AIGuard\unseen\fake_274.jpg,aiguard_unseen,0.2,blur,random_mean,0.91688,0.015122,0.932002
C:\My_Project\AIGC\AIGuard\unseen\fake_274.jpg,aiguard_unseen,0.2,constant_fill_CONFOUNDED,hot,0.475033,0.456969,0.932002
C:\My_Project\AIGC\AIGuard\unseen\fake_274.jpg,aiguard_unseen,0.2,constant_fill_CONFOUNDED,bottom,0.898268,0.033734,0.932002
C:\My_Project\AIGC\AIGuard\unseen\fake_274.jpg,aiguard_unseen,0.2,constant_fill_CONFOUNDED,random_scattered,0.928437,0.003565,0.932002
C:\My_Project\AIGC\AIGuard\unseen\fake_29.jpg,aiguard_unseen,0.05,blur,random_seed0,0.93009,-0.006283,0.923807
C:\My_Project\AIGC\AIGuard\unseen\fake_29.jpg,aiguard_unseen,0.05,blur,random_seed1,0.924136,-0.000329,0.923807
C:\My_Project\AIGC\AIGuard\unseen\fake_29.jpg,aiguard_unseen,0.05,blur,random_seed2,0.923191,0.000616,0.923807
C:\My_Project\AIGC\AIGuard\unseen\fake_29.jpg,aiguard_unseen,0.05,blur,random_seed3,0.924808,-0.001001,0.923807
C:\My_Project\AIGC\AIGuard\unseen\fake_29.jpg,aiguard_unseen,0.05,blur,random_seed4,0.926838,-0.003031,0.923807
C:\My_Project\AIGC\AIGuard\unseen\fake_29.jpg,aiguard_unseen,0.05,blur,hot,0.929703,-0.005896,0.923807
C:\My_Project\AIGC\AIGuard\unseen\fake_29.jpg,aiguard_unseen,0.05,blur,bottom,0.928007,-0.0042,0.923807
C:\My_Project\AIGC\AIGuard\unseen\fake_29.jpg,aiguard_unseen,0.05,blur,random_mean,0.925813,-0.002006,0.923807
C:\My_Project\AIGC\AIGuard\unseen\fake_29.jpg,aiguard_unseen,0.05,constant_fill_CONFOUNDED,hot,0.914492,0.009315,0.923807
C:\My_Project\AIGC\AIGuard\unseen\fake_29.jpg,aiguard_unseen,0.05,constant_fill_CONFOUNDED,bottom,0.881554,0.042253,0.923807
C:\My_Project\AIGC\AIGuard\unseen\fake_29.jpg,aiguard_unseen,0.05,constant_fill_CONFOUNDED,random_scattered,0.804129,0.119678,0.923807
C:\My_Project\AIGC\AIGuard\unseen\fake_29.jpg,aiguard_unseen,0.1,blur,random_seed0,0.918659,0.005148,0.923807
C:\My_Project\AIGC\AIGuard\unseen\fake_29.jpg,aiguard_unseen,0.1,blur,random_seed1,0.920566,0.003241,0.923807
C:\My_Project\AIGC\AIGuard\unseen\fake_29.jpg,aiguard_unseen,0.1,blur,random_seed2,0.924623,-0.000816,0.923807
C:\My_Project\AIGC\AIGuard\unseen\fake_29.jpg,aiguard_unseen,0.1,blur,random_seed3,0.925556,-0.001749,0.923807
C:\My_Project\AIGC\AIGuard\unseen\fake_29.jpg,aiguard_unseen,0.1,blur,random_seed4,0.933013,-0.009206,0.923807
C:\My_Project\AIGC\AIGuard\unseen\fake_29.jpg,aiguard_unseen,0.1,blur,hot,0.925301,-0.001494,0.923807
C:\My_Project\AIGC\AIGuard\unseen\fake_29.jpg,aiguard_unseen,0.1,blur,bottom,0.934894,-0.011087,0.923807
C:\My_Project\AIGC\AIGuard\unseen\fake_29.jpg,aiguard_unseen,0.1,blur,random_mean,0.924483,-0.000676,0.923807
C:\My_Project\AIGC\AIGuard\unseen\fake_29.jpg,aiguard_unseen,0.1,constant_fill_CONFOUNDED,hot,0.907537,0.01627,0.923807
C:\My_Project\AIGC\AIGuard\unseen\fake_29.jpg,aiguard_unseen,0.1,constant_fill_CONFOUNDED,bottom,0.885293,0.038514,0.923807
C:\My_Project\AIGC\AIGuard\unseen\fake_29.jpg,aiguard_unseen,0.1,constant_fill_CONFOUNDED,random_scattered,0.895786,0.028021,0.923807
C:\My_Project\AIGC\AIGuard\unseen\fake_29.jpg,aiguard_unseen,0.2,blur,random_seed0,0.92363,0.000176,0.923807
C:\My_Project\AIGC\AIGuard\unseen\fake_29.jpg,aiguard_unseen,0.2,blur,random_seed1,0.917665,0.006142,0.923807
C:\My_Project\AIGC\AIGuard\unseen\fake_29.jpg,aiguard_unseen,0.2,blur,random_seed2,0.917173,0.006634,0.923807
C:\My_Project\AIGC\AIGuard\unseen\fake_29.jpg,aiguard_unseen,0.2,blur,random_seed3,0.92133,0.002477,0.923807
C:\My_Project\AIGC\AIGuard\unseen\fake_29.jpg,aiguard_unseen,0.2,blur,random_seed4,0.920875,0.002932,0.923807
C:\My_Project\AIGC\AIGuard\unseen\fake_29.jpg,aiguard_unseen,0.2,blur,hot,0.911975,0.011832,0.923807
C:\My_Project\AIGC\AIGuard\unseen\fake_29.jpg,aiguard_unseen,0.2,blur,bottom,0.93944,-0.015633,0.923807
C:\My_Project\AIGC\AIGuard\unseen\fake_29.jpg,aiguard_unseen,0.2,blur,random_mean,0.920135,0.003672,0.923807
C:\My_Project\AIGC\AIGuard\unseen\fake_29.jpg,aiguard_unseen,0.2,constant_fill_CONFOUNDED,hot,0.912527,0.01128,0.923807
C:\My_Project\AIGC\AIGuard\unseen\fake_29.jpg,aiguard_unseen,0.2,constant_fill_CONFOUNDED,bottom,0.88515,0.038657,0.923807
C:\My_Project\AIGC\AIGuard\unseen\fake_29.jpg,aiguard_unseen,0.2,constant_fill_CONFOUNDED,random_scattered,0.862342,0.061465,0.923807
C:\My_Project\AIGC\AIGuard\unseen\fake_298.jpg,aiguard_unseen,0.05,blur,random_seed0,0.927389,-0.004477,0.922912
C:\My_Project\AIGC\AIGuard\unseen\fake_298.jpg,aiguard_unseen,0.05,blur,random_seed1,0.924218,-0.001306,0.922912
C:\My_Project\AIGC\AIGuard\unseen\fake_298.jpg,aiguard_unseen,0.05,blur,random_seed2,0.923437,-0.000525,0.922912
C:\My_Project\AIGC\AIGuard\unseen\fake_298.jpg,aiguard_unseen,0.05,blur,random_seed3,0.927532,-0.00462,0.922912
C:\My_Project\AIGC\AIGuard\unseen\fake_298.jpg,aiguard_unseen,0.05,blur,random_seed4,0.926849,-0.003937,0.922912
C:\My_Project\AIGC\AIGuard\unseen\fake_298.jpg,aiguard_unseen,0.05,blur,hot,0.923856,-0.000944,0.922912
C:\My_Project\AIGC\AIGuard\unseen\fake_298.jpg,aiguard_unseen,0.05,blur,bottom,0.922739,0.000173,0.922912
C:\My_Project\AIGC\AIGuard\unseen\fake_298.jpg,aiguard_unseen,0.05,blur,random_mean,0.925885,-0.002973,0.922912
C:\My_Project\AIGC\AIGuard\unseen\fake_298.jpg,aiguard_unseen,0.05,constant_fill_CONFOUNDED,hot,0.928708,-0.005796,0.922912
C:\My_Project\AIGC\AIGuard\unseen\fake_298.jpg,aiguard_unseen,0.05,constant_fill_CONFOUNDED,bottom,0.920873,0.002039,0.922912
C:\My_Project\AIGC\AIGuard\unseen\fake_298.jpg,aiguard_unseen,0.05,constant_fill_CONFOUNDED,random_scattered,0.942652,-0.01974,0.922912
C:\My_Project\AIGC\AIGuard\unseen\fake_298.jpg,aiguard_unseen,0.1,blur,random_seed0,0.923072,-0.00016,0.922912
C:\My_Project\AIGC\AIGuard\unseen\fake_298.jpg,aiguard_unseen,0.1,blur,random_seed1,0.926868,-0.003956,0.922912
C:\My_Project\AIGC\AIGuard\unseen\fake_298.jpg,aiguard_unseen,0.1,blur,random_seed2,0.922724,0.000188,0.922912
C:\My_Project\AIGC\AIGuard\unseen\fake_298.jpg,aiguard_unseen,0.1,blur,random_seed3,0.917673,0.005239,0.922912
C:\My_Project\AIGC\AIGuard\unseen\fake_298.jpg,aiguard_unseen,0.1,blur,random_seed4,0.919036,0.003876,0.922912
C:\My_Project\AIGC\AIGuard\unseen\fake_298.jpg,aiguard_unseen,0.1,blur,hot,0.923097,-0.000185,0.922912
C:\My_Project\AIGC\AIGuard\unseen\fake_298.jpg,aiguard_unseen,0.1,blur,bottom,0.920176,0.002736,0.922912
C:\My_Project\AIGC\AIGuard\unseen\fake_298.jpg,aiguard_unseen,0.1,blur,random_mean,0.921874,0.001038,0.922912
C:\My_Project\AIGC\AIGuard\unseen\fake_298.jpg,aiguard_unseen,0.1,constant_fill_CONFOUNDED,hot,0.916252,0.006659,0.922912
C:\My_Project\AIGC\AIGuard\unseen\fake_298.jpg,aiguard_unseen,0.1,constant_fill_CONFOUNDED,bottom,0.917141,0.005771,0.922912
C:\My_Project\AIGC\AIGuard\unseen\fake_298.jpg,aiguard_unseen,0.1,constant_fill_CONFOUNDED,random_scattered,0.921322,0.001589,0.922912
C:\My_Project\AIGC\AIGuard\unseen\fake_298.jpg,aiguard_unseen,0.2,blur,random_seed0,0.921294,0.001617,0.922912
C:\My_Project\AIGC\AIGuard\unseen\fake_298.jpg,aiguard_unseen,0.2,blur,random_seed1,0.915256,0.007656,0.922912
C:\My_Project\AIGC\AIGuard\unseen\fake_298.jpg,aiguard_unseen,0.2,blur,random_seed2,0.923655,-0.000743,0.922912
C:\My_Project\AIGC\AIGuard\unseen\fake_298.jpg,aiguard_unseen,0.2,blur,random_seed3,0.915087,0.007825,0.922912
C:\My_Project\AIGC\AIGuard\unseen\fake_298.jpg,aiguard_unseen,0.2,blur,random_seed4,0.918606,0.004306,0.922912
C:\My_Project\AIGC\AIGuard\unseen\fake_298.jpg,aiguard_unseen,0.2,blur,hot,0.89882,0.024091,0.922912
C:\My_Project\AIGC\AIGuard\unseen\fake_298.jpg,aiguard_unseen,0.2,blur,bottom,0.926642,-0.00373,0.922912
C:\My_Project\AIGC\AIGuard\unseen\fake_298.jpg,aiguard_unseen,0.2,blur,random_mean,0.91878,0.004132,0.922912
C:\My_Project\AIGC\AIGuard\unseen\fake_298.jpg,aiguard_unseen,0.2,constant_fill_CONFOUNDED,hot,0.881715,0.041197,0.922912
C:\My_Project\AIGC\AIGuard\unseen\fake_298.jpg,aiguard_unseen,0.2,constant_fill_CONFOUNDED,bottom,0.911452,0.01146,0.922912
C:\My_Project\AIGC\AIGuard\unseen\fake_298.jpg,aiguard_unseen,0.2,constant_fill_CONFOUNDED,random_scattered,0.9163,0.006612,0.922912
C:\My_Project\AIGC\AIGuard\unseen\fake_304.jpg,aiguard_unseen,0.05,blur,random_seed0,0.927541,0.004129,0.93167
C:\My_Project\AIGC\AIGuard\unseen\fake_304.jpg,aiguard_unseen,0.05,blur,random_seed1,0.919412,0.012259,0.93167
C:\My_Project\AIGC\AIGuard\unseen\fake_304.jpg,aiguard_unseen,0.05,blur,random_seed2,0.931806,-0.000136,0.93167
C:\My_Project\AIGC\AIGuard\unseen\fake_304.jpg,aiguard_unseen,0.05,blur,random_seed3,0.918787,0.012883,0.93167
C:\My_Project\AIGC\AIGuard\unseen\fake_304.jpg,aiguard_unseen,0.05,blur,random_seed4,0.931634,3.6e-05,0.93167
C:\My_Project\AIGC\AIGuard\unseen\fake_304.jpg,aiguard_unseen,0.05,blur,hot,0.921941,0.00973,0.93167
C:\My_Project\AIGC\AIGuard\unseen\fake_304.jpg,aiguard_unseen,0.05,blur,bottom,0.934806,-0.003135,0.93167
C:\My_Project\AIGC\AIGuard\unseen\fake_304.jpg,aiguard_unseen,0.05,blur,random_mean,0.925836,0.005834,0.93167
C:\My_Project\AIGC\AIGuard\unseen\fake_304.jpg,aiguard_unseen,0.05,constant_fill_CONFOUNDED,hot,0.85389,0.07778,0.93167
C:\My_Project\AIGC\AIGuard\unseen\fake_304.jpg,aiguard_unseen,0.05,constant_fill_CONFOUNDED,bottom,0.910336,0.021334,0.93167
C:\My_Project\AIGC\AIGuard\unseen\fake_304.jpg,aiguard_unseen,0.05,constant_fill_CONFOUNDED,random_scattered,0.867944,0.063727,0.93167
C:\My_Project\AIGC\AIGuard\unseen\fake_304.jpg,aiguard_unseen,0.1,blur,random_seed0,0.896919,0.034751,0.93167
C:\My_Project\AIGC\AIGuard\unseen\fake_304.jpg,aiguard_unseen,0.1,blur,random_seed1,0.911921,0.019749,0.93167
C:\My_Project\AIGC\AIGuard\unseen\fake_304.jpg,aiguard_unseen,0.1,blur,random_seed2,0.916504,0.015166,0.93167
C:\My_Project\AIGC\AIGuard\unseen\fake_304.jpg,aiguard_unseen,0.1,blur,random_seed3,0.904142,0.027529,0.93167
C:\My_Project\AIGC\AIGuard\unseen\fake_304.jpg,aiguard_unseen,0.1,blur,random_seed4,0.929693,0.001978,0.93167
C:\My_Project\AIGC\AIGuard\unseen\fake_304.jpg,aiguard_unseen,0.1,blur,hot,0.9178,0.01387,0.93167
C:\My_Project\AIGC\AIGuard\unseen\fake_304.jpg,aiguard_unseen,0.1,blur,bottom,0.932759,-0.001089,0.93167
C:\My_Project\AIGC\AIGuard\unseen\fake_304.jpg,aiguard_unseen,0.1,blur,random_mean,0.911836,0.019835,0.93167
C:\My_Project\AIGC\AIGuard\unseen\fake_304.jpg,aiguard_unseen,0.1,constant_fill_CONFOUNDED,hot,0.817847,0.113824,0.93167
C:\My_Project\AIGC\AIGuard\unseen\fake_304.jpg,aiguard_unseen,0.1,constant_fill_CONFOUNDED,bottom,0.914262,0.017409,0.93167
C:\My_Project\AIGC\AIGuard\unseen\fake_304.jpg,aiguard_unseen,0.1,constant_fill_CONFOUNDED,random_scattered,0.89117,0.0405,0.93167
C:\My_Project\AIGC\AIGuard\unseen\fake_304.jpg,aiguard_unseen,0.2,blur,random_seed0,0.902077,0.029593,0.93167
C:\My_Project\AIGC\AIGuard\unseen\fake_304.jpg,aiguard_unseen,0.2,blur,random_seed1,0.849605,0.082066,0.93167
C:\My_Project\AIGC\AIGuard\unseen\fake_304.jpg,aiguard_unseen,0.2,blur,random_seed2,0.915071,0.016599,0.93167
C:\My_Project\AIGC\AIGuard\unseen\fake_304.jpg,aiguard_unseen,0.2,blur,random_seed3,0.912956,0.018715,0.93167
C:\My_Project\AIGC\AIGuard\unseen\fake_304.jpg,aiguard_unseen,0.2,blur,random_seed4,0.918174,0.013497,0.93167
C:\My_Project\AIGC\AIGuard\unseen\fake_304.jpg,aiguard_unseen,0.2,blur,hot,0.561743,0.369927,0.93167
C:\My_Project\AIGC\AIGuard\unseen\fake_304.jpg,aiguard_unseen,0.2,blur,bottom,0.936558,-0.004888,0.93167
C:\My_Project\AIGC\AIGuard\unseen\fake_304.jpg,aiguard_unseen,0.2,blur,random_mean,0.899576,0.032094,0.93167
C:\My_Project\AIGC\AIGuard\unseen\fake_304.jpg,aiguard_unseen,0.2,constant_fill_CONFOUNDED,hot,0.098954,0.832716,0.93167
C:\My_Project\AIGC\AIGuard\unseen\fake_304.jpg,aiguard_unseen,0.2,constant_fill_CONFOUNDED,bottom,0.914096,0.017575,0.93167
C:\My_Project\AIGC\AIGuard\unseen\fake_304.jpg,aiguard_unseen,0.2,constant_fill_CONFOUNDED,random_scattered,0.919395,0.012276,0.93167
C:\My_Project\AIGC\AIGuard\unseen\fake_305.jpg,aiguard_unseen,0.05,blur,random_seed0,0.926249,0.005568,0.931818
C:\My_Project\AIGC\AIGuard\unseen\fake_305.jpg,aiguard_unseen,0.05,blur,random_seed1,0.924845,0.006972,0.931818
C:\My_Project\AIGC\AIGuard\unseen\fake_305.jpg,aiguard_unseen,0.05,blur,random_seed2,0.927429,0.004388,0.931818
C:\My_Project\AIGC\AIGuard\unseen\fake_305.jpg,aiguard_unseen,0.05,blur,random_seed3,0.932318,-0.0005,0.931818
C:\My_Project\AIGC\AIGuard\unseen\fake_305.jpg,aiguard_unseen,0.05,blur,random_seed4,0.925145,0.006673,0.931818
C:\My_Project\AIGC\AIGuard\unseen\fake_305.jpg,aiguard_unseen,0.05,blur,hot,0.920485,0.011333,0.931818
C:\My_Project\AIGC\AIGuard\unseen\fake_305.jpg,aiguard_unseen,0.05,blur,bottom,0.925655,0.006163,0.931818
C:\My_Project\AIGC\AIGuard\unseen\fake_305.jpg,aiguard_unseen,0.05,blur,random_mean,0.927197,0.00462,0.931818
C:\My_Project\AIGC\AIGuard\unseen\fake_305.jpg,aiguard_unseen,0.05,constant_fill_CONFOUNDED,hot,0.919788,0.012029,0.931818
C:\My_Project\AIGC\AIGuard\unseen\fake_305.jpg,aiguard_unseen,0.05,constant_fill_CONFOUNDED,bottom,0.920146,0.011672,0.931818
C:\My_Project\AIGC\AIGuard\unseen\fake_305.jpg,aiguard_unseen,0.05,constant_fill_CONFOUNDED,random_scattered,0.929656,0.002162,0.931818
C:\My_Project\AIGC\AIGuard\unseen\fake_305.jpg,aiguard_unseen,0.1,blur,random_seed0,0.928091,0.003726,0.931818
C:\My_Project\AIGC\AIGuard\unseen\fake_305.jpg,aiguard_unseen,0.1,blur,random_seed1,0.927866,0.003951,0.931818
C:\My_Project\AIGC\AIGuard\unseen\fake_305.jpg,aiguard_unseen,0.1,blur,random_seed2,0.928355,0.003462,0.931818
C:\My_Project\AIGC\AIGuard\unseen\fake_305.jpg,aiguard_unseen,0.1,blur,random_seed3,0.929054,0.002764,0.931818
C:\My_Project\AIGC\AIGuard\unseen\fake_305.jpg,aiguard_unseen,0.1,blur,random_seed4,0.923959,0.007858,0.931818
C:\My_Project\AIGC\AIGuard\unseen\fake_305.jpg,aiguard_unseen,0.1,blur,hot,0.912922,0.018895,0.931818
C:\My_Project\AIGC\AIGuard\unseen\fake_305.jpg,aiguard_unseen,0.1,blur,bottom,0.92562,0.006198,0.931818
C:\My_Project\AIGC\AIGuard\unseen\fake_305.jpg,aiguard_unseen,0.1,blur,random_mean,0.927465,0.004352,0.931818
C:\My_Project\AIGC\AIGuard\unseen\fake_305.jpg,aiguard_unseen,0.1,constant_fill_CONFOUNDED,hot,0.903086,0.028732,0.931818
C:\My_Project\AIGC\AIGuard\unseen\fake_305.jpg,aiguard_unseen,0.1,constant_fill_CONFOUNDED,bottom,0.917438,0.01438,0.931818
C:\My_Project\AIGC\AIGuard\unseen\fake_305.jpg,aiguard_unseen,0.1,constant_fill_CONFOUNDED,random_scattered,0.944511,-0.012693,0.931818
C:\My_Project\AIGC\AIGuard\unseen\fake_305.jpg,aiguard_unseen,0.2,blur,random_seed0,0.927758,0.00406,0.931818
C:\My_Project\AIGC\AIGuard\unseen\fake_305.jpg,aiguard_unseen,0.2,blur,random_seed1,0.915423,0.016395,0.931818
C:\My_Project\AIGC\AIGuard\unseen\fake_305.jpg,aiguard_unseen,0.2,blur,random_seed2,0.922992,0.008826,0.931818
C:\My_Project\AIGC\AIGuard\unseen\fake_305.jpg,aiguard_unseen,0.2,blur,random_seed3,0.910656,0.021161,0.931818
C:\My_Project\AIGC\AIGuard\unseen\fake_305.jpg,aiguard_unseen,0.2,blur,random_seed4,0.921981,0.009836,0.931818
C:\My_Project\AIGC\AIGuard\unseen\fake_305.jpg,aiguard_unseen,0.2,blur,hot,0.847002,0.084816,0.931818
C:\My_Project\AIGC\AIGuard\unseen\fake_305.jpg,aiguard_unseen,0.2,blur,bottom,0.924033,0.007785,0.931818
C:\My_Project\AIGC\AIGuard\unseen\fake_305.jpg,aiguard_unseen,0.2,blur,random_mean,0.919762,0.012056,0.931818
C:\My_Project\AIGC\AIGuard\unseen\fake_305.jpg,aiguard_unseen,0.2,constant_fill_CONFOUNDED,hot,0.809386,0.122432,0.931818
C:\My_Project\AIGC\AIGuard\unseen\fake_305.jpg,aiguard_unseen,0.2,constant_fill_CONFOUNDED,bottom,0.922289,0.009529,0.931818
C:\My_Project\AIGC\AIGuard\unseen\fake_305.jpg,aiguard_unseen,0.2,constant_fill_CONFOUNDED,random_scattered,0.938571,-0.006753,0.931818
C:\My_Project\AIGC\AIGuard\unseen\fake_318.jpg,aiguard_unseen,0.05,blur,random_seed0,0.915468,0.006952,0.92242
C:\My_Project\AIGC\AIGuard\unseen\fake_318.jpg,aiguard_unseen,0.05,blur,random_seed1,0.918222,0.004198,0.92242
C:\My_Project\AIGC\AIGuard\unseen\fake_318.jpg,aiguard_unseen,0.05,blur,random_seed2,0.918871,0.003549,0.92242
C:\My_Project\AIGC\AIGuard\unseen\fake_318.jpg,aiguard_unseen,0.05,blur,random_seed3,0.914692,0.007728,0.92242
C:\My_Project\AIGC\AIGuard\unseen\fake_318.jpg,aiguard_unseen,0.05,blur,random_seed4,0.923332,-0.000912,0.92242
C:\My_Project\AIGC\AIGuard\unseen\fake_318.jpg,aiguard_unseen,0.05,blur,hot,0.912969,0.009451,0.92242
C:\My_Project\AIGC\AIGuard\unseen\fake_318.jpg,aiguard_unseen,0.05,blur,bottom,0.921792,0.000629,0.92242
C:\My_Project\AIGC\AIGuard\unseen\fake_318.jpg,aiguard_unseen,0.05,blur,random_mean,0.918117,0.004303,0.92242
C:\My_Project\AIGC\AIGuard\unseen\fake_318.jpg,aiguard_unseen,0.05,constant_fill_CONFOUNDED,hot,0.909111,0.013309,0.92242
C:\My_Project\AIGC\AIGuard\unseen\fake_318.jpg,aiguard_unseen,0.05,constant_fill_CONFOUNDED,bottom,0.920393,0.002027,0.92242
C:\My_Project\AIGC\AIGuard\unseen\fake_318.jpg,aiguard_unseen,0.05,constant_fill_CONFOUNDED,random_scattered,0.902797,0.019624,0.92242
C:\My_Project\AIGC\AIGuard\unseen\fake_318.jpg,aiguard_unseen,0.1,blur,random_seed0,0.911795,0.010625,0.92242
C:\My_Project\AIGC\AIGuard\unseen\fake_318.jpg,aiguard_unseen,0.1,blur,random_seed1,0.912701,0.009719,0.92242
C:\My_Project\AIGC\AIGuard\unseen\fake_318.jpg,aiguard_unseen,0.1,blur,random_seed2,0.855587,0.066833,0.92242
C:\My_Project\AIGC\AIGuard\unseen\fake_318.jpg,aiguard_unseen,0.1,blur,random_seed3,0.914455,0.007965,0.92242
C:\My_Project\AIGC\AIGuard\unseen\fake_318.jpg,aiguard_unseen,0.1,blur,random_seed4,0.905937,0.016483,0.92242
C:\My_Project\AIGC\AIGuard\unseen\fake_318.jpg,aiguard_unseen,0.1,blur,hot,0.560737,0.361683,0.92242
C:\My_Project\AIGC\AIGuard\unseen\fake_318.jpg,aiguard_unseen,0.1,blur,bottom,0.92146,0.00096,0.92242
C:\My_Project\AIGC\AIGuard\unseen\fake_318.jpg,aiguard_unseen,0.1,blur,random_mean,0.900095,0.022325,0.92242
C:\My_Project\AIGC\AIGuard\unseen\fake_318.jpg,aiguard_unseen,0.1,constant_fill_CONFOUNDED,hot,0.203834,0.718586,0.92242
C:\My_Project\AIGC\AIGuard\unseen\fake_318.jpg,aiguard_unseen,0.1,constant_fill_CONFOUNDED,bottom,0.916697,0.005723,0.92242
C:\My_Project\AIGC\AIGuard\unseen\fake_318.jpg,aiguard_unseen,0.1,constant_fill_CONFOUNDED,random_scattered,0.908489,0.013932,0.92242
C:\My_Project\AIGC\AIGuard\unseen\fake_318.jpg,aiguard_unseen,0.2,blur,random_seed0,0.915205,0.007215,0.92242
C:\My_Project\AIGC\AIGuard\unseen\fake_318.jpg,aiguard_unseen,0.2,blur,random_seed1,0.899018,0.023402,0.92242
C:\My_Project\AIGC\AIGuard\unseen\fake_318.jpg,aiguard_unseen,0.2,blur,random_seed2,0.263047,0.659373,0.92242
C:\My_Project\AIGC\AIGuard\unseen\fake_318.jpg,aiguard_unseen,0.2,blur,random_seed3,0.908852,0.013568,0.92242
C:\My_Project\AIGC\AIGuard\unseen\fake_318.jpg,aiguard_unseen,0.2,blur,random_seed4,0.89636,0.02606,0.92242
C:\My_Project\AIGC\AIGuard\unseen\fake_318.jpg,aiguard_unseen,0.2,blur,hot,0.205042,0.717378,0.92242
C:\My_Project\AIGC\AIGuard\unseen\fake_318.jpg,aiguard_unseen,0.2,blur,bottom,0.923495,-0.001075,0.92242
C:\My_Project\AIGC\AIGuard\unseen\fake_318.jpg,aiguard_unseen,0.2,blur,random_mean,0.776497,0.145924,0.92242
C:\My_Project\AIGC\AIGuard\unseen\fake_318.jpg,aiguard_unseen,0.2,constant_fill_CONFOUNDED,hot,0.480004,0.442416,0.92242
C:\My_Project\AIGC\AIGuard\unseen\fake_318.jpg,aiguard_unseen,0.2,constant_fill_CONFOUNDED,bottom,0.917954,0.004466,0.92242
C:\My_Project\AIGC\AIGuard\unseen\fake_318.jpg,aiguard_unseen,0.2,constant_fill_CONFOUNDED,random_scattered,0.923271,-0.000851,0.92242
C:\My_Project\AIGC\AIGuard\unseen\fake_32.jpg,aiguard_unseen,0.05,blur,random_seed0,0.940773,-0.000819,0.939954
C:\My_Project\AIGC\AIGuard\unseen\fake_32.jpg,aiguard_unseen,0.05,blur,random_seed1,0.939235,0.000719,0.939954
C:\My_Project\AIGC\AIGuard\unseen\fake_32.jpg,aiguard_unseen,0.05,blur,random_seed2,0.940855,-0.000901,0.939954
C:\My_Project\AIGC\AIGuard\unseen\fake_32.jpg,aiguard_unseen,0.05,blur,random_seed3,0.93861,0.001344,0.939954
C:\My_Project\AIGC\AIGuard\unseen\fake_32.jpg,aiguard_unseen,0.05,blur,random_seed4,0.939709,0.000245,0.939954
C:\My_Project\AIGC\AIGuard\unseen\fake_32.jpg,aiguard_unseen,0.05,blur,hot,0.93953,0.000424,0.939954
C:\My_Project\AIGC\AIGuard\unseen\fake_32.jpg,aiguard_unseen,0.05,blur,bottom,0.936713,0.003242,0.939954
C:\My_Project\AIGC\AIGuard\unseen\fake_32.jpg,aiguard_unseen,0.05,blur,random_mean,0.939836,0.000118,0.939954
C:\My_Project\AIGC\AIGuard\unseen\fake_32.jpg,aiguard_unseen,0.05,constant_fill_CONFOUNDED,hot,0.911085,0.028869,0.939954
C:\My_Project\AIGC\AIGuard\unseen\fake_32.jpg,aiguard_unseen,0.05,constant_fill_CONFOUNDED,bottom,0.91213,0.027824,0.939954
C:\My_Project\AIGC\AIGuard\unseen\fake_32.jpg,aiguard_unseen,0.05,constant_fill_CONFOUNDED,random_scattered,0.878684,0.06127,0.939954
C:\My_Project\AIGC\AIGuard\unseen\fake_32.jpg,aiguard_unseen,0.1,blur,random_seed0,0.933298,0.006656,0.939954
C:\My_Project\AIGC\AIGuard\unseen\fake_32.jpg,aiguard_unseen,0.1,blur,random_seed1,0.938904,0.00105,0.939954
C:\My_Project\AIGC\AIGuard\unseen\fake_32.jpg,aiguard_unseen,0.1,blur,random_seed2,0.939688,0.000266,0.939954
C:\My_Project\AIGC\AIGuard\unseen\fake_32.jpg,aiguard_unseen,0.1,blur,random_seed3,0.939666,0.000288,0.939954
C:\My_Project\AIGC\AIGuard\unseen\fake_32.jpg,aiguard_unseen,0.1,blur,random_seed4,0.946661,-0.006707,0.939954
C:\My_Project\AIGC\AIGuard\unseen\fake_32.jpg,aiguard_unseen,0.1,blur,hot,0.938931,0.001023,0.939954
C:\My_Project\AIGC\AIGuard\unseen\fake_32.jpg,aiguard_unseen,0.1,blur,bottom,0.934341,0.005613,0.939954
C:\My_Project\AIGC\AIGuard\unseen\fake_32.jpg,aiguard_unseen,0.1,blur,random_mean,0.939643,0.000311,0.939954
C:\My_Project\AIGC\AIGuard\unseen\fake_32.jpg,aiguard_unseen,0.1,constant_fill_CONFOUNDED,hot,0.912526,0.027428,0.939954
C:\My_Project\AIGC\AIGuard\unseen\fake_32.jpg,aiguard_unseen,0.1,constant_fill_CONFOUNDED,bottom,0.888984,0.05097,0.939954
C:\My_Project\AIGC\AIGuard\unseen\fake_32.jpg,aiguard_unseen,0.1,constant_fill_CONFOUNDED,random_scattered,0.889732,0.050222,0.939954
C:\My_Project\AIGC\AIGuard\unseen\fake_32.jpg,aiguard_unseen,0.2,blur,random_seed0,0.940281,-0.000327,0.939954
C:\My_Project\AIGC\AIGuard\unseen\fake_32.jpg,aiguard_unseen,0.2,blur,random_seed1,0.939703,0.000252,0.939954
C:\My_Project\AIGC\AIGuard\unseen\fake_32.jpg,aiguard_unseen,0.2,blur,random_seed2,0.941108,-0.001154,0.939954
C:\My_Project\AIGC\AIGuard\unseen\fake_32.jpg,aiguard_unseen,0.2,blur,random_seed3,0.935177,0.004777,0.939954
C:\My_Project\AIGC\AIGuard\unseen\fake_32.jpg,aiguard_unseen,0.2,blur,random_seed4,0.931556,0.008398,0.939954
C:\My_Project\AIGC\AIGuard\unseen\fake_32.jpg,aiguard_unseen,0.2,blur,hot,0.936096,0.003858,0.939954
C:\My_Project\AIGC\AIGuard\unseen\fake_32.jpg,aiguard_unseen,0.2,blur,bottom,0.934142,0.005812,0.939954
C:\My_Project\AIGC\AIGuard\unseen\fake_32.jpg,aiguard_unseen,0.2,blur,random_mean,0.937565,0.002389,0.939954
C:\My_Project\AIGC\AIGuard\unseen\fake_32.jpg,aiguard_unseen,0.2,constant_fill_CONFOUNDED,hot,0.908626,0.031328,0.939954
C:\My_Project\AIGC\AIGuard\unseen\fake_32.jpg,aiguard_unseen,0.2,constant_fill_CONFOUNDED,bottom,0.881525,0.058429,0.939954
C:\My_Project\AIGC\AIGuard\unseen\fake_32.jpg,aiguard_unseen,0.2,constant_fill_CONFOUNDED,random_scattered,0.899693,0.040262,0.939954
C:\My_Project\AIGC\AIGuard\unseen\fake_424.jpg,aiguard_unseen,0.05,blur,random_seed0,0.922974,-0.008703,0.914271
C:\My_Project\AIGC\AIGuard\unseen\fake_424.jpg,aiguard_unseen,0.05,blur,random_seed1,0.905026,0.009245,0.914271
C:\My_Project\AIGC\AIGuard\unseen\fake_424.jpg,aiguard_unseen,0.05,blur,random_seed2,0.915207,-0.000935,0.914271
C:\My_Project\AIGC\AIGuard\unseen\fake_424.jpg,aiguard_unseen,0.05,blur,random_seed3,0.914717,-0.000446,0.914271
C:\My_Project\AIGC\AIGuard\unseen\fake_424.jpg,aiguard_unseen,0.05,blur,random_seed4,0.921033,-0.006762,0.914271
C:\My_Project\AIGC\AIGuard\unseen\fake_424.jpg,aiguard_unseen,0.05,blur,hot,0.918205,-0.003934,0.914271
C:\My_Project\AIGC\AIGuard\unseen\fake_424.jpg,aiguard_unseen,0.05,blur,bottom,0.913276,0.000996,0.914271
C:\My_Project\AIGC\AIGuard\unseen\fake_424.jpg,aiguard_unseen,0.05,blur,random_mean,0.915791,-0.00152,0.914271
C:\My_Project\AIGC\AIGuard\unseen\fake_424.jpg,aiguard_unseen,0.05,constant_fill_CONFOUNDED,hot,0.875802,0.038469,0.914271
C:\My_Project\AIGC\AIGuard\unseen\fake_424.jpg,aiguard_unseen,0.05,constant_fill_CONFOUNDED,bottom,0.912778,0.001493,0.914271
C:\My_Project\AIGC\AIGuard\unseen\fake_424.jpg,aiguard_unseen,0.05,constant_fill_CONFOUNDED,random_scattered,0.929036,-0.014765,0.914271
C:\My_Project\AIGC\AIGuard\unseen\fake_424.jpg,aiguard_unseen,0.1,blur,random_seed0,0.912865,0.001406,0.914271
C:\My_Project\AIGC\AIGuard\unseen\fake_424.jpg,aiguard_unseen,0.1,blur,random_seed1,0.918426,-0.004155,0.914271
C:\My_Project\AIGC\AIGuard\unseen\fake_424.jpg,aiguard_unseen,0.1,blur,random_seed2,0.918547,-0.004276,0.914271
C:\My_Project\AIGC\AIGuard\unseen\fake_424.jpg,aiguard_unseen,0.1,blur,random_seed3,0.915442,-0.001171,0.914271
C:\My_Project\AIGC\AIGuard\unseen\fake_424.jpg,aiguard_unseen,0.1,blur,random_seed4,0.676885,0.237386,0.914271
C:\My_Project\AIGC\AIGuard\unseen\fake_424.jpg,aiguard_unseen,0.1,blur,hot,0.43529,0.478982,0.914271
C:\My_Project\AIGC\AIGuard\unseen\fake_424.jpg,aiguard_unseen,0.1,blur,bottom,0.914638,-0.000366,0.914271
C:\My_Project\AIGC\AIGuard\unseen\fake_424.jpg,aiguard_unseen,0.1,blur,random_mean,0.868433,0.045838,0.914271
C:\My_Project\AIGC\AIGuard\unseen\fake_424.jpg,aiguard_unseen,0.1,constant_fill_CONFOUNDED,hot,0.845685,0.068586,0.914271
C:\My_Project\AIGC\AIGuard\unseen\fake_424.jpg,aiguard_unseen,0.1,constant_fill_CONFOUNDED,bottom,0.908938,0.005333,0.914271
C:\My_Project\AIGC\AIGuard\unseen\fake_424.jpg,aiguard_unseen,0.1,constant_fill_CONFOUNDED,random_scattered,0.926376,-0.012105,0.914271
C:\My_Project\AIGC\AIGuard\unseen\fake_424.jpg,aiguard_unseen,0.2,blur,random_seed0,0.922862,-0.00859,0.914271
C:\My_Project\AIGC\AIGuard\unseen\fake_424.jpg,aiguard_unseen,0.2,blur,random_seed1,0.917319,-0.003048,0.914271
C:\My_Project\AIGC\AIGuard\unseen\fake_424.jpg,aiguard_unseen,0.2,blur,random_seed2,0.928507,-0.014235,0.914271
C:\My_Project\AIGC\AIGuard\unseen\fake_424.jpg,aiguard_unseen,0.2,blur,random_seed3,0.910222,0.004049,0.914271
C:\My_Project\AIGC\AIGuard\unseen\fake_424.jpg,aiguard_unseen,0.2,blur,random_seed4,0.724971,0.1893,0.914271
C:\My_Project\AIGC\AIGuard\unseen\fake_424.jpg,aiguard_unseen,0.2,blur,hot,0.477369,0.436903,0.914271
C:\My_Project\AIGC\AIGuard\unseen\fake_424.jpg,aiguard_unseen,0.2,blur,bottom,0.911393,0.002878,0.914271
C:\My_Project\AIGC\AIGuard\unseen\fake_424.jpg,aiguard_unseen,0.2,blur,random_mean,0.880776,0.033495,0.914271
C:\My_Project\AIGC\AIGuard\unseen\fake_424.jpg,aiguard_unseen,0.2,constant_fill_CONFOUNDED,hot,0.239256,0.675015,0.914271
C:\My_Project\AIGC\AIGuard\unseen\fake_424.jpg,aiguard_unseen,0.2,constant_fill_CONFOUNDED,bottom,0.914518,-0.000247,0.914271
C:\My_Project\AIGC\AIGuard\unseen\fake_424.jpg,aiguard_unseen,0.2,constant_fill_CONFOUNDED,random_scattered,0.930384,-0.016113,0.914271
C:\My_Project\AIGC\AIGuard\unseen\fake_431.jpg,aiguard_unseen,0.05,blur,random_seed0,0.929106,0.001657,0.930762
C:\My_Project\AIGC\AIGuard\unseen\fake_431.jpg,aiguard_unseen,0.05,blur,random_seed1,0.927159,0.003604,0.930762
C:\My_Project\AIGC\AIGuard\unseen\fake_431.jpg,aiguard_unseen,0.05,blur,random_seed2,0.928134,0.002629,0.930762
C:\My_Project\AIGC\AIGuard\unseen\fake_431.jpg,aiguard_unseen,0.05,blur,random_seed3,0.929064,0.001699,0.930762
C:\My_Project\AIGC\AIGuard\unseen\fake_431.jpg,aiguard_unseen,0.05,blur,random_seed4,0.927452,0.003311,0.930762
C:\My_Project\AIGC\AIGuard\unseen\fake_431.jpg,aiguard_unseen,0.05,blur,hot,0.931465,-0.000703,0.930762
C:\My_Project\AIGC\AIGuard\unseen\fake_431.jpg,aiguard_unseen,0.05,blur,bottom,0.927878,0.002884,0.930762
C:\My_Project\AIGC\AIGuard\unseen\fake_431.jpg,aiguard_unseen,0.05,blur,random_mean,0.928183,0.00258,0.930762
C:\My_Project\AIGC\AIGuard\unseen\fake_431.jpg,aiguard_unseen,0.05,constant_fill_CONFOUNDED,hot,0.910756,0.020006,0.930762
C:\My_Project\AIGC\AIGuard\unseen\fake_431.jpg,aiguard_unseen,0.05,constant_fill_CONFOUNDED,bottom,0.925483,0.005279,0.930762
C:\My_Project\AIGC\AIGuard\unseen\fake_431.jpg,aiguard_unseen,0.05,constant_fill_CONFOUNDED,random_scattered,0.920679,0.010083,0.930762
C:\My_Project\AIGC\AIGuard\unseen\fake_431.jpg,aiguard_unseen,0.1,blur,random_seed0,0.922432,0.008331,0.930762
C:\My_Project\AIGC\AIGuard\unseen\fake_431.jpg,aiguard_unseen,0.1,blur,random_seed1,0.906167,0.024595,0.930762
C:\My_Project\AIGC\AIGuard\unseen\fake_431.jpg,aiguard_unseen,0.1,blur,random_seed2,0.931703,-0.000941,0.930762
C:\My_Project\AIGC\AIGuard\unseen\fake_431.jpg,aiguard_unseen,0.1,blur,random_seed3,0.931525,-0.000762,0.930762
C:\My_Project\AIGC\AIGuard\unseen\fake_431.jpg,aiguard_unseen,0.1,blur,random_seed4,0.877393,0.05337,0.930762
C:\My_Project\AIGC\AIGuard\unseen\fake_431.jpg,aiguard_unseen,0.1,blur,hot,0.834256,0.096506,0.930762
C:\My_Project\AIGC\AIGuard\unseen\fake_431.jpg,aiguard_unseen,0.1,blur,bottom,0.929321,0.001442,0.930762
C:\My_Project\AIGC\AIGuard\unseen\fake_431.jpg,aiguard_unseen,0.1,blur,random_mean,0.913844,0.016918,0.930762
C:\My_Project\AIGC\AIGuard\unseen\fake_431.jpg,aiguard_unseen,0.1,constant_fill_CONFOUNDED,hot,0.363555,0.567207,0.930762
C:\My_Project\AIGC\AIGuard\unseen\fake_431.jpg,aiguard_unseen,0.1,constant_fill_CONFOUNDED,bottom,0.922765,0.007998,0.930762
C:\My_Project\AIGC\AIGuard\unseen\fake_431.jpg,aiguard_unseen,0.1,constant_fill_CONFOUNDED,random_scattered,0.926199,0.004563,0.930762
C:\My_Project\AIGC\AIGuard\unseen\fake_431.jpg,aiguard_unseen,0.2,blur,random_seed0,0.938626,-0.007863,0.930762
C:\My_Project\AIGC\AIGuard\unseen\fake_431.jpg,aiguard_unseen,0.2,blur,random_seed1,0.854264,0.076499,0.930762
C:\My_Project\AIGC\AIGuard\unseen\fake_431.jpg,aiguard_unseen,0.2,blur,random_seed2,0.665018,0.265745,0.930762
C:\My_Project\AIGC\AIGuard\unseen\fake_431.jpg,aiguard_unseen,0.2,blur,random_seed3,0.878531,0.052232,0.930762
C:\My_Project\AIGC\AIGuard\unseen\fake_431.jpg,aiguard_unseen,0.2,blur,random_seed4,0.688074,0.242689,0.930762
C:\My_Project\AIGC\AIGuard\unseen\fake_431.jpg,aiguard_unseen,0.2,blur,hot,0.693195,0.237567,0.930762
C:\My_Project\AIGC\AIGuard\unseen\fake_431.jpg,aiguard_unseen,0.2,blur,bottom,0.933296,-0.002534,0.930762
C:\My_Project\AIGC\AIGuard\unseen\fake_431.jpg,aiguard_unseen,0.2,blur,random_mean,0.804902,0.12586,0.930762
C:\My_Project\AIGC\AIGuard\unseen\fake_431.jpg,aiguard_unseen,0.2,constant_fill_CONFOUNDED,hot,0.473766,0.456996,0.930762
C:\My_Project\AIGC\AIGuard\unseen\fake_431.jpg,aiguard_unseen,0.2,constant_fill_CONFOUNDED,bottom,0.921242,0.00952,0.930762
C:\My_Project\AIGC\AIGuard\unseen\fake_431.jpg,aiguard_unseen,0.2,constant_fill_CONFOUNDED,random_scattered,0.923061,0.007702,0.930762
C:\My_Project\AIGC\AIGuard\unseen\fake_434.jpg,aiguard_unseen,0.05,blur,random_seed0,0.913398,0.027033,0.94043
C:\My_Project\AIGC\AIGuard\unseen\fake_434.jpg,aiguard_unseen,0.05,blur,random_seed1,0.934332,0.006099,0.94043
C:\My_Project\AIGC\AIGuard\unseen\fake_434.jpg,aiguard_unseen,0.05,blur,random_seed2,0.902664,0.037766,0.94043
C:\My_Project\AIGC\AIGuard\unseen\fake_434.jpg,aiguard_unseen,0.05,blur,random_seed3,0.934246,0.006185,0.94043
C:\My_Project\AIGC\AIGuard\unseen\fake_434.jpg,aiguard_unseen,0.05,blur,random_seed4,0.93908,0.00135,0.94043
C:\My_Project\AIGC\AIGuard\unseen\fake_434.jpg,aiguard_unseen,0.05,blur,hot,0.819556,0.120874,0.94043
C:\My_Project\AIGC\AIGuard\unseen\fake_434.jpg,aiguard_unseen,0.05,blur,bottom,0.936658,0.003772,0.94043
C:\My_Project\AIGC\AIGuard\unseen\fake_434.jpg,aiguard_unseen,0.05,blur,random_mean,0.924744,0.015687,0.94043
C:\My_Project\AIGC\AIGuard\unseen\fake_434.jpg,aiguard_unseen,0.05,constant_fill_CONFOUNDED,hot,0.202344,0.738087,0.94043
C:\My_Project\AIGC\AIGuard\unseen\fake_434.jpg,aiguard_unseen,0.05,constant_fill_CONFOUNDED,bottom,0.929481,0.01095,0.94043
C:\My_Project\AIGC\AIGuard\unseen\fake_434.jpg,aiguard_unseen,0.05,constant_fill_CONFOUNDED,random_scattered,0.910167,0.030263,0.94043
C:\My_Project\AIGC\AIGuard\unseen\fake_434.jpg,aiguard_unseen,0.1,blur,random_seed0,0.913488,0.026943,0.94043
C:\My_Project\AIGC\AIGuard\unseen\fake_434.jpg,aiguard_unseen,0.1,blur,random_seed1,0.911184,0.029247,0.94043
C:\My_Project\AIGC\AIGuard\unseen\fake_434.jpg,aiguard_unseen,0.1,blur,random_seed2,0.456232,0.484198,0.94043
C:\My_Project\AIGC\AIGuard\unseen\fake_434.jpg,aiguard_unseen,0.1,blur,random_seed3,0.758606,0.181824,0.94043
C:\My_Project\AIGC\AIGuard\unseen\fake_434.jpg,aiguard_unseen,0.1,blur,random_seed4,0.931385,0.009045,0.94043
C:\My_Project\AIGC\AIGuard\unseen\fake_434.jpg,aiguard_unseen,0.1,blur,hot,0.737151,0.203279,0.94043
C:\My_Project\AIGC\AIGuard\unseen\fake_434.jpg,aiguard_unseen,0.1,blur,bottom,0.927801,0.01263,0.94043
C:\My_Project\AIGC\AIGuard\unseen\fake_434.jpg,aiguard_unseen,0.1,blur,random_mean,0.794179,0.146251,0.94043
C:\My_Project\AIGC\AIGuard\unseen\fake_434.jpg,aiguard_unseen,0.1,constant_fill_CONFOUNDED,hot,0.097628,0.842802,0.94043
C:\My_Project\AIGC\AIGuard\unseen\fake_434.jpg,aiguard_unseen,0.1,constant_fill_CONFOUNDED,bottom,0.860789,0.079642,0.94043
C:\My_Project\AIGC\AIGuard\unseen\fake_434.jpg,aiguard_unseen,0.1,constant_fill_CONFOUNDED,random_scattered,0.840727,0.099704,0.94043
C:\My_Project\AIGC\AIGuard\unseen\fake_434.jpg,aiguard_unseen,0.2,blur,random_seed0,0.839485,0.100945,0.94043
C:\My_Project\AIGC\AIGuard\unseen\fake_434.jpg,aiguard_unseen,0.2,blur,random_seed1,0.602806,0.337624,0.94043
C:\My_Project\AIGC\AIGuard\unseen\fake_434.jpg,aiguard_unseen,0.2,blur,random_seed2,0.926945,0.013486,0.94043
C:\My_Project\AIGC\AIGuard\unseen\fake_434.jpg,aiguard_unseen,0.2,blur,random_seed3,0.871734,0.068696,0.94043
C:\My_Project\AIGC\AIGuard\unseen\fake_434.jpg,aiguard_unseen,0.2,blur,random_seed4,0.826249,0.114181,0.94043
C:\My_Project\AIGC\AIGuard\unseen\fake_434.jpg,aiguard_unseen,0.2,blur,hot,0.625264,0.315167,0.94043
C:\My_Project\AIGC\AIGuard\unseen\fake_434.jpg,aiguard_unseen,0.2,blur,bottom,0.915804,0.024626,0.94043
C:\My_Project\AIGC\AIGuard\unseen\fake_434.jpg,aiguard_unseen,0.2,blur,random_mean,0.813444,0.126987,0.94043
C:\My_Project\AIGC\AIGuard\unseen\fake_434.jpg,aiguard_unseen,0.2,constant_fill_CONFOUNDED,hot,0.101192,0.839239,0.94043
C:\My_Project\AIGC\AIGuard\unseen\fake_434.jpg,aiguard_unseen,0.2,constant_fill_CONFOUNDED,bottom,0.803744,0.136686,0.94043
C:\My_Project\AIGC\AIGuard\unseen\fake_434.jpg,aiguard_unseen,0.2,constant_fill_CONFOUNDED,random_scattered,0.838357,0.102074,0.94043
C:\My_Project\AIGC\AIGuard\unseen\fake_441.jpg,aiguard_unseen,0.05,blur,random_seed0,0.925354,-0.002746,0.922608
C:\My_Project\AIGC\AIGuard\unseen\fake_441.jpg,aiguard_unseen,0.05,blur,random_seed1,0.92229,0.000318,0.922608
C:\My_Project\AIGC\AIGuard\unseen\fake_441.jpg,aiguard_unseen,0.05,blur,random_seed2,0.926071,-0.003463,0.922608
C:\My_Project\AIGC\AIGuard\unseen\fake_441.jpg,aiguard_unseen,0.05,blur,random_seed3,0.926624,-0.004016,0.922608
C:\My_Project\AIGC\AIGuard\unseen\fake_441.jpg,aiguard_unseen,0.05,blur,random_seed4,0.926413,-0.003805,0.922608
C:\My_Project\AIGC\AIGuard\unseen\fake_441.jpg,aiguard_unseen,0.05,blur,hot,0.794898,0.12771,0.922608
C:\My_Project\AIGC\AIGuard\unseen\fake_441.jpg,aiguard_unseen,0.05,blur,bottom,0.92198,0.000628,0.922608
C:\My_Project\AIGC\AIGuard\unseen\fake_441.jpg,aiguard_unseen,0.05,blur,random_mean,0.925351,-0.002742,0.922608
C:\My_Project\AIGC\AIGuard\unseen\fake_441.jpg,aiguard_unseen,0.05,constant_fill_CONFOUNDED,hot,0.823144,0.099464,0.922608
C:\My_Project\AIGC\AIGuard\unseen\fake_441.jpg,aiguard_unseen,0.05,constant_fill_CONFOUNDED,bottom,0.909147,0.013461,0.922608
C:\My_Project\AIGC\AIGuard\unseen\fake_441.jpg,aiguard_unseen,0.05,constant_fill_CONFOUNDED,random_scattered,0.14702,0.775588,0.922608
C:\My_Project\AIGC\AIGuard\unseen\fake_441.jpg,aiguard_unseen,0.1,blur,random_seed0,0.934881,-0.012272,0.922608
C:\My_Project\AIGC\AIGuard\unseen\fake_441.jpg,aiguard_unseen,0.1,blur,random_seed1,0.927504,-0.004895,0.922608
C:\My_Project\AIGC\AIGuard\unseen\fake_441.jpg,aiguard_unseen,0.1,blur,random_seed2,0.88544,0.037169,0.922608
C:\My_Project\AIGC\AIGuard\unseen\fake_441.jpg,aiguard_unseen,0.1,blur,random_seed3,0.869239,0.05337,0.922608
C:\My_Project\AIGC\AIGuard\unseen\fake_441.jpg,aiguard_unseen,0.1,blur,random_seed4,0.922903,-0.000295,0.922608
C:\My_Project\AIGC\AIGuard\unseen\fake_441.jpg,aiguard_unseen,0.1,blur,hot,0.743884,0.178725,0.922608
C:\My_Project\AIGC\AIGuard\unseen\fake_441.jpg,aiguard_unseen,0.1,blur,bottom,0.923953,-0.001345,0.922608
C:\My_Project\AIGC\AIGuard\unseen\fake_441.jpg,aiguard_unseen,0.1,blur,random_mean,0.907993,0.014615,0.922608
C:\My_Project\AIGC\AIGuard\unseen\fake_441.jpg,aiguard_unseen,0.1,constant_fill_CONFOUNDED,hot,0.877155,0.045454,0.922608
C:\My_Project\AIGC\AIGuard\unseen\fake_441.jpg,aiguard_unseen,0.1,constant_fill_CONFOUNDED,bottom,0.919755,0.002854,0.922608
C:\My_Project\AIGC\AIGuard\unseen\fake_441.jpg,aiguard_unseen,0.1,constant_fill_CONFOUNDED,random_scattered,0.624889,0.297719,0.922608
C:\My_Project\AIGC\AIGuard\unseen\fake_441.jpg,aiguard_unseen,0.2,blur,random_seed0,0.720588,0.20202,0.922608
C:\My_Project\AIGC\AIGuard\unseen\fake_441.jpg,aiguard_unseen,0.2,blur,random_seed1,0.726656,0.195952,0.922608
C:\My_Project\AIGC\AIGuard\unseen\fake_441.jpg,aiguard_unseen,0.2,blur,random_seed2,0.780796,0.141812,0.922608
C:\My_Project\AIGC\AIGuard\unseen\fake_441.jpg,aiguard_unseen,0.2,blur,random_seed3,0.916957,0.005652,0.922608
C:\My_Project\AIGC\AIGuard\unseen\fake_441.jpg,aiguard_unseen,0.2,blur,random_seed4,0.855808,0.066801,0.922608
C:\My_Project\AIGC\AIGuard\unseen\fake_441.jpg,aiguard_unseen,0.2,blur,hot,0.745717,0.176892,0.922608
C:\My_Project\AIGC\AIGuard\unseen\fake_441.jpg,aiguard_unseen,0.2,blur,bottom,0.92594,-0.003331,0.922608
C:\My_Project\AIGC\AIGuard\unseen\fake_441.jpg,aiguard_unseen,0.2,blur,random_mean,0.800161,0.122447,0.922608
C:\My_Project\AIGC\AIGuard\unseen\fake_441.jpg,aiguard_unseen,0.2,constant_fill_CONFOUNDED,hot,0.679415,0.243193,0.922608
C:\My_Project\AIGC\AIGuard\unseen\fake_441.jpg,aiguard_unseen,0.2,constant_fill_CONFOUNDED,bottom,0.901794,0.020815,0.922608
C:\My_Project\AIGC\AIGuard\unseen\fake_441.jpg,aiguard_unseen,0.2,constant_fill_CONFOUNDED,random_scattered,0.631726,0.290882,0.922608
C:\My_Project\AIGC\AIGuard\unseen\fake_442.jpg,aiguard_unseen,0.05,blur,random_seed0,0.451255,0.445611,0.896866
C:\My_Project\AIGC\AIGuard\unseen\fake_442.jpg,aiguard_unseen,0.05,blur,random_seed1,0.715863,0.181003,0.896866
C:\My_Project\AIGC\AIGuard\unseen\fake_442.jpg,aiguard_unseen,0.05,blur,random_seed2,0.067331,0.829534,0.896866
C:\My_Project\AIGC\AIGuard\unseen\fake_442.jpg,aiguard_unseen,0.05,blur,random_seed3,0.826574,0.070292,0.896866
C:\My_Project\AIGC\AIGuard\unseen\fake_442.jpg,aiguard_unseen,0.05,blur,random_seed4,0.849381,0.047485,0.896866
C:\My_Project\AIGC\AIGuard\unseen\fake_442.jpg,aiguard_unseen,0.05,blur,hot,0.479578,0.417287,0.896866
C:\My_Project\AIGC\AIGuard\unseen\fake_442.jpg,aiguard_unseen,0.05,blur,bottom,0.880327,0.016539,0.896866
C:\My_Project\AIGC\AIGuard\unseen\fake_442.jpg,aiguard_unseen,0.05,blur,random_mean,0.582081,0.314785,0.896866
C:\My_Project\AIGC\AIGuard\unseen\fake_442.jpg,aiguard_unseen,0.05,constant_fill_CONFOUNDED,hot,0.120808,0.776058,0.896866
C:\My_Project\AIGC\AIGuard\unseen\fake_442.jpg,aiguard_unseen,0.05,constant_fill_CONFOUNDED,bottom,0.85939,0.037475,0.896866
C:\My_Project\AIGC\AIGuard\unseen\fake_442.jpg,aiguard_unseen,0.05,constant_fill_CONFOUNDED,random_scattered,0.299286,0.59758,0.896866
C:\My_Project\AIGC\AIGuard\unseen\fake_442.jpg,aiguard_unseen,0.1,blur,random_seed0,0.13242,0.764446,0.896866
C:\My_Project\AIGC\AIGuard\unseen\fake_442.jpg,aiguard_unseen,0.1,blur,random_seed1,0.70041,0.196455,0.896866
C:\My_Project\AIGC\AIGuard\unseen\fake_442.jpg,aiguard_unseen,0.1,blur,random_seed2,0.093983,0.802883,0.896866
C:\My_Project\AIGC\AIGuard\unseen\fake_442.jpg,aiguard_unseen,0.1,blur,random_seed3,0.113327,0.783538,0.896866
C:\My_Project\AIGC\AIGuard\unseen\fake_442.jpg,aiguard_unseen,0.1,blur,random_seed4,0.859091,0.037775,0.896866
C:\My_Project\AIGC\AIGuard\unseen\fake_442.jpg,aiguard_unseen,0.1,blur,hot,0.095575,0.80129,0.896866
C:\My_Project\AIGC\AIGuard\unseen\fake_442.jpg,aiguard_unseen,0.1,blur,bottom,0.886337,0.010529,0.896866
C:\My_Project\AIGC\AIGuard\unseen\fake_442.jpg,aiguard_unseen,0.1,blur,random_mean,0.379846,0.517019,0.896866
C:\My_Project\AIGC\AIGuard\unseen\fake_442.jpg,aiguard_unseen,0.1,constant_fill_CONFOUNDED,hot,0.076333,0.820533,0.896866
C:\My_Project\AIGC\AIGuard\unseen\fake_442.jpg,aiguard_unseen,0.1,constant_fill_CONFOUNDED,bottom,0.819104,0.077761,0.896866
C:\My_Project\AIGC\AIGuard\unseen\fake_442.jpg,aiguard_unseen,0.1,constant_fill_CONFOUNDED,random_scattered,0.474291,0.422575,0.896866
C:\My_Project\AIGC\AIGuard\unseen\fake_442.jpg,aiguard_unseen,0.2,blur,random_seed0,0.465545,0.43132,0.896866
C:\My_Project\AIGC\AIGuard\unseen\fake_442.jpg,aiguard_unseen,0.2,blur,random_seed1,0.628014,0.268852,0.896866
C:\My_Project\AIGC\AIGuard\unseen\fake_442.jpg,aiguard_unseen,0.2,blur,random_seed2,0.252266,0.6446,0.896866
C:\My_Project\AIGC\AIGuard\unseen\fake_442.jpg,aiguard_unseen,0.2,blur,random_seed3,0.584219,0.312647,0.896866
C:\My_Project\AIGC\AIGuard\unseen\fake_442.jpg,aiguard_unseen,0.2,blur,random_seed4,0.437544,0.459322,0.896866
C:\My_Project\AIGC\AIGuard\unseen\fake_442.jpg,aiguard_unseen,0.2,blur,hot,0.253301,0.643565,0.896866
C:\My_Project\AIGC\AIGuard\unseen\fake_442.jpg,aiguard_unseen,0.2,blur,bottom,0.813981,0.082884,0.896866
C:\My_Project\AIGC\AIGuard\unseen\fake_442.jpg,aiguard_unseen,0.2,blur,random_mean,0.473518,0.423348,0.896866
C:\My_Project\AIGC\AIGuard\unseen\fake_442.jpg,aiguard_unseen,0.2,constant_fill_CONFOUNDED,hot,0.113682,0.783184,0.896866
C:\My_Project\AIGC\AIGuard\unseen\fake_442.jpg,aiguard_unseen,0.2,constant_fill_CONFOUNDED,bottom,0.892709,0.004157,0.896866
C:\My_Project\AIGC\AIGuard\unseen\fake_442.jpg,aiguard_unseen,0.2,constant_fill_CONFOUNDED,random_scattered,0.834529,0.062337,0.896866
C:\My_Project\AIGC\AIGuard\unseen\fake_450.jpg,aiguard_unseen,0.05,blur,random_seed0,0.932424,0.010038,0.942462
C:\My_Project\AIGC\AIGuard\unseen\fake_450.jpg,aiguard_unseen,0.05,blur,random_seed1,0.939197,0.003265,0.942462
C:\My_Project\AIGC\AIGuard\unseen\fake_450.jpg,aiguard_unseen,0.05,blur,random_seed2,0.939711,0.002751,0.942462
C:\My_Project\AIGC\AIGuard\unseen\fake_450.jpg,aiguard_unseen,0.05,blur,random_seed3,0.932715,0.009747,0.942462
C:\My_Project\AIGC\AIGuard\unseen\fake_450.jpg,aiguard_unseen,0.05,blur,random_seed4,0.942844,-0.000382,0.942462
C:\My_Project\AIGC\AIGuard\unseen\fake_450.jpg,aiguard_unseen,0.05,blur,hot,0.931439,0.011023,0.942462
C:\My_Project\AIGC\AIGuard\unseen\fake_450.jpg,aiguard_unseen,0.05,blur,bottom,0.942623,-0.000161,0.942462
C:\My_Project\AIGC\AIGuard\unseen\fake_450.jpg,aiguard_unseen,0.05,blur,random_mean,0.937378,0.005084,0.942462
C:\My_Project\AIGC\AIGuard\unseen\fake_450.jpg,aiguard_unseen,0.05,constant_fill_CONFOUNDED,hot,0.896909,0.045554,0.942462
C:\My_Project\AIGC\AIGuard\unseen\fake_450.jpg,aiguard_unseen,0.05,constant_fill_CONFOUNDED,bottom,0.930576,0.011886,0.942462
C:\My_Project\AIGC\AIGuard\unseen\fake_450.jpg,aiguard_unseen,0.05,constant_fill_CONFOUNDED,random_scattered,0.847359,0.095103,0.942462
C:\My_Project\AIGC\AIGuard\unseen\fake_450.jpg,aiguard_unseen,0.1,blur,random_seed0,0.945848,-0.003386,0.942462
C:\My_Project\AIGC\AIGuard\unseen\fake_450.jpg,aiguard_unseen,0.1,blur,random_seed1,0.918883,0.023579,0.942462
C:\My_Project\AIGC\AIGuard\unseen\fake_450.jpg,aiguard_unseen,0.1,blur,random_seed2,0.942645,-0.000183,0.942462
C:\My_Project\AIGC\AIGuard\unseen\fake_450.jpg,aiguard_unseen,0.1,blur,random_seed3,0.926983,0.015479,0.942462
C:\My_Project\AIGC\AIGuard\unseen\fake_450.jpg,aiguard_unseen,0.1,blur,random_seed4,0.937257,0.005205,0.942462
C:\My_Project\AIGC\AIGuard\unseen\fake_450.jpg,aiguard_unseen,0.1,blur,hot,0.84847,0.093992,0.942462
C:\My_Project\AIGC\AIGuard\unseen\fake_450.jpg,aiguard_unseen,0.1,blur,bottom,0.939356,0.003106,0.942462
C:\My_Project\AIGC\AIGuard\unseen\fake_450.jpg,aiguard_unseen,0.1,blur,random_mean,0.934323,0.008139,0.942462
C:\My_Project\AIGC\AIGuard\unseen\fake_450.jpg,aiguard_unseen,0.1,constant_fill_CONFOUNDED,hot,0.722279,0.220183,0.942462
C:\My_Project\AIGC\AIGuard\unseen\fake_450.jpg,aiguard_unseen,0.1,constant_fill_CONFOUNDED,bottom,0.933853,0.008609,0.942462
C:\My_Project\AIGC\AIGuard\unseen\fake_450.jpg,aiguard_unseen,0.1,constant_fill_CONFOUNDED,random_scattered,0.922859,0.019604,0.942462
C:\My_Project\AIGC\AIGuard\unseen\fake_450.jpg,aiguard_unseen,0.2,blur,random_seed0,0.937357,0.005105,0.942462
C:\My_Project\AIGC\AIGuard\unseen\fake_450.jpg,aiguard_unseen,0.2,blur,random_seed1,0.822126,0.120336,0.942462
C:\My_Project\AIGC\AIGuard\unseen\fake_450.jpg,aiguard_unseen,0.2,blur,random_seed2,0.943642,-0.00118,0.942462
C:\My_Project\AIGC\AIGuard\unseen\fake_450.jpg,aiguard_unseen,0.2,blur,random_seed3,0.942493,-3.1e-05,0.942462
C:\My_Project\AIGC\AIGuard\unseen\fake_450.jpg,aiguard_unseen,0.2,blur,random_seed4,0.893381,0.049082,0.942462
C:\My_Project\AIGC\AIGuard\unseen\fake_450.jpg,aiguard_unseen,0.2,blur,hot,0.755387,0.187075,0.942462
C:\My_Project\AIGC\AIGuard\unseen\fake_450.jpg,aiguard_unseen,0.2,blur,bottom,0.939857,0.002605,0.942462
C:\My_Project\AIGC\AIGuard\unseen\fake_450.jpg,aiguard_unseen,0.2,blur,random_mean,0.9078,0.034662,0.942462
C:\My_Project\AIGC\AIGuard\unseen\fake_450.jpg,aiguard_unseen,0.2,constant_fill_CONFOUNDED,hot,0.846192,0.096271,0.942462
C:\My_Project\AIGC\AIGuard\unseen\fake_450.jpg,aiguard_unseen,0.2,constant_fill_CONFOUNDED,bottom,0.932492,0.00997,0.942462
C:\My_Project\AIGC\AIGuard\unseen\fake_450.jpg,aiguard_unseen,0.2,constant_fill_CONFOUNDED,random_scattered,0.920849,0.021613,0.942462
C:\My_Project\AIGC\AIGuard\unseen\fake_451.jpg,aiguard_unseen,0.05,blur,random_seed0,0.900101,0.000372,0.900473
C:\My_Project\AIGC\AIGuard\unseen\fake_451.jpg,aiguard_unseen,0.05,blur,random_seed1,0.89484,0.005633,0.900473
C:\My_Project\AIGC\AIGuard\unseen\fake_451.jpg,aiguard_unseen,0.05,blur,random_seed2,0.883259,0.017215,0.900473
C:\My_Project\AIGC\AIGuard\unseen\fake_451.jpg,aiguard_unseen,0.05,blur,random_seed3,0.889726,0.010748,0.900473
C:\My_Project\AIGC\AIGuard\unseen\fake_451.jpg,aiguard_unseen,0.05,blur,random_seed4,0.898044,0.002429,0.900473
C:\My_Project\AIGC\AIGuard\unseen\fake_451.jpg,aiguard_unseen,0.05,blur,hot,0.897147,0.003326,0.900473
C:\My_Project\AIGC\AIGuard\unseen\fake_451.jpg,aiguard_unseen,0.05,blur,bottom,0.899978,0.000495,0.900473
C:\My_Project\AIGC\AIGuard\unseen\fake_451.jpg,aiguard_unseen,0.05,blur,random_mean,0.893194,0.007279,0.900473
C:\My_Project\AIGC\AIGuard\unseen\fake_451.jpg,aiguard_unseen,0.05,constant_fill_CONFOUNDED,hot,0.670887,0.229586,0.900473
C:\My_Project\AIGC\AIGuard\unseen\fake_451.jpg,aiguard_unseen,0.05,constant_fill_CONFOUNDED,bottom,0.903657,-0.003184,0.900473
C:\My_Project\AIGC\AIGuard\unseen\fake_451.jpg,aiguard_unseen,0.05,constant_fill_CONFOUNDED,random_scattered,0.526283,0.37419,0.900473
C:\My_Project\AIGC\AIGuard\unseen\fake_451.jpg,aiguard_unseen,0.1,blur,random_seed0,0.890828,0.009646,0.900473
C:\My_Project\AIGC\AIGuard\unseen\fake_451.jpg,aiguard_unseen,0.1,blur,random_seed1,0.900447,2.6e-05,0.900473
C:\My_Project\AIGC\AIGuard\unseen\fake_451.jpg,aiguard_unseen,0.1,blur,random_seed2,0.901914,-0.001441,0.900473
C:\My_Project\AIGC\AIGuard\unseen\fake_451.jpg,aiguard_unseen,0.1,blur,random_seed3,0.900981,-0.000507,0.900473
C:\My_Project\AIGC\AIGuard\unseen\fake_451.jpg,aiguard_unseen,0.1,blur,random_seed4,0.865933,0.03454,0.900473
C:\My_Project\AIGC\AIGuard\unseen\fake_451.jpg,aiguard_unseen,0.1,blur,hot,0.784762,0.115711,0.900473
C:\My_Project\AIGC\AIGuard\unseen\fake_451.jpg,aiguard_unseen,0.1,blur,bottom,0.907819,-0.007346,0.900473
C:\My_Project\AIGC\AIGuard\unseen\fake_451.jpg,aiguard_unseen,0.1,blur,random_mean,0.892021,0.008453,0.900473
C:\My_Project\AIGC\AIGuard\unseen\fake_451.jpg,aiguard_unseen,0.1,constant_fill_CONFOUNDED,hot,0.631303,0.26917,0.900473
C:\My_Project\AIGC\AIGuard\unseen\fake_451.jpg,aiguard_unseen,0.1,constant_fill_CONFOUNDED,bottom,0.898073,0.0024,0.900473
C:\My_Project\AIGC\AIGuard\unseen\fake_451.jpg,aiguard_unseen,0.1,constant_fill_CONFOUNDED,random_scattered,0.632849,0.267624,0.900473
C:\My_Project\AIGC\AIGuard\unseen\fake_451.jpg,aiguard_unseen,0.2,blur,random_seed0,0.893122,0.007351,0.900473
C:\My_Project\AIGC\AIGuard\unseen\fake_451.jpg,aiguard_unseen,0.2,blur,random_seed1,0.906673,-0.0062,0.900473
C:\My_Project\AIGC\AIGuard\unseen\fake_451.jpg,aiguard_unseen,0.2,blur,random_seed2,0.576807,0.323666,0.900473
C:\My_Project\AIGC\AIGuard\unseen\fake_451.jpg,aiguard_unseen,0.2,blur,random_seed3,0.181806,0.718667,0.900473
C:\My_Project\AIGC\AIGuard\unseen\fake_451.jpg,aiguard_unseen,0.2,blur,random_seed4,0.897584,0.00289,0.900473
C:\My_Project\AIGC\AIGuard\unseen\fake_451.jpg,aiguard_unseen,0.2,blur,hot,0.53355,0.366923,0.900473
C:\My_Project\AIGC\AIGuard\unseen\fake_451.jpg,aiguard_unseen,0.2,blur,bottom,0.920494,-0.020021,0.900473
C:\My_Project\AIGC\AIGuard\unseen\fake_451.jpg,aiguard_unseen,0.2,blur,random_mean,0.691198,0.209275,0.900473
C:\My_Project\AIGC\AIGuard\unseen\fake_451.jpg,aiguard_unseen,0.2,constant_fill_CONFOUNDED,hot,0.144498,0.755975,0.900473
C:\My_Project\AIGC\AIGuard\unseen\fake_451.jpg,aiguard_unseen,0.2,constant_fill_CONFOUNDED,bottom,0.897967,0.002507,0.900473
C:\My_Project\AIGC\AIGuard\unseen\fake_451.jpg,aiguard_unseen,0.2,constant_fill_CONFOUNDED,random_scattered,0.830165,0.070308,0.900473
C:\My_Project\AIGC\AIGuard\unseen\fake_453.jpg,aiguard_unseen,0.05,blur,random_seed0,0.925564,0.002375,0.927939
C:\My_Project\AIGC\AIGuard\unseen\fake_453.jpg,aiguard_unseen,0.05,blur,random_seed1,0.901928,0.026011,0.927939
C:\My_Project\AIGC\AIGuard\unseen\fake_453.jpg,aiguard_unseen,0.05,blur,random_seed2,0.930211,-0.002272,0.927939
C:\My_Project\AIGC\AIGuard\unseen\fake_453.jpg,aiguard_unseen,0.05,blur,random_seed3,0.925535,0.002405,0.927939
C:\My_Project\AIGC\AIGuard\unseen\fake_453.jpg,aiguard_unseen,0.05,blur,random_seed4,0.926973,0.000967,0.927939
C:\My_Project\AIGC\AIGuard\unseen\fake_453.jpg,aiguard_unseen,0.05,blur,hot,0.919082,0.008858,0.927939
C:\My_Project\AIGC\AIGuard\unseen\fake_453.jpg,aiguard_unseen,0.05,blur,bottom,0.927277,0.000662,0.927939
C:\My_Project\AIGC\AIGuard\unseen\fake_453.jpg,aiguard_unseen,0.05,blur,random_mean,0.922042,0.005897,0.927939
C:\My_Project\AIGC\AIGuard\unseen\fake_453.jpg,aiguard_unseen,0.05,constant_fill_CONFOUNDED,hot,0.851381,0.076558,0.927939
C:\My_Project\AIGC\AIGuard\unseen\fake_453.jpg,aiguard_unseen,0.05,constant_fill_CONFOUNDED,bottom,0.924121,0.003818,0.927939
C:\My_Project\AIGC\AIGuard\unseen\fake_453.jpg,aiguard_unseen,0.05,constant_fill_CONFOUNDED,random_scattered,0.749602,0.178338,0.927939
C:\My_Project\AIGC\AIGuard\unseen\fake_453.jpg,aiguard_unseen,0.1,blur,random_seed0,0.930943,-0.003004,0.927939
C:\My_Project\AIGC\AIGuard\unseen\fake_453.jpg,aiguard_unseen,0.1,blur,random_seed1,0.929615,-0.001676,0.927939
C:\My_Project\AIGC\AIGuard\unseen\fake_453.jpg,aiguard_unseen,0.1,blur,random_seed2,0.930373,-0.002433,0.927939
C:\My_Project\AIGC\AIGuard\unseen\fake_453.jpg,aiguard_unseen,0.1,blur,random_seed3,0.890305,0.037635,0.927939
C:\My_Project\AIGC\AIGuard\unseen\fake_453.jpg,aiguard_unseen,0.1,blur,random_seed4,0.898049,0.02989,0.927939
C:\My_Project\AIGC\AIGuard\unseen\fake_453.jpg,aiguard_unseen,0.1,blur,hot,0.641018,0.286921,0.927939
C:\My_Project\AIGC\AIGuard\unseen\fake_453.jpg,aiguard_unseen,0.1,blur,bottom,0.921295,0.006645,0.927939
C:\My_Project\AIGC\AIGuard\unseen\fake_453.jpg,aiguard_unseen,0.1,blur,random_mean,0.915857,0.012082,0.927939
C:\My_Project\AIGC\AIGuard\unseen\fake_453.jpg,aiguard_unseen,0.1,constant_fill_CONFOUNDED,hot,0.248522,0.679417,0.927939
C:\My_Project\AIGC\AIGuard\unseen\fake_453.jpg,aiguard_unseen,0.1,constant_fill_CONFOUNDED,bottom,0.921594,0.006345,0.927939
C:\My_Project\AIGC\AIGuard\unseen\fake_453.jpg,aiguard_unseen,0.1,constant_fill_CONFOUNDED,random_scattered,0.871559,0.05638,0.927939
C:\My_Project\AIGC\AIGuard\unseen\fake_453.jpg,aiguard_unseen,0.2,blur,random_seed0,0.516963,0.410976,0.927939
C:\My_Project\AIGC\AIGuard\unseen\fake_453.jpg,aiguard_unseen,0.2,blur,random_seed1,0.576951,0.350989,0.927939
C:\My_Project\AIGC\AIGuard\unseen\fake_453.jpg,aiguard_unseen,0.2,blur,random_seed2,0.598864,0.329075,0.927939
C:\My_Project\AIGC\AIGuard\unseen\fake_453.jpg,aiguard_unseen,0.2,blur,random_seed3,0.545604,0.382335,0.927939
C:\My_Project\AIGC\AIGuard\unseen\fake_453.jpg,aiguard_unseen,0.2,blur,random_seed4,0.751983,0.175956,0.927939
C:\My_Project\AIGC\AIGuard\unseen\fake_453.jpg,aiguard_unseen,0.2,blur,hot,0.578423,0.349517,0.927939
C:\My_Project\AIGC\AIGuard\unseen\fake_453.jpg,aiguard_unseen,0.2,blur,bottom,0.924775,0.003165,0.927939
C:\My_Project\AIGC\AIGuard\unseen\fake_453.jpg,aiguard_unseen,0.2,blur,random_mean,0.598073,0.329866,0.927939
C:\My_Project\AIGC\AIGuard\unseen\fake_453.jpg,aiguard_unseen,0.2,constant_fill_CONFOUNDED,hot,0.544435,0.383504,0.927939
C:\My_Project\AIGC\AIGuard\unseen\fake_453.jpg,aiguard_unseen,0.2,constant_fill_CONFOUNDED,bottom,0.920973,0.006967,0.927939
C:\My_Project\AIGC\AIGuard\unseen\fake_453.jpg,aiguard_unseen,0.2,constant_fill_CONFOUNDED,random_scattered,0.880789,0.04715,0.927939
C:\My_Project\AIGC\AIGuard\unseen\fake_458.jpg,aiguard_unseen,0.05,blur,random_seed0,0.943664,0.002672,0.946335
C:\My_Project\AIGC\AIGuard\unseen\fake_458.jpg,aiguard_unseen,0.05,blur,random_seed1,0.943033,0.003303,0.946335
C:\My_Project\AIGC\AIGuard\unseen\fake_458.jpg,aiguard_unseen,0.05,blur,random_seed2,0.938333,0.008003,0.946335
C:\My_Project\AIGC\AIGuard\unseen\fake_458.jpg,aiguard_unseen,0.05,blur,random_seed3,0.944158,0.002177,0.946335
C:\My_Project\AIGC\AIGuard\unseen\fake_458.jpg,aiguard_unseen,0.05,blur,random_seed4,0.950363,-0.004027,0.946335
C:\My_Project\AIGC\AIGuard\unseen\fake_458.jpg,aiguard_unseen,0.05,blur,hot,0.945138,0.001197,0.946335
C:\My_Project\AIGC\AIGuard\unseen\fake_458.jpg,aiguard_unseen,0.05,blur,bottom,0.944379,0.001957,0.946335
C:\My_Project\AIGC\AIGuard\unseen\fake_458.jpg,aiguard_unseen,0.05,blur,random_mean,0.94391,0.002425,0.946335
C:\My_Project\AIGC\AIGuard\unseen\fake_458.jpg,aiguard_unseen,0.05,constant_fill_CONFOUNDED,hot,0.943927,0.002409,0.946335
C:\My_Project\AIGC\AIGuard\unseen\fake_458.jpg,aiguard_unseen,0.05,constant_fill_CONFOUNDED,bottom,0.940523,0.005812,0.946335
C:\My_Project\AIGC\AIGuard\unseen\fake_458.jpg,aiguard_unseen,0.05,constant_fill_CONFOUNDED,random_scattered,0.33432,0.612015,0.946335
C:\My_Project\AIGC\AIGuard\unseen\fake_458.jpg,aiguard_unseen,0.1,blur,random_seed0,0.926509,0.019827,0.946335
C:\My_Project\AIGC\AIGuard\unseen\fake_458.jpg,aiguard_unseen,0.1,blur,random_seed1,0.946981,-0.000646,0.946335
C:\My_Project\AIGC\AIGuard\unseen\fake_458.jpg,aiguard_unseen,0.1,blur,random_seed2,0.94711,-0.000774,0.946335
C:\My_Project\AIGC\AIGuard\unseen\fake_458.jpg,aiguard_unseen,0.1,blur,random_seed3,0.94665,-0.000314,0.946335
C:\My_Project\AIGC\AIGuard\unseen\fake_458.jpg,aiguard_unseen,0.1,blur,random_seed4,0.938035,0.0083,0.946335
C:\My_Project\AIGC\AIGuard\unseen\fake_458.jpg,aiguard_unseen,0.1,blur,hot,0.940575,0.00576,0.946335
C:\My_Project\AIGC\AIGuard\unseen\fake_458.jpg,aiguard_unseen,0.1,blur,bottom,0.945593,0.000742,0.946335
C:\My_Project\AIGC\AIGuard\unseen\fake_458.jpg,aiguard_unseen,0.1,blur,random_mean,0.941057,0.005278,0.946335
C:\My_Project\AIGC\AIGuard\unseen\fake_458.jpg,aiguard_unseen,0.1,constant_fill_CONFOUNDED,hot,0.937743,0.008592,0.946335
C:\My_Project\AIGC\AIGuard\unseen\fake_458.jpg,aiguard_unseen,0.1,constant_fill_CONFOUNDED,bottom,0.933064,0.013271,0.946335
C:\My_Project\AIGC\AIGuard\unseen\fake_458.jpg,aiguard_unseen,0.1,constant_fill_CONFOUNDED,random_scattered,0.839703,0.106633,0.946335
C:\My_Project\AIGC\AIGuard\unseen\fake_458.jpg,aiguard_unseen,0.2,blur,random_seed0,0.618102,0.328233,0.946335
C:\My_Project\AIGC\AIGuard\unseen\fake_458.jpg,aiguard_unseen,0.2,blur,random_seed1,0.868768,0.077568,0.946335
C:\My_Project\AIGC\AIGuard\unseen\fake_458.jpg,aiguard_unseen,0.2,blur,random_seed2,0.777323,0.169012,0.946335
C:\My_Project\AIGC\AIGuard\unseen\fake_458.jpg,aiguard_unseen,0.2,blur,random_seed3,0.93679,0.009545,0.946335
C:\My_Project\AIGC\AIGuard\unseen\fake_458.jpg,aiguard_unseen,0.2,blur,random_seed4,0.676899,0.269436,0.946335
C:\My_Project\AIGC\AIGuard\unseen\fake_458.jpg,aiguard_unseen,0.2,blur,hot,0.772981,0.173354,0.946335
C:\My_Project\AIGC\AIGuard\unseen\fake_458.jpg,aiguard_unseen,0.2,blur,bottom,0.942429,0.003906,0.946335
C:\My_Project\AIGC\AIGuard\unseen\fake_458.jpg,aiguard_unseen,0.2,blur,random_mean,0.775577,0.170759,0.946335
C:\My_Project\AIGC\AIGuard\unseen\fake_458.jpg,aiguard_unseen,0.2,constant_fill_CONFOUNDED,hot,0.545335,0.401,0.946335
C:\My_Project\AIGC\AIGuard\unseen\fake_458.jpg,aiguard_unseen,0.2,constant_fill_CONFOUNDED,bottom,0.923836,0.022499,0.946335
C:\My_Project\AIGC\AIGuard\unseen\fake_458.jpg,aiguard_unseen,0.2,constant_fill_CONFOUNDED,random_scattered,0.921962,0.024373,0.946335
C:\My_Project\AIGC\AIGuard\unseen\fake_465.jpg,aiguard_unseen,0.05,blur,random_seed0,0.932393,-0.00301,0.929384
C:\My_Project\AIGC\AIGuard\unseen\fake_465.jpg,aiguard_unseen,0.05,blur,random_seed1,0.925199,0.004184,0.929384
C:\My_Project\AIGC\AIGuard\unseen\fake_465.jpg,aiguard_unseen,0.05,blur,random_seed2,0.928816,0.000568,0.929384
C:\My_Project\AIGC\AIGuard\unseen\fake_465.jpg,aiguard_unseen,0.05,blur,random_seed3,0.921942,0.007442,0.929384
C:\My_Project\AIGC\AIGuard\unseen\fake_465.jpg,aiguard_unseen,0.05,blur,random_seed4,0.930118,-0.000734,0.929384
C:\My_Project\AIGC\AIGuard\unseen\fake_465.jpg,aiguard_unseen,0.05,blur,hot,0.931789,-0.002406,0.929384
C:\My_Project\AIGC\AIGuard\unseen\fake_465.jpg,aiguard_unseen,0.05,blur,bottom,0.928673,0.00071,0.929384
C:\My_Project\AIGC\AIGuard\unseen\fake_465.jpg,aiguard_unseen,0.05,blur,random_mean,0.927694,0.00169,0.929384
C:\My_Project\AIGC\AIGuard\unseen\fake_465.jpg,aiguard_unseen,0.05,constant_fill_CONFOUNDED,hot,0.932665,-0.003281,0.929384
C:\My_Project\AIGC\AIGuard\unseen\fake_465.jpg,aiguard_unseen,0.05,constant_fill_CONFOUNDED,bottom,0.922639,0.006745,0.929384
C:\My_Project\AIGC\AIGuard\unseen\fake_465.jpg,aiguard_unseen,0.05,constant_fill_CONFOUNDED,random_scattered,0.853145,0.076238,0.929384
C:\My_Project\AIGC\AIGuard\unseen\fake_465.jpg,aiguard_unseen,0.1,blur,random_seed0,0.92997,-0.000587,0.929384
C:\My_Project\AIGC\AIGuard\unseen\fake_465.jpg,aiguard_unseen,0.1,blur,random_seed1,0.863694,0.065689,0.929384
C:\My_Project\AIGC\AIGuard\unseen\fake_465.jpg,aiguard_unseen,0.1,blur,random_seed2,0.837837,0.091547,0.929384
C:\My_Project\AIGC\AIGuard\unseen\fake_465.jpg,aiguard_unseen,0.1,blur,random_seed3,0.652052,0.277331,0.929384
C:\My_Project\AIGC\AIGuard\unseen\fake_465.jpg,aiguard_unseen,0.1,blur,random_seed4,0.92199,0.007394,0.929384
C:\My_Project\AIGC\AIGuard\unseen\fake_465.jpg,aiguard_unseen,0.1,blur,hot,0.574915,0.354469,0.929384
C:\My_Project\AIGC\AIGuard\unseen\fake_465.jpg,aiguard_unseen,0.1,blur,bottom,0.925569,0.003815,0.929384
C:\My_Project\AIGC\AIGuard\unseen\fake_465.jpg,aiguard_unseen,0.1,blur,random_mean,0.841109,0.088275,0.929384
C:\My_Project\AIGC\AIGuard\unseen\fake_465.jpg,aiguard_unseen,0.1,constant_fill_CONFOUNDED,hot,0.827057,0.102327,0.929384
C:\My_Project\AIGC\AIGuard\unseen\fake_465.jpg,aiguard_unseen,0.1,constant_fill_CONFOUNDED,bottom,0.904619,0.024765,0.929384
C:\My_Project\AIGC\AIGuard\unseen\fake_465.jpg,aiguard_unseen,0.1,constant_fill_CONFOUNDED,random_scattered,0.895541,0.033842,0.929384
C:\My_Project\AIGC\AIGuard\unseen\fake_465.jpg,aiguard_unseen,0.2,blur,random_seed0,0.155143,0.774241,0.929384
C:\My_Project\AIGC\AIGuard\unseen\fake_465.jpg,aiguard_unseen,0.2,blur,random_seed1,0.658686,0.270697,0.929384
C:\My_Project\AIGC\AIGuard\unseen\fake_465.jpg,aiguard_unseen,0.2,blur,random_seed2,0.934749,-0.005365,0.929384
C:\My_Project\AIGC\AIGuard\unseen\fake_465.jpg,aiguard_unseen,0.2,blur,random_seed3,0.93726,-0.007877,0.929384
C:\My_Project\AIGC\AIGuard\unseen\fake_465.jpg,aiguard_unseen,0.2,blur,random_seed4,0.89794,0.031444,0.929384
C:\My_Project\AIGC\AIGuard\unseen\fake_465.jpg,aiguard_unseen,0.2,blur,hot,0.407111,0.522272,0.929384
C:\My_Project\AIGC\AIGuard\unseen\fake_465.jpg,aiguard_unseen,0.2,blur,bottom,0.92762,0.001763,0.929384
C:\My_Project\AIGC\AIGuard\unseen\fake_465.jpg,aiguard_unseen,0.2,blur,random_mean,0.716756,0.212628,0.929384
C:\My_Project\AIGC\AIGuard\unseen\fake_465.jpg,aiguard_unseen,0.2,constant_fill_CONFOUNDED,hot,0.924269,0.005115,0.929384
C:\My_Project\AIGC\AIGuard\unseen\fake_465.jpg,aiguard_unseen,0.2,constant_fill_CONFOUNDED,bottom,0.90336,0.026024,0.929384
C:\My_Project\AIGC\AIGuard\unseen\fake_465.jpg,aiguard_unseen,0.2,constant_fill_CONFOUNDED,random_scattered,0.916489,0.012894,0.929384
C:\My_Project\AIGC\AIGuard\unseen\fake_472.jpg,aiguard_unseen,0.05,blur,random_seed0,0.593393,0.334101,0.927494
C:\My_Project\AIGC\AIGuard\unseen\fake_472.jpg,aiguard_unseen,0.05,blur,random_seed1,0.528178,0.399316,0.927494
C:\My_Project\AIGC\AIGuard\unseen\fake_472.jpg,aiguard_unseen,0.05,blur,random_seed2,0.895429,0.032064,0.927494
C:\My_Project\AIGC\AIGuard\unseen\fake_472.jpg,aiguard_unseen,0.05,blur,random_seed3,0.542478,0.385016,0.927494
C:\My_Project\AIGC\AIGuard\unseen\fake_472.jpg,aiguard_unseen,0.05,blur,random_seed4,0.899611,0.027883,0.927494
C:\My_Project\AIGC\AIGuard\unseen\fake_472.jpg,aiguard_unseen,0.05,blur,hot,0.137763,0.789731,0.927494
C:\My_Project\AIGC\AIGuard\unseen\fake_472.jpg,aiguard_unseen,0.05,blur,bottom,0.925537,0.001957,0.927494
C:\My_Project\AIGC\AIGuard\unseen\fake_472.jpg,aiguard_unseen,0.05,blur,random_mean,0.691818,0.235676,0.927494
C:\My_Project\AIGC\AIGuard\unseen\fake_472.jpg,aiguard_unseen,0.05,constant_fill_CONFOUNDED,hot,0.094894,0.8326,0.927494
C:\My_Project\AIGC\AIGuard\unseen\fake_472.jpg,aiguard_unseen,0.05,constant_fill_CONFOUNDED,bottom,0.90559,0.021904,0.927494
C:\My_Project\AIGC\AIGuard\unseen\fake_472.jpg,aiguard_unseen,0.05,constant_fill_CONFOUNDED,random_scattered,0.363893,0.563601,0.927494
C:\My_Project\AIGC\AIGuard\unseen\fake_472.jpg,aiguard_unseen,0.1,blur,random_seed0,0.369692,0.557802,0.927494
C:\My_Project\AIGC\AIGuard\unseen\fake_472.jpg,aiguard_unseen,0.1,blur,random_seed1,0.922767,0.004727,0.927494
C:\My_Project\AIGC\AIGuard\unseen\fake_472.jpg,aiguard_unseen,0.1,blur,random_seed2,0.118783,0.808711,0.927494
C:\My_Project\AIGC\AIGuard\unseen\fake_472.jpg,aiguard_unseen,0.1,blur,random_seed3,0.760122,0.167372,0.927494
C:\My_Project\AIGC\AIGuard\unseen\fake_472.jpg,aiguard_unseen,0.1,blur,random_seed4,0.803951,0.123543,0.927494
C:\My_Project\AIGC\AIGuard\unseen\fake_472.jpg,aiguard_unseen,0.1,blur,hot,0.275824,0.65167,0.927494
C:\My_Project\AIGC\AIGuard\unseen\fake_472.jpg,aiguard_unseen,0.1,blur,bottom,0.927149,0.000345,0.927494
C:\My_Project\AIGC\AIGuard\unseen\fake_472.jpg,aiguard_unseen,0.1,blur,random_mean,0.595063,0.332431,0.927494
C:\My_Project\AIGC\AIGuard\unseen\fake_472.jpg,aiguard_unseen,0.1,constant_fill_CONFOUNDED,hot,0.139107,0.788387,0.927494
C:\My_Project\AIGC\AIGuard\unseen\fake_472.jpg,aiguard_unseen,0.1,constant_fill_CONFOUNDED,bottom,0.848575,0.078919,0.927494
C:\My_Project\AIGC\AIGuard\unseen\fake_472.jpg,aiguard_unseen,0.1,constant_fill_CONFOUNDED,random_scattered,0.742291,0.185203,0.927494
C:\My_Project\AIGC\AIGuard\unseen\fake_472.jpg,aiguard_unseen,0.2,blur,random_seed0,0.909955,0.017539,0.927494
C:\My_Project\AIGC\AIGuard\unseen\fake_472.jpg,aiguard_unseen,0.2,blur,random_seed1,0.762914,0.16458,0.927494
C:\My_Project\AIGC\AIGuard\unseen\fake_472.jpg,aiguard_unseen,0.2,blur,random_seed2,0.916541,0.010953,0.927494
C:\My_Project\AIGC\AIGuard\unseen\fake_472.jpg,aiguard_unseen,0.2,blur,random_seed3,0.403224,0.52427,0.927494
C:\My_Project\AIGC\AIGuard\unseen\fake_472.jpg,aiguard_unseen,0.2,blur,random_seed4,0.154375,0.773119,0.927494
C:\My_Project\AIGC\AIGuard\unseen\fake_472.jpg,aiguard_unseen,0.2,blur,hot,0.334768,0.592726,0.927494
C:\My_Project\AIGC\AIGuard\unseen\fake_472.jpg,aiguard_unseen,0.2,blur,bottom,0.928194,-0.0007,0.927494
C:\My_Project\AIGC\AIGuard\unseen\fake_472.jpg,aiguard_unseen,0.2,blur,random_mean,0.629402,0.298092,0.927494
C:\My_Project\AIGC\AIGuard\unseen\fake_472.jpg,aiguard_unseen,0.2,constant_fill_CONFOUNDED,hot,0.245701,0.681793,0.927494
C:\My_Project\AIGC\AIGuard\unseen\fake_472.jpg,aiguard_unseen,0.2,constant_fill_CONFOUNDED,bottom,0.855748,0.071746,0.927494
C:\My_Project\AIGC\AIGuard\unseen\fake_472.jpg,aiguard_unseen,0.2,constant_fill_CONFOUNDED,random_scattered,0.842661,0.084833,0.927494
C:\My_Project\AIGC\AIGuard\unseen\fake_677.jpg,aiguard_unseen,0.05,blur,random_seed0,0.927073,-0.001251,0.925822
C:\My_Project\AIGC\AIGuard\unseen\fake_677.jpg,aiguard_unseen,0.05,blur,random_seed1,0.924478,0.001345,0.925822
C:\My_Project\AIGC\AIGuard\unseen\fake_677.jpg,aiguard_unseen,0.05,blur,random_seed2,0.91366,0.012162,0.925822
C:\My_Project\AIGC\AIGuard\unseen\fake_677.jpg,aiguard_unseen,0.05,blur,random_seed3,0.927241,-0.001419,0.925822
C:\My_Project\AIGC\AIGuard\unseen\fake_677.jpg,aiguard_unseen,0.05,blur,random_seed4,0.92902,-0.003198,0.925822
C:\My_Project\AIGC\AIGuard\unseen\fake_677.jpg,aiguard_unseen,0.05,blur,hot,0.913022,0.0128,0.925822
C:\My_Project\AIGC\AIGuard\unseen\fake_677.jpg,aiguard_unseen,0.05,blur,bottom,0.923791,0.002031,0.925822
C:\My_Project\AIGC\AIGuard\unseen\fake_677.jpg,aiguard_unseen,0.05,blur,random_mean,0.924295,0.001528,0.925822
C:\My_Project\AIGC\AIGuard\unseen\fake_677.jpg,aiguard_unseen,0.05,constant_fill_CONFOUNDED,hot,0.627085,0.298738,0.925822
C:\My_Project\AIGC\AIGuard\unseen\fake_677.jpg,aiguard_unseen,0.05,constant_fill_CONFOUNDED,bottom,0.917879,0.007943,0.925822
C:\My_Project\AIGC\AIGuard\unseen\fake_677.jpg,aiguard_unseen,0.05,constant_fill_CONFOUNDED,random_scattered,0.878739,0.047083,0.925822
C:\My_Project\AIGC\AIGuard\unseen\fake_677.jpg,aiguard_unseen,0.1,blur,random_seed0,0.933319,-0.007497,0.925822
C:\My_Project\AIGC\AIGuard\unseen\fake_677.jpg,aiguard_unseen,0.1,blur,random_seed1,0.912708,0.013115,0.925822
C:\My_Project\AIGC\AIGuard\unseen\fake_677.jpg,aiguard_unseen,0.1,blur,random_seed2,0.926941,-0.001119,0.925822
C:\My_Project\AIGC\AIGuard\unseen\fake_677.jpg,aiguard_unseen,0.1,blur,random_seed3,0.920655,0.005167,0.925822
C:\My_Project\AIGC\AIGuard\unseen\fake_677.jpg,aiguard_unseen,0.1,blur,random_seed4,0.930089,-0.004266,0.925822
C:\My_Project\AIGC\AIGuard\unseen\fake_677.jpg,aiguard_unseen,0.1,blur,hot,0.619442,0.306381,0.925822
C:\My_Project\AIGC\AIGuard\unseen\fake_677.jpg,aiguard_unseen,0.1,blur,bottom,0.923144,0.002678,0.925822
C:\My_Project\AIGC\AIGuard\unseen\fake_677.jpg,aiguard_unseen,0.1,blur,random_mean,0.924742,0.00108,0.925822
C:\My_Project\AIGC\AIGuard\unseen\fake_677.jpg,aiguard_unseen,0.1,constant_fill_CONFOUNDED,hot,0.101983,0.823839,0.925822
C:\My_Project\AIGC\AIGuard\unseen\fake_677.jpg,aiguard_unseen,0.1,constant_fill_CONFOUNDED,bottom,0.918362,0.00746,0.925822
C:\My_Project\AIGC\AIGuard\unseen\fake_677.jpg,aiguard_unseen,0.1,constant_fill_CONFOUNDED,random_scattered,0.8678,0.058022,0.925822
C:\My_Project\AIGC\AIGuard\unseen\fake_677.jpg,aiguard_unseen,0.2,blur,random_seed0,0.682532,0.24329,0.925822
C:\My_Project\AIGC\AIGuard\unseen\fake_677.jpg,aiguard_unseen,0.2,blur,random_seed1,0.250914,0.674908,0.925822
C:\My_Project\AIGC\AIGuard\unseen\fake_677.jpg,aiguard_unseen,0.2,blur,random_seed2,0.346359,0.579464,0.925822
C:\My_Project\AIGC\AIGuard\unseen\fake_677.jpg,aiguard_unseen,0.2,blur,random_seed3,0.262573,0.663249,0.925822
C:\My_Project\AIGC\AIGuard\unseen\fake_677.jpg,aiguard_unseen,0.2,blur,random_seed4,0.885893,0.039929,0.925822
C:\My_Project\AIGC\AIGuard\unseen\fake_677.jpg,aiguard_unseen,0.2,blur,hot,0.546637,0.379185,0.925822
C:\My_Project\AIGC\AIGuard\unseen\fake_677.jpg,aiguard_unseen,0.2,blur,bottom,0.919386,0.006437,0.925822
C:\My_Project\AIGC\AIGuard\unseen\fake_677.jpg,aiguard_unseen,0.2,blur,random_mean,0.485654,0.440168,0.925822
C:\My_Project\AIGC\AIGuard\unseen\fake_677.jpg,aiguard_unseen,0.2,constant_fill_CONFOUNDED,hot,0.567052,0.35877,0.925822
C:\My_Project\AIGC\AIGuard\unseen\fake_677.jpg,aiguard_unseen,0.2,constant_fill_CONFOUNDED,bottom,0.926605,-0.000782,0.925822
C:\My_Project\AIGC\AIGuard\unseen\fake_677.jpg,aiguard_unseen,0.2,constant_fill_CONFOUNDED,random_scattered,0.840155,0.085667,0.925822
C:\My_Project\AIGC\AIGuard\unseen\fake_679.jpg,aiguard_unseen,0.05,blur,random_seed0,0.936363,0.003215,0.939579
C:\My_Project\AIGC\AIGuard\unseen\fake_679.jpg,aiguard_unseen,0.05,blur,random_seed1,0.936245,0.003333,0.939579
C:\My_Project\AIGC\AIGuard\unseen\fake_679.jpg,aiguard_unseen,0.05,blur,random_seed2,0.940127,-0.000549,0.939579
C:\My_Project\AIGC\AIGuard\unseen\fake_679.jpg,aiguard_unseen,0.05,blur,random_seed3,0.931164,0.008414,0.939579
C:\My_Project\AIGC\AIGuard\unseen\fake_679.jpg,aiguard_unseen,0.05,blur,random_seed4,0.935912,0.003667,0.939579
C:\My_Project\AIGC\AIGuard\unseen\fake_679.jpg,aiguard_unseen,0.05,blur,hot,0.937013,0.002565,0.939579
C:\My_Project\AIGC\AIGuard\unseen\fake_679.jpg,aiguard_unseen,0.05,blur,bottom,0.938202,0.001377,0.939579
C:\My_Project\AIGC\AIGuard\unseen\fake_679.jpg,aiguard_unseen,0.05,blur,random_mean,0.935962,0.003616,0.939579
C:\My_Project\AIGC\AIGuard\unseen\fake_679.jpg,aiguard_unseen,0.05,constant_fill_CONFOUNDED,hot,0.935313,0.004266,0.939579
C:\My_Project\AIGC\AIGuard\unseen\fake_679.jpg,aiguard_unseen,0.05,constant_fill_CONFOUNDED,bottom,0.929518,0.01006,0.939579
C:\My_Project\AIGC\AIGuard\unseen\fake_679.jpg,aiguard_unseen,0.05,constant_fill_CONFOUNDED,random_scattered,0.914347,0.025232,0.939579
C:\My_Project\AIGC\AIGuard\unseen\fake_679.jpg,aiguard_unseen,0.1,blur,random_seed0,0.916331,0.023247,0.939579
C:\My_Project\AIGC\AIGuard\unseen\fake_679.jpg,aiguard_unseen,0.1,blur,random_seed1,0.933969,0.00561,0.939579
C:\My_Project\AIGC\AIGuard\unseen\fake_679.jpg,aiguard_unseen,0.1,blur,random_seed2,0.937412,0.002166,0.939579
C:\My_Project\AIGC\AIGuard\unseen\fake_679.jpg,aiguard_unseen,0.1,blur,random_seed3,0.934711,0.004868,0.939579
C:\My_Project\AIGC\AIGuard\unseen\fake_679.jpg,aiguard_unseen,0.1,blur,random_seed4,0.932604,0.006974,0.939579
C:\My_Project\AIGC\AIGuard\unseen\fake_679.jpg,aiguard_unseen,0.1,blur,hot,0.908942,0.030636,0.939579
C:\My_Project\AIGC\AIGuard\unseen\fake_679.jpg,aiguard_unseen,0.1,blur,bottom,0.937563,0.002016,0.939579
C:\My_Project\AIGC\AIGuard\unseen\fake_679.jpg,aiguard_unseen,0.1,blur,random_mean,0.931006,0.008573,0.939579
C:\My_Project\AIGC\AIGuard\unseen\fake_679.jpg,aiguard_unseen,0.1,constant_fill_CONFOUNDED,hot,0.936768,0.002811,0.939579
C:\My_Project\AIGC\AIGuard\unseen\fake_679.jpg,aiguard_unseen,0.1,constant_fill_CONFOUNDED,bottom,0.93046,0.009118,0.939579
C:\My_Project\AIGC\AIGuard\unseen\fake_679.jpg,aiguard_unseen,0.1,constant_fill_CONFOUNDED,random_scattered,0.921889,0.017689,0.939579
C:\My_Project\AIGC\AIGuard\unseen\fake_679.jpg,aiguard_unseen,0.2,blur,random_seed0,0.909901,0.029678,0.939579
C:\My_Project\AIGC\AIGuard\unseen\fake_679.jpg,aiguard_unseen,0.2,blur,random_seed1,0.93166,0.007918,0.939579
C:\My_Project\AIGC\AIGuard\unseen\fake_679.jpg,aiguard_unseen,0.2,blur,random_seed2,0.939952,-0.000373,0.939579
C:\My_Project\AIGC\AIGuard\unseen\fake_679.jpg,aiguard_unseen,0.2,blur,random_seed3,0.81429,0.125288,0.939579
C:\My_Project\AIGC\AIGuard\unseen\fake_679.jpg,aiguard_unseen,0.2,blur,random_seed4,0.806792,0.132787,0.939579
C:\My_Project\AIGC\AIGuard\unseen\fake_679.jpg,aiguard_unseen,0.2,blur,hot,0.783231,0.156347,0.939579
C:\My_Project\AIGC\AIGuard\unseen\fake_679.jpg,aiguard_unseen,0.2,blur,bottom,0.937069,0.002509,0.939579
C:\My_Project\AIGC\AIGuard\unseen\fake_679.jpg,aiguard_unseen,0.2,blur,random_mean,0.880519,0.05906,0.939579
C:\My_Project\AIGC\AIGuard\unseen\fake_679.jpg,aiguard_unseen,0.2,constant_fill_CONFOUNDED,hot,0.725129,0.21445,0.939579
C:\My_Project\AIGC\AIGuard\unseen\fake_679.jpg,aiguard_unseen,0.2,constant_fill_CONFOUNDED,bottom,0.914863,0.024716,0.939579
C:\My_Project\AIGC\AIGuard\unseen\fake_679.jpg,aiguard_unseen,0.2,constant_fill_CONFOUNDED,random_scattered,0.923227,0.016352,0.939579
C:\My_Project\AIGC\AIGuard\unseen\fake_680.jpg,aiguard_unseen,0.05,blur,random_seed0,0.909087,0.011875,0.920962
C:\My_Project\AIGC\AIGuard\unseen\fake_680.jpg,aiguard_unseen,0.05,blur,random_seed1,0.925793,-0.004831,0.920962
C:\My_Project\AIGC\AIGuard\unseen\fake_680.jpg,aiguard_unseen,0.05,blur,random_seed2,0.917973,0.002989,0.920962
C:\My_Project\AIGC\AIGuard\unseen\fake_680.jpg,aiguard_unseen,0.05,blur,random_seed3,0.915303,0.005658,0.920962
C:\My_Project\AIGC\AIGuard\unseen\fake_680.jpg,aiguard_unseen,0.05,blur,random_seed4,0.91965,0.001311,0.920962
C:\My_Project\AIGC\AIGuard\unseen\fake_680.jpg,aiguard_unseen,0.05,blur,hot,0.769391,0.151571,0.920962
C:\My_Project\AIGC\AIGuard\unseen\fake_680.jpg,aiguard_unseen,0.05,blur,bottom,0.918937,0.002025,0.920962
C:\My_Project\AIGC\AIGuard\unseen\fake_680.jpg,aiguard_unseen,0.05,blur,random_mean,0.917561,0.0034,0.920962
C:\My_Project\AIGC\AIGuard\unseen\fake_680.jpg,aiguard_unseen,0.05,constant_fill_CONFOUNDED,hot,0.665977,0.254984,0.920962
C:\My_Project\AIGC\AIGuard\unseen\fake_680.jpg,aiguard_unseen,0.05,constant_fill_CONFOUNDED,bottom,0.917376,0.003585,0.920962
C:\My_Project\AIGC\AIGuard\unseen\fake_680.jpg,aiguard_unseen,0.05,constant_fill_CONFOUNDED,random_scattered,0.323235,0.597727,0.920962
C:\My_Project\AIGC\AIGuard\unseen\fake_680.jpg,aiguard_unseen,0.1,blur,random_seed0,0.779041,0.14192,0.920962
C:\My_Project\AIGC\AIGuard\unseen\fake_680.jpg,aiguard_unseen,0.1,blur,random_seed1,0.564106,0.356855,0.920962
C:\My_Project\AIGC\AIGuard\unseen\fake_680.jpg,aiguard_unseen,0.1,blur,random_seed2,0.919898,0.001063,0.920962
C:\My_Project\AIGC\AIGuard\unseen\fake_680.jpg,aiguard_unseen,0.1,blur,random_seed3,0.865051,0.055911,0.920962
C:\My_Project\AIGC\AIGuard\unseen\fake_680.jpg,aiguard_unseen,0.1,blur,random_seed4,0.840568,0.080393,0.920962
C:\My_Project\AIGC\AIGuard\unseen\fake_680.jpg,aiguard_unseen,0.1,blur,hot,0.439359,0.481603,0.920962
C:\My_Project\AIGC\AIGuard\unseen\fake_680.jpg,aiguard_unseen,0.1,blur,bottom,0.918509,0.002453,0.920962
C:\My_Project\AIGC\AIGuard\unseen\fake_680.jpg,aiguard_unseen,0.1,blur,random_mean,0.793733,0.127229,0.920962
C:\My_Project\AIGC\AIGuard\unseen\fake_680.jpg,aiguard_unseen,0.1,constant_fill_CONFOUNDED,hot,0.391505,0.529457,0.920962
C:\My_Project\AIGC\AIGuard\unseen\fake_680.jpg,aiguard_unseen,0.1,constant_fill_CONFOUNDED,bottom,0.906734,0.014227,0.920962
C:\My_Project\AIGC\AIGuard\unseen\fake_680.jpg,aiguard_unseen,0.1,constant_fill_CONFOUNDED,random_scattered,0.887936,0.033025,0.920962
C:\My_Project\AIGC\AIGuard\unseen\fake_680.jpg,aiguard_unseen,0.2,blur,random_seed0,0.526225,0.394737,0.920962
C:\My_Project\AIGC\AIGuard\unseen\fake_680.jpg,aiguard_unseen,0.2,blur,random_seed1,0.841017,0.079944,0.920962
C:\My_Project\AIGC\AIGuard\unseen\fake_680.jpg,aiguard_unseen,0.2,blur,random_seed2,0.367591,0.55337,0.920962
C:\My_Project\AIGC\AIGuard\unseen\fake_680.jpg,aiguard_unseen,0.2,blur,random_seed3,0.825078,0.095884,0.920962
C:\My_Project\AIGC\AIGuard\unseen\fake_680.jpg,aiguard_unseen,0.2,blur,random_seed4,0.695436,0.225525,0.920962
C:\My_Project\AIGC\AIGuard\unseen\fake_680.jpg,aiguard_unseen,0.2,blur,hot,0.280179,0.640783,0.920962
C:\My_Project\AIGC\AIGuard\unseen\fake_680.jpg,aiguard_unseen,0.2,blur,bottom,0.913669,0.007292,0.920962
C:\My_Project\AIGC\AIGuard\unseen\fake_680.jpg,aiguard_unseen,0.2,blur,random_mean,0.651069,0.269892,0.920962
C:\My_Project\AIGC\AIGuard\unseen\fake_680.jpg,aiguard_unseen,0.2,constant_fill_CONFOUNDED,hot,0.899801,0.02116,0.920962
C:\My_Project\AIGC\AIGuard\unseen\fake_680.jpg,aiguard_unseen,0.2,constant_fill_CONFOUNDED,bottom,0.904632,0.016329,0.920962
C:\My_Project\AIGC\AIGuard\unseen\fake_680.jpg,aiguard_unseen,0.2,constant_fill_CONFOUNDED,random_scattered,0.875207,0.045754,0.920962
C:\My_Project\AIGC\AIGuard\unseen\fake_687.jpg,aiguard_unseen,0.05,blur,random_seed0,0.922717,-0.000724,0.921994
C:\My_Project\AIGC\AIGuard\unseen\fake_687.jpg,aiguard_unseen,0.05,blur,random_seed1,0.915146,0.006847,0.921994
C:\My_Project\AIGC\AIGuard\unseen\fake_687.jpg,aiguard_unseen,0.05,blur,random_seed2,0.923403,-0.00141,0.921994
C:\My_Project\AIGC\AIGuard\unseen\fake_687.jpg,aiguard_unseen,0.05,blur,random_seed3,0.919767,0.002227,0.921994
C:\My_Project\AIGC\AIGuard\unseen\fake_687.jpg,aiguard_unseen,0.05,blur,random_seed4,0.916887,0.005106,0.921994
C:\My_Project\AIGC\AIGuard\unseen\fake_687.jpg,aiguard_unseen,0.05,blur,hot,0.92896,-0.006966,0.921994
C:\My_Project\AIGC\AIGuard\unseen\fake_687.jpg,aiguard_unseen,0.05,blur,bottom,0.919691,0.002303,0.921994
C:\My_Project\AIGC\AIGuard\unseen\fake_687.jpg,aiguard_unseen,0.05,blur,random_mean,0.919584,0.002409,0.921994
C:\My_Project\AIGC\AIGuard\unseen\fake_687.jpg,aiguard_unseen,0.05,constant_fill_CONFOUNDED,hot,0.858289,0.063705,0.921994
C:\My_Project\AIGC\AIGuard\unseen\fake_687.jpg,aiguard_unseen,0.05,constant_fill_CONFOUNDED,bottom,0.913289,0.008705,0.921994
C:\My_Project\AIGC\AIGuard\unseen\fake_687.jpg,aiguard_unseen,0.05,constant_fill_CONFOUNDED,random_scattered,0.67869,0.243303,0.921994
C:\My_Project\AIGC\AIGuard\unseen\fake_687.jpg,aiguard_unseen,0.1,blur,random_seed0,0.888948,0.033046,0.921994
C:\My_Project\AIGC\AIGuard\unseen\fake_687.jpg,aiguard_unseen,0.1,blur,random_seed1,0.925428,-0.003435,0.921994
C:\My_Project\AIGC\AIGuard\unseen\fake_687.jpg,aiguard_unseen,0.1,blur,random_seed2,0.914595,0.007398,0.921994
C:\My_Project\AIGC\AIGuard\unseen\fake_687.jpg,aiguard_unseen,0.1,blur,random_seed3,0.912842,0.009152,0.921994
C:\My_Project\AIGC\AIGuard\unseen\fake_687.jpg,aiguard_unseen,0.1,blur,random_seed4,0.924981,-0.002987,0.921994
C:\My_Project\AIGC\AIGuard\unseen\fake_687.jpg,aiguard_unseen,0.1,blur,hot,0.398605,0.523388,0.921994
C:\My_Project\AIGC\AIGuard\unseen\fake_687.jpg,aiguard_unseen,0.1,blur,bottom,0.916282,0.005712,0.921994
C:\My_Project\AIGC\AIGuard\unseen\fake_687.jpg,aiguard_unseen,0.1,blur,random_mean,0.913359,0.008635,0.921994
C:\My_Project\AIGC\AIGuard\unseen\fake_687.jpg,aiguard_unseen,0.1,constant_fill_CONFOUNDED,hot,0.134044,0.787949,0.921994
C:\My_Project\AIGC\AIGuard\unseen\fake_687.jpg,aiguard_unseen,0.1,constant_fill_CONFOUNDED,bottom,0.914798,0.007196,0.921994
C:\My_Project\AIGC\AIGuard\unseen\fake_687.jpg,aiguard_unseen,0.1,constant_fill_CONFOUNDED,random_scattered,0.742177,0.179816,0.921994
C:\My_Project\AIGC\AIGuard\unseen\fake_687.jpg,aiguard_unseen,0.2,blur,random_seed0,0.921895,9.8e-05,0.921994
C:\My_Project\AIGC\AIGuard\unseen\fake_687.jpg,aiguard_unseen,0.2,blur,random_seed1,0.644893,0.2771,0.921994
C:\My_Project\AIGC\AIGuard\unseen\fake_687.jpg,aiguard_unseen,0.2,blur,random_seed2,0.655502,0.266491,0.921994
C:\My_Project\AIGC\AIGuard\unseen\fake_687.jpg,aiguard_unseen,0.2,blur,random_seed3,0.565846,0.356148,0.921994
C:\My_Project\AIGC\AIGuard\unseen\fake_687.jpg,aiguard_unseen,0.2,blur,random_seed4,0.484686,0.437308,0.921994
C:\My_Project\AIGC\AIGuard\unseen\fake_687.jpg,aiguard_unseen,0.2,blur,hot,0.371332,0.550662,0.921994
C:\My_Project\AIGC\AIGuard\unseen\fake_687.jpg,aiguard_unseen,0.2,blur,bottom,0.914428,0.007565,0.921994
C:\My_Project\AIGC\AIGuard\unseen\fake_687.jpg,aiguard_unseen,0.2,blur,random_mean,0.654564,0.267429,0.921994
C:\My_Project\AIGC\AIGuard\unseen\fake_687.jpg,aiguard_unseen,0.2,constant_fill_CONFOUNDED,hot,0.186139,0.735855,0.921994
C:\My_Project\AIGC\AIGuard\unseen\fake_687.jpg,aiguard_unseen,0.2,constant_fill_CONFOUNDED,bottom,0.907676,0.014318,0.921994
C:\My_Project\AIGC\AIGuard\unseen\fake_687.jpg,aiguard_unseen,0.2,constant_fill_CONFOUNDED,random_scattered,0.816996,0.104998,0.921994
C:\My_Project\AIGC\stylegan2_test\fake\0YYEKMF3GY.jpg,stylegan2_ood,0.05,blur,random_seed0,0.925095,0.006054,0.931149
C:\My_Project\AIGC\stylegan2_test\fake\0YYEKMF3GY.jpg,stylegan2_ood,0.05,blur,random_seed1,0.932062,-0.000913,0.931149
C:\My_Project\AIGC\stylegan2_test\fake\0YYEKMF3GY.jpg,stylegan2_ood,0.05,blur,random_seed2,0.930048,0.001101,0.931149
C:\My_Project\AIGC\stylegan2_test\fake\0YYEKMF3GY.jpg,stylegan2_ood,0.05,blur,random_seed3,0.934225,-0.003076,0.931149
C:\My_Project\AIGC\stylegan2_test\fake\0YYEKMF3GY.jpg,stylegan2_ood,0.05,blur,random_seed4,0.93158,-0.000431,0.931149
C:\My_Project\AIGC\stylegan2_test\fake\0YYEKMF3GY.jpg,stylegan2_ood,0.05,blur,hot,0.923178,0.007971,0.931149
C:\My_Project\AIGC\stylegan2_test\fake\0YYEKMF3GY.jpg,stylegan2_ood,0.05,blur,bottom,0.930916,0.000233,0.931149
C:\My_Project\AIGC\stylegan2_test\fake\0YYEKMF3GY.jpg,stylegan2_ood,0.05,blur,random_mean,0.930602,0.000547,0.931149
C:\My_Project\AIGC\stylegan2_test\fake\0YYEKMF3GY.jpg,stylegan2_ood,0.05,constant_fill_CONFOUNDED,hot,0.933725,-0.002576,0.931149
C:\My_Project\AIGC\stylegan2_test\fake\0YYEKMF3GY.jpg,stylegan2_ood,0.05,constant_fill_CONFOUNDED,bottom,0.92193,0.009219,0.931149
C:\My_Project\AIGC\stylegan2_test\fake\0YYEKMF3GY.jpg,stylegan2_ood,0.05,constant_fill_CONFOUNDED,random_scattered,0.340435,0.590714,0.931149
C:\My_Project\AIGC\stylegan2_test\fake\0YYEKMF3GY.jpg,stylegan2_ood,0.1,blur,random_seed0,0.932419,-0.00127,0.931149
C:\My_Project\AIGC\stylegan2_test\fake\0YYEKMF3GY.jpg,stylegan2_ood,0.1,blur,random_seed1,0.912489,0.01866,0.931149
C:\My_Project\AIGC\stylegan2_test\fake\0YYEKMF3GY.jpg,stylegan2_ood,0.1,blur,random_seed2,0.928628,0.002521,0.931149
C:\My_Project\AIGC\stylegan2_test\fake\0YYEKMF3GY.jpg,stylegan2_ood,0.1,blur,random_seed3,0.91896,0.012189,0.931149
C:\My_Project\AIGC\stylegan2_test\fake\0YYEKMF3GY.jpg,stylegan2_ood,0.1,blur,random_seed4,0.917048,0.014101,0.931149
C:\My_Project\AIGC\stylegan2_test\fake\0YYEKMF3GY.jpg,stylegan2_ood,0.1,blur,hot,0.851116,0.080033,0.931149
C:\My_Project\AIGC\stylegan2_test\fake\0YYEKMF3GY.jpg,stylegan2_ood,0.1,blur,bottom,0.930659,0.00049,0.931149
C:\My_Project\AIGC\stylegan2_test\fake\0YYEKMF3GY.jpg,stylegan2_ood,0.1,blur,random_mean,0.921909,0.00924,0.931149
C:\My_Project\AIGC\stylegan2_test\fake\0YYEKMF3GY.jpg,stylegan2_ood,0.1,constant_fill_CONFOUNDED,hot,0.819705,0.111444,0.931149
C:\My_Project\AIGC\stylegan2_test\fake\0YYEKMF3GY.jpg,stylegan2_ood,0.1,constant_fill_CONFOUNDED,bottom,0.91082,0.020329,0.931149
C:\My_Project\AIGC\stylegan2_test\fake\0YYEKMF3GY.jpg,stylegan2_ood,0.1,constant_fill_CONFOUNDED,random_scattered,0.859455,0.071694,0.931149
C:\My_Project\AIGC\stylegan2_test\fake\0YYEKMF3GY.jpg,stylegan2_ood,0.2,blur,random_seed0,0.845156,0.085993,0.931149
C:\My_Project\AIGC\stylegan2_test\fake\0YYEKMF3GY.jpg,stylegan2_ood,0.2,blur,random_seed1,0.786133,0.145016,0.931149
C:\My_Project\AIGC\stylegan2_test\fake\0YYEKMF3GY.jpg,stylegan2_ood,0.2,blur,random_seed2,0.912409,0.01874,0.931149
C:\My_Project\AIGC\stylegan2_test\fake\0YYEKMF3GY.jpg,stylegan2_ood,0.2,blur,random_seed3,0.898574,0.032575,0.931149
C:\My_Project\AIGC\stylegan2_test\fake\0YYEKMF3GY.jpg,stylegan2_ood,0.2,blur,random_seed4,0.831468,0.099681,0.931149
C:\My_Project\AIGC\stylegan2_test\fake\0YYEKMF3GY.jpg,stylegan2_ood,0.2,blur,hot,0.726239,0.20491,0.931149
C:\My_Project\AIGC\stylegan2_test\fake\0YYEKMF3GY.jpg,stylegan2_ood,0.2,blur,bottom,0.932744,-0.001595,0.931149
C:\My_Project\AIGC\stylegan2_test\fake\0YYEKMF3GY.jpg,stylegan2_ood,0.2,blur,random_mean,0.854748,0.076401,0.931149
C:\My_Project\AIGC\stylegan2_test\fake\0YYEKMF3GY.jpg,stylegan2_ood,0.2,constant_fill_CONFOUNDED,hot,0.359683,0.571467,0.931149
C:\My_Project\AIGC\stylegan2_test\fake\0YYEKMF3GY.jpg,stylegan2_ood,0.2,constant_fill_CONFOUNDED,bottom,0.906911,0.024238,0.931149
C:\My_Project\AIGC\stylegan2_test\fake\0YYEKMF3GY.jpg,stylegan2_ood,0.2,constant_fill_CONFOUNDED,random_scattered,0.873808,0.057341,0.931149
C:\My_Project\AIGC\stylegan2_test\fake\30PIZ1A6JA.jpg,stylegan2_ood,0.05,blur,random_seed0,0.912356,-0.001286,0.911071
C:\My_Project\AIGC\stylegan2_test\fake\30PIZ1A6JA.jpg,stylegan2_ood,0.05,blur,random_seed1,0.910739,0.000332,0.911071
C:\My_Project\AIGC\stylegan2_test\fake\30PIZ1A6JA.jpg,stylegan2_ood,0.05,blur,random_seed2,0.916098,-0.005027,0.911071
C:\My_Project\AIGC\stylegan2_test\fake\30PIZ1A6JA.jpg,stylegan2_ood,0.05,blur,random_seed3,0.916408,-0.005338,0.911071
C:\My_Project\AIGC\stylegan2_test\fake\30PIZ1A6JA.jpg,stylegan2_ood,0.05,blur,random_seed4,0.9169,-0.005829,0.911071
C:\My_Project\AIGC\stylegan2_test\fake\30PIZ1A6JA.jpg,stylegan2_ood,0.05,blur,hot,0.900703,0.010368,0.911071
C:\My_Project\AIGC\stylegan2_test\fake\30PIZ1A6JA.jpg,stylegan2_ood,0.05,blur,bottom,0.908259,0.002811,0.911071
C:\My_Project\AIGC\stylegan2_test\fake\30PIZ1A6JA.jpg,stylegan2_ood,0.05,blur,random_mean,0.9145,-0.00343,0.911071
C:\My_Project\AIGC\stylegan2_test\fake\30PIZ1A6JA.jpg,stylegan2_ood,0.05,constant_fill_CONFOUNDED,hot,0.916954,-0.005883,0.911071
C:\My_Project\AIGC\stylegan2_test\fake\30PIZ1A6JA.jpg,stylegan2_ood,0.05,constant_fill_CONFOUNDED,bottom,0.905161,0.00591,0.911071
C:\My_Project\AIGC\stylegan2_test\fake\30PIZ1A6JA.jpg,stylegan2_ood,0.05,constant_fill_CONFOUNDED,random_scattered,0.791527,0.119544,0.911071
C:\My_Project\AIGC\stylegan2_test\fake\30PIZ1A6JA.jpg,stylegan2_ood,0.1,blur,random_seed0,0.842952,0.068119,0.911071
C:\My_Project\AIGC\stylegan2_test\fake\30PIZ1A6JA.jpg,stylegan2_ood,0.1,blur,random_seed1,0.926871,-0.015801,0.911071
C:\My_Project\AIGC\stylegan2_test\fake\30PIZ1A6JA.jpg,stylegan2_ood,0.1,blur,random_seed2,0.920744,-0.009674,0.911071
C:\My_Project\AIGC\stylegan2_test\fake\30PIZ1A6JA.jpg,stylegan2_ood,0.1,blur,random_seed3,0.922429,-0.011359,0.911071
C:\My_Project\AIGC\stylegan2_test\fake\30PIZ1A6JA.jpg,stylegan2_ood,0.1,blur,random_seed4,0.91713,-0.006059,0.911071
C:\My_Project\AIGC\stylegan2_test\fake\30PIZ1A6JA.jpg,stylegan2_ood,0.1,blur,hot,0.809867,0.101204,0.911071
C:\My_Project\AIGC\stylegan2_test\fake\30PIZ1A6JA.jpg,stylegan2_ood,0.1,blur,bottom,0.90745,0.00362,0.911071
C:\My_Project\AIGC\stylegan2_test\fake\30PIZ1A6JA.jpg,stylegan2_ood,0.1,blur,random_mean,0.906025,0.005045,0.911071
C:\My_Project\AIGC\stylegan2_test\fake\30PIZ1A6JA.jpg,stylegan2_ood,0.1,constant_fill_CONFOUNDED,hot,0.152433,0.758638,0.911071
C:\My_Project\AIGC\stylegan2_test\fake\30PIZ1A6JA.jpg,stylegan2_ood,0.1,constant_fill_CONFOUNDED,bottom,0.904155,0.006915,0.911071
C:\My_Project\AIGC\stylegan2_test\fake\30PIZ1A6JA.jpg,stylegan2_ood,0.1,constant_fill_CONFOUNDED,random_scattered,0.92035,-0.00928,0.911071
C:\My_Project\AIGC\stylegan2_test\fake\30PIZ1A6JA.jpg,stylegan2_ood,0.2,blur,random_seed0,0.695048,0.216022,0.911071
C:\My_Project\AIGC\stylegan2_test\fake\30PIZ1A6JA.jpg,stylegan2_ood,0.2,blur,random_seed1,0.91888,-0.007809,0.911071
C:\My_Project\AIGC\stylegan2_test\fake\30PIZ1A6JA.jpg,stylegan2_ood,0.2,blur,random_seed2,0.933337,-0.022266,0.911071
C:\My_Project\AIGC\stylegan2_test\fake\30PIZ1A6JA.jpg,stylegan2_ood,0.2,blur,random_seed3,0.925739,-0.014669,0.911071
C:\My_Project\AIGC\stylegan2_test\fake\30PIZ1A6JA.jpg,stylegan2_ood,0.2,blur,random_seed4,0.924863,-0.013793,0.911071
C:\My_Project\AIGC\stylegan2_test\fake\30PIZ1A6JA.jpg,stylegan2_ood,0.2,blur,hot,0.639302,0.271769,0.911071
C:\My_Project\AIGC\stylegan2_test\fake\30PIZ1A6JA.jpg,stylegan2_ood,0.2,blur,bottom,0.914475,-0.003405,0.911071
C:\My_Project\AIGC\stylegan2_test\fake\30PIZ1A6JA.jpg,stylegan2_ood,0.2,blur,random_mean,0.879573,0.031497,0.911071
C:\My_Project\AIGC\stylegan2_test\fake\30PIZ1A6JA.jpg,stylegan2_ood,0.2,constant_fill_CONFOUNDED,hot,0.162734,0.748336,0.911071
C:\My_Project\AIGC\stylegan2_test\fake\30PIZ1A6JA.jpg,stylegan2_ood,0.2,constant_fill_CONFOUNDED,bottom,0.903425,0.007645,0.911071
C:\My_Project\AIGC\stylegan2_test\fake\30PIZ1A6JA.jpg,stylegan2_ood,0.2,constant_fill_CONFOUNDED,random_scattered,0.913819,-0.002749,0.911071
C:\My_Project\AIGC\stylegan2_test\fake\30YAI4JQ1J.jpg,stylegan2_ood,0.05,blur,random_seed0,0.938699,-0.002073,0.936626
C:\My_Project\AIGC\stylegan2_test\fake\30YAI4JQ1J.jpg,stylegan2_ood,0.05,blur,random_seed1,0.928922,0.007704,0.936626
C:\My_Project\AIGC\stylegan2_test\fake\30YAI4JQ1J.jpg,stylegan2_ood,0.05,blur,random_seed2,0.931452,0.005175,0.936626
C:\My_Project\AIGC\stylegan2_test\fake\30YAI4JQ1J.jpg,stylegan2_ood,0.05,blur,random_seed3,0.929518,0.007109,0.936626
C:\My_Project\AIGC\stylegan2_test\fake\30YAI4JQ1J.jpg,stylegan2_ood,0.05,blur,random_seed4,0.930769,0.005857,0.936626
C:\My_Project\AIGC\stylegan2_test\fake\30YAI4JQ1J.jpg,stylegan2_ood,0.05,blur,hot,0.936667,-4e-05,0.936626
C:\My_Project\AIGC\stylegan2_test\fake\30YAI4JQ1J.jpg,stylegan2_ood,0.05,blur,bottom,0.938228,-0.001602,0.936626
C:\My_Project\AIGC\stylegan2_test\fake\30YAI4JQ1J.jpg,stylegan2_ood,0.05,blur,random_mean,0.931872,0.004754,0.936626
C:\My_Project\AIGC\stylegan2_test\fake\30YAI4JQ1J.jpg,stylegan2_ood,0.05,constant_fill_CONFOUNDED,hot,0.93647,0.000156,0.936626
C:\My_Project\AIGC\stylegan2_test\fake\30YAI4JQ1J.jpg,stylegan2_ood,0.05,constant_fill_CONFOUNDED,bottom,0.926845,0.009781,0.936626
C:\My_Project\AIGC\stylegan2_test\fake\30YAI4JQ1J.jpg,stylegan2_ood,0.05,constant_fill_CONFOUNDED,random_scattered,0.313254,0.623372,0.936626
C:\My_Project\AIGC\stylegan2_test\fake\30YAI4JQ1J.jpg,stylegan2_ood,0.1,blur,random_seed0,0.937299,-0.000673,0.936626
C:\My_Project\AIGC\stylegan2_test\fake\30YAI4JQ1J.jpg,stylegan2_ood,0.1,blur,random_seed1,0.910538,0.026089,0.936626
C:\My_Project\AIGC\stylegan2_test\fake\30YAI4JQ1J.jpg,stylegan2_ood,0.1,blur,random_seed2,0.927609,0.009018,0.936626
C:\My_Project\AIGC\stylegan2_test\fake\30YAI4JQ1J.jpg,stylegan2_ood,0.1,blur,random_seed3,0.909675,0.026951,0.936626
C:\My_Project\AIGC\stylegan2_test\fake\30YAI4JQ1J.jpg,stylegan2_ood,0.1,blur,random_seed4,0.936897,-0.00027,0.936626
C:\My_Project\AIGC\stylegan2_test\fake\30YAI4JQ1J.jpg,stylegan2_ood,0.1,blur,hot,0.891416,0.045211,0.936626
C:\My_Project\AIGC\stylegan2_test\fake\30YAI4JQ1J.jpg,stylegan2_ood,0.1,blur,bottom,0.934561,0.002066,0.936626
C:\My_Project\AIGC\stylegan2_test\fake\30YAI4JQ1J.jpg,stylegan2_ood,0.1,blur,random_mean,0.924404,0.012223,0.936626
C:\My_Project\AIGC\stylegan2_test\fake\30YAI4JQ1J.jpg,stylegan2_ood,0.1,constant_fill_CONFOUNDED,hot,0.907884,0.028743,0.936626
C:\My_Project\AIGC\stylegan2_test\fake\30YAI4JQ1J.jpg,stylegan2_ood,0.1,constant_fill_CONFOUNDED,bottom,0.916991,0.019635,0.936626
C:\My_Project\AIGC\stylegan2_test\fake\30YAI4JQ1J.jpg,stylegan2_ood,0.1,constant_fill_CONFOUNDED,random_scattered,0.787941,0.148686,0.936626
C:\My_Project\AIGC\stylegan2_test\fake\30YAI4JQ1J.jpg,stylegan2_ood,0.2,blur,random_seed0,0.928445,0.008181,0.936626
C:\My_Project\AIGC\stylegan2_test\fake\30YAI4JQ1J.jpg,stylegan2_ood,0.2,blur,random_seed1,0.82865,0.107976,0.936626
C:\My_Project\AIGC\stylegan2_test\fake\30YAI4JQ1J.jpg,stylegan2_ood,0.2,blur,random_seed2,0.813839,0.122787,0.936626
C:\My_Project\AIGC\stylegan2_test\fake\30YAI4JQ1J.jpg,stylegan2_ood,0.2,blur,random_seed3,0.803052,0.133574,0.936626
C:\My_Project\AIGC\stylegan2_test\fake\30YAI4JQ1J.jpg,stylegan2_ood,0.2,blur,random_seed4,0.801281,0.135346,0.936626
C:\My_Project\AIGC\stylegan2_test\fake\30YAI4JQ1J.jpg,stylegan2_ood,0.2,blur,hot,0.770085,0.166542,0.936626
C:\My_Project\AIGC\stylegan2_test\fake\30YAI4JQ1J.jpg,stylegan2_ood,0.2,blur,bottom,0.928329,0.008298,0.936626
C:\My_Project\AIGC\stylegan2_test\fake\30YAI4JQ1J.jpg,stylegan2_ood,0.2,blur,random_mean,0.835053,0.101573,0.936626
C:\My_Project\AIGC\stylegan2_test\fake\30YAI4JQ1J.jpg,stylegan2_ood,0.2,constant_fill_CONFOUNDED,hot,0.577624,0.359002,0.936626
C:\My_Project\AIGC\stylegan2_test\fake\30YAI4JQ1J.jpg,stylegan2_ood,0.2,constant_fill_CONFOUNDED,bottom,0.909122,0.027504,0.936626
C:\My_Project\AIGC\stylegan2_test\fake\30YAI4JQ1J.jpg,stylegan2_ood,0.2,constant_fill_CONFOUNDED,random_scattered,0.863904,0.072722,0.936626
C:\My_Project\AIGC\stylegan2_test\fake\3OCXA03C1S.jpg,stylegan2_ood,0.05,blur,random_seed0,0.840917,0.06433,0.905247
C:\My_Project\AIGC\stylegan2_test\fake\3OCXA03C1S.jpg,stylegan2_ood,0.05,blur,random_seed1,0.868761,0.036485,0.905247
C:\My_Project\AIGC\stylegan2_test\fake\3OCXA03C1S.jpg,stylegan2_ood,0.05,blur,random_seed2,0.871013,0.034234,0.905247
C:\My_Project\AIGC\stylegan2_test\fake\3OCXA03C1S.jpg,stylegan2_ood,0.05,blur,random_seed3,0.908013,-0.002767,0.905247
C:\My_Project\AIGC\stylegan2_test\fake\3OCXA03C1S.jpg,stylegan2_ood,0.05,blur,random_seed4,0.899125,0.006122,0.905247
C:\My_Project\AIGC\stylegan2_test\fake\3OCXA03C1S.jpg,stylegan2_ood,0.05,blur,hot,0.910963,-0.005717,0.905247
C:\My_Project\AIGC\stylegan2_test\fake\3OCXA03C1S.jpg,stylegan2_ood,0.05,blur,bottom,0.905658,-0.000412,0.905247
C:\My_Project\AIGC\stylegan2_test\fake\3OCXA03C1S.jpg,stylegan2_ood,0.05,blur,random_mean,0.877566,0.027681,0.905247
C:\My_Project\AIGC\stylegan2_test\fake\3OCXA03C1S.jpg,stylegan2_ood,0.05,constant_fill_CONFOUNDED,hot,0.330786,0.574461,0.905247
C:\My_Project\AIGC\stylegan2_test\fake\3OCXA03C1S.jpg,stylegan2_ood,0.05,constant_fill_CONFOUNDED,bottom,0.888735,0.016512,0.905247
C:\My_Project\AIGC\stylegan2_test\fake\3OCXA03C1S.jpg,stylegan2_ood,0.05,constant_fill_CONFOUNDED,random_scattered,0.855961,0.049286,0.905247
C:\My_Project\AIGC\stylegan2_test\fake\3OCXA03C1S.jpg,stylegan2_ood,0.1,blur,random_seed0,0.786556,0.11869,0.905247
C:\My_Project\AIGC\stylegan2_test\fake\3OCXA03C1S.jpg,stylegan2_ood,0.1,blur,random_seed1,0.902838,0.002409,0.905247
C:\My_Project\AIGC\stylegan2_test\fake\3OCXA03C1S.jpg,stylegan2_ood,0.1,blur,random_seed2,0.896098,0.009149,0.905247
C:\My_Project\AIGC\stylegan2_test\fake\3OCXA03C1S.jpg,stylegan2_ood,0.1,blur,random_seed3,0.701622,0.203624,0.905247
C:\My_Project\AIGC\stylegan2_test\fake\3OCXA03C1S.jpg,stylegan2_ood,0.1,blur,random_seed4,0.524468,0.380778,0.905247
C:\My_Project\AIGC\stylegan2_test\fake\3OCXA03C1S.jpg,stylegan2_ood,0.1,blur,hot,0.184689,0.720557,0.905247
C:\My_Project\AIGC\stylegan2_test\fake\3OCXA03C1S.jpg,stylegan2_ood,0.1,blur,bottom,0.910531,-0.005285,0.905247
C:\My_Project\AIGC\stylegan2_test\fake\3OCXA03C1S.jpg,stylegan2_ood,0.1,blur,random_mean,0.762317,0.14293,0.905247
C:\My_Project\AIGC\stylegan2_test\fake\3OCXA03C1S.jpg,stylegan2_ood,0.1,constant_fill_CONFOUNDED,hot,0.125065,0.780182,0.905247
C:\My_Project\AIGC\stylegan2_test\fake\3OCXA03C1S.jpg,stylegan2_ood,0.1,constant_fill_CONFOUNDED,bottom,0.893369,0.011877,0.905247
C:\My_Project\AIGC\stylegan2_test\fake\3OCXA03C1S.jpg,stylegan2_ood,0.1,constant_fill_CONFOUNDED,random_scattered,0.920299,-0.015052,0.905247
C:\My_Project\AIGC\stylegan2_test\fake\3OCXA03C1S.jpg,stylegan2_ood,0.2,blur,random_seed0,0.48632,0.418927,0.905247
C:\My_Project\AIGC\stylegan2_test\fake\3OCXA03C1S.jpg,stylegan2_ood,0.2,blur,random_seed1,0.861927,0.043319,0.905247
C:\My_Project\AIGC\stylegan2_test\fake\3OCXA03C1S.jpg,stylegan2_ood,0.2,blur,random_seed2,0.221042,0.684205,0.905247
C:\My_Project\AIGC\stylegan2_test\fake\3OCXA03C1S.jpg,stylegan2_ood,0.2,blur,random_seed3,0.062805,0.842442,0.905247
C:\My_Project\AIGC\stylegan2_test\fake\3OCXA03C1S.jpg,stylegan2_ood,0.2,blur,random_seed4,0.502554,0.402692,0.905247
C:\My_Project\AIGC\stylegan2_test\fake\3OCXA03C1S.jpg,stylegan2_ood,0.2,blur,hot,0.198636,0.70661,0.905247
C:\My_Project\AIGC\stylegan2_test\fake\3OCXA03C1S.jpg,stylegan2_ood,0.2,blur,bottom,0.917587,-0.01234,0.905247
C:\My_Project\AIGC\stylegan2_test\fake\3OCXA03C1S.jpg,stylegan2_ood,0.2,blur,random_mean,0.42693,0.478317,0.905247
C:\My_Project\AIGC\stylegan2_test\fake\3OCXA03C1S.jpg,stylegan2_ood,0.2,constant_fill_CONFOUNDED,hot,0.101808,0.803438,0.905247
C:\My_Project\AIGC\stylegan2_test\fake\3OCXA03C1S.jpg,stylegan2_ood,0.2,constant_fill_CONFOUNDED,bottom,0.903467,0.001779,0.905247
C:\My_Project\AIGC\stylegan2_test\fake\3OCXA03C1S.jpg,stylegan2_ood,0.2,constant_fill_CONFOUNDED,random_scattered,0.924933,-0.019687,0.905247
C:\My_Project\AIGC\stylegan2_test\fake\3YWOYM1KIG.jpg,stylegan2_ood,0.05,blur,random_seed0,0.903203,0.010831,0.914035
C:\My_Project\AIGC\stylegan2_test\fake\3YWOYM1KIG.jpg,stylegan2_ood,0.05,blur,random_seed1,0.912347,0.001688,0.914035
C:\My_Project\AIGC\stylegan2_test\fake\3YWOYM1KIG.jpg,stylegan2_ood,0.05,blur,random_seed2,0.914197,-0.000163,0.914035
C:\My_Project\AIGC\stylegan2_test\fake\3YWOYM1KIG.jpg,stylegan2_ood,0.05,blur,random_seed3,0.780365,0.133669,0.914035
C:\My_Project\AIGC\stylegan2_test\fake\3YWOYM1KIG.jpg,stylegan2_ood,0.05,blur,random_seed4,0.908959,0.005076,0.914035
C:\My_Project\AIGC\stylegan2_test\fake\3YWOYM1KIG.jpg,stylegan2_ood,0.05,blur,hot,0.900279,0.013756,0.914035
C:\My_Project\AIGC\stylegan2_test\fake\3YWOYM1KIG.jpg,stylegan2_ood,0.05,blur,bottom,0.910036,0.003998,0.914035
C:\My_Project\AIGC\stylegan2_test\fake\3YWOYM1KIG.jpg,stylegan2_ood,0.05,blur,random_mean,0.883814,0.03022,0.914035
C:\My_Project\AIGC\stylegan2_test\fake\3YWOYM1KIG.jpg,stylegan2_ood,0.05,constant_fill_CONFOUNDED,hot,0.894859,0.019175,0.914035
C:\My_Project\AIGC\stylegan2_test\fake\3YWOYM1KIG.jpg,stylegan2_ood,0.05,constant_fill_CONFOUNDED,bottom,0.906879,0.007155,0.914035
C:\My_Project\AIGC\stylegan2_test\fake\3YWOYM1KIG.jpg,stylegan2_ood,0.05,constant_fill_CONFOUNDED,random_scattered,0.932117,-0.018083,0.914035
C:\My_Project\AIGC\stylegan2_test\fake\3YWOYM1KIG.jpg,stylegan2_ood,0.1,blur,random_seed0,0.848449,0.065586,0.914035
C:\My_Project\AIGC\stylegan2_test\fake\3YWOYM1KIG.jpg,stylegan2_ood,0.1,blur,random_seed1,0.917198,-0.003163,0.914035
C:\My_Project\AIGC\stylegan2_test\fake\3YWOYM1KIG.jpg,stylegan2_ood,0.1,blur,random_seed2,0.926544,-0.012509,0.914035
C:\My_Project\AIGC\stylegan2_test\fake\3YWOYM1KIG.jpg,stylegan2_ood,0.1,blur,random_seed3,0.925165,-0.01113,0.914035
C:\My_Project\AIGC\stylegan2_test\fake\3YWOYM1KIG.jpg,stylegan2_ood,0.1,blur,random_seed4,0.925465,-0.011431,0.914035
C:\My_Project\AIGC\stylegan2_test\fake\3YWOYM1KIG.jpg,stylegan2_ood,0.1,blur,hot,0.520451,0.393584,0.914035
C:\My_Project\AIGC\stylegan2_test\fake\3YWOYM1KIG.jpg,stylegan2_ood,0.1,blur,bottom,0.911163,0.002872,0.914035
C:\My_Project\AIGC\stylegan2_test\fake\3YWOYM1KIG.jpg,stylegan2_ood,0.1,blur,random_mean,0.908564,0.005471,0.914035
C:\My_Project\AIGC\stylegan2_test\fake\3YWOYM1KIG.jpg,stylegan2_ood,0.1,constant_fill_CONFOUNDED,hot,0.23791,0.676125,0.914035
C:\My_Project\AIGC\stylegan2_test\fake\3YWOYM1KIG.jpg,stylegan2_ood,0.1,constant_fill_CONFOUNDED,bottom,0.901383,0.012652,0.914035
C:\My_Project\AIGC\stylegan2_test\fake\3YWOYM1KIG.jpg,stylegan2_ood,0.1,constant_fill_CONFOUNDED,random_scattered,0.917366,-0.003331,0.914035
C:\My_Project\AIGC\stylegan2_test\fake\3YWOYM1KIG.jpg,stylegan2_ood,0.2,blur,random_seed0,0.706812,0.207222,0.914035
C:\My_Project\AIGC\stylegan2_test\fake\3YWOYM1KIG.jpg,stylegan2_ood,0.2,blur,random_seed1,0.527544,0.386491,0.914035
C:\My_Project\AIGC\stylegan2_test\fake\3YWOYM1KIG.jpg,stylegan2_ood,0.2,blur,random_seed2,0.805286,0.108748,0.914035
C:\My_Project\AIGC\stylegan2_test\fake\3YWOYM1KIG.jpg,stylegan2_ood,0.2,blur,random_seed3,0.792215,0.12182,0.914035
C:\My_Project\AIGC\stylegan2_test\fake\3YWOYM1KIG.jpg,stylegan2_ood,0.2,blur,random_seed4,0.632025,0.282009,0.914035
C:\My_Project\AIGC\stylegan2_test\fake\3YWOYM1KIG.jpg,stylegan2_ood,0.2,blur,hot,0.535984,0.378051,0.914035
C:\My_Project\AIGC\stylegan2_test\fake\3YWOYM1KIG.jpg,stylegan2_ood,0.2,blur,bottom,0.908642,0.005393,0.914035
C:\My_Project\AIGC\stylegan2_test\fake\3YWOYM1KIG.jpg,stylegan2_ood,0.2,blur,random_mean,0.692777,0.221258,0.914035
C:\My_Project\AIGC\stylegan2_test\fake\3YWOYM1KIG.jpg,stylegan2_ood,0.2,constant_fill_CONFOUNDED,hot,0.132157,0.781878,0.914035
C:\My_Project\AIGC\stylegan2_test\fake\3YWOYM1KIG.jpg,stylegan2_ood,0.2,constant_fill_CONFOUNDED,bottom,0.887109,0.026926,0.914035
C:\My_Project\AIGC\stylegan2_test\fake\3YWOYM1KIG.jpg,stylegan2_ood,0.2,constant_fill_CONFOUNDED,random_scattered,0.923266,-0.009232,0.914035
C:\My_Project\AIGC\stylegan2_test\fake\5SI1CK8UC0.jpg,stylegan2_ood,0.05,blur,random_seed0,0.930197,-0.004665,0.925532
C:\My_Project\AIGC\stylegan2_test\fake\5SI1CK8UC0.jpg,stylegan2_ood,0.05,blur,random_seed1,0.920033,0.005499,0.925532
C:\My_Project\AIGC\stylegan2_test\fake\5SI1CK8UC0.jpg,stylegan2_ood,0.05,blur,random_seed2,0.928727,-0.003195,0.925532
C:\My_Project\AIGC\stylegan2_test\fake\5SI1CK8UC0.jpg,stylegan2_ood,0.05,blur,random_seed3,0.925716,-0.000184,0.925532
C:\My_Project\AIGC\stylegan2_test\fake\5SI1CK8UC0.jpg,stylegan2_ood,0.05,blur,random_seed4,0.93016,-0.004628,0.925532
C:\My_Project\AIGC\stylegan2_test\fake\5SI1CK8UC0.jpg,stylegan2_ood,0.05,blur,hot,0.934027,-0.008495,0.925532
C:\My_Project\AIGC\stylegan2_test\fake\5SI1CK8UC0.jpg,stylegan2_ood,0.05,blur,bottom,0.920442,0.00509,0.925532
C:\My_Project\AIGC\stylegan2_test\fake\5SI1CK8UC0.jpg,stylegan2_ood,0.05,blur,random_mean,0.926967,-0.001435,0.925532
C:\My_Project\AIGC\stylegan2_test\fake\5SI1CK8UC0.jpg,stylegan2_ood,0.05,constant_fill_CONFOUNDED,hot,0.942232,-0.0167,0.925532
C:\My_Project\AIGC\stylegan2_test\fake\5SI1CK8UC0.jpg,stylegan2_ood,0.05,constant_fill_CONFOUNDED,bottom,0.921985,0.003547,0.925532
C:\My_Project\AIGC\stylegan2_test\fake\5SI1CK8UC0.jpg,stylegan2_ood,0.05,constant_fill_CONFOUNDED,random_scattered,0.914397,0.011135,0.925532
C:\My_Project\AIGC\stylegan2_test\fake\5SI1CK8UC0.jpg,stylegan2_ood,0.1,blur,random_seed0,0.887746,0.037786,0.925532
C:\My_Project\AIGC\stylegan2_test\fake\5SI1CK8UC0.jpg,stylegan2_ood,0.1,blur,random_seed1,0.912241,0.013291,0.925532
C:\My_Project\AIGC\stylegan2_test\fake\5SI1CK8UC0.jpg,stylegan2_ood,0.1,blur,random_seed2,0.911329,0.014203,0.925532
C:\My_Project\AIGC\stylegan2_test\fake\5SI1CK8UC0.jpg,stylegan2_ood,0.1,blur,random_seed3,0.937578,-0.012046,0.925532
C:\My_Project\AIGC\stylegan2_test\fake\5SI1CK8UC0.jpg,stylegan2_ood,0.1,blur,random_seed4,0.909336,0.016196,0.925532
C:\My_Project\AIGC\stylegan2_test\fake\5SI1CK8UC0.jpg,stylegan2_ood,0.1,blur,hot,0.899218,0.026314,0.925532
C:\My_Project\AIGC\stylegan2_test\fake\5SI1CK8UC0.jpg,stylegan2_ood,0.1,blur,bottom,0.923797,0.001735,0.925532
C:\My_Project\AIGC\stylegan2_test\fake\5SI1CK8UC0.jpg,stylegan2_ood,0.1,blur,random_mean,0.911646,0.013886,0.925532
C:\My_Project\AIGC\stylegan2_test\fake\5SI1CK8UC0.jpg,stylegan2_ood,0.1,constant_fill_CONFOUNDED,hot,0.859068,0.066464,0.925532
C:\My_Project\AIGC\stylegan2_test\fake\5SI1CK8UC0.jpg,stylegan2_ood,0.1,constant_fill_CONFOUNDED,bottom,0.930868,-0.005336,0.925532
C:\My_Project\AIGC\stylegan2_test\fake\5SI1CK8UC0.jpg,stylegan2_ood,0.1,constant_fill_CONFOUNDED,random_scattered,0.911823,0.013709,0.925532
C:\My_Project\AIGC\stylegan2_test\fake\5SI1CK8UC0.jpg,stylegan2_ood,0.2,blur,random_seed0,0.925642,-0.00011,0.925532
C:\My_Project\AIGC\stylegan2_test\fake\5SI1CK8UC0.jpg,stylegan2_ood,0.2,blur,random_seed1,0.83094,0.094592,0.925532
C:\My_Project\AIGC\stylegan2_test\fake\5SI1CK8UC0.jpg,stylegan2_ood,0.2,blur,random_seed2,0.843483,0.082049,0.925532
C:\My_Project\AIGC\stylegan2_test\fake\5SI1CK8UC0.jpg,stylegan2_ood,0.2,blur,random_seed3,0.939818,-0.014286,0.925532
C:\My_Project\AIGC\stylegan2_test\fake\5SI1CK8UC0.jpg,stylegan2_ood,0.2,blur,random_seed4,0.92545,8.2e-05,0.925532
C:\My_Project\AIGC\stylegan2_test\fake\5SI1CK8UC0.jpg,stylegan2_ood,0.2,blur,hot,0.662272,0.26326,0.925532
C:\My_Project\AIGC\stylegan2_test\fake\5SI1CK8UC0.jpg,stylegan2_ood,0.2,blur,bottom,0.931034,-0.005502,0.925532
C:\My_Project\AIGC\stylegan2_test\fake\5SI1CK8UC0.jpg,stylegan2_ood,0.2,blur,random_mean,0.893067,0.032465,0.925532
C:\My_Project\AIGC\stylegan2_test\fake\5SI1CK8UC0.jpg,stylegan2_ood,0.2,constant_fill_CONFOUNDED,hot,0.243303,0.682229,0.925532
C:\My_Project\AIGC\stylegan2_test\fake\5SI1CK8UC0.jpg,stylegan2_ood,0.2,constant_fill_CONFOUNDED,bottom,0.916155,0.009377,0.925532
C:\My_Project\AIGC\stylegan2_test\fake\5SI1CK8UC0.jpg,stylegan2_ood,0.2,constant_fill_CONFOUNDED,random_scattered,0.923638,0.001894,0.925532
C:\My_Project\AIGC\stylegan2_test\fake\5W7U58MW2L.jpg,stylegan2_ood,0.05,blur,random_seed0,0.914167,0.008772,0.922939
C:\My_Project\AIGC\stylegan2_test\fake\5W7U58MW2L.jpg,stylegan2_ood,0.05,blur,random_seed1,0.919747,0.003192,0.922939
C:\My_Project\AIGC\stylegan2_test\fake\5W7U58MW2L.jpg,stylegan2_ood,0.05,blur,random_seed2,0.910683,0.012256,0.922939
C:\My_Project\AIGC\stylegan2_test\fake\5W7U58MW2L.jpg,stylegan2_ood,0.05,blur,random_seed3,0.91791,0.005029,0.922939
C:\My_Project\AIGC\stylegan2_test\fake\5W7U58MW2L.jpg,stylegan2_ood,0.05,blur,random_seed4,0.923075,-0.000137,0.922939
C:\My_Project\AIGC\stylegan2_test\fake\5W7U58MW2L.jpg,stylegan2_ood,0.05,blur,hot,0.919723,0.003215,0.922939
C:\My_Project\AIGC\stylegan2_test\fake\5W7U58MW2L.jpg,stylegan2_ood,0.05,blur,bottom,0.921405,0.001534,0.922939
C:\My_Project\AIGC\stylegan2_test\fake\5W7U58MW2L.jpg,stylegan2_ood,0.05,blur,random_mean,0.917116,0.005822,0.922939
C:\My_Project\AIGC\stylegan2_test\fake\5W7U58MW2L.jpg,stylegan2_ood,0.05,constant_fill_CONFOUNDED,hot,0.92687,-0.003931,0.922939
C:\My_Project\AIGC\stylegan2_test\fake\5W7U58MW2L.jpg,stylegan2_ood,0.05,constant_fill_CONFOUNDED,bottom,0.913886,0.009053,0.922939
C:\My_Project\AIGC\stylegan2_test\fake\5W7U58MW2L.jpg,stylegan2_ood,0.05,constant_fill_CONFOUNDED,random_scattered,0.236273,0.686666,0.922939
C:\My_Project\AIGC\stylegan2_test\fake\5W7U58MW2L.jpg,stylegan2_ood,0.1,blur,random_seed0,0.923568,-0.000629,0.922939
C:\My_Project\AIGC\stylegan2_test\fake\5W7U58MW2L.jpg,stylegan2_ood,0.1,blur,random_seed1,0.917242,0.005697,0.922939
C:\My_Project\AIGC\stylegan2_test\fake\5W7U58MW2L.jpg,stylegan2_ood,0.1,blur,random_seed2,0.919132,0.003807,0.922939
C:\My_Project\AIGC\stylegan2_test\fake\5W7U58MW2L.jpg,stylegan2_ood,0.1,blur,random_seed3,0.851989,0.070949,0.922939
C:\My_Project\AIGC\stylegan2_test\fake\5W7U58MW2L.jpg,stylegan2_ood,0.1,blur,random_seed4,0.923371,-0.000432,0.922939
C:\My_Project\AIGC\stylegan2_test\fake\5W7U58MW2L.jpg,stylegan2_ood,0.1,blur,hot,0.763061,0.159878,0.922939
C:\My_Project\AIGC\stylegan2_test\fake\5W7U58MW2L.jpg,stylegan2_ood,0.1,blur,bottom,0.920235,0.002703,0.922939
C:\My_Project\AIGC\stylegan2_test\fake\5W7U58MW2L.jpg,stylegan2_ood,0.1,blur,random_mean,0.90706,0.015878,0.922939
C:\My_Project\AIGC\stylegan2_test\fake\5W7U58MW2L.jpg,stylegan2_ood,0.1,constant_fill_CONFOUNDED,hot,0.637002,0.285937,0.922939
C:\My_Project\AIGC\stylegan2_test\fake\5W7U58MW2L.jpg,stylegan2_ood,0.1,constant_fill_CONFOUNDED,bottom,0.910988,0.011951,0.922939
C:\My_Project\AIGC\stylegan2_test\fake\5W7U58MW2L.jpg,stylegan2_ood,0.1,constant_fill_CONFOUNDED,random_scattered,0.601732,0.321206,0.922939
C:\My_Project\AIGC\stylegan2_test\fake\5W7U58MW2L.jpg,stylegan2_ood,0.2,blur,random_seed0,0.407364,0.515575,0.922939
C:\My_Project\AIGC\stylegan2_test\fake\5W7U58MW2L.jpg,stylegan2_ood,0.2,blur,random_seed1,0.921953,0.000986,0.922939
C:\My_Project\AIGC\stylegan2_test\fake\5W7U58MW2L.jpg,stylegan2_ood,0.2,blur,random_seed2,0.785946,0.136993,0.922939
C:\My_Project\AIGC\stylegan2_test\fake\5W7U58MW2L.jpg,stylegan2_ood,0.2,blur,random_seed3,0.862733,0.060206,0.922939
C:\My_Project\AIGC\stylegan2_test\fake\5W7U58MW2L.jpg,stylegan2_ood,0.2,blur,random_seed4,0.664882,0.258056,0.922939
C:\My_Project\AIGC\stylegan2_test\fake\5W7U58MW2L.jpg,stylegan2_ood,0.2,blur,hot,0.463124,0.459814,0.922939
C:\My_Project\AIGC\stylegan2_test\fake\5W7U58MW2L.jpg,stylegan2_ood,0.2,blur,bottom,0.915031,0.007908,0.922939
C:\My_Project\AIGC\stylegan2_test\fake\5W7U58MW2L.jpg,stylegan2_ood,0.2,blur,random_mean,0.728575,0.194363,0.922939
C:\My_Project\AIGC\stylegan2_test\fake\5W7U58MW2L.jpg,stylegan2_ood,0.2,constant_fill_CONFOUNDED,hot,0.238465,0.684473,0.922939
C:\My_Project\AIGC\stylegan2_test\fake\5W7U58MW2L.jpg,stylegan2_ood,0.2,constant_fill_CONFOUNDED,bottom,0.909507,0.013432,0.922939
C:\My_Project\AIGC\stylegan2_test\fake\5W7U58MW2L.jpg,stylegan2_ood,0.2,constant_fill_CONFOUNDED,random_scattered,0.793398,0.129541,0.922939
C:\My_Project\AIGC\stylegan2_test\fake\68ZWU9N0A4.jpg,stylegan2_ood,0.05,blur,random_seed0,0.931794,0.002254,0.934048
C:\My_Project\AIGC\stylegan2_test\fake\68ZWU9N0A4.jpg,stylegan2_ood,0.05,blur,random_seed1,0.934124,-7.6e-05,0.934048
C:\My_Project\AIGC\stylegan2_test\fake\68ZWU9N0A4.jpg,stylegan2_ood,0.05,blur,random_seed2,0.931628,0.00242,0.934048
C:\My_Project\AIGC\stylegan2_test\fake\68ZWU9N0A4.jpg,stylegan2_ood,0.05,blur,random_seed3,0.936006,-0.001958,0.934048
C:\My_Project\AIGC\stylegan2_test\fake\68ZWU9N0A4.jpg,stylegan2_ood,0.05,blur,random_seed4,0.929588,0.00446,0.934048
C:\My_Project\AIGC\stylegan2_test\fake\68ZWU9N0A4.jpg,stylegan2_ood,0.05,blur,hot,0.930357,0.003691,0.934048
C:\My_Project\AIGC\stylegan2_test\fake\68ZWU9N0A4.jpg,stylegan2_ood,0.05,blur,bottom,0.93398,6.8e-05,0.934048
C:\My_Project\AIGC\stylegan2_test\fake\68ZWU9N0A4.jpg,stylegan2_ood,0.05,blur,random_mean,0.932628,0.00142,0.934048
C:\My_Project\AIGC\stylegan2_test\fake\68ZWU9N0A4.jpg,stylegan2_ood,0.05,constant_fill_CONFOUNDED,hot,0.934193,-0.000145,0.934048
C:\My_Project\AIGC\stylegan2_test\fake\68ZWU9N0A4.jpg,stylegan2_ood,0.05,constant_fill_CONFOUNDED,bottom,0.921367,0.012681,0.934048
C:\My_Project\AIGC\stylegan2_test\fake\68ZWU9N0A4.jpg,stylegan2_ood,0.05,constant_fill_CONFOUNDED,random_scattered,0.750372,0.183676,0.934048
C:\My_Project\AIGC\stylegan2_test\fake\68ZWU9N0A4.jpg,stylegan2_ood,0.1,blur,random_seed0,0.938375,-0.004327,0.934048
C:\My_Project\AIGC\stylegan2_test\fake\68ZWU9N0A4.jpg,stylegan2_ood,0.1,blur,random_seed1,0.936071,-0.002023,0.934048
C:\My_Project\AIGC\stylegan2_test\fake\68ZWU9N0A4.jpg,stylegan2_ood,0.1,blur,random_seed2,0.9315,0.002548,0.934048
C:\My_Project\AIGC\stylegan2_test\fake\68ZWU9N0A4.jpg,stylegan2_ood,0.1,blur,random_seed3,0.931391,0.002657,0.934048
C:\My_Project\AIGC\stylegan2_test\fake\68ZWU9N0A4.jpg,stylegan2_ood,0.1,blur,random_seed4,0.930841,0.003206,0.934048
C:\My_Project\AIGC\stylegan2_test\fake\68ZWU9N0A4.jpg,stylegan2_ood,0.1,blur,hot,0.904626,0.029422,0.934048
C:\My_Project\AIGC\stylegan2_test\fake\68ZWU9N0A4.jpg,stylegan2_ood,0.1,blur,bottom,0.931068,0.00298,0.934048
C:\My_Project\AIGC\stylegan2_test\fake\68ZWU9N0A4.jpg,stylegan2_ood,0.1,blur,random_mean,0.933636,0.000412,0.934048
C:\My_Project\AIGC\stylegan2_test\fake\68ZWU9N0A4.jpg,stylegan2_ood,0.1,constant_fill_CONFOUNDED,hot,0.924327,0.009721,0.934048
C:\My_Project\AIGC\stylegan2_test\fake\68ZWU9N0A4.jpg,stylegan2_ood,0.1,constant_fill_CONFOUNDED,bottom,0.916932,0.017115,0.934048
C:\My_Project\AIGC\stylegan2_test\fake\68ZWU9N0A4.jpg,stylegan2_ood,0.1,constant_fill_CONFOUNDED,random_scattered,0.913861,0.020187,0.934048
C:\My_Project\AIGC\stylegan2_test\fake\68ZWU9N0A4.jpg,stylegan2_ood,0.2,blur,random_seed0,0.940369,-0.006321,0.934048
C:\My_Project\AIGC\stylegan2_test\fake\68ZWU9N0A4.jpg,stylegan2_ood,0.2,blur,random_seed1,0.757556,0.176491,0.934048
C:\My_Project\AIGC\stylegan2_test\fake\68ZWU9N0A4.jpg,stylegan2_ood,0.2,blur,random_seed2,0.935898,-0.001851,0.934048
C:\My_Project\AIGC\stylegan2_test\fake\68ZWU9N0A4.jpg,stylegan2_ood,0.2,blur,random_seed3,0.909413,0.024634,0.934048
C:\My_Project\AIGC\stylegan2_test\fake\68ZWU9N0A4.jpg,stylegan2_ood,0.2,blur,random_seed4,0.811936,0.122112,0.934048
C:\My_Project\AIGC\stylegan2_test\fake\68ZWU9N0A4.jpg,stylegan2_ood,0.2,blur,hot,0.784404,0.149643,0.934048
C:\My_Project\AIGC\stylegan2_test\fake\68ZWU9N0A4.jpg,stylegan2_ood,0.2,blur,bottom,0.931002,0.003046,0.934048
C:\My_Project\AIGC\stylegan2_test\fake\68ZWU9N0A4.jpg,stylegan2_ood,0.2,blur,random_mean,0.871035,0.063013,0.934048
C:\My_Project\AIGC\stylegan2_test\fake\68ZWU9N0A4.jpg,stylegan2_ood,0.2,constant_fill_CONFOUNDED,hot,0.83387,0.100177,0.934048
C:\My_Project\AIGC\stylegan2_test\fake\68ZWU9N0A4.jpg,stylegan2_ood,0.2,constant_fill_CONFOUNDED,bottom,0.91628,0.017768,0.934048
C:\My_Project\AIGC\stylegan2_test\fake\68ZWU9N0A4.jpg,stylegan2_ood,0.2,constant_fill_CONFOUNDED,random_scattered,0.919654,0.014394,0.934048
C:\My_Project\AIGC\stylegan2_test\fake\6LKRPM42GN.jpg,stylegan2_ood,0.05,blur,random_seed0,0.93595,0.001741,0.937691
C:\My_Project\AIGC\stylegan2_test\fake\6LKRPM42GN.jpg,stylegan2_ood,0.05,blur,random_seed1,0.930445,0.007247,0.937691
C:\My_Project\AIGC\stylegan2_test\fake\6LKRPM42GN.jpg,stylegan2_ood,0.05,blur,random_seed2,0.928282,0.009409,0.937691
C:\My_Project\AIGC\stylegan2_test\fake\6LKRPM42GN.jpg,stylegan2_ood,0.05,blur,random_seed3,0.933022,0.00467,0.937691
C:\My_Project\AIGC\stylegan2_test\fake\6LKRPM42GN.jpg,stylegan2_ood,0.05,blur,random_seed4,0.930382,0.007309,0.937691
C:\My_Project\AIGC\stylegan2_test\fake\6LKRPM42GN.jpg,stylegan2_ood,0.05,blur,hot,0.93389,0.003802,0.937691
C:\My_Project\AIGC\stylegan2_test\fake\6LKRPM42GN.jpg,stylegan2_ood,0.05,blur,bottom,0.935624,0.002068,0.937691
C:\My_Project\AIGC\stylegan2_test\fake\6LKRPM42GN.jpg,stylegan2_ood,0.05,blur,random_mean,0.931616,0.006075,0.937691
C:\My_Project\AIGC\stylegan2_test\fake\6LKRPM42GN.jpg,stylegan2_ood,0.05,constant_fill_CONFOUNDED,hot,0.93476,0.002931,0.937691
C:\My_Project\AIGC\stylegan2_test\fake\6LKRPM42GN.jpg,stylegan2_ood,0.05,constant_fill_CONFOUNDED,bottom,0.931652,0.00604,0.937691
C:\My_Project\AIGC\stylegan2_test\fake\6LKRPM42GN.jpg,stylegan2_ood,0.05,constant_fill_CONFOUNDED,random_scattered,0.833997,0.103695,0.937691
C:\My_Project\AIGC\stylegan2_test\fake\6LKRPM42GN.jpg,stylegan2_ood,0.1,blur,random_seed0,0.938192,-0.000501,0.937691
C:\My_Project\AIGC\stylegan2_test\fake\6LKRPM42GN.jpg,stylegan2_ood,0.1,blur,random_seed1,0.924257,0.013434,0.937691
C:\My_Project\AIGC\stylegan2_test\fake\6LKRPM42GN.jpg,stylegan2_ood,0.1,blur,random_seed2,0.938262,-0.000571,0.937691
C:\My_Project\AIGC\stylegan2_test\fake\6LKRPM42GN.jpg,stylegan2_ood,0.1,blur,random_seed3,0.929874,0.007818,0.937691
C:\My_Project\AIGC\stylegan2_test\fake\6LKRPM42GN.jpg,stylegan2_ood,0.1,blur,random_seed4,0.898216,0.039475,0.937691
C:\My_Project\AIGC\stylegan2_test\fake\6LKRPM42GN.jpg,stylegan2_ood,0.1,blur,hot,0.79552,0.142172,0.937691
C:\My_Project\AIGC\stylegan2_test\fake\6LKRPM42GN.jpg,stylegan2_ood,0.1,blur,bottom,0.933391,0.004301,0.937691
C:\My_Project\AIGC\stylegan2_test\fake\6LKRPM42GN.jpg,stylegan2_ood,0.1,blur,random_mean,0.92576,0.011931,0.937691
C:\My_Project\AIGC\stylegan2_test\fake\6LKRPM42GN.jpg,stylegan2_ood,0.1,constant_fill_CONFOUNDED,hot,0.898006,0.039685,0.937691
C:\My_Project\AIGC\stylegan2_test\fake\6LKRPM42GN.jpg,stylegan2_ood,0.1,constant_fill_CONFOUNDED,bottom,0.707982,0.229709,0.937691
C:\My_Project\AIGC\stylegan2_test\fake\6LKRPM42GN.jpg,stylegan2_ood,0.1,constant_fill_CONFOUNDED,random_scattered,0.935163,0.002529,0.937691
C:\My_Project\AIGC\stylegan2_test\fake\6LKRPM42GN.jpg,stylegan2_ood,0.2,blur,random_seed0,0.940243,-0.002551,0.937691
C:\My_Project\AIGC\stylegan2_test\fake\6LKRPM42GN.jpg,stylegan2_ood,0.2,blur,random_seed1,0.815765,0.121926,0.937691
C:\My_Project\AIGC\stylegan2_test\fake\6LKRPM42GN.jpg,stylegan2_ood,0.2,blur,random_seed2,0.907955,0.029736,0.937691
C:\My_Project\AIGC\stylegan2_test\fake\6LKRPM42GN.jpg,stylegan2_ood,0.2,blur,random_seed3,0.796654,0.141038,0.937691
C:\My_Project\AIGC\stylegan2_test\fake\6LKRPM42GN.jpg,stylegan2_ood,0.2,blur,random_seed4,0.827489,0.110202,0.937691
C:\My_Project\AIGC\stylegan2_test\fake\6LKRPM42GN.jpg,stylegan2_ood,0.2,blur,hot,0.758497,0.179194,0.937691
C:\My_Project\AIGC\stylegan2_test\fake\6LKRPM42GN.jpg,stylegan2_ood,0.2,blur,bottom,0.938943,-0.001252,0.937691
C:\My_Project\AIGC\stylegan2_test\fake\6LKRPM42GN.jpg,stylegan2_ood,0.2,blur,random_mean,0.857621,0.08007,0.937691
C:\My_Project\AIGC\stylegan2_test\fake\6LKRPM42GN.jpg,stylegan2_ood,0.2,constant_fill_CONFOUNDED,hot,0.473799,0.463893,0.937691
C:\My_Project\AIGC\stylegan2_test\fake\6LKRPM42GN.jpg,stylegan2_ood,0.2,constant_fill_CONFOUNDED,bottom,0.926769,0.010922,0.937691
C:\My_Project\AIGC\stylegan2_test\fake\6LKRPM42GN.jpg,stylegan2_ood,0.2,constant_fill_CONFOUNDED,random_scattered,0.938501,-0.00081,0.937691
C:\My_Project\AIGC\stylegan2_test\fake\6V7NTIPR9L.jpg,stylegan2_ood,0.05,blur,random_seed0,0.936367,-0.000271,0.936096
C:\My_Project\AIGC\stylegan2_test\fake\6V7NTIPR9L.jpg,stylegan2_ood,0.05,blur,random_seed1,0.929242,0.006854,0.936096
C:\My_Project\AIGC\stylegan2_test\fake\6V7NTIPR9L.jpg,stylegan2_ood,0.05,blur,random_seed2,0.932685,0.003411,0.936096
C:\My_Project\AIGC\stylegan2_test\fake\6V7NTIPR9L.jpg,stylegan2_ood,0.05,blur,random_seed3,0.930372,0.005724,0.936096
C:\My_Project\AIGC\stylegan2_test\fake\6V7NTIPR9L.jpg,stylegan2_ood,0.05,blur,random_seed4,0.937047,-0.000951,0.936096
C:\My_Project\AIGC\stylegan2_test\fake\6V7NTIPR9L.jpg,stylegan2_ood,0.05,blur,hot,0.931743,0.004353,0.936096
C:\My_Project\AIGC\stylegan2_test\fake\6V7NTIPR9L.jpg,stylegan2_ood,0.05,blur,bottom,0.933274,0.002822,0.936096
C:\My_Project\AIGC\stylegan2_test\fake\6V7NTIPR9L.jpg,stylegan2_ood,0.05,blur,random_mean,0.933143,0.002953,0.936096
C:\My_Project\AIGC\stylegan2_test\fake\6V7NTIPR9L.jpg,stylegan2_ood,0.05,constant_fill_CONFOUNDED,hot,0.918142,0.017954,0.936096
C:\My_Project\AIGC\stylegan2_test\fake\6V7NTIPR9L.jpg,stylegan2_ood,0.05,constant_fill_CONFOUNDED,bottom,0.934277,0.001819,0.936096
C:\My_Project\AIGC\stylegan2_test\fake\6V7NTIPR9L.jpg,stylegan2_ood,0.05,constant_fill_CONFOUNDED,random_scattered,0.605112,0.330984,0.936096
C:\My_Project\AIGC\stylegan2_test\fake\6V7NTIPR9L.jpg,stylegan2_ood,0.1,blur,random_seed0,0.940412,-0.004316,0.936096
C:\My_Project\AIGC\stylegan2_test\fake\6V7NTIPR9L.jpg,stylegan2_ood,0.1,blur,random_seed1,0.93306,0.003036,0.936096
C:\My_Project\AIGC\stylegan2_test\fake\6V7NTIPR9L.jpg,stylegan2_ood,0.1,blur,random_seed2,0.929424,0.006672,0.936096
C:\My_Project\AIGC\stylegan2_test\fake\6V7NTIPR9L.jpg,stylegan2_ood,0.1,blur,random_seed3,0.927467,0.008629,0.936096
C:\My_Project\AIGC\stylegan2_test\fake\6V7NTIPR9L.jpg,stylegan2_ood,0.1,blur,random_seed4,0.933495,0.002601,0.936096
C:\My_Project\AIGC\stylegan2_test\fake\6V7NTIPR9L.jpg,stylegan2_ood,0.1,blur,hot,0.871651,0.064445,0.936096
C:\My_Project\AIGC\stylegan2_test\fake\6V7NTIPR9L.jpg,stylegan2_ood,0.1,blur,bottom,0.931501,0.004595,0.936096
C:\My_Project\AIGC\stylegan2_test\fake\6V7NTIPR9L.jpg,stylegan2_ood,0.1,blur,random_mean,0.932772,0.003324,0.936096
C:\My_Project\AIGC\stylegan2_test\fake\6V7NTIPR9L.jpg,stylegan2_ood,0.1,constant_fill_CONFOUNDED,hot,0.531747,0.404349,0.936096
C:\My_Project\AIGC\stylegan2_test\fake\6V7NTIPR9L.jpg,stylegan2_ood,0.1,constant_fill_CONFOUNDED,bottom,0.921829,0.014267,0.936096
C:\My_Project\AIGC\stylegan2_test\fake\6V7NTIPR9L.jpg,stylegan2_ood,0.1,constant_fill_CONFOUNDED,random_scattered,0.794257,0.141839,0.936096
C:\My_Project\AIGC\stylegan2_test\fake\6V7NTIPR9L.jpg,stylegan2_ood,0.2,blur,random_seed0,0.936143,-4.7e-05,0.936096
C:\My_Project\AIGC\stylegan2_test\fake\6V7NTIPR9L.jpg,stylegan2_ood,0.2,blur,random_seed1,0.922654,0.013442,0.936096
C:\My_Project\AIGC\stylegan2_test\fake\6V7NTIPR9L.jpg,stylegan2_ood,0.2,blur,random_seed2,0.929367,0.006729,0.936096
C:\My_Project\AIGC\stylegan2_test\fake\6V7NTIPR9L.jpg,stylegan2_ood,0.2,blur,random_seed3,0.92052,0.015576,0.936096
C:\My_Project\AIGC\stylegan2_test\fake\6V7NTIPR9L.jpg,stylegan2_ood,0.2,blur,random_seed4,0.853115,0.082981,0.936096
C:\My_Project\AIGC\stylegan2_test\fake\6V7NTIPR9L.jpg,stylegan2_ood,0.2,blur,hot,0.716852,0.219244,0.936096
C:\My_Project\AIGC\stylegan2_test\fake\6V7NTIPR9L.jpg,stylegan2_ood,0.2,blur,bottom,0.932904,0.003192,0.936096
C:\My_Project\AIGC\stylegan2_test\fake\6V7NTIPR9L.jpg,stylegan2_ood,0.2,blur,random_mean,0.91236,0.023736,0.936096
C:\My_Project\AIGC\stylegan2_test\fake\6V7NTIPR9L.jpg,stylegan2_ood,0.2,constant_fill_CONFOUNDED,hot,0.170992,0.765104,0.936096
C:\My_Project\AIGC\stylegan2_test\fake\6V7NTIPR9L.jpg,stylegan2_ood,0.2,constant_fill_CONFOUNDED,bottom,0.918844,0.017252,0.936096
C:\My_Project\AIGC\stylegan2_test\fake\6V7NTIPR9L.jpg,stylegan2_ood,0.2,constant_fill_CONFOUNDED,random_scattered,0.922743,0.013353,0.936096
C:\My_Project\AIGC\stylegan2_test\fake\74WMVN57OA.jpg,stylegan2_ood,0.05,blur,random_seed0,0.908011,0.004819,0.91283
C:\My_Project\AIGC\stylegan2_test\fake\74WMVN57OA.jpg,stylegan2_ood,0.05,blur,random_seed1,0.907555,0.005275,0.91283
C:\My_Project\AIGC\stylegan2_test\fake\74WMVN57OA.jpg,stylegan2_ood,0.05,blur,random_seed2,0.900012,0.012818,0.91283
C:\My_Project\AIGC\stylegan2_test\fake\74WMVN57OA.jpg,stylegan2_ood,0.05,blur,random_seed3,0.921908,-0.009078,0.91283
C:\My_Project\AIGC\stylegan2_test\fake\74WMVN57OA.jpg,stylegan2_ood,0.05,blur,random_seed4,0.910973,0.001857,0.91283
C:\My_Project\AIGC\stylegan2_test\fake\74WMVN57OA.jpg,stylegan2_ood,0.05,blur,hot,0.929965,-0.017134,0.91283
C:\My_Project\AIGC\stylegan2_test\fake\74WMVN57OA.jpg,stylegan2_ood,0.05,blur,bottom,0.911224,0.001606,0.91283
C:\My_Project\AIGC\stylegan2_test\fake\74WMVN57OA.jpg,stylegan2_ood,0.05,blur,random_mean,0.909692,0.003138,0.91283
C:\My_Project\AIGC\stylegan2_test\fake\74WMVN57OA.jpg,stylegan2_ood,0.05,constant_fill_CONFOUNDED,hot,0.939603,-0.026773,0.91283
C:\My_Project\AIGC\stylegan2_test\fake\74WMVN57OA.jpg,stylegan2_ood,0.05,constant_fill_CONFOUNDED,bottom,0.881459,0.031371,0.91283
C:\My_Project\AIGC\stylegan2_test\fake\74WMVN57OA.jpg,stylegan2_ood,0.05,constant_fill_CONFOUNDED,random_scattered,0.700824,0.212007,0.91283
C:\My_Project\AIGC\stylegan2_test\fake\74WMVN57OA.jpg,stylegan2_ood,0.1,blur,random_seed0,0.87335,0.039481,0.91283
C:\My_Project\AIGC\stylegan2_test\fake\74WMVN57OA.jpg,stylegan2_ood,0.1,blur,random_seed1,0.830118,0.082712,0.91283
C:\My_Project\AIGC\stylegan2_test\fake\74WMVN57OA.jpg,stylegan2_ood,0.1,blur,random_seed2,0.916521,-0.003691,0.91283
C:\My_Project\AIGC\stylegan2_test\fake\74WMVN57OA.jpg,stylegan2_ood,0.1,blur,random_seed3,0.91242,0.000411,0.91283
C:\My_Project\AIGC\stylegan2_test\fake\74WMVN57OA.jpg,stylegan2_ood,0.1,blur,random_seed4,0.921523,-0.008692,0.91283
C:\My_Project\AIGC\stylegan2_test\fake\74WMVN57OA.jpg,stylegan2_ood,0.1,blur,hot,0.919933,-0.007103,0.91283
C:\My_Project\AIGC\stylegan2_test\fake\74WMVN57OA.jpg,stylegan2_ood,0.1,blur,bottom,0.906755,0.006075,0.91283
C:\My_Project\AIGC\stylegan2_test\fake\74WMVN57OA.jpg,stylegan2_ood,0.1,blur,random_mean,0.890786,0.022044,0.91283
C:\My_Project\AIGC\stylegan2_test\fake\74WMVN57OA.jpg,stylegan2_ood,0.1,constant_fill_CONFOUNDED,hot,0.658484,0.254346,0.91283
C:\My_Project\AIGC\stylegan2_test\fake\74WMVN57OA.jpg,stylegan2_ood,0.1,constant_fill_CONFOUNDED,bottom,0.915537,-0.002707,0.91283
C:\My_Project\AIGC\stylegan2_test\fake\74WMVN57OA.jpg,stylegan2_ood,0.1,constant_fill_CONFOUNDED,random_scattered,0.76587,0.146961,0.91283
C:\My_Project\AIGC\stylegan2_test\fake\74WMVN57OA.jpg,stylegan2_ood,0.2,blur,random_seed0,0.922835,-0.010005,0.91283
C:\My_Project\AIGC\stylegan2_test\fake\74WMVN57OA.jpg,stylegan2_ood,0.2,blur,random_seed1,0.589948,0.322882,0.91283
C:\My_Project\AIGC\stylegan2_test\fake\74WMVN57OA.jpg,stylegan2_ood,0.2,blur,random_seed2,0.924736,-0.011906,0.91283
C:\My_Project\AIGC\stylegan2_test\fake\74WMVN57OA.jpg,stylegan2_ood,0.2,blur,random_seed3,0.8615,0.05133,0.91283
C:\My_Project\AIGC\stylegan2_test\fake\74WMVN57OA.jpg,stylegan2_ood,0.2,blur,random_seed4,0.929179,-0.016349,0.91283
C:\My_Project\AIGC\stylegan2_test\fake\74WMVN57OA.jpg,stylegan2_ood,0.2,blur,hot,0.316547,0.596283,0.91283
C:\My_Project\AIGC\stylegan2_test\fake\74WMVN57OA.jpg,stylegan2_ood,0.2,blur,bottom,0.912961,-0.00013,0.91283
C:\My_Project\AIGC\stylegan2_test\fake\74WMVN57OA.jpg,stylegan2_ood,0.2,blur,random_mean,0.84564,0.067191,0.91283
C:\My_Project\AIGC\stylegan2_test\fake\74WMVN57OA.jpg,stylegan2_ood,0.2,constant_fill_CONFOUNDED,hot,0.261856,0.650975,0.91283
C:\My_Project\AIGC\stylegan2_test\fake\74WMVN57OA.jpg,stylegan2_ood,0.2,constant_fill_CONFOUNDED,bottom,0.912417,0.000414,0.91283
C:\My_Project\AIGC\stylegan2_test\fake\74WMVN57OA.jpg,stylegan2_ood,0.2,constant_fill_CONFOUNDED,random_scattered,0.80789,0.10494,0.91283
C:\My_Project\AIGC\stylegan2_test\fake\78X3XXVFDY.jpg,stylegan2_ood,0.05,blur,random_seed0,0.927222,-0.000341,0.926882
C:\My_Project\AIGC\stylegan2_test\fake\78X3XXVFDY.jpg,stylegan2_ood,0.05,blur,random_seed1,0.925517,0.001365,0.926882
C:\My_Project\AIGC\stylegan2_test\fake\78X3XXVFDY.jpg,stylegan2_ood,0.05,blur,random_seed2,0.92883,-0.001948,0.926882
C:\My_Project\AIGC\stylegan2_test\fake\78X3XXVFDY.jpg,stylegan2_ood,0.05,blur,random_seed3,0.930484,-0.003602,0.926882
C:\My_Project\AIGC\stylegan2_test\fake\78X3XXVFDY.jpg,stylegan2_ood,0.05,blur,random_seed4,0.927641,-0.000759,0.926882
C:\My_Project\AIGC\stylegan2_test\fake\78X3XXVFDY.jpg,stylegan2_ood,0.05,blur,hot,0.93077,-0.003888,0.926882
C:\My_Project\AIGC\stylegan2_test\fake\78X3XXVFDY.jpg,stylegan2_ood,0.05,blur,bottom,0.922618,0.004264,0.926882
C:\My_Project\AIGC\stylegan2_test\fake\78X3XXVFDY.jpg,stylegan2_ood,0.05,blur,random_mean,0.927939,-0.001057,0.926882
C:\My_Project\AIGC\stylegan2_test\fake\78X3XXVFDY.jpg,stylegan2_ood,0.05,constant_fill_CONFOUNDED,hot,0.755601,0.171281,0.926882
C:\My_Project\AIGC\stylegan2_test\fake\78X3XXVFDY.jpg,stylegan2_ood,0.05,constant_fill_CONFOUNDED,bottom,0.923546,0.003335,0.926882
C:\My_Project\AIGC\stylegan2_test\fake\78X3XXVFDY.jpg,stylegan2_ood,0.05,constant_fill_CONFOUNDED,random_scattered,0.435623,0.491259,0.926882
C:\My_Project\AIGC\stylegan2_test\fake\78X3XXVFDY.jpg,stylegan2_ood,0.1,blur,random_seed0,0.93011,-0.003228,0.926882
C:\My_Project\AIGC\stylegan2_test\fake\78X3XXVFDY.jpg,stylegan2_ood,0.1,blur,random_seed1,0.919332,0.00755,0.926882
C:\My_Project\AIGC\stylegan2_test\fake\78X3XXVFDY.jpg,stylegan2_ood,0.1,blur,random_seed2,0.788791,0.138091,0.926882
C:\My_Project\AIGC\stylegan2_test\fake\78X3XXVFDY.jpg,stylegan2_ood,0.1,blur,random_seed3,0.910858,0.016024,0.926882
C:\My_Project\AIGC\stylegan2_test\fake\78X3XXVFDY.jpg,stylegan2_ood,0.1,blur,random_seed4,0.929363,-0.002481,0.926882
C:\My_Project\AIGC\stylegan2_test\fake\78X3XXVFDY.jpg,stylegan2_ood,0.1,blur,hot,0.803001,0.123881,0.926882
C:\My_Project\AIGC\stylegan2_test\fake\78X3XXVFDY.jpg,stylegan2_ood,0.1,blur,bottom,0.919905,0.006977,0.926882
C:\My_Project\AIGC\stylegan2_test\fake\78X3XXVFDY.jpg,stylegan2_ood,0.1,blur,random_mean,0.895691,0.031191,0.926882
C:\My_Project\AIGC\stylegan2_test\fake\78X3XXVFDY.jpg,stylegan2_ood,0.1,constant_fill_CONFOUNDED,hot,0.786836,0.140046,0.926882
C:\My_Project\AIGC\stylegan2_test\fake\78X3XXVFDY.jpg,stylegan2_ood,0.1,constant_fill_CONFOUNDED,bottom,0.920436,0.006446,0.926882
C:\My_Project\AIGC\stylegan2_test\fake\78X3XXVFDY.jpg,stylegan2_ood,0.1,constant_fill_CONFOUNDED,random_scattered,0.925442,0.00144,0.926882
C:\My_Project\AIGC\stylegan2_test\fake\78X3XXVFDY.jpg,stylegan2_ood,0.2,blur,random_seed0,0.927727,-0.000845,0.926882
C:\My_Project\AIGC\stylegan2_test\fake\78X3XXVFDY.jpg,stylegan2_ood,0.2,blur,random_seed1,0.933168,-0.006286,0.926882
C:\My_Project\AIGC\stylegan2_test\fake\78X3XXVFDY.jpg,stylegan2_ood,0.2,blur,random_seed2,0.923546,0.003336,0.926882
C:\My_Project\AIGC\stylegan2_test\fake\78X3XXVFDY.jpg,stylegan2_ood,0.2,blur,random_seed3,0.914703,0.012179,0.926882
C:\My_Project\AIGC\stylegan2_test\fake\78X3XXVFDY.jpg,stylegan2_ood,0.2,blur,random_seed4,0.841881,0.085001,0.926882
C:\My_Project\AIGC\stylegan2_test\fake\78X3XXVFDY.jpg,stylegan2_ood,0.2,blur,hot,0.757936,0.168946,0.926882
C:\My_Project\AIGC\stylegan2_test\fake\78X3XXVFDY.jpg,stylegan2_ood,0.2,blur,bottom,0.920152,0.00673,0.926882
C:\My_Project\AIGC\stylegan2_test\fake\78X3XXVFDY.jpg,stylegan2_ood,0.2,blur,random_mean,0.908205,0.018677,0.926882
C:\My_Project\AIGC\stylegan2_test\fake\78X3XXVFDY.jpg,stylegan2_ood,0.2,constant_fill_CONFOUNDED,hot,0.893937,0.032945,0.926882
C:\My_Project\AIGC\stylegan2_test\fake\78X3XXVFDY.jpg,stylegan2_ood,0.2,constant_fill_CONFOUNDED,bottom,0.918027,0.008855,0.926882
C:\My_Project\AIGC\stylegan2_test\fake\78X3XXVFDY.jpg,stylegan2_ood,0.2,constant_fill_CONFOUNDED,random_scattered,0.927808,-0.000926,0.926882
C:\My_Project\AIGC\stylegan2_test\fake\7BJI9BOS7B.jpg,stylegan2_ood,0.05,blur,random_seed0,0.937214,-0.006359,0.930855
C:\My_Project\AIGC\stylegan2_test\fake\7BJI9BOS7B.jpg,stylegan2_ood,0.05,blur,random_seed1,0.935305,-0.004451,0.930855
C:\My_Project\AIGC\stylegan2_test\fake\7BJI9BOS7B.jpg,stylegan2_ood,0.05,blur,random_seed2,0.924819,0.006036,0.930855
C:\My_Project\AIGC\stylegan2_test\fake\7BJI9BOS7B.jpg,stylegan2_ood,0.05,blur,random_seed3,0.935788,-0.004934,0.930855
C:\My_Project\AIGC\stylegan2_test\fake\7BJI9BOS7B.jpg,stylegan2_ood,0.05,blur,random_seed4,0.929044,0.00181,0.930855
C:\My_Project\AIGC\stylegan2_test\fake\7BJI9BOS7B.jpg,stylegan2_ood,0.05,blur,hot,0.923701,0.007153,0.930855
C:\My_Project\AIGC\stylegan2_test\fake\7BJI9BOS7B.jpg,stylegan2_ood,0.05,blur,bottom,0.930222,0.000632,0.930855
C:\My_Project\AIGC\stylegan2_test\fake\7BJI9BOS7B.jpg,stylegan2_ood,0.05,blur,random_mean,0.932434,-0.00158,0.930855
C:\My_Project\AIGC\stylegan2_test\fake\7BJI9BOS7B.jpg,stylegan2_ood,0.05,constant_fill_CONFOUNDED,hot,0.933931,-0.003076,0.930855
C:\My_Project\AIGC\stylegan2_test\fake\7BJI9BOS7B.jpg,stylegan2_ood,0.05,constant_fill_CONFOUNDED,bottom,0.91949,0.011364,0.930855
C:\My_Project\AIGC\stylegan2_test\fake\7BJI9BOS7B.jpg,stylegan2_ood,0.05,constant_fill_CONFOUNDED,random_scattered,0.909748,0.021106,0.930855
C:\My_Project\AIGC\stylegan2_test\fake\7BJI9BOS7B.jpg,stylegan2_ood,0.1,blur,random_seed0,0.939227,-0.008373,0.930855
C:\My_Project\AIGC\stylegan2_test\fake\7BJI9BOS7B.jpg,stylegan2_ood,0.1,blur,random_seed1,0.93341,-0.002556,0.930855
C:\My_Project\AIGC\stylegan2_test\fake\7BJI9BOS7B.jpg,stylegan2_ood,0.1,blur,random_seed2,0.936636,-0.005782,0.930855
C:\My_Project\AIGC\stylegan2_test\fake\7BJI9BOS7B.jpg,stylegan2_ood,0.1,blur,random_seed3,0.919879,0.010976,0.930855
C:\My_Project\AIGC\stylegan2_test\fake\7BJI9BOS7B.jpg,stylegan2_ood,0.1,blur,random_seed4,0.932687,-0.001832,0.930855
C:\My_Project\AIGC\stylegan2_test\fake\7BJI9BOS7B.jpg,stylegan2_ood,0.1,blur,hot,0.880029,0.050826,0.930855
C:\My_Project\AIGC\stylegan2_test\fake\7BJI9BOS7B.jpg,stylegan2_ood,0.1,blur,bottom,0.934482,-0.003628,0.930855
C:\My_Project\AIGC\stylegan2_test\fake\7BJI9BOS7B.jpg,stylegan2_ood,0.1,blur,random_mean,0.932368,-0.001513,0.930855
C:\My_Project\AIGC\stylegan2_test\fake\7BJI9BOS7B.jpg,stylegan2_ood,0.1,constant_fill_CONFOUNDED,hot,0.866314,0.06454,0.930855
C:\My_Project\AIGC\stylegan2_test\fake\7BJI9BOS7B.jpg,stylegan2_ood,0.1,constant_fill_CONFOUNDED,bottom,0.913084,0.017771,0.930855
C:\My_Project\AIGC\stylegan2_test\fake\7BJI9BOS7B.jpg,stylegan2_ood,0.1,constant_fill_CONFOUNDED,random_scattered,0.908661,0.022194,0.930855
C:\My_Project\AIGC\stylegan2_test\fake\7BJI9BOS7B.jpg,stylegan2_ood,0.2,blur,random_seed0,0.879504,0.051351,0.930855
C:\My_Project\AIGC\stylegan2_test\fake\7BJI9BOS7B.jpg,stylegan2_ood,0.2,blur,random_seed1,0.94023,-0.009375,0.930855
C:\My_Project\AIGC\stylegan2_test\fake\7BJI9BOS7B.jpg,stylegan2_ood,0.2,blur,random_seed2,0.821562,0.109292,0.930855
C:\My_Project\AIGC\stylegan2_test\fake\7BJI9BOS7B.jpg,stylegan2_ood,0.2,blur,random_seed3,0.936334,-0.005479,0.930855
C:\My_Project\AIGC\stylegan2_test\fake\7BJI9BOS7B.jpg,stylegan2_ood,0.2,blur,random_seed4,0.879603,0.051252,0.930855
C:\My_Project\AIGC\stylegan2_test\fake\7BJI9BOS7B.jpg,stylegan2_ood,0.2,blur,hot,0.845156,0.085699,0.930855
C:\My_Project\AIGC\stylegan2_test\fake\7BJI9BOS7B.jpg,stylegan2_ood,0.2,blur,bottom,0.938043,-0.007189,0.930855
C:\My_Project\AIGC\stylegan2_test\fake\7BJI9BOS7B.jpg,stylegan2_ood,0.2,blur,random_mean,0.891447,0.039408,0.930855
C:\My_Project\AIGC\stylegan2_test\fake\7BJI9BOS7B.jpg,stylegan2_ood,0.2,constant_fill_CONFOUNDED,hot,0.532471,0.398384,0.930855
C:\My_Project\AIGC\stylegan2_test\fake\7BJI9BOS7B.jpg,stylegan2_ood,0.2,constant_fill_CONFOUNDED,bottom,0.913178,0.017676,0.930855
C:\My_Project\AIGC\stylegan2_test\fake\7BJI9BOS7B.jpg,stylegan2_ood,0.2,constant_fill_CONFOUNDED,random_scattered,0.921986,0.008868,0.930855
C:\My_Project\AIGC\stylegan2_test\fake\7DNN5FXAB5.jpg,stylegan2_ood,0.05,blur,random_seed0,0.876444,0.04026,0.916703
C:\My_Project\AIGC\stylegan2_test\fake\7DNN5FXAB5.jpg,stylegan2_ood,0.05,blur,random_seed1,0.918567,-0.001864,0.916703
C:\My_Project\AIGC\stylegan2_test\fake\7DNN5FXAB5.jpg,stylegan2_ood,0.05,blur,random_seed2,0.911609,0.005094,0.916703
C:\My_Project\AIGC\stylegan2_test\fake\7DNN5FXAB5.jpg,stylegan2_ood,0.05,blur,random_seed3,0.808998,0.107705,0.916703
C:\My_Project\AIGC\stylegan2_test\fake\7DNN5FXAB5.jpg,stylegan2_ood,0.05,blur,random_seed4,0.917777,-0.001074,0.916703
C:\My_Project\AIGC\stylegan2_test\fake\7DNN5FXAB5.jpg,stylegan2_ood,0.05,blur,hot,0.883885,0.032818,0.916703
C:\My_Project\AIGC\stylegan2_test\fake\7DNN5FXAB5.jpg,stylegan2_ood,0.05,blur,bottom,0.908843,0.007861,0.916703
C:\My_Project\AIGC\stylegan2_test\fake\7DNN5FXAB5.jpg,stylegan2_ood,0.05,blur,random_mean,0.886679,0.030024,0.916703
C:\My_Project\AIGC\stylegan2_test\fake\7DNN5FXAB5.jpg,stylegan2_ood,0.05,constant_fill_CONFOUNDED,hot,0.909162,0.007541,0.916703
C:\My_Project\AIGC\stylegan2_test\fake\7DNN5FXAB5.jpg,stylegan2_ood,0.05,constant_fill_CONFOUNDED,bottom,0.911087,0.005616,0.916703
C:\My_Project\AIGC\stylegan2_test\fake\7DNN5FXAB5.jpg,stylegan2_ood,0.05,constant_fill_CONFOUNDED,random_scattered,0.865616,0.051087,0.916703
C:\My_Project\AIGC\stylegan2_test\fake\7DNN5FXAB5.jpg,stylegan2_ood,0.1,blur,random_seed0,0.878728,0.037975,0.916703
C:\My_Project\AIGC\stylegan2_test\fake\7DNN5FXAB5.jpg,stylegan2_ood,0.1,blur,random_seed1,0.900512,0.016191,0.916703
C:\My_Project\AIGC\stylegan2_test\fake\7DNN5FXAB5.jpg,stylegan2_ood,0.1,blur,random_seed2,0.862286,0.054418,0.916703
C:\My_Project\AIGC\stylegan2_test\fake\7DNN5FXAB5.jpg,stylegan2_ood,0.1,blur,random_seed3,0.843927,0.072776,0.916703
C:\My_Project\AIGC\stylegan2_test\fake\7DNN5FXAB5.jpg,stylegan2_ood,0.1,blur,random_seed4,0.915525,0.001179,0.916703
C:\My_Project\AIGC\stylegan2_test\fake\7DNN5FXAB5.jpg,stylegan2_ood,0.1,blur,hot,0.57597,0.340733,0.916703
C:\My_Project\AIGC\stylegan2_test\fake\7DNN5FXAB5.jpg,stylegan2_ood,0.1,blur,bottom,0.904465,0.012238,0.916703
C:\My_Project\AIGC\stylegan2_test\fake\7DNN5FXAB5.jpg,stylegan2_ood,0.1,blur,random_mean,0.880196,0.036508,0.916703
C:\My_Project\AIGC\stylegan2_test\fake\7DNN5FXAB5.jpg,stylegan2_ood,0.1,constant_fill_CONFOUNDED,hot,0.229805,0.686898,0.916703
C:\My_Project\AIGC\stylegan2_test\fake\7DNN5FXAB5.jpg,stylegan2_ood,0.1,constant_fill_CONFOUNDED,bottom,0.913122,0.003581,0.916703
C:\My_Project\AIGC\stylegan2_test\fake\7DNN5FXAB5.jpg,stylegan2_ood,0.1,constant_fill_CONFOUNDED,random_scattered,0.924084,-0.00738,0.916703
C:\My_Project\AIGC\stylegan2_test\fake\7DNN5FXAB5.jpg,stylegan2_ood,0.2,blur,random_seed0,0.708649,0.208054,0.916703
C:\My_Project\AIGC\stylegan2_test\fake\7DNN5FXAB5.jpg,stylegan2_ood,0.2,blur,random_seed1,0.695608,0.221095,0.916703
C:\My_Project\AIGC\stylegan2_test\fake\7DNN5FXAB5.jpg,stylegan2_ood,0.2,blur,random_seed2,0.871115,0.045588,0.916703
C:\My_Project\AIGC\stylegan2_test\fake\7DNN5FXAB5.jpg,stylegan2_ood,0.2,blur,random_seed3,0.883705,0.032999,0.916703
C:\My_Project\AIGC\stylegan2_test\fake\7DNN5FXAB5.jpg,stylegan2_ood,0.2,blur,random_seed4,0.714715,0.201989,0.916703
C:\My_Project\AIGC\stylegan2_test\fake\7DNN5FXAB5.jpg,stylegan2_ood,0.2,blur,hot,0.540688,0.376015,0.916703
C:\My_Project\AIGC\stylegan2_test\fake\7DNN5FXAB5.jpg,stylegan2_ood,0.2,blur,bottom,0.904825,0.011878,0.916703
C:\My_Project\AIGC\stylegan2_test\fake\7DNN5FXAB5.jpg,stylegan2_ood,0.2,blur,random_mean,0.774758,0.141945,0.916703
C:\My_Project\AIGC\stylegan2_test\fake\7DNN5FXAB5.jpg,stylegan2_ood,0.2,constant_fill_CONFOUNDED,hot,0.499452,0.417251,0.916703
C:\My_Project\AIGC\stylegan2_test\fake\7DNN5FXAB5.jpg,stylegan2_ood,0.2,constant_fill_CONFOUNDED,bottom,0.896665,0.020038,0.916703
C:\My_Project\AIGC\stylegan2_test\fake\7DNN5FXAB5.jpg,stylegan2_ood,0.2,constant_fill_CONFOUNDED,random_scattered,0.916455,0.000248,0.916703
C:\My_Project\AIGC\stylegan2_test\fake\7XHLCD0DVI.jpg,stylegan2_ood,0.05,blur,random_seed0,0.920183,-0.000322,0.919862
C:\My_Project\AIGC\stylegan2_test\fake\7XHLCD0DVI.jpg,stylegan2_ood,0.05,blur,random_seed1,0.92248,-0.002618,0.919862
C:\My_Project\AIGC\stylegan2_test\fake\7XHLCD0DVI.jpg,stylegan2_ood,0.05,blur,random_seed2,0.927749,-0.007887,0.919862
C:\My_Project\AIGC\stylegan2_test\fake\7XHLCD0DVI.jpg,stylegan2_ood,0.05,blur,random_seed3,0.921021,-0.001159,0.919862
C:\My_Project\AIGC\stylegan2_test\fake\7XHLCD0DVI.jpg,stylegan2_ood,0.05,blur,random_seed4,0.924267,-0.004405,0.919862
C:\My_Project\AIGC\stylegan2_test\fake\7XHLCD0DVI.jpg,stylegan2_ood,0.05,blur,hot,0.891717,0.028145,0.919862
C:\My_Project\AIGC\stylegan2_test\fake\7XHLCD0DVI.jpg,stylegan2_ood,0.05,blur,bottom,0.918074,0.001788,0.919862
C:\My_Project\AIGC\stylegan2_test\fake\7XHLCD0DVI.jpg,stylegan2_ood,0.05,blur,random_mean,0.92314,-0.003278,0.919862
C:\My_Project\AIGC\stylegan2_test\fake\7XHLCD0DVI.jpg,stylegan2_ood,0.05,constant_fill_CONFOUNDED,hot,0.933927,-0.014065,0.919862
C:\My_Project\AIGC\stylegan2_test\fake\7XHLCD0DVI.jpg,stylegan2_ood,0.05,constant_fill_CONFOUNDED,bottom,0.910167,0.009695,0.919862
C:\My_Project\AIGC\stylegan2_test\fake\7XHLCD0DVI.jpg,stylegan2_ood,0.05,constant_fill_CONFOUNDED,random_scattered,0.243641,0.676221,0.919862
C:\My_Project\AIGC\stylegan2_test\fake\7XHLCD0DVI.jpg,stylegan2_ood,0.1,blur,random_seed0,0.921306,-0.001444,0.919862
C:\My_Project\AIGC\stylegan2_test\fake\7XHLCD0DVI.jpg,stylegan2_ood,0.1,blur,random_seed1,0.913709,0.006153,0.919862
C:\My_Project\AIGC\stylegan2_test\fake\7XHLCD0DVI.jpg,stylegan2_ood,0.1,blur,random_seed2,0.926769,-0.006908,0.919862
C:\My_Project\AIGC\stylegan2_test\fake\7XHLCD0DVI.jpg,stylegan2_ood,0.1,blur,random_seed3,0.925216,-0.005354,0.919862
C:\My_Project\AIGC\stylegan2_test\fake\7XHLCD0DVI.jpg,stylegan2_ood,0.1,blur,random_seed4,0.739438,0.180424,0.919862
C:\My_Project\AIGC\stylegan2_test\fake\7XHLCD0DVI.jpg,stylegan2_ood,0.1,blur,hot,0.804423,0.115439,0.919862
C:\My_Project\AIGC\stylegan2_test\fake\7XHLCD0DVI.jpg,stylegan2_ood,0.1,blur,bottom,0.91906,0.000801,0.919862
C:\My_Project\AIGC\stylegan2_test\fake\7XHLCD0DVI.jpg,stylegan2_ood,0.1,blur,random_mean,0.885287,0.034574,0.919862
C:\My_Project\AIGC\stylegan2_test\fake\7XHLCD0DVI.jpg,stylegan2_ood,0.1,constant_fill_CONFOUNDED,hot,0.654703,0.265159,0.919862
C:\My_Project\AIGC\stylegan2_test\fake\7XHLCD0DVI.jpg,stylegan2_ood,0.1,constant_fill_CONFOUNDED,bottom,0.914104,0.005758,0.919862
C:\My_Project\AIGC\stylegan2_test\fake\7XHLCD0DVI.jpg,stylegan2_ood,0.1,constant_fill_CONFOUNDED,random_scattered,0.444058,0.475803,0.919862
C:\My_Project\AIGC\stylegan2_test\fake\7XHLCD0DVI.jpg,stylegan2_ood,0.2,blur,random_seed0,0.691684,0.228178,0.919862
C:\My_Project\AIGC\stylegan2_test\fake\7XHLCD0DVI.jpg,stylegan2_ood,0.2,blur,random_seed1,0.922935,-0.003073,0.919862
C:\My_Project\AIGC\stylegan2_test\fake\7XHLCD0DVI.jpg,stylegan2_ood,0.2,blur,random_seed2,0.734199,0.185663,0.919862
C:\My_Project\AIGC\stylegan2_test\fake\7XHLCD0DVI.jpg,stylegan2_ood,0.2,blur,random_seed3,0.813151,0.10671,0.919862
C:\My_Project\AIGC\stylegan2_test\fake\7XHLCD0DVI.jpg,stylegan2_ood,0.2,blur,random_seed4,0.856005,0.063857,0.919862
C:\My_Project\AIGC\stylegan2_test\fake\7XHLCD0DVI.jpg,stylegan2_ood,0.2,blur,hot,0.742185,0.177677,0.919862
C:\My_Project\AIGC\stylegan2_test\fake\7XHLCD0DVI.jpg,stylegan2_ood,0.2,blur,bottom,0.919618,0.000244,0.919862
C:\My_Project\AIGC\stylegan2_test\fake\7XHLCD0DVI.jpg,stylegan2_ood,0.2,blur,random_mean,0.803595,0.116267,0.919862
C:\My_Project\AIGC\stylegan2_test\fake\7XHLCD0DVI.jpg,stylegan2_ood,0.2,constant_fill_CONFOUNDED,hot,0.5694,0.350462,0.919862
C:\My_Project\AIGC\stylegan2_test\fake\7XHLCD0DVI.jpg,stylegan2_ood,0.2,constant_fill_CONFOUNDED,bottom,0.904864,0.014998,0.919862
C:\My_Project\AIGC\stylegan2_test\fake\7XHLCD0DVI.jpg,stylegan2_ood,0.2,constant_fill_CONFOUNDED,random_scattered,0.891475,0.028387,0.919862
C:\My_Project\AIGC\stylegan2_test\fake\8K0CSLCSLO.jpg,stylegan2_ood,0.05,blur,random_seed0,0.926095,0.003397,0.929492
C:\My_Project\AIGC\stylegan2_test\fake\8K0CSLCSLO.jpg,stylegan2_ood,0.05,blur,random_seed1,0.931211,-0.001719,0.929492
C:\My_Project\AIGC\stylegan2_test\fake\8K0CSLCSLO.jpg,stylegan2_ood,0.05,blur,random_seed2,0.903526,0.025966,0.929492
C:\My_Project\AIGC\stylegan2_test\fake\8K0CSLCSLO.jpg,stylegan2_ood,0.05,blur,random_seed3,0.924829,0.004663,0.929492
C:\My_Project\AIGC\stylegan2_test\fake\8K0CSLCSLO.jpg,stylegan2_ood,0.05,blur,random_seed4,0.922595,0.006897,0.929492
C:\My_Project\AIGC\stylegan2_test\fake\8K0CSLCSLO.jpg,stylegan2_ood,0.05,blur,hot,0.925031,0.00446,0.929492
C:\My_Project\AIGC\stylegan2_test\fake\8K0CSLCSLO.jpg,stylegan2_ood,0.05,blur,bottom,0.930303,-0.000811,0.929492
C:\My_Project\AIGC\stylegan2_test\fake\8K0CSLCSLO.jpg,stylegan2_ood,0.05,blur,random_mean,0.921651,0.007841,0.929492
C:\My_Project\AIGC\stylegan2_test\fake\8K0CSLCSLO.jpg,stylegan2_ood,0.05,constant_fill_CONFOUNDED,hot,0.926928,0.002564,0.929492
C:\My_Project\AIGC\stylegan2_test\fake\8K0CSLCSLO.jpg,stylegan2_ood,0.05,constant_fill_CONFOUNDED,bottom,0.928016,0.001475,0.929492
C:\My_Project\AIGC\stylegan2_test\fake\8K0CSLCSLO.jpg,stylegan2_ood,0.05,constant_fill_CONFOUNDED,random_scattered,0.70432,0.225172,0.929492
C:\My_Project\AIGC\stylegan2_test\fake\8K0CSLCSLO.jpg,stylegan2_ood,0.1,blur,random_seed0,0.927115,0.002377,0.929492
C:\My_Project\AIGC\stylegan2_test\fake\8K0CSLCSLO.jpg,stylegan2_ood,0.1,blur,random_seed1,0.930376,-0.000884,0.929492
C:\My_Project\AIGC\stylegan2_test\fake\8K0CSLCSLO.jpg,stylegan2_ood,0.1,blur,random_seed2,0.925082,0.00441,0.929492
C:\My_Project\AIGC\stylegan2_test\fake\8K0CSLCSLO.jpg,stylegan2_ood,0.1,blur,random_seed3,0.91976,0.009731,0.929492
C:\My_Project\AIGC\stylegan2_test\fake\8K0CSLCSLO.jpg,stylegan2_ood,0.1,blur,random_seed4,0.898685,0.030806,0.929492
C:\My_Project\AIGC\stylegan2_test\fake\8K0CSLCSLO.jpg,stylegan2_ood,0.1,blur,hot,0.87644,0.053051,0.929492
C:\My_Project\AIGC\stylegan2_test\fake\8K0CSLCSLO.jpg,stylegan2_ood,0.1,blur,bottom,0.930741,-0.001249,0.929492
C:\My_Project\AIGC\stylegan2_test\fake\8K0CSLCSLO.jpg,stylegan2_ood,0.1,blur,random_mean,0.920204,0.009288,0.929492
C:\My_Project\AIGC\stylegan2_test\fake\8K0CSLCSLO.jpg,stylegan2_ood,0.1,constant_fill_CONFOUNDED,hot,0.924906,0.004585,0.929492
C:\My_Project\AIGC\stylegan2_test\fake\8K0CSLCSLO.jpg,stylegan2_ood,0.1,constant_fill_CONFOUNDED,bottom,0.917239,0.012253,0.929492
C:\My_Project\AIGC\stylegan2_test\fake\8K0CSLCSLO.jpg,stylegan2_ood,0.1,constant_fill_CONFOUNDED,random_scattered,0.759894,0.169598,0.929492
C:\My_Project\AIGC\stylegan2_test\fake\8K0CSLCSLO.jpg,stylegan2_ood,0.2,blur,random_seed0,0.910607,0.018885,0.929492
C:\My_Project\AIGC\stylegan2_test\fake\8K0CSLCSLO.jpg,stylegan2_ood,0.2,blur,random_seed1,0.750104,0.179388,0.929492
C:\My_Project\AIGC\stylegan2_test\fake\8K0CSLCSLO.jpg,stylegan2_ood,0.2,blur,random_seed2,0.928735,0.000756,0.929492
C:\My_Project\AIGC\stylegan2_test\fake\8K0CSLCSLO.jpg,stylegan2_ood,0.2,blur,random_seed3,0.808179,0.121312,0.929492
C:\My_Project\AIGC\stylegan2_test\fake\8K0CSLCSLO.jpg,stylegan2_ood,0.2,blur,random_seed4,0.925058,0.004433,0.929492
C:\My_Project\AIGC\stylegan2_test\fake\8K0CSLCSLO.jpg,stylegan2_ood,0.2,blur,hot,0.742772,0.18672,0.929492
C:\My_Project\AIGC\stylegan2_test\fake\8K0CSLCSLO.jpg,stylegan2_ood,0.2,blur,bottom,0.932561,-0.00307,0.929492
C:\My_Project\AIGC\stylegan2_test\fake\8K0CSLCSLO.jpg,stylegan2_ood,0.2,blur,random_mean,0.864537,0.064955,0.929492
C:\My_Project\AIGC\stylegan2_test\fake\8K0CSLCSLO.jpg,stylegan2_ood,0.2,constant_fill_CONFOUNDED,hot,0.756542,0.172949,0.929492
C:\My_Project\AIGC\stylegan2_test\fake\8K0CSLCSLO.jpg,stylegan2_ood,0.2,constant_fill_CONFOUNDED,bottom,0.927108,0.002383,0.929492
C:\My_Project\AIGC\stylegan2_test\fake\8K0CSLCSLO.jpg,stylegan2_ood,0.2,constant_fill_CONFOUNDED,random_scattered,0.883783,0.045709,0.929492
C:\My_Project\AIGC\stylegan2_test\fake\98O660FSWQ.jpg,stylegan2_ood,0.05,blur,random_seed0,0.926945,0.001863,0.928808
C:\My_Project\AIGC\stylegan2_test\fake\98O660FSWQ.jpg,stylegan2_ood,0.05,blur,random_seed1,0.930841,-0.002034,0.928808
C:\My_Project\AIGC\stylegan2_test\fake\98O660FSWQ.jpg,stylegan2_ood,0.05,blur,random_seed2,0.924465,0.004342,0.928808
C:\My_Project\AIGC\stylegan2_test\fake\98O660FSWQ.jpg,stylegan2_ood,0.05,blur,random_seed3,0.931016,-0.002208,0.928808
C:\My_Project\AIGC\stylegan2_test\fake\98O660FSWQ.jpg,stylegan2_ood,0.05,blur,random_seed4,0.922999,0.005809,0.928808
C:\My_Project\AIGC\stylegan2_test\fake\98O660FSWQ.jpg,stylegan2_ood,0.05,blur,hot,0.325456,0.603352,0.928808
C:\My_Project\AIGC\stylegan2_test\fake\98O660FSWQ.jpg,stylegan2_ood,0.05,blur,bottom,0.927404,0.001404,0.928808
C:\My_Project\AIGC\stylegan2_test\fake\98O660FSWQ.jpg,stylegan2_ood,0.05,blur,random_mean,0.927253,0.001554,0.928808
C:\My_Project\AIGC\stylegan2_test\fake\98O660FSWQ.jpg,stylegan2_ood,0.05,constant_fill_CONFOUNDED,hot,0.405251,0.523557,0.928808
C:\My_Project\AIGC\stylegan2_test\fake\98O660FSWQ.jpg,stylegan2_ood,0.05,constant_fill_CONFOUNDED,bottom,0.912322,0.016486,0.928808
C:\My_Project\AIGC\stylegan2_test\fake\98O660FSWQ.jpg,stylegan2_ood,0.05,constant_fill_CONFOUNDED,random_scattered,0.884696,0.044112,0.928808
C:\My_Project\AIGC\stylegan2_test\fake\98O660FSWQ.jpg,stylegan2_ood,0.1,blur,random_seed0,0.915502,0.013305,0.928808
C:\My_Project\AIGC\stylegan2_test\fake\98O660FSWQ.jpg,stylegan2_ood,0.1,blur,random_seed1,0.879363,0.049444,0.928808
C:\My_Project\AIGC\stylegan2_test\fake\98O660FSWQ.jpg,stylegan2_ood,0.1,blur,random_seed2,0.927789,0.001019,0.928808
C:\My_Project\AIGC\stylegan2_test\fake\98O660FSWQ.jpg,stylegan2_ood,0.1,blur,random_seed3,0.933925,-0.005117,0.928808
C:\My_Project\AIGC\stylegan2_test\fake\98O660FSWQ.jpg,stylegan2_ood,0.1,blur,random_seed4,0.91687,0.011937,0.928808
C:\My_Project\AIGC\stylegan2_test\fake\98O660FSWQ.jpg,stylegan2_ood,0.1,blur,hot,0.376246,0.552561,0.928808
C:\My_Project\AIGC\stylegan2_test\fake\98O660FSWQ.jpg,stylegan2_ood,0.1,blur,bottom,0.923051,0.005756,0.928808
C:\My_Project\AIGC\stylegan2_test\fake\98O660FSWQ.jpg,stylegan2_ood,0.1,blur,random_mean,0.91469,0.014118,0.928808
C:\My_Project\AIGC\stylegan2_test\fake\98O660FSWQ.jpg,stylegan2_ood,0.1,constant_fill_CONFOUNDED,hot,0.217418,0.71139,0.928808
C:\My_Project\AIGC\stylegan2_test\fake\98O660FSWQ.jpg,stylegan2_ood,0.1,constant_fill_CONFOUNDED,bottom,0.917094,0.011714,0.928808
C:\My_Project\AIGC\stylegan2_test\fake\98O660FSWQ.jpg,stylegan2_ood,0.1,constant_fill_CONFOUNDED,random_scattered,0.909457,0.019351,0.928808
C:\My_Project\AIGC\stylegan2_test\fake\98O660FSWQ.jpg,stylegan2_ood,0.2,blur,random_seed0,0.760109,0.168699,0.928808
C:\My_Project\AIGC\stylegan2_test\fake\98O660FSWQ.jpg,stylegan2_ood,0.2,blur,random_seed1,0.543646,0.385162,0.928808
C:\My_Project\AIGC\stylegan2_test\fake\98O660FSWQ.jpg,stylegan2_ood,0.2,blur,random_seed2,0.190005,0.738803,0.928808
C:\My_Project\AIGC\stylegan2_test\fake\98O660FSWQ.jpg,stylegan2_ood,0.2,blur,random_seed3,0.608302,0.320506,0.928808
C:\My_Project\AIGC\stylegan2_test\fake\98O660FSWQ.jpg,stylegan2_ood,0.2,blur,random_seed4,0.373247,0.555561,0.928808
C:\My_Project\AIGC\stylegan2_test\fake\98O660FSWQ.jpg,stylegan2_ood,0.2,blur,hot,0.554593,0.374215,0.928808
C:\My_Project\AIGC\stylegan2_test\fake\98O660FSWQ.jpg,stylegan2_ood,0.2,blur,bottom,0.916097,0.012711,0.928808
C:\My_Project\AIGC\stylegan2_test\fake\98O660FSWQ.jpg,stylegan2_ood,0.2,blur,random_mean,0.495062,0.433746,0.928808
C:\My_Project\AIGC\stylegan2_test\fake\98O660FSWQ.jpg,stylegan2_ood,0.2,constant_fill_CONFOUNDED,hot,0.275294,0.653514,0.928808
C:\My_Project\AIGC\stylegan2_test\fake\98O660FSWQ.jpg,stylegan2_ood,0.2,constant_fill_CONFOUNDED,bottom,0.896923,0.031885,0.928808
C:\My_Project\AIGC\stylegan2_test\fake\98O660FSWQ.jpg,stylegan2_ood,0.2,constant_fill_CONFOUNDED,random_scattered,0.918963,0.009844,0.928808
C:\My_Project\AIGC\stylegan2_test\fake\9CT9CLIOZH.jpg,stylegan2_ood,0.05,blur,random_seed0,0.926458,0.008928,0.935386
C:\My_Project\AIGC\stylegan2_test\fake\9CT9CLIOZH.jpg,stylegan2_ood,0.05,blur,random_seed1,0.936925,-0.001538,0.935386
C:\My_Project\AIGC\stylegan2_test\fake\9CT9CLIOZH.jpg,stylegan2_ood,0.05,blur,random_seed2,0.92983,0.005556,0.935386
C:\My_Project\AIGC\stylegan2_test\fake\9CT9CLIOZH.jpg,stylegan2_ood,0.05,blur,random_seed3,0.929589,0.005797,0.935386
C:\My_Project\AIGC\stylegan2_test\fake\9CT9CLIOZH.jpg,stylegan2_ood,0.05,blur,random_seed4,0.937629,-0.002243,0.935386
C:\My_Project\AIGC\stylegan2_test\fake\9CT9CLIOZH.jpg,stylegan2_ood,0.05,blur,hot,0.940349,-0.004963,0.935386
C:\My_Project\AIGC\stylegan2_test\fake\9CT9CLIOZH.jpg,stylegan2_ood,0.05,blur,bottom,0.934185,0.001201,0.935386
C:\My_Project\AIGC\stylegan2_test\fake\9CT9CLIOZH.jpg,stylegan2_ood,0.05,blur,random_mean,0.932086,0.0033,0.935386
C:\My_Project\AIGC\stylegan2_test\fake\9CT9CLIOZH.jpg,stylegan2_ood,0.05,constant_fill_CONFOUNDED,hot,0.866846,0.06854,0.935386
C:\My_Project\AIGC\stylegan2_test\fake\9CT9CLIOZH.jpg,stylegan2_ood,0.05,constant_fill_CONFOUNDED,bottom,0.923219,0.012167,0.935386
C:\My_Project\AIGC\stylegan2_test\fake\9CT9CLIOZH.jpg,stylegan2_ood,0.05,constant_fill_CONFOUNDED,random_scattered,0.822919,0.112468,0.935386
C:\My_Project\AIGC\stylegan2_test\fake\9CT9CLIOZH.jpg,stylegan2_ood,0.1,blur,random_seed0,0.9397,-0.004314,0.935386
C:\My_Project\AIGC\stylegan2_test\fake\9CT9CLIOZH.jpg,stylegan2_ood,0.1,blur,random_seed1,0.937358,-0.001972,0.935386
C:\My_Project\AIGC\stylegan2_test\fake\9CT9CLIOZH.jpg,stylegan2_ood,0.1,blur,random_seed2,0.932633,0.002753,0.935386
C:\My_Project\AIGC\stylegan2_test\fake\9CT9CLIOZH.jpg,stylegan2_ood,0.1,blur,random_seed3,0.931006,0.00438,0.935386
C:\My_Project\AIGC\stylegan2_test\fake\9CT9CLIOZH.jpg,stylegan2_ood,0.1,blur,random_seed4,0.935138,0.000248,0.935386
C:\My_Project\AIGC\stylegan2_test\fake\9CT9CLIOZH.jpg,stylegan2_ood,0.1,blur,hot,0.90996,0.025426,0.935386
C:\My_Project\AIGC\stylegan2_test\fake\9CT9CLIOZH.jpg,stylegan2_ood,0.1,blur,bottom,0.934197,0.00119,0.935386
C:\My_Project\AIGC\stylegan2_test\fake\9CT9CLIOZH.jpg,stylegan2_ood,0.1,blur,random_mean,0.935167,0.000219,0.935386
C:\My_Project\AIGC\stylegan2_test\fake\9CT9CLIOZH.jpg,stylegan2_ood,0.1,constant_fill_CONFOUNDED,hot,0.291106,0.644281,0.935386
C:\My_Project\AIGC\stylegan2_test\fake\9CT9CLIOZH.jpg,stylegan2_ood,0.1,constant_fill_CONFOUNDED,bottom,0.916288,0.019098,0.935386
C:\My_Project\AIGC\stylegan2_test\fake\9CT9CLIOZH.jpg,stylegan2_ood,0.1,constant_fill_CONFOUNDED,random_scattered,0.918694,0.016692,0.935386
C:\My_Project\AIGC\stylegan2_test\fake\9CT9CLIOZH.jpg,stylegan2_ood,0.2,blur,random_seed0,0.945303,-0.009916,0.935386
C:\My_Project\AIGC\stylegan2_test\fake\9CT9CLIOZH.jpg,stylegan2_ood,0.2,blur,random_seed1,0.927068,0.008319,0.935386
C:\My_Project\AIGC\stylegan2_test\fake\9CT9CLIOZH.jpg,stylegan2_ood,0.2,blur,random_seed2,0.626772,0.308614,0.935386
C:\My_Project\AIGC\stylegan2_test\fake\9CT9CLIOZH.jpg,stylegan2_ood,0.2,blur,random_seed3,0.880095,0.055292,0.935386
C:\My_Project\AIGC\stylegan2_test\fake\9CT9CLIOZH.jpg,stylegan2_ood,0.2,blur,random_seed4,0.931377,0.004009,0.935386
C:\My_Project\AIGC\stylegan2_test\fake\9CT9CLIOZH.jpg,stylegan2_ood,0.2,blur,hot,0.701398,0.233989,0.935386
C:\My_Project\AIGC\stylegan2_test\fake\9CT9CLIOZH.jpg,stylegan2_ood,0.2,blur,bottom,0.933365,0.002021,0.935386
C:\My_Project\AIGC\stylegan2_test\fake\9CT9CLIOZH.jpg,stylegan2_ood,0.2,blur,random_mean,0.862123,0.073263,0.935386
C:\My_Project\AIGC\stylegan2_test\fake\9CT9CLIOZH.jpg,stylegan2_ood,0.2,constant_fill_CONFOUNDED,hot,0.480739,0.454648,0.935386
C:\My_Project\AIGC\stylegan2_test\fake\9CT9CLIOZH.jpg,stylegan2_ood,0.2,constant_fill_CONFOUNDED,bottom,0.895602,0.039784,0.935386
C:\My_Project\AIGC\stylegan2_test\fake\9CT9CLIOZH.jpg,stylegan2_ood,0.2,constant_fill_CONFOUNDED,random_scattered,0.917986,0.017401,0.935386
C:\My_Project\AIGC\stylegan2_test\fake\9YLX05B7V1.jpg,stylegan2_ood,0.05,blur,random_seed0,0.78758,0.141663,0.929243
C:\My_Project\AIGC\stylegan2_test\fake\9YLX05B7V1.jpg,stylegan2_ood,0.05,blur,random_seed1,0.934144,-0.004901,0.929243
C:\My_Project\AIGC\stylegan2_test\fake\9YLX05B7V1.jpg,stylegan2_ood,0.05,blur,random_seed2,0.930517,-0.001274,0.929243
C:\My_Project\AIGC\stylegan2_test\fake\9YLX05B7V1.jpg,stylegan2_ood,0.05,blur,random_seed3,0.884563,0.044679,0.929243
C:\My_Project\AIGC\stylegan2_test\fake\9YLX05B7V1.jpg,stylegan2_ood,0.05,blur,random_seed4,0.89414,0.035102,0.929243
C:\My_Project\AIGC\stylegan2_test\fake\9YLX05B7V1.jpg,stylegan2_ood,0.05,blur,hot,0.451255,0.477988,0.929243
C:\My_Project\AIGC\stylegan2_test\fake\9YLX05B7V1.jpg,stylegan2_ood,0.05,blur,bottom,0.93254,-0.003297,0.929243
C:\My_Project\AIGC\stylegan2_test\fake\9YLX05B7V1.jpg,stylegan2_ood,0.05,blur,random_mean,0.886189,0.043054,0.929243
C:\My_Project\AIGC\stylegan2_test\fake\9YLX05B7V1.jpg,stylegan2_ood,0.05,constant_fill_CONFOUNDED,hot,0.175117,0.754125,0.929243
C:\My_Project\AIGC\stylegan2_test\fake\9YLX05B7V1.jpg,stylegan2_ood,0.05,constant_fill_CONFOUNDED,bottom,0.926121,0.003122,0.929243
C:\My_Project\AIGC\stylegan2_test\fake\9YLX05B7V1.jpg,stylegan2_ood,0.05,constant_fill_CONFOUNDED,random_scattered,0.795484,0.133759,0.929243
C:\My_Project\AIGC\stylegan2_test\fake\9YLX05B7V1.jpg,stylegan2_ood,0.1,blur,random_seed0,0.926308,0.002935,0.929243
C:\My_Project\AIGC\stylegan2_test\fake\9YLX05B7V1.jpg,stylegan2_ood,0.1,blur,random_seed1,0.892048,0.037194,0.929243
C:\My_Project\AIGC\stylegan2_test\fake\9YLX05B7V1.jpg,stylegan2_ood,0.1,blur,random_seed2,0.893466,0.035777,0.929243
C:\My_Project\AIGC\stylegan2_test\fake\9YLX05B7V1.jpg,stylegan2_ood,0.1,blur,random_seed3,0.790753,0.13849,0.929243
C:\My_Project\AIGC\stylegan2_test\fake\9YLX05B7V1.jpg,stylegan2_ood,0.1,blur,random_seed4,0.633144,0.296099,0.929243
C:\My_Project\AIGC\stylegan2_test\fake\9YLX05B7V1.jpg,stylegan2_ood,0.1,blur,hot,0.51847,0.410773,0.929243
C:\My_Project\AIGC\stylegan2_test\fake\9YLX05B7V1.jpg,stylegan2_ood,0.1,blur,bottom,0.934597,-0.005354,0.929243
C:\My_Project\AIGC\stylegan2_test\fake\9YLX05B7V1.jpg,stylegan2_ood,0.1,blur,random_mean,0.827144,0.102099,0.929243
C:\My_Project\AIGC\stylegan2_test\fake\9YLX05B7V1.jpg,stylegan2_ood,0.1,constant_fill_CONFOUNDED,hot,0.151327,0.777916,0.929243
C:\My_Project\AIGC\stylegan2_test\fake\9YLX05B7V1.jpg,stylegan2_ood,0.1,constant_fill_CONFOUNDED,bottom,0.88816,0.041083,0.929243
C:\My_Project\AIGC\stylegan2_test\fake\9YLX05B7V1.jpg,stylegan2_ood,0.1,constant_fill_CONFOUNDED,random_scattered,0.645027,0.284216,0.929243
C:\My_Project\AIGC\stylegan2_test\fake\9YLX05B7V1.jpg,stylegan2_ood,0.2,blur,random_seed0,0.655154,0.274089,0.929243
C:\My_Project\AIGC\stylegan2_test\fake\9YLX05B7V1.jpg,stylegan2_ood,0.2,blur,random_seed1,0.926539,0.002703,0.929243
C:\My_Project\AIGC\stylegan2_test\fake\9YLX05B7V1.jpg,stylegan2_ood,0.2,blur,random_seed2,0.604068,0.325174,0.929243
C:\My_Project\AIGC\stylegan2_test\fake\9YLX05B7V1.jpg,stylegan2_ood,0.2,blur,random_seed3,0.808447,0.120796,0.929243
C:\My_Project\AIGC\stylegan2_test\fake\9YLX05B7V1.jpg,stylegan2_ood,0.2,blur,random_seed4,0.928491,0.000751,0.929243
C:\My_Project\AIGC\stylegan2_test\fake\9YLX05B7V1.jpg,stylegan2_ood,0.2,blur,hot,0.688603,0.24064,0.929243
C:\My_Project\AIGC\stylegan2_test\fake\9YLX05B7V1.jpg,stylegan2_ood,0.2,blur,bottom,0.936668,-0.007426,0.929243
C:\My_Project\AIGC\stylegan2_test\fake\9YLX05B7V1.jpg,stylegan2_ood,0.2,blur,random_mean,0.78454,0.144703,0.929243
C:\My_Project\AIGC\stylegan2_test\fake\9YLX05B7V1.jpg,stylegan2_ood,0.2,constant_fill_CONFOUNDED,hot,0.14457,0.784673,0.929243
C:\My_Project\AIGC\stylegan2_test\fake\9YLX05B7V1.jpg,stylegan2_ood,0.2,constant_fill_CONFOUNDED,bottom,0.903154,0.026088,0.929243
C:\My_Project\AIGC\stylegan2_test\fake\9YLX05B7V1.jpg,stylegan2_ood,0.2,constant_fill_CONFOUNDED,random_scattered,0.490039,0.439203,0.929243
C:\My_Project\AIGC\stylegan2_test\fake\9ZB4RQT9UA.jpg,stylegan2_ood,0.05,blur,random_seed0,0.925342,0.00079,0.926132
C:\My_Project\AIGC\stylegan2_test\fake\9ZB4RQT9UA.jpg,stylegan2_ood,0.05,blur,random_seed1,0.910641,0.015491,0.926132
C:\My_Project\AIGC\stylegan2_test\fake\9ZB4RQT9UA.jpg,stylegan2_ood,0.05,blur,random_seed2,0.930309,-0.004177,0.926132
C:\My_Project\AIGC\stylegan2_test\fake\9ZB4RQT9UA.jpg,stylegan2_ood,0.05,blur,random_seed3,0.923463,0.002669,0.926132
C:\My_Project\AIGC\stylegan2_test\fake\9ZB4RQT9UA.jpg,stylegan2_ood,0.05,blur,random_seed4,0.927197,-0.001065,0.926132
C:\My_Project\AIGC\stylegan2_test\fake\9ZB4RQT9UA.jpg,stylegan2_ood,0.05,blur,hot,0.927892,-0.00176,0.926132
C:\My_Project\AIGC\stylegan2_test\fake\9ZB4RQT9UA.jpg,stylegan2_ood,0.05,blur,bottom,0.925471,0.000661,0.926132
C:\My_Project\AIGC\stylegan2_test\fake\9ZB4RQT9UA.jpg,stylegan2_ood,0.05,blur,random_mean,0.92339,0.002741,0.926132
C:\My_Project\AIGC\stylegan2_test\fake\9ZB4RQT9UA.jpg,stylegan2_ood,0.05,constant_fill_CONFOUNDED,hot,0.894487,0.031645,0.926132
C:\My_Project\AIGC\stylegan2_test\fake\9ZB4RQT9UA.jpg,stylegan2_ood,0.05,constant_fill_CONFOUNDED,bottom,0.919582,0.006549,0.926132
C:\My_Project\AIGC\stylegan2_test\fake\9ZB4RQT9UA.jpg,stylegan2_ood,0.05,constant_fill_CONFOUNDED,random_scattered,0.842391,0.083741,0.926132
C:\My_Project\AIGC\stylegan2_test\fake\9ZB4RQT9UA.jpg,stylegan2_ood,0.1,blur,random_seed0,0.891643,0.034489,0.926132
C:\My_Project\AIGC\stylegan2_test\fake\9ZB4RQT9UA.jpg,stylegan2_ood,0.1,blur,random_seed1,0.828352,0.09778,0.926132
C:\My_Project\AIGC\stylegan2_test\fake\9ZB4RQT9UA.jpg,stylegan2_ood,0.1,blur,random_seed2,0.923207,0.002925,0.926132
C:\My_Project\AIGC\stylegan2_test\fake\9ZB4RQT9UA.jpg,stylegan2_ood,0.1,blur,random_seed3,0.796685,0.129446,0.926132
C:\My_Project\AIGC\stylegan2_test\fake\9ZB4RQT9UA.jpg,stylegan2_ood,0.1,blur,random_seed4,0.928487,-0.002355,0.926132
C:\My_Project\AIGC\stylegan2_test\fake\9ZB4RQT9UA.jpg,stylegan2_ood,0.1,blur,hot,0.669657,0.256475,0.926132
C:\My_Project\AIGC\stylegan2_test\fake\9ZB4RQT9UA.jpg,stylegan2_ood,0.1,blur,bottom,0.929251,-0.003119,0.926132
C:\My_Project\AIGC\stylegan2_test\fake\9ZB4RQT9UA.jpg,stylegan2_ood,0.1,blur,random_mean,0.873675,0.052457,0.926132
C:\My_Project\AIGC\stylegan2_test\fake\9ZB4RQT9UA.jpg,stylegan2_ood,0.1,constant_fill_CONFOUNDED,hot,0.690429,0.235703,0.926132
C:\My_Project\AIGC\stylegan2_test\fake\9ZB4RQT9UA.jpg,stylegan2_ood,0.1,constant_fill_CONFOUNDED,bottom,0.915058,0.011073,0.926132
C:\My_Project\AIGC\stylegan2_test\fake\9ZB4RQT9UA.jpg,stylegan2_ood,0.1,constant_fill_CONFOUNDED,random_scattered,0.927402,-0.001271,0.926132
C:\My_Project\AIGC\stylegan2_test\fake\9ZB4RQT9UA.jpg,stylegan2_ood,0.2,blur,random_seed0,0.896826,0.029306,0.926132
C:\My_Project\AIGC\stylegan2_test\fake\9ZB4RQT9UA.jpg,stylegan2_ood,0.2,blur,random_seed1,0.711206,0.214926,0.926132
C:\My_Project\AIGC\stylegan2_test\fake\9ZB4RQT9UA.jpg,stylegan2_ood,0.2,blur,random_seed2,0.64168,0.284452,0.926132
C:\My_Project\AIGC\stylegan2_test\fake\9ZB4RQT9UA.jpg,stylegan2_ood,0.2,blur,random_seed3,0.82541,0.100721,0.926132
C:\My_Project\AIGC\stylegan2_test\fake\9ZB4RQT9UA.jpg,stylegan2_ood,0.2,blur,random_seed4,0.769133,0.156999,0.926132
C:\My_Project\AIGC\stylegan2_test\fake\9ZB4RQT9UA.jpg,stylegan2_ood,0.2,blur,hot,0.676082,0.25005,0.926132
C:\My_Project\AIGC\stylegan2_test\fake\9ZB4RQT9UA.jpg,stylegan2_ood,0.2,blur,bottom,0.930853,-0.004721,0.926132
C:\My_Project\AIGC\stylegan2_test\fake\9ZB4RQT9UA.jpg,stylegan2_ood,0.2,blur,random_mean,0.768851,0.157281,0.926132
C:\My_Project\AIGC\stylegan2_test\fake\9ZB4RQT9UA.jpg,stylegan2_ood,0.2,constant_fill_CONFOUNDED,hot,0.583113,0.343019,0.926132
C:\My_Project\AIGC\stylegan2_test\fake\9ZB4RQT9UA.jpg,stylegan2_ood,0.2,constant_fill_CONFOUNDED,bottom,0.908339,0.017793,0.926132
C:\My_Project\AIGC\stylegan2_test\fake\9ZB4RQT9UA.jpg,stylegan2_ood,0.2,constant_fill_CONFOUNDED,random_scattered,0.939802,-0.01367,0.926132
C:\My_Project\AIGC\stylegan2_test\fake\BXD2F7KMWA.jpg,stylegan2_ood,0.05,blur,random_seed0,0.940171,0.000539,0.94071
C:\My_Project\AIGC\stylegan2_test\fake\BXD2F7KMWA.jpg,stylegan2_ood,0.05,blur,random_seed1,0.941925,-0.001215,0.94071
C:\My_Project\AIGC\stylegan2_test\fake\BXD2F7KMWA.jpg,stylegan2_ood,0.05,blur,random_seed2,0.936746,0.003964,0.94071
C:\My_Project\AIGC\stylegan2_test\fake\BXD2F7KMWA.jpg,stylegan2_ood,0.05,blur,random_seed3,0.940265,0.000445,0.94071
C:\My_Project\AIGC\stylegan2_test\fake\BXD2F7KMWA.jpg,stylegan2_ood,0.05,blur,random_seed4,0.937473,0.003237,0.94071
C:\My_Project\AIGC\stylegan2_test\fake\BXD2F7KMWA.jpg,stylegan2_ood,0.05,blur,hot,0.932083,0.008627,0.94071
C:\My_Project\AIGC\stylegan2_test\fake\BXD2F7KMWA.jpg,stylegan2_ood,0.05,blur,bottom,0.941137,-0.000427,0.94071
C:\My_Project\AIGC\stylegan2_test\fake\BXD2F7KMWA.jpg,stylegan2_ood,0.05,blur,random_mean,0.939316,0.001394,0.94071
C:\My_Project\AIGC\stylegan2_test\fake\BXD2F7KMWA.jpg,stylegan2_ood,0.05,constant_fill_CONFOUNDED,hot,0.919133,0.021577,0.94071
C:\My_Project\AIGC\stylegan2_test\fake\BXD2F7KMWA.jpg,stylegan2_ood,0.05,constant_fill_CONFOUNDED,bottom,0.934091,0.006619,0.94071
C:\My_Project\AIGC\stylegan2_test\fake\BXD2F7KMWA.jpg,stylegan2_ood,0.05,constant_fill_CONFOUNDED,random_scattered,0.866937,0.073773,0.94071
C:\My_Project\AIGC\stylegan2_test\fake\BXD2F7KMWA.jpg,stylegan2_ood,0.1,blur,random_seed0,0.935819,0.004891,0.94071
C:\My_Project\AIGC\stylegan2_test\fake\BXD2F7KMWA.jpg,stylegan2_ood,0.1,blur,random_seed1,0.94694,-0.00623,0.94071
C:\My_Project\AIGC\stylegan2_test\fake\BXD2F7KMWA.jpg,stylegan2_ood,0.1,blur,random_seed2,0.913338,0.027372,0.94071
C:\My_Project\AIGC\stylegan2_test\fake\BXD2F7KMWA.jpg,stylegan2_ood,0.1,blur,random_seed3,0.906934,0.033776,0.94071
C:\My_Project\AIGC\stylegan2_test\fake\BXD2F7KMWA.jpg,stylegan2_ood,0.1,blur,random_seed4,0.945487,-0.004777,0.94071
C:\My_Project\AIGC\stylegan2_test\fake\BXD2F7KMWA.jpg,stylegan2_ood,0.1,blur,hot,0.901288,0.039422,0.94071
C:\My_Project\AIGC\stylegan2_test\fake\BXD2F7KMWA.jpg,stylegan2_ood,0.1,blur,bottom,0.940508,0.000202,0.94071
C:\My_Project\AIGC\stylegan2_test\fake\BXD2F7KMWA.jpg,stylegan2_ood,0.1,blur,random_mean,0.929704,0.011006,0.94071
C:\My_Project\AIGC\stylegan2_test\fake\BXD2F7KMWA.jpg,stylegan2_ood,0.1,constant_fill_CONFOUNDED,hot,0.761874,0.178836,0.94071
C:\My_Project\AIGC\stylegan2_test\fake\BXD2F7KMWA.jpg,stylegan2_ood,0.1,constant_fill_CONFOUNDED,bottom,0.934108,0.006602,0.94071
C:\My_Project\AIGC\stylegan2_test\fake\BXD2F7KMWA.jpg,stylegan2_ood,0.1,constant_fill_CONFOUNDED,random_scattered,0.911791,0.028919,0.94071
C:\My_Project\AIGC\stylegan2_test\fake\BXD2F7KMWA.jpg,stylegan2_ood,0.2,blur,random_seed0,0.930748,0.009961,0.94071
C:\My_Project\AIGC\stylegan2_test\fake\BXD2F7KMWA.jpg,stylegan2_ood,0.2,blur,random_seed1,0.943465,-0.002755,0.94071
C:\My_Project\AIGC\stylegan2_test\fake\BXD2F7KMWA.jpg,stylegan2_ood,0.2,blur,random_seed2,0.917827,0.022883,0.94071
C:\My_Project\AIGC\stylegan2_test\fake\BXD2F7KMWA.jpg,stylegan2_ood,0.2,blur,random_seed3,0.728829,0.211881,0.94071
C:\My_Project\AIGC\stylegan2_test\fake\BXD2F7KMWA.jpg,stylegan2_ood,0.2,blur,random_seed4,0.883307,0.057403,0.94071
C:\My_Project\AIGC\stylegan2_test\fake\BXD2F7KMWA.jpg,stylegan2_ood,0.2,blur,hot,0.757791,0.182919,0.94071
C:\My_Project\AIGC\stylegan2_test\fake\BXD2F7KMWA.jpg,stylegan2_ood,0.2,blur,bottom,0.940063,0.000647,0.94071
C:\My_Project\AIGC\stylegan2_test\fake\BXD2F7KMWA.jpg,stylegan2_ood,0.2,blur,random_mean,0.880835,0.059875,0.94071
C:\My_Project\AIGC\stylegan2_test\fake\BXD2F7KMWA.jpg,stylegan2_ood,0.2,constant_fill_CONFOUNDED,hot,0.342341,0.598369,0.94071
C:\My_Project\AIGC\stylegan2_test\fake\BXD2F7KMWA.jpg,stylegan2_ood,0.2,constant_fill_CONFOUNDED,bottom,0.926255,0.014455,0.94071
C:\My_Project\AIGC\stylegan2_test\fake\BXD2F7KMWA.jpg,stylegan2_ood,0.2,constant_fill_CONFOUNDED,random_scattered,0.91511,0.0256,0.94071
C:\My_Project\AIGC\stylegan2_test\fake\DEBW16E2CA.jpg,stylegan2_ood,0.05,blur,random_seed0,0.918231,0.008048,0.926279
C:\My_Project\AIGC\stylegan2_test\fake\DEBW16E2CA.jpg,stylegan2_ood,0.05,blur,random_seed1,0.922678,0.003601,0.926279
C:\My_Project\AIGC\stylegan2_test\fake\DEBW16E2CA.jpg,stylegan2_ood,0.05,blur,random_seed2,0.924539,0.00174,0.926279
C:\My_Project\AIGC\stylegan2_test\fake\DEBW16E2CA.jpg,stylegan2_ood,0.05,blur,random_seed3,0.920203,0.006075,0.926279
C:\My_Project\AIGC\stylegan2_test\fake\DEBW16E2CA.jpg,stylegan2_ood,0.05,blur,random_seed4,0.925833,0.000445,0.926279
C:\My_Project\AIGC\stylegan2_test\fake\DEBW16E2CA.jpg,stylegan2_ood,0.05,blur,hot,0.905131,0.021147,0.926279
C:\My_Project\AIGC\stylegan2_test\fake\DEBW16E2CA.jpg,stylegan2_ood,0.05,blur,bottom,0.924357,0.001922,0.926279
C:\My_Project\AIGC\stylegan2_test\fake\DEBW16E2CA.jpg,stylegan2_ood,0.05,blur,random_mean,0.922297,0.003982,0.926279
C:\My_Project\AIGC\stylegan2_test\fake\DEBW16E2CA.jpg,stylegan2_ood,0.05,constant_fill_CONFOUNDED,hot,0.91692,0.009359,0.926279
C:\My_Project\AIGC\stylegan2_test\fake\DEBW16E2CA.jpg,stylegan2_ood,0.05,constant_fill_CONFOUNDED,bottom,0.923394,0.002885,0.926279
C:\My_Project\AIGC\stylegan2_test\fake\DEBW16E2CA.jpg,stylegan2_ood,0.05,constant_fill_CONFOUNDED,random_scattered,0.382122,0.544156,0.926279
C:\My_Project\AIGC\stylegan2_test\fake\DEBW16E2CA.jpg,stylegan2_ood,0.1,blur,random_seed0,0.908971,0.017308,0.926279
C:\My_Project\AIGC\stylegan2_test\fake\DEBW16E2CA.jpg,stylegan2_ood,0.1,blur,random_seed1,0.847183,0.079095,0.926279
C:\My_Project\AIGC\stylegan2_test\fake\DEBW16E2CA.jpg,stylegan2_ood,0.1,blur,random_seed2,0.774982,0.151297,0.926279
C:\My_Project\AIGC\stylegan2_test\fake\DEBW16E2CA.jpg,stylegan2_ood,0.1,blur,random_seed3,0.790178,0.1361,0.926279
C:\My_Project\AIGC\stylegan2_test\fake\DEBW16E2CA.jpg,stylegan2_ood,0.1,blur,random_seed4,0.885769,0.04051,0.926279
C:\My_Project\AIGC\stylegan2_test\fake\DEBW16E2CA.jpg,stylegan2_ood,0.1,blur,hot,0.739218,0.187061,0.926279
C:\My_Project\AIGC\stylegan2_test\fake\DEBW16E2CA.jpg,stylegan2_ood,0.1,blur,bottom,0.92582,0.000459,0.926279
C:\My_Project\AIGC\stylegan2_test\fake\DEBW16E2CA.jpg,stylegan2_ood,0.1,blur,random_mean,0.841417,0.084862,0.926279
C:\My_Project\AIGC\stylegan2_test\fake\DEBW16E2CA.jpg,stylegan2_ood,0.1,constant_fill_CONFOUNDED,hot,0.539056,0.387223,0.926279
C:\My_Project\AIGC\stylegan2_test\fake\DEBW16E2CA.jpg,stylegan2_ood,0.1,constant_fill_CONFOUNDED,bottom,0.924172,0.002107,0.926279
C:\My_Project\AIGC\stylegan2_test\fake\DEBW16E2CA.jpg,stylegan2_ood,0.1,constant_fill_CONFOUNDED,random_scattered,0.864626,0.061653,0.926279
C:\My_Project\AIGC\stylegan2_test\fake\DEBW16E2CA.jpg,stylegan2_ood,0.2,blur,random_seed0,0.922254,0.004025,0.926279
C:\My_Project\AIGC\stylegan2_test\fake\DEBW16E2CA.jpg,stylegan2_ood,0.2,blur,random_seed1,0.914943,0.011336,0.926279
C:\My_Project\AIGC\stylegan2_test\fake\DEBW16E2CA.jpg,stylegan2_ood,0.2,blur,random_seed2,0.919591,0.006688,0.926279
C:\My_Project\AIGC\stylegan2_test\fake\DEBW16E2CA.jpg,stylegan2_ood,0.2,blur,random_seed3,0.924087,0.002191,0.926279
C:\My_Project\AIGC\stylegan2_test\fake\DEBW16E2CA.jpg,stylegan2_ood,0.2,blur,random_seed4,0.850689,0.075589,0.926279
C:\My_Project\AIGC\stylegan2_test\fake\DEBW16E2CA.jpg,stylegan2_ood,0.2,blur,hot,0.380136,0.546143,0.926279
C:\My_Project\AIGC\stylegan2_test\fake\DEBW16E2CA.jpg,stylegan2_ood,0.2,blur,bottom,0.933767,-0.007489,0.926279
C:\My_Project\AIGC\stylegan2_test\fake\DEBW16E2CA.jpg,stylegan2_ood,0.2,blur,random_mean,0.906313,0.019966,0.926279
C:\My_Project\AIGC\stylegan2_test\fake\DEBW16E2CA.jpg,stylegan2_ood,0.2,constant_fill_CONFOUNDED,hot,0.284592,0.641686,0.926279
C:\My_Project\AIGC\stylegan2_test\fake\DEBW16E2CA.jpg,stylegan2_ood,0.2,constant_fill_CONFOUNDED,bottom,0.928866,-0.002588,0.926279
C:\My_Project\AIGC\stylegan2_test\fake\DEBW16E2CA.jpg,stylegan2_ood,0.2,constant_fill_CONFOUNDED,random_scattered,0.772037,0.154241,0.926279
C:\My_Project\AIGC\stylegan2_test\fake\DXY4M1MLQ7.jpg,stylegan2_ood,0.05,blur,random_seed0,0.915632,0.001103,0.916735
C:\My_Project\AIGC\stylegan2_test\fake\DXY4M1MLQ7.jpg,stylegan2_ood,0.05,blur,random_seed1,0.923424,-0.006689,0.916735
C:\My_Project\AIGC\stylegan2_test\fake\DXY4M1MLQ7.jpg,stylegan2_ood,0.05,blur,random_seed2,0.923941,-0.007207,0.916735
C:\My_Project\AIGC\stylegan2_test\fake\DXY4M1MLQ7.jpg,stylegan2_ood,0.05,blur,random_seed3,0.8974,0.019335,0.916735
C:\My_Project\AIGC\stylegan2_test\fake\DXY4M1MLQ7.jpg,stylegan2_ood,0.05,blur,random_seed4,0.916228,0.000507,0.916735
C:\My_Project\AIGC\stylegan2_test\fake\DXY4M1MLQ7.jpg,stylegan2_ood,0.05,blur,hot,0.610231,0.306504,0.916735
C:\My_Project\AIGC\stylegan2_test\fake\DXY4M1MLQ7.jpg,stylegan2_ood,0.05,blur,bottom,0.915717,0.001018,0.916735
C:\My_Project\AIGC\stylegan2_test\fake\DXY4M1MLQ7.jpg,stylegan2_ood,0.05,blur,random_mean,0.915325,0.00141,0.916735
C:\My_Project\AIGC\stylegan2_test\fake\DXY4M1MLQ7.jpg,stylegan2_ood,0.05,constant_fill_CONFOUNDED,hot,0.377896,0.538839,0.916735
C:\My_Project\AIGC\stylegan2_test\fake\DXY4M1MLQ7.jpg,stylegan2_ood,0.05,constant_fill_CONFOUNDED,bottom,0.904104,0.012631,0.916735
C:\My_Project\AIGC\stylegan2_test\fake\DXY4M1MLQ7.jpg,stylegan2_ood,0.05,constant_fill_CONFOUNDED,random_scattered,0.645943,0.270791,0.916735
C:\My_Project\AIGC\stylegan2_test\fake\DXY4M1MLQ7.jpg,stylegan2_ood,0.1,blur,random_seed0,0.924886,-0.008151,0.916735
C:\My_Project\AIGC\stylegan2_test\fake\DXY4M1MLQ7.jpg,stylegan2_ood,0.1,blur,random_seed1,0.593511,0.323223,0.916735
C:\My_Project\AIGC\stylegan2_test\fake\DXY4M1MLQ7.jpg,stylegan2_ood,0.1,blur,random_seed2,0.906184,0.01055,0.916735
C:\My_Project\AIGC\stylegan2_test\fake\DXY4M1MLQ7.jpg,stylegan2_ood,0.1,blur,random_seed3,0.919662,-0.002927,0.916735
C:\My_Project\AIGC\stylegan2_test\fake\DXY4M1MLQ7.jpg,stylegan2_ood,0.1,blur,random_seed4,0.925823,-0.009088,0.916735
C:\My_Project\AIGC\stylegan2_test\fake\DXY4M1MLQ7.jpg,stylegan2_ood,0.1,blur,hot,0.197824,0.71891,0.916735
C:\My_Project\AIGC\stylegan2_test\fake\DXY4M1MLQ7.jpg,stylegan2_ood,0.1,blur,bottom,0.916284,0.000451,0.916735
C:\My_Project\AIGC\stylegan2_test\fake\DXY4M1MLQ7.jpg,stylegan2_ood,0.1,blur,random_mean,0.854013,0.062722,0.916735
C:\My_Project\AIGC\stylegan2_test\fake\DXY4M1MLQ7.jpg,stylegan2_ood,0.1,constant_fill_CONFOUNDED,hot,0.128588,0.788147,0.916735
C:\My_Project\AIGC\stylegan2_test\fake\DXY4M1MLQ7.jpg,stylegan2_ood,0.1,constant_fill_CONFOUNDED,bottom,0.912639,0.004096,0.916735
C:\My_Project\AIGC\stylegan2_test\fake\DXY4M1MLQ7.jpg,stylegan2_ood,0.1,constant_fill_CONFOUNDED,random_scattered,0.864866,0.051869,0.916735
C:\My_Project\AIGC\stylegan2_test\fake\DXY4M1MLQ7.jpg,stylegan2_ood,0.2,blur,random_seed0,0.489514,0.427221,0.916735
C:\My_Project\AIGC\stylegan2_test\fake\DXY4M1MLQ7.jpg,stylegan2_ood,0.2,blur,random_seed1,0.687149,0.229586,0.916735
C:\My_Project\AIGC\stylegan2_test\fake\DXY4M1MLQ7.jpg,stylegan2_ood,0.2,blur,random_seed2,0.440615,0.476119,0.916735
C:\My_Project\AIGC\stylegan2_test\fake\DXY4M1MLQ7.jpg,stylegan2_ood,0.2,blur,random_seed3,0.908769,0.007966,0.916735
C:\My_Project\AIGC\stylegan2_test\fake\DXY4M1MLQ7.jpg,stylegan2_ood,0.2,blur,random_seed4,0.732742,0.183992,0.916735
C:\My_Project\AIGC\stylegan2_test\fake\DXY4M1MLQ7.jpg,stylegan2_ood,0.2,blur,hot,0.470819,0.445916,0.916735
C:\My_Project\AIGC\stylegan2_test\fake\DXY4M1MLQ7.jpg,stylegan2_ood,0.2,blur,bottom,0.924078,-0.007343,0.916735
C:\My_Project\AIGC\stylegan2_test\fake\DXY4M1MLQ7.jpg,stylegan2_ood,0.2,blur,random_mean,0.651758,0.264977,0.916735
C:\My_Project\AIGC\stylegan2_test\fake\DXY4M1MLQ7.jpg,stylegan2_ood,0.2,constant_fill_CONFOUNDED,hot,0.188654,0.728081,0.916735
C:\My_Project\AIGC\stylegan2_test\fake\DXY4M1MLQ7.jpg,stylegan2_ood,0.2,constant_fill_CONFOUNDED,bottom,0.901683,0.015052,0.916735
C:\My_Project\AIGC\stylegan2_test\fake\DXY4M1MLQ7.jpg,stylegan2_ood,0.2,constant_fill_CONFOUNDED,random_scattered,0.877056,0.039679,0.916735
C:\My_Project\AIGC\stylegan2_test\fake\HF1JHOEIGR.jpg,stylegan2_ood,0.05,blur,random_seed0,0.928871,-0.002765,0.926106
C:\My_Project\AIGC\stylegan2_test\fake\HF1JHOEIGR.jpg,stylegan2_ood,0.05,blur,random_seed1,0.920199,0.005907,0.926106
C:\My_Project\AIGC\stylegan2_test\fake\HF1JHOEIGR.jpg,stylegan2_ood,0.05,blur,random_seed2,0.923662,0.002444,0.926106
C:\My_Project\AIGC\stylegan2_test\fake\HF1JHOEIGR.jpg,stylegan2_ood,0.05,blur,random_seed3,0.924388,0.001718,0.926106
C:\My_Project\AIGC\stylegan2_test\fake\HF1JHOEIGR.jpg,stylegan2_ood,0.05,blur,random_seed4,0.82646,0.099646,0.926106
C:\My_Project\AIGC\stylegan2_test\fake\HF1JHOEIGR.jpg,stylegan2_ood,0.05,blur,hot,0.890138,0.035968,0.926106
C:\My_Project\AIGC\stylegan2_test\fake\HF1JHOEIGR.jpg,stylegan2_ood,0.05,blur,bottom,0.93247,-0.006364,0.926106
C:\My_Project\AIGC\stylegan2_test\fake\HF1JHOEIGR.jpg,stylegan2_ood,0.05,blur,random_mean,0.904716,0.02139,0.926106
C:\My_Project\AIGC\stylegan2_test\fake\HF1JHOEIGR.jpg,stylegan2_ood,0.05,constant_fill_CONFOUNDED,hot,0.7216,0.204506,0.926106
C:\My_Project\AIGC\stylegan2_test\fake\HF1JHOEIGR.jpg,stylegan2_ood,0.05,constant_fill_CONFOUNDED,bottom,0.92421,0.001896,0.926106
C:\My_Project\AIGC\stylegan2_test\fake\HF1JHOEIGR.jpg,stylegan2_ood,0.05,constant_fill_CONFOUNDED,random_scattered,0.630378,0.295728,0.926106
C:\My_Project\AIGC\stylegan2_test\fake\HF1JHOEIGR.jpg,stylegan2_ood,0.1,blur,random_seed0,0.901007,0.025099,0.926106
C:\My_Project\AIGC\stylegan2_test\fake\HF1JHOEIGR.jpg,stylegan2_ood,0.1,blur,random_seed1,0.918632,0.007474,0.926106
C:\My_Project\AIGC\stylegan2_test\fake\HF1JHOEIGR.jpg,stylegan2_ood,0.1,blur,random_seed2,0.918065,0.008041,0.926106
C:\My_Project\AIGC\stylegan2_test\fake\HF1JHOEIGR.jpg,stylegan2_ood,0.1,blur,random_seed3,0.926876,-0.00077,0.926106
C:\My_Project\AIGC\stylegan2_test\fake\HF1JHOEIGR.jpg,stylegan2_ood,0.1,blur,random_seed4,0.923063,0.003043,0.926106
C:\My_Project\AIGC\stylegan2_test\fake\HF1JHOEIGR.jpg,stylegan2_ood,0.1,blur,hot,0.375275,0.550831,0.926106
C:\My_Project\AIGC\stylegan2_test\fake\HF1JHOEIGR.jpg,stylegan2_ood,0.1,blur,bottom,0.923726,0.00238,0.926106
C:\My_Project\AIGC\stylegan2_test\fake\HF1JHOEIGR.jpg,stylegan2_ood,0.1,blur,random_mean,0.917529,0.008577,0.926106
C:\My_Project\AIGC\stylegan2_test\fake\HF1JHOEIGR.jpg,stylegan2_ood,0.1,constant_fill_CONFOUNDED,hot,0.219725,0.706381,0.926106
C:\My_Project\AIGC\stylegan2_test\fake\HF1JHOEIGR.jpg,stylegan2_ood,0.1,constant_fill_CONFOUNDED,bottom,0.914025,0.012081,0.926106
C:\My_Project\AIGC\stylegan2_test\fake\HF1JHOEIGR.jpg,stylegan2_ood,0.1,constant_fill_CONFOUNDED,random_scattered,0.848886,0.07722,0.926106
C:\My_Project\AIGC\stylegan2_test\fake\HF1JHOEIGR.jpg,stylegan2_ood,0.2,blur,random_seed0,0.91976,0.006346,0.926106
C:\My_Project\AIGC\stylegan2_test\fake\HF1JHOEIGR.jpg,stylegan2_ood,0.2,blur,random_seed1,0.922702,0.003404,0.926106
C:\My_Project\AIGC\stylegan2_test\fake\HF1JHOEIGR.jpg,stylegan2_ood,0.2,blur,random_seed2,0.892362,0.033744,0.926106
C:\My_Project\AIGC\stylegan2_test\fake\HF1JHOEIGR.jpg,stylegan2_ood,0.2,blur,random_seed3,0.931696,-0.00559,0.926106
C:\My_Project\AIGC\stylegan2_test\fake\HF1JHOEIGR.jpg,stylegan2_ood,0.2,blur,random_seed4,0.576296,0.34981,0.926106
C:\My_Project\AIGC\stylegan2_test\fake\HF1JHOEIGR.jpg,stylegan2_ood,0.2,blur,hot,0.597362,0.328744,0.926106
C:\My_Project\AIGC\stylegan2_test\fake\HF1JHOEIGR.jpg,stylegan2_ood,0.2,blur,bottom,0.925547,0.000559,0.926106
C:\My_Project\AIGC\stylegan2_test\fake\HF1JHOEIGR.jpg,stylegan2_ood,0.2,blur,random_mean,0.848563,0.077543,0.926106
C:\My_Project\AIGC\stylegan2_test\fake\HF1JHOEIGR.jpg,stylegan2_ood,0.2,constant_fill_CONFOUNDED,hot,0.487284,0.438822,0.926106
C:\My_Project\AIGC\stylegan2_test\fake\HF1JHOEIGR.jpg,stylegan2_ood,0.2,constant_fill_CONFOUNDED,bottom,0.908707,0.017399,0.926106
C:\My_Project\AIGC\stylegan2_test\fake\HF1JHOEIGR.jpg,stylegan2_ood,0.2,constant_fill_CONFOUNDED,random_scattered,0.927606,-0.0015,0.926106
C:\My_Project\AIGC\stylegan2_test\fake\ID9OH4XXHX.jpg,stylegan2_ood,0.05,blur,random_seed0,0.935595,0.000589,0.936184
C:\My_Project\AIGC\stylegan2_test\fake\ID9OH4XXHX.jpg,stylegan2_ood,0.05,blur,random_seed1,0.921313,0.014871,0.936184
C:\My_Project\AIGC\stylegan2_test\fake\ID9OH4XXHX.jpg,stylegan2_ood,0.05,blur,random_seed2,0.93217,0.004014,0.936184
C:\My_Project\AIGC\stylegan2_test\fake\ID9OH4XXHX.jpg,stylegan2_ood,0.05,blur,random_seed3,0.911422,0.024762,0.936184
C:\My_Project\AIGC\stylegan2_test\fake\ID9OH4XXHX.jpg,stylegan2_ood,0.05,blur,random_seed4,0.938455,-0.002271,0.936184
C:\My_Project\AIGC\stylegan2_test\fake\ID9OH4XXHX.jpg,stylegan2_ood,0.05,blur,hot,0.925291,0.010893,0.936184
C:\My_Project\AIGC\stylegan2_test\fake\ID9OH4XXHX.jpg,stylegan2_ood,0.05,blur,bottom,0.936638,-0.000454,0.936184
C:\My_Project\AIGC\stylegan2_test\fake\ID9OH4XXHX.jpg,stylegan2_ood,0.05,blur,random_mean,0.927791,0.008393,0.936184
C:\My_Project\AIGC\stylegan2_test\fake\ID9OH4XXHX.jpg,stylegan2_ood,0.05,constant_fill_CONFOUNDED,hot,0.917277,0.018907,0.936184
C:\My_Project\AIGC\stylegan2_test\fake\ID9OH4XXHX.jpg,stylegan2_ood,0.05,constant_fill_CONFOUNDED,bottom,0.932504,0.00368,0.936184
C:\My_Project\AIGC\stylegan2_test\fake\ID9OH4XXHX.jpg,stylegan2_ood,0.05,constant_fill_CONFOUNDED,random_scattered,0.928479,0.007705,0.936184
C:\My_Project\AIGC\stylegan2_test\fake\ID9OH4XXHX.jpg,stylegan2_ood,0.1,blur,random_seed0,0.935483,0.000701,0.936184
C:\My_Project\AIGC\stylegan2_test\fake\ID9OH4XXHX.jpg,stylegan2_ood,0.1,blur,random_seed1,0.938399,-0.002215,0.936184
C:\My_Project\AIGC\stylegan2_test\fake\ID9OH4XXHX.jpg,stylegan2_ood,0.1,blur,random_seed2,0.933266,0.002918,0.936184
C:\My_Project\AIGC\stylegan2_test\fake\ID9OH4XXHX.jpg,stylegan2_ood,0.1,blur,random_seed3,0.935212,0.000972,0.936184
C:\My_Project\AIGC\stylegan2_test\fake\ID9OH4XXHX.jpg,stylegan2_ood,0.1,blur,random_seed4,0.88327,0.052914,0.936184
C:\My_Project\AIGC\stylegan2_test\fake\ID9OH4XXHX.jpg,stylegan2_ood,0.1,blur,hot,0.742077,0.194107,0.936184
C:\My_Project\AIGC\stylegan2_test\fake\ID9OH4XXHX.jpg,stylegan2_ood,0.1,blur,bottom,0.93972,-0.003536,0.936184
C:\My_Project\AIGC\stylegan2_test\fake\ID9OH4XXHX.jpg,stylegan2_ood,0.1,blur,random_mean,0.925126,0.011058,0.936184
C:\My_Project\AIGC\stylegan2_test\fake\ID9OH4XXHX.jpg,stylegan2_ood,0.1,constant_fill_CONFOUNDED,hot,0.369135,0.567049,0.936184
C:\My_Project\AIGC\stylegan2_test\fake\ID9OH4XXHX.jpg,stylegan2_ood,0.1,constant_fill_CONFOUNDED,bottom,0.935314,0.00087,0.936184
C:\My_Project\AIGC\stylegan2_test\fake\ID9OH4XXHX.jpg,stylegan2_ood,0.1,constant_fill_CONFOUNDED,random_scattered,0.932598,0.003586,0.936184
C:\My_Project\AIGC\stylegan2_test\fake\ID9OH4XXHX.jpg,stylegan2_ood,0.2,blur,random_seed0,0.921779,0.014405,0.936184
C:\My_Project\AIGC\stylegan2_test\fake\ID9OH4XXHX.jpg,stylegan2_ood,0.2,blur,random_seed1,0.930231,0.005953,0.936184
C:\My_Project\AIGC\stylegan2_test\fake\ID9OH4XXHX.jpg,stylegan2_ood,0.2,blur,random_seed2,0.887521,0.048663,0.936184
C:\My_Project\AIGC\stylegan2_test\fake\ID9OH4XXHX.jpg,stylegan2_ood,0.2,blur,random_seed3,0.851163,0.085021,0.936184
C:\My_Project\AIGC\stylegan2_test\fake\ID9OH4XXHX.jpg,stylegan2_ood,0.2,blur,random_seed4,0.903568,0.032616,0.936184
C:\My_Project\AIGC\stylegan2_test\fake\ID9OH4XXHX.jpg,stylegan2_ood,0.2,blur,hot,0.572203,0.36398,0.936184
C:\My_Project\AIGC\stylegan2_test\fake\ID9OH4XXHX.jpg,stylegan2_ood,0.2,blur,bottom,0.944511,-0.008327,0.936184
C:\My_Project\AIGC\stylegan2_test\fake\ID9OH4XXHX.jpg,stylegan2_ood,0.2,blur,random_mean,0.898852,0.037332,0.936184
C:\My_Project\AIGC\stylegan2_test\fake\ID9OH4XXHX.jpg,stylegan2_ood,0.2,constant_fill_CONFOUNDED,hot,0.344322,0.591862,0.936184
C:\My_Project\AIGC\stylegan2_test\fake\ID9OH4XXHX.jpg,stylegan2_ood,0.2,constant_fill_CONFOUNDED,bottom,0.924757,0.011427,0.936184
C:\My_Project\AIGC\stylegan2_test\fake\ID9OH4XXHX.jpg,stylegan2_ood,0.2,constant_fill_CONFOUNDED,random_scattered,0.918728,0.017456,0.936184
C:\My_Project\AIGC\stylegan2_test\fake\IL3PGDMOUE.jpg,stylegan2_ood,0.05,blur,random_seed0,0.901539,0.001129,0.902668
C:\My_Project\AIGC\stylegan2_test\fake\IL3PGDMOUE.jpg,stylegan2_ood,0.05,blur,random_seed1,0.908558,-0.00589,0.902668
C:\My_Project\AIGC\stylegan2_test\fake\IL3PGDMOUE.jpg,stylegan2_ood,0.05,blur,random_seed2,0.908416,-0.005748,0.902668
C:\My_Project\AIGC\stylegan2_test\fake\IL3PGDMOUE.jpg,stylegan2_ood,0.05,blur,random_seed3,0.902943,-0.000275,0.902668
C:\My_Project\AIGC\stylegan2_test\fake\IL3PGDMOUE.jpg,stylegan2_ood,0.05,blur,random_seed4,0.91848,-0.015813,0.902668
C:\My_Project\AIGC\stylegan2_test\fake\IL3PGDMOUE.jpg,stylegan2_ood,0.05,blur,hot,0.879636,0.023032,0.902668
C:\My_Project\AIGC\stylegan2_test\fake\IL3PGDMOUE.jpg,stylegan2_ood,0.05,blur,bottom,0.901853,0.000815,0.902668
C:\My_Project\AIGC\stylegan2_test\fake\IL3PGDMOUE.jpg,stylegan2_ood,0.05,blur,random_mean,0.907987,-0.005319,0.902668
C:\My_Project\AIGC\stylegan2_test\fake\IL3PGDMOUE.jpg,stylegan2_ood,0.05,constant_fill_CONFOUNDED,hot,0.881035,0.021633,0.902668
C:\My_Project\AIGC\stylegan2_test\fake\IL3PGDMOUE.jpg,stylegan2_ood,0.05,constant_fill_CONFOUNDED,bottom,0.896403,0.006265,0.902668
C:\My_Project\AIGC\stylegan2_test\fake\IL3PGDMOUE.jpg,stylegan2_ood,0.05,constant_fill_CONFOUNDED,random_scattered,0.890926,0.011742,0.902668
C:\My_Project\AIGC\stylegan2_test\fake\IL3PGDMOUE.jpg,stylegan2_ood,0.1,blur,random_seed0,0.920675,-0.018007,0.902668
C:\My_Project\AIGC\stylegan2_test\fake\IL3PGDMOUE.jpg,stylegan2_ood,0.1,blur,random_seed1,0.871561,0.031107,0.902668
C:\My_Project\AIGC\stylegan2_test\fake\IL3PGDMOUE.jpg,stylegan2_ood,0.1,blur,random_seed2,0.919279,-0.016611,0.902668
C:\My_Project\AIGC\stylegan2_test\fake\IL3PGDMOUE.jpg,stylegan2_ood,0.1,blur,random_seed3,0.824087,0.078581,0.902668
C:\My_Project\AIGC\stylegan2_test\fake\IL3PGDMOUE.jpg,stylegan2_ood,0.1,blur,random_seed4,0.886187,0.01648,0.902668
C:\My_Project\AIGC\stylegan2_test\fake\IL3PGDMOUE.jpg,stylegan2_ood,0.1,blur,hot,0.741317,0.161351,0.902668
C:\My_Project\AIGC\stylegan2_test\fake\IL3PGDMOUE.jpg,stylegan2_ood,0.1,blur,bottom,0.908317,-0.005649,0.902668
C:\My_Project\AIGC\stylegan2_test\fake\IL3PGDMOUE.jpg,stylegan2_ood,0.1,blur,random_mean,0.884358,0.01831,0.902668
C:\My_Project\AIGC\stylegan2_test\fake\IL3PGDMOUE.jpg,stylegan2_ood,0.1,constant_fill_CONFOUNDED,hot,0.143554,0.759114,0.902668
C:\My_Project\AIGC\stylegan2_test\fake\IL3PGDMOUE.jpg,stylegan2_ood,0.1,constant_fill_CONFOUNDED,bottom,0.902578,9e-05,0.902668
C:\My_Project\AIGC\stylegan2_test\fake\IL3PGDMOUE.jpg,stylegan2_ood,0.1,constant_fill_CONFOUNDED,random_scattered,0.916005,-0.013337,0.902668
C:\My_Project\AIGC\stylegan2_test\fake\IL3PGDMOUE.jpg,stylegan2_ood,0.2,blur,random_seed0,0.601969,0.300699,0.902668
C:\My_Project\AIGC\stylegan2_test\fake\IL3PGDMOUE.jpg,stylegan2_ood,0.2,blur,random_seed1,0.919173,-0.016505,0.902668
C:\My_Project\AIGC\stylegan2_test\fake\IL3PGDMOUE.jpg,stylegan2_ood,0.2,blur,random_seed2,0.528199,0.374469,0.902668
C:\My_Project\AIGC\stylegan2_test\fake\IL3PGDMOUE.jpg,stylegan2_ood,0.2,blur,random_seed3,0.607497,0.295171,0.902668
C:\My_Project\AIGC\stylegan2_test\fake\IL3PGDMOUE.jpg,stylegan2_ood,0.2,blur,random_seed4,0.368955,0.533713,0.902668
C:\My_Project\AIGC\stylegan2_test\fake\IL3PGDMOUE.jpg,stylegan2_ood,0.2,blur,hot,0.604752,0.297916,0.902668
C:\My_Project\AIGC\stylegan2_test\fake\IL3PGDMOUE.jpg,stylegan2_ood,0.2,blur,bottom,0.911641,-0.008973,0.902668
C:\My_Project\AIGC\stylegan2_test\fake\IL3PGDMOUE.jpg,stylegan2_ood,0.2,blur,random_mean,0.605159,0.297509,0.902668
C:\My_Project\AIGC\stylegan2_test\fake\IL3PGDMOUE.jpg,stylegan2_ood,0.2,constant_fill_CONFOUNDED,hot,0.527076,0.375592,0.902668
C:\My_Project\AIGC\stylegan2_test\fake\IL3PGDMOUE.jpg,stylegan2_ood,0.2,constant_fill_CONFOUNDED,bottom,0.868858,0.03381,0.902668
C:\My_Project\AIGC\stylegan2_test\fake\IL3PGDMOUE.jpg,stylegan2_ood,0.2,constant_fill_CONFOUNDED,random_scattered,0.91832,-0.015652,0.902668
C:\My_Project\AIGC\stylegan2_test\fake\JU9X9WZ3B5.jpg,stylegan2_ood,0.05,blur,random_seed0,0.948694,0.004635,0.953329
C:\My_Project\AIGC\stylegan2_test\fake\JU9X9WZ3B5.jpg,stylegan2_ood,0.05,blur,random_seed1,0.951191,0.002138,0.953329
C:\My_Project\AIGC\stylegan2_test\fake\JU9X9WZ3B5.jpg,stylegan2_ood,0.05,blur,random_seed2,0.955739,-0.00241,0.953329
C:\My_Project\AIGC\stylegan2_test\fake\JU9X9WZ3B5.jpg,stylegan2_ood,0.05,blur,random_seed3,0.956864,-0.003536,0.953329
C:\My_Project\AIGC\stylegan2_test\fake\JU9X9WZ3B5.jpg,stylegan2_ood,0.05,blur,random_seed4,0.947443,0.005886,0.953329
C:\My_Project\AIGC\stylegan2_test\fake\JU9X9WZ3B5.jpg,stylegan2_ood,0.05,blur,hot,0.951844,0.001485,0.953329
C:\My_Project\AIGC\stylegan2_test\fake\JU9X9WZ3B5.jpg,stylegan2_ood,0.05,blur,bottom,0.955737,-0.002409,0.953329
C:\My_Project\AIGC\stylegan2_test\fake\JU9X9WZ3B5.jpg,stylegan2_ood,0.05,blur,random_mean,0.951986,0.001342,0.953329
C:\My_Project\AIGC\stylegan2_test\fake\JU9X9WZ3B5.jpg,stylegan2_ood,0.05,constant_fill_CONFOUNDED,hot,0.941636,0.011693,0.953329
C:\My_Project\AIGC\stylegan2_test\fake\JU9X9WZ3B5.jpg,stylegan2_ood,0.05,constant_fill_CONFOUNDED,bottom,0.947106,0.006222,0.953329
C:\My_Project\AIGC\stylegan2_test\fake\JU9X9WZ3B5.jpg,stylegan2_ood,0.05,constant_fill_CONFOUNDED,random_scattered,0.421907,0.531422,0.953329
C:\My_Project\AIGC\stylegan2_test\fake\JU9X9WZ3B5.jpg,stylegan2_ood,0.1,blur,random_seed0,0.925053,0.028276,0.953329
C:\My_Project\AIGC\stylegan2_test\fake\JU9X9WZ3B5.jpg,stylegan2_ood,0.1,blur,random_seed1,0.956328,-0.002999,0.953329
C:\My_Project\AIGC\stylegan2_test\fake\JU9X9WZ3B5.jpg,stylegan2_ood,0.1,blur,random_seed2,0.946677,0.006651,0.953329
C:\My_Project\AIGC\stylegan2_test\fake\JU9X9WZ3B5.jpg,stylegan2_ood,0.1,blur,random_seed3,0.960979,-0.00765,0.953329
C:\My_Project\AIGC\stylegan2_test\fake\JU9X9WZ3B5.jpg,stylegan2_ood,0.1,blur,random_seed4,0.953161,0.000167,0.953329
C:\My_Project\AIGC\stylegan2_test\fake\JU9X9WZ3B5.jpg,stylegan2_ood,0.1,blur,hot,0.946472,0.006856,0.953329
C:\My_Project\AIGC\stylegan2_test\fake\JU9X9WZ3B5.jpg,stylegan2_ood,0.1,blur,bottom,0.95304,0.000289,0.953329
C:\My_Project\AIGC\stylegan2_test\fake\JU9X9WZ3B5.jpg,stylegan2_ood,0.1,blur,random_mean,0.94844,0.004889,0.953329
C:\My_Project\AIGC\stylegan2_test\fake\JU9X9WZ3B5.jpg,stylegan2_ood,0.1,constant_fill_CONFOUNDED,hot,0.795624,0.157705,0.953329
C:\My_Project\AIGC\stylegan2_test\fake\JU9X9WZ3B5.jpg,stylegan2_ood,0.1,constant_fill_CONFOUNDED,bottom,0.942993,0.010336,0.953329
C:\My_Project\AIGC\stylegan2_test\fake\JU9X9WZ3B5.jpg,stylegan2_ood,0.1,constant_fill_CONFOUNDED,random_scattered,0.770916,0.182413,0.953329
C:\My_Project\AIGC\stylegan2_test\fake\JU9X9WZ3B5.jpg,stylegan2_ood,0.2,blur,random_seed0,0.754726,0.198602,0.953329
C:\My_Project\AIGC\stylegan2_test\fake\JU9X9WZ3B5.jpg,stylegan2_ood,0.2,blur,random_seed1,0.809096,0.144233,0.953329
C:\My_Project\AIGC\stylegan2_test\fake\JU9X9WZ3B5.jpg,stylegan2_ood,0.2,blur,random_seed2,0.943232,0.010097,0.953329
C:\My_Project\AIGC\stylegan2_test\fake\JU9X9WZ3B5.jpg,stylegan2_ood,0.2,blur,random_seed3,0.920476,0.032852,0.953329
C:\My_Project\AIGC\stylegan2_test\fake\JU9X9WZ3B5.jpg,stylegan2_ood,0.2,blur,random_seed4,0.798725,0.154604,0.953329
C:\My_Project\AIGC\stylegan2_test\fake\JU9X9WZ3B5.jpg,stylegan2_ood,0.2,blur,hot,0.788078,0.165251,0.953329
C:\My_Project\AIGC\stylegan2_test\fake\JU9X9WZ3B5.jpg,stylegan2_ood,0.2,blur,bottom,0.951797,0.001531,0.953329
C:\My_Project\AIGC\stylegan2_test\fake\JU9X9WZ3B5.jpg,stylegan2_ood,0.2,blur,random_mean,0.845251,0.108078,0.953329
C:\My_Project\AIGC\stylegan2_test\fake\JU9X9WZ3B5.jpg,stylegan2_ood,0.2,constant_fill_CONFOUNDED,hot,0.750403,0.202925,0.953329
C:\My_Project\AIGC\stylegan2_test\fake\JU9X9WZ3B5.jpg,stylegan2_ood,0.2,constant_fill_CONFOUNDED,bottom,0.945171,0.008157,0.953329
C:\My_Project\AIGC\stylegan2_test\fake\JU9X9WZ3B5.jpg,stylegan2_ood,0.2,constant_fill_CONFOUNDED,random_scattered,0.85312,0.100209,0.953329
C:\My_Project\AIGC\stylegan2_test\fake\KJKLRCWBQ6.jpg,stylegan2_ood,0.05,blur,random_seed0,0.906748,0.008701,0.915449
C:\My_Project\AIGC\stylegan2_test\fake\KJKLRCWBQ6.jpg,stylegan2_ood,0.05,blur,random_seed1,0.913673,0.001776,0.915449
C:\My_Project\AIGC\stylegan2_test\fake\KJKLRCWBQ6.jpg,stylegan2_ood,0.05,blur,random_seed2,0.915145,0.000304,0.915449
C:\My_Project\AIGC\stylegan2_test\fake\KJKLRCWBQ6.jpg,stylegan2_ood,0.05,blur,random_seed3,0.891446,0.024003,0.915449
C:\My_Project\AIGC\stylegan2_test\fake\KJKLRCWBQ6.jpg,stylegan2_ood,0.05,blur,random_seed4,0.915462,-1.3e-05,0.915449
C:\My_Project\AIGC\stylegan2_test\fake\KJKLRCWBQ6.jpg,stylegan2_ood,0.05,blur,hot,0.924131,-0.008682,0.915449
C:\My_Project\AIGC\stylegan2_test\fake\KJKLRCWBQ6.jpg,stylegan2_ood,0.05,blur,bottom,0.913508,0.001942,0.915449
C:\My_Project\AIGC\stylegan2_test\fake\KJKLRCWBQ6.jpg,stylegan2_ood,0.05,blur,random_mean,0.908495,0.006954,0.915449
C:\My_Project\AIGC\stylegan2_test\fake\KJKLRCWBQ6.jpg,stylegan2_ood,0.05,constant_fill_CONFOUNDED,hot,0.924139,-0.00869,0.915449
C:\My_Project\AIGC\stylegan2_test\fake\KJKLRCWBQ6.jpg,stylegan2_ood,0.05,constant_fill_CONFOUNDED,bottom,0.911666,0.003783,0.915449
C:\My_Project\AIGC\stylegan2_test\fake\KJKLRCWBQ6.jpg,stylegan2_ood,0.05,constant_fill_CONFOUNDED,random_scattered,0.928448,-0.012999,0.915449
C:\My_Project\AIGC\stylegan2_test\fake\KJKLRCWBQ6.jpg,stylegan2_ood,0.1,blur,random_seed0,0.922945,-0.007495,0.915449
C:\My_Project\AIGC\stylegan2_test\fake\KJKLRCWBQ6.jpg,stylegan2_ood,0.1,blur,random_seed1,0.916083,-0.000633,0.915449
C:\My_Project\AIGC\stylegan2_test\fake\KJKLRCWBQ6.jpg,stylegan2_ood,0.1,blur,random_seed2,0.838446,0.077003,0.915449
C:\My_Project\AIGC\stylegan2_test\fake\KJKLRCWBQ6.jpg,stylegan2_ood,0.1,blur,random_seed3,0.919499,-0.004049,0.915449
C:\My_Project\AIGC\stylegan2_test\fake\KJKLRCWBQ6.jpg,stylegan2_ood,0.1,blur,random_seed4,0.686822,0.228627,0.915449
C:\My_Project\AIGC\stylegan2_test\fake\KJKLRCWBQ6.jpg,stylegan2_ood,0.1,blur,hot,0.507841,0.407609,0.915449
C:\My_Project\AIGC\stylegan2_test\fake\KJKLRCWBQ6.jpg,stylegan2_ood,0.1,blur,bottom,0.914233,0.001216,0.915449
C:\My_Project\AIGC\stylegan2_test\fake\KJKLRCWBQ6.jpg,stylegan2_ood,0.1,blur,random_mean,0.856759,0.05869,0.915449
C:\My_Project\AIGC\stylegan2_test\fake\KJKLRCWBQ6.jpg,stylegan2_ood,0.1,constant_fill_CONFOUNDED,hot,0.567805,0.347644,0.915449
C:\My_Project\AIGC\stylegan2_test\fake\KJKLRCWBQ6.jpg,stylegan2_ood,0.1,constant_fill_CONFOUNDED,bottom,0.917896,-0.002447,0.915449
C:\My_Project\AIGC\stylegan2_test\fake\KJKLRCWBQ6.jpg,stylegan2_ood,0.1,constant_fill_CONFOUNDED,random_scattered,0.933309,-0.017859,0.915449
C:\My_Project\AIGC\stylegan2_test\fake\KJKLRCWBQ6.jpg,stylegan2_ood,0.2,blur,random_seed0,0.929846,-0.014397,0.915449
C:\My_Project\AIGC\stylegan2_test\fake\KJKLRCWBQ6.jpg,stylegan2_ood,0.2,blur,random_seed1,0.715776,0.199673,0.915449
C:\My_Project\AIGC\stylegan2_test\fake\KJKLRCWBQ6.jpg,stylegan2_ood,0.2,blur,random_seed2,0.357061,0.558388,0.915449
C:\My_Project\AIGC\stylegan2_test\fake\KJKLRCWBQ6.jpg,stylegan2_ood,0.2,blur,random_seed3,0.725973,0.189476,0.915449
C:\My_Project\AIGC\stylegan2_test\fake\KJKLRCWBQ6.jpg,stylegan2_ood,0.2,blur,random_seed4,0.775327,0.140122,0.915449
C:\My_Project\AIGC\stylegan2_test\fake\KJKLRCWBQ6.jpg,stylegan2_ood,0.2,blur,hot,0.473962,0.441488,0.915449
C:\My_Project\AIGC\stylegan2_test\fake\KJKLRCWBQ6.jpg,stylegan2_ood,0.2,blur,bottom,0.919685,-0.004235,0.915449
C:\My_Project\AIGC\stylegan2_test\fake\KJKLRCWBQ6.jpg,stylegan2_ood,0.2,blur,random_mean,0.700797,0.214653,0.915449
C:\My_Project\AIGC\stylegan2_test\fake\KJKLRCWBQ6.jpg,stylegan2_ood,0.2,constant_fill_CONFOUNDED,hot,0.22929,0.68616,0.915449
C:\My_Project\AIGC\stylegan2_test\fake\KJKLRCWBQ6.jpg,stylegan2_ood,0.2,constant_fill_CONFOUNDED,bottom,0.91801,-0.002561,0.915449
C:\My_Project\AIGC\stylegan2_test\fake\KJKLRCWBQ6.jpg,stylegan2_ood,0.2,constant_fill_CONFOUNDED,random_scattered,0.941552,-0.026102,0.915449
C:\My_Project\AIGC\stylegan2_test\fake\KVB0KGWXCI.jpg,stylegan2_ood,0.05,blur,random_seed0,0.932723,0.002504,0.935227
C:\My_Project\AIGC\stylegan2_test\fake\KVB0KGWXCI.jpg,stylegan2_ood,0.05,blur,random_seed1,0.928595,0.006632,0.935227
C:\My_Project\AIGC\stylegan2_test\fake\KVB0KGWXCI.jpg,stylegan2_ood,0.05,blur,random_seed2,0.934262,0.000965,0.935227
C:\My_Project\AIGC\stylegan2_test\fake\KVB0KGWXCI.jpg,stylegan2_ood,0.05,blur,random_seed3,0.932484,0.002743,0.935227
C:\My_Project\AIGC\stylegan2_test\fake\KVB0KGWXCI.jpg,stylegan2_ood,0.05,blur,random_seed4,0.93126,0.003967,0.935227
C:\My_Project\AIGC\stylegan2_test\fake\KVB0KGWXCI.jpg,stylegan2_ood,0.05,blur,hot,0.929446,0.005781,0.935227
C:\My_Project\AIGC\stylegan2_test\fake\KVB0KGWXCI.jpg,stylegan2_ood,0.05,blur,bottom,0.934715,0.000512,0.935227
C:\My_Project\AIGC\stylegan2_test\fake\KVB0KGWXCI.jpg,stylegan2_ood,0.05,blur,random_mean,0.931865,0.003362,0.935227
C:\My_Project\AIGC\stylegan2_test\fake\KVB0KGWXCI.jpg,stylegan2_ood,0.05,constant_fill_CONFOUNDED,hot,0.918206,0.017021,0.935227
C:\My_Project\AIGC\stylegan2_test\fake\KVB0KGWXCI.jpg,stylegan2_ood,0.05,constant_fill_CONFOUNDED,bottom,0.928176,0.007051,0.935227
C:\My_Project\AIGC\stylegan2_test\fake\KVB0KGWXCI.jpg,stylegan2_ood,0.05,constant_fill_CONFOUNDED,random_scattered,0.781945,0.153282,0.935227
C:\My_Project\AIGC\stylegan2_test\fake\KVB0KGWXCI.jpg,stylegan2_ood,0.1,blur,random_seed0,0.928701,0.006526,0.935227
C:\My_Project\AIGC\stylegan2_test\fake\KVB0KGWXCI.jpg,stylegan2_ood,0.1,blur,random_seed1,0.925203,0.010024,0.935227
C:\My_Project\AIGC\stylegan2_test\fake\KVB0KGWXCI.jpg,stylegan2_ood,0.1,blur,random_seed2,0.91462,0.020607,0.935227
C:\My_Project\AIGC\stylegan2_test\fake\KVB0KGWXCI.jpg,stylegan2_ood,0.1,blur,random_seed3,0.931245,0.003982,0.935227
C:\My_Project\AIGC\stylegan2_test\fake\KVB0KGWXCI.jpg,stylegan2_ood,0.1,blur,random_seed4,0.916207,0.01902,0.935227
C:\My_Project\AIGC\stylegan2_test\fake\KVB0KGWXCI.jpg,stylegan2_ood,0.1,blur,hot,0.89494,0.040287,0.935227
C:\My_Project\AIGC\stylegan2_test\fake\KVB0KGWXCI.jpg,stylegan2_ood,0.1,blur,bottom,0.932794,0.002433,0.935227
C:\My_Project\AIGC\stylegan2_test\fake\KVB0KGWXCI.jpg,stylegan2_ood,0.1,blur,random_mean,0.923195,0.012032,0.935227
C:\My_Project\AIGC\stylegan2_test\fake\KVB0KGWXCI.jpg,stylegan2_ood,0.1,constant_fill_CONFOUNDED,hot,0.528245,0.406982,0.935227
C:\My_Project\AIGC\stylegan2_test\fake\KVB0KGWXCI.jpg,stylegan2_ood,0.1,constant_fill_CONFOUNDED,bottom,0.924601,0.010626,0.935227
C:\My_Project\AIGC\stylegan2_test\fake\KVB0KGWXCI.jpg,stylegan2_ood,0.1,constant_fill_CONFOUNDED,random_scattered,0.88871,0.046517,0.935227
C:\My_Project\AIGC\stylegan2_test\fake\KVB0KGWXCI.jpg,stylegan2_ood,0.2,blur,random_seed0,0.925446,0.009781,0.935227
C:\My_Project\AIGC\stylegan2_test\fake\KVB0KGWXCI.jpg,stylegan2_ood,0.2,blur,random_seed1,0.941424,-0.006197,0.935227
C:\My_Project\AIGC\stylegan2_test\fake\KVB0KGWXCI.jpg,stylegan2_ood,0.2,blur,random_seed2,0.813268,0.121959,0.935227
C:\My_Project\AIGC\stylegan2_test\fake\KVB0KGWXCI.jpg,stylegan2_ood,0.2,blur,random_seed3,0.901886,0.033341,0.935227
C:\My_Project\AIGC\stylegan2_test\fake\KVB0KGWXCI.jpg,stylegan2_ood,0.2,blur,random_seed4,0.917467,0.01776,0.935227
C:\My_Project\AIGC\stylegan2_test\fake\KVB0KGWXCI.jpg,stylegan2_ood,0.2,blur,hot,0.581563,0.353665,0.935227
C:\My_Project\AIGC\stylegan2_test\fake\KVB0KGWXCI.jpg,stylegan2_ood,0.2,blur,bottom,0.931613,0.003614,0.935227
C:\My_Project\AIGC\stylegan2_test\fake\KVB0KGWXCI.jpg,stylegan2_ood,0.2,blur,random_mean,0.899898,0.035329,0.935227
C:\My_Project\AIGC\stylegan2_test\fake\KVB0KGWXCI.jpg,stylegan2_ood,0.2,constant_fill_CONFOUNDED,hot,0.761921,0.173306,0.935227
C:\My_Project\AIGC\stylegan2_test\fake\KVB0KGWXCI.jpg,stylegan2_ood,0.2,constant_fill_CONFOUNDED,bottom,0.925845,0.009382,0.935227
C:\My_Project\AIGC\stylegan2_test\fake\KVB0KGWXCI.jpg,stylegan2_ood,0.2,constant_fill_CONFOUNDED,random_scattered,0.869274,0.065953,0.935227
C:\My_Project\AIGC\stylegan2_test\fake\LW30200T8S.jpg,stylegan2_ood,0.05,blur,random_seed0,0.92889,-0.008531,0.920359
C:\My_Project\AIGC\stylegan2_test\fake\LW30200T8S.jpg,stylegan2_ood,0.05,blur,random_seed1,0.920326,3.3e-05,0.920359
C:\My_Project\AIGC\stylegan2_test\fake\LW30200T8S.jpg,stylegan2_ood,0.05,blur,random_seed2,0.900421,0.019938,0.920359
C:\My_Project\AIGC\stylegan2_test\fake\LW30200T8S.jpg,stylegan2_ood,0.05,blur,random_seed3,0.915662,0.004697,0.920359
C:\My_Project\AIGC\stylegan2_test\fake\LW30200T8S.jpg,stylegan2_ood,0.05,blur,random_seed4,0.910299,0.01006,0.920359
C:\My_Project\AIGC\stylegan2_test\fake\LW30200T8S.jpg,stylegan2_ood,0.05,blur,hot,0.748084,0.172275,0.920359
C:\My_Project\AIGC\stylegan2_test\fake\LW30200T8S.jpg,stylegan2_ood,0.05,blur,bottom,0.922742,-0.002383,0.920359
C:\My_Project\AIGC\stylegan2_test\fake\LW30200T8S.jpg,stylegan2_ood,0.05,blur,random_mean,0.915119,0.005239,0.920359
C:\My_Project\AIGC\stylegan2_test\fake\LW30200T8S.jpg,stylegan2_ood,0.05,constant_fill_CONFOUNDED,hot,0.409203,0.511156,0.920359
C:\My_Project\AIGC\stylegan2_test\fake\LW30200T8S.jpg,stylegan2_ood,0.05,constant_fill_CONFOUNDED,bottom,0.918568,0.001791,0.920359
C:\My_Project\AIGC\stylegan2_test\fake\LW30200T8S.jpg,stylegan2_ood,0.05,constant_fill_CONFOUNDED,random_scattered,0.783197,0.137162,0.920359
C:\My_Project\AIGC\stylegan2_test\fake\LW30200T8S.jpg,stylegan2_ood,0.1,blur,random_seed0,0.877669,0.04269,0.920359
C:\My_Project\AIGC\stylegan2_test\fake\LW30200T8S.jpg,stylegan2_ood,0.1,blur,random_seed1,0.403727,0.516632,0.920359
C:\My_Project\AIGC\stylegan2_test\fake\LW30200T8S.jpg,stylegan2_ood,0.1,blur,random_seed2,0.865929,0.05443,0.920359
C:\My_Project\AIGC\stylegan2_test\fake\LW30200T8S.jpg,stylegan2_ood,0.1,blur,random_seed3,0.583238,0.337121,0.920359
C:\My_Project\AIGC\stylegan2_test\fake\LW30200T8S.jpg,stylegan2_ood,0.1,blur,random_seed4,0.916981,0.003378,0.920359
C:\My_Project\AIGC\stylegan2_test\fake\LW30200T8S.jpg,stylegan2_ood,0.1,blur,hot,0.311976,0.608383,0.920359
C:\My_Project\AIGC\stylegan2_test\fake\LW30200T8S.jpg,stylegan2_ood,0.1,blur,bottom,0.923226,-0.002867,0.920359
C:\My_Project\AIGC\stylegan2_test\fake\LW30200T8S.jpg,stylegan2_ood,0.1,blur,random_mean,0.729509,0.19085,0.920359
C:\My_Project\AIGC\stylegan2_test\fake\LW30200T8S.jpg,stylegan2_ood,0.1,constant_fill_CONFOUNDED,hot,0.378352,0.542007,0.920359
C:\My_Project\AIGC\stylegan2_test\fake\LW30200T8S.jpg,stylegan2_ood,0.1,constant_fill_CONFOUNDED,bottom,0.914212,0.006147,0.920359
C:\My_Project\AIGC\stylegan2_test\fake\LW30200T8S.jpg,stylegan2_ood,0.1,constant_fill_CONFOUNDED,random_scattered,0.906416,0.013943,0.920359
C:\My_Project\AIGC\stylegan2_test\fake\LW30200T8S.jpg,stylegan2_ood,0.2,blur,random_seed0,0.834227,0.086132,0.920359
C:\My_Project\AIGC\stylegan2_test\fake\LW30200T8S.jpg,stylegan2_ood,0.2,blur,random_seed1,0.80362,0.116738,0.920359
C:\My_Project\AIGC\stylegan2_test\fake\LW30200T8S.jpg,stylegan2_ood,0.2,blur,random_seed2,0.765565,0.154794,0.920359
C:\My_Project\AIGC\stylegan2_test\fake\LW30200T8S.jpg,stylegan2_ood,0.2,blur,random_seed3,0.646173,0.274186,0.920359
C:\My_Project\AIGC\stylegan2_test\fake\LW30200T8S.jpg,stylegan2_ood,0.2,blur,random_seed4,0.841924,0.078435,0.920359
C:\My_Project\AIGC\stylegan2_test\fake\LW30200T8S.jpg,stylegan2_ood,0.2,blur,hot,0.498997,0.421362,0.920359
C:\My_Project\AIGC\stylegan2_test\fake\LW30200T8S.jpg,stylegan2_ood,0.2,blur,bottom,0.91891,0.001449,0.920359
C:\My_Project\AIGC\stylegan2_test\fake\LW30200T8S.jpg,stylegan2_ood,0.2,blur,random_mean,0.778302,0.142057,0.920359
C:\My_Project\AIGC\stylegan2_test\fake\LW30200T8S.jpg,stylegan2_ood,0.2,constant_fill_CONFOUNDED,hot,0.624744,0.295615,0.920359
C:\My_Project\AIGC\stylegan2_test\fake\LW30200T8S.jpg,stylegan2_ood,0.2,constant_fill_CONFOUNDED,bottom,0.911541,0.008818,0.920359
C:\My_Project\AIGC\stylegan2_test\fake\LW30200T8S.jpg,stylegan2_ood,0.2,constant_fill_CONFOUNDED,random_scattered,0.919635,0.000724,0.920359
C:\My_Project\AIGC\stylegan2_test\fake\MGPFLAVG6M.jpg,stylegan2_ood,0.05,blur,random_seed0,0.932073,0.001968,0.934042
C:\My_Project\AIGC\stylegan2_test\fake\MGPFLAVG6M.jpg,stylegan2_ood,0.05,blur,random_seed1,0.927438,0.006603,0.934042
C:\My_Project\AIGC\stylegan2_test\fake\MGPFLAVG6M.jpg,stylegan2_ood,0.05,blur,random_seed2,0.936743,-0.002701,0.934042
C:\My_Project\AIGC\stylegan2_test\fake\MGPFLAVG6M.jpg,stylegan2_ood,0.05,blur,random_seed3,0.92931,0.004732,0.934042
C:\My_Project\AIGC\stylegan2_test\fake\MGPFLAVG6M.jpg,stylegan2_ood,0.05,blur,random_seed4,0.929697,0.004344,0.934042
C:\My_Project\AIGC\stylegan2_test\fake\MGPFLAVG6M.jpg,stylegan2_ood,0.05,blur,hot,0.936528,-0.002487,0.934042
C:\My_Project\AIGC\stylegan2_test\fake\MGPFLAVG6M.jpg,stylegan2_ood,0.05,blur,bottom,0.933841,0.000201,0.934042
C:\My_Project\AIGC\stylegan2_test\fake\MGPFLAVG6M.jpg,stylegan2_ood,0.05,blur,random_mean,0.931052,0.002989,0.934042
C:\My_Project\AIGC\stylegan2_test\fake\MGPFLAVG6M.jpg,stylegan2_ood,0.05,constant_fill_CONFOUNDED,hot,0.935515,-0.001474,0.934042
C:\My_Project\AIGC\stylegan2_test\fake\MGPFLAVG6M.jpg,stylegan2_ood,0.05,constant_fill_CONFOUNDED,bottom,0.930222,0.00382,0.934042
C:\My_Project\AIGC\stylegan2_test\fake\MGPFLAVG6M.jpg,stylegan2_ood,0.05,constant_fill_CONFOUNDED,random_scattered,0.914273,0.019769,0.934042
C:\My_Project\AIGC\stylegan2_test\fake\MGPFLAVG6M.jpg,stylegan2_ood,0.1,blur,random_seed0,0.887154,0.046888,0.934042
C:\My_Project\AIGC\stylegan2_test\fake\MGPFLAVG6M.jpg,stylegan2_ood,0.1,blur,random_seed1,0.928768,0.005274,0.934042
C:\My_Project\AIGC\stylegan2_test\fake\MGPFLAVG6M.jpg,stylegan2_ood,0.1,blur,random_seed2,0.939371,-0.005329,0.934042
C:\My_Project\AIGC\stylegan2_test\fake\MGPFLAVG6M.jpg,stylegan2_ood,0.1,blur,random_seed3,0.851373,0.082668,0.934042
C:\My_Project\AIGC\stylegan2_test\fake\MGPFLAVG6M.jpg,stylegan2_ood,0.1,blur,random_seed4,0.814358,0.119684,0.934042
C:\My_Project\AIGC\stylegan2_test\fake\MGPFLAVG6M.jpg,stylegan2_ood,0.1,blur,hot,0.841987,0.092055,0.934042
C:\My_Project\AIGC\stylegan2_test\fake\MGPFLAVG6M.jpg,stylegan2_ood,0.1,blur,bottom,0.927546,0.006496,0.934042
C:\My_Project\AIGC\stylegan2_test\fake\MGPFLAVG6M.jpg,stylegan2_ood,0.1,blur,random_mean,0.884205,0.049837,0.934042
C:\My_Project\AIGC\stylegan2_test\fake\MGPFLAVG6M.jpg,stylegan2_ood,0.1,constant_fill_CONFOUNDED,hot,0.640853,0.293189,0.934042
C:\My_Project\AIGC\stylegan2_test\fake\MGPFLAVG6M.jpg,stylegan2_ood,0.1,constant_fill_CONFOUNDED,bottom,0.898394,0.035647,0.934042
C:\My_Project\AIGC\stylegan2_test\fake\MGPFLAVG6M.jpg,stylegan2_ood,0.1,constant_fill_CONFOUNDED,random_scattered,0.942502,-0.00846,0.934042
C:\My_Project\AIGC\stylegan2_test\fake\MGPFLAVG6M.jpg,stylegan2_ood,0.2,blur,random_seed0,0.937466,-0.003424,0.934042
C:\My_Project\AIGC\stylegan2_test\fake\MGPFLAVG6M.jpg,stylegan2_ood,0.2,blur,random_seed1,0.934914,-0.000872,0.934042
C:\My_Project\AIGC\stylegan2_test\fake\MGPFLAVG6M.jpg,stylegan2_ood,0.2,blur,random_seed2,0.872772,0.061269,0.934042
C:\My_Project\AIGC\stylegan2_test\fake\MGPFLAVG6M.jpg,stylegan2_ood,0.2,blur,random_seed3,0.505513,0.428529,0.934042
C:\My_Project\AIGC\stylegan2_test\fake\MGPFLAVG6M.jpg,stylegan2_ood,0.2,blur,random_seed4,0.88705,0.046992,0.934042
C:\My_Project\AIGC\stylegan2_test\fake\MGPFLAVG6M.jpg,stylegan2_ood,0.2,blur,hot,0.712033,0.222008,0.934042
C:\My_Project\AIGC\stylegan2_test\fake\MGPFLAVG6M.jpg,stylegan2_ood,0.2,blur,bottom,0.924865,0.009177,0.934042
C:\My_Project\AIGC\stylegan2_test\fake\MGPFLAVG6M.jpg,stylegan2_ood,0.2,blur,random_mean,0.827543,0.106499,0.934042
C:\My_Project\AIGC\stylegan2_test\fake\MGPFLAVG6M.jpg,stylegan2_ood,0.2,constant_fill_CONFOUNDED,hot,0.634316,0.299726,0.934042
C:\My_Project\AIGC\stylegan2_test\fake\MGPFLAVG6M.jpg,stylegan2_ood,0.2,constant_fill_CONFOUNDED,bottom,0.905352,0.028689,0.934042
C:\My_Project\AIGC\stylegan2_test\fake\MGPFLAVG6M.jpg,stylegan2_ood,0.2,constant_fill_CONFOUNDED,random_scattered,0.933394,0.000647,0.934042
C:\My_Project\AIGC\stylegan2_test\fake\MHDZUQWTKO.jpg,stylegan2_ood,0.05,blur,random_seed0,0.92748,0.000353,0.927833
C:\My_Project\AIGC\stylegan2_test\fake\MHDZUQWTKO.jpg,stylegan2_ood,0.05,blur,random_seed1,0.926985,0.000848,0.927833
C:\My_Project\AIGC\stylegan2_test\fake\MHDZUQWTKO.jpg,stylegan2_ood,0.05,blur,random_seed2,0.921705,0.006128,0.927833
C:\My_Project\AIGC\stylegan2_test\fake\MHDZUQWTKO.jpg,stylegan2_ood,0.05,blur,random_seed3,0.927236,0.000597,0.927833
C:\My_Project\AIGC\stylegan2_test\fake\MHDZUQWTKO.jpg,stylegan2_ood,0.05,blur,random_seed4,0.929913,-0.00208,0.927833
C:\My_Project\AIGC\stylegan2_test\fake\MHDZUQWTKO.jpg,stylegan2_ood,0.05,blur,hot,0.912262,0.015571,0.927833
C:\My_Project\AIGC\stylegan2_test\fake\MHDZUQWTKO.jpg,stylegan2_ood,0.05,blur,bottom,0.924265,0.003568,0.927833
C:\My_Project\AIGC\stylegan2_test\fake\MHDZUQWTKO.jpg,stylegan2_ood,0.05,blur,random_mean,0.926664,0.001169,0.927833
C:\My_Project\AIGC\stylegan2_test\fake\MHDZUQWTKO.jpg,stylegan2_ood,0.05,constant_fill_CONFOUNDED,hot,0.900718,0.027115,0.927833
C:\My_Project\AIGC\stylegan2_test\fake\MHDZUQWTKO.jpg,stylegan2_ood,0.05,constant_fill_CONFOUNDED,bottom,0.915817,0.012016,0.927833
C:\My_Project\AIGC\stylegan2_test\fake\MHDZUQWTKO.jpg,stylegan2_ood,0.05,constant_fill_CONFOUNDED,random_scattered,0.847855,0.079978,0.927833
C:\My_Project\AIGC\stylegan2_test\fake\MHDZUQWTKO.jpg,stylegan2_ood,0.1,blur,random_seed0,0.867561,0.060272,0.927833
C:\My_Project\AIGC\stylegan2_test\fake\MHDZUQWTKO.jpg,stylegan2_ood,0.1,blur,random_seed1,0.932733,-0.0049,0.927833
C:\My_Project\AIGC\stylegan2_test\fake\MHDZUQWTKO.jpg,stylegan2_ood,0.1,blur,random_seed2,0.930939,-0.003106,0.927833
C:\My_Project\AIGC\stylegan2_test\fake\MHDZUQWTKO.jpg,stylegan2_ood,0.1,blur,random_seed3,0.87924,0.048593,0.927833
C:\My_Project\AIGC\stylegan2_test\fake\MHDZUQWTKO.jpg,stylegan2_ood,0.1,blur,random_seed4,0.92775,8.3e-05,0.927833
C:\My_Project\AIGC\stylegan2_test\fake\MHDZUQWTKO.jpg,stylegan2_ood,0.1,blur,hot,0.843732,0.084101,0.927833
C:\My_Project\AIGC\stylegan2_test\fake\MHDZUQWTKO.jpg,stylegan2_ood,0.1,blur,bottom,0.923946,0.003887,0.927833
C:\My_Project\AIGC\stylegan2_test\fake\MHDZUQWTKO.jpg,stylegan2_ood,0.1,blur,random_mean,0.907644,0.020188,0.927833
C:\My_Project\AIGC\stylegan2_test\fake\MHDZUQWTKO.jpg,stylegan2_ood,0.1,constant_fill_CONFOUNDED,hot,0.73142,0.196413,0.927833
C:\My_Project\AIGC\stylegan2_test\fake\MHDZUQWTKO.jpg,stylegan2_ood,0.1,constant_fill_CONFOUNDED,bottom,0.916961,0.010872,0.927833
C:\My_Project\AIGC\stylegan2_test\fake\MHDZUQWTKO.jpg,stylegan2_ood,0.1,constant_fill_CONFOUNDED,random_scattered,0.910037,0.017796,0.927833
C:\My_Project\AIGC\stylegan2_test\fake\MHDZUQWTKO.jpg,stylegan2_ood,0.2,blur,random_seed0,0.899301,0.028532,0.927833
C:\My_Project\AIGC\stylegan2_test\fake\MHDZUQWTKO.jpg,stylegan2_ood,0.2,blur,random_seed1,0.907975,0.019858,0.927833
C:\My_Project\AIGC\stylegan2_test\fake\MHDZUQWTKO.jpg,stylegan2_ood,0.2,blur,random_seed2,0.862594,0.065239,0.927833
C:\My_Project\AIGC\stylegan2_test\fake\MHDZUQWTKO.jpg,stylegan2_ood,0.2,blur,random_seed3,0.742113,0.18572,0.927833
C:\My_Project\AIGC\stylegan2_test\fake\MHDZUQWTKO.jpg,stylegan2_ood,0.2,blur,random_seed4,0.857794,0.070039,0.927833
C:\My_Project\AIGC\stylegan2_test\fake\MHDZUQWTKO.jpg,stylegan2_ood,0.2,blur,hot,0.635764,0.292069,0.927833
C:\My_Project\AIGC\stylegan2_test\fake\MHDZUQWTKO.jpg,stylegan2_ood,0.2,blur,bottom,0.929367,-0.001534,0.927833
C:\My_Project\AIGC\stylegan2_test\fake\MHDZUQWTKO.jpg,stylegan2_ood,0.2,blur,random_mean,0.853955,0.073878,0.927833
C:\My_Project\AIGC\stylegan2_test\fake\MHDZUQWTKO.jpg,stylegan2_ood,0.2,constant_fill_CONFOUNDED,hot,0.542032,0.385801,0.927833
C:\My_Project\AIGC\stylegan2_test\fake\MHDZUQWTKO.jpg,stylegan2_ood,0.2,constant_fill_CONFOUNDED,bottom,0.913255,0.014578,0.927833
C:\My_Project\AIGC\stylegan2_test\fake\MHDZUQWTKO.jpg,stylegan2_ood,0.2,constant_fill_CONFOUNDED,random_scattered,0.90718,0.020653,0.927833
C:\My_Project\AIGC\stylegan2_test\fake\MM2UZURM5P.jpg,stylegan2_ood,0.05,blur,random_seed0,0.91713,0.002532,0.919662
C:\My_Project\AIGC\stylegan2_test\fake\MM2UZURM5P.jpg,stylegan2_ood,0.05,blur,random_seed1,0.918331,0.001331,0.919662
C:\My_Project\AIGC\stylegan2_test\fake\MM2UZURM5P.jpg,stylegan2_ood,0.05,blur,random_seed2,0.920075,-0.000412,0.919662
C:\My_Project\AIGC\stylegan2_test\fake\MM2UZURM5P.jpg,stylegan2_ood,0.05,blur,random_seed3,0.919945,-0.000283,0.919662
C:\My_Project\AIGC\stylegan2_test\fake\MM2UZURM5P.jpg,stylegan2_ood,0.05,blur,random_seed4,0.915769,0.003894,0.919662
C:\My_Project\AIGC\stylegan2_test\fake\MM2UZURM5P.jpg,stylegan2_ood,0.05,blur,hot,0.922178,-0.002516,0.919662
C:\My_Project\AIGC\stylegan2_test\fake\MM2UZURM5P.jpg,stylegan2_ood,0.05,blur,bottom,0.919034,0.000628,0.919662
C:\My_Project\AIGC\stylegan2_test\fake\MM2UZURM5P.jpg,stylegan2_ood,0.05,blur,random_mean,0.91825,0.001412,0.919662
C:\My_Project\AIGC\stylegan2_test\fake\MM2UZURM5P.jpg,stylegan2_ood,0.05,constant_fill_CONFOUNDED,hot,0.916202,0.00346,0.919662
C:\My_Project\AIGC\stylegan2_test\fake\MM2UZURM5P.jpg,stylegan2_ood,0.05,constant_fill_CONFOUNDED,bottom,0.919027,0.000635,0.919662
C:\My_Project\AIGC\stylegan2_test\fake\MM2UZURM5P.jpg,stylegan2_ood,0.05,constant_fill_CONFOUNDED,random_scattered,0.657777,0.261885,0.919662
C:\My_Project\AIGC\stylegan2_test\fake\MM2UZURM5P.jpg,stylegan2_ood,0.1,blur,random_seed0,0.898593,0.021069,0.919662
C:\My_Project\AIGC\stylegan2_test\fake\MM2UZURM5P.jpg,stylegan2_ood,0.1,blur,random_seed1,0.899701,0.019961,0.919662
C:\My_Project\AIGC\stylegan2_test\fake\MM2UZURM5P.jpg,stylegan2_ood,0.1,blur,random_seed2,0.603253,0.316409,0.919662
C:\My_Project\AIGC\stylegan2_test\fake\MM2UZURM5P.jpg,stylegan2_ood,0.1,blur,random_seed3,0.92597,-0.006307,0.919662
C:\My_Project\AIGC\stylegan2_test\fake\MM2UZURM5P.jpg,stylegan2_ood,0.1,blur,random_seed4,0.919635,2.8e-05,0.919662
C:\My_Project\AIGC\stylegan2_test\fake\MM2UZURM5P.jpg,stylegan2_ood,0.1,blur,hot,0.576782,0.342881,0.919662
C:\My_Project\AIGC\stylegan2_test\fake\MM2UZURM5P.jpg,stylegan2_ood,0.1,blur,bottom,0.917725,0.001938,0.919662
C:\My_Project\AIGC\stylegan2_test\fake\MM2UZURM5P.jpg,stylegan2_ood,0.1,blur,random_mean,0.84943,0.070232,0.919662
C:\My_Project\AIGC\stylegan2_test\fake\MM2UZURM5P.jpg,stylegan2_ood,0.1,constant_fill_CONFOUNDED,hot,0.251632,0.668031,0.919662
C:\My_Project\AIGC\stylegan2_test\fake\MM2UZURM5P.jpg,stylegan2_ood,0.1,constant_fill_CONFOUNDED,bottom,0.92234,-0.002678,0.919662
C:\My_Project\AIGC\stylegan2_test\fake\MM2UZURM5P.jpg,stylegan2_ood,0.1,constant_fill_CONFOUNDED,random_scattered,0.885308,0.034354,0.919662
C:\My_Project\AIGC\stylegan2_test\fake\MM2UZURM5P.jpg,stylegan2_ood,0.2,blur,random_seed0,0.908253,0.011409,0.919662
C:\My_Project\AIGC\stylegan2_test\fake\MM2UZURM5P.jpg,stylegan2_ood,0.2,blur,random_seed1,0.161538,0.758125,0.919662
C:\My_Project\AIGC\stylegan2_test\fake\MM2UZURM5P.jpg,stylegan2_ood,0.2,blur,random_seed2,0.186695,0.732967,0.919662
C:\My_Project\AIGC\stylegan2_test\fake\MM2UZURM5P.jpg,stylegan2_ood,0.2,blur,random_seed3,0.318499,0.601164,0.919662
C:\My_Project\AIGC\stylegan2_test\fake\MM2UZURM5P.jpg,stylegan2_ood,0.2,blur,random_seed4,0.891936,0.027726,0.919662
C:\My_Project\AIGC\stylegan2_test\fake\MM2UZURM5P.jpg,stylegan2_ood,0.2,blur,hot,0.312905,0.606757,0.919662
C:\My_Project\AIGC\stylegan2_test\fake\MM2UZURM5P.jpg,stylegan2_ood,0.2,blur,bottom,0.906951,0.012711,0.919662
C:\My_Project\AIGC\stylegan2_test\fake\MM2UZURM5P.jpg,stylegan2_ood,0.2,blur,random_mean,0.493384,0.426278,0.919662
C:\My_Project\AIGC\stylegan2_test\fake\MM2UZURM5P.jpg,stylegan2_ood,0.2,constant_fill_CONFOUNDED,hot,0.226949,0.692714,0.919662
C:\My_Project\AIGC\stylegan2_test\fake\MM2UZURM5P.jpg,stylegan2_ood,0.2,constant_fill_CONFOUNDED,bottom,0.89557,0.024092,0.919662
C:\My_Project\AIGC\stylegan2_test\fake\MM2UZURM5P.jpg,stylegan2_ood,0.2,constant_fill_CONFOUNDED,random_scattered,0.909649,0.010013,0.919662
C:\My_Project\AIGC\stylegan2_test\fake\PILJGXKJXZ.jpg,stylegan2_ood,0.05,blur,random_seed0,0.925293,0.003167,0.92846
C:\My_Project\AIGC\stylegan2_test\fake\PILJGXKJXZ.jpg,stylegan2_ood,0.05,blur,random_seed1,0.927162,0.001298,0.92846
C:\My_Project\AIGC\stylegan2_test\fake\PILJGXKJXZ.jpg,stylegan2_ood,0.05,blur,random_seed2,0.929968,-0.001508,0.92846
C:\My_Project\AIGC\stylegan2_test\fake\PILJGXKJXZ.jpg,stylegan2_ood,0.05,blur,random_seed3,0.926476,0.001985,0.92846
C:\My_Project\AIGC\stylegan2_test\fake\PILJGXKJXZ.jpg,stylegan2_ood,0.05,blur,random_seed4,0.924765,0.003695,0.92846
C:\My_Project\AIGC\stylegan2_test\fake\PILJGXKJXZ.jpg,stylegan2_ood,0.05,blur,hot,0.931043,-0.002583,0.92846
C:\My_Project\AIGC\stylegan2_test\fake\PILJGXKJXZ.jpg,stylegan2_ood,0.05,blur,bottom,0.925666,0.002794,0.92846
C:\My_Project\AIGC\stylegan2_test\fake\PILJGXKJXZ.jpg,stylegan2_ood,0.05,blur,random_mean,0.926733,0.001727,0.92846
C:\My_Project\AIGC\stylegan2_test\fake\PILJGXKJXZ.jpg,stylegan2_ood,0.05,constant_fill_CONFOUNDED,hot,0.879983,0.048477,0.92846
C:\My_Project\AIGC\stylegan2_test\fake\PILJGXKJXZ.jpg,stylegan2_ood,0.05,constant_fill_CONFOUNDED,bottom,0.907625,0.020835,0.92846
C:\My_Project\AIGC\stylegan2_test\fake\PILJGXKJXZ.jpg,stylegan2_ood,0.05,constant_fill_CONFOUNDED,random_scattered,0.659718,0.268742,0.92846
C:\My_Project\AIGC\stylegan2_test\fake\PILJGXKJXZ.jpg,stylegan2_ood,0.1,blur,random_seed0,0.879507,0.048953,0.92846
C:\My_Project\AIGC\stylegan2_test\fake\PILJGXKJXZ.jpg,stylegan2_ood,0.1,blur,random_seed1,0.92843,3e-05,0.92846
C:\My_Project\AIGC\stylegan2_test\fake\PILJGXKJXZ.jpg,stylegan2_ood,0.1,blur,random_seed2,0.91515,0.01331,0.92846
C:\My_Project\AIGC\stylegan2_test\fake\PILJGXKJXZ.jpg,stylegan2_ood,0.1,blur,random_seed3,0.933565,-0.005105,0.92846
C:\My_Project\AIGC\stylegan2_test\fake\PILJGXKJXZ.jpg,stylegan2_ood,0.1,blur,random_seed4,0.926416,0.002045,0.92846
C:\My_Project\AIGC\stylegan2_test\fake\PILJGXKJXZ.jpg,stylegan2_ood,0.1,blur,hot,0.85426,0.0742,0.92846
C:\My_Project\AIGC\stylegan2_test\fake\PILJGXKJXZ.jpg,stylegan2_ood,0.1,blur,bottom,0.923459,0.005001,0.92846
C:\My_Project\AIGC\stylegan2_test\fake\PILJGXKJXZ.jpg,stylegan2_ood,0.1,blur,random_mean,0.916614,0.011847,0.92846
C:\My_Project\AIGC\stylegan2_test\fake\PILJGXKJXZ.jpg,stylegan2_ood,0.1,constant_fill_CONFOUNDED,hot,0.212879,0.715581,0.92846
C:\My_Project\AIGC\stylegan2_test\fake\PILJGXKJXZ.jpg,stylegan2_ood,0.1,constant_fill_CONFOUNDED,bottom,0.916224,0.012236,0.92846
C:\My_Project\AIGC\stylegan2_test\fake\PILJGXKJXZ.jpg,stylegan2_ood,0.1,constant_fill_CONFOUNDED,random_scattered,0.887461,0.040999,0.92846
C:\My_Project\AIGC\stylegan2_test\fake\PILJGXKJXZ.jpg,stylegan2_ood,0.2,blur,random_seed0,0.885396,0.043064,0.92846
C:\My_Project\AIGC\stylegan2_test\fake\PILJGXKJXZ.jpg,stylegan2_ood,0.2,blur,random_seed1,0.855703,0.072757,0.92846
C:\My_Project\AIGC\stylegan2_test\fake\PILJGXKJXZ.jpg,stylegan2_ood,0.2,blur,random_seed2,0.820152,0.108309,0.92846
C:\My_Project\AIGC\stylegan2_test\fake\PILJGXKJXZ.jpg,stylegan2_ood,0.2,blur,random_seed3,0.94207,-0.013609,0.92846
C:\My_Project\AIGC\stylegan2_test\fake\PILJGXKJXZ.jpg,stylegan2_ood,0.2,blur,random_seed4,0.804774,0.123687,0.92846
C:\My_Project\AIGC\stylegan2_test\fake\PILJGXKJXZ.jpg,stylegan2_ood,0.2,blur,hot,0.735335,0.193126,0.92846
C:\My_Project\AIGC\stylegan2_test\fake\PILJGXKJXZ.jpg,stylegan2_ood,0.2,blur,bottom,0.922111,0.006349,0.92846
C:\My_Project\AIGC\stylegan2_test\fake\PILJGXKJXZ.jpg,stylegan2_ood,0.2,blur,random_mean,0.861619,0.066841,0.92846
C:\My_Project\AIGC\stylegan2_test\fake\PILJGXKJXZ.jpg,stylegan2_ood,0.2,constant_fill_CONFOUNDED,hot,0.607519,0.320941,0.92846
C:\My_Project\AIGC\stylegan2_test\fake\PILJGXKJXZ.jpg,stylegan2_ood,0.2,constant_fill_CONFOUNDED,bottom,0.889767,0.038693,0.92846
C:\My_Project\AIGC\stylegan2_test\fake\PILJGXKJXZ.jpg,stylegan2_ood,0.2,constant_fill_CONFOUNDED,random_scattered,0.916468,0.011992,0.92846
C:\My_Project\AIGC\stylegan2_test\fake\PWDTNKVF36.jpg,stylegan2_ood,0.05,blur,random_seed0,0.929952,-0.003537,0.926415
C:\My_Project\AIGC\stylegan2_test\fake\PWDTNKVF36.jpg,stylegan2_ood,0.05,blur,random_seed1,0.92834,-0.001926,0.926415
C:\My_Project\AIGC\stylegan2_test\fake\PWDTNKVF36.jpg,stylegan2_ood,0.05,blur,random_seed2,0.91844,0.007975,0.926415
C:\My_Project\AIGC\stylegan2_test\fake\PWDTNKVF36.jpg,stylegan2_ood,0.05,blur,random_seed3,0.928498,-0.002083,0.926415
C:\My_Project\AIGC\stylegan2_test\fake\PWDTNKVF36.jpg,stylegan2_ood,0.05,blur,random_seed4,0.923119,0.003296,0.926415
C:\My_Project\AIGC\stylegan2_test\fake\PWDTNKVF36.jpg,stylegan2_ood,0.05,blur,hot,0.93416,-0.007745,0.926415
C:\My_Project\AIGC\stylegan2_test\fake\PWDTNKVF36.jpg,stylegan2_ood,0.05,blur,bottom,0.927028,-0.000613,0.926415
C:\My_Project\AIGC\stylegan2_test\fake\PWDTNKVF36.jpg,stylegan2_ood,0.05,blur,random_mean,0.92567,0.000745,0.926415
C:\My_Project\AIGC\stylegan2_test\fake\PWDTNKVF36.jpg,stylegan2_ood,0.05,constant_fill_CONFOUNDED,hot,0.931208,-0.004793,0.926415
C:\My_Project\AIGC\stylegan2_test\fake\PWDTNKVF36.jpg,stylegan2_ood,0.05,constant_fill_CONFOUNDED,bottom,0.923507,0.002908,0.926415
C:\My_Project\AIGC\stylegan2_test\fake\PWDTNKVF36.jpg,stylegan2_ood,0.05,constant_fill_CONFOUNDED,random_scattered,0.222699,0.703716,0.926415
C:\My_Project\AIGC\stylegan2_test\fake\PWDTNKVF36.jpg,stylegan2_ood,0.1,blur,random_seed0,0.929526,-0.003111,0.926415
C:\My_Project\AIGC\stylegan2_test\fake\PWDTNKVF36.jpg,stylegan2_ood,0.1,blur,random_seed1,0.928286,-0.001871,0.926415
C:\My_Project\AIGC\stylegan2_test\fake\PWDTNKVF36.jpg,stylegan2_ood,0.1,blur,random_seed2,0.928506,-0.002091,0.926415
C:\My_Project\AIGC\stylegan2_test\fake\PWDTNKVF36.jpg,stylegan2_ood,0.1,blur,random_seed3,0.921872,0.004543,0.926415
C:\My_Project\AIGC\stylegan2_test\fake\PWDTNKVF36.jpg,stylegan2_ood,0.1,blur,random_seed4,0.928803,-0.002388,0.926415
C:\My_Project\AIGC\stylegan2_test\fake\PWDTNKVF36.jpg,stylegan2_ood,0.1,blur,hot,0.885993,0.040422,0.926415
C:\My_Project\AIGC\stylegan2_test\fake\PWDTNKVF36.jpg,stylegan2_ood,0.1,blur,bottom,0.925734,0.000681,0.926415
C:\My_Project\AIGC\stylegan2_test\fake\PWDTNKVF36.jpg,stylegan2_ood,0.1,blur,random_mean,0.927399,-0.000984,0.926415
C:\My_Project\AIGC\stylegan2_test\fake\PWDTNKVF36.jpg,stylegan2_ood,0.1,constant_fill_CONFOUNDED,hot,0.579743,0.346672,0.926415
C:\My_Project\AIGC\stylegan2_test\fake\PWDTNKVF36.jpg,stylegan2_ood,0.1,constant_fill_CONFOUNDED,bottom,0.92423,0.002185,0.926415
C:\My_Project\AIGC\stylegan2_test\fake\PWDTNKVF36.jpg,stylegan2_ood,0.1,constant_fill_CONFOUNDED,random_scattered,0.264038,0.662377,0.926415
C:\My_Project\AIGC\stylegan2_test\fake\PWDTNKVF36.jpg,stylegan2_ood,0.2,blur,random_seed0,0.929109,-0.002694,0.926415
C:\My_Project\AIGC\stylegan2_test\fake\PWDTNKVF36.jpg,stylegan2_ood,0.2,blur,random_seed1,0.937909,-0.011495,0.926415
C:\My_Project\AIGC\stylegan2_test\fake\PWDTNKVF36.jpg,stylegan2_ood,0.2,blur,random_seed2,0.874731,0.051684,0.926415
C:\My_Project\AIGC\stylegan2_test\fake\PWDTNKVF36.jpg,stylegan2_ood,0.2,blur,random_seed3,0.902077,0.024338,0.926415
C:\My_Project\AIGC\stylegan2_test\fake\PWDTNKVF36.jpg,stylegan2_ood,0.2,blur,random_seed4,0.92226,0.004155,0.926415
C:\My_Project\AIGC\stylegan2_test\fake\PWDTNKVF36.jpg,stylegan2_ood,0.2,blur,hot,0.721617,0.204798,0.926415
C:\My_Project\AIGC\stylegan2_test\fake\PWDTNKVF36.jpg,stylegan2_ood,0.2,blur,bottom,0.921863,0.004552,0.926415
C:\My_Project\AIGC\stylegan2_test\fake\PWDTNKVF36.jpg,stylegan2_ood,0.2,blur,random_mean,0.913218,0.013197,0.926415
C:\My_Project\AIGC\stylegan2_test\fake\PWDTNKVF36.jpg,stylegan2_ood,0.2,constant_fill_CONFOUNDED,hot,0.205571,0.720844,0.926415
C:\My_Project\AIGC\stylegan2_test\fake\PWDTNKVF36.jpg,stylegan2_ood,0.2,constant_fill_CONFOUNDED,bottom,0.908899,0.017516,0.926415
C:\My_Project\AIGC\stylegan2_test\fake\PWDTNKVF36.jpg,stylegan2_ood,0.2,constant_fill_CONFOUNDED,random_scattered,0.436908,0.489507,0.926415
C:\My_Project\AIGC\stylegan2_test\fake\RCETBMFUTR.jpg,stylegan2_ood,0.05,blur,random_seed0,0.92141,0.004853,0.926264
C:\My_Project\AIGC\stylegan2_test\fake\RCETBMFUTR.jpg,stylegan2_ood,0.05,blur,random_seed1,0.924925,0.001339,0.926264
C:\My_Project\AIGC\stylegan2_test\fake\RCETBMFUTR.jpg,stylegan2_ood,0.05,blur,random_seed2,0.921767,0.004497,0.926264
C:\My_Project\AIGC\stylegan2_test\fake\RCETBMFUTR.jpg,stylegan2_ood,0.05,blur,random_seed3,0.918137,0.008127,0.926264
C:\My_Project\AIGC\stylegan2_test\fake\RCETBMFUTR.jpg,stylegan2_ood,0.05,blur,random_seed4,0.902234,0.02403,0.926264
C:\My_Project\AIGC\stylegan2_test\fake\RCETBMFUTR.jpg,stylegan2_ood,0.05,blur,hot,0.925477,0.000786,0.926264
C:\My_Project\AIGC\stylegan2_test\fake\RCETBMFUTR.jpg,stylegan2_ood,0.05,blur,bottom,0.922022,0.004242,0.926264
C:\My_Project\AIGC\stylegan2_test\fake\RCETBMFUTR.jpg,stylegan2_ood,0.05,blur,random_mean,0.917694,0.008569,0.926264
C:\My_Project\AIGC\stylegan2_test\fake\RCETBMFUTR.jpg,stylegan2_ood,0.05,constant_fill_CONFOUNDED,hot,0.941373,-0.01511,0.926264
C:\My_Project\AIGC\stylegan2_test\fake\RCETBMFUTR.jpg,stylegan2_ood,0.05,constant_fill_CONFOUNDED,bottom,0.922842,0.003421,0.926264
C:\My_Project\AIGC\stylegan2_test\fake\RCETBMFUTR.jpg,stylegan2_ood,0.05,constant_fill_CONFOUNDED,random_scattered,0.485325,0.440939,0.926264
C:\My_Project\AIGC\stylegan2_test\fake\RCETBMFUTR.jpg,stylegan2_ood,0.1,blur,random_seed0,0.880124,0.04614,0.926264
C:\My_Project\AIGC\stylegan2_test\fake\RCETBMFUTR.jpg,stylegan2_ood,0.1,blur,random_seed1,0.835002,0.091262,0.926264
C:\My_Project\AIGC\stylegan2_test\fake\RCETBMFUTR.jpg,stylegan2_ood,0.1,blur,random_seed2,0.919559,0.006705,0.926264
C:\My_Project\AIGC\stylegan2_test\fake\RCETBMFUTR.jpg,stylegan2_ood,0.1,blur,random_seed3,0.888591,0.037672,0.926264
C:\My_Project\AIGC\stylegan2_test\fake\RCETBMFUTR.jpg,stylegan2_ood,0.1,blur,random_seed4,0.908719,0.017545,0.926264
C:\My_Project\AIGC\stylegan2_test\fake\RCETBMFUTR.jpg,stylegan2_ood,0.1,blur,hot,0.872432,0.053831,0.926264
C:\My_Project\AIGC\stylegan2_test\fake\RCETBMFUTR.jpg,stylegan2_ood,0.1,blur,bottom,0.912378,0.013885,0.926264
C:\My_Project\AIGC\stylegan2_test\fake\RCETBMFUTR.jpg,stylegan2_ood,0.1,blur,random_mean,0.886399,0.039865,0.926264
C:\My_Project\AIGC\stylegan2_test\fake\RCETBMFUTR.jpg,stylegan2_ood,0.1,constant_fill_CONFOUNDED,hot,0.927602,-0.001339,0.926264
C:\My_Project\AIGC\stylegan2_test\fake\RCETBMFUTR.jpg,stylegan2_ood,0.1,constant_fill_CONFOUNDED,bottom,0.911144,0.015119,0.926264
C:\My_Project\AIGC\stylegan2_test\fake\RCETBMFUTR.jpg,stylegan2_ood,0.1,constant_fill_CONFOUNDED,random_scattered,0.554294,0.37197,0.926264
C:\My_Project\AIGC\stylegan2_test\fake\RCETBMFUTR.jpg,stylegan2_ood,0.2,blur,random_seed0,0.626207,0.300056,0.926264
C:\My_Project\AIGC\stylegan2_test\fake\RCETBMFUTR.jpg,stylegan2_ood,0.2,blur,random_seed1,0.925732,0.000531,0.926264
C:\My_Project\AIGC\stylegan2_test\fake\RCETBMFUTR.jpg,stylegan2_ood,0.2,blur,random_seed2,0.909865,0.016398,0.926264
C:\My_Project\AIGC\stylegan2_test\fake\RCETBMFUTR.jpg,stylegan2_ood,0.2,blur,random_seed3,0.614902,0.311362,0.926264
C:\My_Project\AIGC\stylegan2_test\fake\RCETBMFUTR.jpg,stylegan2_ood,0.2,blur,random_seed4,0.88268,0.043584,0.926264
C:\My_Project\AIGC\stylegan2_test\fake\RCETBMFUTR.jpg,stylegan2_ood,0.2,blur,hot,0.380642,0.545621,0.926264
C:\My_Project\AIGC\stylegan2_test\fake\RCETBMFUTR.jpg,stylegan2_ood,0.2,blur,bottom,0.92154,0.004723,0.926264
C:\My_Project\AIGC\stylegan2_test\fake\RCETBMFUTR.jpg,stylegan2_ood,0.2,blur,random_mean,0.791877,0.134386,0.926264
C:\My_Project\AIGC\stylegan2_test\fake\RCETBMFUTR.jpg,stylegan2_ood,0.2,constant_fill_CONFOUNDED,hot,0.415486,0.510777,0.926264
C:\My_Project\AIGC\stylegan2_test\fake\RCETBMFUTR.jpg,stylegan2_ood,0.2,constant_fill_CONFOUNDED,bottom,0.917961,0.008303,0.926264
C:\My_Project\AIGC\stylegan2_test\fake\RCETBMFUTR.jpg,stylegan2_ood,0.2,constant_fill_CONFOUNDED,random_scattered,0.891476,0.034788,0.926264
C:\My_Project\AIGC\stylegan2_test\fake\RE9I0JZ8XC.jpg,stylegan2_ood,0.05,blur,random_seed0,0.929061,0.004959,0.93402
C:\My_Project\AIGC\stylegan2_test\fake\RE9I0JZ8XC.jpg,stylegan2_ood,0.05,blur,random_seed1,0.903482,0.030537,0.93402
C:\My_Project\AIGC\stylegan2_test\fake\RE9I0JZ8XC.jpg,stylegan2_ood,0.05,blur,random_seed2,0.934201,-0.000181,0.93402
C:\My_Project\AIGC\stylegan2_test\fake\RE9I0JZ8XC.jpg,stylegan2_ood,0.05,blur,random_seed3,0.923015,0.011005,0.93402
C:\My_Project\AIGC\stylegan2_test\fake\RE9I0JZ8XC.jpg,stylegan2_ood,0.05,blur,random_seed4,0.929065,0.004955,0.93402
C:\My_Project\AIGC\stylegan2_test\fake\RE9I0JZ8XC.jpg,stylegan2_ood,0.05,blur,hot,0.932812,0.001208,0.93402
C:\My_Project\AIGC\stylegan2_test\fake\RE9I0JZ8XC.jpg,stylegan2_ood,0.05,blur,bottom,0.930344,0.003676,0.93402
C:\My_Project\AIGC\stylegan2_test\fake\RE9I0JZ8XC.jpg,stylegan2_ood,0.05,blur,random_mean,0.923765,0.010255,0.93402
C:\My_Project\AIGC\stylegan2_test\fake\RE9I0JZ8XC.jpg,stylegan2_ood,0.05,constant_fill_CONFOUNDED,hot,0.912418,0.021602,0.93402
C:\My_Project\AIGC\stylegan2_test\fake\RE9I0JZ8XC.jpg,stylegan2_ood,0.05,constant_fill_CONFOUNDED,bottom,0.937229,-0.003209,0.93402
C:\My_Project\AIGC\stylegan2_test\fake\RE9I0JZ8XC.jpg,stylegan2_ood,0.05,constant_fill_CONFOUNDED,random_scattered,0.72311,0.210909,0.93402
C:\My_Project\AIGC\stylegan2_test\fake\RE9I0JZ8XC.jpg,stylegan2_ood,0.1,blur,random_seed0,0.917831,0.016189,0.93402
C:\My_Project\AIGC\stylegan2_test\fake\RE9I0JZ8XC.jpg,stylegan2_ood,0.1,blur,random_seed1,0.938319,-0.004299,0.93402
C:\My_Project\AIGC\stylegan2_test\fake\RE9I0JZ8XC.jpg,stylegan2_ood,0.1,blur,random_seed2,0.903129,0.030891,0.93402
C:\My_Project\AIGC\stylegan2_test\fake\RE9I0JZ8XC.jpg,stylegan2_ood,0.1,blur,random_seed3,0.876435,0.057585,0.93402
C:\My_Project\AIGC\stylegan2_test\fake\RE9I0JZ8XC.jpg,stylegan2_ood,0.1,blur,random_seed4,0.937472,-0.003452,0.93402
C:\My_Project\AIGC\stylegan2_test\fake\RE9I0JZ8XC.jpg,stylegan2_ood,0.1,blur,hot,0.721063,0.212957,0.93402
C:\My_Project\AIGC\stylegan2_test\fake\RE9I0JZ8XC.jpg,stylegan2_ood,0.1,blur,bottom,0.931359,0.002661,0.93402
C:\My_Project\AIGC\stylegan2_test\fake\RE9I0JZ8XC.jpg,stylegan2_ood,0.1,blur,random_mean,0.914637,0.019383,0.93402
C:\My_Project\AIGC\stylegan2_test\fake\RE9I0JZ8XC.jpg,stylegan2_ood,0.1,constant_fill_CONFOUNDED,hot,0.367504,0.566515,0.93402
C:\My_Project\AIGC\stylegan2_test\fake\RE9I0JZ8XC.jpg,stylegan2_ood,0.1,constant_fill_CONFOUNDED,bottom,0.929142,0.004877,0.93402
C:\My_Project\AIGC\stylegan2_test\fake\RE9I0JZ8XC.jpg,stylegan2_ood,0.1,constant_fill_CONFOUNDED,random_scattered,0.858127,0.075893,0.93402
C:\My_Project\AIGC\stylegan2_test\fake\RE9I0JZ8XC.jpg,stylegan2_ood,0.2,blur,random_seed0,0.737956,0.196064,0.93402
C:\My_Project\AIGC\stylegan2_test\fake\RE9I0JZ8XC.jpg,stylegan2_ood,0.2,blur,random_seed1,0.417231,0.516789,0.93402
C:\My_Project\AIGC\stylegan2_test\fake\RE9I0JZ8XC.jpg,stylegan2_ood,0.2,blur,random_seed2,0.897726,0.036294,0.93402
C:\My_Project\AIGC\stylegan2_test\fake\RE9I0JZ8XC.jpg,stylegan2_ood,0.2,blur,random_seed3,0.296818,0.637202,0.93402
C:\My_Project\AIGC\stylegan2_test\fake\RE9I0JZ8XC.jpg,stylegan2_ood,0.2,blur,random_seed4,0.392555,0.541465,0.93402
C:\My_Project\AIGC\stylegan2_test\fake\RE9I0JZ8XC.jpg,stylegan2_ood,0.2,blur,hot,0.437288,0.496732,0.93402
C:\My_Project\AIGC\stylegan2_test\fake\RE9I0JZ8XC.jpg,stylegan2_ood,0.2,blur,bottom,0.930128,0.003892,0.93402
C:\My_Project\AIGC\stylegan2_test\fake\RE9I0JZ8XC.jpg,stylegan2_ood,0.2,blur,random_mean,0.548457,0.385563,0.93402
C:\My_Project\AIGC\stylegan2_test\fake\RE9I0JZ8XC.jpg,stylegan2_ood,0.2,constant_fill_CONFOUNDED,hot,0.67971,0.254309,0.93402
C:\My_Project\AIGC\stylegan2_test\fake\RE9I0JZ8XC.jpg,stylegan2_ood,0.2,constant_fill_CONFOUNDED,bottom,0.924858,0.009162,0.93402
C:\My_Project\AIGC\stylegan2_test\fake\RE9I0JZ8XC.jpg,stylegan2_ood,0.2,constant_fill_CONFOUNDED,random_scattered,0.910575,0.023445,0.93402
C:\My_Project\AIGC\stylegan2_test\fake\RTBQTLYH9Z.jpg,stylegan2_ood,0.05,blur,random_seed0,0.932911,0.002215,0.935125
C:\My_Project\AIGC\stylegan2_test\fake\RTBQTLYH9Z.jpg,stylegan2_ood,0.05,blur,random_seed1,0.9375,-0.002375,0.935125
C:\My_Project\AIGC\stylegan2_test\fake\RTBQTLYH9Z.jpg,stylegan2_ood,0.05,blur,random_seed2,0.944396,-0.00927,0.935125
C:\My_Project\AIGC\stylegan2_test\fake\RTBQTLYH9Z.jpg,stylegan2_ood,0.05,blur,random_seed3,0.922681,0.012445,0.935125
C:\My_Project\AIGC\stylegan2_test\fake\RTBQTLYH9Z.jpg,stylegan2_ood,0.05,blur,random_seed4,0.936258,-0.001133,0.935125
C:\My_Project\AIGC\stylegan2_test\fake\RTBQTLYH9Z.jpg,stylegan2_ood,0.05,blur,hot,0.930618,0.004507,0.935125
C:\My_Project\AIGC\stylegan2_test\fake\RTBQTLYH9Z.jpg,stylegan2_ood,0.05,blur,bottom,0.935676,-0.00055,0.935125
C:\My_Project\AIGC\stylegan2_test\fake\RTBQTLYH9Z.jpg,stylegan2_ood,0.05,blur,random_mean,0.934749,0.000376,0.935125
C:\My_Project\AIGC\stylegan2_test\fake\RTBQTLYH9Z.jpg,stylegan2_ood,0.05,constant_fill_CONFOUNDED,hot,0.941059,-0.005934,0.935125
C:\My_Project\AIGC\stylegan2_test\fake\RTBQTLYH9Z.jpg,stylegan2_ood,0.05,constant_fill_CONFOUNDED,bottom,0.926055,0.00907,0.935125
C:\My_Project\AIGC\stylegan2_test\fake\RTBQTLYH9Z.jpg,stylegan2_ood,0.05,constant_fill_CONFOUNDED,random_scattered,0.923848,0.011278,0.935125
C:\My_Project\AIGC\stylegan2_test\fake\RTBQTLYH9Z.jpg,stylegan2_ood,0.1,blur,random_seed0,0.940277,-0.005151,0.935125
C:\My_Project\AIGC\stylegan2_test\fake\RTBQTLYH9Z.jpg,stylegan2_ood,0.1,blur,random_seed1,0.94664,-0.011515,0.935125
C:\My_Project\AIGC\stylegan2_test\fake\RTBQTLYH9Z.jpg,stylegan2_ood,0.1,blur,random_seed2,0.898439,0.036686,0.935125
C:\My_Project\AIGC\stylegan2_test\fake\RTBQTLYH9Z.jpg,stylegan2_ood,0.1,blur,random_seed3,0.933876,0.001249,0.935125
C:\My_Project\AIGC\stylegan2_test\fake\RTBQTLYH9Z.jpg,stylegan2_ood,0.1,blur,random_seed4,0.932926,0.0022,0.935125
C:\My_Project\AIGC\stylegan2_test\fake\RTBQTLYH9Z.jpg,stylegan2_ood,0.1,blur,hot,0.39952,0.535606,0.935125
C:\My_Project\AIGC\stylegan2_test\fake\RTBQTLYH9Z.jpg,stylegan2_ood,0.1,blur,bottom,0.936275,-0.00115,0.935125
C:\My_Project\AIGC\stylegan2_test\fake\RTBQTLYH9Z.jpg,stylegan2_ood,0.1,blur,random_mean,0.930432,0.004694,0.935125
C:\My_Project\AIGC\stylegan2_test\fake\RTBQTLYH9Z.jpg,stylegan2_ood,0.1,constant_fill_CONFOUNDED,hot,0.858776,0.076349,0.935125
C:\My_Project\AIGC\stylegan2_test\fake\RTBQTLYH9Z.jpg,stylegan2_ood,0.1,constant_fill_CONFOUNDED,bottom,0.926409,0.008716,0.935125
C:\My_Project\AIGC\stylegan2_test\fake\RTBQTLYH9Z.jpg,stylegan2_ood,0.1,constant_fill_CONFOUNDED,random_scattered,0.935701,-0.000576,0.935125
C:\My_Project\AIGC\stylegan2_test\fake\RTBQTLYH9Z.jpg,stylegan2_ood,0.2,blur,random_seed0,0.659535,0.27559,0.935125
C:\My_Project\AIGC\stylegan2_test\fake\RTBQTLYH9Z.jpg,stylegan2_ood,0.2,blur,random_seed1,0.875602,0.059523,0.935125
C:\My_Project\AIGC\stylegan2_test\fake\RTBQTLYH9Z.jpg,stylegan2_ood,0.2,blur,random_seed2,0.206122,0.729004,0.935125
C:\My_Project\AIGC\stylegan2_test\fake\RTBQTLYH9Z.jpg,stylegan2_ood,0.2,blur,random_seed3,0.418892,0.516234,0.935125
C:\My_Project\AIGC\stylegan2_test\fake\RTBQTLYH9Z.jpg,stylegan2_ood,0.2,blur,random_seed4,0.734525,0.2006,0.935125
C:\My_Project\AIGC\stylegan2_test\fake\RTBQTLYH9Z.jpg,stylegan2_ood,0.2,blur,hot,0.63779,0.297336,0.935125
C:\My_Project\AIGC\stylegan2_test\fake\RTBQTLYH9Z.jpg,stylegan2_ood,0.2,blur,bottom,0.935195,-6.9e-05,0.935125
C:\My_Project\AIGC\stylegan2_test\fake\RTBQTLYH9Z.jpg,stylegan2_ood,0.2,blur,random_mean,0.578935,0.35619,0.935125
C:\My_Project\AIGC\stylegan2_test\fake\RTBQTLYH9Z.jpg,stylegan2_ood,0.2,constant_fill_CONFOUNDED,hot,0.555971,0.379154,0.935125
C:\My_Project\AIGC\stylegan2_test\fake\RTBQTLYH9Z.jpg,stylegan2_ood,0.2,constant_fill_CONFOUNDED,bottom,0.918533,0.016592,0.935125
C:\My_Project\AIGC\stylegan2_test\fake\RTBQTLYH9Z.jpg,stylegan2_ood,0.2,constant_fill_CONFOUNDED,random_scattered,0.940044,-0.004919,0.935125
C:\My_Project\AIGC\stylegan2_test\fake\SALHBWCNVW.jpg,stylegan2_ood,0.05,blur,random_seed0,0.933688,-0.001617,0.932071
C:\My_Project\AIGC\stylegan2_test\fake\SALHBWCNVW.jpg,stylegan2_ood,0.05,blur,random_seed1,0.927137,0.004934,0.932071
C:\My_Project\AIGC\stylegan2_test\fake\SALHBWCNVW.jpg,stylegan2_ood,0.05,blur,random_seed2,0.934085,-0.002014,0.932071
C:\My_Project\AIGC\stylegan2_test\fake\SALHBWCNVW.jpg,stylegan2_ood,0.05,blur,random_seed3,0.929957,0.002114,0.932071
C:\My_Project\AIGC\stylegan2_test\fake\SALHBWCNVW.jpg,stylegan2_ood,0.05,blur,random_seed4,0.934201,-0.00213,0.932071
C:\My_Project\AIGC\stylegan2_test\fake\SALHBWCNVW.jpg,stylegan2_ood,0.05,blur,hot,0.907119,0.024952,0.932071
C:\My_Project\AIGC\stylegan2_test\fake\SALHBWCNVW.jpg,stylegan2_ood,0.05,blur,bottom,0.929872,0.0022,0.932071
C:\My_Project\AIGC\stylegan2_test\fake\SALHBWCNVW.jpg,stylegan2_ood,0.05,blur,random_mean,0.931814,0.000258,0.932071
C:\My_Project\AIGC\stylegan2_test\fake\SALHBWCNVW.jpg,stylegan2_ood,0.05,constant_fill_CONFOUNDED,hot,0.923132,0.00894,0.932071
C:\My_Project\AIGC\stylegan2_test\fake\SALHBWCNVW.jpg,stylegan2_ood,0.05,constant_fill_CONFOUNDED,bottom,0.926546,0.005525,0.932071
C:\My_Project\AIGC\stylegan2_test\fake\SALHBWCNVW.jpg,stylegan2_ood,0.05,constant_fill_CONFOUNDED,random_scattered,0.401571,0.5305,0.932071
C:\My_Project\AIGC\stylegan2_test\fake\SALHBWCNVW.jpg,stylegan2_ood,0.1,blur,random_seed0,0.934998,-0.002926,0.932071
C:\My_Project\AIGC\stylegan2_test\fake\SALHBWCNVW.jpg,stylegan2_ood,0.1,blur,random_seed1,0.870621,0.06145,0.932071
C:\My_Project\AIGC\stylegan2_test\fake\SALHBWCNVW.jpg,stylegan2_ood,0.1,blur,random_seed2,0.935278,-0.003207,0.932071
C:\My_Project\AIGC\stylegan2_test\fake\SALHBWCNVW.jpg,stylegan2_ood,0.1,blur,random_seed3,0.850931,0.081141,0.932071
C:\My_Project\AIGC\stylegan2_test\fake\SALHBWCNVW.jpg,stylegan2_ood,0.1,blur,random_seed4,0.781932,0.15014,0.932071
C:\My_Project\AIGC\stylegan2_test\fake\SALHBWCNVW.jpg,stylegan2_ood,0.1,blur,hot,0.768381,0.163691,0.932071
C:\My_Project\AIGC\stylegan2_test\fake\SALHBWCNVW.jpg,stylegan2_ood,0.1,blur,bottom,0.924256,0.007815,0.932071
C:\My_Project\AIGC\stylegan2_test\fake\SALHBWCNVW.jpg,stylegan2_ood,0.1,blur,random_mean,0.874752,0.057319,0.932071
C:\My_Project\AIGC\stylegan2_test\fake\SALHBWCNVW.jpg,stylegan2_ood,0.1,constant_fill_CONFOUNDED,hot,0.782052,0.150019,0.932071
C:\My_Project\AIGC\stylegan2_test\fake\SALHBWCNVW.jpg,stylegan2_ood,0.1,constant_fill_CONFOUNDED,bottom,0.913756,0.018315,0.932071
C:\My_Project\AIGC\stylegan2_test\fake\SALHBWCNVW.jpg,stylegan2_ood,0.1,constant_fill_CONFOUNDED,random_scattered,0.796375,0.135697,0.932071
C:\My_Project\AIGC\stylegan2_test\fake\SALHBWCNVW.jpg,stylegan2_ood,0.2,blur,random_seed0,0.93272,-0.000648,0.932071
C:\My_Project\AIGC\stylegan2_test\fake\SALHBWCNVW.jpg,stylegan2_ood,0.2,blur,random_seed1,0.911779,0.020292,0.932071
C:\My_Project\AIGC\stylegan2_test\fake\SALHBWCNVW.jpg,stylegan2_ood,0.2,blur,random_seed2,0.673686,0.258385,0.932071
C:\My_Project\AIGC\stylegan2_test\fake\SALHBWCNVW.jpg,stylegan2_ood,0.2,blur,random_seed3,0.852285,0.079786,0.932071
C:\My_Project\AIGC\stylegan2_test\fake\SALHBWCNVW.jpg,stylegan2_ood,0.2,blur,random_seed4,0.902752,0.02932,0.932071
C:\My_Project\AIGC\stylegan2_test\fake\SALHBWCNVW.jpg,stylegan2_ood,0.2,blur,hot,0.74777,0.184301,0.932071
C:\My_Project\AIGC\stylegan2_test\fake\SALHBWCNVW.jpg,stylegan2_ood,0.2,blur,bottom,0.921094,0.010977,0.932071
C:\My_Project\AIGC\stylegan2_test\fake\SALHBWCNVW.jpg,stylegan2_ood,0.2,blur,random_mean,0.854644,0.077427,0.932071
C:\My_Project\AIGC\stylegan2_test\fake\SALHBWCNVW.jpg,stylegan2_ood,0.2,constant_fill_CONFOUNDED,hot,0.80998,0.122091,0.932071
C:\My_Project\AIGC\stylegan2_test\fake\SALHBWCNVW.jpg,stylegan2_ood,0.2,constant_fill_CONFOUNDED,bottom,0.919902,0.012169,0.932071
C:\My_Project\AIGC\stylegan2_test\fake\SALHBWCNVW.jpg,stylegan2_ood,0.2,constant_fill_CONFOUNDED,random_scattered,0.899883,0.032188,0.932071
C:\My_Project\AIGC\stylegan2_test\fake\SMLN7GPDBD.jpg,stylegan2_ood,0.05,blur,random_seed0,0.916293,0.010202,0.926495
C:\My_Project\AIGC\stylegan2_test\fake\SMLN7GPDBD.jpg,stylegan2_ood,0.05,blur,random_seed1,0.927002,-0.000507,0.926495
C:\My_Project\AIGC\stylegan2_test\fake\SMLN7GPDBD.jpg,stylegan2_ood,0.05,blur,random_seed2,0.923325,0.00317,0.926495
C:\My_Project\AIGC\stylegan2_test\fake\SMLN7GPDBD.jpg,stylegan2_ood,0.05,blur,random_seed3,0.923389,0.003106,0.926495
C:\My_Project\AIGC\stylegan2_test\fake\SMLN7GPDBD.jpg,stylegan2_ood,0.05,blur,random_seed4,0.925275,0.00122,0.926495
C:\My_Project\AIGC\stylegan2_test\fake\SMLN7GPDBD.jpg,stylegan2_ood,0.05,blur,hot,0.932209,-0.005715,0.926495
C:\My_Project\AIGC\stylegan2_test\fake\SMLN7GPDBD.jpg,stylegan2_ood,0.05,blur,bottom,0.924424,0.002071,0.926495
C:\My_Project\AIGC\stylegan2_test\fake\SMLN7GPDBD.jpg,stylegan2_ood,0.05,blur,random_mean,0.923057,0.003438,0.926495
C:\My_Project\AIGC\stylegan2_test\fake\SMLN7GPDBD.jpg,stylegan2_ood,0.05,constant_fill_CONFOUNDED,hot,0.865763,0.060731,0.926495
C:\My_Project\AIGC\stylegan2_test\fake\SMLN7GPDBD.jpg,stylegan2_ood,0.05,constant_fill_CONFOUNDED,bottom,0.914466,0.012029,0.926495
C:\My_Project\AIGC\stylegan2_test\fake\SMLN7GPDBD.jpg,stylegan2_ood,0.05,constant_fill_CONFOUNDED,random_scattered,0.824096,0.102399,0.926495
C:\My_Project\AIGC\stylegan2_test\fake\SMLN7GPDBD.jpg,stylegan2_ood,0.1,blur,random_seed0,0.926749,-0.000254,0.926495
C:\My_Project\AIGC\stylegan2_test\fake\SMLN7GPDBD.jpg,stylegan2_ood,0.1,blur,random_seed1,0.932289,-0.005794,0.926495
C:\My_Project\AIGC\stylegan2_test\fake\SMLN7GPDBD.jpg,stylegan2_ood,0.1,blur,random_seed2,0.911993,0.014502,0.926495
C:\My_Project\AIGC\stylegan2_test\fake\SMLN7GPDBD.jpg,stylegan2_ood,0.1,blur,random_seed3,0.803957,0.122538,0.926495
C:\My_Project\AIGC\stylegan2_test\fake\SMLN7GPDBD.jpg,stylegan2_ood,0.1,blur,random_seed4,0.800319,0.126176,0.926495
C:\My_Project\AIGC\stylegan2_test\fake\SMLN7GPDBD.jpg,stylegan2_ood,0.1,blur,hot,0.731928,0.194567,0.926495
C:\My_Project\AIGC\stylegan2_test\fake\SMLN7GPDBD.jpg,stylegan2_ood,0.1,blur,bottom,0.927755,-0.00126,0.926495
C:\My_Project\AIGC\stylegan2_test\fake\SMLN7GPDBD.jpg,stylegan2_ood,0.1,blur,random_mean,0.875061,0.051433,0.926495
C:\My_Project\AIGC\stylegan2_test\fake\SMLN7GPDBD.jpg,stylegan2_ood,0.1,constant_fill_CONFOUNDED,hot,0.416441,0.510054,0.926495
C:\My_Project\AIGC\stylegan2_test\fake\SMLN7GPDBD.jpg,stylegan2_ood,0.1,constant_fill_CONFOUNDED,bottom,0.912708,0.013787,0.926495
C:\My_Project\AIGC\stylegan2_test\fake\SMLN7GPDBD.jpg,stylegan2_ood,0.1,constant_fill_CONFOUNDED,random_scattered,0.858106,0.068388,0.926495
C:\My_Project\AIGC\stylegan2_test\fake\SMLN7GPDBD.jpg,stylegan2_ood,0.2,blur,random_seed0,0.828096,0.098399,0.926495
C:\My_Project\AIGC\stylegan2_test\fake\SMLN7GPDBD.jpg,stylegan2_ood,0.2,blur,random_seed1,0.938639,-0.012144,0.926495
C:\My_Project\AIGC\stylegan2_test\fake\SMLN7GPDBD.jpg,stylegan2_ood,0.2,blur,random_seed2,0.803688,0.122807,0.926495
C:\My_Project\AIGC\stylegan2_test\fake\SMLN7GPDBD.jpg,stylegan2_ood,0.2,blur,random_seed3,0.914675,0.01182,0.926495
C:\My_Project\AIGC\stylegan2_test\fake\SMLN7GPDBD.jpg,stylegan2_ood,0.2,blur,random_seed4,0.933979,-0.007484,0.926495
C:\My_Project\AIGC\stylegan2_test\fake\SMLN7GPDBD.jpg,stylegan2_ood,0.2,blur,hot,0.628543,0.297951,0.926495
C:\My_Project\AIGC\stylegan2_test\fake\SMLN7GPDBD.jpg,stylegan2_ood,0.2,blur,bottom,0.930588,-0.004093,0.926495
C:\My_Project\AIGC\stylegan2_test\fake\SMLN7GPDBD.jpg,stylegan2_ood,0.2,blur,random_mean,0.883815,0.04268,0.926495
C:\My_Project\AIGC\stylegan2_test\fake\SMLN7GPDBD.jpg,stylegan2_ood,0.2,constant_fill_CONFOUNDED,hot,0.309815,0.61668,0.926495
C:\My_Project\AIGC\stylegan2_test\fake\SMLN7GPDBD.jpg,stylegan2_ood,0.2,constant_fill_CONFOUNDED,bottom,0.903785,0.02271,0.926495
C:\My_Project\AIGC\stylegan2_test\fake\SMLN7GPDBD.jpg,stylegan2_ood,0.2,constant_fill_CONFOUNDED,random_scattered,0.940455,-0.01396,0.926495
C:\My_Project\AIGC\stylegan2_test\fake\T84A6WMUGJ.jpg,stylegan2_ood,0.05,blur,random_seed0,0.935401,0.001152,0.936553
C:\My_Project\AIGC\stylegan2_test\fake\T84A6WMUGJ.jpg,stylegan2_ood,0.05,blur,random_seed1,0.933055,0.003498,0.936553
C:\My_Project\AIGC\stylegan2_test\fake\T84A6WMUGJ.jpg,stylegan2_ood,0.05,blur,random_seed2,0.933058,0.003495,0.936553
C:\My_Project\AIGC\stylegan2_test\fake\T84A6WMUGJ.jpg,stylegan2_ood,0.05,blur,random_seed3,0.930922,0.005631,0.936553
C:\My_Project\AIGC\stylegan2_test\fake\T84A6WMUGJ.jpg,stylegan2_ood,0.05,blur,random_seed4,0.93021,0.006343,0.936553
C:\My_Project\AIGC\stylegan2_test\fake\T84A6WMUGJ.jpg,stylegan2_ood,0.05,blur,hot,0.929914,0.006639,0.936553
C:\My_Project\AIGC\stylegan2_test\fake\T84A6WMUGJ.jpg,stylegan2_ood,0.05,blur,bottom,0.936267,0.000286,0.936553
C:\My_Project\AIGC\stylegan2_test\fake\T84A6WMUGJ.jpg,stylegan2_ood,0.05,blur,random_mean,0.932529,0.004024,0.936553
C:\My_Project\AIGC\stylegan2_test\fake\T84A6WMUGJ.jpg,stylegan2_ood,0.05,constant_fill_CONFOUNDED,hot,0.928829,0.007724,0.936553
C:\My_Project\AIGC\stylegan2_test\fake\T84A6WMUGJ.jpg,stylegan2_ood,0.05,constant_fill_CONFOUNDED,bottom,0.932178,0.004375,0.936553
C:\My_Project\AIGC\stylegan2_test\fake\T84A6WMUGJ.jpg,stylegan2_ood,0.05,constant_fill_CONFOUNDED,random_scattered,0.30574,0.630813,0.936553
C:\My_Project\AIGC\stylegan2_test\fake\T84A6WMUGJ.jpg,stylegan2_ood,0.1,blur,random_seed0,0.932872,0.003681,0.936553
C:\My_Project\AIGC\stylegan2_test\fake\T84A6WMUGJ.jpg,stylegan2_ood,0.1,blur,random_seed1,0.935349,0.001204,0.936553
C:\My_Project\AIGC\stylegan2_test\fake\T84A6WMUGJ.jpg,stylegan2_ood,0.1,blur,random_seed2,0.935961,0.000592,0.936553
C:\My_Project\AIGC\stylegan2_test\fake\T84A6WMUGJ.jpg,stylegan2_ood,0.1,blur,random_seed3,0.934502,0.002051,0.936553
C:\My_Project\AIGC\stylegan2_test\fake\T84A6WMUGJ.jpg,stylegan2_ood,0.1,blur,random_seed4,0.930852,0.005701,0.936553
C:\My_Project\AIGC\stylegan2_test\fake\T84A6WMUGJ.jpg,stylegan2_ood,0.1,blur,hot,0.928201,0.008352,0.936553
C:\My_Project\AIGC\stylegan2_test\fake\T84A6WMUGJ.jpg,stylegan2_ood,0.1,blur,bottom,0.928724,0.007829,0.936553
C:\My_Project\AIGC\stylegan2_test\fake\T84A6WMUGJ.jpg,stylegan2_ood,0.1,blur,random_mean,0.933907,0.002646,0.936553
C:\My_Project\AIGC\stylegan2_test\fake\T84A6WMUGJ.jpg,stylegan2_ood,0.1,constant_fill_CONFOUNDED,hot,0.938581,-0.002028,0.936553
C:\My_Project\AIGC\stylegan2_test\fake\T84A6WMUGJ.jpg,stylegan2_ood,0.1,constant_fill_CONFOUNDED,bottom,0.92535,0.011203,0.936553
C:\My_Project\AIGC\stylegan2_test\fake\T84A6WMUGJ.jpg,stylegan2_ood,0.1,constant_fill_CONFOUNDED,random_scattered,0.369481,0.567072,0.936553
C:\My_Project\AIGC\stylegan2_test\fake\T84A6WMUGJ.jpg,stylegan2_ood,0.2,blur,random_seed0,0.937276,-0.000723,0.936553
C:\My_Project\AIGC\stylegan2_test\fake\T84A6WMUGJ.jpg,stylegan2_ood,0.2,blur,random_seed1,0.936247,0.000306,0.936553
C:\My_Project\AIGC\stylegan2_test\fake\T84A6WMUGJ.jpg,stylegan2_ood,0.2,blur,random_seed2,0.784001,0.152552,0.936553
C:\My_Project\AIGC\stylegan2_test\fake\T84A6WMUGJ.jpg,stylegan2_ood,0.2,blur,random_seed3,0.936815,-0.000262,0.936553
C:\My_Project\AIGC\stylegan2_test\fake\T84A6WMUGJ.jpg,stylegan2_ood,0.2,blur,random_seed4,0.935258,0.001295,0.936553
C:\My_Project\AIGC\stylegan2_test\fake\T84A6WMUGJ.jpg,stylegan2_ood,0.2,blur,hot,0.709205,0.227348,0.936553
C:\My_Project\AIGC\stylegan2_test\fake\T84A6WMUGJ.jpg,stylegan2_ood,0.2,blur,bottom,0.924678,0.011875,0.936553
C:\My_Project\AIGC\stylegan2_test\fake\T84A6WMUGJ.jpg,stylegan2_ood,0.2,blur,random_mean,0.905919,0.030634,0.936553
C:\My_Project\AIGC\stylegan2_test\fake\T84A6WMUGJ.jpg,stylegan2_ood,0.2,constant_fill_CONFOUNDED,hot,0.226999,0.709554,0.936553
C:\My_Project\AIGC\stylegan2_test\fake\T84A6WMUGJ.jpg,stylegan2_ood,0.2,constant_fill_CONFOUNDED,bottom,0.917609,0.018944,0.936553
C:\My_Project\AIGC\stylegan2_test\fake\T84A6WMUGJ.jpg,stylegan2_ood,0.2,constant_fill_CONFOUNDED,random_scattered,0.409646,0.526907,0.936553
C:\My_Project\AIGC\stylegan2_test\fake\TF2K5P709A.jpg,stylegan2_ood,0.05,blur,random_seed0,0.929834,0.000573,0.930407
C:\My_Project\AIGC\stylegan2_test\fake\TF2K5P709A.jpg,stylegan2_ood,0.05,blur,random_seed1,0.923698,0.006709,0.930407
C:\My_Project\AIGC\stylegan2_test\fake\TF2K5P709A.jpg,stylegan2_ood,0.05,blur,random_seed2,0.929595,0.000812,0.930407
C:\My_Project\AIGC\stylegan2_test\fake\TF2K5P709A.jpg,stylegan2_ood,0.05,blur,random_seed3,0.932133,-0.001726,0.930407
C:\My_Project\AIGC\stylegan2_test\fake\TF2K5P709A.jpg,stylegan2_ood,0.05,blur,random_seed4,0.931647,-0.001241,0.930407
C:\My_Project\AIGC\stylegan2_test\fake\TF2K5P709A.jpg,stylegan2_ood,0.05,blur,hot,0.930096,0.00031,0.930407
C:\My_Project\AIGC\stylegan2_test\fake\TF2K5P709A.jpg,stylegan2_ood,0.05,blur,bottom,0.925213,0.005194,0.930407
C:\My_Project\AIGC\stylegan2_test\fake\TF2K5P709A.jpg,stylegan2_ood,0.05,blur,random_mean,0.929381,0.001025,0.930407
C:\My_Project\AIGC\stylegan2_test\fake\TF2K5P709A.jpg,stylegan2_ood,0.05,constant_fill_CONFOUNDED,hot,0.933471,-0.003065,0.930407
C:\My_Project\AIGC\stylegan2_test\fake\TF2K5P709A.jpg,stylegan2_ood,0.05,constant_fill_CONFOUNDED,bottom,0.921695,0.008712,0.930407
C:\My_Project\AIGC\stylegan2_test\fake\TF2K5P709A.jpg,stylegan2_ood,0.05,constant_fill_CONFOUNDED,random_scattered,0.928734,0.001673,0.930407
C:\My_Project\AIGC\stylegan2_test\fake\TF2K5P709A.jpg,stylegan2_ood,0.1,blur,random_seed0,0.92346,0.006947,0.930407
C:\My_Project\AIGC\stylegan2_test\fake\TF2K5P709A.jpg,stylegan2_ood,0.1,blur,random_seed1,0.902469,0.027937,0.930407
C:\My_Project\AIGC\stylegan2_test\fake\TF2K5P709A.jpg,stylegan2_ood,0.1,blur,random_seed2,0.919324,0.011083,0.930407
C:\My_Project\AIGC\stylegan2_test\fake\TF2K5P709A.jpg,stylegan2_ood,0.1,blur,random_seed3,0.935131,-0.004724,0.930407
C:\My_Project\AIGC\stylegan2_test\fake\TF2K5P709A.jpg,stylegan2_ood,0.1,blur,random_seed4,0.92741,0.002997,0.930407
C:\My_Project\AIGC\stylegan2_test\fake\TF2K5P709A.jpg,stylegan2_ood,0.1,blur,hot,0.652615,0.277792,0.930407
C:\My_Project\AIGC\stylegan2_test\fake\TF2K5P709A.jpg,stylegan2_ood,0.1,blur,bottom,0.915118,0.015289,0.930407
C:\My_Project\AIGC\stylegan2_test\fake\TF2K5P709A.jpg,stylegan2_ood,0.1,blur,random_mean,0.921559,0.008848,0.930407
C:\My_Project\AIGC\stylegan2_test\fake\TF2K5P709A.jpg,stylegan2_ood,0.1,constant_fill_CONFOUNDED,hot,0.507803,0.422603,0.930407
C:\My_Project\AIGC\stylegan2_test\fake\TF2K5P709A.jpg,stylegan2_ood,0.1,constant_fill_CONFOUNDED,bottom,0.813364,0.117043,0.930407
C:\My_Project\AIGC\stylegan2_test\fake\TF2K5P709A.jpg,stylegan2_ood,0.1,constant_fill_CONFOUNDED,random_scattered,0.93213,-0.001723,0.930407
C:\My_Project\AIGC\stylegan2_test\fake\TF2K5P709A.jpg,stylegan2_ood,0.2,blur,random_seed0,0.928427,0.00198,0.930407
C:\My_Project\AIGC\stylegan2_test\fake\TF2K5P709A.jpg,stylegan2_ood,0.2,blur,random_seed1,0.374338,0.556068,0.930407
C:\My_Project\AIGC\stylegan2_test\fake\TF2K5P709A.jpg,stylegan2_ood,0.2,blur,random_seed2,0.442443,0.487964,0.930407
C:\My_Project\AIGC\stylegan2_test\fake\TF2K5P709A.jpg,stylegan2_ood,0.2,blur,random_seed3,0.937901,-0.007495,0.930407
C:\My_Project\AIGC\stylegan2_test\fake\TF2K5P709A.jpg,stylegan2_ood,0.2,blur,random_seed4,0.91214,0.018267,0.930407
C:\My_Project\AIGC\stylegan2_test\fake\TF2K5P709A.jpg,stylegan2_ood,0.2,blur,hot,0.470232,0.460174,0.930407
C:\My_Project\AIGC\stylegan2_test\fake\TF2K5P709A.jpg,stylegan2_ood,0.2,blur,bottom,0.927643,0.002764,0.930407
C:\My_Project\AIGC\stylegan2_test\fake\TF2K5P709A.jpg,stylegan2_ood,0.2,blur,random_mean,0.71905,0.211357,0.930407
C:\My_Project\AIGC\stylegan2_test\fake\TF2K5P709A.jpg,stylegan2_ood,0.2,constant_fill_CONFOUNDED,hot,0.628783,0.301624,0.930407
C:\My_Project\AIGC\stylegan2_test\fake\TF2K5P709A.jpg,stylegan2_ood,0.2,constant_fill_CONFOUNDED,bottom,0.916441,0.013965,0.930407
C:\My_Project\AIGC\stylegan2_test\fake\TF2K5P709A.jpg,stylegan2_ood,0.2,constant_fill_CONFOUNDED,random_scattered,0.934597,-0.00419,0.930407
C:\My_Project\AIGC\stylegan2_test\fake\TGE19X7IKG.jpg,stylegan2_ood,0.05,blur,random_seed0,0.929188,-0.0022,0.926988
C:\My_Project\AIGC\stylegan2_test\fake\TGE19X7IKG.jpg,stylegan2_ood,0.05,blur,random_seed1,0.869217,0.05777,0.926988
C:\My_Project\AIGC\stylegan2_test\fake\TGE19X7IKG.jpg,stylegan2_ood,0.05,blur,random_seed2,0.925545,0.001442,0.926988
C:\My_Project\AIGC\stylegan2_test\fake\TGE19X7IKG.jpg,stylegan2_ood,0.05,blur,random_seed3,0.914303,0.012685,0.926988
C:\My_Project\AIGC\stylegan2_test\fake\TGE19X7IKG.jpg,stylegan2_ood,0.05,blur,random_seed4,0.927453,-0.000466,0.926988
C:\My_Project\AIGC\stylegan2_test\fake\TGE19X7IKG.jpg,stylegan2_ood,0.05,blur,hot,0.777762,0.149225,0.926988
C:\My_Project\AIGC\stylegan2_test\fake\TGE19X7IKG.jpg,stylegan2_ood,0.05,blur,bottom,0.92928,-0.002292,0.926988
C:\My_Project\AIGC\stylegan2_test\fake\TGE19X7IKG.jpg,stylegan2_ood,0.05,blur,random_mean,0.913141,0.013846,0.926988
C:\My_Project\AIGC\stylegan2_test\fake\TGE19X7IKG.jpg,stylegan2_ood,0.05,constant_fill_CONFOUNDED,hot,0.893308,0.033679,0.926988
C:\My_Project\AIGC\stylegan2_test\fake\TGE19X7IKG.jpg,stylegan2_ood,0.05,constant_fill_CONFOUNDED,bottom,0.815905,0.111082,0.926988
C:\My_Project\AIGC\stylegan2_test\fake\TGE19X7IKG.jpg,stylegan2_ood,0.05,constant_fill_CONFOUNDED,random_scattered,0.807335,0.119653,0.926988
C:\My_Project\AIGC\stylegan2_test\fake\TGE19X7IKG.jpg,stylegan2_ood,0.1,blur,random_seed0,0.926754,0.000234,0.926988
C:\My_Project\AIGC\stylegan2_test\fake\TGE19X7IKG.jpg,stylegan2_ood,0.1,blur,random_seed1,0.730545,0.196442,0.926988
C:\My_Project\AIGC\stylegan2_test\fake\TGE19X7IKG.jpg,stylegan2_ood,0.1,blur,random_seed2,0.804501,0.122487,0.926988
C:\My_Project\AIGC\stylegan2_test\fake\TGE19X7IKG.jpg,stylegan2_ood,0.1,blur,random_seed3,0.892678,0.034309,0.926988
C:\My_Project\AIGC\stylegan2_test\fake\TGE19X7IKG.jpg,stylegan2_ood,0.1,blur,random_seed4,0.837582,0.089406,0.926988
C:\My_Project\AIGC\stylegan2_test\fake\TGE19X7IKG.jpg,stylegan2_ood,0.1,blur,hot,0.654266,0.272721,0.926988
C:\My_Project\AIGC\stylegan2_test\fake\TGE19X7IKG.jpg,stylegan2_ood,0.1,blur,bottom,0.928606,-0.001618,0.926988
C:\My_Project\AIGC\stylegan2_test\fake\TGE19X7IKG.jpg,stylegan2_ood,0.1,blur,random_mean,0.838412,0.088575,0.926988
C:\My_Project\AIGC\stylegan2_test\fake\TGE19X7IKG.jpg,stylegan2_ood,0.1,constant_fill_CONFOUNDED,hot,0.785719,0.141269,0.926988
C:\My_Project\AIGC\stylegan2_test\fake\TGE19X7IKG.jpg,stylegan2_ood,0.1,constant_fill_CONFOUNDED,bottom,0.924221,0.002766,0.926988
C:\My_Project\AIGC\stylegan2_test\fake\TGE19X7IKG.jpg,stylegan2_ood,0.1,constant_fill_CONFOUNDED,random_scattered,0.918596,0.008392,0.926988
C:\My_Project\AIGC\stylegan2_test\fake\TGE19X7IKG.jpg,stylegan2_ood,0.2,blur,random_seed0,0.688152,0.238835,0.926988
C:\My_Project\AIGC\stylegan2_test\fake\TGE19X7IKG.jpg,stylegan2_ood,0.2,blur,random_seed1,0.463994,0.462994,0.926988
C:\My_Project\AIGC\stylegan2_test\fake\TGE19X7IKG.jpg,stylegan2_ood,0.2,blur,random_seed2,0.581135,0.345853,0.926988
C:\My_Project\AIGC\stylegan2_test\fake\TGE19X7IKG.jpg,stylegan2_ood,0.2,blur,random_seed3,0.925015,0.001972,0.926988
C:\My_Project\AIGC\stylegan2_test\fake\TGE19X7IKG.jpg,stylegan2_ood,0.2,blur,random_seed4,0.655535,0.271453,0.926988
C:\My_Project\AIGC\stylegan2_test\fake\TGE19X7IKG.jpg,stylegan2_ood,0.2,blur,hot,0.635078,0.29191,0.926988
C:\My_Project\AIGC\stylegan2_test\fake\TGE19X7IKG.jpg,stylegan2_ood,0.2,blur,bottom,0.924225,0.002762,0.926988
C:\My_Project\AIGC\stylegan2_test\fake\TGE19X7IKG.jpg,stylegan2_ood,0.2,blur,random_mean,0.662766,0.264221,0.926988
C:\My_Project\AIGC\stylegan2_test\fake\TGE19X7IKG.jpg,stylegan2_ood,0.2,constant_fill_CONFOUNDED,hot,0.240609,0.686379,0.926988
C:\My_Project\AIGC\stylegan2_test\fake\TGE19X7IKG.jpg,stylegan2_ood,0.2,constant_fill_CONFOUNDED,bottom,0.925882,0.001106,0.926988
C:\My_Project\AIGC\stylegan2_test\fake\TGE19X7IKG.jpg,stylegan2_ood,0.2,constant_fill_CONFOUNDED,random_scattered,0.929727,-0.002739,0.926988
C:\My_Project\AIGC\stylegan2_test\fake\U7U3VI9OU9.jpg,stylegan2_ood,0.05,blur,random_seed0,0.931059,-0.0018,0.929259
C:\My_Project\AIGC\stylegan2_test\fake\U7U3VI9OU9.jpg,stylegan2_ood,0.05,blur,random_seed1,0.931244,-0.001985,0.929259
C:\My_Project\AIGC\stylegan2_test\fake\U7U3VI9OU9.jpg,stylegan2_ood,0.05,blur,random_seed2,0.932826,-0.003567,0.929259
C:\My_Project\AIGC\stylegan2_test\fake\U7U3VI9OU9.jpg,stylegan2_ood,0.05,blur,random_seed3,0.931315,-0.002056,0.929259
C:\My_Project\AIGC\stylegan2_test\fake\U7U3VI9OU9.jpg,stylegan2_ood,0.05,blur,random_seed4,0.928114,0.001145,0.929259
C:\My_Project\AIGC\stylegan2_test\fake\U7U3VI9OU9.jpg,stylegan2_ood,0.05,blur,hot,0.570776,0.358484,0.929259
C:\My_Project\AIGC\stylegan2_test\fake\U7U3VI9OU9.jpg,stylegan2_ood,0.05,blur,bottom,0.926539,0.002721,0.929259
C:\My_Project\AIGC\stylegan2_test\fake\U7U3VI9OU9.jpg,stylegan2_ood,0.05,blur,random_mean,0.930912,-0.001652,0.929259
C:\My_Project\AIGC\stylegan2_test\fake\U7U3VI9OU9.jpg,stylegan2_ood,0.05,constant_fill_CONFOUNDED,hot,0.430298,0.498961,0.929259
C:\My_Project\AIGC\stylegan2_test\fake\U7U3VI9OU9.jpg,stylegan2_ood,0.05,constant_fill_CONFOUNDED,bottom,0.917771,0.011488,0.929259
C:\My_Project\AIGC\stylegan2_test\fake\U7U3VI9OU9.jpg,stylegan2_ood,0.05,constant_fill_CONFOUNDED,random_scattered,0.86471,0.06455,0.929259
C:\My_Project\AIGC\stylegan2_test\fake\U7U3VI9OU9.jpg,stylegan2_ood,0.1,blur,random_seed0,0.930843,-0.001584,0.929259
C:\My_Project\AIGC\stylegan2_test\fake\U7U3VI9OU9.jpg,stylegan2_ood,0.1,blur,random_seed1,0.910394,0.018865,0.929259
C:\My_Project\AIGC\stylegan2_test\fake\U7U3VI9OU9.jpg,stylegan2_ood,0.1,blur,random_seed2,0.904084,0.025175,0.929259
C:\My_Project\AIGC\stylegan2_test\fake\U7U3VI9OU9.jpg,stylegan2_ood,0.1,blur,random_seed3,0.886567,0.042693,0.929259
C:\My_Project\AIGC\stylegan2_test\fake\U7U3VI9OU9.jpg,stylegan2_ood,0.1,blur,random_seed4,0.92961,-0.000351,0.929259
C:\My_Project\AIGC\stylegan2_test\fake\U7U3VI9OU9.jpg,stylegan2_ood,0.1,blur,hot,0.218822,0.710437,0.929259
C:\My_Project\AIGC\stylegan2_test\fake\U7U3VI9OU9.jpg,stylegan2_ood,0.1,blur,bottom,0.934051,-0.004791,0.929259
C:\My_Project\AIGC\stylegan2_test\fake\U7U3VI9OU9.jpg,stylegan2_ood,0.1,blur,random_mean,0.9123,0.01696,0.929259
C:\My_Project\AIGC\stylegan2_test\fake\U7U3VI9OU9.jpg,stylegan2_ood,0.1,constant_fill_CONFOUNDED,hot,0.131185,0.798075,0.929259
C:\My_Project\AIGC\stylegan2_test\fake\U7U3VI9OU9.jpg,stylegan2_ood,0.1,constant_fill_CONFOUNDED,bottom,0.921893,0.007367,0.929259
C:\My_Project\AIGC\stylegan2_test\fake\U7U3VI9OU9.jpg,stylegan2_ood,0.1,constant_fill_CONFOUNDED,random_scattered,0.916058,0.013201,0.929259
C:\My_Project\AIGC\stylegan2_test\fake\U7U3VI9OU9.jpg,stylegan2_ood,0.2,blur,random_seed0,0.579643,0.349617,0.929259
C:\My_Project\AIGC\stylegan2_test\fake\U7U3VI9OU9.jpg,stylegan2_ood,0.2,blur,random_seed1,0.665977,0.263282,0.929259
C:\My_Project\AIGC\stylegan2_test\fake\U7U3VI9OU9.jpg,stylegan2_ood,0.2,blur,random_seed2,0.9255,0.00376,0.929259
C:\My_Project\AIGC\stylegan2_test\fake\U7U3VI9OU9.jpg,stylegan2_ood,0.2,blur,random_seed3,0.937595,-0.008335,0.929259
C:\My_Project\AIGC\stylegan2_test\fake\U7U3VI9OU9.jpg,stylegan2_ood,0.2,blur,random_seed4,0.608474,0.320785,0.929259
C:\My_Project\AIGC\stylegan2_test\fake\U7U3VI9OU9.jpg,stylegan2_ood,0.2,blur,hot,0.345177,0.584082,0.929259
C:\My_Project\AIGC\stylegan2_test\fake\U7U3VI9OU9.jpg,stylegan2_ood,0.2,blur,bottom,0.937854,-0.008595,0.929259
C:\My_Project\AIGC\stylegan2_test\fake\U7U3VI9OU9.jpg,stylegan2_ood,0.2,blur,random_mean,0.743438,0.185822,0.929259
C:\My_Project\AIGC\stylegan2_test\fake\U7U3VI9OU9.jpg,stylegan2_ood,0.2,constant_fill_CONFOUNDED,hot,0.186851,0.742408,0.929259
C:\My_Project\AIGC\stylegan2_test\fake\U7U3VI9OU9.jpg,stylegan2_ood,0.2,constant_fill_CONFOUNDED,bottom,0.929491,-0.000231,0.929259
C:\My_Project\AIGC\stylegan2_test\fake\U7U3VI9OU9.jpg,stylegan2_ood,0.2,constant_fill_CONFOUNDED,random_scattered,0.932671,-0.003412,0.929259
C:\My_Project\AIGC\stylegan2_test\fake\VOA1F7DMQ6.jpg,stylegan2_ood,0.05,blur,random_seed0,0.922849,0.000905,0.923754
C:\My_Project\AIGC\stylegan2_test\fake\VOA1F7DMQ6.jpg,stylegan2_ood,0.05,blur,random_seed1,0.927238,-0.003484,0.923754
C:\My_Project\AIGC\stylegan2_test\fake\VOA1F7DMQ6.jpg,stylegan2_ood,0.05,blur,random_seed2,0.926522,-0.002768,0.923754
C:\My_Project\AIGC\stylegan2_test\fake\VOA1F7DMQ6.jpg,stylegan2_ood,0.05,blur,random_seed3,0.925997,-0.002243,0.923754
C:\My_Project\AIGC\stylegan2_test\fake\VOA1F7DMQ6.jpg,stylegan2_ood,0.05,blur,random_seed4,0.920735,0.00302,0.923754
C:\My_Project\AIGC\stylegan2_test\fake\VOA1F7DMQ6.jpg,stylegan2_ood,0.05,blur,hot,0.919711,0.004043,0.923754
C:\My_Project\AIGC\stylegan2_test\fake\VOA1F7DMQ6.jpg,stylegan2_ood,0.05,blur,bottom,0.914291,0.009463,0.923754
C:\My_Project\AIGC\stylegan2_test\fake\VOA1F7DMQ6.jpg,stylegan2_ood,0.05,blur,random_mean,0.924668,-0.000914,0.923754
C:\My_Project\AIGC\stylegan2_test\fake\VOA1F7DMQ6.jpg,stylegan2_ood,0.05,constant_fill_CONFOUNDED,hot,0.870448,0.053306,0.923754
C:\My_Project\AIGC\stylegan2_test\fake\VOA1F7DMQ6.jpg,stylegan2_ood,0.05,constant_fill_CONFOUNDED,bottom,0.912327,0.011427,0.923754
C:\My_Project\AIGC\stylegan2_test\fake\VOA1F7DMQ6.jpg,stylegan2_ood,0.05,constant_fill_CONFOUNDED,random_scattered,0.497241,0.426513,0.923754
C:\My_Project\AIGC\stylegan2_test\fake\VOA1F7DMQ6.jpg,stylegan2_ood,0.1,blur,random_seed0,0.927692,-0.003938,0.923754
C:\My_Project\AIGC\stylegan2_test\fake\VOA1F7DMQ6.jpg,stylegan2_ood,0.1,blur,random_seed1,0.901599,0.022155,0.923754
C:\My_Project\AIGC\stylegan2_test\fake\VOA1F7DMQ6.jpg,stylegan2_ood,0.1,blur,random_seed2,0.92455,-0.000796,0.923754
C:\My_Project\AIGC\stylegan2_test\fake\VOA1F7DMQ6.jpg,stylegan2_ood,0.1,blur,random_seed3,0.928364,-0.00461,0.923754
C:\My_Project\AIGC\stylegan2_test\fake\VOA1F7DMQ6.jpg,stylegan2_ood,0.1,blur,random_seed4,0.92489,-0.001136,0.923754
C:\My_Project\AIGC\stylegan2_test\fake\VOA1F7DMQ6.jpg,stylegan2_ood,0.1,blur,hot,0.917754,0.006,0.923754
C:\My_Project\AIGC\stylegan2_test\fake\VOA1F7DMQ6.jpg,stylegan2_ood,0.1,blur,bottom,0.919952,0.003802,0.923754
C:\My_Project\AIGC\stylegan2_test\fake\VOA1F7DMQ6.jpg,stylegan2_ood,0.1,blur,random_mean,0.921419,0.002335,0.923754
C:\My_Project\AIGC\stylegan2_test\fake\VOA1F7DMQ6.jpg,stylegan2_ood,0.1,constant_fill_CONFOUNDED,hot,0.545536,0.378218,0.923754
C:\My_Project\AIGC\stylegan2_test\fake\VOA1F7DMQ6.jpg,stylegan2_ood,0.1,constant_fill_CONFOUNDED,bottom,0.909504,0.01425,0.923754
C:\My_Project\AIGC\stylegan2_test\fake\VOA1F7DMQ6.jpg,stylegan2_ood,0.1,constant_fill_CONFOUNDED,random_scattered,0.914181,0.009573,0.923754
C:\My_Project\AIGC\stylegan2_test\fake\VOA1F7DMQ6.jpg,stylegan2_ood,0.2,blur,random_seed0,0.682864,0.240891,0.923754
C:\My_Project\AIGC\stylegan2_test\fake\VOA1F7DMQ6.jpg,stylegan2_ood,0.2,blur,random_seed1,0.927578,-0.003824,0.923754
C:\My_Project\AIGC\stylegan2_test\fake\VOA1F7DMQ6.jpg,stylegan2_ood,0.2,blur,random_seed2,0.924915,-0.001161,0.923754
C:\My_Project\AIGC\stylegan2_test\fake\VOA1F7DMQ6.jpg,stylegan2_ood,0.2,blur,random_seed3,0.93369,-0.009936,0.923754
C:\My_Project\AIGC\stylegan2_test\fake\VOA1F7DMQ6.jpg,stylegan2_ood,0.2,blur,random_seed4,0.906102,0.017653,0.923754
C:\My_Project\AIGC\stylegan2_test\fake\VOA1F7DMQ6.jpg,stylegan2_ood,0.2,blur,hot,0.85047,0.073284,0.923754
C:\My_Project\AIGC\stylegan2_test\fake\VOA1F7DMQ6.jpg,stylegan2_ood,0.2,blur,bottom,0.930184,-0.00643,0.923754
C:\My_Project\AIGC\stylegan2_test\fake\VOA1F7DMQ6.jpg,stylegan2_ood,0.2,blur,random_mean,0.87503,0.048725,0.923754
C:\My_Project\AIGC\stylegan2_test\fake\VOA1F7DMQ6.jpg,stylegan2_ood,0.2,constant_fill_CONFOUNDED,hot,0.62839,0.295364,0.923754
C:\My_Project\AIGC\stylegan2_test\fake\VOA1F7DMQ6.jpg,stylegan2_ood,0.2,constant_fill_CONFOUNDED,bottom,0.914993,0.008761,0.923754
C:\My_Project\AIGC\stylegan2_test\fake\VOA1F7DMQ6.jpg,stylegan2_ood,0.2,constant_fill_CONFOUNDED,random_scattered,0.929967,-0.006212,0.923754
C:\My_Project\AIGC\stylegan2_test\fake\X0V9IP5OI8.jpg,stylegan2_ood,0.05,blur,random_seed0,0.93235,-0.001793,0.930557
C:\My_Project\AIGC\stylegan2_test\fake\X0V9IP5OI8.jpg,stylegan2_ood,0.05,blur,random_seed1,0.933439,-0.002882,0.930557
C:\My_Project\AIGC\stylegan2_test\fake\X0V9IP5OI8.jpg,stylegan2_ood,0.05,blur,random_seed2,0.923171,0.007386,0.930557
C:\My_Project\AIGC\stylegan2_test\fake\X0V9IP5OI8.jpg,stylegan2_ood,0.05,blur,random_seed3,0.920377,0.01018,0.930557
C:\My_Project\AIGC\stylegan2_test\fake\X0V9IP5OI8.jpg,stylegan2_ood,0.05,blur,random_seed4,0.923658,0.006899,0.930557
C:\My_Project\AIGC\stylegan2_test\fake\X0V9IP5OI8.jpg,stylegan2_ood,0.05,blur,hot,0.930857,-0.0003,0.930557
C:\My_Project\AIGC\stylegan2_test\fake\X0V9IP5OI8.jpg,stylegan2_ood,0.05,blur,bottom,0.930506,5.1e-05,0.930557
C:\My_Project\AIGC\stylegan2_test\fake\X0V9IP5OI8.jpg,stylegan2_ood,0.05,blur,random_mean,0.926599,0.003958,0.930557
C:\My_Project\AIGC\stylegan2_test\fake\X0V9IP5OI8.jpg,stylegan2_ood,0.05,constant_fill_CONFOUNDED,hot,0.465142,0.465415,0.930557
C:\My_Project\AIGC\stylegan2_test\fake\X0V9IP5OI8.jpg,stylegan2_ood,0.05,constant_fill_CONFOUNDED,bottom,0.92916,0.001397,0.930557
C:\My_Project\AIGC\stylegan2_test\fake\X0V9IP5OI8.jpg,stylegan2_ood,0.05,constant_fill_CONFOUNDED,random_scattered,0.835106,0.095451,0.930557
C:\My_Project\AIGC\stylegan2_test\fake\X0V9IP5OI8.jpg,stylegan2_ood,0.1,blur,random_seed0,0.933974,-0.003417,0.930557
C:\My_Project\AIGC\stylegan2_test\fake\X0V9IP5OI8.jpg,stylegan2_ood,0.1,blur,random_seed1,0.530216,0.400341,0.930557
C:\My_Project\AIGC\stylegan2_test\fake\X0V9IP5OI8.jpg,stylegan2_ood,0.1,blur,random_seed2,0.911209,0.019348,0.930557
C:\My_Project\AIGC\stylegan2_test\fake\X0V9IP5OI8.jpg,stylegan2_ood,0.1,blur,random_seed3,0.912567,0.01799,0.930557
C:\My_Project\AIGC\stylegan2_test\fake\X0V9IP5OI8.jpg,stylegan2_ood,0.1,blur,random_seed4,0.913609,0.016948,0.930557
C:\My_Project\AIGC\stylegan2_test\fake\X0V9IP5OI8.jpg,stylegan2_ood,0.1,blur,hot,0.619718,0.310839,0.930557
C:\My_Project\AIGC\stylegan2_test\fake\X0V9IP5OI8.jpg,stylegan2_ood,0.1,blur,bottom,0.92858,0.001977,0.930557
C:\My_Project\AIGC\stylegan2_test\fake\X0V9IP5OI8.jpg,stylegan2_ood,0.1,blur,random_mean,0.840315,0.090242,0.930557
C:\My_Project\AIGC\stylegan2_test\fake\X0V9IP5OI8.jpg,stylegan2_ood,0.1,constant_fill_CONFOUNDED,hot,0.135877,0.79468,0.930557
C:\My_Project\AIGC\stylegan2_test\fake\X0V9IP5OI8.jpg,stylegan2_ood,0.1,constant_fill_CONFOUNDED,bottom,0.926989,0.003568,0.930557
C:\My_Project\AIGC\stylegan2_test\fake\X0V9IP5OI8.jpg,stylegan2_ood,0.1,constant_fill_CONFOUNDED,random_scattered,0.889453,0.041104,0.930557
C:\My_Project\AIGC\stylegan2_test\fake\X0V9IP5OI8.jpg,stylegan2_ood,0.2,blur,random_seed0,0.917444,0.013113,0.930557
C:\My_Project\AIGC\stylegan2_test\fake\X0V9IP5OI8.jpg,stylegan2_ood,0.2,blur,random_seed1,0.770556,0.160001,0.930557
C:\My_Project\AIGC\stylegan2_test\fake\X0V9IP5OI8.jpg,stylegan2_ood,0.2,blur,random_seed2,0.762529,0.168028,0.930557
C:\My_Project\AIGC\stylegan2_test\fake\X0V9IP5OI8.jpg,stylegan2_ood,0.2,blur,random_seed3,0.936773,-0.006216,0.930557
C:\My_Project\AIGC\stylegan2_test\fake\X0V9IP5OI8.jpg,stylegan2_ood,0.2,blur,random_seed4,0.937685,-0.007128,0.930557
C:\My_Project\AIGC\stylegan2_test\fake\X0V9IP5OI8.jpg,stylegan2_ood,0.2,blur,hot,0.473132,0.457425,0.930557
C:\My_Project\AIGC\stylegan2_test\fake\X0V9IP5OI8.jpg,stylegan2_ood,0.2,blur,bottom,0.925093,0.005464,0.930557
C:\My_Project\AIGC\stylegan2_test\fake\X0V9IP5OI8.jpg,stylegan2_ood,0.2,blur,random_mean,0.864997,0.06556,0.930557
C:\My_Project\AIGC\stylegan2_test\fake\X0V9IP5OI8.jpg,stylegan2_ood,0.2,constant_fill_CONFOUNDED,hot,0.188168,0.742389,0.930557
C:\My_Project\AIGC\stylegan2_test\fake\X0V9IP5OI8.jpg,stylegan2_ood,0.2,constant_fill_CONFOUNDED,bottom,0.923882,0.006675,0.930557
C:\My_Project\AIGC\stylegan2_test\fake\X0V9IP5OI8.jpg,stylegan2_ood,0.2,constant_fill_CONFOUNDED,random_scattered,0.915992,0.014565,0.930557
C:\My_Project\AIGC\stylegan2_test\fake\XIXEBV6U4Y.jpg,stylegan2_ood,0.05,blur,random_seed0,0.927822,0.007481,0.935303
C:\My_Project\AIGC\stylegan2_test\fake\XIXEBV6U4Y.jpg,stylegan2_ood,0.05,blur,random_seed1,0.927574,0.007729,0.935303
C:\My_Project\AIGC\stylegan2_test\fake\XIXEBV6U4Y.jpg,stylegan2_ood,0.05,blur,random_seed2,0.92543,0.009873,0.935303
C:\My_Project\AIGC\stylegan2_test\fake\XIXEBV6U4Y.jpg,stylegan2_ood,0.05,blur,random_seed3,0.928767,0.006536,0.935303
C:\My_Project\AIGC\stylegan2_test\fake\XIXEBV6U4Y.jpg,stylegan2_ood,0.05,blur,random_seed4,0.936609,-0.001306,0.935303
C:\My_Project\AIGC\stylegan2_test\fake\XIXEBV6U4Y.jpg,stylegan2_ood,0.05,blur,hot,0.938832,-0.003529,0.935303
C:\My_Project\AIGC\stylegan2_test\fake\XIXEBV6U4Y.jpg,stylegan2_ood,0.05,blur,bottom,0.933525,0.001778,0.935303
C:\My_Project\AIGC\stylegan2_test\fake\XIXEBV6U4Y.jpg,stylegan2_ood,0.05,blur,random_mean,0.92924,0.006063,0.935303
C:\My_Project\AIGC\stylegan2_test\fake\XIXEBV6U4Y.jpg,stylegan2_ood,0.05,constant_fill_CONFOUNDED,hot,0.877136,0.058167,0.935303
C:\My_Project\AIGC\stylegan2_test\fake\XIXEBV6U4Y.jpg,stylegan2_ood,0.05,constant_fill_CONFOUNDED,bottom,0.932781,0.002522,0.935303
C:\My_Project\AIGC\stylegan2_test\fake\XIXEBV6U4Y.jpg,stylegan2_ood,0.05,constant_fill_CONFOUNDED,random_scattered,0.75756,0.177743,0.935303
C:\My_Project\AIGC\stylegan2_test\fake\XIXEBV6U4Y.jpg,stylegan2_ood,0.1,blur,random_seed0,0.922854,0.012449,0.935303
C:\My_Project\AIGC\stylegan2_test\fake\XIXEBV6U4Y.jpg,stylegan2_ood,0.1,blur,random_seed1,0.934518,0.000785,0.935303
C:\My_Project\AIGC\stylegan2_test\fake\XIXEBV6U4Y.jpg,stylegan2_ood,0.1,blur,random_seed2,0.934865,0.000438,0.935303
C:\My_Project\AIGC\stylegan2_test\fake\XIXEBV6U4Y.jpg,stylegan2_ood,0.1,blur,random_seed3,0.936791,-0.001489,0.935303
C:\My_Project\AIGC\stylegan2_test\fake\XIXEBV6U4Y.jpg,stylegan2_ood,0.1,blur,random_seed4,0.921456,0.013847,0.935303
C:\My_Project\AIGC\stylegan2_test\fake\XIXEBV6U4Y.jpg,stylegan2_ood,0.1,blur,hot,0.918452,0.016851,0.935303
C:\My_Project\AIGC\stylegan2_test\fake\XIXEBV6U4Y.jpg,stylegan2_ood,0.1,blur,bottom,0.933964,0.001339,0.935303
C:\My_Project\AIGC\stylegan2_test\fake\XIXEBV6U4Y.jpg,stylegan2_ood,0.1,blur,random_mean,0.930097,0.005206,0.935303
C:\My_Project\AIGC\stylegan2_test\fake\XIXEBV6U4Y.jpg,stylegan2_ood,0.1,constant_fill_CONFOUNDED,hot,0.613247,0.322056,0.935303
C:\My_Project\AIGC\stylegan2_test\fake\XIXEBV6U4Y.jpg,stylegan2_ood,0.1,constant_fill_CONFOUNDED,bottom,0.927849,0.007454,0.935303
C:\My_Project\AIGC\stylegan2_test\fake\XIXEBV6U4Y.jpg,stylegan2_ood,0.1,constant_fill_CONFOUNDED,random_scattered,0.882418,0.052885,0.935303
C:\My_Project\AIGC\stylegan2_test\fake\XIXEBV6U4Y.jpg,stylegan2_ood,0.2,blur,random_seed0,0.931241,0.004062,0.935303
C:\My_Project\AIGC\stylegan2_test\fake\XIXEBV6U4Y.jpg,stylegan2_ood,0.2,blur,random_seed1,0.891786,0.043517,0.935303
C:\My_Project\AIGC\stylegan2_test\fake\XIXEBV6U4Y.jpg,stylegan2_ood,0.2,blur,random_seed2,0.943862,-0.008559,0.935303
C:\My_Project\AIGC\stylegan2_test\fake\XIXEBV6U4Y.jpg,stylegan2_ood,0.2,blur,random_seed3,0.941836,-0.006533,0.935303
C:\My_Project\AIGC\stylegan2_test\fake\XIXEBV6U4Y.jpg,stylegan2_ood,0.2,blur,random_seed4,0.870846,0.064457,0.935303
C:\My_Project\AIGC\stylegan2_test\fake\XIXEBV6U4Y.jpg,stylegan2_ood,0.2,blur,hot,0.747315,0.187988,0.935303
C:\My_Project\AIGC\stylegan2_test\fake\XIXEBV6U4Y.jpg,stylegan2_ood,0.2,blur,bottom,0.934893,0.00041,0.935303
C:\My_Project\AIGC\stylegan2_test\fake\XIXEBV6U4Y.jpg,stylegan2_ood,0.2,blur,random_mean,0.915914,0.019389,0.935303
C:\My_Project\AIGC\stylegan2_test\fake\XIXEBV6U4Y.jpg,stylegan2_ood,0.2,constant_fill_CONFOUNDED,hot,0.769035,0.166268,0.935303
C:\My_Project\AIGC\stylegan2_test\fake\XIXEBV6U4Y.jpg,stylegan2_ood,0.2,constant_fill_CONFOUNDED,bottom,0.912847,0.022456,0.935303
C:\My_Project\AIGC\stylegan2_test\fake\XIXEBV6U4Y.jpg,stylegan2_ood,0.2,constant_fill_CONFOUNDED,random_scattered,0.914549,0.020754,0.935303
C:\My_Project\AIGC\stylegan2_test\fake\Z31WALJXGD.jpg,stylegan2_ood,0.05,blur,random_seed0,0.924683,0.00293,0.927613
C:\My_Project\AIGC\stylegan2_test\fake\Z31WALJXGD.jpg,stylegan2_ood,0.05,blur,random_seed1,0.925683,0.00193,0.927613
C:\My_Project\AIGC\stylegan2_test\fake\Z31WALJXGD.jpg,stylegan2_ood,0.05,blur,random_seed2,0.929823,-0.00221,0.927613
C:\My_Project\AIGC\stylegan2_test\fake\Z31WALJXGD.jpg,stylegan2_ood,0.05,blur,random_seed3,0.922152,0.005462,0.927613
C:\My_Project\AIGC\stylegan2_test\fake\Z31WALJXGD.jpg,stylegan2_ood,0.05,blur,random_seed4,0.931166,-0.003553,0.927613
C:\My_Project\AIGC\stylegan2_test\fake\Z31WALJXGD.jpg,stylegan2_ood,0.05,blur,hot,0.925495,0.002118,0.927613
C:\My_Project\AIGC\stylegan2_test\fake\Z31WALJXGD.jpg,stylegan2_ood,0.05,blur,bottom,0.923274,0.004339,0.927613
C:\My_Project\AIGC\stylegan2_test\fake\Z31WALJXGD.jpg,stylegan2_ood,0.05,blur,random_mean,0.926701,0.000912,0.927613
C:\My_Project\AIGC\stylegan2_test\fake\Z31WALJXGD.jpg,stylegan2_ood,0.05,constant_fill_CONFOUNDED,hot,0.902056,0.025557,0.927613
C:\My_Project\AIGC\stylegan2_test\fake\Z31WALJXGD.jpg,stylegan2_ood,0.05,constant_fill_CONFOUNDED,bottom,0.923346,0.004267,0.927613
C:\My_Project\AIGC\stylegan2_test\fake\Z31WALJXGD.jpg,stylegan2_ood,0.05,constant_fill_CONFOUNDED,random_scattered,0.574519,0.353094,0.927613
C:\My_Project\AIGC\stylegan2_test\fake\Z31WALJXGD.jpg,stylegan2_ood,0.1,blur,random_seed0,0.929814,-0.002201,0.927613
C:\My_Project\AIGC\stylegan2_test\fake\Z31WALJXGD.jpg,stylegan2_ood,0.1,blur,random_seed1,0.908753,0.01886,0.927613
C:\My_Project\AIGC\stylegan2_test\fake\Z31WALJXGD.jpg,stylegan2_ood,0.1,blur,random_seed2,0.936355,-0.008742,0.927613
C:\My_Project\AIGC\stylegan2_test\fake\Z31WALJXGD.jpg,stylegan2_ood,0.1,blur,random_seed3,0.928925,-0.001312,0.927613
C:\My_Project\AIGC\stylegan2_test\fake\Z31WALJXGD.jpg,stylegan2_ood,0.1,blur,random_seed4,0.913362,0.014251,0.927613
C:\My_Project\AIGC\stylegan2_test\fake\Z31WALJXGD.jpg,stylegan2_ood,0.1,blur,hot,0.790428,0.137186,0.927613
C:\My_Project\AIGC\stylegan2_test\fake\Z31WALJXGD.jpg,stylegan2_ood,0.1,blur,bottom,0.924921,0.002692,0.927613
C:\My_Project\AIGC\stylegan2_test\fake\Z31WALJXGD.jpg,stylegan2_ood,0.1,blur,random_mean,0.923442,0.004171,0.927613
C:\My_Project\AIGC\stylegan2_test\fake\Z31WALJXGD.jpg,stylegan2_ood,0.1,constant_fill_CONFOUNDED,hot,0.836743,0.09087,0.927613
C:\My_Project\AIGC\stylegan2_test\fake\Z31WALJXGD.jpg,stylegan2_ood,0.1,constant_fill_CONFOUNDED,bottom,0.919272,0.008341,0.927613
C:\My_Project\AIGC\stylegan2_test\fake\Z31WALJXGD.jpg,stylegan2_ood,0.1,constant_fill_CONFOUNDED,random_scattered,0.916,0.011613,0.927613
C:\My_Project\AIGC\stylegan2_test\fake\Z31WALJXGD.jpg,stylegan2_ood,0.2,blur,random_seed0,0.929664,-0.002051,0.927613
C:\My_Project\AIGC\stylegan2_test\fake\Z31WALJXGD.jpg,stylegan2_ood,0.2,blur,random_seed1,0.886945,0.040668,0.927613
C:\My_Project\AIGC\stylegan2_test\fake\Z31WALJXGD.jpg,stylegan2_ood,0.2,blur,random_seed2,0.433152,0.494461,0.927613
C:\My_Project\AIGC\stylegan2_test\fake\Z31WALJXGD.jpg,stylegan2_ood,0.2,blur,random_seed3,0.791793,0.13582,0.927613
C:\My_Project\AIGC\stylegan2_test\fake\Z31WALJXGD.jpg,stylegan2_ood,0.2,blur,random_seed4,0.82266,0.104953,0.927613
C:\My_Project\AIGC\stylegan2_test\fake\Z31WALJXGD.jpg,stylegan2_ood,0.2,blur,hot,0.660687,0.266926,0.927613
C:\My_Project\AIGC\stylegan2_test\fake\Z31WALJXGD.jpg,stylegan2_ood,0.2,blur,bottom,0.931155,-0.003542,0.927613
C:\My_Project\AIGC\stylegan2_test\fake\Z31WALJXGD.jpg,stylegan2_ood,0.2,blur,random_mean,0.772843,0.15477,0.927613
C:\My_Project\AIGC\stylegan2_test\fake\Z31WALJXGD.jpg,stylegan2_ood,0.2,constant_fill_CONFOUNDED,hot,0.566897,0.360716,0.927613
C:\My_Project\AIGC\stylegan2_test\fake\Z31WALJXGD.jpg,stylegan2_ood,0.2,constant_fill_CONFOUNDED,bottom,0.913135,0.014478,0.927613
C:\My_Project\AIGC\stylegan2_test\fake\Z31WALJXGD.jpg,stylegan2_ood,0.2,constant_fill_CONFOUNDED,random_scattered,0.892911,0.034702,0.927613
C:\My_Project\AIGC\stylegan2_test\fake\ZBQ6VDYCNP.jpg,stylegan2_ood,0.05,blur,random_seed0,0.925946,0.006446,0.932391
C:\My_Project\AIGC\stylegan2_test\fake\ZBQ6VDYCNP.jpg,stylegan2_ood,0.05,blur,random_seed1,0.926857,0.005534,0.932391
C:\My_Project\AIGC\stylegan2_test\fake\ZBQ6VDYCNP.jpg,stylegan2_ood,0.05,blur,random_seed2,0.927654,0.004737,0.932391
C:\My_Project\AIGC\stylegan2_test\fake\ZBQ6VDYCNP.jpg,stylegan2_ood,0.05,blur,random_seed3,0.928444,0.003947,0.932391
C:\My_Project\AIGC\stylegan2_test\fake\ZBQ6VDYCNP.jpg,stylegan2_ood,0.05,blur,random_seed4,0.915076,0.017315,0.932391
C:\My_Project\AIGC\stylegan2_test\fake\ZBQ6VDYCNP.jpg,stylegan2_ood,0.05,blur,hot,0.93324,-0.000848,0.932391
C:\My_Project\AIGC\stylegan2_test\fake\ZBQ6VDYCNP.jpg,stylegan2_ood,0.05,blur,bottom,0.931825,0.000567,0.932391
C:\My_Project\AIGC\stylegan2_test\fake\ZBQ6VDYCNP.jpg,stylegan2_ood,0.05,blur,random_mean,0.924796,0.007596,0.932391
C:\My_Project\AIGC\stylegan2_test\fake\ZBQ6VDYCNP.jpg,stylegan2_ood,0.05,constant_fill_CONFOUNDED,hot,0.930113,0.002279,0.932391
C:\My_Project\AIGC\stylegan2_test\fake\ZBQ6VDYCNP.jpg,stylegan2_ood,0.05,constant_fill_CONFOUNDED,bottom,0.922708,0.009684,0.932391
C:\My_Project\AIGC\stylegan2_test\fake\ZBQ6VDYCNP.jpg,stylegan2_ood,0.05,constant_fill_CONFOUNDED,random_scattered,0.885307,0.047084,0.932391
C:\My_Project\AIGC\stylegan2_test\fake\ZBQ6VDYCNP.jpg,stylegan2_ood,0.1,blur,random_seed0,0.937983,-0.005592,0.932391
C:\My_Project\AIGC\stylegan2_test\fake\ZBQ6VDYCNP.jpg,stylegan2_ood,0.1,blur,random_seed1,0.939846,-0.007455,0.932391
C:\My_Project\AIGC\stylegan2_test\fake\ZBQ6VDYCNP.jpg,stylegan2_ood,0.1,blur,random_seed2,0.923414,0.008977,0.932391
C:\My_Project\AIGC\stylegan2_test\fake\ZBQ6VDYCNP.jpg,stylegan2_ood,0.1,blur,random_seed3,0.931156,0.001236,0.932391
C:\My_Project\AIGC\stylegan2_test\fake\ZBQ6VDYCNP.jpg,stylegan2_ood,0.1,blur,random_seed4,0.928332,0.00406,0.932391
C:\My_Project\AIGC\stylegan2_test\fake\ZBQ6VDYCNP.jpg,stylegan2_ood,0.1,blur,hot,0.814438,0.117954,0.932391
C:\My_Project\AIGC\stylegan2_test\fake\ZBQ6VDYCNP.jpg,stylegan2_ood,0.1,blur,bottom,0.927289,0.005102,0.932391
C:\My_Project\AIGC\stylegan2_test\fake\ZBQ6VDYCNP.jpg,stylegan2_ood,0.1,blur,random_mean,0.932146,0.000245,0.932391
C:\My_Project\AIGC\stylegan2_test\fake\ZBQ6VDYCNP.jpg,stylegan2_ood,0.1,constant_fill_CONFOUNDED,hot,0.356358,0.576034,0.932391
C:\My_Project\AIGC\stylegan2_test\fake\ZBQ6VDYCNP.jpg,stylegan2_ood,0.1,constant_fill_CONFOUNDED,bottom,0.887662,0.044729,0.932391
C:\My_Project\AIGC\stylegan2_test\fake\ZBQ6VDYCNP.jpg,stylegan2_ood,0.1,constant_fill_CONFOUNDED,random_scattered,0.905992,0.0264,0.932391
C:\My_Project\AIGC\stylegan2_test\fake\ZBQ6VDYCNP.jpg,stylegan2_ood,0.2,blur,random_seed0,0.921332,0.01106,0.932391
C:\My_Project\AIGC\stylegan2_test\fake\ZBQ6VDYCNP.jpg,stylegan2_ood,0.2,blur,random_seed1,0.815651,0.11674,0.932391
C:\My_Project\AIGC\stylegan2_test\fake\ZBQ6VDYCNP.jpg,stylegan2_ood,0.2,blur,random_seed2,0.754891,0.177501,0.932391
C:\My_Project\AIGC\stylegan2_test\fake\ZBQ6VDYCNP.jpg,stylegan2_ood,0.2,blur,random_seed3,0.939023,-0.006631,0.932391
C:\My_Project\AIGC\stylegan2_test\fake\ZBQ6VDYCNP.jpg,stylegan2_ood,0.2,blur,random_seed4,0.911502,0.020889,0.932391
C:\My_Project\AIGC\stylegan2_test\fake\ZBQ6VDYCNP.jpg,stylegan2_ood,0.2,blur,hot,0.7005,0.231891,0.932391
C:\My_Project\AIGC\stylegan2_test\fake\ZBQ6VDYCNP.jpg,stylegan2_ood,0.2,blur,bottom,0.930883,0.001509,0.932391
C:\My_Project\AIGC\stylegan2_test\fake\ZBQ6VDYCNP.jpg,stylegan2_ood,0.2,blur,random_mean,0.86848,0.063912,0.932391
C:\My_Project\AIGC\stylegan2_test\fake\ZBQ6VDYCNP.jpg,stylegan2_ood,0.2,constant_fill_CONFOUNDED,hot,0.233553,0.698838,0.932391
C:\My_Project\AIGC\stylegan2_test\fake\ZBQ6VDYCNP.jpg,stylegan2_ood,0.2,constant_fill_CONFOUNDED,bottom,0.892337,0.040054,0.932391
C:\My_Project\AIGC\stylegan2_test\fake\ZBQ6VDYCNP.jpg,stylegan2_ood,0.2,constant_fill_CONFOUNDED,random_scattered,0.911103,0.021288,0.932391
C:\My_Project\AIGC\stylegan2_test\fake\ZIJJJONED1.jpg,stylegan2_ood,0.05,blur,random_seed0,0.930275,-0.005818,0.924458
C:\My_Project\AIGC\stylegan2_test\fake\ZIJJJONED1.jpg,stylegan2_ood,0.05,blur,random_seed1,0.931781,-0.007324,0.924458
C:\My_Project\AIGC\stylegan2_test\fake\ZIJJJONED1.jpg,stylegan2_ood,0.05,blur,random_seed2,0.925231,-0.000774,0.924458
C:\My_Project\AIGC\stylegan2_test\fake\ZIJJJONED1.jpg,stylegan2_ood,0.05,blur,random_seed3,0.925352,-0.000894,0.924458
C:\My_Project\AIGC\stylegan2_test\fake\ZIJJJONED1.jpg,stylegan2_ood,0.05,blur,random_seed4,0.920722,0.003736,0.924458
C:\My_Project\AIGC\stylegan2_test\fake\ZIJJJONED1.jpg,stylegan2_ood,0.05,blur,hot,0.893349,0.031109,0.924458
C:\My_Project\AIGC\stylegan2_test\fake\ZIJJJONED1.jpg,stylegan2_ood,0.05,blur,bottom,0.923907,0.000551,0.924458
C:\My_Project\AIGC\stylegan2_test\fake\ZIJJJONED1.jpg,stylegan2_ood,0.05,blur,random_mean,0.926672,-0.002215,0.924458
C:\My_Project\AIGC\stylegan2_test\fake\ZIJJJONED1.jpg,stylegan2_ood,0.05,constant_fill_CONFOUNDED,hot,0.660951,0.263507,0.924458
C:\My_Project\AIGC\stylegan2_test\fake\ZIJJJONED1.jpg,stylegan2_ood,0.05,constant_fill_CONFOUNDED,bottom,0.921775,0.002683,0.924458
C:\My_Project\AIGC\stylegan2_test\fake\ZIJJJONED1.jpg,stylegan2_ood,0.05,constant_fill_CONFOUNDED,random_scattered,0.923841,0.000617,0.924458
C:\My_Project\AIGC\stylegan2_test\fake\ZIJJJONED1.jpg,stylegan2_ood,0.1,blur,random_seed0,0.919671,0.004787,0.924458
C:\My_Project\AIGC\stylegan2_test\fake\ZIJJJONED1.jpg,stylegan2_ood,0.1,blur,random_seed1,0.523955,0.400503,0.924458
C:\My_Project\AIGC\stylegan2_test\fake\ZIJJJONED1.jpg,stylegan2_ood,0.1,blur,random_seed2,0.917333,0.007124,0.924458
C:\My_Project\AIGC\stylegan2_test\fake\ZIJJJONED1.jpg,stylegan2_ood,0.1,blur,random_seed3,0.92664,-0.002183,0.924458
C:\My_Project\AIGC\stylegan2_test\fake\ZIJJJONED1.jpg,stylegan2_ood,0.1,blur,random_seed4,0.935404,-0.010946,0.924458
C:\My_Project\AIGC\stylegan2_test\fake\ZIJJJONED1.jpg,stylegan2_ood,0.1,blur,hot,0.626406,0.298052,0.924458
C:\My_Project\AIGC\stylegan2_test\fake\ZIJJJONED1.jpg,stylegan2_ood,0.1,blur,bottom,0.924661,-0.000203,0.924458
C:\My_Project\AIGC\stylegan2_test\fake\ZIJJJONED1.jpg,stylegan2_ood,0.1,blur,random_mean,0.844601,0.079857,0.924458
C:\My_Project\AIGC\stylegan2_test\fake\ZIJJJONED1.jpg,stylegan2_ood,0.1,constant_fill_CONFOUNDED,hot,0.517278,0.40718,0.924458
C:\My_Project\AIGC\stylegan2_test\fake\ZIJJJONED1.jpg,stylegan2_ood,0.1,constant_fill_CONFOUNDED,bottom,0.917779,0.006679,0.924458
C:\My_Project\AIGC\stylegan2_test\fake\ZIJJJONED1.jpg,stylegan2_ood,0.1,constant_fill_CONFOUNDED,random_scattered,0.925678,-0.00122,0.924458
C:\My_Project\AIGC\stylegan2_test\fake\ZIJJJONED1.jpg,stylegan2_ood,0.2,blur,random_seed0,0.932844,-0.008387,0.924458
C:\My_Project\AIGC\stylegan2_test\fake\ZIJJJONED1.jpg,stylegan2_ood,0.2,blur,random_seed1,0.932478,-0.008021,0.924458
C:\My_Project\AIGC\stylegan2_test\fake\ZIJJJONED1.jpg,stylegan2_ood,0.2,blur,random_seed2,0.860765,0.063693,0.924458
C:\My_Project\AIGC\stylegan2_test\fake\ZIJJJONED1.jpg,stylegan2_ood,0.2,blur,random_seed3,0.273217,0.65124,0.924458
C:\My_Project\AIGC\stylegan2_test\fake\ZIJJJONED1.jpg,stylegan2_ood,0.2,blur,random_seed4,0.41327,0.511188,0.924458
C:\My_Project\AIGC\stylegan2_test\fake\ZIJJJONED1.jpg,stylegan2_ood,0.2,blur,hot,0.530937,0.393521,0.924458
C:\My_Project\AIGC\stylegan2_test\fake\ZIJJJONED1.jpg,stylegan2_ood,0.2,blur,bottom,0.922422,0.002036,0.924458
C:\My_Project\AIGC\stylegan2_test\fake\ZIJJJONED1.jpg,stylegan2_ood,0.2,blur,random_mean,0.682515,0.241943,0.924458
C:\My_Project\AIGC\stylegan2_test\fake\ZIJJJONED1.jpg,stylegan2_ood,0.2,constant_fill_CONFOUNDED,hot,0.624353,0.300105,0.924458
C:\My_Project\AIGC\stylegan2_test\fake\ZIJJJONED1.jpg,stylegan2_ood,0.2,constant_fill_CONFOUNDED,bottom,0.922075,0.002382,0.924458
C:\My_Project\AIGC\stylegan2_test\fake\ZIJJJONED1.jpg,stylegan2_ood,0.2,constant_fill_CONFOUNDED,random_scattered,0.931707,-0.00725,0.924458
C:\My_Project\AIGC\sd2.1\ff\360\768_116.png,truetest_df40,0.05,blur,random_seed0,0.922695,0.000372,0.923067
C:\My_Project\AIGC\sd2.1\ff\360\768_116.png,truetest_df40,0.05,blur,random_seed1,0.923242,-0.000175,0.923067
C:\My_Project\AIGC\sd2.1\ff\360\768_116.png,truetest_df40,0.05,blur,random_seed2,0.920347,0.00272,0.923067
C:\My_Project\AIGC\sd2.1\ff\360\768_116.png,truetest_df40,0.05,blur,random_seed3,0.923251,-0.000184,0.923067
C:\My_Project\AIGC\sd2.1\ff\360\768_116.png,truetest_df40,0.05,blur,random_seed4,0.916423,0.006644,0.923067
C:\My_Project\AIGC\sd2.1\ff\360\768_116.png,truetest_df40,0.05,blur,hot,0.908115,0.014952,0.923067
C:\My_Project\AIGC\sd2.1\ff\360\768_116.png,truetest_df40,0.05,blur,bottom,0.923235,-0.000169,0.923067
C:\My_Project\AIGC\sd2.1\ff\360\768_116.png,truetest_df40,0.05,blur,random_mean,0.921191,0.001875,0.923067
C:\My_Project\AIGC\sd2.1\ff\360\768_116.png,truetest_df40,0.05,constant_fill_CONFOUNDED,hot,0.778278,0.144789,0.923067
C:\My_Project\AIGC\sd2.1\ff\360\768_116.png,truetest_df40,0.05,constant_fill_CONFOUNDED,bottom,0.890583,0.032483,0.923067
C:\My_Project\AIGC\sd2.1\ff\360\768_116.png,truetest_df40,0.05,constant_fill_CONFOUNDED,random_scattered,0.905985,0.017082,0.923067
C:\My_Project\AIGC\sd2.1\ff\360\768_116.png,truetest_df40,0.1,blur,random_seed0,0.915291,0.007776,0.923067
C:\My_Project\AIGC\sd2.1\ff\360\768_116.png,truetest_df40,0.1,blur,random_seed1,0.920268,0.002798,0.923067
C:\My_Project\AIGC\sd2.1\ff\360\768_116.png,truetest_df40,0.1,blur,random_seed2,0.913436,0.00963,0.923067
C:\My_Project\AIGC\sd2.1\ff\360\768_116.png,truetest_df40,0.1,blur,random_seed3,0.914525,0.008542,0.923067
C:\My_Project\AIGC\sd2.1\ff\360\768_116.png,truetest_df40,0.1,blur,random_seed4,0.924144,-0.001077,0.923067
C:\My_Project\AIGC\sd2.1\ff\360\768_116.png,truetest_df40,0.1,blur,hot,0.84779,0.075276,0.923067
C:\My_Project\AIGC\sd2.1\ff\360\768_116.png,truetest_df40,0.1,blur,bottom,0.923269,-0.000202,0.923067
C:\My_Project\AIGC\sd2.1\ff\360\768_116.png,truetest_df40,0.1,blur,random_mean,0.917533,0.005534,0.923067
C:\My_Project\AIGC\sd2.1\ff\360\768_116.png,truetest_df40,0.1,constant_fill_CONFOUNDED,hot,0.731969,0.191097,0.923067
C:\My_Project\AIGC\sd2.1\ff\360\768_116.png,truetest_df40,0.1,constant_fill_CONFOUNDED,bottom,0.849362,0.073705,0.923067
C:\My_Project\AIGC\sd2.1\ff\360\768_116.png,truetest_df40,0.1,constant_fill_CONFOUNDED,random_scattered,0.928154,-0.005087,0.923067
C:\My_Project\AIGC\sd2.1\ff\360\768_116.png,truetest_df40,0.2,blur,random_seed0,0.900081,0.022986,0.923067
C:\My_Project\AIGC\sd2.1\ff\360\768_116.png,truetest_df40,0.2,blur,random_seed1,0.901069,0.021997,0.923067
C:\My_Project\AIGC\sd2.1\ff\360\768_116.png,truetest_df40,0.2,blur,random_seed2,0.889719,0.033347,0.923067
C:\My_Project\AIGC\sd2.1\ff\360\768_116.png,truetest_df40,0.2,blur,random_seed3,0.912123,0.010943,0.923067
C:\My_Project\AIGC\sd2.1\ff\360\768_116.png,truetest_df40,0.2,blur,random_seed4,0.922323,0.000744,0.923067
C:\My_Project\AIGC\sd2.1\ff\360\768_116.png,truetest_df40,0.2,blur,hot,0.772941,0.150126,0.923067
C:\My_Project\AIGC\sd2.1\ff\360\768_116.png,truetest_df40,0.2,blur,bottom,0.926579,-0.003512,0.923067
C:\My_Project\AIGC\sd2.1\ff\360\768_116.png,truetest_df40,0.2,blur,random_mean,0.905063,0.018004,0.923067
C:\My_Project\AIGC\sd2.1\ff\360\768_116.png,truetest_df40,0.2,constant_fill_CONFOUNDED,hot,0.516815,0.406252,0.923067
C:\My_Project\AIGC\sd2.1\ff\360\768_116.png,truetest_df40,0.2,constant_fill_CONFOUNDED,bottom,0.885066,0.038,0.923067
C:\My_Project\AIGC\sd2.1\ff\360\768_116.png,truetest_df40,0.2,constant_fill_CONFOUNDED,random_scattered,0.919225,0.003842,0.923067
C:\My_Project\AIGC\sd2.1\cdf\YouTube-real\00246\Celeb-real_id11_0003_211.png,truetest_df40,0.05,blur,random_seed0,0.933255,9.7e-05,0.933351
C:\My_Project\AIGC\sd2.1\cdf\YouTube-real\00246\Celeb-real_id11_0003_211.png,truetest_df40,0.05,blur,random_seed1,0.931198,0.002153,0.933351
C:\My_Project\AIGC\sd2.1\cdf\YouTube-real\00246\Celeb-real_id11_0003_211.png,truetest_df40,0.05,blur,random_seed2,0.932121,0.001231,0.933351
C:\My_Project\AIGC\sd2.1\cdf\YouTube-real\00246\Celeb-real_id11_0003_211.png,truetest_df40,0.05,blur,random_seed3,0.933343,9e-06,0.933351
C:\My_Project\AIGC\sd2.1\cdf\YouTube-real\00246\Celeb-real_id11_0003_211.png,truetest_df40,0.05,blur,random_seed4,0.935129,-0.001778,0.933351
C:\My_Project\AIGC\sd2.1\cdf\YouTube-real\00246\Celeb-real_id11_0003_211.png,truetest_df40,0.05,blur,hot,0.926701,0.006651,0.933351
C:\My_Project\AIGC\sd2.1\cdf\YouTube-real\00246\Celeb-real_id11_0003_211.png,truetest_df40,0.05,blur,bottom,0.938117,-0.004765,0.933351
C:\My_Project\AIGC\sd2.1\cdf\YouTube-real\00246\Celeb-real_id11_0003_211.png,truetest_df40,0.05,blur,random_mean,0.933009,0.000342,0.933351
C:\My_Project\AIGC\sd2.1\cdf\YouTube-real\00246\Celeb-real_id11_0003_211.png,truetest_df40,0.05,constant_fill_CONFOUNDED,hot,0.83939,0.093962,0.933351
C:\My_Project\AIGC\sd2.1\cdf\YouTube-real\00246\Celeb-real_id11_0003_211.png,truetest_df40,0.05,constant_fill_CONFOUNDED,bottom,0.924908,0.008443,0.933351
C:\My_Project\AIGC\sd2.1\cdf\YouTube-real\00246\Celeb-real_id11_0003_211.png,truetest_df40,0.05,constant_fill_CONFOUNDED,random_scattered,0.920925,0.012427,0.933351
C:\My_Project\AIGC\sd2.1\cdf\YouTube-real\00246\Celeb-real_id11_0003_211.png,truetest_df40,0.1,blur,random_seed0,0.929363,0.003988,0.933351
C:\My_Project\AIGC\sd2.1\cdf\YouTube-real\00246\Celeb-real_id11_0003_211.png,truetest_df40,0.1,blur,random_seed1,0.939047,-0.005695,0.933351
C:\My_Project\AIGC\sd2.1\cdf\YouTube-real\00246\Celeb-real_id11_0003_211.png,truetest_df40,0.1,blur,random_seed2,0.938166,-0.004815,0.933351
C:\My_Project\AIGC\sd2.1\cdf\YouTube-real\00246\Celeb-real_id11_0003_211.png,truetest_df40,0.1,blur,random_seed3,0.933798,-0.000447,0.933351
C:\My_Project\AIGC\sd2.1\cdf\YouTube-real\00246\Celeb-real_id11_0003_211.png,truetest_df40,0.1,blur,random_seed4,0.927314,0.006037,0.933351
C:\My_Project\AIGC\sd2.1\cdf\YouTube-real\00246\Celeb-real_id11_0003_211.png,truetest_df40,0.1,blur,hot,0.918997,0.014354,0.933351
C:\My_Project\AIGC\sd2.1\cdf\YouTube-real\00246\Celeb-real_id11_0003_211.png,truetest_df40,0.1,blur,bottom,0.939654,-0.006302,0.933351
C:\My_Project\AIGC\sd2.1\cdf\YouTube-real\00246\Celeb-real_id11_0003_211.png,truetest_df40,0.1,blur,random_mean,0.933538,-0.000186,0.933351
C:\My_Project\AIGC\sd2.1\cdf\YouTube-real\00246\Celeb-real_id11_0003_211.png,truetest_df40,0.1,constant_fill_CONFOUNDED,hot,0.869692,0.06366,0.933351
C:\My_Project\AIGC\sd2.1\cdf\YouTube-real\00246\Celeb-real_id11_0003_211.png,truetest_df40,0.1,constant_fill_CONFOUNDED,bottom,0.918479,0.014872,0.933351
C:\My_Project\AIGC\sd2.1\cdf\YouTube-real\00246\Celeb-real_id11_0003_211.png,truetest_df40,0.1,constant_fill_CONFOUNDED,random_scattered,0.915339,0.018013,0.933351
C:\My_Project\AIGC\sd2.1\cdf\YouTube-real\00246\Celeb-real_id11_0003_211.png,truetest_df40,0.2,blur,random_seed0,0.929053,0.004298,0.933351
C:\My_Project\AIGC\sd2.1\cdf\YouTube-real\00246\Celeb-real_id11_0003_211.png,truetest_df40,0.2,blur,random_seed1,0.928138,0.005214,0.933351
C:\My_Project\AIGC\sd2.1\cdf\YouTube-real\00246\Celeb-real_id11_0003_211.png,truetest_df40,0.2,blur,random_seed2,0.93033,0.003022,0.933351
C:\My_Project\AIGC\sd2.1\cdf\YouTube-real\00246\Celeb-real_id11_0003_211.png,truetest_df40,0.2,blur,random_seed3,0.914115,0.019236,0.933351
C:\My_Project\AIGC\sd2.1\cdf\YouTube-real\00246\Celeb-real_id11_0003_211.png,truetest_df40,0.2,blur,random_seed4,0.932565,0.000787,0.933351
C:\My_Project\AIGC\sd2.1\cdf\YouTube-real\00246\Celeb-real_id11_0003_211.png,truetest_df40,0.2,blur,hot,0.902059,0.031292,0.933351
C:\My_Project\AIGC\sd2.1\cdf\YouTube-real\00246\Celeb-real_id11_0003_211.png,truetest_df40,0.2,blur,bottom,0.942305,-0.008953,0.933351
C:\My_Project\AIGC\sd2.1\cdf\YouTube-real\00246\Celeb-real_id11_0003_211.png,truetest_df40,0.2,blur,random_mean,0.92684,0.006511,0.933351
C:\My_Project\AIGC\sd2.1\cdf\YouTube-real\00246\Celeb-real_id11_0003_211.png,truetest_df40,0.2,constant_fill_CONFOUNDED,hot,0.906602,0.02675,0.933351
C:\My_Project\AIGC\sd2.1\cdf\YouTube-real\00246\Celeb-real_id11_0003_211.png,truetest_df40,0.2,constant_fill_CONFOUNDED,bottom,0.914488,0.018863,0.933351
C:\My_Project\AIGC\sd2.1\cdf\YouTube-real\00246\Celeb-real_id11_0003_211.png,truetest_df40,0.2,constant_fill_CONFOUNDED,random_scattered,0.889807,0.043545,0.933351
C:\My_Project\AIGC\sd2.1\ff\065\324_241.png,truetest_df40,0.05,blur,random_seed0,0.940307,-0.000808,0.9395
C:\My_Project\AIGC\sd2.1\ff\065\324_241.png,truetest_df40,0.05,blur,random_seed1,0.942505,-0.003005,0.9395
C:\My_Project\AIGC\sd2.1\ff\065\324_241.png,truetest_df40,0.05,blur,random_seed2,0.94244,-0.002941,0.9395
C:\My_Project\AIGC\sd2.1\ff\065\324_241.png,truetest_df40,0.05,blur,random_seed3,0.940029,-0.00053,0.9395
C:\My_Project\AIGC\sd2.1\ff\065\324_241.png,truetest_df40,0.05,blur,random_seed4,0.943591,-0.004091,0.9395
C:\My_Project\AIGC\sd2.1\ff\065\324_241.png,truetest_df40,0.05,blur,hot,0.938073,0.001427,0.9395
C:\My_Project\AIGC\sd2.1\ff\065\324_241.png,truetest_df40,0.05,blur,bottom,0.940517,-0.001017,0.9395
C:\My_Project\AIGC\sd2.1\ff\065\324_241.png,truetest_df40,0.05,blur,random_mean,0.941774,-0.002275,0.9395
C:\My_Project\AIGC\sd2.1\ff\065\324_241.png,truetest_df40,0.05,constant_fill_CONFOUNDED,hot,0.922052,0.017448,0.9395
C:\My_Project\AIGC\sd2.1\ff\065\324_241.png,truetest_df40,0.05,constant_fill_CONFOUNDED,bottom,0.893573,0.045927,0.9395
C:\My_Project\AIGC\sd2.1\ff\065\324_241.png,truetest_df40,0.05,constant_fill_CONFOUNDED,random_scattered,0.94881,-0.00931,0.9395
C:\My_Project\AIGC\sd2.1\ff\065\324_241.png,truetest_df40,0.1,blur,random_seed0,0.946059,-0.006559,0.9395
C:\My_Project\AIGC\sd2.1\ff\065\324_241.png,truetest_df40,0.1,blur,random_seed1,0.939132,0.000368,0.9395
C:\My_Project\AIGC\sd2.1\ff\065\324_241.png,truetest_df40,0.1,blur,random_seed2,0.938132,0.001368,0.9395
C:\My_Project\AIGC\sd2.1\ff\065\324_241.png,truetest_df40,0.1,blur,random_seed3,0.941662,-0.002163,0.9395
C:\My_Project\AIGC\sd2.1\ff\065\324_241.png,truetest_df40,0.1,blur,random_seed4,0.940621,-0.001121,0.9395
C:\My_Project\AIGC\sd2.1\ff\065\324_241.png,truetest_df40,0.1,blur,hot,0.94179,-0.00229,0.9395
C:\My_Project\AIGC\sd2.1\ff\065\324_241.png,truetest_df40,0.1,blur,bottom,0.940703,-0.001203,0.9395
C:\My_Project\AIGC\sd2.1\ff\065\324_241.png,truetest_df40,0.1,blur,random_mean,0.941121,-0.001621,0.9395
C:\My_Project\AIGC\sd2.1\ff\065\324_241.png,truetest_df40,0.1,constant_fill_CONFOUNDED,hot,0.914347,0.025153,0.9395
C:\My_Project\AIGC\sd2.1\ff\065\324_241.png,truetest_df40,0.1,constant_fill_CONFOUNDED,bottom,0.882252,0.057247,0.9395
C:\My_Project\AIGC\sd2.1\ff\065\324_241.png,truetest_df40,0.1,constant_fill_CONFOUNDED,random_scattered,0.953128,-0.013628,0.9395
C:\My_Project\AIGC\sd2.1\ff\065\324_241.png,truetest_df40,0.2,blur,random_seed0,0.943051,-0.003551,0.9395
C:\My_Project\AIGC\sd2.1\ff\065\324_241.png,truetest_df40,0.2,blur,random_seed1,0.941154,-0.001654,0.9395
C:\My_Project\AIGC\sd2.1\ff\065\324_241.png,truetest_df40,0.2,blur,random_seed2,0.934686,0.004813,0.9395
C:\My_Project\AIGC\sd2.1\ff\065\324_241.png,truetest_df40,0.2,blur,random_seed3,0.940387,-0.000888,0.9395
C:\My_Project\AIGC\sd2.1\ff\065\324_241.png,truetest_df40,0.2,blur,random_seed4,0.940558,-0.001058,0.9395
C:\My_Project\AIGC\sd2.1\ff\065\324_241.png,truetest_df40,0.2,blur,hot,0.936951,0.002548,0.9395
C:\My_Project\AIGC\sd2.1\ff\065\324_241.png,truetest_df40,0.2,blur,bottom,0.940078,-0.000578,0.9395
C:\My_Project\AIGC\sd2.1\ff\065\324_241.png,truetest_df40,0.2,blur,random_mean,0.939967,-0.000468,0.9395
C:\My_Project\AIGC\sd2.1\ff\065\324_241.png,truetest_df40,0.2,constant_fill_CONFOUNDED,hot,0.915408,0.024091,0.9395
C:\My_Project\AIGC\sd2.1\ff\065\324_241.png,truetest_df40,0.2,constant_fill_CONFOUNDED,bottom,0.791194,0.148306,0.9395
C:\My_Project\AIGC\sd2.1\ff\065\324_241.png,truetest_df40,0.2,constant_fill_CONFOUNDED,random_scattered,0.951927,-0.012427,0.9395
C:\My_Project\AIGC\sd2.1\cdf\Celeb-real\id47_0001\YouTube-real_00218_046.png,truetest_df40,0.05,blur,random_seed0,0.937228,-0.000555,0.936673
C:\My_Project\AIGC\sd2.1\cdf\Celeb-real\id47_0001\YouTube-real_00218_046.png,truetest_df40,0.05,blur,random_seed1,0.938307,-0.001634,0.936673
C:\My_Project\AIGC\sd2.1\cdf\Celeb-real\id47_0001\YouTube-real_00218_046.png,truetest_df40,0.05,blur,random_seed2,0.939991,-0.003319,0.936673
C:\My_Project\AIGC\sd2.1\cdf\Celeb-real\id47_0001\YouTube-real_00218_046.png,truetest_df40,0.05,blur,random_seed3,0.932886,0.003786,0.936673
C:\My_Project\AIGC\sd2.1\cdf\Celeb-real\id47_0001\YouTube-real_00218_046.png,truetest_df40,0.05,blur,random_seed4,0.936436,0.000236,0.936673
C:\My_Project\AIGC\sd2.1\cdf\Celeb-real\id47_0001\YouTube-real_00218_046.png,truetest_df40,0.05,blur,hot,0.936484,0.000189,0.936673
C:\My_Project\AIGC\sd2.1\cdf\Celeb-real\id47_0001\YouTube-real_00218_046.png,truetest_df40,0.05,blur,bottom,0.940024,-0.003351,0.936673
C:\My_Project\AIGC\sd2.1\cdf\Celeb-real\id47_0001\YouTube-real_00218_046.png,truetest_df40,0.05,blur,random_mean,0.93697,-0.000297,0.936673
C:\My_Project\AIGC\sd2.1\cdf\Celeb-real\id47_0001\YouTube-real_00218_046.png,truetest_df40,0.05,constant_fill_CONFOUNDED,hot,0.923756,0.012917,0.936673
C:\My_Project\AIGC\sd2.1\cdf\Celeb-real\id47_0001\YouTube-real_00218_046.png,truetest_df40,0.05,constant_fill_CONFOUNDED,bottom,0.91922,0.017453,0.936673
C:\My_Project\AIGC\sd2.1\cdf\Celeb-real\id47_0001\YouTube-real_00218_046.png,truetest_df40,0.05,constant_fill_CONFOUNDED,random_scattered,0.925655,0.011018,0.936673
C:\My_Project\AIGC\sd2.1\cdf\Celeb-real\id47_0001\YouTube-real_00218_046.png,truetest_df40,0.1,blur,random_seed0,0.936829,-0.000156,0.936673
C:\My_Project\AIGC\sd2.1\cdf\Celeb-real\id47_0001\YouTube-real_00218_046.png,truetest_df40,0.1,blur,random_seed1,0.942326,-0.005653,0.936673
C:\My_Project\AIGC\sd2.1\cdf\Celeb-real\id47_0001\YouTube-real_00218_046.png,truetest_df40,0.1,blur,random_seed2,0.937647,-0.000974,0.936673
C:\My_Project\AIGC\sd2.1\cdf\Celeb-real\id47_0001\YouTube-real_00218_046.png,truetest_df40,0.1,blur,random_seed3,0.937885,-0.001212,0.936673
C:\My_Project\AIGC\sd2.1\cdf\Celeb-real\id47_0001\YouTube-real_00218_046.png,truetest_df40,0.1,blur,random_seed4,0.935252,0.001421,0.936673
C:\My_Project\AIGC\sd2.1\cdf\Celeb-real\id47_0001\YouTube-real_00218_046.png,truetest_df40,0.1,blur,hot,0.933152,0.00352,0.936673
C:\My_Project\AIGC\sd2.1\cdf\Celeb-real\id47_0001\YouTube-real_00218_046.png,truetest_df40,0.1,blur,bottom,0.940794,-0.004121,0.936673
C:\My_Project\AIGC\sd2.1\cdf\Celeb-real\id47_0001\YouTube-real_00218_046.png,truetest_df40,0.1,blur,random_mean,0.937988,-0.001315,0.936673
C:\My_Project\AIGC\sd2.1\cdf\Celeb-real\id47_0001\YouTube-real_00218_046.png,truetest_df40,0.1,constant_fill_CONFOUNDED,hot,0.926132,0.010541,0.936673
C:\My_Project\AIGC\sd2.1\cdf\Celeb-real\id47_0001\YouTube-real_00218_046.png,truetest_df40,0.1,constant_fill_CONFOUNDED,bottom,0.89745,0.039223,0.936673
C:\My_Project\AIGC\sd2.1\cdf\Celeb-real\id47_0001\YouTube-real_00218_046.png,truetest_df40,0.1,constant_fill_CONFOUNDED,random_scattered,0.922551,0.014122,0.936673
C:\My_Project\AIGC\sd2.1\cdf\Celeb-real\id47_0001\YouTube-real_00218_046.png,truetest_df40,0.2,blur,random_seed0,0.938088,-0.001415,0.936673
C:\My_Project\AIGC\sd2.1\cdf\Celeb-real\id47_0001\YouTube-real_00218_046.png,truetest_df40,0.2,blur,random_seed1,0.935149,0.001524,0.936673
C:\My_Project\AIGC\sd2.1\cdf\Celeb-real\id47_0001\YouTube-real_00218_046.png,truetest_df40,0.2,blur,random_seed2,0.941621,-0.004948,0.936673
C:\My_Project\AIGC\sd2.1\cdf\Celeb-real\id47_0001\YouTube-real_00218_046.png,truetest_df40,0.2,blur,random_seed3,0.940728,-0.004056,0.936673
C:\My_Project\AIGC\sd2.1\cdf\Celeb-real\id47_0001\YouTube-real_00218_046.png,truetest_df40,0.2,blur,random_seed4,0.943028,-0.006355,0.936673
C:\My_Project\AIGC\sd2.1\cdf\Celeb-real\id47_0001\YouTube-real_00218_046.png,truetest_df40,0.2,blur,hot,0.93488,0.001793,0.936673
C:\My_Project\AIGC\sd2.1\cdf\Celeb-real\id47_0001\YouTube-real_00218_046.png,truetest_df40,0.2,blur,bottom,0.939289,-0.002617,0.936673
C:\My_Project\AIGC\sd2.1\cdf\Celeb-real\id47_0001\YouTube-real_00218_046.png,truetest_df40,0.2,blur,random_mean,0.939723,-0.00305,0.936673
C:\My_Project\AIGC\sd2.1\cdf\Celeb-real\id47_0001\YouTube-real_00218_046.png,truetest_df40,0.2,constant_fill_CONFOUNDED,hot,0.920986,0.015687,0.936673
C:\My_Project\AIGC\sd2.1\cdf\Celeb-real\id47_0001\YouTube-real_00218_046.png,truetest_df40,0.2,constant_fill_CONFOUNDED,bottom,0.896358,0.040315,0.936673
C:\My_Project\AIGC\sd2.1\cdf\Celeb-real\id47_0001\YouTube-real_00218_046.png,truetest_df40,0.2,constant_fill_CONFOUNDED,random_scattered,0.919913,0.01676,0.936673
C:\My_Project\AIGC\sd2.1\cdf\Celeb-real\id43_0001\Celeb-real_id24_0007_207.png,truetest_df40,0.05,blur,random_seed0,0.95088,-2.7e-05,0.950853
C:\My_Project\AIGC\sd2.1\cdf\Celeb-real\id43_0001\Celeb-real_id24_0007_207.png,truetest_df40,0.05,blur,random_seed1,0.951993,-0.00114,0.950853
C:\My_Project\AIGC\sd2.1\cdf\Celeb-real\id43_0001\Celeb-real_id24_0007_207.png,truetest_df40,0.05,blur,random_seed2,0.952258,-0.001405,0.950853
C:\My_Project\AIGC\sd2.1\cdf\Celeb-real\id43_0001\Celeb-real_id24_0007_207.png,truetest_df40,0.05,blur,random_seed3,0.952787,-0.001934,0.950853
C:\My_Project\AIGC\sd2.1\cdf\Celeb-real\id43_0001\Celeb-real_id24_0007_207.png,truetest_df40,0.05,blur,random_seed4,0.949223,0.00163,0.950853
C:\My_Project\AIGC\sd2.1\cdf\Celeb-real\id43_0001\Celeb-real_id24_0007_207.png,truetest_df40,0.05,blur,hot,0.951733,-0.00088,0.950853
C:\My_Project\AIGC\sd2.1\cdf\Celeb-real\id43_0001\Celeb-real_id24_0007_207.png,truetest_df40,0.05,blur,bottom,0.949032,0.001821,0.950853
C:\My_Project\AIGC\sd2.1\cdf\Celeb-real\id43_0001\Celeb-real_id24_0007_207.png,truetest_df40,0.05,blur,random_mean,0.951428,-0.000575,0.950853
C:\My_Project\AIGC\sd2.1\cdf\Celeb-real\id43_0001\Celeb-real_id24_0007_207.png,truetest_df40,0.05,constant_fill_CONFOUNDED,hot,0.936766,0.014087,0.950853
C:\My_Project\AIGC\sd2.1\cdf\Celeb-real\id43_0001\Celeb-real_id24_0007_207.png,truetest_df40,0.05,constant_fill_CONFOUNDED,bottom,0.931287,0.019566,0.950853
C:\My_Project\AIGC\sd2.1\cdf\Celeb-real\id43_0001\Celeb-real_id24_0007_207.png,truetest_df40,0.05,constant_fill_CONFOUNDED,random_scattered,0.92183,0.029023,0.950853
C:\My_Project\AIGC\sd2.1\cdf\Celeb-real\id43_0001\Celeb-real_id24_0007_207.png,truetest_df40,0.1,blur,random_seed0,0.952514,-0.001661,0.950853
C:\My_Project\AIGC\sd2.1\cdf\Celeb-real\id43_0001\Celeb-real_id24_0007_207.png,truetest_df40,0.1,blur,random_seed1,0.949806,0.001047,0.950853
C:\My_Project\AIGC\sd2.1\cdf\Celeb-real\id43_0001\Celeb-real_id24_0007_207.png,truetest_df40,0.1,blur,random_seed2,0.950849,4e-06,0.950853
C:\My_Project\AIGC\sd2.1\cdf\Celeb-real\id43_0001\Celeb-real_id24_0007_207.png,truetest_df40,0.1,blur,random_seed3,0.94994,0.000913,0.950853
C:\My_Project\AIGC\sd2.1\cdf\Celeb-real\id43_0001\Celeb-real_id24_0007_207.png,truetest_df40,0.1,blur,random_seed4,0.951163,-0.00031,0.950853
C:\My_Project\AIGC\sd2.1\cdf\Celeb-real\id43_0001\Celeb-real_id24_0007_207.png,truetest_df40,0.1,blur,hot,0.948451,0.002402,0.950853
C:\My_Project\AIGC\sd2.1\cdf\Celeb-real\id43_0001\Celeb-real_id24_0007_207.png,truetest_df40,0.1,blur,bottom,0.947857,0.002996,0.950853
C:\My_Project\AIGC\sd2.1\cdf\Celeb-real\id43_0001\Celeb-real_id24_0007_207.png,truetest_df40,0.1,blur,random_mean,0.950854,-1e-06,0.950853
C:\My_Project\AIGC\sd2.1\cdf\Celeb-real\id43_0001\Celeb-real_id24_0007_207.png,truetest_df40,0.1,constant_fill_CONFOUNDED,hot,0.933143,0.01771,0.950853
C:\My_Project\AIGC\sd2.1\cdf\Celeb-real\id43_0001\Celeb-real_id24_0007_207.png,truetest_df40,0.1,constant_fill_CONFOUNDED,bottom,0.92632,0.024533,0.950853
C:\My_Project\AIGC\sd2.1\cdf\Celeb-real\id43_0001\Celeb-real_id24_0007_207.png,truetest_df40,0.1,constant_fill_CONFOUNDED,random_scattered,0.932496,0.018357,0.950853
C:\My_Project\AIGC\sd2.1\cdf\Celeb-real\id43_0001\Celeb-real_id24_0007_207.png,truetest_df40,0.2,blur,random_seed0,0.943668,0.007185,0.950853
C:\My_Project\AIGC\sd2.1\cdf\Celeb-real\id43_0001\Celeb-real_id24_0007_207.png,truetest_df40,0.2,blur,random_seed1,0.946359,0.004494,0.950853
C:\My_Project\AIGC\sd2.1\cdf\Celeb-real\id43_0001\Celeb-real_id24_0007_207.png,truetest_df40,0.2,blur,random_seed2,0.949171,0.001682,0.950853
C:\My_Project\AIGC\sd2.1\cdf\Celeb-real\id43_0001\Celeb-real_id24_0007_207.png,truetest_df40,0.2,blur,random_seed3,0.943736,0.007117,0.950853
C:\My_Project\AIGC\sd2.1\cdf\Celeb-real\id43_0001\Celeb-real_id24_0007_207.png,truetest_df40,0.2,blur,random_seed4,0.952624,-0.001771,0.950853
C:\My_Project\AIGC\sd2.1\cdf\Celeb-real\id43_0001\Celeb-real_id24_0007_207.png,truetest_df40,0.2,blur,hot,0.931082,0.019771,0.950853
C:\My_Project\AIGC\sd2.1\cdf\Celeb-real\id43_0001\Celeb-real_id24_0007_207.png,truetest_df40,0.2,blur,bottom,0.946792,0.00406,0.950853
C:\My_Project\AIGC\sd2.1\cdf\Celeb-real\id43_0001\Celeb-real_id24_0007_207.png,truetest_df40,0.2,blur,random_mean,0.947112,0.003741,0.950853
C:\My_Project\AIGC\sd2.1\cdf\Celeb-real\id43_0001\Celeb-real_id24_0007_207.png,truetest_df40,0.2,constant_fill_CONFOUNDED,hot,0.820612,0.130241,0.950853
C:\My_Project\AIGC\sd2.1\cdf\Celeb-real\id43_0001\Celeb-real_id24_0007_207.png,truetest_df40,0.2,constant_fill_CONFOUNDED,bottom,0.914389,0.036464,0.950853
C:\My_Project\AIGC\sd2.1\cdf\Celeb-real\id43_0001\Celeb-real_id24_0007_207.png,truetest_df40,0.2,constant_fill_CONFOUNDED,random_scattered,0.927961,0.022892,0.950853
C:\My_Project\AIGC\sd2.1\cdf\YouTube-real\00075\Celeb-real_id41_0001_000.png,truetest_df40,0.05,blur,random_seed0,0.941153,0.000702,0.941856
C:\My_Project\AIGC\sd2.1\cdf\YouTube-real\00075\Celeb-real_id41_0001_000.png,truetest_df40,0.05,blur,random_seed1,0.941366,0.00049,0.941856
C:\My_Project\AIGC\sd2.1\cdf\YouTube-real\00075\Celeb-real_id41_0001_000.png,truetest_df40,0.05,blur,random_seed2,0.941723,0.000132,0.941856
C:\My_Project\AIGC\sd2.1\cdf\YouTube-real\00075\Celeb-real_id41_0001_000.png,truetest_df40,0.05,blur,random_seed3,0.942089,-0.000234,0.941856
C:\My_Project\AIGC\sd2.1\cdf\YouTube-real\00075\Celeb-real_id41_0001_000.png,truetest_df40,0.05,blur,random_seed4,0.942996,-0.00114,0.941856
C:\My_Project\AIGC\sd2.1\cdf\YouTube-real\00075\Celeb-real_id41_0001_000.png,truetest_df40,0.05,blur,hot,0.9394,0.002456,0.941856
C:\My_Project\AIGC\sd2.1\cdf\YouTube-real\00075\Celeb-real_id41_0001_000.png,truetest_df40,0.05,blur,bottom,0.941505,0.00035,0.941856
C:\My_Project\AIGC\sd2.1\cdf\YouTube-real\00075\Celeb-real_id41_0001_000.png,truetest_df40,0.05,blur,random_mean,0.941865,-1e-05,0.941856
C:\My_Project\AIGC\sd2.1\cdf\YouTube-real\00075\Celeb-real_id41_0001_000.png,truetest_df40,0.05,constant_fill_CONFOUNDED,hot,0.892317,0.049539,0.941856
C:\My_Project\AIGC\sd2.1\cdf\YouTube-real\00075\Celeb-real_id41_0001_000.png,truetest_df40,0.05,constant_fill_CONFOUNDED,bottom,0.917931,0.023924,0.941856
C:\My_Project\AIGC\sd2.1\cdf\YouTube-real\00075\Celeb-real_id41_0001_000.png,truetest_df40,0.05,constant_fill_CONFOUNDED,random_scattered,0.940296,0.00156,0.941856
C:\My_Project\AIGC\sd2.1\cdf\YouTube-real\00075\Celeb-real_id41_0001_000.png,truetest_df40,0.1,blur,random_seed0,0.939641,0.002215,0.941856
C:\My_Project\AIGC\sd2.1\cdf\YouTube-real\00075\Celeb-real_id41_0001_000.png,truetest_df40,0.1,blur,random_seed1,0.939212,0.002643,0.941856
C:\My_Project\AIGC\sd2.1\cdf\YouTube-real\00075\Celeb-real_id41_0001_000.png,truetest_df40,0.1,blur,random_seed2,0.938322,0.003533,0.941856
C:\My_Project\AIGC\sd2.1\cdf\YouTube-real\00075\Celeb-real_id41_0001_000.png,truetest_df40,0.1,blur,random_seed3,0.944082,-0.002226,0.941856
C:\My_Project\AIGC\sd2.1\cdf\YouTube-real\00075\Celeb-real_id41_0001_000.png,truetest_df40,0.1,blur,random_seed4,0.941529,0.000326,0.941856
C:\My_Project\AIGC\sd2.1\cdf\YouTube-real\00075\Celeb-real_id41_0001_000.png,truetest_df40,0.1,blur,hot,0.933366,0.00849,0.941856
C:\My_Project\AIGC\sd2.1\cdf\YouTube-real\00075\Celeb-real_id41_0001_000.png,truetest_df40,0.1,blur,bottom,0.94145,0.000405,0.941856
C:\My_Project\AIGC\sd2.1\cdf\YouTube-real\00075\Celeb-real_id41_0001_000.png,truetest_df40,0.1,blur,random_mean,0.940557,0.001298,0.941856
C:\My_Project\AIGC\sd2.1\cdf\YouTube-real\00075\Celeb-real_id41_0001_000.png,truetest_df40,0.1,constant_fill_CONFOUNDED,hot,0.857581,0.084275,0.941856
C:\My_Project\AIGC\sd2.1\cdf\YouTube-real\00075\Celeb-real_id41_0001_000.png,truetest_df40,0.1,constant_fill_CONFOUNDED,bottom,0.900889,0.040967,0.941856
C:\My_Project\AIGC\sd2.1\cdf\YouTube-real\00075\Celeb-real_id41_0001_000.png,truetest_df40,0.1,constant_fill_CONFOUNDED,random_scattered,0.930283,0.011573,0.941856
C:\My_Project\AIGC\sd2.1\cdf\YouTube-real\00075\Celeb-real_id41_0001_000.png,truetest_df40,0.2,blur,random_seed0,0.947071,-0.005215,0.941856
C:\My_Project\AIGC\sd2.1\cdf\YouTube-real\00075\Celeb-real_id41_0001_000.png,truetest_df40,0.2,blur,random_seed1,0.943825,-0.001969,0.941856
C:\My_Project\AIGC\sd2.1\cdf\YouTube-real\00075\Celeb-real_id41_0001_000.png,truetest_df40,0.2,blur,random_seed2,0.942045,-0.00019,0.941856
C:\My_Project\AIGC\sd2.1\cdf\YouTube-real\00075\Celeb-real_id41_0001_000.png,truetest_df40,0.2,blur,random_seed3,0.942522,-0.000667,0.941856
C:\My_Project\AIGC\sd2.1\cdf\YouTube-real\00075\Celeb-real_id41_0001_000.png,truetest_df40,0.2,blur,random_seed4,0.949943,-0.008088,0.941856
C:\My_Project\AIGC\sd2.1\cdf\YouTube-real\00075\Celeb-real_id41_0001_000.png,truetest_df40,0.2,blur,hot,0.920497,0.021359,0.941856
C:\My_Project\AIGC\sd2.1\cdf\YouTube-real\00075\Celeb-real_id41_0001_000.png,truetest_df40,0.2,blur,bottom,0.940746,0.00111,0.941856
C:\My_Project\AIGC\sd2.1\cdf\YouTube-real\00075\Celeb-real_id41_0001_000.png,truetest_df40,0.2,blur,random_mean,0.945081,-0.003226,0.941856
C:\My_Project\AIGC\sd2.1\cdf\YouTube-real\00075\Celeb-real_id41_0001_000.png,truetest_df40,0.2,constant_fill_CONFOUNDED,hot,0.646929,0.294927,0.941856
C:\My_Project\AIGC\sd2.1\cdf\YouTube-real\00075\Celeb-real_id41_0001_000.png,truetest_df40,0.2,constant_fill_CONFOUNDED,bottom,0.915239,0.026616,0.941856
C:\My_Project\AIGC\sd2.1\cdf\YouTube-real\00075\Celeb-real_id41_0001_000.png,truetest_df40,0.2,constant_fill_CONFOUNDED,random_scattered,0.925395,0.01646,0.941856
C:\My_Project\AIGC\sd2.1\ff\875\166_706.png,truetest_df40,0.05,blur,random_seed0,0.924478,-0.000139,0.924339
C:\My_Project\AIGC\sd2.1\ff\875\166_706.png,truetest_df40,0.05,blur,random_seed1,0.925393,-0.001054,0.924339
C:\My_Project\AIGC\sd2.1\ff\875\166_706.png,truetest_df40,0.05,blur,random_seed2,0.926581,-0.002242,0.924339
C:\My_Project\AIGC\sd2.1\ff\875\166_706.png,truetest_df40,0.05,blur,random_seed3,0.924024,0.000315,0.924339
C:\My_Project\AIGC\sd2.1\ff\875\166_706.png,truetest_df40,0.05,blur,random_seed4,0.925777,-0.001438,0.924339
C:\My_Project\AIGC\sd2.1\ff\875\166_706.png,truetest_df40,0.05,blur,hot,0.927964,-0.003625,0.924339
C:\My_Project\AIGC\sd2.1\ff\875\166_706.png,truetest_df40,0.05,blur,bottom,0.924752,-0.000413,0.924339
C:\My_Project\AIGC\sd2.1\ff\875\166_706.png,truetest_df40,0.05,blur,random_mean,0.925251,-0.000912,0.924339
C:\My_Project\AIGC\sd2.1\ff\875\166_706.png,truetest_df40,0.05,constant_fill_CONFOUNDED,hot,0.907649,0.01669,0.924339
C:\My_Project\AIGC\sd2.1\ff\875\166_706.png,truetest_df40,0.05,constant_fill_CONFOUNDED,bottom,0.902456,0.021883,0.924339
C:\My_Project\AIGC\sd2.1\ff\875\166_706.png,truetest_df40,0.05,constant_fill_CONFOUNDED,random_scattered,0.854443,0.069896,0.924339
C:\My_Project\AIGC\sd2.1\ff\875\166_706.png,truetest_df40,0.1,blur,random_seed0,0.92854,-0.004201,0.924339
C:\My_Project\AIGC\sd2.1\ff\875\166_706.png,truetest_df40,0.1,blur,random_seed1,0.93143,-0.007091,0.924339
C:\My_Project\AIGC\sd2.1\ff\875\166_706.png,truetest_df40,0.1,blur,random_seed2,0.919845,0.004494,0.924339
C:\My_Project\AIGC\sd2.1\ff\875\166_706.png,truetest_df40,0.1,blur,random_seed3,0.926566,-0.002227,0.924339
C:\My_Project\AIGC\sd2.1\ff\875\166_706.png,truetest_df40,0.1,blur,random_seed4,0.927363,-0.003024,0.924339
C:\My_Project\AIGC\sd2.1\ff\875\166_706.png,truetest_df40,0.1,blur,hot,0.926471,-0.002132,0.924339
C:\My_Project\AIGC\sd2.1\ff\875\166_706.png,truetest_df40,0.1,blur,bottom,0.926454,-0.002115,0.924339
C:\My_Project\AIGC\sd2.1\ff\875\166_706.png,truetest_df40,0.1,blur,random_mean,0.926749,-0.00241,0.924339
C:\My_Project\AIGC\sd2.1\ff\875\166_706.png,truetest_df40,0.1,constant_fill_CONFOUNDED,hot,0.899009,0.02533,0.924339
C:\My_Project\AIGC\sd2.1\ff\875\166_706.png,truetest_df40,0.1,constant_fill_CONFOUNDED,bottom,0.862479,0.06186,0.924339
C:\My_Project\AIGC\sd2.1\ff\875\166_706.png,truetest_df40,0.1,constant_fill_CONFOUNDED,random_scattered,0.919157,0.005182,0.924339
C:\My_Project\AIGC\sd2.1\ff\875\166_706.png,truetest_df40,0.2,blur,random_seed0,0.92183,0.002509,0.924339
C:\My_Project\AIGC\sd2.1\ff\875\166_706.png,truetest_df40,0.2,blur,random_seed1,0.931641,-0.007302,0.924339
C:\My_Project\AIGC\sd2.1\ff\875\166_706.png,truetest_df40,0.2,blur,random_seed2,0.924768,-0.000429,0.924339
C:\My_Project\AIGC\sd2.1\ff\875\166_706.png,truetest_df40,0.2,blur,random_seed3,0.931885,-0.007546,0.924339
C:\My_Project\AIGC\sd2.1\ff\875\166_706.png,truetest_df40,0.2,blur,random_seed4,0.931442,-0.007104,0.924339
C:\My_Project\AIGC\sd2.1\ff\875\166_706.png,truetest_df40,0.2,blur,hot,0.932587,-0.008248,0.924339
C:\My_Project\AIGC\sd2.1\ff\875\166_706.png,truetest_df40,0.2,blur,bottom,0.9304,-0.006062,0.924339
C:\My_Project\AIGC\sd2.1\ff\875\166_706.png,truetest_df40,0.2,blur,random_mean,0.928313,-0.003974,0.924339
C:\My_Project\AIGC\sd2.1\ff\875\166_706.png,truetest_df40,0.2,constant_fill_CONFOUNDED,hot,0.90132,0.023019,0.924339
C:\My_Project\AIGC\sd2.1\ff\875\166_706.png,truetest_df40,0.2,constant_fill_CONFOUNDED,bottom,0.878907,0.045432,0.924339
C:\My_Project\AIGC\sd2.1\ff\875\166_706.png,truetest_df40,0.2,constant_fill_CONFOUNDED,random_scattered,0.906745,0.017594,0.924339
C:\My_Project\AIGC\sd2.1\ff\708\439_267.png,truetest_df40,0.05,blur,random_seed0,0.937303,0.005391,0.942694
C:\My_Project\AIGC\sd2.1\ff\708\439_267.png,truetest_df40,0.05,blur,random_seed1,0.941335,0.001359,0.942694
C:\My_Project\AIGC\sd2.1\ff\708\439_267.png,truetest_df40,0.05,blur,random_seed2,0.942554,0.00014,0.942694
C:\My_Project\AIGC\sd2.1\ff\708\439_267.png,truetest_df40,0.05,blur,random_seed3,0.937848,0.004847,0.942694
C:\My_Project\AIGC\sd2.1\ff\708\439_267.png,truetest_df40,0.05,blur,random_seed4,0.94113,0.001564,0.942694
C:\My_Project\AIGC\sd2.1\ff\708\439_267.png,truetest_df40,0.05,blur,hot,0.942553,0.000142,0.942694
C:\My_Project\AIGC\sd2.1\ff\708\439_267.png,truetest_df40,0.05,blur,bottom,0.943834,-0.00114,0.942694
C:\My_Project\AIGC\sd2.1\ff\708\439_267.png,truetest_df40,0.05,blur,random_mean,0.940034,0.00266,0.942694
C:\My_Project\AIGC\sd2.1\ff\708\439_267.png,truetest_df40,0.05,constant_fill_CONFOUNDED,hot,0.916821,0.025873,0.942694
C:\My_Project\AIGC\sd2.1\ff\708\439_267.png,truetest_df40,0.05,constant_fill_CONFOUNDED,bottom,0.933515,0.009179,0.942694
C:\My_Project\AIGC\sd2.1\ff\708\439_267.png,truetest_df40,0.05,constant_fill_CONFOUNDED,random_scattered,0.750736,0.191959,0.942694
C:\My_Project\AIGC\sd2.1\ff\708\439_267.png,truetest_df40,0.1,blur,random_seed0,0.940836,0.001859,0.942694
C:\My_Project\AIGC\sd2.1\ff\708\439_267.png,truetest_df40,0.1,blur,random_seed1,0.942617,7.8e-05,0.942694
C:\My_Project\AIGC\sd2.1\ff\708\439_267.png,truetest_df40,0.1,blur,random_seed2,0.944279,-0.001585,0.942694
C:\My_Project\AIGC\sd2.1\ff\708\439_267.png,truetest_df40,0.1,blur,random_seed3,0.944446,-0.001752,0.942694
C:\My_Project\AIGC\sd2.1\ff\708\439_267.png,truetest_df40,0.1,blur,random_seed4,0.942676,1.8e-05,0.942694
C:\My_Project\AIGC\sd2.1\ff\708\439_267.png,truetest_df40,0.1,blur,hot,0.949882,-0.007188,0.942694
C:\My_Project\AIGC\sd2.1\ff\708\439_267.png,truetest_df40,0.1,blur,bottom,0.943231,-0.000536,0.942694
C:\My_Project\AIGC\sd2.1\ff\708\439_267.png,truetest_df40,0.1,blur,random_mean,0.942971,-0.000276,0.942694
C:\My_Project\AIGC\sd2.1\ff\708\439_267.png,truetest_df40,0.1,constant_fill_CONFOUNDED,hot,0.87699,0.065705,0.942694
C:\My_Project\AIGC\sd2.1\ff\708\439_267.png,truetest_df40,0.1,constant_fill_CONFOUNDED,bottom,0.93427,0.008425,0.942694
C:\My_Project\AIGC\sd2.1\ff\708\439_267.png,truetest_df40,0.1,constant_fill_CONFOUNDED,random_scattered,0.825116,0.117578,0.942694
C:\My_Project\AIGC\sd2.1\ff\708\439_267.png,truetest_df40,0.2,blur,random_seed0,0.940047,0.002648,0.942694
C:\My_Project\AIGC\sd2.1\ff\708\439_267.png,truetest_df40,0.2,blur,random_seed1,0.93849,0.004204,0.942694
C:\My_Project\AIGC\sd2.1\ff\708\439_267.png,truetest_df40,0.2,blur,random_seed2,0.939822,0.002873,0.942694
C:\My_Project\AIGC\sd2.1\ff\708\439_267.png,truetest_df40,0.2,blur,random_seed3,0.939936,0.002758,0.942694
C:\My_Project\AIGC\sd2.1\ff\708\439_267.png,truetest_df40,0.2,blur,random_seed4,0.939371,0.003323,0.942694
C:\My_Project\AIGC\sd2.1\ff\708\439_267.png,truetest_df40,0.2,blur,hot,0.934994,0.007701,0.942694
C:\My_Project\AIGC\sd2.1\ff\708\439_267.png,truetest_df40,0.2,blur,bottom,0.937471,0.005223,0.942694
C:\My_Project\AIGC\sd2.1\ff\708\439_267.png,truetest_df40,0.2,blur,random_mean,0.939533,0.003161,0.942694
C:\My_Project\AIGC\sd2.1\ff\708\439_267.png,truetest_df40,0.2,constant_fill_CONFOUNDED,hot,0.682503,0.260192,0.942694
C:\My_Project\AIGC\sd2.1\ff\708\439_267.png,truetest_df40,0.2,constant_fill_CONFOUNDED,bottom,0.927338,0.015356,0.942694
C:\My_Project\AIGC\sd2.1\ff\708\439_267.png,truetest_df40,0.2,constant_fill_CONFOUNDED,random_scattered,0.890304,0.05239,0.942694
C:\My_Project\AIGC\DiT\cdf\Fake_from_Celeb-real\id16_0012\17946.png,truetest_df40,0.05,blur,random_seed0,0.929077,-0.002808,0.926269
C:\My_Project\AIGC\DiT\cdf\Fake_from_Celeb-real\id16_0012\17946.png,truetest_df40,0.05,blur,random_seed1,0.921259,0.00501,0.926269
C:\My_Project\AIGC\DiT\cdf\Fake_from_Celeb-real\id16_0012\17946.png,truetest_df40,0.05,blur,random_seed2,0.925044,0.001226,0.926269
C:\My_Project\AIGC\DiT\cdf\Fake_from_Celeb-real\id16_0012\17946.png,truetest_df40,0.05,blur,random_seed3,0.928331,-0.002062,0.926269
C:\My_Project\AIGC\DiT\cdf\Fake_from_Celeb-real\id16_0012\17946.png,truetest_df40,0.05,blur,random_seed4,0.926546,-0.000277,0.926269
C:\My_Project\AIGC\DiT\cdf\Fake_from_Celeb-real\id16_0012\17946.png,truetest_df40,0.05,blur,hot,0.926519,-0.00025,0.926269
C:\My_Project\AIGC\DiT\cdf\Fake_from_Celeb-real\id16_0012\17946.png,truetest_df40,0.05,blur,bottom,0.924555,0.001714,0.926269
C:\My_Project\AIGC\DiT\cdf\Fake_from_Celeb-real\id16_0012\17946.png,truetest_df40,0.05,blur,random_mean,0.926051,0.000218,0.926269
C:\My_Project\AIGC\DiT\cdf\Fake_from_Celeb-real\id16_0012\17946.png,truetest_df40,0.05,constant_fill_CONFOUNDED,hot,0.867687,0.058583,0.926269
C:\My_Project\AIGC\DiT\cdf\Fake_from_Celeb-real\id16_0012\17946.png,truetest_df40,0.05,constant_fill_CONFOUNDED,bottom,0.906388,0.019881,0.926269
C:\My_Project\AIGC\DiT\cdf\Fake_from_Celeb-real\id16_0012\17946.png,truetest_df40,0.05,constant_fill_CONFOUNDED,random_scattered,0.622321,0.303948,0.926269
C:\My_Project\AIGC\DiT\cdf\Fake_from_Celeb-real\id16_0012\17946.png,truetest_df40,0.1,blur,random_seed0,0.927372,-0.001103,0.926269
C:\My_Project\AIGC\DiT\cdf\Fake_from_Celeb-real\id16_0012\17946.png,truetest_df40,0.1,blur,random_seed1,0.922087,0.004182,0.926269
C:\My_Project\AIGC\DiT\cdf\Fake_from_Celeb-real\id16_0012\17946.png,truetest_df40,0.1,blur,random_seed2,0.924851,0.001418,0.926269
C:\My_Project\AIGC\DiT\cdf\Fake_from_Celeb-real\id16_0012\17946.png,truetest_df40,0.1,blur,random_seed3,0.920197,0.006073,0.926269
C:\My_Project\AIGC\DiT\cdf\Fake_from_Celeb-real\id16_0012\17946.png,truetest_df40,0.1,blur,random_seed4,0.907876,0.018393,0.926269
C:\My_Project\AIGC\DiT\cdf\Fake_from_Celeb-real\id16_0012\17946.png,truetest_df40,0.1,blur,hot,0.919089,0.007181,0.926269
C:\My_Project\AIGC\DiT\cdf\Fake_from_Celeb-real\id16_0012\17946.png,truetest_df40,0.1,blur,bottom,0.924765,0.001504,0.926269
C:\My_Project\AIGC\DiT\cdf\Fake_from_Celeb-real\id16_0012\17946.png,truetest_df40,0.1,blur,random_mean,0.920477,0.005793,0.926269
C:\My_Project\AIGC\DiT\cdf\Fake_from_Celeb-real\id16_0012\17946.png,truetest_df40,0.1,constant_fill_CONFOUNDED,hot,0.867542,0.058728,0.926269
C:\My_Project\AIGC\DiT\cdf\Fake_from_Celeb-real\id16_0012\17946.png,truetest_df40,0.1,constant_fill_CONFOUNDED,bottom,0.892078,0.034191,0.926269
C:\My_Project\AIGC\DiT\cdf\Fake_from_Celeb-real\id16_0012\17946.png,truetest_df40,0.1,constant_fill_CONFOUNDED,random_scattered,0.830046,0.096223,0.926269
C:\My_Project\AIGC\DiT\cdf\Fake_from_Celeb-real\id16_0012\17946.png,truetest_df40,0.2,blur,random_seed0,0.909293,0.016976,0.926269
C:\My_Project\AIGC\DiT\cdf\Fake_from_Celeb-real\id16_0012\17946.png,truetest_df40,0.2,blur,random_seed1,0.902016,0.024253,0.926269
C:\My_Project\AIGC\DiT\cdf\Fake_from_Celeb-real\id16_0012\17946.png,truetest_df40,0.2,blur,random_seed2,0.918189,0.00808,0.926269
C:\My_Project\AIGC\DiT\cdf\Fake_from_Celeb-real\id16_0012\17946.png,truetest_df40,0.2,blur,random_seed3,0.928367,-0.002098,0.926269
C:\My_Project\AIGC\DiT\cdf\Fake_from_Celeb-real\id16_0012\17946.png,truetest_df40,0.2,blur,random_seed4,0.901839,0.02443,0.926269
C:\My_Project\AIGC\DiT\cdf\Fake_from_Celeb-real\id16_0012\17946.png,truetest_df40,0.2,blur,hot,0.893026,0.033243,0.926269
C:\My_Project\AIGC\DiT\cdf\Fake_from_Celeb-real\id16_0012\17946.png,truetest_df40,0.2,blur,bottom,0.925123,0.001146,0.926269
C:\My_Project\AIGC\DiT\cdf\Fake_from_Celeb-real\id16_0012\17946.png,truetest_df40,0.2,blur,random_mean,0.911941,0.014328,0.926269
C:\My_Project\AIGC\DiT\cdf\Fake_from_Celeb-real\id16_0012\17946.png,truetest_df40,0.2,constant_fill_CONFOUNDED,hot,0.922215,0.004054,0.926269
C:\My_Project\AIGC\DiT\cdf\Fake_from_Celeb-real\id16_0012\17946.png,truetest_df40,0.2,constant_fill_CONFOUNDED,bottom,0.878831,0.047438,0.926269
C:\My_Project\AIGC\DiT\cdf\Fake_from_Celeb-real\id16_0012\17946.png,truetest_df40,0.2,constant_fill_CONFOUNDED,random_scattered,0.89469,0.031579,0.926269
C:\My_Project\AIGC\DiT\cdf\Fake_from_Youtube-real\00014\6566.png,truetest_df40,0.05,blur,random_seed0,0.951072,-0.002486,0.948586
C:\My_Project\AIGC\DiT\cdf\Fake_from_Youtube-real\00014\6566.png,truetest_df40,0.05,blur,random_seed1,0.943898,0.004688,0.948586
C:\My_Project\AIGC\DiT\cdf\Fake_from_Youtube-real\00014\6566.png,truetest_df40,0.05,blur,random_seed2,0.947645,0.000941,0.948586
C:\My_Project\AIGC\DiT\cdf\Fake_from_Youtube-real\00014\6566.png,truetest_df40,0.05,blur,random_seed3,0.9481,0.000485,0.948586
C:\My_Project\AIGC\DiT\cdf\Fake_from_Youtube-real\00014\6566.png,truetest_df40,0.05,blur,random_seed4,0.948141,0.000444,0.948586
C:\My_Project\AIGC\DiT\cdf\Fake_from_Youtube-real\00014\6566.png,truetest_df40,0.05,blur,hot,0.93423,0.014356,0.948586
C:\My_Project\AIGC\DiT\cdf\Fake_from_Youtube-real\00014\6566.png,truetest_df40,0.05,blur,bottom,0.950367,-0.001781,0.948586
C:\My_Project\AIGC\DiT\cdf\Fake_from_Youtube-real\00014\6566.png,truetest_df40,0.05,blur,random_mean,0.947771,0.000815,0.948586
C:\My_Project\AIGC\DiT\cdf\Fake_from_Youtube-real\00014\6566.png,truetest_df40,0.05,constant_fill_CONFOUNDED,hot,0.913872,0.034714,0.948586
C:\My_Project\AIGC\DiT\cdf\Fake_from_Youtube-real\00014\6566.png,truetest_df40,0.05,constant_fill_CONFOUNDED,bottom,0.900926,0.04766,0.948586
C:\My_Project\AIGC\DiT\cdf\Fake_from_Youtube-real\00014\6566.png,truetest_df40,0.05,constant_fill_CONFOUNDED,random_scattered,0.678462,0.270123,0.948586
C:\My_Project\AIGC\DiT\cdf\Fake_from_Youtube-real\00014\6566.png,truetest_df40,0.1,blur,random_seed0,0.941891,0.006695,0.948586
C:\My_Project\AIGC\DiT\cdf\Fake_from_Youtube-real\00014\6566.png,truetest_df40,0.1,blur,random_seed1,0.945968,0.002618,0.948586
C:\My_Project\AIGC\DiT\cdf\Fake_from_Youtube-real\00014\6566.png,truetest_df40,0.1,blur,random_seed2,0.941848,0.006738,0.948586
C:\My_Project\AIGC\DiT\cdf\Fake_from_Youtube-real\00014\6566.png,truetest_df40,0.1,blur,random_seed3,0.942061,0.006525,0.948586
C:\My_Project\AIGC\DiT\cdf\Fake_from_Youtube-real\00014\6566.png,truetest_df40,0.1,blur,random_seed4,0.948443,0.000143,0.948586
C:\My_Project\AIGC\DiT\cdf\Fake_from_Youtube-real\00014\6566.png,truetest_df40,0.1,blur,hot,0.941625,0.006961,0.948586
C:\My_Project\AIGC\DiT\cdf\Fake_from_Youtube-real\00014\6566.png,truetest_df40,0.1,blur,bottom,0.951049,-0.002463,0.948586
C:\My_Project\AIGC\DiT\cdf\Fake_from_Youtube-real\00014\6566.png,truetest_df40,0.1,blur,random_mean,0.944042,0.004544,0.948586
C:\My_Project\AIGC\DiT\cdf\Fake_from_Youtube-real\00014\6566.png,truetest_df40,0.1,constant_fill_CONFOUNDED,hot,0.814333,0.134252,0.948586
C:\My_Project\AIGC\DiT\cdf\Fake_from_Youtube-real\00014\6566.png,truetest_df40,0.1,constant_fill_CONFOUNDED,bottom,0.902343,0.046243,0.948586
C:\My_Project\AIGC\DiT\cdf\Fake_from_Youtube-real\00014\6566.png,truetest_df40,0.1,constant_fill_CONFOUNDED,random_scattered,0.882917,0.065669,0.948586
C:\My_Project\AIGC\DiT\cdf\Fake_from_Youtube-real\00014\6566.png,truetest_df40,0.2,blur,random_seed0,0.941356,0.007229,0.948586
C:\My_Project\AIGC\DiT\cdf\Fake_from_Youtube-real\00014\6566.png,truetest_df40,0.2,blur,random_seed1,0.945719,0.002867,0.948586
C:\My_Project\AIGC\DiT\cdf\Fake_from_Youtube-real\00014\6566.png,truetest_df40,0.2,blur,random_seed2,0.943649,0.004937,0.948586
C:\My_Project\AIGC\DiT\cdf\Fake_from_Youtube-real\00014\6566.png,truetest_df40,0.2,blur,random_seed3,0.940657,0.007928,0.948586
C:\My_Project\AIGC\DiT\cdf\Fake_from_Youtube-real\00014\6566.png,truetest_df40,0.2,blur,random_seed4,0.939692,0.008893,0.948586
C:\My_Project\AIGC\DiT\cdf\Fake_from_Youtube-real\00014\6566.png,truetest_df40,0.2,blur,hot,0.918513,0.030072,0.948586
C:\My_Project\AIGC\DiT\cdf\Fake_from_Youtube-real\00014\6566.png,truetest_df40,0.2,blur,bottom,0.950799,-0.002213,0.948586
C:\My_Project\AIGC\DiT\cdf\Fake_from_Youtube-real\00014\6566.png,truetest_df40,0.2,blur,random_mean,0.942215,0.006371,0.948586
C:\My_Project\AIGC\DiT\cdf\Fake_from_Youtube-real\00014\6566.png,truetest_df40,0.2,constant_fill_CONFOUNDED,hot,0.905125,0.043461,0.948586
C:\My_Project\AIGC\DiT\cdf\Fake_from_Youtube-real\00014\6566.png,truetest_df40,0.2,constant_fill_CONFOUNDED,bottom,0.896583,0.052003,0.948586
C:\My_Project\AIGC\DiT\cdf\Fake_from_Youtube-real\00014\6566.png,truetest_df40,0.2,constant_fill_CONFOUNDED,random_scattered,0.924518,0.024068,0.948586
C:\My_Project\AIGC\DiT\cdf\Fake_from_Celeb-real\id59_0008\9333.png,truetest_df40,0.05,blur,random_seed0,0.943348,-0.006426,0.936921
C:\My_Project\AIGC\DiT\cdf\Fake_from_Celeb-real\id59_0008\9333.png,truetest_df40,0.05,blur,random_seed1,0.939801,-0.00288,0.936921
C:\My_Project\AIGC\DiT\cdf\Fake_from_Celeb-real\id59_0008\9333.png,truetest_df40,0.05,blur,random_seed2,0.934846,0.002075,0.936921
C:\My_Project\AIGC\DiT\cdf\Fake_from_Celeb-real\id59_0008\9333.png,truetest_df40,0.05,blur,random_seed3,0.940619,-0.003698,0.936921
C:\My_Project\AIGC\DiT\cdf\Fake_from_Celeb-real\id59_0008\9333.png,truetest_df40,0.05,blur,random_seed4,0.938551,-0.001629,0.936921
C:\My_Project\AIGC\DiT\cdf\Fake_from_Celeb-real\id59_0008\9333.png,truetest_df40,0.05,blur,hot,0.937313,-0.000392,0.936921
C:\My_Project\AIGC\DiT\cdf\Fake_from_Celeb-real\id59_0008\9333.png,truetest_df40,0.05,blur,bottom,0.937824,-0.000902,0.936921
C:\My_Project\AIGC\DiT\cdf\Fake_from_Celeb-real\id59_0008\9333.png,truetest_df40,0.05,blur,random_mean,0.939433,-0.002512,0.936921
C:\My_Project\AIGC\DiT\cdf\Fake_from_Celeb-real\id59_0008\9333.png,truetest_df40,0.05,constant_fill_CONFOUNDED,hot,0.884825,0.052097,0.936921
C:\My_Project\AIGC\DiT\cdf\Fake_from_Celeb-real\id59_0008\9333.png,truetest_df40,0.05,constant_fill_CONFOUNDED,bottom,0.909842,0.02708,0.936921
C:\My_Project\AIGC\DiT\cdf\Fake_from_Celeb-real\id59_0008\9333.png,truetest_df40,0.05,constant_fill_CONFOUNDED,random_scattered,0.84401,0.092911,0.936921
C:\My_Project\AIGC\DiT\cdf\Fake_from_Celeb-real\id59_0008\9333.png,truetest_df40,0.1,blur,random_seed0,0.942466,-0.005544,0.936921
C:\My_Project\AIGC\DiT\cdf\Fake_from_Celeb-real\id59_0008\9333.png,truetest_df40,0.1,blur,random_seed1,0.933896,0.003026,0.936921
C:\My_Project\AIGC\DiT\cdf\Fake_from_Celeb-real\id59_0008\9333.png,truetest_df40,0.1,blur,random_seed2,0.942819,-0.005897,0.936921
C:\My_Project\AIGC\DiT\cdf\Fake_from_Celeb-real\id59_0008\9333.png,truetest_df40,0.1,blur,random_seed3,0.933816,0.003105,0.936921
C:\My_Project\AIGC\DiT\cdf\Fake_from_Celeb-real\id59_0008\9333.png,truetest_df40,0.1,blur,random_seed4,0.942265,-0.005343,0.936921
C:\My_Project\AIGC\DiT\cdf\Fake_from_Celeb-real\id59_0008\9333.png,truetest_df40,0.1,blur,hot,0.933133,0.003788,0.936921
C:\My_Project\AIGC\DiT\cdf\Fake_from_Celeb-real\id59_0008\9333.png,truetest_df40,0.1,blur,bottom,0.938075,-0.001153,0.936921
C:\My_Project\AIGC\DiT\cdf\Fake_from_Celeb-real\id59_0008\9333.png,truetest_df40,0.1,blur,random_mean,0.939052,-0.002131,0.936921
C:\My_Project\AIGC\DiT\cdf\Fake_from_Celeb-real\id59_0008\9333.png,truetest_df40,0.1,constant_fill_CONFOUNDED,hot,0.898509,0.038412,0.936921
C:\My_Project\AIGC\DiT\cdf\Fake_from_Celeb-real\id59_0008\9333.png,truetest_df40,0.1,constant_fill_CONFOUNDED,bottom,0.898241,0.038681,0.936921
C:\My_Project\AIGC\DiT\cdf\Fake_from_Celeb-real\id59_0008\9333.png,truetest_df40,0.1,constant_fill_CONFOUNDED,random_scattered,0.904917,0.032004,0.936921
C:\My_Project\AIGC\DiT\cdf\Fake_from_Celeb-real\id59_0008\9333.png,truetest_df40,0.2,blur,random_seed0,0.942449,-0.005528,0.936921
C:\My_Project\AIGC\DiT\cdf\Fake_from_Celeb-real\id59_0008\9333.png,truetest_df40,0.2,blur,random_seed1,0.934499,0.002422,0.936921
C:\My_Project\AIGC\DiT\cdf\Fake_from_Celeb-real\id59_0008\9333.png,truetest_df40,0.2,blur,random_seed2,0.944003,-0.007081,0.936921
C:\My_Project\AIGC\DiT\cdf\Fake_from_Celeb-real\id59_0008\9333.png,truetest_df40,0.2,blur,random_seed3,0.934497,0.002424,0.936921
C:\My_Project\AIGC\DiT\cdf\Fake_from_Celeb-real\id59_0008\9333.png,truetest_df40,0.2,blur,random_seed4,0.936326,0.000596,0.936921
C:\My_Project\AIGC\DiT\cdf\Fake_from_Celeb-real\id59_0008\9333.png,truetest_df40,0.2,blur,hot,0.903981,0.032941,0.936921
C:\My_Project\AIGC\DiT\cdf\Fake_from_Celeb-real\id59_0008\9333.png,truetest_df40,0.2,blur,bottom,0.937195,-0.000273,0.936921
C:\My_Project\AIGC\DiT\cdf\Fake_from_Celeb-real\id59_0008\9333.png,truetest_df40,0.2,blur,random_mean,0.938355,-0.001433,0.936921
C:\My_Project\AIGC\DiT\cdf\Fake_from_Celeb-real\id59_0008\9333.png,truetest_df40,0.2,constant_fill_CONFOUNDED,hot,0.885458,0.051463,0.936921
C:\My_Project\AIGC\DiT\cdf\Fake_from_Celeb-real\id59_0008\9333.png,truetest_df40,0.2,constant_fill_CONFOUNDED,bottom,0.894456,0.042465,0.936921
C:\My_Project\AIGC\DiT\cdf\Fake_from_Celeb-real\id59_0008\9333.png,truetest_df40,0.2,constant_fill_CONFOUNDED,random_scattered,0.896483,0.040438,0.936921
C:\My_Project\AIGC\DiT\cdf\Fake_from_Youtube-real\00289\27470.png,truetest_df40,0.05,blur,random_seed0,0.924107,0.000505,0.924611
C:\My_Project\AIGC\DiT\cdf\Fake_from_Youtube-real\00289\27470.png,truetest_df40,0.05,blur,random_seed1,0.923696,0.000916,0.924611
C:\My_Project\AIGC\DiT\cdf\Fake_from_Youtube-real\00289\27470.png,truetest_df40,0.05,blur,random_seed2,0.924435,0.000176,0.924611
C:\My_Project\AIGC\DiT\cdf\Fake_from_Youtube-real\00289\27470.png,truetest_df40,0.05,blur,random_seed3,0.924311,0.000301,0.924611
C:\My_Project\AIGC\DiT\cdf\Fake_from_Youtube-real\00289\27470.png,truetest_df40,0.05,blur,random_seed4,0.924225,0.000387,0.924611
C:\My_Project\AIGC\DiT\cdf\Fake_from_Youtube-real\00289\27470.png,truetest_df40,0.05,blur,hot,0.921156,0.003455,0.924611
C:\My_Project\AIGC\DiT\cdf\Fake_from_Youtube-real\00289\27470.png,truetest_df40,0.05,blur,bottom,0.923822,0.000789,0.924611
C:\My_Project\AIGC\DiT\cdf\Fake_from_Youtube-real\00289\27470.png,truetest_df40,0.05,blur,random_mean,0.924155,0.000457,0.924611
C:\My_Project\AIGC\DiT\cdf\Fake_from_Youtube-real\00289\27470.png,truetest_df40,0.05,constant_fill_CONFOUNDED,hot,0.866088,0.058523,0.924611
C:\My_Project\AIGC\DiT\cdf\Fake_from_Youtube-real\00289\27470.png,truetest_df40,0.05,constant_fill_CONFOUNDED,bottom,0.903994,0.020618,0.924611
C:\My_Project\AIGC\DiT\cdf\Fake_from_Youtube-real\00289\27470.png,truetest_df40,0.05,constant_fill_CONFOUNDED,random_scattered,0.796971,0.12764,0.924611
C:\My_Project\AIGC\DiT\cdf\Fake_from_Youtube-real\00289\27470.png,truetest_df40,0.1,blur,random_seed0,0.926633,-0.002022,0.924611
C:\My_Project\AIGC\DiT\cdf\Fake_from_Youtube-real\00289\27470.png,truetest_df40,0.1,blur,random_seed1,0.926151,-0.001539,0.924611
C:\My_Project\AIGC\DiT\cdf\Fake_from_Youtube-real\00289\27470.png,truetest_df40,0.1,blur,random_seed2,0.919651,0.00496,0.924611
C:\My_Project\AIGC\DiT\cdf\Fake_from_Youtube-real\00289\27470.png,truetest_df40,0.1,blur,random_seed3,0.924608,3e-06,0.924611
C:\My_Project\AIGC\DiT\cdf\Fake_from_Youtube-real\00289\27470.png,truetest_df40,0.1,blur,random_seed4,0.919984,0.004627,0.924611
C:\My_Project\AIGC\DiT\cdf\Fake_from_Youtube-real\00289\27470.png,truetest_df40,0.1,blur,hot,0.918987,0.005624,0.924611
C:\My_Project\AIGC\DiT\cdf\Fake_from_Youtube-real\00289\27470.png,truetest_df40,0.1,blur,bottom,0.924981,-0.000369,0.924611
C:\My_Project\AIGC\DiT\cdf\Fake_from_Youtube-real\00289\27470.png,truetest_df40,0.1,blur,random_mean,0.923405,0.001206,0.924611
C:\My_Project\AIGC\DiT\cdf\Fake_from_Youtube-real\00289\27470.png,truetest_df40,0.1,constant_fill_CONFOUNDED,hot,0.885642,0.03897,0.924611
C:\My_Project\AIGC\DiT\cdf\Fake_from_Youtube-real\00289\27470.png,truetest_df40,0.1,constant_fill_CONFOUNDED,bottom,0.878202,0.046409,0.924611
C:\My_Project\AIGC\DiT\cdf\Fake_from_Youtube-real\00289\27470.png,truetest_df40,0.1,constant_fill_CONFOUNDED,random_scattered,0.9249,-0.000289,0.924611
C:\My_Project\AIGC\DiT\cdf\Fake_from_Youtube-real\00289\27470.png,truetest_df40,0.2,blur,random_seed0,0.921939,0.002673,0.924611
C:\My_Project\AIGC\DiT\cdf\Fake_from_Youtube-real\00289\27470.png,truetest_df40,0.2,blur,random_seed1,0.925838,-0.001227,0.924611
C:\My_Project\AIGC\DiT\cdf\Fake_from_Youtube-real\00289\27470.png,truetest_df40,0.2,blur,random_seed2,0.911691,0.01292,0.924611
C:\My_Project\AIGC\DiT\cdf\Fake_from_Youtube-real\00289\27470.png,truetest_df40,0.2,blur,random_seed3,0.912216,0.012395,0.924611
C:\My_Project\AIGC\DiT\cdf\Fake_from_Youtube-real\00289\27470.png,truetest_df40,0.2,blur,random_seed4,0.904283,0.020329,0.924611
C:\My_Project\AIGC\DiT\cdf\Fake_from_Youtube-real\00289\27470.png,truetest_df40,0.2,blur,hot,0.896456,0.028155,0.924611
C:\My_Project\AIGC\DiT\cdf\Fake_from_Youtube-real\00289\27470.png,truetest_df40,0.2,blur,bottom,0.930809,-0.006198,0.924611
C:\My_Project\AIGC\DiT\cdf\Fake_from_Youtube-real\00289\27470.png,truetest_df40,0.2,blur,random_mean,0.915193,0.009418,0.924611
C:\My_Project\AIGC\DiT\cdf\Fake_from_Youtube-real\00289\27470.png,truetest_df40,0.2,constant_fill_CONFOUNDED,hot,0.877265,0.047346,0.924611
C:\My_Project\AIGC\DiT\cdf\Fake_from_Youtube-real\00289\27470.png,truetest_df40,0.2,constant_fill_CONFOUNDED,bottom,0.883366,0.041245,0.924611
C:\My_Project\AIGC\DiT\cdf\Fake_from_Youtube-real\00289\27470.png,truetest_df40,0.2,constant_fill_CONFOUNDED,random_scattered,0.917832,0.006779,0.924611
C:\My_Project\AIGC\DiT\cdf\Fake_from_Celeb-real\id29_0006\20335.png,truetest_df40,0.05,blur,random_seed0,0.919015,0.008008,0.927023
C:\My_Project\AIGC\DiT\cdf\Fake_from_Celeb-real\id29_0006\20335.png,truetest_df40,0.05,blur,random_seed1,0.923408,0.003615,0.927023
C:\My_Project\AIGC\DiT\cdf\Fake_from_Celeb-real\id29_0006\20335.png,truetest_df40,0.05,blur,random_seed2,0.921861,0.005162,0.927023
C:\My_Project\AIGC\DiT\cdf\Fake_from_Celeb-real\id29_0006\20335.png,truetest_df40,0.05,blur,random_seed3,0.927991,-0.000969,0.927023
C:\My_Project\AIGC\DiT\cdf\Fake_from_Celeb-real\id29_0006\20335.png,truetest_df40,0.05,blur,random_seed4,0.926617,0.000406,0.927023
C:\My_Project\AIGC\DiT\cdf\Fake_from_Celeb-real\id29_0006\20335.png,truetest_df40,0.05,blur,hot,0.922179,0.004844,0.927023
C:\My_Project\AIGC\DiT\cdf\Fake_from_Celeb-real\id29_0006\20335.png,truetest_df40,0.05,blur,bottom,0.931293,-0.00427,0.927023
C:\My_Project\AIGC\DiT\cdf\Fake_from_Celeb-real\id29_0006\20335.png,truetest_df40,0.05,blur,random_mean,0.923778,0.003245,0.927023
C:\My_Project\AIGC\DiT\cdf\Fake_from_Celeb-real\id29_0006\20335.png,truetest_df40,0.05,constant_fill_CONFOUNDED,hot,0.921696,0.005327,0.927023
C:\My_Project\AIGC\DiT\cdf\Fake_from_Celeb-real\id29_0006\20335.png,truetest_df40,0.05,constant_fill_CONFOUNDED,bottom,0.830409,0.096613,0.927023
C:\My_Project\AIGC\DiT\cdf\Fake_from_Celeb-real\id29_0006\20335.png,truetest_df40,0.05,constant_fill_CONFOUNDED,random_scattered,0.916853,0.01017,0.927023
C:\My_Project\AIGC\DiT\cdf\Fake_from_Celeb-real\id29_0006\20335.png,truetest_df40,0.1,blur,random_seed0,0.913071,0.013952,0.927023
C:\My_Project\AIGC\DiT\cdf\Fake_from_Celeb-real\id29_0006\20335.png,truetest_df40,0.1,blur,random_seed1,0.922441,0.004582,0.927023
C:\My_Project\AIGC\DiT\cdf\Fake_from_Celeb-real\id29_0006\20335.png,truetest_df40,0.1,blur,random_seed2,0.930414,-0.003391,0.927023
C:\My_Project\AIGC\DiT\cdf\Fake_from_Celeb-real\id29_0006\20335.png,truetest_df40,0.1,blur,random_seed3,0.923113,0.00391,0.927023
C:\My_Project\AIGC\DiT\cdf\Fake_from_Celeb-real\id29_0006\20335.png,truetest_df40,0.1,blur,random_seed4,0.915793,0.01123,0.927023
C:\My_Project\AIGC\DiT\cdf\Fake_from_Celeb-real\id29_0006\20335.png,truetest_df40,0.1,blur,hot,0.914563,0.01246,0.927023
C:\My_Project\AIGC\DiT\cdf\Fake_from_Celeb-real\id29_0006\20335.png,truetest_df40,0.1,blur,bottom,0.930795,-0.003772,0.927023
C:\My_Project\AIGC\DiT\cdf\Fake_from_Celeb-real\id29_0006\20335.png,truetest_df40,0.1,blur,random_mean,0.920966,0.006057,0.927023
C:\My_Project\AIGC\DiT\cdf\Fake_from_Celeb-real\id29_0006\20335.png,truetest_df40,0.1,constant_fill_CONFOUNDED,hot,0.916022,0.011,0.927023
C:\My_Project\AIGC\DiT\cdf\Fake_from_Celeb-real\id29_0006\20335.png,truetest_df40,0.1,constant_fill_CONFOUNDED,bottom,0.900271,0.026752,0.927023
C:\My_Project\AIGC\DiT\cdf\Fake_from_Celeb-real\id29_0006\20335.png,truetest_df40,0.1,constant_fill_CONFOUNDED,random_scattered,0.877604,0.049419,0.927023
C:\My_Project\AIGC\DiT\cdf\Fake_from_Celeb-real\id29_0006\20335.png,truetest_df40,0.2,blur,random_seed0,0.923966,0.003057,0.927023
C:\My_Project\AIGC\DiT\cdf\Fake_from_Celeb-real\id29_0006\20335.png,truetest_df40,0.2,blur,random_seed1,0.899938,0.027085,0.927023
C:\My_Project\AIGC\DiT\cdf\Fake_from_Celeb-real\id29_0006\20335.png,truetest_df40,0.2,blur,random_seed2,0.929696,-0.002673,0.927023
C:\My_Project\AIGC\DiT\cdf\Fake_from_Celeb-real\id29_0006\20335.png,truetest_df40,0.2,blur,random_seed3,0.909782,0.017241,0.927023
C:\My_Project\AIGC\DiT\cdf\Fake_from_Celeb-real\id29_0006\20335.png,truetest_df40,0.2,blur,random_seed4,0.918717,0.008306,0.927023
C:\My_Project\AIGC\DiT\cdf\Fake_from_Celeb-real\id29_0006\20335.png,truetest_df40,0.2,blur,hot,0.871627,0.055396,0.927023
C:\My_Project\AIGC\DiT\cdf\Fake_from_Celeb-real\id29_0006\20335.png,truetest_df40,0.2,blur,bottom,0.933127,-0.006105,0.927023
C:\My_Project\AIGC\DiT\cdf\Fake_from_Celeb-real\id29_0006\20335.png,truetest_df40,0.2,blur,random_mean,0.91642,0.010603,0.927023
C:\My_Project\AIGC\DiT\cdf\Fake_from_Celeb-real\id29_0006\20335.png,truetest_df40,0.2,constant_fill_CONFOUNDED,hot,0.886736,0.040287,0.927023
C:\My_Project\AIGC\DiT\cdf\Fake_from_Celeb-real\id29_0006\20335.png,truetest_df40,0.2,constant_fill_CONFOUNDED,bottom,0.871679,0.055344,0.927023
C:\My_Project\AIGC\DiT\cdf\Fake_from_Celeb-real\id29_0006\20335.png,truetest_df40,0.2,constant_fill_CONFOUNDED,random_scattered,0.925967,0.001056,0.927023
C:\My_Project\AIGC\DiT\cdf\Fake_from_Celeb-real\id33_0008\24852.png,truetest_df40,0.05,blur,random_seed0,0.928747,0.002584,0.931332
C:\My_Project\AIGC\DiT\cdf\Fake_from_Celeb-real\id33_0008\24852.png,truetest_df40,0.05,blur,random_seed1,0.928505,0.002827,0.931332
C:\My_Project\AIGC\DiT\cdf\Fake_from_Celeb-real\id33_0008\24852.png,truetest_df40,0.05,blur,random_seed2,0.928519,0.002813,0.931332
C:\My_Project\AIGC\DiT\cdf\Fake_from_Celeb-real\id33_0008\24852.png,truetest_df40,0.05,blur,random_seed3,0.930157,0.001175,0.931332
C:\My_Project\AIGC\DiT\cdf\Fake_from_Celeb-real\id33_0008\24852.png,truetest_df40,0.05,blur,random_seed4,0.927553,0.003779,0.931332
C:\My_Project\AIGC\DiT\cdf\Fake_from_Celeb-real\id33_0008\24852.png,truetest_df40,0.05,blur,hot,0.926756,0.004576,0.931332
C:\My_Project\AIGC\DiT\cdf\Fake_from_Celeb-real\id33_0008\24852.png,truetest_df40,0.05,blur,bottom,0.930763,0.000569,0.931332
C:\My_Project\AIGC\DiT\cdf\Fake_from_Celeb-real\id33_0008\24852.png,truetest_df40,0.05,blur,random_mean,0.928696,0.002636,0.931332
C:\My_Project\AIGC\DiT\cdf\Fake_from_Celeb-real\id33_0008\24852.png,truetest_df40,0.05,constant_fill_CONFOUNDED,hot,0.910818,0.020514,0.931332
C:\My_Project\AIGC\DiT\cdf\Fake_from_Celeb-real\id33_0008\24852.png,truetest_df40,0.05,constant_fill_CONFOUNDED,bottom,0.902648,0.028684,0.931332
C:\My_Project\AIGC\DiT\cdf\Fake_from_Celeb-real\id33_0008\24852.png,truetest_df40,0.05,constant_fill_CONFOUNDED,random_scattered,0.858476,0.072856,0.931332
C:\My_Project\AIGC\DiT\cdf\Fake_from_Celeb-real\id33_0008\24852.png,truetest_df40,0.1,blur,random_seed0,0.928893,0.002439,0.931332
C:\My_Project\AIGC\DiT\cdf\Fake_from_Celeb-real\id33_0008\24852.png,truetest_df40,0.1,blur,random_seed1,0.932694,-0.001362,0.931332
C:\My_Project\AIGC\DiT\cdf\Fake_from_Celeb-real\id33_0008\24852.png,truetest_df40,0.1,blur,random_seed2,0.933077,-0.001745,0.931332
C:\My_Project\AIGC\DiT\cdf\Fake_from_Celeb-real\id33_0008\24852.png,truetest_df40,0.1,blur,random_seed3,0.927421,0.003911,0.931332
C:\My_Project\AIGC\DiT\cdf\Fake_from_Celeb-real\id33_0008\24852.png,truetest_df40,0.1,blur,random_seed4,0.931526,-0.000194,0.931332
C:\My_Project\AIGC\DiT\cdf\Fake_from_Celeb-real\id33_0008\24852.png,truetest_df40,0.1,blur,hot,0.924411,0.006921,0.931332
C:\My_Project\AIGC\DiT\cdf\Fake_from_Celeb-real\id33_0008\24852.png,truetest_df40,0.1,blur,bottom,0.931486,-0.000154,0.931332
C:\My_Project\AIGC\DiT\cdf\Fake_from_Celeb-real\id33_0008\24852.png,truetest_df40,0.1,blur,random_mean,0.930722,0.00061,0.931332
C:\My_Project\AIGC\DiT\cdf\Fake_from_Celeb-real\id33_0008\24852.png,truetest_df40,0.1,constant_fill_CONFOUNDED,hot,0.909844,0.021488,0.931332
C:\My_Project\AIGC\DiT\cdf\Fake_from_Celeb-real\id33_0008\24852.png,truetest_df40,0.1,constant_fill_CONFOUNDED,bottom,0.883133,0.048199,0.931332
C:\My_Project\AIGC\DiT\cdf\Fake_from_Celeb-real\id33_0008\24852.png,truetest_df40,0.1,constant_fill_CONFOUNDED,random_scattered,0.920049,0.011283,0.931332
C:\My_Project\AIGC\DiT\cdf\Fake_from_Celeb-real\id33_0008\24852.png,truetest_df40,0.2,blur,random_seed0,0.925469,0.005863,0.931332
C:\My_Project\AIGC\DiT\cdf\Fake_from_Celeb-real\id33_0008\24852.png,truetest_df40,0.2,blur,random_seed1,0.926979,0.004353,0.931332
C:\My_Project\AIGC\DiT\cdf\Fake_from_Celeb-real\id33_0008\24852.png,truetest_df40,0.2,blur,random_seed2,0.912829,0.018503,0.931332
C:\My_Project\AIGC\DiT\cdf\Fake_from_Celeb-real\id33_0008\24852.png,truetest_df40,0.2,blur,random_seed3,0.916474,0.014858,0.931332
C:\My_Project\AIGC\DiT\cdf\Fake_from_Celeb-real\id33_0008\24852.png,truetest_df40,0.2,blur,random_seed4,0.919175,0.012157,0.931332
C:\My_Project\AIGC\DiT\cdf\Fake_from_Celeb-real\id33_0008\24852.png,truetest_df40,0.2,blur,hot,0.901922,0.02941,0.931332
C:\My_Project\AIGC\DiT\cdf\Fake_from_Celeb-real\id33_0008\24852.png,truetest_df40,0.2,blur,bottom,0.933512,-0.00218,0.931332
C:\My_Project\AIGC\DiT\cdf\Fake_from_Celeb-real\id33_0008\24852.png,truetest_df40,0.2,blur,random_mean,0.920185,0.011147,0.931332
C:\My_Project\AIGC\DiT\cdf\Fake_from_Celeb-real\id33_0008\24852.png,truetest_df40,0.2,constant_fill_CONFOUNDED,hot,0.906785,0.024547,0.931332
C:\My_Project\AIGC\DiT\cdf\Fake_from_Celeb-real\id33_0008\24852.png,truetest_df40,0.2,constant_fill_CONFOUNDED,bottom,0.887067,0.044265,0.931332
C:\My_Project\AIGC\DiT\cdf\Fake_from_Celeb-real\id33_0008\24852.png,truetest_df40,0.2,constant_fill_CONFOUNDED,random_scattered,0.91958,0.011752,0.931332
C:\My_Project\AIGC\DiT\cdf\Fake_from_Celeb-real\id16_0006\18374.png,truetest_df40,0.05,blur,random_seed0,0.947691,-0.001395,0.946295
C:\My_Project\AIGC\DiT\cdf\Fake_from_Celeb-real\id16_0006\18374.png,truetest_df40,0.05,blur,random_seed1,0.941791,0.004504,0.946295
C:\My_Project\AIGC\DiT\cdf\Fake_from_Celeb-real\id16_0006\18374.png,truetest_df40,0.05,blur,random_seed2,0.946714,-0.000419,0.946295
C:\My_Project\AIGC\DiT\cdf\Fake_from_Celeb-real\id16_0006\18374.png,truetest_df40,0.05,blur,random_seed3,0.945292,0.001004,0.946295
C:\My_Project\AIGC\DiT\cdf\Fake_from_Celeb-real\id16_0006\18374.png,truetest_df40,0.05,blur,random_seed4,0.943729,0.002566,0.946295
C:\My_Project\AIGC\DiT\cdf\Fake_from_Celeb-real\id16_0006\18374.png,truetest_df40,0.05,blur,hot,0.942291,0.004004,0.946295
C:\My_Project\AIGC\DiT\cdf\Fake_from_Celeb-real\id16_0006\18374.png,truetest_df40,0.05,blur,bottom,0.946308,-1.3e-05,0.946295
C:\My_Project\AIGC\DiT\cdf\Fake_from_Celeb-real\id16_0006\18374.png,truetest_df40,0.05,blur,random_mean,0.945043,0.001252,0.946295
C:\My_Project\AIGC\DiT\cdf\Fake_from_Celeb-real\id16_0006\18374.png,truetest_df40,0.05,constant_fill_CONFOUNDED,hot,0.930134,0.016161,0.946295
C:\My_Project\AIGC\DiT\cdf\Fake_from_Celeb-real\id16_0006\18374.png,truetest_df40,0.05,constant_fill_CONFOUNDED,bottom,0.926689,0.019607,0.946295
C:\My_Project\AIGC\DiT\cdf\Fake_from_Celeb-real\id16_0006\18374.png,truetest_df40,0.05,constant_fill_CONFOUNDED,random_scattered,0.896695,0.049601,0.946295
C:\My_Project\AIGC\DiT\cdf\Fake_from_Celeb-real\id16_0006\18374.png,truetest_df40,0.1,blur,random_seed0,0.936715,0.00958,0.946295
C:\My_Project\AIGC\DiT\cdf\Fake_from_Celeb-real\id16_0006\18374.png,truetest_df40,0.1,blur,random_seed1,0.941432,0.004864,0.946295
C:\My_Project\AIGC\DiT\cdf\Fake_from_Celeb-real\id16_0006\18374.png,truetest_df40,0.1,blur,random_seed2,0.939344,0.006951,0.946295
C:\My_Project\AIGC\DiT\cdf\Fake_from_Celeb-real\id16_0006\18374.png,truetest_df40,0.1,blur,random_seed3,0.941296,0.005,0.946295
C:\My_Project\AIGC\DiT\cdf\Fake_from_Celeb-real\id16_0006\18374.png,truetest_df40,0.1,blur,random_seed4,0.940647,0.005648,0.946295
C:\My_Project\AIGC\DiT\cdf\Fake_from_Celeb-real\id16_0006\18374.png,truetest_df40,0.1,blur,hot,0.932992,0.013303,0.946295
C:\My_Project\AIGC\DiT\cdf\Fake_from_Celeb-real\id16_0006\18374.png,truetest_df40,0.1,blur,bottom,0.945426,0.000869,0.946295
C:\My_Project\AIGC\DiT\cdf\Fake_from_Celeb-real\id16_0006\18374.png,truetest_df40,0.1,blur,random_mean,0.939887,0.006409,0.946295
C:\My_Project\AIGC\DiT\cdf\Fake_from_Celeb-real\id16_0006\18374.png,truetest_df40,0.1,constant_fill_CONFOUNDED,hot,0.876689,0.069607,0.946295
C:\My_Project\AIGC\DiT\cdf\Fake_from_Celeb-real\id16_0006\18374.png,truetest_df40,0.1,constant_fill_CONFOUNDED,bottom,0.906498,0.039797,0.946295
C:\My_Project\AIGC\DiT\cdf\Fake_from_Celeb-real\id16_0006\18374.png,truetest_df40,0.1,constant_fill_CONFOUNDED,random_scattered,0.909312,0.036984,0.946295
C:\My_Project\AIGC\DiT\cdf\Fake_from_Celeb-real\id16_0006\18374.png,truetest_df40,0.2,blur,random_seed0,0.918705,0.027591,0.946295
C:\My_Project\AIGC\DiT\cdf\Fake_from_Celeb-real\id16_0006\18374.png,truetest_df40,0.2,blur,random_seed1,0.937832,0.008463,0.946295
C:\My_Project\AIGC\DiT\cdf\Fake_from_Celeb-real\id16_0006\18374.png,truetest_df40,0.2,blur,random_seed2,0.945429,0.000867,0.946295
C:\My_Project\AIGC\DiT\cdf\Fake_from_Celeb-real\id16_0006\18374.png,truetest_df40,0.2,blur,random_seed3,0.940242,0.006053,0.946295
C:\My_Project\AIGC\DiT\cdf\Fake_from_Celeb-real\id16_0006\18374.png,truetest_df40,0.2,blur,random_seed4,0.944617,0.001678,0.946295
C:\My_Project\AIGC\DiT\cdf\Fake_from_Celeb-real\id16_0006\18374.png,truetest_df40,0.2,blur,hot,0.906709,0.039587,0.946295
C:\My_Project\AIGC\DiT\cdf\Fake_from_Celeb-real\id16_0006\18374.png,truetest_df40,0.2,blur,bottom,0.946319,-2.3e-05,0.946295
C:\My_Project\AIGC\DiT\cdf\Fake_from_Celeb-real\id16_0006\18374.png,truetest_df40,0.2,blur,random_mean,0.937365,0.00893,0.946295
C:\My_Project\AIGC\DiT\cdf\Fake_from_Celeb-real\id16_0006\18374.png,truetest_df40,0.2,constant_fill_CONFOUNDED,hot,0.933098,0.013198,0.946295
C:\My_Project\AIGC\DiT\cdf\Fake_from_Celeb-real\id16_0006\18374.png,truetest_df40,0.2,constant_fill_CONFOUNDED,bottom,0.882288,0.064007,0.946295
C:\My_Project\AIGC\DiT\cdf\Fake_from_Celeb-real\id16_0006\18374.png,truetest_df40,0.2,constant_fill_CONFOUNDED,random_scattered,0.929758,0.016537,0.946295
C:\My_Project\AIGC\DiT\cdf\Fake_from_Youtube-real\00070\22616.png,truetest_df40,0.05,blur,random_seed0,0.940849,0.001291,0.94214
C:\My_Project\AIGC\DiT\cdf\Fake_from_Youtube-real\00070\22616.png,truetest_df40,0.05,blur,random_seed1,0.944033,-0.001893,0.94214
C:\My_Project\AIGC\DiT\cdf\Fake_from_Youtube-real\00070\22616.png,truetest_df40,0.05,blur,random_seed2,0.942968,-0.000829,0.94214
C:\My_Project\AIGC\DiT\cdf\Fake_from_Youtube-real\00070\22616.png,truetest_df40,0.05,blur,random_seed3,0.94258,-0.00044,0.94214
C:\My_Project\AIGC\DiT\cdf\Fake_from_Youtube-real\00070\22616.png,truetest_df40,0.05,blur,random_seed4,0.942693,-0.000553,0.94214
C:\My_Project\AIGC\DiT\cdf\Fake_from_Youtube-real\00070\22616.png,truetest_df40,0.05,blur,hot,0.937542,0.004598,0.94214
C:\My_Project\AIGC\DiT\cdf\Fake_from_Youtube-real\00070\22616.png,truetest_df40,0.05,blur,bottom,0.943754,-0.001615,0.94214
C:\My_Project\AIGC\DiT\cdf\Fake_from_Youtube-real\00070\22616.png,truetest_df40,0.05,blur,random_mean,0.942624,-0.000485,0.94214
C:\My_Project\AIGC\DiT\cdf\Fake_from_Youtube-real\00070\22616.png,truetest_df40,0.05,constant_fill_CONFOUNDED,hot,0.916463,0.025677,0.94214
C:\My_Project\AIGC\DiT\cdf\Fake_from_Youtube-real\00070\22616.png,truetest_df40,0.05,constant_fill_CONFOUNDED,bottom,0.910471,0.031669,0.94214
C:\My_Project\AIGC\DiT\cdf\Fake_from_Youtube-real\00070\22616.png,truetest_df40,0.05,constant_fill_CONFOUNDED,random_scattered,0.86048,0.08166,0.94214
C:\My_Project\AIGC\DiT\cdf\Fake_from_Youtube-real\00070\22616.png,truetest_df40,0.1,blur,random_seed0,0.942149,-9e-06,0.94214
C:\My_Project\AIGC\DiT\cdf\Fake_from_Youtube-real\00070\22616.png,truetest_df40,0.1,blur,random_seed1,0.943484,-0.001344,0.94214
C:\My_Project\AIGC\DiT\cdf\Fake_from_Youtube-real\00070\22616.png,truetest_df40,0.1,blur,random_seed2,0.94404,-0.0019,0.94214
C:\My_Project\AIGC\DiT\cdf\Fake_from_Youtube-real\00070\22616.png,truetest_df40,0.1,blur,random_seed3,0.941998,0.000142,0.94214
C:\My_Project\AIGC\DiT\cdf\Fake_from_Youtube-real\00070\22616.png,truetest_df40,0.1,blur,random_seed4,0.946628,-0.004488,0.94214
C:\My_Project\AIGC\DiT\cdf\Fake_from_Youtube-real\00070\22616.png,truetest_df40,0.1,blur,hot,0.937618,0.004522,0.94214
C:\My_Project\AIGC\DiT\cdf\Fake_from_Youtube-real\00070\22616.png,truetest_df40,0.1,blur,bottom,0.944048,-0.001908,0.94214
C:\My_Project\AIGC\DiT\cdf\Fake_from_Youtube-real\00070\22616.png,truetest_df40,0.1,blur,random_mean,0.94366,-0.00152,0.94214
C:\My_Project\AIGC\DiT\cdf\Fake_from_Youtube-real\00070\22616.png,truetest_df40,0.1,constant_fill_CONFOUNDED,hot,0.919498,0.022642,0.94214
C:\My_Project\AIGC\DiT\cdf\Fake_from_Youtube-real\00070\22616.png,truetest_df40,0.1,constant_fill_CONFOUNDED,bottom,0.892761,0.049379,0.94214
C:\My_Project\AIGC\DiT\cdf\Fake_from_Youtube-real\00070\22616.png,truetest_df40,0.1,constant_fill_CONFOUNDED,random_scattered,0.925731,0.016409,0.94214
C:\My_Project\AIGC\DiT\cdf\Fake_from_Youtube-real\00070\22616.png,truetest_df40,0.2,blur,random_seed0,0.937158,0.004982,0.94214
C:\My_Project\AIGC\DiT\cdf\Fake_from_Youtube-real\00070\22616.png,truetest_df40,0.2,blur,random_seed1,0.941374,0.000766,0.94214
C:\My_Project\AIGC\DiT\cdf\Fake_from_Youtube-real\00070\22616.png,truetest_df40,0.2,blur,random_seed2,0.916652,0.025488,0.94214
C:\My_Project\AIGC\DiT\cdf\Fake_from_Youtube-real\00070\22616.png,truetest_df40,0.2,blur,random_seed3,0.94378,-0.001641,0.94214
C:\My_Project\AIGC\DiT\cdf\Fake_from_Youtube-real\00070\22616.png,truetest_df40,0.2,blur,random_seed4,0.939433,0.002707,0.94214
C:\My_Project\AIGC\DiT\cdf\Fake_from_Youtube-real\00070\22616.png,truetest_df40,0.2,blur,hot,0.921989,0.020151,0.94214
C:\My_Project\AIGC\DiT\cdf\Fake_from_Youtube-real\00070\22616.png,truetest_df40,0.2,blur,bottom,0.944977,-0.002837,0.94214
C:\My_Project\AIGC\DiT\cdf\Fake_from_Youtube-real\00070\22616.png,truetest_df40,0.2,blur,random_mean,0.935679,0.00646,0.94214
C:\My_Project\AIGC\DiT\cdf\Fake_from_Youtube-real\00070\22616.png,truetest_df40,0.2,constant_fill_CONFOUNDED,hot,0.930176,0.011963,0.94214
C:\My_Project\AIGC\DiT\cdf\Fake_from_Youtube-real\00070\22616.png,truetest_df40,0.2,constant_fill_CONFOUNDED,bottom,0.871933,0.070207,0.94214
C:\My_Project\AIGC\DiT\cdf\Fake_from_Youtube-real\00070\22616.png,truetest_df40,0.2,constant_fill_CONFOUNDED,random_scattered,0.909984,0.032156,0.94214
C:\My_Project\AIGC\DiT\ff\423\297.png,truetest_df40,0.05,blur,random_seed0,0.942844,-2.7e-05,0.942817
C:\My_Project\AIGC\DiT\ff\423\297.png,truetest_df40,0.05,blur,random_seed1,0.939144,0.003672,0.942817
C:\My_Project\AIGC\DiT\ff\423\297.png,truetest_df40,0.05,blur,random_seed2,0.942255,0.000562,0.942817
C:\My_Project\AIGC\DiT\ff\423\297.png,truetest_df40,0.05,blur,random_seed3,0.940248,0.002569,0.942817
C:\My_Project\AIGC\DiT\ff\423\297.png,truetest_df40,0.05,blur,random_seed4,0.941216,0.001601,0.942817
C:\My_Project\AIGC\DiT\ff\423\297.png,truetest_df40,0.05,blur,hot,0.937813,0.005004,0.942817
C:\My_Project\AIGC\DiT\ff\423\297.png,truetest_df40,0.05,blur,bottom,0.940283,0.002534,0.942817
C:\My_Project\AIGC\DiT\ff\423\297.png,truetest_df40,0.05,blur,random_mean,0.941141,0.001675,0.942817
C:\My_Project\AIGC\DiT\ff\423\297.png,truetest_df40,0.05,constant_fill_CONFOUNDED,hot,0.92887,0.013947,0.942817
C:\My_Project\AIGC\DiT\ff\423\297.png,truetest_df40,0.05,constant_fill_CONFOUNDED,bottom,0.923275,0.019542,0.942817
C:\My_Project\AIGC\DiT\ff\423\297.png,truetest_df40,0.05,constant_fill_CONFOUNDED,random_scattered,0.673847,0.26897,0.942817
C:\My_Project\AIGC\DiT\ff\423\297.png,truetest_df40,0.1,blur,random_seed0,0.940908,0.001909,0.942817
C:\My_Project\AIGC\DiT\ff\423\297.png,truetest_df40,0.1,blur,random_seed1,0.936343,0.006474,0.942817
C:\My_Project\AIGC\DiT\ff\423\297.png,truetest_df40,0.1,blur,random_seed2,0.937538,0.005279,0.942817
C:\My_Project\AIGC\DiT\ff\423\297.png,truetest_df40,0.1,blur,random_seed3,0.938087,0.00473,0.942817
C:\My_Project\AIGC\DiT\ff\423\297.png,truetest_df40,0.1,blur,random_seed4,0.94057,0.002247,0.942817
C:\My_Project\AIGC\DiT\ff\423\297.png,truetest_df40,0.1,blur,hot,0.936242,0.006575,0.942817
C:\My_Project\AIGC\DiT\ff\423\297.png,truetest_df40,0.1,blur,bottom,0.939867,0.00295,0.942817
C:\My_Project\AIGC\DiT\ff\423\297.png,truetest_df40,0.1,blur,random_mean,0.938689,0.004128,0.942817
C:\My_Project\AIGC\DiT\ff\423\297.png,truetest_df40,0.1,constant_fill_CONFOUNDED,hot,0.853968,0.088849,0.942817
C:\My_Project\AIGC\DiT\ff\423\297.png,truetest_df40,0.1,constant_fill_CONFOUNDED,bottom,0.913784,0.029033,0.942817
C:\My_Project\AIGC\DiT\ff\423\297.png,truetest_df40,0.1,constant_fill_CONFOUNDED,random_scattered,0.710331,0.232486,0.942817
C:\My_Project\AIGC\DiT\ff\423\297.png,truetest_df40,0.2,blur,random_seed0,0.919405,0.023412,0.942817
C:\My_Project\AIGC\DiT\ff\423\297.png,truetest_df40,0.2,blur,random_seed1,0.920525,0.022292,0.942817
C:\My_Project\AIGC\DiT\ff\423\297.png,truetest_df40,0.2,blur,random_seed2,0.923661,0.019156,0.942817
C:\My_Project\AIGC\DiT\ff\423\297.png,truetest_df40,0.2,blur,random_seed3,0.928695,0.014122,0.942817
C:\My_Project\AIGC\DiT\ff\423\297.png,truetest_df40,0.2,blur,random_seed4,0.935101,0.007716,0.942817
C:\My_Project\AIGC\DiT\ff\423\297.png,truetest_df40,0.2,blur,hot,0.916103,0.026714,0.942817
C:\My_Project\AIGC\DiT\ff\423\297.png,truetest_df40,0.2,blur,bottom,0.938267,0.00455,0.942817
C:\My_Project\AIGC\DiT\ff\423\297.png,truetest_df40,0.2,blur,random_mean,0.925477,0.01734,0.942817
C:\My_Project\AIGC\DiT\ff\423\297.png,truetest_df40,0.2,constant_fill_CONFOUNDED,hot,0.91994,0.022877,0.942817
C:\My_Project\AIGC\DiT\ff\423\297.png,truetest_df40,0.2,constant_fill_CONFOUNDED,bottom,0.895714,0.047103,0.942817
C:\My_Project\AIGC\DiT\ff\423\297.png,truetest_df40,0.2,constant_fill_CONFOUNDED,random_scattered,0.872036,0.070781,0.942817
C:\My_Project\AIGC\DiT\cdf\Fake_from_Youtube-real\00220\19406.png,truetest_df40,0.05,blur,random_seed0,0.935887,0.002319,0.938205
C:\My_Project\AIGC\DiT\cdf\Fake_from_Youtube-real\00220\19406.png,truetest_df40,0.05,blur,random_seed1,0.939118,-0.000913,0.938205
C:\My_Project\AIGC\DiT\cdf\Fake_from_Youtube-real\00220\19406.png,truetest_df40,0.05,blur,random_seed2,0.93893,-0.000724,0.938205
C:\My_Project\AIGC\DiT\cdf\Fake_from_Youtube-real\00220\19406.png,truetest_df40,0.05,blur,random_seed3,0.936259,0.001946,0.938205
C:\My_Project\AIGC\DiT\cdf\Fake_from_Youtube-real\00220\19406.png,truetest_df40,0.05,blur,random_seed4,0.939771,-0.001565,0.938205
C:\My_Project\AIGC\DiT\cdf\Fake_from_Youtube-real\00220\19406.png,truetest_df40,0.05,blur,hot,0.933974,0.004231,0.938205
C:\My_Project\AIGC\DiT\cdf\Fake_from_Youtube-real\00220\19406.png,truetest_df40,0.05,blur,bottom,0.939175,-0.000969,0.938205
C:\My_Project\AIGC\DiT\cdf\Fake_from_Youtube-real\00220\19406.png,truetest_df40,0.05,blur,random_mean,0.937993,0.000213,0.938205
C:\My_Project\AIGC\DiT\cdf\Fake_from_Youtube-real\00220\19406.png,truetest_df40,0.05,constant_fill_CONFOUNDED,hot,0.896965,0.041241,0.938205
C:\My_Project\AIGC\DiT\cdf\Fake_from_Youtube-real\00220\19406.png,truetest_df40,0.05,constant_fill_CONFOUNDED,bottom,0.893442,0.044763,0.938205
C:\My_Project\AIGC\DiT\cdf\Fake_from_Youtube-real\00220\19406.png,truetest_df40,0.05,constant_fill_CONFOUNDED,random_scattered,0.868967,0.069238,0.938205
C:\My_Project\AIGC\DiT\cdf\Fake_from_Youtube-real\00220\19406.png,truetest_df40,0.1,blur,random_seed0,0.937168,0.001037,0.938205
C:\My_Project\AIGC\DiT\cdf\Fake_from_Youtube-real\00220\19406.png,truetest_df40,0.1,blur,random_seed1,0.932803,0.005402,0.938205
C:\My_Project\AIGC\DiT\cdf\Fake_from_Youtube-real\00220\19406.png,truetest_df40,0.1,blur,random_seed2,0.939388,-0.001183,0.938205
C:\My_Project\AIGC\DiT\cdf\Fake_from_Youtube-real\00220\19406.png,truetest_df40,0.1,blur,random_seed3,0.934962,0.003243,0.938205
C:\My_Project\AIGC\DiT\cdf\Fake_from_Youtube-real\00220\19406.png,truetest_df40,0.1,blur,random_seed4,0.930088,0.008117,0.938205
C:\My_Project\AIGC\DiT\cdf\Fake_from_Youtube-real\00220\19406.png,truetest_df40,0.1,blur,hot,0.92872,0.009486,0.938205
C:\My_Project\AIGC\DiT\cdf\Fake_from_Youtube-real\00220\19406.png,truetest_df40,0.1,blur,bottom,0.939484,-0.001278,0.938205
C:\My_Project\AIGC\DiT\cdf\Fake_from_Youtube-real\00220\19406.png,truetest_df40,0.1,blur,random_mean,0.934882,0.003324,0.938205
C:\My_Project\AIGC\DiT\cdf\Fake_from_Youtube-real\00220\19406.png,truetest_df40,0.1,constant_fill_CONFOUNDED,hot,0.726752,0.211453,0.938205
C:\My_Project\AIGC\DiT\cdf\Fake_from_Youtube-real\00220\19406.png,truetest_df40,0.1,constant_fill_CONFOUNDED,bottom,0.885205,0.053,0.938205
C:\My_Project\AIGC\DiT\cdf\Fake_from_Youtube-real\00220\19406.png,truetest_df40,0.1,constant_fill_CONFOUNDED,random_scattered,0.92688,0.011326,0.938205
C:\My_Project\AIGC\DiT\cdf\Fake_from_Youtube-real\00220\19406.png,truetest_df40,0.2,blur,random_seed0,0.939548,-0.001342,0.938205
C:\My_Project\AIGC\DiT\cdf\Fake_from_Youtube-real\00220\19406.png,truetest_df40,0.2,blur,random_seed1,0.937384,0.000821,0.938205
C:\My_Project\AIGC\DiT\cdf\Fake_from_Youtube-real\00220\19406.png,truetest_df40,0.2,blur,random_seed2,0.923251,0.014955,0.938205
C:\My_Project\AIGC\DiT\cdf\Fake_from_Youtube-real\00220\19406.png,truetest_df40,0.2,blur,random_seed3,0.938267,-6.1e-05,0.938205
C:\My_Project\AIGC\DiT\cdf\Fake_from_Youtube-real\00220\19406.png,truetest_df40,0.2,blur,random_seed4,0.940395,-0.00219,0.938205
C:\My_Project\AIGC\DiT\cdf\Fake_from_Youtube-real\00220\19406.png,truetest_df40,0.2,blur,hot,0.904232,0.033973,0.938205
C:\My_Project\AIGC\DiT\cdf\Fake_from_Youtube-real\00220\19406.png,truetest_df40,0.2,blur,bottom,0.943215,-0.005009,0.938205
C:\My_Project\AIGC\DiT\cdf\Fake_from_Youtube-real\00220\19406.png,truetest_df40,0.2,blur,random_mean,0.935769,0.002436,0.938205
C:\My_Project\AIGC\DiT\cdf\Fake_from_Youtube-real\00220\19406.png,truetest_df40,0.2,constant_fill_CONFOUNDED,hot,0.911862,0.026343,0.938205
C:\My_Project\AIGC\DiT\cdf\Fake_from_Youtube-real\00220\19406.png,truetest_df40,0.2,constant_fill_CONFOUNDED,bottom,0.881044,0.057161,0.938205
C:\My_Project\AIGC\DiT\cdf\Fake_from_Youtube-real\00220\19406.png,truetest_df40,0.2,constant_fill_CONFOUNDED,random_scattered,0.916314,0.021891,0.938205
C:\My_Project\AIGC\DiT\cdf\Fake_from_Celeb-real\id45_0000\10677.png,truetest_df40,0.05,blur,random_seed0,0.918136,0.008003,0.926139
C:\My_Project\AIGC\DiT\cdf\Fake_from_Celeb-real\id45_0000\10677.png,truetest_df40,0.05,blur,random_seed1,0.925689,0.00045,0.926139
C:\My_Project\AIGC\DiT\cdf\Fake_from_Celeb-real\id45_0000\10677.png,truetest_df40,0.05,blur,random_seed2,0.927555,-0.001416,0.926139
C:\My_Project\AIGC\DiT\cdf\Fake_from_Celeb-real\id45_0000\10677.png,truetest_df40,0.05,blur,random_seed3,0.925096,0.001044,0.926139
C:\My_Project\AIGC\DiT\cdf\Fake_from_Celeb-real\id45_0000\10677.png,truetest_df40,0.05,blur,random_seed4,0.921624,0.004515,0.926139
C:\My_Project\AIGC\DiT\cdf\Fake_from_Celeb-real\id45_0000\10677.png,truetest_df40,0.05,blur,hot,0.922994,0.003145,0.926139
C:\My_Project\AIGC\DiT\cdf\Fake_from_Celeb-real\id45_0000\10677.png,truetest_df40,0.05,blur,bottom,0.930841,-0.004702,0.926139
C:\My_Project\AIGC\DiT\cdf\Fake_from_Celeb-real\id45_0000\10677.png,truetest_df40,0.05,blur,random_mean,0.92362,0.002519,0.926139
C:\My_Project\AIGC\DiT\cdf\Fake_from_Celeb-real\id45_0000\10677.png,truetest_df40,0.05,constant_fill_CONFOUNDED,hot,0.914282,0.011857,0.926139
C:\My_Project\AIGC\DiT\cdf\Fake_from_Celeb-real\id45_0000\10677.png,truetest_df40,0.05,constant_fill_CONFOUNDED,bottom,0.904745,0.021394,0.926139
C:\My_Project\AIGC\DiT\cdf\Fake_from_Celeb-real\id45_0000\10677.png,truetest_df40,0.05,constant_fill_CONFOUNDED,random_scattered,0.830232,0.095907,0.926139
C:\My_Project\AIGC\DiT\cdf\Fake_from_Celeb-real\id45_0000\10677.png,truetest_df40,0.1,blur,random_seed0,0.915364,0.010775,0.926139
C:\My_Project\AIGC\DiT\cdf\Fake_from_Celeb-real\id45_0000\10677.png,truetest_df40,0.1,blur,random_seed1,0.921205,0.004934,0.926139
C:\My_Project\AIGC\DiT\cdf\Fake_from_Celeb-real\id45_0000\10677.png,truetest_df40,0.1,blur,random_seed2,0.916072,0.010068,0.926139
C:\My_Project\AIGC\DiT\cdf\Fake_from_Celeb-real\id45_0000\10677.png,truetest_df40,0.1,blur,random_seed3,0.927672,-0.001533,0.926139
C:\My_Project\AIGC\DiT\cdf\Fake_from_Celeb-real\id45_0000\10677.png,truetest_df40,0.1,blur,random_seed4,0.915322,0.010817,0.926139
C:\My_Project\AIGC\DiT\cdf\Fake_from_Celeb-real\id45_0000\10677.png,truetest_df40,0.1,blur,hot,0.928776,-0.002637,0.926139
C:\My_Project\AIGC\DiT\cdf\Fake_from_Celeb-real\id45_0000\10677.png,truetest_df40,0.1,blur,bottom,0.934136,-0.007997,0.926139
C:\My_Project\AIGC\DiT\cdf\Fake_from_Celeb-real\id45_0000\10677.png,truetest_df40,0.1,blur,random_mean,0.919127,0.007012,0.926139
C:\My_Project\AIGC\DiT\cdf\Fake_from_Celeb-real\id45_0000\10677.png,truetest_df40,0.1,constant_fill_CONFOUNDED,hot,0.868383,0.057756,0.926139
C:\My_Project\AIGC\DiT\cdf\Fake_from_Celeb-real\id45_0000\10677.png,truetest_df40,0.1,constant_fill_CONFOUNDED,bottom,0.907813,0.018326,0.926139
C:\My_Project\AIGC\DiT\cdf\Fake_from_Celeb-real\id45_0000\10677.png,truetest_df40,0.1,constant_fill_CONFOUNDED,random_scattered,0.921923,0.004217,0.926139
C:\My_Project\AIGC\DiT\cdf\Fake_from_Celeb-real\id45_0000\10677.png,truetest_df40,0.2,blur,random_seed0,0.924489,0.001651,0.926139
C:\My_Project\AIGC\DiT\cdf\Fake_from_Celeb-real\id45_0000\10677.png,truetest_df40,0.2,blur,random_seed1,0.912247,0.013892,0.926139
C:\My_Project\AIGC\DiT\cdf\Fake_from_Celeb-real\id45_0000\10677.png,truetest_df40,0.2,blur,random_seed2,0.90097,0.025169,0.926139
C:\My_Project\AIGC\DiT\cdf\Fake_from_Celeb-real\id45_0000\10677.png,truetest_df40,0.2,blur,random_seed3,0.880356,0.045783,0.926139
C:\My_Project\AIGC\DiT\cdf\Fake_from_Celeb-real\id45_0000\10677.png,truetest_df40,0.2,blur,random_seed4,0.916365,0.009774,0.926139
C:\My_Project\AIGC\DiT\cdf\Fake_from_Celeb-real\id45_0000\10677.png,truetest_df40,0.2,blur,hot,0.882591,0.043549,0.926139
C:\My_Project\AIGC\DiT\cdf\Fake_from_Celeb-real\id45_0000\10677.png,truetest_df40,0.2,blur,bottom,0.938114,-0.011975,0.926139
C:\My_Project\AIGC\DiT\cdf\Fake_from_Celeb-real\id45_0000\10677.png,truetest_df40,0.2,blur,random_mean,0.906885,0.019254,0.926139
C:\My_Project\AIGC\DiT\cdf\Fake_from_Celeb-real\id45_0000\10677.png,truetest_df40,0.2,constant_fill_CONFOUNDED,hot,0.921416,0.004724,0.926139
C:\My_Project\AIGC\DiT\cdf\Fake_from_Celeb-real\id45_0000\10677.png,truetest_df40,0.2,constant_fill_CONFOUNDED,bottom,0.884553,0.041586,0.926139
C:\My_Project\AIGC\DiT\cdf\Fake_from_Celeb-real\id45_0000\10677.png,truetest_df40,0.2,constant_fill_CONFOUNDED,random_scattered,0.918603,0.007536,0.926139
C:\My_Project\AIGC\SiT\cdf\Fake_from_Celeb-real\id40_0009\14601.png,truetest_df40,0.05,blur,random_seed0,0.944139,-0.001989,0.94215
C:\My_Project\AIGC\SiT\cdf\Fake_from_Celeb-real\id40_0009\14601.png,truetest_df40,0.05,blur,random_seed1,0.945231,-0.003081,0.94215
C:\My_Project\AIGC\SiT\cdf\Fake_from_Celeb-real\id40_0009\14601.png,truetest_df40,0.05,blur,random_seed2,0.94294,-0.00079,0.94215
C:\My_Project\AIGC\SiT\cdf\Fake_from_Celeb-real\id40_0009\14601.png,truetest_df40,0.05,blur,random_seed3,0.941592,0.000558,0.94215
C:\My_Project\AIGC\SiT\cdf\Fake_from_Celeb-real\id40_0009\14601.png,truetest_df40,0.05,blur,random_seed4,0.942463,-0.000313,0.94215
C:\My_Project\AIGC\SiT\cdf\Fake_from_Celeb-real\id40_0009\14601.png,truetest_df40,0.05,blur,hot,0.94505,-0.0029,0.94215
C:\My_Project\AIGC\SiT\cdf\Fake_from_Celeb-real\id40_0009\14601.png,truetest_df40,0.05,blur,bottom,0.944604,-0.002454,0.94215
C:\My_Project\AIGC\SiT\cdf\Fake_from_Celeb-real\id40_0009\14601.png,truetest_df40,0.05,blur,random_mean,0.943273,-0.001123,0.94215
C:\My_Project\AIGC\SiT\cdf\Fake_from_Celeb-real\id40_0009\14601.png,truetest_df40,0.05,constant_fill_CONFOUNDED,hot,0.922685,0.019465,0.94215
C:\My_Project\AIGC\SiT\cdf\Fake_from_Celeb-real\id40_0009\14601.png,truetest_df40,0.05,constant_fill_CONFOUNDED,bottom,0.90543,0.03672,0.94215
C:\My_Project\AIGC\SiT\cdf\Fake_from_Celeb-real\id40_0009\14601.png,truetest_df40,0.05,constant_fill_CONFOUNDED,random_scattered,0.938603,0.003547,0.94215
C:\My_Project\AIGC\SiT\cdf\Fake_from_Celeb-real\id40_0009\14601.png,truetest_df40,0.1,blur,random_seed0,0.941251,0.000899,0.94215
C:\My_Project\AIGC\SiT\cdf\Fake_from_Celeb-real\id40_0009\14601.png,truetest_df40,0.1,blur,random_seed1,0.948083,-0.005933,0.94215
C:\My_Project\AIGC\SiT\cdf\Fake_from_Celeb-real\id40_0009\14601.png,truetest_df40,0.1,blur,random_seed2,0.944292,-0.002142,0.94215
C:\My_Project\AIGC\SiT\cdf\Fake_from_Celeb-real\id40_0009\14601.png,truetest_df40,0.1,blur,random_seed3,0.943493,-0.001343,0.94215
C:\My_Project\AIGC\SiT\cdf\Fake_from_Celeb-real\id40_0009\14601.png,truetest_df40,0.1,blur,random_seed4,0.944921,-0.002771,0.94215
C:\My_Project\AIGC\SiT\cdf\Fake_from_Celeb-real\id40_0009\14601.png,truetest_df40,0.1,blur,hot,0.949241,-0.007091,0.94215
C:\My_Project\AIGC\SiT\cdf\Fake_from_Celeb-real\id40_0009\14601.png,truetest_df40,0.1,blur,bottom,0.946202,-0.004052,0.94215
C:\My_Project\AIGC\SiT\cdf\Fake_from_Celeb-real\id40_0009\14601.png,truetest_df40,0.1,blur,random_mean,0.944408,-0.002258,0.94215
C:\My_Project\AIGC\SiT\cdf\Fake_from_Celeb-real\id40_0009\14601.png,truetest_df40,0.1,constant_fill_CONFOUNDED,hot,0.915386,0.026764,0.94215
C:\My_Project\AIGC\SiT\cdf\Fake_from_Celeb-real\id40_0009\14601.png,truetest_df40,0.1,constant_fill_CONFOUNDED,bottom,0.893507,0.048643,0.94215
C:\My_Project\AIGC\SiT\cdf\Fake_from_Celeb-real\id40_0009\14601.png,truetest_df40,0.1,constant_fill_CONFOUNDED,random_scattered,0.943522,-0.001372,0.94215
C:\My_Project\AIGC\SiT\cdf\Fake_from_Celeb-real\id40_0009\14601.png,truetest_df40,0.2,blur,random_seed0,0.944673,-0.002523,0.94215
C:\My_Project\AIGC\SiT\cdf\Fake_from_Celeb-real\id40_0009\14601.png,truetest_df40,0.2,blur,random_seed1,0.934086,0.008064,0.94215
C:\My_Project\AIGC\SiT\cdf\Fake_from_Celeb-real\id40_0009\14601.png,truetest_df40,0.2,blur,random_seed2,0.942597,-0.000447,0.94215
C:\My_Project\AIGC\SiT\cdf\Fake_from_Celeb-real\id40_0009\14601.png,truetest_df40,0.2,blur,random_seed3,0.941164,0.000986,0.94215
C:\My_Project\AIGC\SiT\cdf\Fake_from_Celeb-real\id40_0009\14601.png,truetest_df40,0.2,blur,random_seed4,0.942269,-0.000119,0.94215
C:\My_Project\AIGC\SiT\cdf\Fake_from_Celeb-real\id40_0009\14601.png,truetest_df40,0.2,blur,hot,0.929135,0.013015,0.94215
C:\My_Project\AIGC\SiT\cdf\Fake_from_Celeb-real\id40_0009\14601.png,truetest_df40,0.2,blur,bottom,0.944563,-0.002413,0.94215
C:\My_Project\AIGC\SiT\cdf\Fake_from_Celeb-real\id40_0009\14601.png,truetest_df40,0.2,blur,random_mean,0.940958,0.001192,0.94215
C:\My_Project\AIGC\SiT\cdf\Fake_from_Celeb-real\id40_0009\14601.png,truetest_df40,0.2,constant_fill_CONFOUNDED,hot,0.92323,0.01892,0.94215
C:\My_Project\AIGC\SiT\cdf\Fake_from_Celeb-real\id40_0009\14601.png,truetest_df40,0.2,constant_fill_CONFOUNDED,bottom,0.887192,0.054958,0.94215
C:\My_Project\AIGC\SiT\cdf\Fake_from_Celeb-real\id40_0009\14601.png,truetest_df40,0.2,constant_fill_CONFOUNDED,random_scattered,0.925934,0.016216,0.94215
C:\My_Project\AIGC\SiT\cdf\Fake_from_Celeb-real\id32_0003\23872.png,truetest_df40,0.05,blur,random_seed0,0.95295,0.003789,0.956739
C:\My_Project\AIGC\SiT\cdf\Fake_from_Celeb-real\id32_0003\23872.png,truetest_df40,0.05,blur,random_seed1,0.956055,0.000684,0.956739
C:\My_Project\AIGC\SiT\cdf\Fake_from_Celeb-real\id32_0003\23872.png,truetest_df40,0.05,blur,random_seed2,0.951649,0.00509,0.956739
C:\My_Project\AIGC\SiT\cdf\Fake_from_Celeb-real\id32_0003\23872.png,truetest_df40,0.05,blur,random_seed3,0.954124,0.002615,0.956739
C:\My_Project\AIGC\SiT\cdf\Fake_from_Celeb-real\id32_0003\23872.png,truetest_df40,0.05,blur,random_seed4,0.956647,9.2e-05,0.956739
C:\My_Project\AIGC\SiT\cdf\Fake_from_Celeb-real\id32_0003\23872.png,truetest_df40,0.05,blur,hot,0.950943,0.005796,0.956739
C:\My_Project\AIGC\SiT\cdf\Fake_from_Celeb-real\id32_0003\23872.png,truetest_df40,0.05,blur,bottom,0.955758,0.00098,0.956739
C:\My_Project\AIGC\SiT\cdf\Fake_from_Celeb-real\id32_0003\23872.png,truetest_df40,0.05,blur,random_mean,0.954285,0.002454,0.956739
C:\My_Project\AIGC\SiT\cdf\Fake_from_Celeb-real\id32_0003\23872.png,truetest_df40,0.05,constant_fill_CONFOUNDED,hot,0.936939,0.019799,0.956739
C:\My_Project\AIGC\SiT\cdf\Fake_from_Celeb-real\id32_0003\23872.png,truetest_df40,0.05,constant_fill_CONFOUNDED,bottom,0.919022,0.037716,0.956739
C:\My_Project\AIGC\SiT\cdf\Fake_from_Celeb-real\id32_0003\23872.png,truetest_df40,0.05,constant_fill_CONFOUNDED,random_scattered,0.871875,0.084864,0.956739
C:\My_Project\AIGC\SiT\cdf\Fake_from_Celeb-real\id32_0003\23872.png,truetest_df40,0.1,blur,random_seed0,0.950222,0.006517,0.956739
C:\My_Project\AIGC\SiT\cdf\Fake_from_Celeb-real\id32_0003\23872.png,truetest_df40,0.1,blur,random_seed1,0.953162,0.003577,0.956739
C:\My_Project\AIGC\SiT\cdf\Fake_from_Celeb-real\id32_0003\23872.png,truetest_df40,0.1,blur,random_seed2,0.948852,0.007887,0.956739
C:\My_Project\AIGC\SiT\cdf\Fake_from_Celeb-real\id32_0003\23872.png,truetest_df40,0.1,blur,random_seed3,0.952999,0.003739,0.956739
C:\My_Project\AIGC\SiT\cdf\Fake_from_Celeb-real\id32_0003\23872.png,truetest_df40,0.1,blur,random_seed4,0.950956,0.005782,0.956739
C:\My_Project\AIGC\SiT\cdf\Fake_from_Celeb-real\id32_0003\23872.png,truetest_df40,0.1,blur,hot,0.951937,0.004801,0.956739
C:\My_Project\AIGC\SiT\cdf\Fake_from_Celeb-real\id32_0003\23872.png,truetest_df40,0.1,blur,bottom,0.95814,-0.001402,0.956739
C:\My_Project\AIGC\SiT\cdf\Fake_from_Celeb-real\id32_0003\23872.png,truetest_df40,0.1,blur,random_mean,0.951238,0.0055,0.956739
C:\My_Project\AIGC\SiT\cdf\Fake_from_Celeb-real\id32_0003\23872.png,truetest_df40,0.1,constant_fill_CONFOUNDED,hot,0.929034,0.027705,0.956739
C:\My_Project\AIGC\SiT\cdf\Fake_from_Celeb-real\id32_0003\23872.png,truetest_df40,0.1,constant_fill_CONFOUNDED,bottom,0.912326,0.044413,0.956739
C:\My_Project\AIGC\SiT\cdf\Fake_from_Celeb-real\id32_0003\23872.png,truetest_df40,0.1,constant_fill_CONFOUNDED,random_scattered,0.906454,0.050285,0.956739
C:\My_Project\AIGC\SiT\cdf\Fake_from_Celeb-real\id32_0003\23872.png,truetest_df40,0.2,blur,random_seed0,0.951504,0.005235,0.956739
C:\My_Project\AIGC\SiT\cdf\Fake_from_Celeb-real\id32_0003\23872.png,truetest_df40,0.2,blur,random_seed1,0.95323,0.003509,0.956739
C:\My_Project\AIGC\SiT\cdf\Fake_from_Celeb-real\id32_0003\23872.png,truetest_df40,0.2,blur,random_seed2,0.94753,0.009208,0.956739
C:\My_Project\AIGC\SiT\cdf\Fake_from_Celeb-real\id32_0003\23872.png,truetest_df40,0.2,blur,random_seed3,0.947136,0.009602,0.956739
C:\My_Project\AIGC\SiT\cdf\Fake_from_Celeb-real\id32_0003\23872.png,truetest_df40,0.2,blur,random_seed4,0.942496,0.014243,0.956739
C:\My_Project\AIGC\SiT\cdf\Fake_from_Celeb-real\id32_0003\23872.png,truetest_df40,0.2,blur,hot,0.934528,0.02221,0.956739
C:\My_Project\AIGC\SiT\cdf\Fake_from_Celeb-real\id32_0003\23872.png,truetest_df40,0.2,blur,bottom,0.958115,-0.001377,0.956739
C:\My_Project\AIGC\SiT\cdf\Fake_from_Celeb-real\id32_0003\23872.png,truetest_df40,0.2,blur,random_mean,0.948379,0.008359,0.956739
C:\My_Project\AIGC\SiT\cdf\Fake_from_Celeb-real\id32_0003\23872.png,truetest_df40,0.2,constant_fill_CONFOUNDED,hot,0.923968,0.03277,0.956739
C:\My_Project\AIGC\SiT\cdf\Fake_from_Celeb-real\id32_0003\23872.png,truetest_df40,0.2,constant_fill_CONFOUNDED,bottom,0.902001,0.054737,0.956739
C:\My_Project\AIGC\SiT\cdf\Fake_from_Celeb-real\id32_0003\23872.png,truetest_df40,0.2,constant_fill_CONFOUNDED,random_scattered,0.940288,0.016451,0.956739
C:\My_Project\AIGC\SiT\cdf\Fake_from_Celeb-real\id28_0003\27321.png,truetest_df40,0.05,blur,random_seed0,0.930559,0.001906,0.932465
C:\My_Project\AIGC\SiT\cdf\Fake_from_Celeb-real\id28_0003\27321.png,truetest_df40,0.05,blur,random_seed1,0.930179,0.002286,0.932465
C:\My_Project\AIGC\SiT\cdf\Fake_from_Celeb-real\id28_0003\27321.png,truetest_df40,0.05,blur,random_seed2,0.932204,0.000261,0.932465
C:\My_Project\AIGC\SiT\cdf\Fake_from_Celeb-real\id28_0003\27321.png,truetest_df40,0.05,blur,random_seed3,0.93211,0.000355,0.932465
C:\My_Project\AIGC\SiT\cdf\Fake_from_Celeb-real\id28_0003\27321.png,truetest_df40,0.05,blur,random_seed4,0.933344,-0.000879,0.932465
C:\My_Project\AIGC\SiT\cdf\Fake_from_Celeb-real\id28_0003\27321.png,truetest_df40,0.05,blur,hot,0.930086,0.002379,0.932465
C:\My_Project\AIGC\SiT\cdf\Fake_from_Celeb-real\id28_0003\27321.png,truetest_df40,0.05,blur,bottom,0.933404,-0.000939,0.932465
C:\My_Project\AIGC\SiT\cdf\Fake_from_Celeb-real\id28_0003\27321.png,truetest_df40,0.05,blur,random_mean,0.931679,0.000786,0.932465
C:\My_Project\AIGC\SiT\cdf\Fake_from_Celeb-real\id28_0003\27321.png,truetest_df40,0.05,constant_fill_CONFOUNDED,hot,0.918415,0.01405,0.932465
C:\My_Project\AIGC\SiT\cdf\Fake_from_Celeb-real\id28_0003\27321.png,truetest_df40,0.05,constant_fill_CONFOUNDED,bottom,0.924779,0.007686,0.932465
C:\My_Project\AIGC\SiT\cdf\Fake_from_Celeb-real\id28_0003\27321.png,truetest_df40,0.05,constant_fill_CONFOUNDED,random_scattered,0.516331,0.416134,0.932465
C:\My_Project\AIGC\SiT\cdf\Fake_from_Celeb-real\id28_0003\27321.png,truetest_df40,0.1,blur,random_seed0,0.935797,-0.003332,0.932465
C:\My_Project\AIGC\SiT\cdf\Fake_from_Celeb-real\id28_0003\27321.png,truetest_df40,0.1,blur,random_seed1,0.935898,-0.003433,0.932465
C:\My_Project\AIGC\SiT\cdf\Fake_from_Celeb-real\id28_0003\27321.png,truetest_df40,0.1,blur,random_seed2,0.934803,-0.002338,0.932465
C:\My_Project\AIGC\SiT\cdf\Fake_from_Celeb-real\id28_0003\27321.png,truetest_df40,0.1,blur,random_seed3,0.928016,0.004449,0.932465
C:\My_Project\AIGC\SiT\cdf\Fake_from_Celeb-real\id28_0003\27321.png,truetest_df40,0.1,blur,random_seed4,0.93869,-0.006225,0.932465
C:\My_Project\AIGC\SiT\cdf\Fake_from_Celeb-real\id28_0003\27321.png,truetest_df40,0.1,blur,hot,0.925168,0.007297,0.932465
C:\My_Project\AIGC\SiT\cdf\Fake_from_Celeb-real\id28_0003\27321.png,truetest_df40,0.1,blur,bottom,0.93527,-0.002805,0.932465
C:\My_Project\AIGC\SiT\cdf\Fake_from_Celeb-real\id28_0003\27321.png,truetest_df40,0.1,blur,random_mean,0.934641,-0.002176,0.932465
C:\My_Project\AIGC\SiT\cdf\Fake_from_Celeb-real\id28_0003\27321.png,truetest_df40,0.1,constant_fill_CONFOUNDED,hot,0.884134,0.048331,0.932465
C:\My_Project\AIGC\SiT\cdf\Fake_from_Celeb-real\id28_0003\27321.png,truetest_df40,0.1,constant_fill_CONFOUNDED,bottom,0.926608,0.005858,0.932465
C:\My_Project\AIGC\SiT\cdf\Fake_from_Celeb-real\id28_0003\27321.png,truetest_df40,0.1,constant_fill_CONFOUNDED,random_scattered,0.920249,0.012216,0.932465
C:\My_Project\AIGC\SiT\cdf\Fake_from_Celeb-real\id28_0003\27321.png,truetest_df40,0.2,blur,random_seed0,0.925507,0.006958,0.932465
C:\My_Project\AIGC\SiT\cdf\Fake_from_Celeb-real\id28_0003\27321.png,truetest_df40,0.2,blur,random_seed1,0.927869,0.004597,0.932465
C:\My_Project\AIGC\SiT\cdf\Fake_from_Celeb-real\id28_0003\27321.png,truetest_df40,0.2,blur,random_seed2,0.925384,0.007081,0.932465
C:\My_Project\AIGC\SiT\cdf\Fake_from_Celeb-real\id28_0003\27321.png,truetest_df40,0.2,blur,random_seed3,0.921709,0.010756,0.932465
C:\My_Project\AIGC\SiT\cdf\Fake_from_Celeb-real\id28_0003\27321.png,truetest_df40,0.2,blur,random_seed4,0.930144,0.002321,0.932465
C:\My_Project\AIGC\SiT\cdf\Fake_from_Celeb-real\id28_0003\27321.png,truetest_df40,0.2,blur,hot,0.906171,0.026294,0.932465
C:\My_Project\AIGC\SiT\cdf\Fake_from_Celeb-real\id28_0003\27321.png,truetest_df40,0.2,blur,bottom,0.936802,-0.004337,0.932465
C:\My_Project\AIGC\SiT\cdf\Fake_from_Celeb-real\id28_0003\27321.png,truetest_df40,0.2,blur,random_mean,0.926122,0.006343,0.932465
C:\My_Project\AIGC\SiT\cdf\Fake_from_Celeb-real\id28_0003\27321.png,truetest_df40,0.2,constant_fill_CONFOUNDED,hot,0.915017,0.017448,0.932465
C:\My_Project\AIGC\SiT\cdf\Fake_from_Celeb-real\id28_0003\27321.png,truetest_df40,0.2,constant_fill_CONFOUNDED,bottom,0.915044,0.017421,0.932465
C:\My_Project\AIGC\SiT\cdf\Fake_from_Celeb-real\id28_0003\27321.png,truetest_df40,0.2,constant_fill_CONFOUNDED,random_scattered,0.915001,0.017464,0.932465
C:\My_Project\AIGC\SiT\cdf\Fake_from_Youtube-real\00064\1599.png,truetest_df40,0.05,blur,random_seed0,0.935571,0.002426,0.937997
C:\My_Project\AIGC\SiT\cdf\Fake_from_Youtube-real\00064\1599.png,truetest_df40,0.05,blur,random_seed1,0.936975,0.001022,0.937997
C:\My_Project\AIGC\SiT\cdf\Fake_from_Youtube-real\00064\1599.png,truetest_df40,0.05,blur,random_seed2,0.936837,0.00116,0.937997
C:\My_Project\AIGC\SiT\cdf\Fake_from_Youtube-real\00064\1599.png,truetest_df40,0.05,blur,random_seed3,0.938222,-0.000225,0.937997
C:\My_Project\AIGC\SiT\cdf\Fake_from_Youtube-real\00064\1599.png,truetest_df40,0.05,blur,random_seed4,0.93913,-0.001133,0.937997
C:\My_Project\AIGC\SiT\cdf\Fake_from_Youtube-real\00064\1599.png,truetest_df40,0.05,blur,hot,0.942457,-0.00446,0.937997
C:\My_Project\AIGC\SiT\cdf\Fake_from_Youtube-real\00064\1599.png,truetest_df40,0.05,blur,bottom,0.93475,0.003247,0.937997
C:\My_Project\AIGC\SiT\cdf\Fake_from_Youtube-real\00064\1599.png,truetest_df40,0.05,blur,random_mean,0.937347,0.00065,0.937997
C:\My_Project\AIGC\SiT\cdf\Fake_from_Youtube-real\00064\1599.png,truetest_df40,0.05,constant_fill_CONFOUNDED,hot,0.930135,0.007862,0.937997
C:\My_Project\AIGC\SiT\cdf\Fake_from_Youtube-real\00064\1599.png,truetest_df40,0.05,constant_fill_CONFOUNDED,bottom,0.889495,0.048502,0.937997
C:\My_Project\AIGC\SiT\cdf\Fake_from_Youtube-real\00064\1599.png,truetest_df40,0.05,constant_fill_CONFOUNDED,random_scattered,0.909331,0.028666,0.937997
C:\My_Project\AIGC\SiT\cdf\Fake_from_Youtube-real\00064\1599.png,truetest_df40,0.1,blur,random_seed0,0.937133,0.000864,0.937997
C:\My_Project\AIGC\SiT\cdf\Fake_from_Youtube-real\00064\1599.png,truetest_df40,0.1,blur,random_seed1,0.938457,-0.00046,0.937997
C:\My_Project\AIGC\SiT\cdf\Fake_from_Youtube-real\00064\1599.png,truetest_df40,0.1,blur,random_seed2,0.938626,-0.000629,0.937997
C:\My_Project\AIGC\SiT\cdf\Fake_from_Youtube-real\00064\1599.png,truetest_df40,0.1,blur,random_seed3,0.936537,0.00146,0.937997
C:\My_Project\AIGC\SiT\cdf\Fake_from_Youtube-real\00064\1599.png,truetest_df40,0.1,blur,random_seed4,0.93893,-0.000933,0.937997
C:\My_Project\AIGC\SiT\cdf\Fake_from_Youtube-real\00064\1599.png,truetest_df40,0.1,blur,hot,0.938955,-0.000958,0.937997
C:\My_Project\AIGC\SiT\cdf\Fake_from_Youtube-real\00064\1599.png,truetest_df40,0.1,blur,bottom,0.936036,0.001961,0.937997
C:\My_Project\AIGC\SiT\cdf\Fake_from_Youtube-real\00064\1599.png,truetest_df40,0.1,blur,random_mean,0.937936,6e-05,0.937997
C:\My_Project\AIGC\SiT\cdf\Fake_from_Youtube-real\00064\1599.png,truetest_df40,0.1,constant_fill_CONFOUNDED,hot,0.853848,0.084149,0.937997
C:\My_Project\AIGC\SiT\cdf\Fake_from_Youtube-real\00064\1599.png,truetest_df40,0.1,constant_fill_CONFOUNDED,bottom,0.890554,0.047443,0.937997
C:\My_Project\AIGC\SiT\cdf\Fake_from_Youtube-real\00064\1599.png,truetest_df40,0.1,constant_fill_CONFOUNDED,random_scattered,0.918799,0.019198,0.937997
C:\My_Project\AIGC\SiT\cdf\Fake_from_Youtube-real\00064\1599.png,truetest_df40,0.2,blur,random_seed0,0.934475,0.003522,0.937997
C:\My_Project\AIGC\SiT\cdf\Fake_from_Youtube-real\00064\1599.png,truetest_df40,0.2,blur,random_seed1,0.938271,-0.000274,0.937997
C:\My_Project\AIGC\SiT\cdf\Fake_from_Youtube-real\00064\1599.png,truetest_df40,0.2,blur,random_seed2,0.934593,0.003404,0.937997
C:\My_Project\AIGC\SiT\cdf\Fake_from_Youtube-real\00064\1599.png,truetest_df40,0.2,blur,random_seed3,0.937832,0.000165,0.937997
C:\My_Project\AIGC\SiT\cdf\Fake_from_Youtube-real\00064\1599.png,truetest_df40,0.2,blur,random_seed4,0.942174,-0.004177,0.937997
C:\My_Project\AIGC\SiT\cdf\Fake_from_Youtube-real\00064\1599.png,truetest_df40,0.2,blur,hot,0.920615,0.017381,0.937997
C:\My_Project\AIGC\SiT\cdf\Fake_from_Youtube-real\00064\1599.png,truetest_df40,0.2,blur,bottom,0.938359,-0.000363,0.937997
C:\My_Project\AIGC\SiT\cdf\Fake_from_Youtube-real\00064\1599.png,truetest_df40,0.2,blur,random_mean,0.937469,0.000528,0.937997
C:\My_Project\AIGC\SiT\cdf\Fake_from_Youtube-real\00064\1599.png,truetest_df40,0.2,constant_fill_CONFOUNDED,hot,0.919088,0.018909,0.937997
C:\My_Project\AIGC\SiT\cdf\Fake_from_Youtube-real\00064\1599.png,truetest_df40,0.2,constant_fill_CONFOUNDED,bottom,0.886093,0.051904,0.937997
C:\My_Project\AIGC\SiT\cdf\Fake_from_Youtube-real\00064\1599.png,truetest_df40,0.2,constant_fill_CONFOUNDED,random_scattered,0.915892,0.022105,0.937997
C:\My_Project\AIGC\SiT\cdf\Fake_from_Youtube-real\00090\11379.png,truetest_df40,0.05,blur,random_seed0,0.943622,-0.000779,0.942843
C:\My_Project\AIGC\SiT\cdf\Fake_from_Youtube-real\00090\11379.png,truetest_df40,0.05,blur,random_seed1,0.942593,0.00025,0.942843
C:\My_Project\AIGC\SiT\cdf\Fake_from_Youtube-real\00090\11379.png,truetest_df40,0.05,blur,random_seed2,0.946074,-0.003231,0.942843
C:\My_Project\AIGC\SiT\cdf\Fake_from_Youtube-real\00090\11379.png,truetest_df40,0.05,blur,random_seed3,0.942217,0.000626,0.942843
C:\My_Project\AIGC\SiT\cdf\Fake_from_Youtube-real\00090\11379.png,truetest_df40,0.05,blur,random_seed4,0.94283,1.3e-05,0.942843
C:\My_Project\AIGC\SiT\cdf\Fake_from_Youtube-real\00090\11379.png,truetest_df40,0.05,blur,hot,0.933285,0.009558,0.942843
C:\My_Project\AIGC\SiT\cdf\Fake_from_Youtube-real\00090\11379.png,truetest_df40,0.05,blur,bottom,0.941885,0.000958,0.942843
C:\My_Project\AIGC\SiT\cdf\Fake_from_Youtube-real\00090\11379.png,truetest_df40,0.05,blur,random_mean,0.943467,-0.000624,0.942843
C:\My_Project\AIGC\SiT\cdf\Fake_from_Youtube-real\00090\11379.png,truetest_df40,0.05,constant_fill_CONFOUNDED,hot,0.857282,0.085561,0.942843
C:\My_Project\AIGC\SiT\cdf\Fake_from_Youtube-real\00090\11379.png,truetest_df40,0.05,constant_fill_CONFOUNDED,bottom,0.919012,0.023831,0.942843
C:\My_Project\AIGC\SiT\cdf\Fake_from_Youtube-real\00090\11379.png,truetest_df40,0.05,constant_fill_CONFOUNDED,random_scattered,0.872269,0.070574,0.942843
C:\My_Project\AIGC\SiT\cdf\Fake_from_Youtube-real\00090\11379.png,truetest_df40,0.1,blur,random_seed0,0.941959,0.000884,0.942843
C:\My_Project\AIGC\SiT\cdf\Fake_from_Youtube-real\00090\11379.png,truetest_df40,0.1,blur,random_seed1,0.939347,0.003496,0.942843
C:\My_Project\AIGC\SiT\cdf\Fake_from_Youtube-real\00090\11379.png,truetest_df40,0.1,blur,random_seed2,0.93944,0.003403,0.942843
C:\My_Project\AIGC\SiT\cdf\Fake_from_Youtube-real\00090\11379.png,truetest_df40,0.1,blur,random_seed3,0.943679,-0.000836,0.942843
C:\My_Project\AIGC\SiT\cdf\Fake_from_Youtube-real\00090\11379.png,truetest_df40,0.1,blur,random_seed4,0.939251,0.003592,0.942843
C:\My_Project\AIGC\SiT\cdf\Fake_from_Youtube-real\00090\11379.png,truetest_df40,0.1,blur,hot,0.930986,0.011857,0.942843
C:\My_Project\AIGC\SiT\cdf\Fake_from_Youtube-real\00090\11379.png,truetest_df40,0.1,blur,bottom,0.942268,0.000575,0.942843
C:\My_Project\AIGC\SiT\cdf\Fake_from_Youtube-real\00090\11379.png,truetest_df40,0.1,blur,random_mean,0.940735,0.002108,0.942843
C:\My_Project\AIGC\SiT\cdf\Fake_from_Youtube-real\00090\11379.png,truetest_df40,0.1,constant_fill_CONFOUNDED,hot,0.783264,0.159579,0.942843
C:\My_Project\AIGC\SiT\cdf\Fake_from_Youtube-real\00090\11379.png,truetest_df40,0.1,constant_fill_CONFOUNDED,bottom,0.908992,0.033851,0.942843
C:\My_Project\AIGC\SiT\cdf\Fake_from_Youtube-real\00090\11379.png,truetest_df40,0.1,constant_fill_CONFOUNDED,random_scattered,0.91973,0.023113,0.942843
C:\My_Project\AIGC\SiT\cdf\Fake_from_Youtube-real\00090\11379.png,truetest_df40,0.2,blur,random_seed0,0.94448,-0.001637,0.942843
C:\My_Project\AIGC\SiT\cdf\Fake_from_Youtube-real\00090\11379.png,truetest_df40,0.2,blur,random_seed1,0.937836,0.005007,0.942843
C:\My_Project\AIGC\SiT\cdf\Fake_from_Youtube-real\00090\11379.png,truetest_df40,0.2,blur,random_seed2,0.939492,0.003351,0.942843
C:\My_Project\AIGC\SiT\cdf\Fake_from_Youtube-real\00090\11379.png,truetest_df40,0.2,blur,random_seed3,0.943964,-0.001121,0.942843
C:\My_Project\AIGC\SiT\cdf\Fake_from_Youtube-real\00090\11379.png,truetest_df40,0.2,blur,random_seed4,0.944376,-0.001533,0.942843
C:\My_Project\AIGC\SiT\cdf\Fake_from_Youtube-real\00090\11379.png,truetest_df40,0.2,blur,hot,0.908143,0.0347,0.942843
C:\My_Project\AIGC\SiT\cdf\Fake_from_Youtube-real\00090\11379.png,truetest_df40,0.2,blur,bottom,0.946099,-0.003256,0.942843
C:\My_Project\AIGC\SiT\cdf\Fake_from_Youtube-real\00090\11379.png,truetest_df40,0.2,blur,random_mean,0.94203,0.000814,0.942843
C:\My_Project\AIGC\SiT\cdf\Fake_from_Youtube-real\00090\11379.png,truetest_df40,0.2,constant_fill_CONFOUNDED,hot,0.870358,0.072485,0.942843
C:\My_Project\AIGC\SiT\cdf\Fake_from_Youtube-real\00090\11379.png,truetest_df40,0.2,constant_fill_CONFOUNDED,bottom,0.897602,0.045241,0.942843
C:\My_Project\AIGC\SiT\cdf\Fake_from_Youtube-real\00090\11379.png,truetest_df40,0.2,constant_fill_CONFOUNDED,random_scattered,0.939517,0.003326,0.942843
C:\My_Project\AIGC\SiT\cdf\Fake_from_Celeb-real\id56_0007\26102.png,truetest_df40,0.05,blur,random_seed0,0.951512,-0.000208,0.951303
C:\My_Project\AIGC\SiT\cdf\Fake_from_Celeb-real\id56_0007\26102.png,truetest_df40,0.05,blur,random_seed1,0.950401,0.000903,0.951303
C:\My_Project\AIGC\SiT\cdf\Fake_from_Celeb-real\id56_0007\26102.png,truetest_df40,0.05,blur,random_seed2,0.948373,0.00293,0.951303
C:\My_Project\AIGC\SiT\cdf\Fake_from_Celeb-real\id56_0007\26102.png,truetest_df40,0.05,blur,random_seed3,0.950264,0.00104,0.951303
C:\My_Project\AIGC\SiT\cdf\Fake_from_Celeb-real\id56_0007\26102.png,truetest_df40,0.05,blur,random_seed4,0.953808,-0.002505,0.951303
C:\My_Project\AIGC\SiT\cdf\Fake_from_Celeb-real\id56_0007\26102.png,truetest_df40,0.05,blur,hot,0.949269,0.002035,0.951303
C:\My_Project\AIGC\SiT\cdf\Fake_from_Celeb-real\id56_0007\26102.png,truetest_df40,0.05,blur,bottom,0.948566,0.002737,0.951303
C:\My_Project\AIGC\SiT\cdf\Fake_from_Celeb-real\id56_0007\26102.png,truetest_df40,0.05,blur,random_mean,0.950871,0.000432,0.951303
C:\My_Project\AIGC\SiT\cdf\Fake_from_Celeb-real\id56_0007\26102.png,truetest_df40,0.05,constant_fill_CONFOUNDED,hot,0.927807,0.023497,0.951303
C:\My_Project\AIGC\SiT\cdf\Fake_from_Celeb-real\id56_0007\26102.png,truetest_df40,0.05,constant_fill_CONFOUNDED,bottom,0.903647,0.047656,0.951303
C:\My_Project\AIGC\SiT\cdf\Fake_from_Celeb-real\id56_0007\26102.png,truetest_df40,0.05,constant_fill_CONFOUNDED,random_scattered,0.670135,0.281168,0.951303
C:\My_Project\AIGC\SiT\cdf\Fake_from_Celeb-real\id56_0007\26102.png,truetest_df40,0.1,blur,random_seed0,0.950531,0.000772,0.951303
C:\My_Project\AIGC\SiT\cdf\Fake_from_Celeb-real\id56_0007\26102.png,truetest_df40,0.1,blur,random_seed1,0.95471,-0.003407,0.951303
C:\My_Project\AIGC\SiT\cdf\Fake_from_Celeb-real\id56_0007\26102.png,truetest_df40,0.1,blur,random_seed2,0.949716,0.001588,0.951303
C:\My_Project\AIGC\SiT\cdf\Fake_from_Celeb-real\id56_0007\26102.png,truetest_df40,0.1,blur,random_seed3,0.946918,0.004386,0.951303
C:\My_Project\AIGC\SiT\cdf\Fake_from_Celeb-real\id56_0007\26102.png,truetest_df40,0.1,blur,random_seed4,0.95029,0.001013,0.951303
C:\My_Project\AIGC\SiT\cdf\Fake_from_Celeb-real\id56_0007\26102.png,truetest_df40,0.1,blur,hot,0.944451,0.006852,0.951303
C:\My_Project\AIGC\SiT\cdf\Fake_from_Celeb-real\id56_0007\26102.png,truetest_df40,0.1,blur,bottom,0.948677,0.002626,0.951303
C:\My_Project\AIGC\SiT\cdf\Fake_from_Celeb-real\id56_0007\26102.png,truetest_df40,0.1,blur,random_mean,0.950433,0.00087,0.951303
C:\My_Project\AIGC\SiT\cdf\Fake_from_Celeb-real\id56_0007\26102.png,truetest_df40,0.1,constant_fill_CONFOUNDED,hot,0.897172,0.054132,0.951303
C:\My_Project\AIGC\SiT\cdf\Fake_from_Celeb-real\id56_0007\26102.png,truetest_df40,0.1,constant_fill_CONFOUNDED,bottom,0.893957,0.057346,0.951303
C:\My_Project\AIGC\SiT\cdf\Fake_from_Celeb-real\id56_0007\26102.png,truetest_df40,0.1,constant_fill_CONFOUNDED,random_scattered,0.834934,0.11637,0.951303
C:\My_Project\AIGC\SiT\cdf\Fake_from_Celeb-real\id56_0007\26102.png,truetest_df40,0.2,blur,random_seed0,0.955514,-0.004211,0.951303
C:\My_Project\AIGC\SiT\cdf\Fake_from_Celeb-real\id56_0007\26102.png,truetest_df40,0.2,blur,random_seed1,0.942734,0.008569,0.951303
C:\My_Project\AIGC\SiT\cdf\Fake_from_Celeb-real\id56_0007\26102.png,truetest_df40,0.2,blur,random_seed2,0.957589,-0.006286,0.951303
C:\My_Project\AIGC\SiT\cdf\Fake_from_Celeb-real\id56_0007\26102.png,truetest_df40,0.2,blur,random_seed3,0.953556,-0.002252,0.951303
C:\My_Project\AIGC\SiT\cdf\Fake_from_Celeb-real\id56_0007\26102.png,truetest_df40,0.2,blur,random_seed4,0.955974,-0.004671,0.951303
C:\My_Project\AIGC\SiT\cdf\Fake_from_Celeb-real\id56_0007\26102.png,truetest_df40,0.2,blur,hot,0.941049,0.010254,0.951303
C:\My_Project\AIGC\SiT\cdf\Fake_from_Celeb-real\id56_0007\26102.png,truetest_df40,0.2,blur,bottom,0.949073,0.00223,0.951303
C:\My_Project\AIGC\SiT\cdf\Fake_from_Celeb-real\id56_0007\26102.png,truetest_df40,0.2,blur,random_mean,0.953073,-0.00177,0.951303
C:\My_Project\AIGC\SiT\cdf\Fake_from_Celeb-real\id56_0007\26102.png,truetest_df40,0.2,constant_fill_CONFOUNDED,hot,0.905626,0.045677,0.951303
C:\My_Project\AIGC\SiT\cdf\Fake_from_Celeb-real\id56_0007\26102.png,truetest_df40,0.2,constant_fill_CONFOUNDED,bottom,0.886786,0.064517,0.951303
C:\My_Project\AIGC\SiT\cdf\Fake_from_Celeb-real\id56_0007\26102.png,truetest_df40,0.2,constant_fill_CONFOUNDED,random_scattered,0.895214,0.056089,0.951303
C:\My_Project\AIGC\ddim\cdf\Fake_from_Celeb-real\id46_0009\Celeb-real_id6_0003_167.png,truetest_df40,0.05,blur,random_seed0,0.933783,-0.000238,0.933545
C:\My_Project\AIGC\ddim\cdf\Fake_from_Celeb-real\id46_0009\Celeb-real_id6_0003_167.png,truetest_df40,0.05,blur,random_seed1,0.932437,0.001108,0.933545
C:\My_Project\AIGC\ddim\cdf\Fake_from_Celeb-real\id46_0009\Celeb-real_id6_0003_167.png,truetest_df40,0.05,blur,random_seed2,0.932713,0.000832,0.933545
C:\My_Project\AIGC\ddim\cdf\Fake_from_Celeb-real\id46_0009\Celeb-real_id6_0003_167.png,truetest_df40,0.05,blur,random_seed3,0.927984,0.005561,0.933545
C:\My_Project\AIGC\ddim\cdf\Fake_from_Celeb-real\id46_0009\Celeb-real_id6_0003_167.png,truetest_df40,0.05,blur,random_seed4,0.933173,0.000372,0.933545
C:\My_Project\AIGC\ddim\cdf\Fake_from_Celeb-real\id46_0009\Celeb-real_id6_0003_167.png,truetest_df40,0.05,blur,hot,0.936365,-0.00282,0.933545
C:\My_Project\AIGC\ddim\cdf\Fake_from_Celeb-real\id46_0009\Celeb-real_id6_0003_167.png,truetest_df40,0.05,blur,bottom,0.934659,-0.001115,0.933545
C:\My_Project\AIGC\ddim\cdf\Fake_from_Celeb-real\id46_0009\Celeb-real_id6_0003_167.png,truetest_df40,0.05,blur,random_mean,0.932018,0.001527,0.933545
C:\My_Project\AIGC\ddim\cdf\Fake_from_Celeb-real\id46_0009\Celeb-real_id6_0003_167.png,truetest_df40,0.05,constant_fill_CONFOUNDED,hot,0.842285,0.09126,0.933545
C:\My_Project\AIGC\ddim\cdf\Fake_from_Celeb-real\id46_0009\Celeb-real_id6_0003_167.png,truetest_df40,0.05,constant_fill_CONFOUNDED,bottom,0.929198,0.004347,0.933545
C:\My_Project\AIGC\ddim\cdf\Fake_from_Celeb-real\id46_0009\Celeb-real_id6_0003_167.png,truetest_df40,0.05,constant_fill_CONFOUNDED,random_scattered,0.446292,0.487253,0.933545
C:\My_Project\AIGC\ddim\cdf\Fake_from_Celeb-real\id46_0009\Celeb-real_id6_0003_167.png,truetest_df40,0.1,blur,random_seed0,0.936862,-0.003317,0.933545
C:\My_Project\AIGC\ddim\cdf\Fake_from_Celeb-real\id46_0009\Celeb-real_id6_0003_167.png,truetest_df40,0.1,blur,random_seed1,0.932311,0.001234,0.933545
C:\My_Project\AIGC\ddim\cdf\Fake_from_Celeb-real\id46_0009\Celeb-real_id6_0003_167.png,truetest_df40,0.1,blur,random_seed2,0.929114,0.004431,0.933545
C:\My_Project\AIGC\ddim\cdf\Fake_from_Celeb-real\id46_0009\Celeb-real_id6_0003_167.png,truetest_df40,0.1,blur,random_seed3,0.931827,0.001718,0.933545
C:\My_Project\AIGC\ddim\cdf\Fake_from_Celeb-real\id46_0009\Celeb-real_id6_0003_167.png,truetest_df40,0.1,blur,random_seed4,0.919974,0.013571,0.933545
C:\My_Project\AIGC\ddim\cdf\Fake_from_Celeb-real\id46_0009\Celeb-real_id6_0003_167.png,truetest_df40,0.1,blur,hot,0.930581,0.002964,0.933545
C:\My_Project\AIGC\ddim\cdf\Fake_from_Celeb-real\id46_0009\Celeb-real_id6_0003_167.png,truetest_df40,0.1,blur,bottom,0.935576,-0.002031,0.933545
C:\My_Project\AIGC\ddim\cdf\Fake_from_Celeb-real\id46_0009\Celeb-real_id6_0003_167.png,truetest_df40,0.1,blur,random_mean,0.930018,0.003527,0.933545
C:\My_Project\AIGC\ddim\cdf\Fake_from_Celeb-real\id46_0009\Celeb-real_id6_0003_167.png,truetest_df40,0.1,constant_fill_CONFOUNDED,hot,0.400946,0.532599,0.933545
C:\My_Project\AIGC\ddim\cdf\Fake_from_Celeb-real\id46_0009\Celeb-real_id6_0003_167.png,truetest_df40,0.1,constant_fill_CONFOUNDED,bottom,0.92016,0.013385,0.933545
C:\My_Project\AIGC\ddim\cdf\Fake_from_Celeb-real\id46_0009\Celeb-real_id6_0003_167.png,truetest_df40,0.1,constant_fill_CONFOUNDED,random_scattered,0.796024,0.137521,0.933545
C:\My_Project\AIGC\ddim\cdf\Fake_from_Celeb-real\id46_0009\Celeb-real_id6_0003_167.png,truetest_df40,0.2,blur,random_seed0,0.931634,0.001911,0.933545
C:\My_Project\AIGC\ddim\cdf\Fake_from_Celeb-real\id46_0009\Celeb-real_id6_0003_167.png,truetest_df40,0.2,blur,random_seed1,0.8748,0.058745,0.933545
C:\My_Project\AIGC\ddim\cdf\Fake_from_Celeb-real\id46_0009\Celeb-real_id6_0003_167.png,truetest_df40,0.2,blur,random_seed2,0.924209,0.009336,0.933545
C:\My_Project\AIGC\ddim\cdf\Fake_from_Celeb-real\id46_0009\Celeb-real_id6_0003_167.png,truetest_df40,0.2,blur,random_seed3,0.92253,0.011015,0.933545
C:\My_Project\AIGC\ddim\cdf\Fake_from_Celeb-real\id46_0009\Celeb-real_id6_0003_167.png,truetest_df40,0.2,blur,random_seed4,0.930107,0.003438,0.933545
C:\My_Project\AIGC\ddim\cdf\Fake_from_Celeb-real\id46_0009\Celeb-real_id6_0003_167.png,truetest_df40,0.2,blur,hot,0.888658,0.044887,0.933545
C:\My_Project\AIGC\ddim\cdf\Fake_from_Celeb-real\id46_0009\Celeb-real_id6_0003_167.png,truetest_df40,0.2,blur,bottom,0.935489,-0.001944,0.933545
C:\My_Project\AIGC\ddim\cdf\Fake_from_Celeb-real\id46_0009\Celeb-real_id6_0003_167.png,truetest_df40,0.2,blur,random_mean,0.916656,0.016889,0.933545
C:\My_Project\AIGC\ddim\cdf\Fake_from_Celeb-real\id46_0009\Celeb-real_id6_0003_167.png,truetest_df40,0.2,constant_fill_CONFOUNDED,hot,0.8907,0.042845,0.933545
C:\My_Project\AIGC\ddim\cdf\Fake_from_Celeb-real\id46_0009\Celeb-real_id6_0003_167.png,truetest_df40,0.2,constant_fill_CONFOUNDED,bottom,0.923506,0.010039,0.933545
C:\My_Project\AIGC\ddim\cdf\Fake_from_Celeb-real\id46_0009\Celeb-real_id6_0003_167.png,truetest_df40,0.2,constant_fill_CONFOUNDED,random_scattered,0.905915,0.02763,0.933545
C:\My_Project\AIGC\ddim\cdf\Fake_from_Celeb-real\id4_0008\Celeb-real_id5_0005_299.png,truetest_df40,0.05,blur,random_seed0,0.921378,-0.001829,0.919549
C:\My_Project\AIGC\ddim\cdf\Fake_from_Celeb-real\id4_0008\Celeb-real_id5_0005_299.png,truetest_df40,0.05,blur,random_seed1,0.91951,3.8e-05,0.919549
C:\My_Project\AIGC\ddim\cdf\Fake_from_Celeb-real\id4_0008\Celeb-real_id5_0005_299.png,truetest_df40,0.05,blur,random_seed2,0.913589,0.00596,0.919549
C:\My_Project\AIGC\ddim\cdf\Fake_from_Celeb-real\id4_0008\Celeb-real_id5_0005_299.png,truetest_df40,0.05,blur,random_seed3,0.924965,-0.005416,0.919549
C:\My_Project\AIGC\ddim\cdf\Fake_from_Celeb-real\id4_0008\Celeb-real_id5_0005_299.png,truetest_df40,0.05,blur,random_seed4,0.914057,0.005492,0.919549
C:\My_Project\AIGC\ddim\cdf\Fake_from_Celeb-real\id4_0008\Celeb-real_id5_0005_299.png,truetest_df40,0.05,blur,hot,0.922494,-0.002945,0.919549
C:\My_Project\AIGC\ddim\cdf\Fake_from_Celeb-real\id4_0008\Celeb-real_id5_0005_299.png,truetest_df40,0.05,blur,bottom,0.919192,0.000357,0.919549
C:\My_Project\AIGC\ddim\cdf\Fake_from_Celeb-real\id4_0008\Celeb-real_id5_0005_299.png,truetest_df40,0.05,blur,random_mean,0.9187,0.000849,0.919549
C:\My_Project\AIGC\ddim\cdf\Fake_from_Celeb-real\id4_0008\Celeb-real_id5_0005_299.png,truetest_df40,0.05,constant_fill_CONFOUNDED,hot,0.876239,0.04331,0.919549
C:\My_Project\AIGC\ddim\cdf\Fake_from_Celeb-real\id4_0008\Celeb-real_id5_0005_299.png,truetest_df40,0.05,constant_fill_CONFOUNDED,bottom,0.902449,0.017099,0.919549
C:\My_Project\AIGC\ddim\cdf\Fake_from_Celeb-real\id4_0008\Celeb-real_id5_0005_299.png,truetest_df40,0.05,constant_fill_CONFOUNDED,random_scattered,0.9182,0.001349,0.919549
C:\My_Project\AIGC\ddim\cdf\Fake_from_Celeb-real\id4_0008\Celeb-real_id5_0005_299.png,truetest_df40,0.1,blur,random_seed0,0.885242,0.034307,0.919549
C:\My_Project\AIGC\ddim\cdf\Fake_from_Celeb-real\id4_0008\Celeb-real_id5_0005_299.png,truetest_df40,0.1,blur,random_seed1,0.921627,-0.002079,0.919549
C:\My_Project\AIGC\ddim\cdf\Fake_from_Celeb-real\id4_0008\Celeb-real_id5_0005_299.png,truetest_df40,0.1,blur,random_seed2,0.914115,0.005434,0.919549
C:\My_Project\AIGC\ddim\cdf\Fake_from_Celeb-real\id4_0008\Celeb-real_id5_0005_299.png,truetest_df40,0.1,blur,random_seed3,0.904573,0.014976,0.919549
C:\My_Project\AIGC\ddim\cdf\Fake_from_Celeb-real\id4_0008\Celeb-real_id5_0005_299.png,truetest_df40,0.1,blur,random_seed4,0.923103,-0.003554,0.919549
C:\My_Project\AIGC\ddim\cdf\Fake_from_Celeb-real\id4_0008\Celeb-real_id5_0005_299.png,truetest_df40,0.1,blur,hot,0.844753,0.074795,0.919549
C:\My_Project\AIGC\ddim\cdf\Fake_from_Celeb-real\id4_0008\Celeb-real_id5_0005_299.png,truetest_df40,0.1,blur,bottom,0.916486,0.003062,0.919549
C:\My_Project\AIGC\ddim\cdf\Fake_from_Celeb-real\id4_0008\Celeb-real_id5_0005_299.png,truetest_df40,0.1,blur,random_mean,0.909732,0.009817,0.919549
C:\My_Project\AIGC\ddim\cdf\Fake_from_Celeb-real\id4_0008\Celeb-real_id5_0005_299.png,truetest_df40,0.1,constant_fill_CONFOUNDED,hot,0.61574,0.303809,0.919549
C:\My_Project\AIGC\ddim\cdf\Fake_from_Celeb-real\id4_0008\Celeb-real_id5_0005_299.png,truetest_df40,0.1,constant_fill_CONFOUNDED,bottom,0.913528,0.00602,0.919549
C:\My_Project\AIGC\ddim\cdf\Fake_from_Celeb-real\id4_0008\Celeb-real_id5_0005_299.png,truetest_df40,0.1,constant_fill_CONFOUNDED,random_scattered,0.928763,-0.009214,0.919549
C:\My_Project\AIGC\ddim\cdf\Fake_from_Celeb-real\id4_0008\Celeb-real_id5_0005_299.png,truetest_df40,0.2,blur,random_seed0,0.91337,0.006179,0.919549
C:\My_Project\AIGC\ddim\cdf\Fake_from_Celeb-real\id4_0008\Celeb-real_id5_0005_299.png,truetest_df40,0.2,blur,random_seed1,0.919688,-0.000139,0.919549
C:\My_Project\AIGC\ddim\cdf\Fake_from_Celeb-real\id4_0008\Celeb-real_id5_0005_299.png,truetest_df40,0.2,blur,random_seed2,0.820128,0.09942,0.919549
C:\My_Project\AIGC\ddim\cdf\Fake_from_Celeb-real\id4_0008\Celeb-real_id5_0005_299.png,truetest_df40,0.2,blur,random_seed3,0.898608,0.020941,0.919549
C:\My_Project\AIGC\ddim\cdf\Fake_from_Celeb-real\id4_0008\Celeb-real_id5_0005_299.png,truetest_df40,0.2,blur,random_seed4,0.765829,0.153719,0.919549
C:\My_Project\AIGC\ddim\cdf\Fake_from_Celeb-real\id4_0008\Celeb-real_id5_0005_299.png,truetest_df40,0.2,blur,hot,0.645356,0.274193,0.919549
C:\My_Project\AIGC\ddim\cdf\Fake_from_Celeb-real\id4_0008\Celeb-real_id5_0005_299.png,truetest_df40,0.2,blur,bottom,0.913024,0.006524,0.919549
C:\My_Project\AIGC\ddim\cdf\Fake_from_Celeb-real\id4_0008\Celeb-real_id5_0005_299.png,truetest_df40,0.2,blur,random_mean,0.863524,0.056024,0.919549
C:\My_Project\AIGC\ddim\cdf\Fake_from_Celeb-real\id4_0008\Celeb-real_id5_0005_299.png,truetest_df40,0.2,constant_fill_CONFOUNDED,hot,0.787683,0.131866,0.919549
C:\My_Project\AIGC\ddim\cdf\Fake_from_Celeb-real\id4_0008\Celeb-real_id5_0005_299.png,truetest_df40,0.2,constant_fill_CONFOUNDED,bottom,0.895913,0.023636,0.919549
C:\My_Project\AIGC\ddim\cdf\Fake_from_Celeb-real\id4_0008\Celeb-real_id5_0005_299.png,truetest_df40,0.2,constant_fill_CONFOUNDED,random_scattered,0.925069,-0.00552,0.919549
C:\My_Project\AIGC\ddim\cdf\Fake_from_Celeb-real\id59_0004\YouTube-real_00018_420.png,truetest_df40,0.05,blur,random_seed0,0.94439,0.001152,0.945542
C:\My_Project\AIGC\ddim\cdf\Fake_from_Celeb-real\id59_0004\YouTube-real_00018_420.png,truetest_df40,0.05,blur,random_seed1,0.934092,0.01145,0.945542
C:\My_Project\AIGC\ddim\cdf\Fake_from_Celeb-real\id59_0004\YouTube-real_00018_420.png,truetest_df40,0.05,blur,random_seed2,0.939425,0.006117,0.945542
C:\My_Project\AIGC\ddim\cdf\Fake_from_Celeb-real\id59_0004\YouTube-real_00018_420.png,truetest_df40,0.05,blur,random_seed3,0.945108,0.000434,0.945542
C:\My_Project\AIGC\ddim\cdf\Fake_from_Celeb-real\id59_0004\YouTube-real_00018_420.png,truetest_df40,0.05,blur,random_seed4,0.938024,0.007518,0.945542
C:\My_Project\AIGC\ddim\cdf\Fake_from_Celeb-real\id59_0004\YouTube-real_00018_420.png,truetest_df40,0.05,blur,hot,0.932155,0.013387,0.945542
C:\My_Project\AIGC\ddim\cdf\Fake_from_Celeb-real\id59_0004\YouTube-real_00018_420.png,truetest_df40,0.05,blur,bottom,0.944116,0.001426,0.945542
C:\My_Project\AIGC\ddim\cdf\Fake_from_Celeb-real\id59_0004\YouTube-real_00018_420.png,truetest_df40,0.05,blur,random_mean,0.940208,0.005334,0.945542
C:\My_Project\AIGC\ddim\cdf\Fake_from_Celeb-real\id59_0004\YouTube-real_00018_420.png,truetest_df40,0.05,constant_fill_CONFOUNDED,hot,0.886573,0.058969,0.945542
C:\My_Project\AIGC\ddim\cdf\Fake_from_Celeb-real\id59_0004\YouTube-real_00018_420.png,truetest_df40,0.05,constant_fill_CONFOUNDED,bottom,0.923446,0.022096,0.945542
C:\My_Project\AIGC\ddim\cdf\Fake_from_Celeb-real\id59_0004\YouTube-real_00018_420.png,truetest_df40,0.05,constant_fill_CONFOUNDED,random_scattered,0.756389,0.189153,0.945542
C:\My_Project\AIGC\ddim\cdf\Fake_from_Celeb-real\id59_0004\YouTube-real_00018_420.png,truetest_df40,0.1,blur,random_seed0,0.93415,0.011392,0.945542
C:\My_Project\AIGC\ddim\cdf\Fake_from_Celeb-real\id59_0004\YouTube-real_00018_420.png,truetest_df40,0.1,blur,random_seed1,0.934494,0.011048,0.945542
C:\My_Project\AIGC\ddim\cdf\Fake_from_Celeb-real\id59_0004\YouTube-real_00018_420.png,truetest_df40,0.1,blur,random_seed2,0.942819,0.002723,0.945542
C:\My_Project\AIGC\ddim\cdf\Fake_from_Celeb-real\id59_0004\YouTube-real_00018_420.png,truetest_df40,0.1,blur,random_seed3,0.931064,0.014477,0.945542
C:\My_Project\AIGC\ddim\cdf\Fake_from_Celeb-real\id59_0004\YouTube-real_00018_420.png,truetest_df40,0.1,blur,random_seed4,0.926892,0.01865,0.945542
C:\My_Project\AIGC\ddim\cdf\Fake_from_Celeb-real\id59_0004\YouTube-real_00018_420.png,truetest_df40,0.1,blur,hot,0.906186,0.039356,0.945542
C:\My_Project\AIGC\ddim\cdf\Fake_from_Celeb-real\id59_0004\YouTube-real_00018_420.png,truetest_df40,0.1,blur,bottom,0.942065,0.003477,0.945542
C:\My_Project\AIGC\ddim\cdf\Fake_from_Celeb-real\id59_0004\YouTube-real_00018_420.png,truetest_df40,0.1,blur,random_mean,0.933884,0.011658,0.945542
C:\My_Project\AIGC\ddim\cdf\Fake_from_Celeb-real\id59_0004\YouTube-real_00018_420.png,truetest_df40,0.1,constant_fill_CONFOUNDED,hot,0.689869,0.255673,0.945542
C:\My_Project\AIGC\ddim\cdf\Fake_from_Celeb-real\id59_0004\YouTube-real_00018_420.png,truetest_df40,0.1,constant_fill_CONFOUNDED,bottom,0.922857,0.022685,0.945542
C:\My_Project\AIGC\ddim\cdf\Fake_from_Celeb-real\id59_0004\YouTube-real_00018_420.png,truetest_df40,0.1,constant_fill_CONFOUNDED,random_scattered,0.890389,0.055153,0.945542
C:\My_Project\AIGC\ddim\cdf\Fake_from_Celeb-real\id59_0004\YouTube-real_00018_420.png,truetest_df40,0.2,blur,random_seed0,0.917875,0.027667,0.945542
C:\My_Project\AIGC\ddim\cdf\Fake_from_Celeb-real\id59_0004\YouTube-real_00018_420.png,truetest_df40,0.2,blur,random_seed1,0.904476,0.041066,0.945542
C:\My_Project\AIGC\ddim\cdf\Fake_from_Celeb-real\id59_0004\YouTube-real_00018_420.png,truetest_df40,0.2,blur,random_seed2,0.823374,0.122168,0.945542
C:\My_Project\AIGC\ddim\cdf\Fake_from_Celeb-real\id59_0004\YouTube-real_00018_420.png,truetest_df40,0.2,blur,random_seed3,0.940204,0.005338,0.945542
C:\My_Project\AIGC\ddim\cdf\Fake_from_Celeb-real\id59_0004\YouTube-real_00018_420.png,truetest_df40,0.2,blur,random_seed4,0.941248,0.004294,0.945542
C:\My_Project\AIGC\ddim\cdf\Fake_from_Celeb-real\id59_0004\YouTube-real_00018_420.png,truetest_df40,0.2,blur,hot,0.844135,0.101406,0.945542
C:\My_Project\AIGC\ddim\cdf\Fake_from_Celeb-real\id59_0004\YouTube-real_00018_420.png,truetest_df40,0.2,blur,bottom,0.93606,0.009482,0.945542
C:\My_Project\AIGC\ddim\cdf\Fake_from_Celeb-real\id59_0004\YouTube-real_00018_420.png,truetest_df40,0.2,blur,random_mean,0.905435,0.040107,0.945542
C:\My_Project\AIGC\ddim\cdf\Fake_from_Celeb-real\id59_0004\YouTube-real_00018_420.png,truetest_df40,0.2,constant_fill_CONFOUNDED,hot,0.703202,0.24234,0.945542
C:\My_Project\AIGC\ddim\cdf\Fake_from_Celeb-real\id59_0004\YouTube-real_00018_420.png,truetest_df40,0.2,constant_fill_CONFOUNDED,bottom,0.912107,0.033435,0.945542
C:\My_Project\AIGC\ddim\cdf\Fake_from_Celeb-real\id59_0004\YouTube-real_00018_420.png,truetest_df40,0.2,constant_fill_CONFOUNDED,random_scattered,0.900633,0.044909,0.945542
C:\My_Project\AIGC\ddim\cdf\Fake_from_Celeb-real\id40_0009\Celeb-real_id52_0005_373.png,truetest_df40,0.05,blur,random_seed0,0.931179,0.001318,0.932497
C:\My_Project\AIGC\ddim\cdf\Fake_from_Celeb-real\id40_0009\Celeb-real_id52_0005_373.png,truetest_df40,0.05,blur,random_seed1,0.932156,0.00034,0.932497
C:\My_Project\AIGC\ddim\cdf\Fake_from_Celeb-real\id40_0009\Celeb-real_id52_0005_373.png,truetest_df40,0.05,blur,random_seed2,0.927862,0.004635,0.932497
C:\My_Project\AIGC\ddim\cdf\Fake_from_Celeb-real\id40_0009\Celeb-real_id52_0005_373.png,truetest_df40,0.05,blur,random_seed3,0.931298,0.001199,0.932497
C:\My_Project\AIGC\ddim\cdf\Fake_from_Celeb-real\id40_0009\Celeb-real_id52_0005_373.png,truetest_df40,0.05,blur,random_seed4,0.932289,0.000208,0.932497
C:\My_Project\AIGC\ddim\cdf\Fake_from_Celeb-real\id40_0009\Celeb-real_id52_0005_373.png,truetest_df40,0.05,blur,hot,0.934007,-0.00151,0.932497
C:\My_Project\AIGC\ddim\cdf\Fake_from_Celeb-real\id40_0009\Celeb-real_id52_0005_373.png,truetest_df40,0.05,blur,bottom,0.93168,0.000817,0.932497
C:\My_Project\AIGC\ddim\cdf\Fake_from_Celeb-real\id40_0009\Celeb-real_id52_0005_373.png,truetest_df40,0.05,blur,random_mean,0.930957,0.00154,0.932497
C:\My_Project\AIGC\ddim\cdf\Fake_from_Celeb-real\id40_0009\Celeb-real_id52_0005_373.png,truetest_df40,0.05,constant_fill_CONFOUNDED,hot,0.932253,0.000244,0.932497
C:\My_Project\AIGC\ddim\cdf\Fake_from_Celeb-real\id40_0009\Celeb-real_id52_0005_373.png,truetest_df40,0.05,constant_fill_CONFOUNDED,bottom,0.921878,0.010618,0.932497
C:\My_Project\AIGC\ddim\cdf\Fake_from_Celeb-real\id40_0009\Celeb-real_id52_0005_373.png,truetest_df40,0.05,constant_fill_CONFOUNDED,random_scattered,0.77704,0.155457,0.932497
C:\My_Project\AIGC\ddim\cdf\Fake_from_Celeb-real\id40_0009\Celeb-real_id52_0005_373.png,truetest_df40,0.1,blur,random_seed0,0.929247,0.00325,0.932497
C:\My_Project\AIGC\ddim\cdf\Fake_from_Celeb-real\id40_0009\Celeb-real_id52_0005_373.png,truetest_df40,0.1,blur,random_seed1,0.928406,0.004091,0.932497
C:\My_Project\AIGC\ddim\cdf\Fake_from_Celeb-real\id40_0009\Celeb-real_id52_0005_373.png,truetest_df40,0.1,blur,random_seed2,0.924466,0.008031,0.932497
C:\My_Project\AIGC\ddim\cdf\Fake_from_Celeb-real\id40_0009\Celeb-real_id52_0005_373.png,truetest_df40,0.1,blur,random_seed3,0.935295,-0.002798,0.932497
C:\My_Project\AIGC\ddim\cdf\Fake_from_Celeb-real\id40_0009\Celeb-real_id52_0005_373.png,truetest_df40,0.1,blur,random_seed4,0.931045,0.001452,0.932497
C:\My_Project\AIGC\ddim\cdf\Fake_from_Celeb-real\id40_0009\Celeb-real_id52_0005_373.png,truetest_df40,0.1,blur,hot,0.919983,0.012514,0.932497
C:\My_Project\AIGC\ddim\cdf\Fake_from_Celeb-real\id40_0009\Celeb-real_id52_0005_373.png,truetest_df40,0.1,blur,bottom,0.929201,0.003296,0.932497
C:\My_Project\AIGC\ddim\cdf\Fake_from_Celeb-real\id40_0009\Celeb-real_id52_0005_373.png,truetest_df40,0.1,blur,random_mean,0.929692,0.002805,0.932497
C:\My_Project\AIGC\ddim\cdf\Fake_from_Celeb-real\id40_0009\Celeb-real_id52_0005_373.png,truetest_df40,0.1,constant_fill_CONFOUNDED,hot,0.890984,0.041512,0.932497
C:\My_Project\AIGC\ddim\cdf\Fake_from_Celeb-real\id40_0009\Celeb-real_id52_0005_373.png,truetest_df40,0.1,constant_fill_CONFOUNDED,bottom,0.9205,0.011997,0.932497
C:\My_Project\AIGC\ddim\cdf\Fake_from_Celeb-real\id40_0009\Celeb-real_id52_0005_373.png,truetest_df40,0.1,constant_fill_CONFOUNDED,random_scattered,0.669949,0.262548,0.932497
C:\My_Project\AIGC\ddim\cdf\Fake_from_Celeb-real\id40_0009\Celeb-real_id52_0005_373.png,truetest_df40,0.2,blur,random_seed0,0.926582,0.005915,0.932497
C:\My_Project\AIGC\ddim\cdf\Fake_from_Celeb-real\id40_0009\Celeb-real_id52_0005_373.png,truetest_df40,0.2,blur,random_seed1,0.930409,0.002088,0.932497
C:\My_Project\AIGC\ddim\cdf\Fake_from_Celeb-real\id40_0009\Celeb-real_id52_0005_373.png,truetest_df40,0.2,blur,random_seed2,0.92927,0.003226,0.932497
C:\My_Project\AIGC\ddim\cdf\Fake_from_Celeb-real\id40_0009\Celeb-real_id52_0005_373.png,truetest_df40,0.2,blur,random_seed3,0.924392,0.008105,0.932497
C:\My_Project\AIGC\ddim\cdf\Fake_from_Celeb-real\id40_0009\Celeb-real_id52_0005_373.png,truetest_df40,0.2,blur,random_seed4,0.932722,-0.000225,0.932497
C:\My_Project\AIGC\ddim\cdf\Fake_from_Celeb-real\id40_0009\Celeb-real_id52_0005_373.png,truetest_df40,0.2,blur,hot,0.897351,0.035146,0.932497
C:\My_Project\AIGC\ddim\cdf\Fake_from_Celeb-real\id40_0009\Celeb-real_id52_0005_373.png,truetest_df40,0.2,blur,bottom,0.927668,0.004829,0.932497
C:\My_Project\AIGC\ddim\cdf\Fake_from_Celeb-real\id40_0009\Celeb-real_id52_0005_373.png,truetest_df40,0.2,blur,random_mean,0.928675,0.003822,0.932497
C:\My_Project\AIGC\ddim\cdf\Fake_from_Celeb-real\id40_0009\Celeb-real_id52_0005_373.png,truetest_df40,0.2,constant_fill_CONFOUNDED,hot,0.915106,0.01739,0.932497
C:\My_Project\AIGC\ddim\cdf\Fake_from_Celeb-real\id40_0009\Celeb-real_id52_0005_373.png,truetest_df40,0.2,constant_fill_CONFOUNDED,bottom,0.9181,0.014397,0.932497
C:\My_Project\AIGC\ddim\cdf\Fake_from_Celeb-real\id40_0009\Celeb-real_id52_0005_373.png,truetest_df40,0.2,constant_fill_CONFOUNDED,random_scattered,0.731275,0.201222,0.932497
C:\My_Project\AIGC\ddim\cdf\Fake_from_Youtube-real\00259\Celeb-real_id25_0002_087.png,truetest_df40,0.05,blur,random_seed0,0.918406,0.000847,0.919253
C:\My_Project\AIGC\ddim\cdf\Fake_from_Youtube-real\00259\Celeb-real_id25_0002_087.png,truetest_df40,0.05,blur,random_seed1,0.926088,-0.006835,0.919253
C:\My_Project\AIGC\ddim\cdf\Fake_from_Youtube-real\00259\Celeb-real_id25_0002_087.png,truetest_df40,0.05,blur,random_seed2,0.916485,0.002768,0.919253
C:\My_Project\AIGC\ddim\cdf\Fake_from_Youtube-real\00259\Celeb-real_id25_0002_087.png,truetest_df40,0.05,blur,random_seed3,0.917253,0.002,0.919253
C:\My_Project\AIGC\ddim\cdf\Fake_from_Youtube-real\00259\Celeb-real_id25_0002_087.png,truetest_df40,0.05,blur,random_seed4,0.915836,0.003417,0.919253
C:\My_Project\AIGC\ddim\cdf\Fake_from_Youtube-real\00259\Celeb-real_id25_0002_087.png,truetest_df40,0.05,blur,hot,0.886239,0.033014,0.919253
C:\My_Project\AIGC\ddim\cdf\Fake_from_Youtube-real\00259\Celeb-real_id25_0002_087.png,truetest_df40,0.05,blur,bottom,0.921676,-0.002423,0.919253
C:\My_Project\AIGC\ddim\cdf\Fake_from_Youtube-real\00259\Celeb-real_id25_0002_087.png,truetest_df40,0.05,blur,random_mean,0.918814,0.000439,0.919253
C:\My_Project\AIGC\ddim\cdf\Fake_from_Youtube-real\00259\Celeb-real_id25_0002_087.png,truetest_df40,0.05,constant_fill_CONFOUNDED,hot,0.102743,0.81651,0.919253
C:\My_Project\AIGC\ddim\cdf\Fake_from_Youtube-real\00259\Celeb-real_id25_0002_087.png,truetest_df40,0.05,constant_fill_CONFOUNDED,bottom,0.905315,0.013938,0.919253
C:\My_Project\AIGC\ddim\cdf\Fake_from_Youtube-real\00259\Celeb-real_id25_0002_087.png,truetest_df40,0.05,constant_fill_CONFOUNDED,random_scattered,0.86015,0.059103,0.919253
C:\My_Project\AIGC\ddim\cdf\Fake_from_Youtube-real\00259\Celeb-real_id25_0002_087.png,truetest_df40,0.1,blur,random_seed0,0.915873,0.00338,0.919253
C:\My_Project\AIGC\ddim\cdf\Fake_from_Youtube-real\00259\Celeb-real_id25_0002_087.png,truetest_df40,0.1,blur,random_seed1,0.917316,0.001937,0.919253
C:\My_Project\AIGC\ddim\cdf\Fake_from_Youtube-real\00259\Celeb-real_id25_0002_087.png,truetest_df40,0.1,blur,random_seed2,0.758646,0.160607,0.919253
C:\My_Project\AIGC\ddim\cdf\Fake_from_Youtube-real\00259\Celeb-real_id25_0002_087.png,truetest_df40,0.1,blur,random_seed3,0.913597,0.005656,0.919253
C:\My_Project\AIGC\ddim\cdf\Fake_from_Youtube-real\00259\Celeb-real_id25_0002_087.png,truetest_df40,0.1,blur,random_seed4,0.845623,0.07363,0.919253
C:\My_Project\AIGC\ddim\cdf\Fake_from_Youtube-real\00259\Celeb-real_id25_0002_087.png,truetest_df40,0.1,blur,hot,0.547468,0.371785,0.919253
C:\My_Project\AIGC\ddim\cdf\Fake_from_Youtube-real\00259\Celeb-real_id25_0002_087.png,truetest_df40,0.1,blur,bottom,0.919575,-0.000322,0.919253
C:\My_Project\AIGC\ddim\cdf\Fake_from_Youtube-real\00259\Celeb-real_id25_0002_087.png,truetest_df40,0.1,blur,random_mean,0.870211,0.049042,0.919253
C:\My_Project\AIGC\ddim\cdf\Fake_from_Youtube-real\00259\Celeb-real_id25_0002_087.png,truetest_df40,0.1,constant_fill_CONFOUNDED,hot,0.09293,0.826323,0.919253
C:\My_Project\AIGC\ddim\cdf\Fake_from_Youtube-real\00259\Celeb-real_id25_0002_087.png,truetest_df40,0.1,constant_fill_CONFOUNDED,bottom,0.912896,0.006357,0.919253
C:\My_Project\AIGC\ddim\cdf\Fake_from_Youtube-real\00259\Celeb-real_id25_0002_087.png,truetest_df40,0.1,constant_fill_CONFOUNDED,random_scattered,0.91445,0.004803,0.919253
C:\My_Project\AIGC\ddim\cdf\Fake_from_Youtube-real\00259\Celeb-real_id25_0002_087.png,truetest_df40,0.2,blur,random_seed0,0.908332,0.010921,0.919253
C:\My_Project\AIGC\ddim\cdf\Fake_from_Youtube-real\00259\Celeb-real_id25_0002_087.png,truetest_df40,0.2,blur,random_seed1,0.850411,0.068842,0.919253
C:\My_Project\AIGC\ddim\cdf\Fake_from_Youtube-real\00259\Celeb-real_id25_0002_087.png,truetest_df40,0.2,blur,random_seed2,0.927302,-0.008049,0.919253
C:\My_Project\AIGC\ddim\cdf\Fake_from_Youtube-real\00259\Celeb-real_id25_0002_087.png,truetest_df40,0.2,blur,random_seed3,0.921132,-0.001879,0.919253
C:\My_Project\AIGC\ddim\cdf\Fake_from_Youtube-real\00259\Celeb-real_id25_0002_087.png,truetest_df40,0.2,blur,random_seed4,0.84856,0.070693,0.919253
C:\My_Project\AIGC\ddim\cdf\Fake_from_Youtube-real\00259\Celeb-real_id25_0002_087.png,truetest_df40,0.2,blur,hot,0.429841,0.489412,0.919253
C:\My_Project\AIGC\ddim\cdf\Fake_from_Youtube-real\00259\Celeb-real_id25_0002_087.png,truetest_df40,0.2,blur,bottom,0.913426,0.005827,0.919253
C:\My_Project\AIGC\ddim\cdf\Fake_from_Youtube-real\00259\Celeb-real_id25_0002_087.png,truetest_df40,0.2,blur,random_mean,0.891147,0.028106,0.919253
C:\My_Project\AIGC\ddim\cdf\Fake_from_Youtube-real\00259\Celeb-real_id25_0002_087.png,truetest_df40,0.2,constant_fill_CONFOUNDED,hot,0.718394,0.200859,0.919253
C:\My_Project\AIGC\ddim\cdf\Fake_from_Youtube-real\00259\Celeb-real_id25_0002_087.png,truetest_df40,0.2,constant_fill_CONFOUNDED,bottom,0.912006,0.007247,0.919253
C:\My_Project\AIGC\ddim\cdf\Fake_from_Youtube-real\00259\Celeb-real_id25_0002_087.png,truetest_df40,0.2,constant_fill_CONFOUNDED,random_scattered,0.925136,-0.005883,0.919253
C:\My_Project\AIGC\ddim\cdf\Fake_from_Celeb-real\id48_0003\Celeb-real_id26_0001_205.png,truetest_df40,0.05,blur,random_seed0,0.923828,0.000714,0.924542
C:\My_Project\AIGC\ddim\cdf\Fake_from_Celeb-real\id48_0003\Celeb-real_id26_0001_205.png,truetest_df40,0.05,blur,random_seed1,0.915361,0.009182,0.924542
C:\My_Project\AIGC\ddim\cdf\Fake_from_Celeb-real\id48_0003\Celeb-real_id26_0001_205.png,truetest_df40,0.05,blur,random_seed2,0.926044,-0.001502,0.924542
C:\My_Project\AIGC\ddim\cdf\Fake_from_Celeb-real\id48_0003\Celeb-real_id26_0001_205.png,truetest_df40,0.05,blur,random_seed3,0.927128,-0.002585,0.924542
C:\My_Project\AIGC\ddim\cdf\Fake_from_Celeb-real\id48_0003\Celeb-real_id26_0001_205.png,truetest_df40,0.05,blur,random_seed4,0.928472,-0.003929,0.924542
C:\My_Project\AIGC\ddim\cdf\Fake_from_Celeb-real\id48_0003\Celeb-real_id26_0001_205.png,truetest_df40,0.05,blur,hot,0.915445,0.009097,0.924542
C:\My_Project\AIGC\ddim\cdf\Fake_from_Celeb-real\id48_0003\Celeb-real_id26_0001_205.png,truetest_df40,0.05,blur,bottom,0.919954,0.004588,0.924542
C:\My_Project\AIGC\ddim\cdf\Fake_from_Celeb-real\id48_0003\Celeb-real_id26_0001_205.png,truetest_df40,0.05,blur,random_mean,0.924167,0.000376,0.924542
C:\My_Project\AIGC\ddim\cdf\Fake_from_Celeb-real\id48_0003\Celeb-real_id26_0001_205.png,truetest_df40,0.05,constant_fill_CONFOUNDED,hot,0.914391,0.010152,0.924542
C:\My_Project\AIGC\ddim\cdf\Fake_from_Celeb-real\id48_0003\Celeb-real_id26_0001_205.png,truetest_df40,0.05,constant_fill_CONFOUNDED,bottom,0.903589,0.020954,0.924542
C:\My_Project\AIGC\ddim\cdf\Fake_from_Celeb-real\id48_0003\Celeb-real_id26_0001_205.png,truetest_df40,0.05,constant_fill_CONFOUNDED,random_scattered,0.336838,0.587705,0.924542
C:\My_Project\AIGC\ddim\cdf\Fake_from_Celeb-real\id48_0003\Celeb-real_id26_0001_205.png,truetest_df40,0.1,blur,random_seed0,0.92811,-0.003568,0.924542
C:\My_Project\AIGC\ddim\cdf\Fake_from_Celeb-real\id48_0003\Celeb-real_id26_0001_205.png,truetest_df40,0.1,blur,random_seed1,0.922878,0.001664,0.924542
C:\My_Project\AIGC\ddim\cdf\Fake_from_Celeb-real\id48_0003\Celeb-real_id26_0001_205.png,truetest_df40,0.1,blur,random_seed2,0.923578,0.000964,0.924542
C:\My_Project\AIGC\ddim\cdf\Fake_from_Celeb-real\id48_0003\Celeb-real_id26_0001_205.png,truetest_df40,0.1,blur,random_seed3,0.916082,0.008461,0.924542
C:\My_Project\AIGC\ddim\cdf\Fake_from_Celeb-real\id48_0003\Celeb-real_id26_0001_205.png,truetest_df40,0.1,blur,random_seed4,0.918699,0.005843,0.924542
C:\My_Project\AIGC\ddim\cdf\Fake_from_Celeb-real\id48_0003\Celeb-real_id26_0001_205.png,truetest_df40,0.1,blur,hot,0.919728,0.004814,0.924542
C:\My_Project\AIGC\ddim\cdf\Fake_from_Celeb-real\id48_0003\Celeb-real_id26_0001_205.png,truetest_df40,0.1,blur,bottom,0.923558,0.000984,0.924542
C:\My_Project\AIGC\ddim\cdf\Fake_from_Celeb-real\id48_0003\Celeb-real_id26_0001_205.png,truetest_df40,0.1,blur,random_mean,0.921869,0.002673,0.924542
C:\My_Project\AIGC\ddim\cdf\Fake_from_Celeb-real\id48_0003\Celeb-real_id26_0001_205.png,truetest_df40,0.1,constant_fill_CONFOUNDED,hot,0.908433,0.01611,0.924542
C:\My_Project\AIGC\ddim\cdf\Fake_from_Celeb-real\id48_0003\Celeb-real_id26_0001_205.png,truetest_df40,0.1,constant_fill_CONFOUNDED,bottom,0.8933,0.031242,0.924542
C:\My_Project\AIGC\ddim\cdf\Fake_from_Celeb-real\id48_0003\Celeb-real_id26_0001_205.png,truetest_df40,0.1,constant_fill_CONFOUNDED,random_scattered,0.84117,0.083373,0.924542
C:\My_Project\AIGC\ddim\cdf\Fake_from_Celeb-real\id48_0003\Celeb-real_id26_0001_205.png,truetest_df40,0.2,blur,random_seed0,0.9163,0.008243,0.924542
C:\My_Project\AIGC\ddim\cdf\Fake_from_Celeb-real\id48_0003\Celeb-real_id26_0001_205.png,truetest_df40,0.2,blur,random_seed1,0.893945,0.030597,0.924542
C:\My_Project\AIGC\ddim\cdf\Fake_from_Celeb-real\id48_0003\Celeb-real_id26_0001_205.png,truetest_df40,0.2,blur,random_seed2,0.926397,-0.001855,0.924542
C:\My_Project\AIGC\ddim\cdf\Fake_from_Celeb-real\id48_0003\Celeb-real_id26_0001_205.png,truetest_df40,0.2,blur,random_seed3,0.920302,0.00424,0.924542
C:\My_Project\AIGC\ddim\cdf\Fake_from_Celeb-real\id48_0003\Celeb-real_id26_0001_205.png,truetest_df40,0.2,blur,random_seed4,0.921454,0.003088,0.924542
C:\My_Project\AIGC\ddim\cdf\Fake_from_Celeb-real\id48_0003\Celeb-real_id26_0001_205.png,truetest_df40,0.2,blur,hot,0.880656,0.043886,0.924542
C:\My_Project\AIGC\ddim\cdf\Fake_from_Celeb-real\id48_0003\Celeb-real_id26_0001_205.png,truetest_df40,0.2,blur,bottom,0.926911,-0.002368,0.924542
C:\My_Project\AIGC\ddim\cdf\Fake_from_Celeb-real\id48_0003\Celeb-real_id26_0001_205.png,truetest_df40,0.2,blur,random_mean,0.91568,0.008863,0.924542
C:\My_Project\AIGC\ddim\cdf\Fake_from_Celeb-real\id48_0003\Celeb-real_id26_0001_205.png,truetest_df40,0.2,constant_fill_CONFOUNDED,hot,0.886623,0.037919,0.924542
C:\My_Project\AIGC\ddim\cdf\Fake_from_Celeb-real\id48_0003\Celeb-real_id26_0001_205.png,truetest_df40,0.2,constant_fill_CONFOUNDED,bottom,0.900795,0.023748,0.924542
C:\My_Project\AIGC\ddim\cdf\Fake_from_Celeb-real\id48_0003\Celeb-real_id26_0001_205.png,truetest_df40,0.2,constant_fill_CONFOUNDED,random_scattered,0.864753,0.059789,0.924542
C:\My_Project\AIGC\ddim\cdf\Fake_from_Celeb-real\id16_0013\YouTube-real_00251_246.png,truetest_df40,0.05,blur,random_seed0,0.93355,-0.001066,0.932484
C:\My_Project\AIGC\ddim\cdf\Fake_from_Celeb-real\id16_0013\YouTube-real_00251_246.png,truetest_df40,0.05,blur,random_seed1,0.935069,-0.002585,0.932484
C:\My_Project\AIGC\ddim\cdf\Fake_from_Celeb-real\id16_0013\YouTube-real_00251_246.png,truetest_df40,0.05,blur,random_seed2,0.924512,0.007972,0.932484
C:\My_Project\AIGC\ddim\cdf\Fake_from_Celeb-real\id16_0013\YouTube-real_00251_246.png,truetest_df40,0.05,blur,random_seed3,0.928734,0.00375,0.932484
C:\My_Project\AIGC\ddim\cdf\Fake_from_Celeb-real\id16_0013\YouTube-real_00251_246.png,truetest_df40,0.05,blur,random_seed4,0.933378,-0.000894,0.932484
C:\My_Project\AIGC\ddim\cdf\Fake_from_Celeb-real\id16_0013\YouTube-real_00251_246.png,truetest_df40,0.05,blur,hot,0.934925,-0.002441,0.932484
C:\My_Project\AIGC\ddim\cdf\Fake_from_Celeb-real\id16_0013\YouTube-real_00251_246.png,truetest_df40,0.05,blur,bottom,0.930946,0.001538,0.932484
C:\My_Project\AIGC\ddim\cdf\Fake_from_Celeb-real\id16_0013\YouTube-real_00251_246.png,truetest_df40,0.05,blur,random_mean,0.931049,0.001435,0.932484
C:\My_Project\AIGC\ddim\cdf\Fake_from_Celeb-real\id16_0013\YouTube-real_00251_246.png,truetest_df40,0.05,constant_fill_CONFOUNDED,hot,0.927061,0.005423,0.932484
C:\My_Project\AIGC\ddim\cdf\Fake_from_Celeb-real\id16_0013\YouTube-real_00251_246.png,truetest_df40,0.05,constant_fill_CONFOUNDED,bottom,0.915658,0.016826,0.932484
C:\My_Project\AIGC\ddim\cdf\Fake_from_Celeb-real\id16_0013\YouTube-real_00251_246.png,truetest_df40,0.05,constant_fill_CONFOUNDED,random_scattered,0.714407,0.218077,0.932484
C:\My_Project\AIGC\ddim\cdf\Fake_from_Celeb-real\id16_0013\YouTube-real_00251_246.png,truetest_df40,0.1,blur,random_seed0,0.934362,-0.001878,0.932484
C:\My_Project\AIGC\ddim\cdf\Fake_from_Celeb-real\id16_0013\YouTube-real_00251_246.png,truetest_df40,0.1,blur,random_seed1,0.93298,-0.000497,0.932484
C:\My_Project\AIGC\ddim\cdf\Fake_from_Celeb-real\id16_0013\YouTube-real_00251_246.png,truetest_df40,0.1,blur,random_seed2,0.936046,-0.003562,0.932484
C:\My_Project\AIGC\ddim\cdf\Fake_from_Celeb-real\id16_0013\YouTube-real_00251_246.png,truetest_df40,0.1,blur,random_seed3,0.936432,-0.003948,0.932484
C:\My_Project\AIGC\ddim\cdf\Fake_from_Celeb-real\id16_0013\YouTube-real_00251_246.png,truetest_df40,0.1,blur,random_seed4,0.936956,-0.004472,0.932484
C:\My_Project\AIGC\ddim\cdf\Fake_from_Celeb-real\id16_0013\YouTube-real_00251_246.png,truetest_df40,0.1,blur,hot,0.81234,0.120144,0.932484
C:\My_Project\AIGC\ddim\cdf\Fake_from_Celeb-real\id16_0013\YouTube-real_00251_246.png,truetest_df40,0.1,blur,bottom,0.930861,0.001623,0.932484
C:\My_Project\AIGC\ddim\cdf\Fake_from_Celeb-real\id16_0013\YouTube-real_00251_246.png,truetest_df40,0.1,blur,random_mean,0.935355,-0.002871,0.932484
C:\My_Project\AIGC\ddim\cdf\Fake_from_Celeb-real\id16_0013\YouTube-real_00251_246.png,truetest_df40,0.1,constant_fill_CONFOUNDED,hot,0.610775,0.321709,0.932484
C:\My_Project\AIGC\ddim\cdf\Fake_from_Celeb-real\id16_0013\YouTube-real_00251_246.png,truetest_df40,0.1,constant_fill_CONFOUNDED,bottom,0.910279,0.022204,0.932484
C:\My_Project\AIGC\ddim\cdf\Fake_from_Celeb-real\id16_0013\YouTube-real_00251_246.png,truetest_df40,0.1,constant_fill_CONFOUNDED,random_scattered,0.91254,0.019944,0.932484
C:\My_Project\AIGC\ddim\cdf\Fake_from_Celeb-real\id16_0013\YouTube-real_00251_246.png,truetest_df40,0.2,blur,random_seed0,0.892058,0.040426,0.932484
C:\My_Project\AIGC\ddim\cdf\Fake_from_Celeb-real\id16_0013\YouTube-real_00251_246.png,truetest_df40,0.2,blur,random_seed1,0.858094,0.074389,0.932484
C:\My_Project\AIGC\ddim\cdf\Fake_from_Celeb-real\id16_0013\YouTube-real_00251_246.png,truetest_df40,0.2,blur,random_seed2,0.918676,0.013808,0.932484
C:\My_Project\AIGC\ddim\cdf\Fake_from_Celeb-real\id16_0013\YouTube-real_00251_246.png,truetest_df40,0.2,blur,random_seed3,0.88621,0.046274,0.932484
C:\My_Project\AIGC\ddim\cdf\Fake_from_Celeb-real\id16_0013\YouTube-real_00251_246.png,truetest_df40,0.2,blur,random_seed4,0.878301,0.054182,0.932484
C:\My_Project\AIGC\ddim\cdf\Fake_from_Celeb-real\id16_0013\YouTube-real_00251_246.png,truetest_df40,0.2,blur,hot,0.821541,0.110943,0.932484
C:\My_Project\AIGC\ddim\cdf\Fake_from_Celeb-real\id16_0013\YouTube-real_00251_246.png,truetest_df40,0.2,blur,bottom,0.931804,0.00068,0.932484
C:\My_Project\AIGC\ddim\cdf\Fake_from_Celeb-real\id16_0013\YouTube-real_00251_246.png,truetest_df40,0.2,blur,random_mean,0.886668,0.045816,0.932484
C:\My_Project\AIGC\ddim\cdf\Fake_from_Celeb-real\id16_0013\YouTube-real_00251_246.png,truetest_df40,0.2,constant_fill_CONFOUNDED,hot,0.915072,0.017412,0.932484
C:\My_Project\AIGC\ddim\cdf\Fake_from_Celeb-real\id16_0013\YouTube-real_00251_246.png,truetest_df40,0.2,constant_fill_CONFOUNDED,bottom,0.899564,0.03292,0.932484
C:\My_Project\AIGC\ddim\cdf\Fake_from_Celeb-real\id16_0013\YouTube-real_00251_246.png,truetest_df40,0.2,constant_fill_CONFOUNDED,random_scattered,0.916509,0.015975,0.932484
C:\My_Project\AIGC\pixart\cdf\Fake_from_Celeb-real\id56_0003\YouTube-real_00197_360.png,truetest_df40,0.05,blur,random_seed0,0.946361,0.002403,0.948764
C:\My_Project\AIGC\pixart\cdf\Fake_from_Celeb-real\id56_0003\YouTube-real_00197_360.png,truetest_df40,0.05,blur,random_seed1,0.946033,0.002731,0.948764
C:\My_Project\AIGC\pixart\cdf\Fake_from_Celeb-real\id56_0003\YouTube-real_00197_360.png,truetest_df40,0.05,blur,random_seed2,0.951807,-0.003042,0.948764
C:\My_Project\AIGC\pixart\cdf\Fake_from_Celeb-real\id56_0003\YouTube-real_00197_360.png,truetest_df40,0.05,blur,random_seed3,0.946138,0.002626,0.948764
C:\My_Project\AIGC\pixart\cdf\Fake_from_Celeb-real\id56_0003\YouTube-real_00197_360.png,truetest_df40,0.05,blur,random_seed4,0.948196,0.000569,0.948764
C:\My_Project\AIGC\pixart\cdf\Fake_from_Celeb-real\id56_0003\YouTube-real_00197_360.png,truetest_df40,0.05,blur,hot,0.943215,0.005549,0.948764
C:\My_Project\AIGC\pixart\cdf\Fake_from_Celeb-real\id56_0003\YouTube-real_00197_360.png,truetest_df40,0.05,blur,bottom,0.949426,-0.000662,0.948764
C:\My_Project\AIGC\pixart\cdf\Fake_from_Celeb-real\id56_0003\YouTube-real_00197_360.png,truetest_df40,0.05,blur,random_mean,0.947707,0.001057,0.948764
C:\My_Project\AIGC\pixart\cdf\Fake_from_Celeb-real\id56_0003\YouTube-real_00197_360.png,truetest_df40,0.05,constant_fill_CONFOUNDED,hot,0.925206,0.023558,0.948764
C:\My_Project\AIGC\pixart\cdf\Fake_from_Celeb-real\id56_0003\YouTube-real_00197_360.png,truetest_df40,0.05,constant_fill_CONFOUNDED,bottom,0.932287,0.016477,0.948764
C:\My_Project\AIGC\pixart\cdf\Fake_from_Celeb-real\id56_0003\YouTube-real_00197_360.png,truetest_df40,0.05,constant_fill_CONFOUNDED,random_scattered,0.814598,0.134166,0.948764
C:\My_Project\AIGC\pixart\cdf\Fake_from_Celeb-real\id56_0003\YouTube-real_00197_360.png,truetest_df40,0.1,blur,random_seed0,0.952461,-0.003697,0.948764
C:\My_Project\AIGC\pixart\cdf\Fake_from_Celeb-real\id56_0003\YouTube-real_00197_360.png,truetest_df40,0.1,blur,random_seed1,0.948115,0.000649,0.948764
C:\My_Project\AIGC\pixart\cdf\Fake_from_Celeb-real\id56_0003\YouTube-real_00197_360.png,truetest_df40,0.1,blur,random_seed2,0.950651,-0.001887,0.948764
C:\My_Project\AIGC\pixart\cdf\Fake_from_Celeb-real\id56_0003\YouTube-real_00197_360.png,truetest_df40,0.1,blur,random_seed3,0.949556,-0.000792,0.948764
C:\My_Project\AIGC\pixart\cdf\Fake_from_Celeb-real\id56_0003\YouTube-real_00197_360.png,truetest_df40,0.1,blur,random_seed4,0.946839,0.001925,0.948764
C:\My_Project\AIGC\pixart\cdf\Fake_from_Celeb-real\id56_0003\YouTube-real_00197_360.png,truetest_df40,0.1,blur,hot,0.942508,0.006257,0.948764
C:\My_Project\AIGC\pixart\cdf\Fake_from_Celeb-real\id56_0003\YouTube-real_00197_360.png,truetest_df40,0.1,blur,bottom,0.948932,-0.000168,0.948764
C:\My_Project\AIGC\pixart\cdf\Fake_from_Celeb-real\id56_0003\YouTube-real_00197_360.png,truetest_df40,0.1,blur,random_mean,0.949525,-0.00076,0.948764
C:\My_Project\AIGC\pixart\cdf\Fake_from_Celeb-real\id56_0003\YouTube-real_00197_360.png,truetest_df40,0.1,constant_fill_CONFOUNDED,hot,0.913923,0.034842,0.948764
C:\My_Project\AIGC\pixart\cdf\Fake_from_Celeb-real\id56_0003\YouTube-real_00197_360.png,truetest_df40,0.1,constant_fill_CONFOUNDED,bottom,0.918419,0.030345,0.948764
C:\My_Project\AIGC\pixart\cdf\Fake_from_Celeb-real\id56_0003\YouTube-real_00197_360.png,truetest_df40,0.1,constant_fill_CONFOUNDED,random_scattered,0.938316,0.010448,0.948764
C:\My_Project\AIGC\pixart\cdf\Fake_from_Celeb-real\id56_0003\YouTube-real_00197_360.png,truetest_df40,0.2,blur,random_seed0,0.950515,-0.001751,0.948764
C:\My_Project\AIGC\pixart\cdf\Fake_from_Celeb-real\id56_0003\YouTube-real_00197_360.png,truetest_df40,0.2,blur,random_seed1,0.935044,0.01372,0.948764
C:\My_Project\AIGC\pixart\cdf\Fake_from_Celeb-real\id56_0003\YouTube-real_00197_360.png,truetest_df40,0.2,blur,random_seed2,0.945701,0.003063,0.948764
C:\My_Project\AIGC\pixart\cdf\Fake_from_Celeb-real\id56_0003\YouTube-real_00197_360.png,truetest_df40,0.2,blur,random_seed3,0.939194,0.00957,0.948764
C:\My_Project\AIGC\pixart\cdf\Fake_from_Celeb-real\id56_0003\YouTube-real_00197_360.png,truetest_df40,0.2,blur,random_seed4,0.950425,-0.001661,0.948764
C:\My_Project\AIGC\pixart\cdf\Fake_from_Celeb-real\id56_0003\YouTube-real_00197_360.png,truetest_df40,0.2,blur,hot,0.929483,0.019281,0.948764
C:\My_Project\AIGC\pixart\cdf\Fake_from_Celeb-real\id56_0003\YouTube-real_00197_360.png,truetest_df40,0.2,blur,bottom,0.949785,-0.001021,0.948764
C:\My_Project\AIGC\pixart\cdf\Fake_from_Celeb-real\id56_0003\YouTube-real_00197_360.png,truetest_df40,0.2,blur,random_mean,0.944176,0.004588,0.948764
C:\My_Project\AIGC\pixart\cdf\Fake_from_Celeb-real\id56_0003\YouTube-real_00197_360.png,truetest_df40,0.2,constant_fill_CONFOUNDED,hot,0.930088,0.018676,0.948764
C:\My_Project\AIGC\pixart\cdf\Fake_from_Celeb-real\id56_0003\YouTube-real_00197_360.png,truetest_df40,0.2,constant_fill_CONFOUNDED,bottom,0.905457,0.043307,0.948764
C:\My_Project\AIGC\pixart\cdf\Fake_from_Celeb-real\id56_0003\YouTube-real_00197_360.png,truetest_df40,0.2,constant_fill_CONFOUNDED,random_scattered,0.941118,0.007646,0.948764
C:\My_Project\AIGC\pixart\cdf\Fake_from_Celeb-real\id42_0004\Celeb-real_id53_0006_171.png,truetest_df40,0.05,blur,random_seed0,0.931467,0.00322,0.934687
C:\My_Project\AIGC\pixart\cdf\Fake_from_Celeb-real\id42_0004\Celeb-real_id53_0006_171.png,truetest_df40,0.05,blur,random_seed1,0.933481,0.001206,0.934687
C:\My_Project\AIGC\pixart\cdf\Fake_from_Celeb-real\id42_0004\Celeb-real_id53_0006_171.png,truetest_df40,0.05,blur,random_seed2,0.928434,0.006253,0.934687
C:\My_Project\AIGC\pixart\cdf\Fake_from_Celeb-real\id42_0004\Celeb-real_id53_0006_171.png,truetest_df40,0.05,blur,random_seed3,0.936872,-0.002185,0.934687
C:\My_Project\AIGC\pixart\cdf\Fake_from_Celeb-real\id42_0004\Celeb-real_id53_0006_171.png,truetest_df40,0.05,blur,random_seed4,0.936463,-0.001776,0.934687
C:\My_Project\AIGC\pixart\cdf\Fake_from_Celeb-real\id42_0004\Celeb-real_id53_0006_171.png,truetest_df40,0.05,blur,hot,0.933601,0.001086,0.934687
C:\My_Project\AIGC\pixart\cdf\Fake_from_Celeb-real\id42_0004\Celeb-real_id53_0006_171.png,truetest_df40,0.05,blur,bottom,0.935212,-0.000525,0.934687
C:\My_Project\AIGC\pixart\cdf\Fake_from_Celeb-real\id42_0004\Celeb-real_id53_0006_171.png,truetest_df40,0.05,blur,random_mean,0.933343,0.001343,0.934687
C:\My_Project\AIGC\pixart\cdf\Fake_from_Celeb-real\id42_0004\Celeb-real_id53_0006_171.png,truetest_df40,0.05,constant_fill_CONFOUNDED,hot,0.903052,0.031635,0.934687
C:\My_Project\AIGC\pixart\cdf\Fake_from_Celeb-real\id42_0004\Celeb-real_id53_0006_171.png,truetest_df40,0.05,constant_fill_CONFOUNDED,bottom,0.910805,0.023882,0.934687
C:\My_Project\AIGC\pixart\cdf\Fake_from_Celeb-real\id42_0004\Celeb-real_id53_0006_171.png,truetest_df40,0.05,constant_fill_CONFOUNDED,random_scattered,0.926732,0.007955,0.934687
C:\My_Project\AIGC\pixart\cdf\Fake_from_Celeb-real\id42_0004\Celeb-real_id53_0006_171.png,truetest_df40,0.1,blur,random_seed0,0.937137,-0.00245,0.934687
C:\My_Project\AIGC\pixart\cdf\Fake_from_Celeb-real\id42_0004\Celeb-real_id53_0006_171.png,truetest_df40,0.1,blur,random_seed1,0.934461,0.000225,0.934687
C:\My_Project\AIGC\pixart\cdf\Fake_from_Celeb-real\id42_0004\Celeb-real_id53_0006_171.png,truetest_df40,0.1,blur,random_seed2,0.935413,-0.000727,0.934687
C:\My_Project\AIGC\pixart\cdf\Fake_from_Celeb-real\id42_0004\Celeb-real_id53_0006_171.png,truetest_df40,0.1,blur,random_seed3,0.934354,0.000333,0.934687
C:\My_Project\AIGC\pixart\cdf\Fake_from_Celeb-real\id42_0004\Celeb-real_id53_0006_171.png,truetest_df40,0.1,blur,random_seed4,0.92873,0.005956,0.934687
C:\My_Project\AIGC\pixart\cdf\Fake_from_Celeb-real\id42_0004\Celeb-real_id53_0006_171.png,truetest_df40,0.1,blur,hot,0.932435,0.002251,0.934687
C:\My_Project\AIGC\pixart\cdf\Fake_from_Celeb-real\id42_0004\Celeb-real_id53_0006_171.png,truetest_df40,0.1,blur,bottom,0.934551,0.000136,0.934687
C:\My_Project\AIGC\pixart\cdf\Fake_from_Celeb-real\id42_0004\Celeb-real_id53_0006_171.png,truetest_df40,0.1,blur,random_mean,0.934019,0.000668,0.934687
C:\My_Project\AIGC\pixart\cdf\Fake_from_Celeb-real\id42_0004\Celeb-real_id53_0006_171.png,truetest_df40,0.1,constant_fill_CONFOUNDED,hot,0.888108,0.046579,0.934687
C:\My_Project\AIGC\pixart\cdf\Fake_from_Celeb-real\id42_0004\Celeb-real_id53_0006_171.png,truetest_df40,0.1,constant_fill_CONFOUNDED,bottom,0.888811,0.045876,0.934687
C:\My_Project\AIGC\pixart\cdf\Fake_from_Celeb-real\id42_0004\Celeb-real_id53_0006_171.png,truetest_df40,0.1,constant_fill_CONFOUNDED,random_scattered,0.933829,0.000857,0.934687
C:\My_Project\AIGC\pixart\cdf\Fake_from_Celeb-real\id42_0004\Celeb-real_id53_0006_171.png,truetest_df40,0.2,blur,random_seed0,0.936628,-0.001941,0.934687
C:\My_Project\AIGC\pixart\cdf\Fake_from_Celeb-real\id42_0004\Celeb-real_id53_0006_171.png,truetest_df40,0.2,blur,random_seed1,0.936695,-0.002008,0.934687
C:\My_Project\AIGC\pixart\cdf\Fake_from_Celeb-real\id42_0004\Celeb-real_id53_0006_171.png,truetest_df40,0.2,blur,random_seed2,0.937346,-0.002659,0.934687
C:\My_Project\AIGC\pixart\cdf\Fake_from_Celeb-real\id42_0004\Celeb-real_id53_0006_171.png,truetest_df40,0.2,blur,random_seed3,0.934896,-0.00021,0.934687
C:\My_Project\AIGC\pixart\cdf\Fake_from_Celeb-real\id42_0004\Celeb-real_id53_0006_171.png,truetest_df40,0.2,blur,random_seed4,0.924458,0.010229,0.934687
C:\My_Project\AIGC\pixart\cdf\Fake_from_Celeb-real\id42_0004\Celeb-real_id53_0006_171.png,truetest_df40,0.2,blur,hot,0.919472,0.015215,0.934687
C:\My_Project\AIGC\pixart\cdf\Fake_from_Celeb-real\id42_0004\Celeb-real_id53_0006_171.png,truetest_df40,0.2,blur,bottom,0.936006,-0.00132,0.934687
C:\My_Project\AIGC\pixart\cdf\Fake_from_Celeb-real\id42_0004\Celeb-real_id53_0006_171.png,truetest_df40,0.2,blur,random_mean,0.934005,0.000682,0.934687
C:\My_Project\AIGC\pixart\cdf\Fake_from_Celeb-real\id42_0004\Celeb-real_id53_0006_171.png,truetest_df40,0.2,constant_fill_CONFOUNDED,hot,0.88995,0.044737,0.934687
C:\My_Project\AIGC\pixart\cdf\Fake_from_Celeb-real\id42_0004\Celeb-real_id53_0006_171.png,truetest_df40,0.2,constant_fill_CONFOUNDED,bottom,0.867731,0.066955,0.934687
C:\My_Project\AIGC\pixart\cdf\Fake_from_Celeb-real\id42_0004\Celeb-real_id53_0006_171.png,truetest_df40,0.2,constant_fill_CONFOUNDED,random_scattered,0.931771,0.002916,0.934687
C:\My_Project\AIGC\pixart\cdf\Fake_from_Youtube-real\00025\Celeb-real_id5_0002_447.png,truetest_df40,0.05,blur,random_seed0,0.95101,-0.002447,0.948563
C:\My_Project\AIGC\pixart\cdf\Fake_from_Youtube-real\00025\Celeb-real_id5_0002_447.png,truetest_df40,0.05,blur,random_seed1,0.947259,0.001304,0.948563
C:\My_Project\AIGC\pixart\cdf\Fake_from_Youtube-real\00025\Celeb-real_id5_0002_447.png,truetest_df40,0.05,blur,random_seed2,0.950301,-0.001738,0.948563
C:\My_Project\AIGC\pixart\cdf\Fake_from_Youtube-real\00025\Celeb-real_id5_0002_447.png,truetest_df40,0.05,blur,random_seed3,0.94974,-0.001177,0.948563
C:\My_Project\AIGC\pixart\cdf\Fake_from_Youtube-real\00025\Celeb-real_id5_0002_447.png,truetest_df40,0.05,blur,random_seed4,0.949354,-0.000791,0.948563
C:\My_Project\AIGC\pixart\cdf\Fake_from_Youtube-real\00025\Celeb-real_id5_0002_447.png,truetest_df40,0.05,blur,hot,0.943816,0.004747,0.948563
C:\My_Project\AIGC\pixart\cdf\Fake_from_Youtube-real\00025\Celeb-real_id5_0002_447.png,truetest_df40,0.05,blur,bottom,0.947831,0.000732,0.948563
C:\My_Project\AIGC\pixart\cdf\Fake_from_Youtube-real\00025\Celeb-real_id5_0002_447.png,truetest_df40,0.05,blur,random_mean,0.949533,-0.00097,0.948563
C:\My_Project\AIGC\pixart\cdf\Fake_from_Youtube-real\00025\Celeb-real_id5_0002_447.png,truetest_df40,0.05,constant_fill_CONFOUNDED,hot,0.918274,0.030289,0.948563
C:\My_Project\AIGC\pixart\cdf\Fake_from_Youtube-real\00025\Celeb-real_id5_0002_447.png,truetest_df40,0.05,constant_fill_CONFOUNDED,bottom,0.935499,0.013064,0.948563
C:\My_Project\AIGC\pixart\cdf\Fake_from_Youtube-real\00025\Celeb-real_id5_0002_447.png,truetest_df40,0.05,constant_fill_CONFOUNDED,random_scattered,0.939177,0.009386,0.948563
C:\My_Project\AIGC\pixart\cdf\Fake_from_Youtube-real\00025\Celeb-real_id5_0002_447.png,truetest_df40,0.1,blur,random_seed0,0.947631,0.000932,0.948563
C:\My_Project\AIGC\pixart\cdf\Fake_from_Youtube-real\00025\Celeb-real_id5_0002_447.png,truetest_df40,0.1,blur,random_seed1,0.942183,0.00638,0.948563
C:\My_Project\AIGC\pixart\cdf\Fake_from_Youtube-real\00025\Celeb-real_id5_0002_447.png,truetest_df40,0.1,blur,random_seed2,0.952224,-0.003661,0.948563
C:\My_Project\AIGC\pixart\cdf\Fake_from_Youtube-real\00025\Celeb-real_id5_0002_447.png,truetest_df40,0.1,blur,random_seed3,0.944668,0.003895,0.948563
C:\My_Project\AIGC\pixart\cdf\Fake_from_Youtube-real\00025\Celeb-real_id5_0002_447.png,truetest_df40,0.1,blur,random_seed4,0.943608,0.004955,0.948563
C:\My_Project\AIGC\pixart\cdf\Fake_from_Youtube-real\00025\Celeb-real_id5_0002_447.png,truetest_df40,0.1,blur,hot,0.947268,0.001295,0.948563
C:\My_Project\AIGC\pixart\cdf\Fake_from_Youtube-real\00025\Celeb-real_id5_0002_447.png,truetest_df40,0.1,blur,bottom,0.948382,0.000181,0.948563
C:\My_Project\AIGC\pixart\cdf\Fake_from_Youtube-real\00025\Celeb-real_id5_0002_447.png,truetest_df40,0.1,blur,random_mean,0.946063,0.0025,0.948563
C:\My_Project\AIGC\pixart\cdf\Fake_from_Youtube-real\00025\Celeb-real_id5_0002_447.png,truetest_df40,0.1,constant_fill_CONFOUNDED,hot,0.917339,0.031224,0.948563
C:\My_Project\AIGC\pixart\cdf\Fake_from_Youtube-real\00025\Celeb-real_id5_0002_447.png,truetest_df40,0.1,constant_fill_CONFOUNDED,bottom,0.924023,0.02454,0.948563
C:\My_Project\AIGC\pixart\cdf\Fake_from_Youtube-real\00025\Celeb-real_id5_0002_447.png,truetest_df40,0.1,constant_fill_CONFOUNDED,random_scattered,0.940366,0.008197,0.948563
C:\My_Project\AIGC\pixart\cdf\Fake_from_Youtube-real\00025\Celeb-real_id5_0002_447.png,truetest_df40,0.2,blur,random_seed0,0.936476,0.012087,0.948563
C:\My_Project\AIGC\pixart\cdf\Fake_from_Youtube-real\00025\Celeb-real_id5_0002_447.png,truetest_df40,0.2,blur,random_seed1,0.946582,0.001981,0.948563
C:\My_Project\AIGC\pixart\cdf\Fake_from_Youtube-real\00025\Celeb-real_id5_0002_447.png,truetest_df40,0.2,blur,random_seed2,0.952002,-0.003439,0.948563
C:\My_Project\AIGC\pixart\cdf\Fake_from_Youtube-real\00025\Celeb-real_id5_0002_447.png,truetest_df40,0.2,blur,random_seed3,0.94348,0.005083,0.948563
C:\My_Project\AIGC\pixart\cdf\Fake_from_Youtube-real\00025\Celeb-real_id5_0002_447.png,truetest_df40,0.2,blur,random_seed4,0.952152,-0.003589,0.948563
C:\My_Project\AIGC\pixart\cdf\Fake_from_Youtube-real\00025\Celeb-real_id5_0002_447.png,truetest_df40,0.2,blur,hot,0.932289,0.016274,0.948563
C:\My_Project\AIGC\pixart\cdf\Fake_from_Youtube-real\00025\Celeb-real_id5_0002_447.png,truetest_df40,0.2,blur,bottom,0.950914,-0.002351,0.948563
C:\My_Project\AIGC\pixart\cdf\Fake_from_Youtube-real\00025\Celeb-real_id5_0002_447.png,truetest_df40,0.2,blur,random_mean,0.946138,0.002425,0.948563
C:\My_Project\AIGC\pixart\cdf\Fake_from_Youtube-real\00025\Celeb-real_id5_0002_447.png,truetest_df40,0.2,constant_fill_CONFOUNDED,hot,0.916138,0.032425,0.948563
C:\My_Project\AIGC\pixart\cdf\Fake_from_Youtube-real\00025\Celeb-real_id5_0002_447.png,truetest_df40,0.2,constant_fill_CONFOUNDED,bottom,0.907868,0.040695,0.948563
C:\My_Project\AIGC\pixart\cdf\Fake_from_Youtube-real\00025\Celeb-real_id5_0002_447.png,truetest_df40,0.2,constant_fill_CONFOUNDED,random_scattered,0.933563,0.015,0.948563
C:\My_Project\AIGC\pixart\cdf\Fake_from_Celeb-real\id17_0009\Celeb-real_id57_0007_227.png,truetest_df40,0.05,blur,random_seed0,0.940648,0.003039,0.943687
C:\My_Project\AIGC\pixart\cdf\Fake_from_Celeb-real\id17_0009\Celeb-real_id57_0007_227.png,truetest_df40,0.05,blur,random_seed1,0.942957,0.000731,0.943687
C:\My_Project\AIGC\pixart\cdf\Fake_from_Celeb-real\id17_0009\Celeb-real_id57_0007_227.png,truetest_df40,0.05,blur,random_seed2,0.943347,0.00034,0.943687
C:\My_Project\AIGC\pixart\cdf\Fake_from_Celeb-real\id17_0009\Celeb-real_id57_0007_227.png,truetest_df40,0.05,blur,random_seed3,0.943953,-0.000265,0.943687
C:\My_Project\AIGC\pixart\cdf\Fake_from_Celeb-real\id17_0009\Celeb-real_id57_0007_227.png,truetest_df40,0.05,blur,random_seed4,0.941012,0.002675,0.943687
C:\My_Project\AIGC\pixart\cdf\Fake_from_Celeb-real\id17_0009\Celeb-real_id57_0007_227.png,truetest_df40,0.05,blur,hot,0.941082,0.002606,0.943687
C:\My_Project\AIGC\pixart\cdf\Fake_from_Celeb-real\id17_0009\Celeb-real_id57_0007_227.png,truetest_df40,0.05,blur,bottom,0.942998,0.00069,0.943687
C:\My_Project\AIGC\pixart\cdf\Fake_from_Celeb-real\id17_0009\Celeb-real_id57_0007_227.png,truetest_df40,0.05,blur,random_mean,0.942383,0.001304,0.943687
C:\My_Project\AIGC\pixart\cdf\Fake_from_Celeb-real\id17_0009\Celeb-real_id57_0007_227.png,truetest_df40,0.05,constant_fill_CONFOUNDED,hot,0.893032,0.050656,0.943687
C:\My_Project\AIGC\pixart\cdf\Fake_from_Celeb-real\id17_0009\Celeb-real_id57_0007_227.png,truetest_df40,0.05,constant_fill_CONFOUNDED,bottom,0.939102,0.004585,0.943687
C:\My_Project\AIGC\pixart\cdf\Fake_from_Celeb-real\id17_0009\Celeb-real_id57_0007_227.png,truetest_df40,0.05,constant_fill_CONFOUNDED,random_scattered,0.761213,0.182475,0.943687
C:\My_Project\AIGC\pixart\cdf\Fake_from_Celeb-real\id17_0009\Celeb-real_id57_0007_227.png,truetest_df40,0.1,blur,random_seed0,0.938297,0.00539,0.943687
C:\My_Project\AIGC\pixart\cdf\Fake_from_Celeb-real\id17_0009\Celeb-real_id57_0007_227.png,truetest_df40,0.1,blur,random_seed1,0.94384,-0.000153,0.943687
C:\My_Project\AIGC\pixart\cdf\Fake_from_Celeb-real\id17_0009\Celeb-real_id57_0007_227.png,truetest_df40,0.1,blur,random_seed2,0.942559,0.001128,0.943687
C:\My_Project\AIGC\pixart\cdf\Fake_from_Celeb-real\id17_0009\Celeb-real_id57_0007_227.png,truetest_df40,0.1,blur,random_seed3,0.945622,-0.001935,0.943687
C:\My_Project\AIGC\pixart\cdf\Fake_from_Celeb-real\id17_0009\Celeb-real_id57_0007_227.png,truetest_df40,0.1,blur,random_seed4,0.942024,0.001664,0.943687
C:\My_Project\AIGC\pixart\cdf\Fake_from_Celeb-real\id17_0009\Celeb-real_id57_0007_227.png,truetest_df40,0.1,blur,hot,0.940554,0.003133,0.943687
C:\My_Project\AIGC\pixart\cdf\Fake_from_Celeb-real\id17_0009\Celeb-real_id57_0007_227.png,truetest_df40,0.1,blur,bottom,0.944148,-0.000461,0.943687
C:\My_Project\AIGC\pixart\cdf\Fake_from_Celeb-real\id17_0009\Celeb-real_id57_0007_227.png,truetest_df40,0.1,blur,random_mean,0.942469,0.001219,0.943687
C:\My_Project\AIGC\pixart\cdf\Fake_from_Celeb-real\id17_0009\Celeb-real_id57_0007_227.png,truetest_df40,0.1,constant_fill_CONFOUNDED,hot,0.914682,0.029005,0.943687
C:\My_Project\AIGC\pixart\cdf\Fake_from_Celeb-real\id17_0009\Celeb-real_id57_0007_227.png,truetest_df40,0.1,constant_fill_CONFOUNDED,bottom,0.919354,0.024333,0.943687
C:\My_Project\AIGC\pixart\cdf\Fake_from_Celeb-real\id17_0009\Celeb-real_id57_0007_227.png,truetest_df40,0.1,constant_fill_CONFOUNDED,random_scattered,0.927488,0.016199,0.943687
C:\My_Project\AIGC\pixart\cdf\Fake_from_Celeb-real\id17_0009\Celeb-real_id57_0007_227.png,truetest_df40,0.2,blur,random_seed0,0.940416,0.003271,0.943687
C:\My_Project\AIGC\pixart\cdf\Fake_from_Celeb-real\id17_0009\Celeb-real_id57_0007_227.png,truetest_df40,0.2,blur,random_seed1,0.935667,0.00802,0.943687
C:\My_Project\AIGC\pixart\cdf\Fake_from_Celeb-real\id17_0009\Celeb-real_id57_0007_227.png,truetest_df40,0.2,blur,random_seed2,0.936731,0.006957,0.943687
C:\My_Project\AIGC\pixart\cdf\Fake_from_Celeb-real\id17_0009\Celeb-real_id57_0007_227.png,truetest_df40,0.2,blur,random_seed3,0.938147,0.00554,0.943687
C:\My_Project\AIGC\pixart\cdf\Fake_from_Celeb-real\id17_0009\Celeb-real_id57_0007_227.png,truetest_df40,0.2,blur,random_seed4,0.939506,0.004181,0.943687
C:\My_Project\AIGC\pixart\cdf\Fake_from_Celeb-real\id17_0009\Celeb-real_id57_0007_227.png,truetest_df40,0.2,blur,hot,0.930342,0.013345,0.943687
C:\My_Project\AIGC\pixart\cdf\Fake_from_Celeb-real\id17_0009\Celeb-real_id57_0007_227.png,truetest_df40,0.2,blur,bottom,0.944937,-0.001249,0.943687
C:\My_Project\AIGC\pixart\cdf\Fake_from_Celeb-real\id17_0009\Celeb-real_id57_0007_227.png,truetest_df40,0.2,blur,random_mean,0.938094,0.005594,0.943687
C:\My_Project\AIGC\pixart\cdf\Fake_from_Celeb-real\id17_0009\Celeb-real_id57_0007_227.png,truetest_df40,0.2,constant_fill_CONFOUNDED,hot,0.849256,0.094431,0.943687
C:\My_Project\AIGC\pixart\cdf\Fake_from_Celeb-real\id17_0009\Celeb-real_id57_0007_227.png,truetest_df40,0.2,constant_fill_CONFOUNDED,bottom,0.903803,0.039884,0.943687
C:\My_Project\AIGC\pixart\cdf\Fake_from_Celeb-real\id17_0009\Celeb-real_id57_0007_227.png,truetest_df40,0.2,constant_fill_CONFOUNDED,random_scattered,0.929559,0.014128,0.943687
C:\My_Project\AIGC\pixart\cdf\Fake_from_Celeb-real\id5_0004\Celeb-real_id33_0002_290.png,truetest_df40,0.05,blur,random_seed0,0.940061,0.000153,0.940214
C:\My_Project\AIGC\pixart\cdf\Fake_from_Celeb-real\id5_0004\Celeb-real_id33_0002_290.png,truetest_df40,0.05,blur,random_seed1,0.940408,-0.000194,0.940214
C:\My_Project\AIGC\pixart\cdf\Fake_from_Celeb-real\id5_0004\Celeb-real_id33_0002_290.png,truetest_df40,0.05,blur,random_seed2,0.93716,0.003055,0.940214
C:\My_Project\AIGC\pixart\cdf\Fake_from_Celeb-real\id5_0004\Celeb-real_id33_0002_290.png,truetest_df40,0.05,blur,random_seed3,0.940247,-3.3e-05,0.940214
C:\My_Project\AIGC\pixart\cdf\Fake_from_Celeb-real\id5_0004\Celeb-real_id33_0002_290.png,truetest_df40,0.05,blur,random_seed4,0.940102,0.000112,0.940214
C:\My_Project\AIGC\pixart\cdf\Fake_from_Celeb-real\id5_0004\Celeb-real_id33_0002_290.png,truetest_df40,0.05,blur,hot,0.936734,0.003481,0.940214
C:\My_Project\AIGC\pixart\cdf\Fake_from_Celeb-real\id5_0004\Celeb-real_id33_0002_290.png,truetest_df40,0.05,blur,bottom,0.940629,-0.000414,0.940214
C:\My_Project\AIGC\pixart\cdf\Fake_from_Celeb-real\id5_0004\Celeb-real_id33_0002_290.png,truetest_df40,0.05,blur,random_mean,0.939596,0.000619,0.940214
C:\My_Project\AIGC\pixart\cdf\Fake_from_Celeb-real\id5_0004\Celeb-real_id33_0002_290.png,truetest_df40,0.05,constant_fill_CONFOUNDED,hot,0.916686,0.023528,0.940214
C:\My_Project\AIGC\pixart\cdf\Fake_from_Celeb-real\id5_0004\Celeb-real_id33_0002_290.png,truetest_df40,0.05,constant_fill_CONFOUNDED,bottom,0.930091,0.010124,0.940214
C:\My_Project\AIGC\pixart\cdf\Fake_from_Celeb-real\id5_0004\Celeb-real_id33_0002_290.png,truetest_df40,0.05,constant_fill_CONFOUNDED,random_scattered,0.904386,0.035828,0.940214
C:\My_Project\AIGC\pixart\cdf\Fake_from_Celeb-real\id5_0004\Celeb-real_id33_0002_290.png,truetest_df40,0.1,blur,random_seed0,0.938553,0.001661,0.940214
C:\My_Project\AIGC\pixart\cdf\Fake_from_Celeb-real\id5_0004\Celeb-real_id33_0002_290.png,truetest_df40,0.1,blur,random_seed1,0.929023,0.011192,0.940214
C:\My_Project\AIGC\pixart\cdf\Fake_from_Celeb-real\id5_0004\Celeb-real_id33_0002_290.png,truetest_df40,0.1,blur,random_seed2,0.941622,-0.001408,0.940214
C:\My_Project\AIGC\pixart\cdf\Fake_from_Celeb-real\id5_0004\Celeb-real_id33_0002_290.png,truetest_df40,0.1,blur,random_seed3,0.94188,-0.001666,0.940214
C:\My_Project\AIGC\pixart\cdf\Fake_from_Celeb-real\id5_0004\Celeb-real_id33_0002_290.png,truetest_df40,0.1,blur,random_seed4,0.941849,-0.001635,0.940214
C:\My_Project\AIGC\pixart\cdf\Fake_from_Celeb-real\id5_0004\Celeb-real_id33_0002_290.png,truetest_df40,0.1,blur,hot,0.935102,0.005112,0.940214
C:\My_Project\AIGC\pixart\cdf\Fake_from_Celeb-real\id5_0004\Celeb-real_id33_0002_290.png,truetest_df40,0.1,blur,bottom,0.937098,0.003116,0.940214
C:\My_Project\AIGC\pixart\cdf\Fake_from_Celeb-real\id5_0004\Celeb-real_id33_0002_290.png,truetest_df40,0.1,blur,random_mean,0.938585,0.001629,0.940214
C:\My_Project\AIGC\pixart\cdf\Fake_from_Celeb-real\id5_0004\Celeb-real_id33_0002_290.png,truetest_df40,0.1,constant_fill_CONFOUNDED,hot,0.909195,0.031019,0.940214
C:\My_Project\AIGC\pixart\cdf\Fake_from_Celeb-real\id5_0004\Celeb-real_id33_0002_290.png,truetest_df40,0.1,constant_fill_CONFOUNDED,bottom,0.912182,0.028032,0.940214
C:\My_Project\AIGC\pixart\cdf\Fake_from_Celeb-real\id5_0004\Celeb-real_id33_0002_290.png,truetest_df40,0.1,constant_fill_CONFOUNDED,random_scattered,0.932836,0.007378,0.940214
C:\My_Project\AIGC\pixart\cdf\Fake_from_Celeb-real\id5_0004\Celeb-real_id33_0002_290.png,truetest_df40,0.2,blur,random_seed0,0.934164,0.00605,0.940214
C:\My_Project\AIGC\pixart\cdf\Fake_from_Celeb-real\id5_0004\Celeb-real_id33_0002_290.png,truetest_df40,0.2,blur,random_seed1,0.934366,0.005848,0.940214
C:\My_Project\AIGC\pixart\cdf\Fake_from_Celeb-real\id5_0004\Celeb-real_id33_0002_290.png,truetest_df40,0.2,blur,random_seed2,0.938379,0.001836,0.940214
C:\My_Project\AIGC\pixart\cdf\Fake_from_Celeb-real\id5_0004\Celeb-real_id33_0002_290.png,truetest_df40,0.2,blur,random_seed3,0.930508,0.009707,0.940214
C:\My_Project\AIGC\pixart\cdf\Fake_from_Celeb-real\id5_0004\Celeb-real_id33_0002_290.png,truetest_df40,0.2,blur,random_seed4,0.933091,0.007124,0.940214
C:\My_Project\AIGC\pixart\cdf\Fake_from_Celeb-real\id5_0004\Celeb-real_id33_0002_290.png,truetest_df40,0.2,blur,hot,0.916614,0.0236,0.940214
C:\My_Project\AIGC\pixart\cdf\Fake_from_Celeb-real\id5_0004\Celeb-real_id33_0002_290.png,truetest_df40,0.2,blur,bottom,0.93971,0.000504,0.940214
C:\My_Project\AIGC\pixart\cdf\Fake_from_Celeb-real\id5_0004\Celeb-real_id33_0002_290.png,truetest_df40,0.2,blur,random_mean,0.934101,0.006113,0.940214
C:\My_Project\AIGC\pixart\cdf\Fake_from_Celeb-real\id5_0004\Celeb-real_id33_0002_290.png,truetest_df40,0.2,constant_fill_CONFOUNDED,hot,0.896298,0.043916,0.940214
C:\My_Project\AIGC\pixart\cdf\Fake_from_Celeb-real\id5_0004\Celeb-real_id33_0002_290.png,truetest_df40,0.2,constant_fill_CONFOUNDED,bottom,0.898769,0.041445,0.940214
C:\My_Project\AIGC\pixart\cdf\Fake_from_Celeb-real\id5_0004\Celeb-real_id33_0002_290.png,truetest_df40,0.2,constant_fill_CONFOUNDED,random_scattered,0.931677,0.008537,0.940214
C:\My_Project\AIGC\pixart\cdf\Fake_from_Celeb-real\id4_0003\Celeb-real_id16_0006_000.png,truetest_df40,0.05,blur,random_seed0,0.95596,-0.000375,0.955585
C:\My_Project\AIGC\pixart\cdf\Fake_from_Celeb-real\id4_0003\Celeb-real_id16_0006_000.png,truetest_df40,0.05,blur,random_seed1,0.954801,0.000784,0.955585
C:\My_Project\AIGC\pixart\cdf\Fake_from_Celeb-real\id4_0003\Celeb-real_id16_0006_000.png,truetest_df40,0.05,blur,random_seed2,0.953432,0.002153,0.955585
C:\My_Project\AIGC\pixart\cdf\Fake_from_Celeb-real\id4_0003\Celeb-real_id16_0006_000.png,truetest_df40,0.05,blur,random_seed3,0.951004,0.004581,0.955585
C:\My_Project\AIGC\pixart\cdf\Fake_from_Celeb-real\id4_0003\Celeb-real_id16_0006_000.png,truetest_df40,0.05,blur,random_seed4,0.945958,0.009627,0.955585
C:\My_Project\AIGC\pixart\cdf\Fake_from_Celeb-real\id4_0003\Celeb-real_id16_0006_000.png,truetest_df40,0.05,blur,hot,0.943159,0.012426,0.955585
C:\My_Project\AIGC\pixart\cdf\Fake_from_Celeb-real\id4_0003\Celeb-real_id16_0006_000.png,truetest_df40,0.05,blur,bottom,0.953752,0.001833,0.955585
C:\My_Project\AIGC\pixart\cdf\Fake_from_Celeb-real\id4_0003\Celeb-real_id16_0006_000.png,truetest_df40,0.05,blur,random_mean,0.952231,0.003354,0.955585
C:\My_Project\AIGC\pixart\cdf\Fake_from_Celeb-real\id4_0003\Celeb-real_id16_0006_000.png,truetest_df40,0.05,constant_fill_CONFOUNDED,hot,0.931308,0.024276,0.955585
C:\My_Project\AIGC\pixart\cdf\Fake_from_Celeb-real\id4_0003\Celeb-real_id16_0006_000.png,truetest_df40,0.05,constant_fill_CONFOUNDED,bottom,0.902291,0.053294,0.955585
C:\My_Project\AIGC\pixart\cdf\Fake_from_Celeb-real\id4_0003\Celeb-real_id16_0006_000.png,truetest_df40,0.05,constant_fill_CONFOUNDED,random_scattered,0.888394,0.06719,0.955585
C:\My_Project\AIGC\pixart\cdf\Fake_from_Celeb-real\id4_0003\Celeb-real_id16_0006_000.png,truetest_df40,0.1,blur,random_seed0,0.957247,-0.001662,0.955585
C:\My_Project\AIGC\pixart\cdf\Fake_from_Celeb-real\id4_0003\Celeb-real_id16_0006_000.png,truetest_df40,0.1,blur,random_seed1,0.942608,0.012977,0.955585
C:\My_Project\AIGC\pixart\cdf\Fake_from_Celeb-real\id4_0003\Celeb-real_id16_0006_000.png,truetest_df40,0.1,blur,random_seed2,0.954355,0.00123,0.955585
C:\My_Project\AIGC\pixart\cdf\Fake_from_Celeb-real\id4_0003\Celeb-real_id16_0006_000.png,truetest_df40,0.1,blur,random_seed3,0.954067,0.001518,0.955585
C:\My_Project\AIGC\pixart\cdf\Fake_from_Celeb-real\id4_0003\Celeb-real_id16_0006_000.png,truetest_df40,0.1,blur,random_seed4,0.953521,0.002064,0.955585
C:\My_Project\AIGC\pixart\cdf\Fake_from_Celeb-real\id4_0003\Celeb-real_id16_0006_000.png,truetest_df40,0.1,blur,hot,0.943113,0.012471,0.955585
C:\My_Project\AIGC\pixart\cdf\Fake_from_Celeb-real\id4_0003\Celeb-real_id16_0006_000.png,truetest_df40,0.1,blur,bottom,0.954234,0.001351,0.955585
C:\My_Project\AIGC\pixart\cdf\Fake_from_Celeb-real\id4_0003\Celeb-real_id16_0006_000.png,truetest_df40,0.1,blur,random_mean,0.95236,0.003225,0.955585
C:\My_Project\AIGC\pixart\cdf\Fake_from_Celeb-real\id4_0003\Celeb-real_id16_0006_000.png,truetest_df40,0.1,constant_fill_CONFOUNDED,hot,0.925797,0.029788,0.955585
C:\My_Project\AIGC\pixart\cdf\Fake_from_Celeb-real\id4_0003\Celeb-real_id16_0006_000.png,truetest_df40,0.1,constant_fill_CONFOUNDED,bottom,0.899153,0.056432,0.955585
C:\My_Project\AIGC\pixart\cdf\Fake_from_Celeb-real\id4_0003\Celeb-real_id16_0006_000.png,truetest_df40,0.1,constant_fill_CONFOUNDED,random_scattered,0.934386,0.021199,0.955585
C:\My_Project\AIGC\pixart\cdf\Fake_from_Celeb-real\id4_0003\Celeb-real_id16_0006_000.png,truetest_df40,0.2,blur,random_seed0,0.955147,0.000438,0.955585
C:\My_Project\AIGC\pixart\cdf\Fake_from_Celeb-real\id4_0003\Celeb-real_id16_0006_000.png,truetest_df40,0.2,blur,random_seed1,0.951329,0.004256,0.955585
C:\My_Project\AIGC\pixart\cdf\Fake_from_Celeb-real\id4_0003\Celeb-real_id16_0006_000.png,truetest_df40,0.2,blur,random_seed2,0.947638,0.007947,0.955585
C:\My_Project\AIGC\pixart\cdf\Fake_from_Celeb-real\id4_0003\Celeb-real_id16_0006_000.png,truetest_df40,0.2,blur,random_seed3,0.957303,-0.001718,0.955585
C:\My_Project\AIGC\pixart\cdf\Fake_from_Celeb-real\id4_0003\Celeb-real_id16_0006_000.png,truetest_df40,0.2,blur,random_seed4,0.933652,0.021933,0.955585
C:\My_Project\AIGC\pixart\cdf\Fake_from_Celeb-real\id4_0003\Celeb-real_id16_0006_000.png,truetest_df40,0.2,blur,hot,0.941697,0.013888,0.955585
C:\My_Project\AIGC\pixart\cdf\Fake_from_Celeb-real\id4_0003\Celeb-real_id16_0006_000.png,truetest_df40,0.2,blur,bottom,0.956251,-0.000667,0.955585
C:\My_Project\AIGC\pixart\cdf\Fake_from_Celeb-real\id4_0003\Celeb-real_id16_0006_000.png,truetest_df40,0.2,blur,random_mean,0.949014,0.006571,0.955585
C:\My_Project\AIGC\pixart\cdf\Fake_from_Celeb-real\id4_0003\Celeb-real_id16_0006_000.png,truetest_df40,0.2,constant_fill_CONFOUNDED,hot,0.926433,0.029151,0.955585
C:\My_Project\AIGC\pixart\cdf\Fake_from_Celeb-real\id4_0003\Celeb-real_id16_0006_000.png,truetest_df40,0.2,constant_fill_CONFOUNDED,bottom,0.887643,0.067942,0.955585
C:\My_Project\AIGC\pixart\cdf\Fake_from_Celeb-real\id4_0003\Celeb-real_id16_0006_000.png,truetest_df40,0.2,constant_fill_CONFOUNDED,random_scattered,0.919596,0.035989,0.955585
C:\My_Project\AIGC\pixart\cdf\Fake_from_Celeb-real\id19_0005\Celeb-real_id45_0005_042.png,truetest_df40,0.05,blur,random_seed0,0.939684,-0.001619,0.938065
C:\My_Project\AIGC\pixart\cdf\Fake_from_Celeb-real\id19_0005\Celeb-real_id45_0005_042.png,truetest_df40,0.05,blur,random_seed1,0.936903,0.001162,0.938065
C:\My_Project\AIGC\pixart\cdf\Fake_from_Celeb-real\id19_0005\Celeb-real_id45_0005_042.png,truetest_df40,0.05,blur,random_seed2,0.936089,0.001975,0.938065
C:\My_Project\AIGC\pixart\cdf\Fake_from_Celeb-real\id19_0005\Celeb-real_id45_0005_042.png,truetest_df40,0.05,blur,random_seed3,0.937587,0.000477,0.938065
C:\My_Project\AIGC\pixart\cdf\Fake_from_Celeb-real\id19_0005\Celeb-real_id45_0005_042.png,truetest_df40,0.05,blur,random_seed4,0.936077,0.001988,0.938065
C:\My_Project\AIGC\pixart\cdf\Fake_from_Celeb-real\id19_0005\Celeb-real_id45_0005_042.png,truetest_df40,0.05,blur,hot,0.937909,0.000155,0.938065
C:\My_Project\AIGC\pixart\cdf\Fake_from_Celeb-real\id19_0005\Celeb-real_id45_0005_042.png,truetest_df40,0.05,blur,bottom,0.938481,-0.000416,0.938065
C:\My_Project\AIGC\pixart\cdf\Fake_from_Celeb-real\id19_0005\Celeb-real_id45_0005_042.png,truetest_df40,0.05,blur,random_mean,0.937268,0.000797,0.938065
C:\My_Project\AIGC\pixart\cdf\Fake_from_Celeb-real\id19_0005\Celeb-real_id45_0005_042.png,truetest_df40,0.05,constant_fill_CONFOUNDED,hot,0.906609,0.031456,0.938065
C:\My_Project\AIGC\pixart\cdf\Fake_from_Celeb-real\id19_0005\Celeb-real_id45_0005_042.png,truetest_df40,0.05,constant_fill_CONFOUNDED,bottom,0.876134,0.06193,0.938065
C:\My_Project\AIGC\pixart\cdf\Fake_from_Celeb-real\id19_0005\Celeb-real_id45_0005_042.png,truetest_df40,0.05,constant_fill_CONFOUNDED,random_scattered,0.881857,0.056208,0.938065
C:\My_Project\AIGC\pixart\cdf\Fake_from_Celeb-real\id19_0005\Celeb-real_id45_0005_042.png,truetest_df40,0.1,blur,random_seed0,0.933189,0.004876,0.938065
C:\My_Project\AIGC\pixart\cdf\Fake_from_Celeb-real\id19_0005\Celeb-real_id45_0005_042.png,truetest_df40,0.1,blur,random_seed1,0.940902,-0.002837,0.938065
C:\My_Project\AIGC\pixart\cdf\Fake_from_Celeb-real\id19_0005\Celeb-real_id45_0005_042.png,truetest_df40,0.1,blur,random_seed2,0.939622,-0.001557,0.938065
C:\My_Project\AIGC\pixart\cdf\Fake_from_Celeb-real\id19_0005\Celeb-real_id45_0005_042.png,truetest_df40,0.1,blur,random_seed3,0.941189,-0.003125,0.938065
C:\My_Project\AIGC\pixart\cdf\Fake_from_Celeb-real\id19_0005\Celeb-real_id45_0005_042.png,truetest_df40,0.1,blur,random_seed4,0.939559,-0.001494,0.938065
C:\My_Project\AIGC\pixart\cdf\Fake_from_Celeb-real\id19_0005\Celeb-real_id45_0005_042.png,truetest_df40,0.1,blur,hot,0.937964,0.000101,0.938065
C:\My_Project\AIGC\pixart\cdf\Fake_from_Celeb-real\id19_0005\Celeb-real_id45_0005_042.png,truetest_df40,0.1,blur,bottom,0.938635,-0.00057,0.938065
C:\My_Project\AIGC\pixart\cdf\Fake_from_Celeb-real\id19_0005\Celeb-real_id45_0005_042.png,truetest_df40,0.1,blur,random_mean,0.938892,-0.000828,0.938065
C:\My_Project\AIGC\pixart\cdf\Fake_from_Celeb-real\id19_0005\Celeb-real_id45_0005_042.png,truetest_df40,0.1,constant_fill_CONFOUNDED,hot,0.89931,0.038755,0.938065
C:\My_Project\AIGC\pixart\cdf\Fake_from_Celeb-real\id19_0005\Celeb-real_id45_0005_042.png,truetest_df40,0.1,constant_fill_CONFOUNDED,bottom,0.874362,0.063703,0.938065
C:\My_Project\AIGC\pixart\cdf\Fake_from_Celeb-real\id19_0005\Celeb-real_id45_0005_042.png,truetest_df40,0.1,constant_fill_CONFOUNDED,random_scattered,0.91354,0.024525,0.938065
C:\My_Project\AIGC\pixart\cdf\Fake_from_Celeb-real\id19_0005\Celeb-real_id45_0005_042.png,truetest_df40,0.2,blur,random_seed0,0.931195,0.006869,0.938065
C:\My_Project\AIGC\pixart\cdf\Fake_from_Celeb-real\id19_0005\Celeb-real_id45_0005_042.png,truetest_df40,0.2,blur,random_seed1,0.923943,0.014122,0.938065
C:\My_Project\AIGC\pixart\cdf\Fake_from_Celeb-real\id19_0005\Celeb-real_id45_0005_042.png,truetest_df40,0.2,blur,random_seed2,0.930405,0.007659,0.938065
C:\My_Project\AIGC\pixart\cdf\Fake_from_Celeb-real\id19_0005\Celeb-real_id45_0005_042.png,truetest_df40,0.2,blur,random_seed3,0.931852,0.006213,0.938065
C:\My_Project\AIGC\pixart\cdf\Fake_from_Celeb-real\id19_0005\Celeb-real_id45_0005_042.png,truetest_df40,0.2,blur,random_seed4,0.921916,0.016148,0.938065
C:\My_Project\AIGC\pixart\cdf\Fake_from_Celeb-real\id19_0005\Celeb-real_id45_0005_042.png,truetest_df40,0.2,blur,hot,0.929581,0.008484,0.938065
C:\My_Project\AIGC\pixart\cdf\Fake_from_Celeb-real\id19_0005\Celeb-real_id45_0005_042.png,truetest_df40,0.2,blur,bottom,0.939045,-0.00098,0.938065
C:\My_Project\AIGC\pixart\cdf\Fake_from_Celeb-real\id19_0005\Celeb-real_id45_0005_042.png,truetest_df40,0.2,blur,random_mean,0.927862,0.010202,0.938065
C:\My_Project\AIGC\pixart\cdf\Fake_from_Celeb-real\id19_0005\Celeb-real_id45_0005_042.png,truetest_df40,0.2,constant_fill_CONFOUNDED,hot,0.908682,0.029383,0.938065
C:\My_Project\AIGC\pixart\cdf\Fake_from_Celeb-real\id19_0005\Celeb-real_id45_0005_042.png,truetest_df40,0.2,constant_fill_CONFOUNDED,bottom,0.878705,0.05936,0.938065
C:\My_Project\AIGC\pixart\cdf\Fake_from_Celeb-real\id19_0005\Celeb-real_id45_0005_042.png,truetest_df40,0.2,constant_fill_CONFOUNDED,random_scattered,0.922649,0.015416,0.938065
C:\My_Project\AIGC\pixart\cdf\Fake_from_Youtube-real\00190\YouTube-real_00202_417.png,truetest_df40,0.05,blur,random_seed0,0.924419,-0.000336,0.924083
C:\My_Project\AIGC\pixart\cdf\Fake_from_Youtube-real\00190\YouTube-real_00202_417.png,truetest_df40,0.05,blur,random_seed1,0.927083,-0.003,0.924083
C:\My_Project\AIGC\pixart\cdf\Fake_from_Youtube-real\00190\YouTube-real_00202_417.png,truetest_df40,0.05,blur,random_seed2,0.923578,0.000505,0.924083
C:\My_Project\AIGC\pixart\cdf\Fake_from_Youtube-real\00190\YouTube-real_00202_417.png,truetest_df40,0.05,blur,random_seed3,0.93284,-0.008756,0.924083
C:\My_Project\AIGC\pixart\cdf\Fake_from_Youtube-real\00190\YouTube-real_00202_417.png,truetest_df40,0.05,blur,random_seed4,0.921021,0.003063,0.924083
C:\My_Project\AIGC\pixart\cdf\Fake_from_Youtube-real\00190\YouTube-real_00202_417.png,truetest_df40,0.05,blur,hot,0.920238,0.003845,0.924083
C:\My_Project\AIGC\pixart\cdf\Fake_from_Youtube-real\00190\YouTube-real_00202_417.png,truetest_df40,0.05,blur,bottom,0.924927,-0.000844,0.924083
C:\My_Project\AIGC\pixart\cdf\Fake_from_Youtube-real\00190\YouTube-real_00202_417.png,truetest_df40,0.05,blur,random_mean,0.925788,-0.001705,0.924083
C:\My_Project\AIGC\pixart\cdf\Fake_from_Youtube-real\00190\YouTube-real_00202_417.png,truetest_df40,0.05,constant_fill_CONFOUNDED,hot,0.891285,0.032799,0.924083
C:\My_Project\AIGC\pixart\cdf\Fake_from_Youtube-real\00190\YouTube-real_00202_417.png,truetest_df40,0.05,constant_fill_CONFOUNDED,bottom,0.860332,0.063752,0.924083
C:\My_Project\AIGC\pixart\cdf\Fake_from_Youtube-real\00190\YouTube-real_00202_417.png,truetest_df40,0.05,constant_fill_CONFOUNDED,random_scattered,0.91803,0.006054,0.924083
C:\My_Project\AIGC\pixart\cdf\Fake_from_Youtube-real\00190\YouTube-real_00202_417.png,truetest_df40,0.1,blur,random_seed0,0.911568,0.012516,0.924083
C:\My_Project\AIGC\pixart\cdf\Fake_from_Youtube-real\00190\YouTube-real_00202_417.png,truetest_df40,0.1,blur,random_seed1,0.927229,-0.003146,0.924083
C:\My_Project\AIGC\pixart\cdf\Fake_from_Youtube-real\00190\YouTube-real_00202_417.png,truetest_df40,0.1,blur,random_seed2,0.929676,-0.005592,0.924083
C:\My_Project\AIGC\pixart\cdf\Fake_from_Youtube-real\00190\YouTube-real_00202_417.png,truetest_df40,0.1,blur,random_seed3,0.926089,-0.002005,0.924083
C:\My_Project\AIGC\pixart\cdf\Fake_from_Youtube-real\00190\YouTube-real_00202_417.png,truetest_df40,0.1,blur,random_seed4,0.908114,0.015969,0.924083
C:\My_Project\AIGC\pixart\cdf\Fake_from_Youtube-real\00190\YouTube-real_00202_417.png,truetest_df40,0.1,blur,hot,0.915735,0.008348,0.924083
C:\My_Project\AIGC\pixart\cdf\Fake_from_Youtube-real\00190\YouTube-real_00202_417.png,truetest_df40,0.1,blur,bottom,0.926814,-0.002731,0.924083
C:\My_Project\AIGC\pixart\cdf\Fake_from_Youtube-real\00190\YouTube-real_00202_417.png,truetest_df40,0.1,blur,random_mean,0.920535,0.003548,0.924083
C:\My_Project\AIGC\pixart\cdf\Fake_from_Youtube-real\00190\YouTube-real_00202_417.png,truetest_df40,0.1,constant_fill_CONFOUNDED,hot,0.894205,0.029878,0.924083
C:\My_Project\AIGC\pixart\cdf\Fake_from_Youtube-real\00190\YouTube-real_00202_417.png,truetest_df40,0.1,constant_fill_CONFOUNDED,bottom,0.874941,0.049142,0.924083
C:\My_Project\AIGC\pixart\cdf\Fake_from_Youtube-real\00190\YouTube-real_00202_417.png,truetest_df40,0.1,constant_fill_CONFOUNDED,random_scattered,0.928847,-0.004763,0.924083
C:\My_Project\AIGC\pixart\cdf\Fake_from_Youtube-real\00190\YouTube-real_00202_417.png,truetest_df40,0.2,blur,random_seed0,0.896424,0.027659,0.924083
C:\My_Project\AIGC\pixart\cdf\Fake_from_Youtube-real\00190\YouTube-real_00202_417.png,truetest_df40,0.2,blur,random_seed1,0.919829,0.004254,0.924083
C:\My_Project\AIGC\pixart\cdf\Fake_from_Youtube-real\00190\YouTube-real_00202_417.png,truetest_df40,0.2,blur,random_seed2,0.901739,0.022345,0.924083
C:\My_Project\AIGC\pixart\cdf\Fake_from_Youtube-real\00190\YouTube-real_00202_417.png,truetest_df40,0.2,blur,random_seed3,0.917708,0.006376,0.924083
C:\My_Project\AIGC\pixart\cdf\Fake_from_Youtube-real\00190\YouTube-real_00202_417.png,truetest_df40,0.2,blur,random_seed4,0.919111,0.004972,0.924083
C:\My_Project\AIGC\pixart\cdf\Fake_from_Youtube-real\00190\YouTube-real_00202_417.png,truetest_df40,0.2,blur,hot,0.882281,0.041803,0.924083
C:\My_Project\AIGC\pixart\cdf\Fake_from_Youtube-real\00190\YouTube-real_00202_417.png,truetest_df40,0.2,blur,bottom,0.925623,-0.00154,0.924083
C:\My_Project\AIGC\pixart\cdf\Fake_from_Youtube-real\00190\YouTube-real_00202_417.png,truetest_df40,0.2,blur,random_mean,0.910962,0.013121,0.924083
C:\My_Project\AIGC\pixart\cdf\Fake_from_Youtube-real\00190\YouTube-real_00202_417.png,truetest_df40,0.2,constant_fill_CONFOUNDED,hot,0.841711,0.082372,0.924083
C:\My_Project\AIGC\pixart\cdf\Fake_from_Youtube-real\00190\YouTube-real_00202_417.png,truetest_df40,0.2,constant_fill_CONFOUNDED,bottom,0.872772,0.051311,0.924083
C:\My_Project\AIGC\pixart\cdf\Fake_from_Youtube-real\00190\YouTube-real_00202_417.png,truetest_df40,0.2,constant_fill_CONFOUNDED,random_scattered,0.918324,0.005759,0.924083
C:\My_Project\AIGC\pixart\cdf\Fake_from_Celeb-real\id9_0009\YouTube-real_00207_016.png,truetest_df40,0.05,blur,random_seed0,0.947776,0.000211,0.947986
C:\My_Project\AIGC\pixart\cdf\Fake_from_Celeb-real\id9_0009\YouTube-real_00207_016.png,truetest_df40,0.05,blur,random_seed1,0.945844,0.002143,0.947986
C:\My_Project\AIGC\pixart\cdf\Fake_from_Celeb-real\id9_0009\YouTube-real_00207_016.png,truetest_df40,0.05,blur,random_seed2,0.946855,0.001131,0.947986
C:\My_Project\AIGC\pixart\cdf\Fake_from_Celeb-real\id9_0009\YouTube-real_00207_016.png,truetest_df40,0.05,blur,random_seed3,0.947375,0.000611,0.947986
C:\My_Project\AIGC\pixart\cdf\Fake_from_Celeb-real\id9_0009\YouTube-real_00207_016.png,truetest_df40,0.05,blur,random_seed4,0.946817,0.00117,0.947986
C:\My_Project\AIGC\pixart\cdf\Fake_from_Celeb-real\id9_0009\YouTube-real_00207_016.png,truetest_df40,0.05,blur,hot,0.944776,0.003211,0.947986
C:\My_Project\AIGC\pixart\cdf\Fake_from_Celeb-real\id9_0009\YouTube-real_00207_016.png,truetest_df40,0.05,blur,bottom,0.947316,0.00067,0.947986
C:\My_Project\AIGC\pixart\cdf\Fake_from_Celeb-real\id9_0009\YouTube-real_00207_016.png,truetest_df40,0.05,blur,random_mean,0.946933,0.001053,0.947986
C:\My_Project\AIGC\pixart\cdf\Fake_from_Celeb-real\id9_0009\YouTube-real_00207_016.png,truetest_df40,0.05,constant_fill_CONFOUNDED,hot,0.866588,0.081398,0.947986
C:\My_Project\AIGC\pixart\cdf\Fake_from_Celeb-real\id9_0009\YouTube-real_00207_016.png,truetest_df40,0.05,constant_fill_CONFOUNDED,bottom,0.903301,0.044685,0.947986
C:\My_Project\AIGC\pixart\cdf\Fake_from_Celeb-real\id9_0009\YouTube-real_00207_016.png,truetest_df40,0.05,constant_fill_CONFOUNDED,random_scattered,0.549029,0.398957,0.947986
C:\My_Project\AIGC\pixart\cdf\Fake_from_Celeb-real\id9_0009\YouTube-real_00207_016.png,truetest_df40,0.1,blur,random_seed0,0.948904,-0.000918,0.947986
C:\My_Project\AIGC\pixart\cdf\Fake_from_Celeb-real\id9_0009\YouTube-real_00207_016.png,truetest_df40,0.1,blur,random_seed1,0.94848,-0.000494,0.947986
C:\My_Project\AIGC\pixart\cdf\Fake_from_Celeb-real\id9_0009\YouTube-real_00207_016.png,truetest_df40,0.1,blur,random_seed2,0.944967,0.00302,0.947986
C:\My_Project\AIGC\pixart\cdf\Fake_from_Celeb-real\id9_0009\YouTube-real_00207_016.png,truetest_df40,0.1,blur,random_seed3,0.948578,-0.000591,0.947986
C:\My_Project\AIGC\pixart\cdf\Fake_from_Celeb-real\id9_0009\YouTube-real_00207_016.png,truetest_df40,0.1,blur,random_seed4,0.948161,-0.000175,0.947986
C:\My_Project\AIGC\pixart\cdf\Fake_from_Celeb-real\id9_0009\YouTube-real_00207_016.png,truetest_df40,0.1,blur,hot,0.942785,0.005201,0.947986
C:\My_Project\AIGC\pixart\cdf\Fake_from_Celeb-real\id9_0009\YouTube-real_00207_016.png,truetest_df40,0.1,blur,bottom,0.948247,-0.00026,0.947986
C:\My_Project\AIGC\pixart\cdf\Fake_from_Celeb-real\id9_0009\YouTube-real_00207_016.png,truetest_df40,0.1,blur,random_mean,0.947818,0.000168,0.947986
C:\My_Project\AIGC\pixart\cdf\Fake_from_Celeb-real\id9_0009\YouTube-real_00207_016.png,truetest_df40,0.1,constant_fill_CONFOUNDED,hot,0.836082,0.111905,0.947986
C:\My_Project\AIGC\pixart\cdf\Fake_from_Celeb-real\id9_0009\YouTube-real_00207_016.png,truetest_df40,0.1,constant_fill_CONFOUNDED,bottom,0.906026,0.04196,0.947986
C:\My_Project\AIGC\pixart\cdf\Fake_from_Celeb-real\id9_0009\YouTube-real_00207_016.png,truetest_df40,0.1,constant_fill_CONFOUNDED,random_scattered,0.914247,0.033739,0.947986
C:\My_Project\AIGC\pixart\cdf\Fake_from_Celeb-real\id9_0009\YouTube-real_00207_016.png,truetest_df40,0.2,blur,random_seed0,0.939651,0.008336,0.947986
C:\My_Project\AIGC\pixart\cdf\Fake_from_Celeb-real\id9_0009\YouTube-real_00207_016.png,truetest_df40,0.2,blur,random_seed1,0.944861,0.003126,0.947986
C:\My_Project\AIGC\pixart\cdf\Fake_from_Celeb-real\id9_0009\YouTube-real_00207_016.png,truetest_df40,0.2,blur,random_seed2,0.946223,0.001764,0.947986
C:\My_Project\AIGC\pixart\cdf\Fake_from_Celeb-real\id9_0009\YouTube-real_00207_016.png,truetest_df40,0.2,blur,random_seed3,0.943689,0.004297,0.947986
C:\My_Project\AIGC\pixart\cdf\Fake_from_Celeb-real\id9_0009\YouTube-real_00207_016.png,truetest_df40,0.2,blur,random_seed4,0.946984,0.001002,0.947986
C:\My_Project\AIGC\pixart\cdf\Fake_from_Celeb-real\id9_0009\YouTube-real_00207_016.png,truetest_df40,0.2,blur,hot,0.932631,0.015356,0.947986
C:\My_Project\AIGC\pixart\cdf\Fake_from_Celeb-real\id9_0009\YouTube-real_00207_016.png,truetest_df40,0.2,blur,bottom,0.94772,0.000267,0.947986
C:\My_Project\AIGC\pixart\cdf\Fake_from_Celeb-real\id9_0009\YouTube-real_00207_016.png,truetest_df40,0.2,blur,random_mean,0.944281,0.003705,0.947986
C:\My_Project\AIGC\pixart\cdf\Fake_from_Celeb-real\id9_0009\YouTube-real_00207_016.png,truetest_df40,0.2,constant_fill_CONFOUNDED,hot,0.919334,0.028653,0.947986
C:\My_Project\AIGC\pixart\cdf\Fake_from_Celeb-real\id9_0009\YouTube-real_00207_016.png,truetest_df40,0.2,constant_fill_CONFOUNDED,bottom,0.887786,0.0602,0.947986
C:\My_Project\AIGC\pixart\cdf\Fake_from_Celeb-real\id9_0009\YouTube-real_00207_016.png,truetest_df40,0.2,constant_fill_CONFOUNDED,random_scattered,0.931312,0.016675,0.947986
C:\My_Project\AIGC\MidJourney\fake\13592447708_Clean_East_Asian_female_face_face_only_shown_face_c_9a291ec4-afb9-4bb5-ae51-b6c6a0eb0231.png,truetest_df40,0.05,blur,random_seed0,0.934474,0.00445,0.938924
C:\My_Project\AIGC\MidJourney\fake\13592447708_Clean_East_Asian_female_face_face_only_shown_face_c_9a291ec4-afb9-4bb5-ae51-b6c6a0eb0231.png,truetest_df40,0.05,blur,random_seed1,0.934288,0.004637,0.938924
C:\My_Project\AIGC\MidJourney\fake\13592447708_Clean_East_Asian_female_face_face_only_shown_face_c_9a291ec4-afb9-4bb5-ae51-b6c6a0eb0231.png,truetest_df40,0.05,blur,random_seed2,0.934668,0.004256,0.938924
C:\My_Project\AIGC\MidJourney\fake\13592447708_Clean_East_Asian_female_face_face_only_shown_face_c_9a291ec4-afb9-4bb5-ae51-b6c6a0eb0231.png,truetest_df40,0.05,blur,random_seed3,0.935616,0.003308,0.938924
C:\My_Project\AIGC\MidJourney\fake\13592447708_Clean_East_Asian_female_face_face_only_shown_face_c_9a291ec4-afb9-4bb5-ae51-b6c6a0eb0231.png,truetest_df40,0.05,blur,random_seed4,0.922016,0.016908,0.938924
C:\My_Project\AIGC\MidJourney\fake\13592447708_Clean_East_Asian_female_face_face_only_shown_face_c_9a291ec4-afb9-4bb5-ae51-b6c6a0eb0231.png,truetest_df40,0.05,blur,hot,0.925465,0.01346,0.938924
C:\My_Project\AIGC\MidJourney\fake\13592447708_Clean_East_Asian_female_face_face_only_shown_face_c_9a291ec4-afb9-4bb5-ae51-b6c6a0eb0231.png,truetest_df40,0.05,blur,bottom,0.940855,-0.00193,0.938924
C:\My_Project\AIGC\MidJourney\fake\13592447708_Clean_East_Asian_female_face_face_only_shown_face_c_9a291ec4-afb9-4bb5-ae51-b6c6a0eb0231.png,truetest_df40,0.05,blur,random_mean,0.932212,0.006712,0.938924
C:\My_Project\AIGC\MidJourney\fake\13592447708_Clean_East_Asian_female_face_face_only_shown_face_c_9a291ec4-afb9-4bb5-ae51-b6c6a0eb0231.png,truetest_df40,0.05,constant_fill_CONFOUNDED,hot,0.918753,0.020171,0.938924
C:\My_Project\AIGC\MidJourney\fake\13592447708_Clean_East_Asian_female_face_face_only_shown_face_c_9a291ec4-afb9-4bb5-ae51-b6c6a0eb0231.png,truetest_df40,0.05,constant_fill_CONFOUNDED,bottom,0.93123,0.007694,0.938924
C:\My_Project\AIGC\MidJourney\fake\13592447708_Clean_East_Asian_female_face_face_only_shown_face_c_9a291ec4-afb9-4bb5-ae51-b6c6a0eb0231.png,truetest_df40,0.05,constant_fill_CONFOUNDED,random_scattered,0.927743,0.011181,0.938924
C:\My_Project\AIGC\MidJourney\fake\13592447708_Clean_East_Asian_female_face_face_only_shown_face_c_9a291ec4-afb9-4bb5-ae51-b6c6a0eb0231.png,truetest_df40,0.1,blur,random_seed0,0.918684,0.02024,0.938924
C:\My_Project\AIGC\MidJourney\fake\13592447708_Clean_East_Asian_female_face_face_only_shown_face_c_9a291ec4-afb9-4bb5-ae51-b6c6a0eb0231.png,truetest_df40,0.1,blur,random_seed1,0.928649,0.010275,0.938924
C:\My_Project\AIGC\MidJourney\fake\13592447708_Clean_East_Asian_female_face_face_only_shown_face_c_9a291ec4-afb9-4bb5-ae51-b6c6a0eb0231.png,truetest_df40,0.1,blur,random_seed2,0.929208,0.009716,0.938924
C:\My_Project\AIGC\MidJourney\fake\13592447708_Clean_East_Asian_female_face_face_only_shown_face_c_9a291ec4-afb9-4bb5-ae51-b6c6a0eb0231.png,truetest_df40,0.1,blur,random_seed3,0.936882,0.002042,0.938924
C:\My_Project\AIGC\MidJourney\fake\13592447708_Clean_East_Asian_female_face_face_only_shown_face_c_9a291ec4-afb9-4bb5-ae51-b6c6a0eb0231.png,truetest_df40,0.1,blur,random_seed4,0.919031,0.019893,0.938924
C:\My_Project\AIGC\MidJourney\fake\13592447708_Clean_East_Asian_female_face_face_only_shown_face_c_9a291ec4-afb9-4bb5-ae51-b6c6a0eb0231.png,truetest_df40,0.1,blur,hot,0.757959,0.180966,0.938924
C:\My_Project\AIGC\MidJourney\fake\13592447708_Clean_East_Asian_female_face_face_only_shown_face_c_9a291ec4-afb9-4bb5-ae51-b6c6a0eb0231.png,truetest_df40,0.1,blur,bottom,0.940514,-0.00159,0.938924
C:\My_Project\AIGC\MidJourney\fake\13592447708_Clean_East_Asian_female_face_face_only_shown_face_c_9a291ec4-afb9-4bb5-ae51-b6c6a0eb0231.png,truetest_df40,0.1,blur,random_mean,0.926491,0.012433,0.938924
C:\My_Project\AIGC\MidJourney\fake\13592447708_Clean_East_Asian_female_face_face_only_shown_face_c_9a291ec4-afb9-4bb5-ae51-b6c6a0eb0231.png,truetest_df40,0.1,constant_fill_CONFOUNDED,hot,0.815491,0.123433,0.938924
C:\My_Project\AIGC\MidJourney\fake\13592447708_Clean_East_Asian_female_face_face_only_shown_face_c_9a291ec4-afb9-4bb5-ae51-b6c6a0eb0231.png,truetest_df40,0.1,constant_fill_CONFOUNDED,bottom,0.927856,0.011068,0.938924
C:\My_Project\AIGC\MidJourney\fake\13592447708_Clean_East_Asian_female_face_face_only_shown_face_c_9a291ec4-afb9-4bb5-ae51-b6c6a0eb0231.png,truetest_df40,0.1,constant_fill_CONFOUNDED,random_scattered,0.921296,0.017629,0.938924
C:\My_Project\AIGC\MidJourney\fake\13592447708_Clean_East_Asian_female_face_face_only_shown_face_c_9a291ec4-afb9-4bb5-ae51-b6c6a0eb0231.png,truetest_df40,0.2,blur,random_seed0,0.839913,0.099012,0.938924
C:\My_Project\AIGC\MidJourney\fake\13592447708_Clean_East_Asian_female_face_face_only_shown_face_c_9a291ec4-afb9-4bb5-ae51-b6c6a0eb0231.png,truetest_df40,0.2,blur,random_seed1,0.924932,0.013992,0.938924
C:\My_Project\AIGC\MidJourney\fake\13592447708_Clean_East_Asian_female_face_face_only_shown_face_c_9a291ec4-afb9-4bb5-ae51-b6c6a0eb0231.png,truetest_df40,0.2,blur,random_seed2,0.924418,0.014506,0.938924
C:\My_Project\AIGC\MidJourney\fake\13592447708_Clean_East_Asian_female_face_face_only_shown_face_c_9a291ec4-afb9-4bb5-ae51-b6c6a0eb0231.png,truetest_df40,0.2,blur,random_seed3,0.921519,0.017405,0.938924
C:\My_Project\AIGC\MidJourney\fake\13592447708_Clean_East_Asian_female_face_face_only_shown_face_c_9a291ec4-afb9-4bb5-ae51-b6c6a0eb0231.png,truetest_df40,0.2,blur,random_seed4,0.806809,0.132115,0.938924
C:\My_Project\AIGC\MidJourney\fake\13592447708_Clean_East_Asian_female_face_face_only_shown_face_c_9a291ec4-afb9-4bb5-ae51-b6c6a0eb0231.png,truetest_df40,0.2,blur,hot,0.783207,0.155717,0.938924
C:\My_Project\AIGC\MidJourney\fake\13592447708_Clean_East_Asian_female_face_face_only_shown_face_c_9a291ec4-afb9-4bb5-ae51-b6c6a0eb0231.png,truetest_df40,0.2,blur,bottom,0.944418,-0.005494,0.938924
C:\My_Project\AIGC\MidJourney\fake\13592447708_Clean_East_Asian_female_face_face_only_shown_face_c_9a291ec4-afb9-4bb5-ae51-b6c6a0eb0231.png,truetest_df40,0.2,blur,random_mean,0.883518,0.055406,0.938924
C:\My_Project\AIGC\MidJourney\fake\13592447708_Clean_East_Asian_female_face_face_only_shown_face_c_9a291ec4-afb9-4bb5-ae51-b6c6a0eb0231.png,truetest_df40,0.2,constant_fill_CONFOUNDED,hot,0.766405,0.172519,0.938924
C:\My_Project\AIGC\MidJourney\fake\13592447708_Clean_East_Asian_female_face_face_only_shown_face_c_9a291ec4-afb9-4bb5-ae51-b6c6a0eb0231.png,truetest_df40,0.2,constant_fill_CONFOUNDED,bottom,0.933191,0.005733,0.938924
C:\My_Project\AIGC\MidJourney\fake\13592447708_Clean_East_Asian_female_face_face_only_shown_face_c_9a291ec4-afb9-4bb5-ae51-b6c6a0eb0231.png,truetest_df40,0.2,constant_fill_CONFOUNDED,random_scattered,0.932709,0.006215,0.938924
C:\My_Project\AIGC\MidJourney\fake\13592447708_black_male_face_face_only_face_close-up_face_close-_524a2bd2-dac3-4b78-aeab-19043a1c99fa.png,truetest_df40,0.05,blur,random_seed0,0.932705,-5e-05,0.932655
C:\My_Project\AIGC\MidJourney\fake\13592447708_black_male_face_face_only_face_close-up_face_close-_524a2bd2-dac3-4b78-aeab-19043a1c99fa.png,truetest_df40,0.05,blur,random_seed1,0.931529,0.001126,0.932655
C:\My_Project\AIGC\MidJourney\fake\13592447708_black_male_face_face_only_face_close-up_face_close-_524a2bd2-dac3-4b78-aeab-19043a1c99fa.png,truetest_df40,0.05,blur,random_seed2,0.933821,-0.001165,0.932655
C:\My_Project\AIGC\MidJourney\fake\13592447708_black_male_face_face_only_face_close-up_face_close-_524a2bd2-dac3-4b78-aeab-19043a1c99fa.png,truetest_df40,0.05,blur,random_seed3,0.931721,0.000934,0.932655
C:\My_Project\AIGC\MidJourney\fake\13592447708_black_male_face_face_only_face_close-up_face_close-_524a2bd2-dac3-4b78-aeab-19043a1c99fa.png,truetest_df40,0.05,blur,random_seed4,0.932146,0.000509,0.932655
C:\My_Project\AIGC\MidJourney\fake\13592447708_black_male_face_face_only_face_close-up_face_close-_524a2bd2-dac3-4b78-aeab-19043a1c99fa.png,truetest_df40,0.05,blur,hot,0.921496,0.011159,0.932655
C:\My_Project\AIGC\MidJourney\fake\13592447708_black_male_face_face_only_face_close-up_face_close-_524a2bd2-dac3-4b78-aeab-19043a1c99fa.png,truetest_df40,0.05,blur,bottom,0.932101,0.000554,0.932655
C:\My_Project\AIGC\MidJourney\fake\13592447708_black_male_face_face_only_face_close-up_face_close-_524a2bd2-dac3-4b78-aeab-19043a1c99fa.png,truetest_df40,0.05,blur,random_mean,0.932384,0.000271,0.932655
C:\My_Project\AIGC\MidJourney\fake\13592447708_black_male_face_face_only_face_close-up_face_close-_524a2bd2-dac3-4b78-aeab-19043a1c99fa.png,truetest_df40,0.05,constant_fill_CONFOUNDED,hot,0.497193,0.435463,0.932655
C:\My_Project\AIGC\MidJourney\fake\13592447708_black_male_face_face_only_face_close-up_face_close-_524a2bd2-dac3-4b78-aeab-19043a1c99fa.png,truetest_df40,0.05,constant_fill_CONFOUNDED,bottom,0.929423,0.003232,0.932655
C:\My_Project\AIGC\MidJourney\fake\13592447708_black_male_face_face_only_face_close-up_face_close-_524a2bd2-dac3-4b78-aeab-19043a1c99fa.png,truetest_df40,0.05,constant_fill_CONFOUNDED,random_scattered,0.920499,0.012156,0.932655
C:\My_Project\AIGC\MidJourney\fake\13592447708_black_male_face_face_only_face_close-up_face_close-_524a2bd2-dac3-4b78-aeab-19043a1c99fa.png,truetest_df40,0.1,blur,random_seed0,0.92974,0.002915,0.932655
C:\My_Project\AIGC\MidJourney\fake\13592447708_black_male_face_face_only_face_close-up_face_close-_524a2bd2-dac3-4b78-aeab-19043a1c99fa.png,truetest_df40,0.1,blur,random_seed1,0.828321,0.104334,0.932655
C:\My_Project\AIGC\MidJourney\fake\13592447708_black_male_face_face_only_face_close-up_face_close-_524a2bd2-dac3-4b78-aeab-19043a1c99fa.png,truetest_df40,0.1,blur,random_seed2,0.92623,0.006425,0.932655
C:\My_Project\AIGC\MidJourney\fake\13592447708_black_male_face_face_only_face_close-up_face_close-_524a2bd2-dac3-4b78-aeab-19043a1c99fa.png,truetest_df40,0.1,blur,random_seed3,0.925874,0.006781,0.932655
C:\My_Project\AIGC\MidJourney\fake\13592447708_black_male_face_face_only_face_close-up_face_close-_524a2bd2-dac3-4b78-aeab-19043a1c99fa.png,truetest_df40,0.1,blur,random_seed4,0.92112,0.011536,0.932655
C:\My_Project\AIGC\MidJourney\fake\13592447708_black_male_face_face_only_face_close-up_face_close-_524a2bd2-dac3-4b78-aeab-19043a1c99fa.png,truetest_df40,0.1,blur,hot,0.737956,0.194699,0.932655
C:\My_Project\AIGC\MidJourney\fake\13592447708_black_male_face_face_only_face_close-up_face_close-_524a2bd2-dac3-4b78-aeab-19043a1c99fa.png,truetest_df40,0.1,blur,bottom,0.932664,-9e-06,0.932655
C:\My_Project\AIGC\MidJourney\fake\13592447708_black_male_face_face_only_face_close-up_face_close-_524a2bd2-dac3-4b78-aeab-19043a1c99fa.png,truetest_df40,0.1,blur,random_mean,0.906257,0.026398,0.932655
C:\My_Project\AIGC\MidJourney\fake\13592447708_black_male_face_face_only_face_close-up_face_close-_524a2bd2-dac3-4b78-aeab-19043a1c99fa.png,truetest_df40,0.1,constant_fill_CONFOUNDED,hot,0.583232,0.349423,0.932655
C:\My_Project\AIGC\MidJourney\fake\13592447708_black_male_face_face_only_face_close-up_face_close-_524a2bd2-dac3-4b78-aeab-19043a1c99fa.png,truetest_df40,0.1,constant_fill_CONFOUNDED,bottom,0.930757,0.001898,0.932655
C:\My_Project\AIGC\MidJourney\fake\13592447708_black_male_face_face_only_face_close-up_face_close-_524a2bd2-dac3-4b78-aeab-19043a1c99fa.png,truetest_df40,0.1,constant_fill_CONFOUNDED,random_scattered,0.943564,-0.010909,0.932655
C:\My_Project\AIGC\MidJourney\fake\13592447708_black_male_face_face_only_face_close-up_face_close-_524a2bd2-dac3-4b78-aeab-19043a1c99fa.png,truetest_df40,0.2,blur,random_seed0,0.911578,0.021077,0.932655
C:\My_Project\AIGC\MidJourney\fake\13592447708_black_male_face_face_only_face_close-up_face_close-_524a2bd2-dac3-4b78-aeab-19043a1c99fa.png,truetest_df40,0.2,blur,random_seed1,0.911439,0.021216,0.932655
C:\My_Project\AIGC\MidJourney\fake\13592447708_black_male_face_face_only_face_close-up_face_close-_524a2bd2-dac3-4b78-aeab-19043a1c99fa.png,truetest_df40,0.2,blur,random_seed2,0.835278,0.097377,0.932655
C:\My_Project\AIGC\MidJourney\fake\13592447708_black_male_face_face_only_face_close-up_face_close-_524a2bd2-dac3-4b78-aeab-19043a1c99fa.png,truetest_df40,0.2,blur,random_seed3,0.916022,0.016633,0.932655
C:\My_Project\AIGC\MidJourney\fake\13592447708_black_male_face_face_only_face_close-up_face_close-_524a2bd2-dac3-4b78-aeab-19043a1c99fa.png,truetest_df40,0.2,blur,random_seed4,0.880821,0.051834,0.932655
C:\My_Project\AIGC\MidJourney\fake\13592447708_black_male_face_face_only_face_close-up_face_close-_524a2bd2-dac3-4b78-aeab-19043a1c99fa.png,truetest_df40,0.2,blur,hot,0.30568,0.626975,0.932655
C:\My_Project\AIGC\MidJourney\fake\13592447708_black_male_face_face_only_face_close-up_face_close-_524a2bd2-dac3-4b78-aeab-19043a1c99fa.png,truetest_df40,0.2,blur,bottom,0.930531,0.002124,0.932655
C:\My_Project\AIGC\MidJourney\fake\13592447708_black_male_face_face_only_face_close-up_face_close-_524a2bd2-dac3-4b78-aeab-19043a1c99fa.png,truetest_df40,0.2,blur,random_mean,0.891028,0.041627,0.932655
C:\My_Project\AIGC\MidJourney\fake\13592447708_black_male_face_face_only_face_close-up_face_close-_524a2bd2-dac3-4b78-aeab-19043a1c99fa.png,truetest_df40,0.2,constant_fill_CONFOUNDED,hot,0.303827,0.628828,0.932655
C:\My_Project\AIGC\MidJourney\fake\13592447708_black_male_face_face_only_face_close-up_face_close-_524a2bd2-dac3-4b78-aeab-19043a1c99fa.png,truetest_df40,0.2,constant_fill_CONFOUNDED,bottom,0.921818,0.010837,0.932655
C:\My_Project\AIGC\MidJourney\fake\13592447708_black_male_face_face_only_face_close-up_face_close-_524a2bd2-dac3-4b78-aeab-19043a1c99fa.png,truetest_df40,0.2,constant_fill_CONFOUNDED,random_scattered,0.947409,-0.014754,0.932655
C:\My_Project\AIGC\MidJourney\fake\13592447708_Clean_East_Asian_female_face_face_only_shown_face_c_1d2e44fb-de7a-49c1-ba4f-3dc5771a38c3.png,truetest_df40,0.05,blur,random_seed0,0.919095,0.005268,0.924363
C:\My_Project\AIGC\MidJourney\fake\13592447708_Clean_East_Asian_female_face_face_only_shown_face_c_1d2e44fb-de7a-49c1-ba4f-3dc5771a38c3.png,truetest_df40,0.05,blur,random_seed1,0.899831,0.024532,0.924363
C:\My_Project\AIGC\MidJourney\fake\13592447708_Clean_East_Asian_female_face_face_only_shown_face_c_1d2e44fb-de7a-49c1-ba4f-3dc5771a38c3.png,truetest_df40,0.05,blur,random_seed2,0.916863,0.007501,0.924363
C:\My_Project\AIGC\MidJourney\fake\13592447708_Clean_East_Asian_female_face_face_only_shown_face_c_1d2e44fb-de7a-49c1-ba4f-3dc5771a38c3.png,truetest_df40,0.05,blur,random_seed3,0.92361,0.000753,0.924363
C:\My_Project\AIGC\MidJourney\fake\13592447708_Clean_East_Asian_female_face_face_only_shown_face_c_1d2e44fb-de7a-49c1-ba4f-3dc5771a38c3.png,truetest_df40,0.05,blur,random_seed4,0.920834,0.003529,0.924363
C:\My_Project\AIGC\MidJourney\fake\13592447708_Clean_East_Asian_female_face_face_only_shown_face_c_1d2e44fb-de7a-49c1-ba4f-3dc5771a38c3.png,truetest_df40,0.05,blur,hot,0.909036,0.015327,0.924363
C:\My_Project\AIGC\MidJourney\fake\13592447708_Clean_East_Asian_female_face_face_only_shown_face_c_1d2e44fb-de7a-49c1-ba4f-3dc5771a38c3.png,truetest_df40,0.05,blur,bottom,0.924279,8.4e-05,0.924363
C:\My_Project\AIGC\MidJourney\fake\13592447708_Clean_East_Asian_female_face_face_only_shown_face_c_1d2e44fb-de7a-49c1-ba4f-3dc5771a38c3.png,truetest_df40,0.05,blur,random_mean,0.916047,0.008317,0.924363
C:\My_Project\AIGC\MidJourney\fake\13592447708_Clean_East_Asian_female_face_face_only_shown_face_c_1d2e44fb-de7a-49c1-ba4f-3dc5771a38c3.png,truetest_df40,0.05,constant_fill_CONFOUNDED,hot,0.838925,0.085438,0.924363
C:\My_Project\AIGC\MidJourney\fake\13592447708_Clean_East_Asian_female_face_face_only_shown_face_c_1d2e44fb-de7a-49c1-ba4f-3dc5771a38c3.png,truetest_df40,0.05,constant_fill_CONFOUNDED,bottom,0.646346,0.278017,0.924363
C:\My_Project\AIGC\MidJourney\fake\13592447708_Clean_East_Asian_female_face_face_only_shown_face_c_1d2e44fb-de7a-49c1-ba4f-3dc5771a38c3.png,truetest_df40,0.05,constant_fill_CONFOUNDED,random_scattered,0.912359,0.012004,0.924363
C:\My_Project\AIGC\MidJourney\fake\13592447708_Clean_East_Asian_female_face_face_only_shown_face_c_1d2e44fb-de7a-49c1-ba4f-3dc5771a38c3.png,truetest_df40,0.1,blur,random_seed0,0.922596,0.001767,0.924363
C:\My_Project\AIGC\MidJourney\fake\13592447708_Clean_East_Asian_female_face_face_only_shown_face_c_1d2e44fb-de7a-49c1-ba4f-3dc5771a38c3.png,truetest_df40,0.1,blur,random_seed1,0.922587,0.001776,0.924363
C:\My_Project\AIGC\MidJourney\fake\13592447708_Clean_East_Asian_female_face_face_only_shown_face_c_1d2e44fb-de7a-49c1-ba4f-3dc5771a38c3.png,truetest_df40,0.1,blur,random_seed2,0.925286,-0.000922,0.924363
C:\My_Project\AIGC\MidJourney\fake\13592447708_Clean_East_Asian_female_face_face_only_shown_face_c_1d2e44fb-de7a-49c1-ba4f-3dc5771a38c3.png,truetest_df40,0.1,blur,random_seed3,0.918819,0.005544,0.924363
C:\My_Project\AIGC\MidJourney\fake\13592447708_Clean_East_Asian_female_face_face_only_shown_face_c_1d2e44fb-de7a-49c1-ba4f-3dc5771a38c3.png,truetest_df40,0.1,blur,random_seed4,0.910289,0.014075,0.924363
C:\My_Project\AIGC\MidJourney\fake\13592447708_Clean_East_Asian_female_face_face_only_shown_face_c_1d2e44fb-de7a-49c1-ba4f-3dc5771a38c3.png,truetest_df40,0.1,blur,hot,0.796274,0.128089,0.924363
C:\My_Project\AIGC\MidJourney\fake\13592447708_Clean_East_Asian_female_face_face_only_shown_face_c_1d2e44fb-de7a-49c1-ba4f-3dc5771a38c3.png,truetest_df40,0.1,blur,bottom,0.923309,0.001055,0.924363
C:\My_Project\AIGC\MidJourney\fake\13592447708_Clean_East_Asian_female_face_face_only_shown_face_c_1d2e44fb-de7a-49c1-ba4f-3dc5771a38c3.png,truetest_df40,0.1,blur,random_mean,0.919915,0.004448,0.924363
C:\My_Project\AIGC\MidJourney\fake\13592447708_Clean_East_Asian_female_face_face_only_shown_face_c_1d2e44fb-de7a-49c1-ba4f-3dc5771a38c3.png,truetest_df40,0.1,constant_fill_CONFOUNDED,hot,0.796098,0.128265,0.924363
C:\My_Project\AIGC\MidJourney\fake\13592447708_Clean_East_Asian_female_face_face_only_shown_face_c_1d2e44fb-de7a-49c1-ba4f-3dc5771a38c3.png,truetest_df40,0.1,constant_fill_CONFOUNDED,bottom,0.780599,0.143764,0.924363
C:\My_Project\AIGC\MidJourney\fake\13592447708_Clean_East_Asian_female_face_face_only_shown_face_c_1d2e44fb-de7a-49c1-ba4f-3dc5771a38c3.png,truetest_df40,0.1,constant_fill_CONFOUNDED,random_scattered,0.92294,0.001424,0.924363
C:\My_Project\AIGC\MidJourney\fake\13592447708_Clean_East_Asian_female_face_face_only_shown_face_c_1d2e44fb-de7a-49c1-ba4f-3dc5771a38c3.png,truetest_df40,0.2,blur,random_seed0,0.902342,0.022021,0.924363
C:\My_Project\AIGC\MidJourney\fake\13592447708_Clean_East_Asian_female_face_face_only_shown_face_c_1d2e44fb-de7a-49c1-ba4f-3dc5771a38c3.png,truetest_df40,0.2,blur,random_seed1,0.836144,0.088219,0.924363
C:\My_Project\AIGC\MidJourney\fake\13592447708_Clean_East_Asian_female_face_face_only_shown_face_c_1d2e44fb-de7a-49c1-ba4f-3dc5771a38c3.png,truetest_df40,0.2,blur,random_seed2,0.907282,0.017082,0.924363
C:\My_Project\AIGC\MidJourney\fake\13592447708_Clean_East_Asian_female_face_face_only_shown_face_c_1d2e44fb-de7a-49c1-ba4f-3dc5771a38c3.png,truetest_df40,0.2,blur,random_seed3,0.632624,0.291739,0.924363
C:\My_Project\AIGC\MidJourney\fake\13592447708_Clean_East_Asian_female_face_face_only_shown_face_c_1d2e44fb-de7a-49c1-ba4f-3dc5771a38c3.png,truetest_df40,0.2,blur,random_seed4,0.613803,0.31056,0.924363
C:\My_Project\AIGC\MidJourney\fake\13592447708_Clean_East_Asian_female_face_face_only_shown_face_c_1d2e44fb-de7a-49c1-ba4f-3dc5771a38c3.png,truetest_df40,0.2,blur,hot,0.603797,0.320566,0.924363
C:\My_Project\AIGC\MidJourney\fake\13592447708_Clean_East_Asian_female_face_face_only_shown_face_c_1d2e44fb-de7a-49c1-ba4f-3dc5771a38c3.png,truetest_df40,0.2,blur,bottom,0.925566,-0.001203,0.924363
C:\My_Project\AIGC\MidJourney\fake\13592447708_Clean_East_Asian_female_face_face_only_shown_face_c_1d2e44fb-de7a-49c1-ba4f-3dc5771a38c3.png,truetest_df40,0.2,blur,random_mean,0.778439,0.145924,0.924363
C:\My_Project\AIGC\MidJourney\fake\13592447708_Clean_East_Asian_female_face_face_only_shown_face_c_1d2e44fb-de7a-49c1-ba4f-3dc5771a38c3.png,truetest_df40,0.2,constant_fill_CONFOUNDED,hot,0.833275,0.091089,0.924363
C:\My_Project\AIGC\MidJourney\fake\13592447708_Clean_East_Asian_female_face_face_only_shown_face_c_1d2e44fb-de7a-49c1-ba4f-3dc5771a38c3.png,truetest_df40,0.2,constant_fill_CONFOUNDED,bottom,0.918754,0.00561,0.924363
C:\My_Project\AIGC\MidJourney\fake\13592447708_Clean_East_Asian_female_face_face_only_shown_face_c_1d2e44fb-de7a-49c1-ba4f-3dc5771a38c3.png,truetest_df40,0.2,constant_fill_CONFOUNDED,random_scattered,0.940468,-0.016104,0.924363
C:\My_Project\AIGC\MidJourney\fake\13592447708_Caucasian_male_face_face_only_shown_face_close-up_f_863eaf4d-e67a-4603-b654-2609e4e39dfd.png,truetest_df40,0.05,blur,random_seed0,0.901663,0.0018,0.903462
C:\My_Project\AIGC\MidJourney\fake\13592447708_Caucasian_male_face_face_only_shown_face_close-up_f_863eaf4d-e67a-4603-b654-2609e4e39dfd.png,truetest_df40,0.05,blur,random_seed1,0.898475,0.004987,0.903462
C:\My_Project\AIGC\MidJourney\fake\13592447708_Caucasian_male_face_face_only_shown_face_close-up_f_863eaf4d-e67a-4603-b654-2609e4e39dfd.png,truetest_df40,0.05,blur,random_seed2,0.859472,0.043991,0.903462
C:\My_Project\AIGC\MidJourney\fake\13592447708_Caucasian_male_face_face_only_shown_face_close-up_f_863eaf4d-e67a-4603-b654-2609e4e39dfd.png,truetest_df40,0.05,blur,random_seed3,0.895226,0.008236,0.903462
C:\My_Project\AIGC\MidJourney\fake\13592447708_Caucasian_male_face_face_only_shown_face_close-up_f_863eaf4d-e67a-4603-b654-2609e4e39dfd.png,truetest_df40,0.05,blur,random_seed4,0.890508,0.012955,0.903462
C:\My_Project\AIGC\MidJourney\fake\13592447708_Caucasian_male_face_face_only_shown_face_close-up_f_863eaf4d-e67a-4603-b654-2609e4e39dfd.png,truetest_df40,0.05,blur,hot,0.892749,0.010713,0.903462
C:\My_Project\AIGC\MidJourney\fake\13592447708_Caucasian_male_face_face_only_shown_face_close-up_f_863eaf4d-e67a-4603-b654-2609e4e39dfd.png,truetest_df40,0.05,blur,bottom,0.905788,-0.002325,0.903462
C:\My_Project\AIGC\MidJourney\fake\13592447708_Caucasian_male_face_face_only_shown_face_close-up_f_863eaf4d-e67a-4603-b654-2609e4e39dfd.png,truetest_df40,0.05,blur,random_mean,0.889069,0.014394,0.903462
C:\My_Project\AIGC\MidJourney\fake\13592447708_Caucasian_male_face_face_only_shown_face_close-up_f_863eaf4d-e67a-4603-b654-2609e4e39dfd.png,truetest_df40,0.05,constant_fill_CONFOUNDED,hot,0.912179,-0.008717,0.903462
C:\My_Project\AIGC\MidJourney\fake\13592447708_Caucasian_male_face_face_only_shown_face_close-up_f_863eaf4d-e67a-4603-b654-2609e4e39dfd.png,truetest_df40,0.05,constant_fill_CONFOUNDED,bottom,0.905081,-0.001619,0.903462
C:\My_Project\AIGC\MidJourney\fake\13592447708_Caucasian_male_face_face_only_shown_face_close-up_f_863eaf4d-e67a-4603-b654-2609e4e39dfd.png,truetest_df40,0.05,constant_fill_CONFOUNDED,random_scattered,0.920851,-0.017388,0.903462
C:\My_Project\AIGC\MidJourney\fake\13592447708_Caucasian_male_face_face_only_shown_face_close-up_f_863eaf4d-e67a-4603-b654-2609e4e39dfd.png,truetest_df40,0.1,blur,random_seed0,0.869682,0.033781,0.903462
C:\My_Project\AIGC\MidJourney\fake\13592447708_Caucasian_male_face_face_only_shown_face_close-up_f_863eaf4d-e67a-4603-b654-2609e4e39dfd.png,truetest_df40,0.1,blur,random_seed1,0.880119,0.023343,0.903462
C:\My_Project\AIGC\MidJourney\fake\13592447708_Caucasian_male_face_face_only_shown_face_close-up_f_863eaf4d-e67a-4603-b654-2609e4e39dfd.png,truetest_df40,0.1,blur,random_seed2,0.881155,0.022307,0.903462
C:\My_Project\AIGC\MidJourney\fake\13592447708_Caucasian_male_face_face_only_shown_face_close-up_f_863eaf4d-e67a-4603-b654-2609e4e39dfd.png,truetest_df40,0.1,blur,random_seed3,0.894587,0.008875,0.903462
C:\My_Project\AIGC\MidJourney\fake\13592447708_Caucasian_male_face_face_only_shown_face_close-up_f_863eaf4d-e67a-4603-b654-2609e4e39dfd.png,truetest_df40,0.1,blur,random_seed4,0.857389,0.046073,0.903462
C:\My_Project\AIGC\MidJourney\fake\13592447708_Caucasian_male_face_face_only_shown_face_close-up_f_863eaf4d-e67a-4603-b654-2609e4e39dfd.png,truetest_df40,0.1,blur,hot,0.87951,0.023952,0.903462
C:\My_Project\AIGC\MidJourney\fake\13592447708_Caucasian_male_face_face_only_shown_face_close-up_f_863eaf4d-e67a-4603-b654-2609e4e39dfd.png,truetest_df40,0.1,blur,bottom,0.902249,0.001213,0.903462
C:\My_Project\AIGC\MidJourney\fake\13592447708_Caucasian_male_face_face_only_shown_face_close-up_f_863eaf4d-e67a-4603-b654-2609e4e39dfd.png,truetest_df40,0.1,blur,random_mean,0.876586,0.026876,0.903462
C:\My_Project\AIGC\MidJourney\fake\13592447708_Caucasian_male_face_face_only_shown_face_close-up_f_863eaf4d-e67a-4603-b654-2609e4e39dfd.png,truetest_df40,0.1,constant_fill_CONFOUNDED,hot,0.89059,0.012872,0.903462
C:\My_Project\AIGC\MidJourney\fake\13592447708_Caucasian_male_face_face_only_shown_face_close-up_f_863eaf4d-e67a-4603-b654-2609e4e39dfd.png,truetest_df40,0.1,constant_fill_CONFOUNDED,bottom,0.883885,0.019578,0.903462
C:\My_Project\AIGC\MidJourney\fake\13592447708_Caucasian_male_face_face_only_shown_face_close-up_f_863eaf4d-e67a-4603-b654-2609e4e39dfd.png,truetest_df40,0.1,constant_fill_CONFOUNDED,random_scattered,0.927458,-0.023996,0.903462
C:\My_Project\AIGC\MidJourney\fake\13592447708_Caucasian_male_face_face_only_shown_face_close-up_f_863eaf4d-e67a-4603-b654-2609e4e39dfd.png,truetest_df40,0.2,blur,random_seed0,0.894984,0.008478,0.903462
C:\My_Project\AIGC\MidJourney\fake\13592447708_Caucasian_male_face_face_only_shown_face_close-up_f_863eaf4d-e67a-4603-b654-2609e4e39dfd.png,truetest_df40,0.2,blur,random_seed1,0.887859,0.015603,0.903462
C:\My_Project\AIGC\MidJourney\fake\13592447708_Caucasian_male_face_face_only_shown_face_close-up_f_863eaf4d-e67a-4603-b654-2609e4e39dfd.png,truetest_df40,0.2,blur,random_seed2,0.887017,0.016446,0.903462
C:\My_Project\AIGC\MidJourney\fake\13592447708_Caucasian_male_face_face_only_shown_face_close-up_f_863eaf4d-e67a-4603-b654-2609e4e39dfd.png,truetest_df40,0.2,blur,random_seed3,0.893103,0.010359,0.903462
C:\My_Project\AIGC\MidJourney\fake\13592447708_Caucasian_male_face_face_only_shown_face_close-up_f_863eaf4d-e67a-4603-b654-2609e4e39dfd.png,truetest_df40,0.2,blur,random_seed4,0.881747,0.021715,0.903462
C:\My_Project\AIGC\MidJourney\fake\13592447708_Caucasian_male_face_face_only_shown_face_close-up_f_863eaf4d-e67a-4603-b654-2609e4e39dfd.png,truetest_df40,0.2,blur,hot,0.855025,0.048437,0.903462
C:\My_Project\AIGC\MidJourney\fake\13592447708_Caucasian_male_face_face_only_shown_face_close-up_f_863eaf4d-e67a-4603-b654-2609e4e39dfd.png,truetest_df40,0.2,blur,bottom,0.894141,0.009321,0.903462
C:\My_Project\AIGC\MidJourney\fake\13592447708_Caucasian_male_face_face_only_shown_face_close-up_f_863eaf4d-e67a-4603-b654-2609e4e39dfd.png,truetest_df40,0.2,blur,random_mean,0.888942,0.01452,0.903462
C:\My_Project\AIGC\MidJourney\fake\13592447708_Caucasian_male_face_face_only_shown_face_close-up_f_863eaf4d-e67a-4603-b654-2609e4e39dfd.png,truetest_df40,0.2,constant_fill_CONFOUNDED,hot,0.341266,0.562196,0.903462
C:\My_Project\AIGC\MidJourney\fake\13592447708_Caucasian_male_face_face_only_shown_face_close-up_f_863eaf4d-e67a-4603-b654-2609e4e39dfd.png,truetest_df40,0.2,constant_fill_CONFOUNDED,bottom,0.875762,0.0277,0.903462
C:\My_Project\AIGC\MidJourney\fake\13592447708_Caucasian_male_face_face_only_shown_face_close-up_f_863eaf4d-e67a-4603-b654-2609e4e39dfd.png,truetest_df40,0.2,constant_fill_CONFOUNDED,random_scattered,0.925942,-0.02248,0.903462
C:\My_Project\AIGC\MidJourney\fake\13592447708_Clean_caucasian_female_face_face_only_shown_face_cl_371aa179-9997-4f8e-971b-d379834f6fba.png,truetest_df40,0.05,blur,random_seed0,0.894688,0.005609,0.900296
C:\My_Project\AIGC\MidJourney\fake\13592447708_Clean_caucasian_female_face_face_only_shown_face_cl_371aa179-9997-4f8e-971b-d379834f6fba.png,truetest_df40,0.05,blur,random_seed1,0.846929,0.053368,0.900296
C:\My_Project\AIGC\MidJourney\fake\13592447708_Clean_caucasian_female_face_face_only_shown_face_cl_371aa179-9997-4f8e-971b-d379834f6fba.png,truetest_df40,0.05,blur,random_seed2,0.868967,0.031329,0.900296
C:\My_Project\AIGC\MidJourney\fake\13592447708_Clean_caucasian_female_face_face_only_shown_face_cl_371aa179-9997-4f8e-971b-d379834f6fba.png,truetest_df40,0.05,blur,random_seed3,0.88885,0.011446,0.900296
C:\My_Project\AIGC\MidJourney\fake\13592447708_Clean_caucasian_female_face_face_only_shown_face_cl_371aa179-9997-4f8e-971b-d379834f6fba.png,truetest_df40,0.05,blur,random_seed4,0.898754,0.001542,0.900296
C:\My_Project\AIGC\MidJourney\fake\13592447708_Clean_caucasian_female_face_face_only_shown_face_cl_371aa179-9997-4f8e-971b-d379834f6fba.png,truetest_df40,0.05,blur,hot,0.843325,0.056971,0.900296
C:\My_Project\AIGC\MidJourney\fake\13592447708_Clean_caucasian_female_face_face_only_shown_face_cl_371aa179-9997-4f8e-971b-d379834f6fba.png,truetest_df40,0.05,blur,bottom,0.896572,0.003724,0.900296
C:\My_Project\AIGC\MidJourney\fake\13592447708_Clean_caucasian_female_face_face_only_shown_face_cl_371aa179-9997-4f8e-971b-d379834f6fba.png,truetest_df40,0.05,blur,random_mean,0.879638,0.020659,0.900296
C:\My_Project\AIGC\MidJourney\fake\13592447708_Clean_caucasian_female_face_face_only_shown_face_cl_371aa179-9997-4f8e-971b-d379834f6fba.png,truetest_df40,0.05,constant_fill_CONFOUNDED,hot,0.853208,0.047088,0.900296
C:\My_Project\AIGC\MidJourney\fake\13592447708_Clean_caucasian_female_face_face_only_shown_face_cl_371aa179-9997-4f8e-971b-d379834f6fba.png,truetest_df40,0.05,constant_fill_CONFOUNDED,bottom,0.881164,0.019133,0.900296
C:\My_Project\AIGC\MidJourney\fake\13592447708_Clean_caucasian_female_face_face_only_shown_face_cl_371aa179-9997-4f8e-971b-d379834f6fba.png,truetest_df40,0.05,constant_fill_CONFOUNDED,random_scattered,0.894263,0.006033,0.900296
C:\My_Project\AIGC\MidJourney\fake\13592447708_Clean_caucasian_female_face_face_only_shown_face_cl_371aa179-9997-4f8e-971b-d379834f6fba.png,truetest_df40,0.1,blur,random_seed0,0.874263,0.026033,0.900296
C:\My_Project\AIGC\MidJourney\fake\13592447708_Clean_caucasian_female_face_face_only_shown_face_cl_371aa179-9997-4f8e-971b-d379834f6fba.png,truetest_df40,0.1,blur,random_seed1,0.853191,0.047106,0.900296
C:\My_Project\AIGC\MidJourney\fake\13592447708_Clean_caucasian_female_face_face_only_shown_face_cl_371aa179-9997-4f8e-971b-d379834f6fba.png,truetest_df40,0.1,blur,random_seed2,0.871126,0.02917,0.900296
C:\My_Project\AIGC\MidJourney\fake\13592447708_Clean_caucasian_female_face_face_only_shown_face_cl_371aa179-9997-4f8e-971b-d379834f6fba.png,truetest_df40,0.1,blur,random_seed3,0.869434,0.030863,0.900296
C:\My_Project\AIGC\MidJourney\fake\13592447708_Clean_caucasian_female_face_face_only_shown_face_cl_371aa179-9997-4f8e-971b-d379834f6fba.png,truetest_df40,0.1,blur,random_seed4,0.885844,0.014452,0.900296
C:\My_Project\AIGC\MidJourney\fake\13592447708_Clean_caucasian_female_face_face_only_shown_face_cl_371aa179-9997-4f8e-971b-d379834f6fba.png,truetest_df40,0.1,blur,hot,0.5298,0.370497,0.900296
C:\My_Project\AIGC\MidJourney\fake\13592447708_Clean_caucasian_female_face_face_only_shown_face_cl_371aa179-9997-4f8e-971b-d379834f6fba.png,truetest_df40,0.1,blur,bottom,0.907397,-0.007101,0.900296
C:\My_Project\AIGC\MidJourney\fake\13592447708_Clean_caucasian_female_face_face_only_shown_face_cl_371aa179-9997-4f8e-971b-d379834f6fba.png,truetest_df40,0.1,blur,random_mean,0.870772,0.029525,0.900296
C:\My_Project\AIGC\MidJourney\fake\13592447708_Clean_caucasian_female_face_face_only_shown_face_cl_371aa179-9997-4f8e-971b-d379834f6fba.png,truetest_df40,0.1,constant_fill_CONFOUNDED,hot,0.731903,0.168393,0.900296
C:\My_Project\AIGC\MidJourney\fake\13592447708_Clean_caucasian_female_face_face_only_shown_face_cl_371aa179-9997-4f8e-971b-d379834f6fba.png,truetest_df40,0.1,constant_fill_CONFOUNDED,bottom,0.887217,0.01308,0.900296
C:\My_Project\AIGC\MidJourney\fake\13592447708_Clean_caucasian_female_face_face_only_shown_face_cl_371aa179-9997-4f8e-971b-d379834f6fba.png,truetest_df40,0.1,constant_fill_CONFOUNDED,random_scattered,0.947464,-0.047168,0.900296
C:\My_Project\AIGC\MidJourney\fake\13592447708_Clean_caucasian_female_face_face_only_shown_face_cl_371aa179-9997-4f8e-971b-d379834f6fba.png,truetest_df40,0.2,blur,random_seed0,0.885242,0.015054,0.900296
C:\My_Project\AIGC\MidJourney\fake\13592447708_Clean_caucasian_female_face_face_only_shown_face_cl_371aa179-9997-4f8e-971b-d379834f6fba.png,truetest_df40,0.2,blur,random_seed1,0.867233,0.033063,0.900296
C:\My_Project\AIGC\MidJourney\fake\13592447708_Clean_caucasian_female_face_face_only_shown_face_cl_371aa179-9997-4f8e-971b-d379834f6fba.png,truetest_df40,0.2,blur,random_seed2,0.891489,0.008808,0.900296
C:\My_Project\AIGC\MidJourney\fake\13592447708_Clean_caucasian_female_face_face_only_shown_face_cl_371aa179-9997-4f8e-971b-d379834f6fba.png,truetest_df40,0.2,blur,random_seed3,0.870748,0.029548,0.900296
C:\My_Project\AIGC\MidJourney\fake\13592447708_Clean_caucasian_female_face_face_only_shown_face_cl_371aa179-9997-4f8e-971b-d379834f6fba.png,truetest_df40,0.2,blur,random_seed4,0.829241,0.071055,0.900296
C:\My_Project\AIGC\MidJourney\fake\13592447708_Clean_caucasian_female_face_face_only_shown_face_cl_371aa179-9997-4f8e-971b-d379834f6fba.png,truetest_df40,0.2,blur,hot,0.510128,0.390169,0.900296
C:\My_Project\AIGC\MidJourney\fake\13592447708_Clean_caucasian_female_face_face_only_shown_face_cl_371aa179-9997-4f8e-971b-d379834f6fba.png,truetest_df40,0.2,blur,bottom,0.910652,-0.010356,0.900296
C:\My_Project\AIGC\MidJourney\fake\13592447708_Clean_caucasian_female_face_face_only_shown_face_cl_371aa179-9997-4f8e-971b-d379834f6fba.png,truetest_df40,0.2,blur,random_mean,0.868791,0.031506,0.900296
C:\My_Project\AIGC\MidJourney\fake\13592447708_Clean_caucasian_female_face_face_only_shown_face_cl_371aa179-9997-4f8e-971b-d379834f6fba.png,truetest_df40,0.2,constant_fill_CONFOUNDED,hot,0.625683,0.274614,0.900296
C:\My_Project\AIGC\MidJourney\fake\13592447708_Clean_caucasian_female_face_face_only_shown_face_cl_371aa179-9997-4f8e-971b-d379834f6fba.png,truetest_df40,0.2,constant_fill_CONFOUNDED,bottom,0.894073,0.006223,0.900296
C:\My_Project\AIGC\MidJourney\fake\13592447708_Clean_caucasian_female_face_face_only_shown_face_cl_371aa179-9997-4f8e-971b-d379834f6fba.png,truetest_df40,0.2,constant_fill_CONFOUNDED,random_scattered,0.951019,-0.050723,0.900296
C:\My_Project\AIGC\MidJourney\fake\13592447708_Single_person_black_male_looking_at_the_camera_faci_98af1a10-6ac8-4ca8-b1c5-ea25c727725d.png,truetest_df40,0.05,blur,random_seed0,0.909575,0.003001,0.912577
C:\My_Project\AIGC\MidJourney\fake\13592447708_Single_person_black_male_looking_at_the_camera_faci_98af1a10-6ac8-4ca8-b1c5-ea25c727725d.png,truetest_df40,0.05,blur,random_seed1,0.912368,0.000209,0.912577
C:\My_Project\AIGC\MidJourney\fake\13592447708_Single_person_black_male_looking_at_the_camera_faci_98af1a10-6ac8-4ca8-b1c5-ea25c727725d.png,truetest_df40,0.05,blur,random_seed2,0.867242,0.045335,0.912577
C:\My_Project\AIGC\MidJourney\fake\13592447708_Single_person_black_male_looking_at_the_camera_faci_98af1a10-6ac8-4ca8-b1c5-ea25c727725d.png,truetest_df40,0.05,blur,random_seed3,0.9105,0.002077,0.912577
C:\My_Project\AIGC\MidJourney\fake\13592447708_Single_person_black_male_looking_at_the_camera_faci_98af1a10-6ac8-4ca8-b1c5-ea25c727725d.png,truetest_df40,0.05,blur,random_seed4,0.913559,-0.000982,0.912577
C:\My_Project\AIGC\MidJourney\fake\13592447708_Single_person_black_male_looking_at_the_camera_faci_98af1a10-6ac8-4ca8-b1c5-ea25c727725d.png,truetest_df40,0.05,blur,hot,0.807103,0.105473,0.912577
C:\My_Project\AIGC\MidJourney\fake\13592447708_Single_person_black_male_looking_at_the_camera_faci_98af1a10-6ac8-4ca8-b1c5-ea25c727725d.png,truetest_df40,0.05,blur,bottom,0.913388,-0.000811,0.912577
C:\My_Project\AIGC\MidJourney\fake\13592447708_Single_person_black_male_looking_at_the_camera_faci_98af1a10-6ac8-4ca8-b1c5-ea25c727725d.png,truetest_df40,0.05,blur,random_mean,0.902649,0.009928,0.912577
C:\My_Project\AIGC\MidJourney\fake\13592447708_Single_person_black_male_looking_at_the_camera_faci_98af1a10-6ac8-4ca8-b1c5-ea25c727725d.png,truetest_df40,0.05,constant_fill_CONFOUNDED,hot,0.638337,0.27424,0.912577
C:\My_Project\AIGC\MidJourney\fake\13592447708_Single_person_black_male_looking_at_the_camera_faci_98af1a10-6ac8-4ca8-b1c5-ea25c727725d.png,truetest_df40,0.05,constant_fill_CONFOUNDED,bottom,0.916063,-0.003487,0.912577
C:\My_Project\AIGC\MidJourney\fake\13592447708_Single_person_black_male_looking_at_the_camera_faci_98af1a10-6ac8-4ca8-b1c5-ea25c727725d.png,truetest_df40,0.05,constant_fill_CONFOUNDED,random_scattered,0.925973,-0.013397,0.912577
C:\My_Project\AIGC\MidJourney\fake\13592447708_Single_person_black_male_looking_at_the_camera_faci_98af1a10-6ac8-4ca8-b1c5-ea25c727725d.png,truetest_df40,0.1,blur,random_seed0,0.814921,0.097655,0.912577
C:\My_Project\AIGC\MidJourney\fake\13592447708_Single_person_black_male_looking_at_the_camera_faci_98af1a10-6ac8-4ca8-b1c5-ea25c727725d.png,truetest_df40,0.1,blur,random_seed1,0.902481,0.010096,0.912577
C:\My_Project\AIGC\MidJourney\fake\13592447708_Single_person_black_male_looking_at_the_camera_faci_98af1a10-6ac8-4ca8-b1c5-ea25c727725d.png,truetest_df40,0.1,blur,random_seed2,0.910664,0.001912,0.912577
C:\My_Project\AIGC\MidJourney\fake\13592447708_Single_person_black_male_looking_at_the_camera_faci_98af1a10-6ac8-4ca8-b1c5-ea25c727725d.png,truetest_df40,0.1,blur,random_seed3,0.908662,0.003914,0.912577
C:\My_Project\AIGC\MidJourney\fake\13592447708_Single_person_black_male_looking_at_the_camera_faci_98af1a10-6ac8-4ca8-b1c5-ea25c727725d.png,truetest_df40,0.1,blur,random_seed4,0.907773,0.004804,0.912577
C:\My_Project\AIGC\MidJourney\fake\13592447708_Single_person_black_male_looking_at_the_camera_faci_98af1a10-6ac8-4ca8-b1c5-ea25c727725d.png,truetest_df40,0.1,blur,hot,0.676398,0.236179,0.912577
C:\My_Project\AIGC\MidJourney\fake\13592447708_Single_person_black_male_looking_at_the_camera_faci_98af1a10-6ac8-4ca8-b1c5-ea25c727725d.png,truetest_df40,0.1,blur,bottom,0.915743,-0.003167,0.912577
C:\My_Project\AIGC\MidJourney\fake\13592447708_Single_person_black_male_looking_at_the_camera_faci_98af1a10-6ac8-4ca8-b1c5-ea25c727725d.png,truetest_df40,0.1,blur,random_mean,0.8889,0.023676,0.912577
C:\My_Project\AIGC\MidJourney\fake\13592447708_Single_person_black_male_looking_at_the_camera_faci_98af1a10-6ac8-4ca8-b1c5-ea25c727725d.png,truetest_df40,0.1,constant_fill_CONFOUNDED,hot,0.324301,0.588276,0.912577
C:\My_Project\AIGC\MidJourney\fake\13592447708_Single_person_black_male_looking_at_the_camera_faci_98af1a10-6ac8-4ca8-b1c5-ea25c727725d.png,truetest_df40,0.1,constant_fill_CONFOUNDED,bottom,0.914121,-0.001544,0.912577
C:\My_Project\AIGC\MidJourney\fake\13592447708_Single_person_black_male_looking_at_the_camera_faci_98af1a10-6ac8-4ca8-b1c5-ea25c727725d.png,truetest_df40,0.1,constant_fill_CONFOUNDED,random_scattered,0.936704,-0.024127,0.912577
C:\My_Project\AIGC\MidJourney\fake\13592447708_Single_person_black_male_looking_at_the_camera_faci_98af1a10-6ac8-4ca8-b1c5-ea25c727725d.png,truetest_df40,0.2,blur,random_seed0,0.87388,0.038696,0.912577
C:\My_Project\AIGC\MidJourney\fake\13592447708_Single_person_black_male_looking_at_the_camera_faci_98af1a10-6ac8-4ca8-b1c5-ea25c727725d.png,truetest_df40,0.2,blur,random_seed1,0.828538,0.084039,0.912577
C:\My_Project\AIGC\MidJourney\fake\13592447708_Single_person_black_male_looking_at_the_camera_faci_98af1a10-6ac8-4ca8-b1c5-ea25c727725d.png,truetest_df40,0.2,blur,random_seed2,0.90205,0.010527,0.912577
C:\My_Project\AIGC\MidJourney\fake\13592447708_Single_person_black_male_looking_at_the_camera_faci_98af1a10-6ac8-4ca8-b1c5-ea25c727725d.png,truetest_df40,0.2,blur,random_seed3,0.893545,0.019031,0.912577
C:\My_Project\AIGC\MidJourney\fake\13592447708_Single_person_black_male_looking_at_the_camera_faci_98af1a10-6ac8-4ca8-b1c5-ea25c727725d.png,truetest_df40,0.2,blur,random_seed4,0.887083,0.025493,0.912577
C:\My_Project\AIGC\MidJourney\fake\13592447708_Single_person_black_male_looking_at_the_camera_faci_98af1a10-6ac8-4ca8-b1c5-ea25c727725d.png,truetest_df40,0.2,blur,hot,0.789213,0.123363,0.912577
C:\My_Project\AIGC\MidJourney\fake\13592447708_Single_person_black_male_looking_at_the_camera_faci_98af1a10-6ac8-4ca8-b1c5-ea25c727725d.png,truetest_df40,0.2,blur,bottom,0.915418,-0.002841,0.912577
C:\My_Project\AIGC\MidJourney\fake\13592447708_Single_person_black_male_looking_at_the_camera_faci_98af1a10-6ac8-4ca8-b1c5-ea25c727725d.png,truetest_df40,0.2,blur,random_mean,0.877019,0.035557,0.912577
C:\My_Project\AIGC\MidJourney\fake\13592447708_Single_person_black_male_looking_at_the_camera_faci_98af1a10-6ac8-4ca8-b1c5-ea25c727725d.png,truetest_df40,0.2,constant_fill_CONFOUNDED,hot,0.436217,0.476359,0.912577
C:\My_Project\AIGC\MidJourney\fake\13592447708_Single_person_black_male_looking_at_the_camera_faci_98af1a10-6ac8-4ca8-b1c5-ea25c727725d.png,truetest_df40,0.2,constant_fill_CONFOUNDED,bottom,0.902304,0.010273,0.912577
C:\My_Project\AIGC\MidJourney\fake\13592447708_Single_person_black_male_looking_at_the_camera_faci_98af1a10-6ac8-4ca8-b1c5-ea25c727725d.png,truetest_df40,0.2,constant_fill_CONFOUNDED,random_scattered,0.945459,-0.032882,0.912577
C:\My_Project\AIGC\MidJourney\fake\13592447708_Single_person_East_Asian_woman_looking_at_the_camer_77845836-0438-4211-80f8-57975f4c3ed3.png,truetest_df40,0.05,blur,random_seed0,0.908215,0.015654,0.923869
C:\My_Project\AIGC\MidJourney\fake\13592447708_Single_person_East_Asian_woman_looking_at_the_camer_77845836-0438-4211-80f8-57975f4c3ed3.png,truetest_df40,0.05,blur,random_seed1,0.916566,0.007303,0.923869
C:\My_Project\AIGC\MidJourney\fake\13592447708_Single_person_East_Asian_woman_looking_at_the_camer_77845836-0438-4211-80f8-57975f4c3ed3.png,truetest_df40,0.05,blur,random_seed2,0.917029,0.00684,0.923869
C:\My_Project\AIGC\MidJourney\fake\13592447708_Single_person_East_Asian_woman_looking_at_the_camer_77845836-0438-4211-80f8-57975f4c3ed3.png,truetest_df40,0.05,blur,random_seed3,0.927847,-0.003978,0.923869
C:\My_Project\AIGC\MidJourney\fake\13592447708_Single_person_East_Asian_woman_looking_at_the_camer_77845836-0438-4211-80f8-57975f4c3ed3.png,truetest_df40,0.05,blur,random_seed4,0.911901,0.011969,0.923869
C:\My_Project\AIGC\MidJourney\fake\13592447708_Single_person_East_Asian_woman_looking_at_the_camer_77845836-0438-4211-80f8-57975f4c3ed3.png,truetest_df40,0.05,blur,hot,0.862046,0.061823,0.923869
C:\My_Project\AIGC\MidJourney\fake\13592447708_Single_person_East_Asian_woman_looking_at_the_camer_77845836-0438-4211-80f8-57975f4c3ed3.png,truetest_df40,0.05,blur,bottom,0.925526,-0.001657,0.923869
C:\My_Project\AIGC\MidJourney\fake\13592447708_Single_person_East_Asian_woman_looking_at_the_camer_77845836-0438-4211-80f8-57975f4c3ed3.png,truetest_df40,0.05,blur,random_mean,0.916312,0.007558,0.923869
C:\My_Project\AIGC\MidJourney\fake\13592447708_Single_person_East_Asian_woman_looking_at_the_camer_77845836-0438-4211-80f8-57975f4c3ed3.png,truetest_df40,0.05,constant_fill_CONFOUNDED,hot,0.914188,0.009681,0.923869
C:\My_Project\AIGC\MidJourney\fake\13592447708_Single_person_East_Asian_woman_looking_at_the_camer_77845836-0438-4211-80f8-57975f4c3ed3.png,truetest_df40,0.05,constant_fill_CONFOUNDED,bottom,0.917633,0.006236,0.923869
C:\My_Project\AIGC\MidJourney\fake\13592447708_Single_person_East_Asian_woman_looking_at_the_camer_77845836-0438-4211-80f8-57975f4c3ed3.png,truetest_df40,0.05,constant_fill_CONFOUNDED,random_scattered,0.864722,0.059147,0.923869
C:\My_Project\AIGC\MidJourney\fake\13592447708_Single_person_East_Asian_woman_looking_at_the_camer_77845836-0438-4211-80f8-57975f4c3ed3.png,truetest_df40,0.1,blur,random_seed0,0.84884,0.075029,0.923869
C:\My_Project\AIGC\MidJourney\fake\13592447708_Single_person_East_Asian_woman_looking_at_the_camer_77845836-0438-4211-80f8-57975f4c3ed3.png,truetest_df40,0.1,blur,random_seed1,0.905196,0.018673,0.923869
C:\My_Project\AIGC\MidJourney\fake\13592447708_Single_person_East_Asian_woman_looking_at_the_camer_77845836-0438-4211-80f8-57975f4c3ed3.png,truetest_df40,0.1,blur,random_seed2,0.922576,0.001294,0.923869
C:\My_Project\AIGC\MidJourney\fake\13592447708_Single_person_East_Asian_woman_looking_at_the_camer_77845836-0438-4211-80f8-57975f4c3ed3.png,truetest_df40,0.1,blur,random_seed3,0.923767,0.000102,0.923869
C:\My_Project\AIGC\MidJourney\fake\13592447708_Single_person_East_Asian_woman_looking_at_the_camer_77845836-0438-4211-80f8-57975f4c3ed3.png,truetest_df40,0.1,blur,random_seed4,0.912702,0.011168,0.923869
C:\My_Project\AIGC\MidJourney\fake\13592447708_Single_person_East_Asian_woman_looking_at_the_camer_77845836-0438-4211-80f8-57975f4c3ed3.png,truetest_df40,0.1,blur,hot,0.774909,0.14896,0.923869
C:\My_Project\AIGC\MidJourney\fake\13592447708_Single_person_East_Asian_woman_looking_at_the_camer_77845836-0438-4211-80f8-57975f4c3ed3.png,truetest_df40,0.1,blur,bottom,0.927826,-0.003957,0.923869
C:\My_Project\AIGC\MidJourney\fake\13592447708_Single_person_East_Asian_woman_looking_at_the_camer_77845836-0438-4211-80f8-57975f4c3ed3.png,truetest_df40,0.1,blur,random_mean,0.902616,0.021253,0.923869
C:\My_Project\AIGC\MidJourney\fake\13592447708_Single_person_East_Asian_woman_looking_at_the_camer_77845836-0438-4211-80f8-57975f4c3ed3.png,truetest_df40,0.1,constant_fill_CONFOUNDED,hot,0.633077,0.290792,0.923869
C:\My_Project\AIGC\MidJourney\fake\13592447708_Single_person_East_Asian_woman_looking_at_the_camer_77845836-0438-4211-80f8-57975f4c3ed3.png,truetest_df40,0.1,constant_fill_CONFOUNDED,bottom,0.912851,0.011018,0.923869
C:\My_Project\AIGC\MidJourney\fake\13592447708_Single_person_East_Asian_woman_looking_at_the_camer_77845836-0438-4211-80f8-57975f4c3ed3.png,truetest_df40,0.1,constant_fill_CONFOUNDED,random_scattered,0.90913,0.014739,0.923869
C:\My_Project\AIGC\MidJourney\fake\13592447708_Single_person_East_Asian_woman_looking_at_the_camer_77845836-0438-4211-80f8-57975f4c3ed3.png,truetest_df40,0.2,blur,random_seed0,0.875288,0.048581,0.923869
C:\My_Project\AIGC\MidJourney\fake\13592447708_Single_person_East_Asian_woman_looking_at_the_camer_77845836-0438-4211-80f8-57975f4c3ed3.png,truetest_df40,0.2,blur,random_seed1,0.9116,0.012269,0.923869
C:\My_Project\AIGC\MidJourney\fake\13592447708_Single_person_East_Asian_woman_looking_at_the_camer_77845836-0438-4211-80f8-57975f4c3ed3.png,truetest_df40,0.2,blur,random_seed2,0.902851,0.021018,0.923869
C:\My_Project\AIGC\MidJourney\fake\13592447708_Single_person_East_Asian_woman_looking_at_the_camer_77845836-0438-4211-80f8-57975f4c3ed3.png,truetest_df40,0.2,blur,random_seed3,0.909809,0.01406,0.923869
C:\My_Project\AIGC\MidJourney\fake\13592447708_Single_person_East_Asian_woman_looking_at_the_camer_77845836-0438-4211-80f8-57975f4c3ed3.png,truetest_df40,0.2,blur,random_seed4,0.843487,0.080382,0.923869
C:\My_Project\AIGC\MidJourney\fake\13592447708_Single_person_East_Asian_woman_looking_at_the_camer_77845836-0438-4211-80f8-57975f4c3ed3.png,truetest_df40,0.2,blur,hot,0.842655,0.081214,0.923869
C:\My_Project\AIGC\MidJourney\fake\13592447708_Single_person_East_Asian_woman_looking_at_the_camer_77845836-0438-4211-80f8-57975f4c3ed3.png,truetest_df40,0.2,blur,bottom,0.929833,-0.005964,0.923869
C:\My_Project\AIGC\MidJourney\fake\13592447708_Single_person_East_Asian_woman_looking_at_the_camer_77845836-0438-4211-80f8-57975f4c3ed3.png,truetest_df40,0.2,blur,random_mean,0.888607,0.035262,0.923869
C:\My_Project\AIGC\MidJourney\fake\13592447708_Single_person_East_Asian_woman_looking_at_the_camer_77845836-0438-4211-80f8-57975f4c3ed3.png,truetest_df40,0.2,constant_fill_CONFOUNDED,hot,0.878279,0.045591,0.923869
C:\My_Project\AIGC\MidJourney\fake\13592447708_Single_person_East_Asian_woman_looking_at_the_camer_77845836-0438-4211-80f8-57975f4c3ed3.png,truetest_df40,0.2,constant_fill_CONFOUNDED,bottom,0.913254,0.010616,0.923869
C:\My_Project\AIGC\MidJourney\fake\13592447708_Single_person_East_Asian_woman_looking_at_the_camer_77845836-0438-4211-80f8-57975f4c3ed3.png,truetest_df40,0.2,constant_fill_CONFOUNDED,random_scattered,0.90581,0.018059,0.923869
C:\My_Project\AIGC\MidJourney\fake\13592447708_Clean_East_Asian_male_face_face_only_shown_face_clo_c74641a3-5ee5-4d91-a444-5f1bb07857a2.png,truetest_df40,0.05,blur,random_seed0,0.925028,-0.000904,0.924125
C:\My_Project\AIGC\MidJourney\fake\13592447708_Clean_East_Asian_male_face_face_only_shown_face_clo_c74641a3-5ee5-4d91-a444-5f1bb07857a2.png,truetest_df40,0.05,blur,random_seed1,0.924046,7.9e-05,0.924125
C:\My_Project\AIGC\MidJourney\fake\13592447708_Clean_East_Asian_male_face_face_only_shown_face_clo_c74641a3-5ee5-4d91-a444-5f1bb07857a2.png,truetest_df40,0.05,blur,random_seed2,0.914748,0.009376,0.924125
C:\My_Project\AIGC\MidJourney\fake\13592447708_Clean_East_Asian_male_face_face_only_shown_face_clo_c74641a3-5ee5-4d91-a444-5f1bb07857a2.png,truetest_df40,0.05,blur,random_seed3,0.918741,0.005383,0.924125
C:\My_Project\AIGC\MidJourney\fake\13592447708_Clean_East_Asian_male_face_face_only_shown_face_clo_c74641a3-5ee5-4d91-a444-5f1bb07857a2.png,truetest_df40,0.05,blur,random_seed4,0.907479,0.016645,0.924125
C:\My_Project\AIGC\MidJourney\fake\13592447708_Clean_East_Asian_male_face_face_only_shown_face_clo_c74641a3-5ee5-4d91-a444-5f1bb07857a2.png,truetest_df40,0.05,blur,hot,0.818783,0.105342,0.924125
C:\My_Project\AIGC\MidJourney\fake\13592447708_Clean_East_Asian_male_face_face_only_shown_face_clo_c74641a3-5ee5-4d91-a444-5f1bb07857a2.png,truetest_df40,0.05,blur,bottom,0.921837,0.002288,0.924125
C:\My_Project\AIGC\MidJourney\fake\13592447708_Clean_East_Asian_male_face_face_only_shown_face_clo_c74641a3-5ee5-4d91-a444-5f1bb07857a2.png,truetest_df40,0.05,blur,random_mean,0.918009,0.006116,0.924125
C:\My_Project\AIGC\MidJourney\fake\13592447708_Clean_East_Asian_male_face_face_only_shown_face_clo_c74641a3-5ee5-4d91-a444-5f1bb07857a2.png,truetest_df40,0.05,constant_fill_CONFOUNDED,hot,0.893825,0.0303,0.924125
C:\My_Project\AIGC\MidJourney\fake\13592447708_Clean_East_Asian_male_face_face_only_shown_face_clo_c74641a3-5ee5-4d91-a444-5f1bb07857a2.png,truetest_df40,0.05,constant_fill_CONFOUNDED,bottom,0.927857,-0.003732,0.924125
C:\My_Project\AIGC\MidJourney\fake\13592447708_Clean_East_Asian_male_face_face_only_shown_face_clo_c74641a3-5ee5-4d91-a444-5f1bb07857a2.png,truetest_df40,0.05,constant_fill_CONFOUNDED,random_scattered,0.880022,0.044103,0.924125
C:\My_Project\AIGC\MidJourney\fake\13592447708_Clean_East_Asian_male_face_face_only_shown_face_clo_c74641a3-5ee5-4d91-a444-5f1bb07857a2.png,truetest_df40,0.1,blur,random_seed0,0.917661,0.006464,0.924125
C:\My_Project\AIGC\MidJourney\fake\13592447708_Clean_East_Asian_male_face_face_only_shown_face_clo_c74641a3-5ee5-4d91-a444-5f1bb07857a2.png,truetest_df40,0.1,blur,random_seed1,0.904032,0.020093,0.924125
C:\My_Project\AIGC\MidJourney\fake\13592447708_Clean_East_Asian_male_face_face_only_shown_face_clo_c74641a3-5ee5-4d91-a444-5f1bb07857a2.png,truetest_df40,0.1,blur,random_seed2,0.919986,0.004139,0.924125
C:\My_Project\AIGC\MidJourney\fake\13592447708_Clean_East_Asian_male_face_face_only_shown_face_clo_c74641a3-5ee5-4d91-a444-5f1bb07857a2.png,truetest_df40,0.1,blur,random_seed3,0.89994,0.024184,0.924125
C:\My_Project\AIGC\MidJourney\fake\13592447708_Clean_East_Asian_male_face_face_only_shown_face_clo_c74641a3-5ee5-4d91-a444-5f1bb07857a2.png,truetest_df40,0.1,blur,random_seed4,0.918991,0.005133,0.924125
C:\My_Project\AIGC\MidJourney\fake\13592447708_Clean_East_Asian_male_face_face_only_shown_face_clo_c74641a3-5ee5-4d91-a444-5f1bb07857a2.png,truetest_df40,0.1,blur,hot,0.679451,0.244674,0.924125
C:\My_Project\AIGC\MidJourney\fake\13592447708_Clean_East_Asian_male_face_face_only_shown_face_clo_c74641a3-5ee5-4d91-a444-5f1bb07857a2.png,truetest_df40,0.1,blur,bottom,0.922742,0.001383,0.924125
C:\My_Project\AIGC\MidJourney\fake\13592447708_Clean_East_Asian_male_face_face_only_shown_face_clo_c74641a3-5ee5-4d91-a444-5f1bb07857a2.png,truetest_df40,0.1,blur,random_mean,0.912122,0.012002,0.924125
C:\My_Project\AIGC\MidJourney\fake\13592447708_Clean_East_Asian_male_face_face_only_shown_face_clo_c74641a3-5ee5-4d91-a444-5f1bb07857a2.png,truetest_df40,0.1,constant_fill_CONFOUNDED,hot,0.762632,0.161492,0.924125
C:\My_Project\AIGC\MidJourney\fake\13592447708_Clean_East_Asian_male_face_face_only_shown_face_clo_c74641a3-5ee5-4d91-a444-5f1bb07857a2.png,truetest_df40,0.1,constant_fill_CONFOUNDED,bottom,0.912311,0.011814,0.924125
C:\My_Project\AIGC\MidJourney\fake\13592447708_Clean_East_Asian_male_face_face_only_shown_face_clo_c74641a3-5ee5-4d91-a444-5f1bb07857a2.png,truetest_df40,0.1,constant_fill_CONFOUNDED,random_scattered,0.913826,0.010298,0.924125
C:\My_Project\AIGC\MidJourney\fake\13592447708_Clean_East_Asian_male_face_face_only_shown_face_clo_c74641a3-5ee5-4d91-a444-5f1bb07857a2.png,truetest_df40,0.2,blur,random_seed0,0.90661,0.017515,0.924125
C:\My_Project\AIGC\MidJourney\fake\13592447708_Clean_East_Asian_male_face_face_only_shown_face_clo_c74641a3-5ee5-4d91-a444-5f1bb07857a2.png,truetest_df40,0.2,blur,random_seed1,0.382825,0.541299,0.924125
C:\My_Project\AIGC\MidJourney\fake\13592447708_Clean_East_Asian_male_face_face_only_shown_face_clo_c74641a3-5ee5-4d91-a444-5f1bb07857a2.png,truetest_df40,0.2,blur,random_seed2,0.769201,0.154924,0.924125
C:\My_Project\AIGC\MidJourney\fake\13592447708_Clean_East_Asian_male_face_face_only_shown_face_clo_c74641a3-5ee5-4d91-a444-5f1bb07857a2.png,truetest_df40,0.2,blur,random_seed3,0.793535,0.13059,0.924125
C:\My_Project\AIGC\MidJourney\fake\13592447708_Clean_East_Asian_male_face_face_only_shown_face_clo_c74641a3-5ee5-4d91-a444-5f1bb07857a2.png,truetest_df40,0.2,blur,random_seed4,0.881751,0.042374,0.924125
C:\My_Project\AIGC\MidJourney\fake\13592447708_Clean_East_Asian_male_face_face_only_shown_face_clo_c74641a3-5ee5-4d91-a444-5f1bb07857a2.png,truetest_df40,0.2,blur,hot,0.690342,0.233782,0.924125
C:\My_Project\AIGC\MidJourney\fake\13592447708_Clean_East_Asian_male_face_face_only_shown_face_clo_c74641a3-5ee5-4d91-a444-5f1bb07857a2.png,truetest_df40,0.2,blur,bottom,0.929207,-0.005082,0.924125
C:\My_Project\AIGC\MidJourney\fake\13592447708_Clean_East_Asian_male_face_face_only_shown_face_clo_c74641a3-5ee5-4d91-a444-5f1bb07857a2.png,truetest_df40,0.2,blur,random_mean,0.746784,0.17734,0.924125
C:\My_Project\AIGC\MidJourney\fake\13592447708_Clean_East_Asian_male_face_face_only_shown_face_clo_c74641a3-5ee5-4d91-a444-5f1bb07857a2.png,truetest_df40,0.2,constant_fill_CONFOUNDED,hot,0.803231,0.120893,0.924125
C:\My_Project\AIGC\MidJourney\fake\13592447708_Clean_East_Asian_male_face_face_only_shown_face_clo_c74641a3-5ee5-4d91-a444-5f1bb07857a2.png,truetest_df40,0.2,constant_fill_CONFOUNDED,bottom,0.929426,-0.005301,0.924125
C:\My_Project\AIGC\MidJourney\fake\13592447708_Clean_East_Asian_male_face_face_only_shown_face_clo_c74641a3-5ee5-4d91-a444-5f1bb07857a2.png,truetest_df40,0.2,constant_fill_CONFOUNDED,random_scattered,0.913619,0.010505,0.924125
C:\My_Project\AIGC\MidJourney\fake\13592447708_Single_person_East_Asian_male_looking_at_the_camera_78f40ad6-2361-4e4e-be75-f7932e116674.png,truetest_df40,0.05,blur,random_seed0,0.915397,0.00909,0.924487
C:\My_Project\AIGC\MidJourney\fake\13592447708_Single_person_East_Asian_male_looking_at_the_camera_78f40ad6-2361-4e4e-be75-f7932e116674.png,truetest_df40,0.05,blur,random_seed1,0.928042,-0.003555,0.924487
C:\My_Project\AIGC\MidJourney\fake\13592447708_Single_person_East_Asian_male_looking_at_the_camera_78f40ad6-2361-4e4e-be75-f7932e116674.png,truetest_df40,0.05,blur,random_seed2,0.925444,-0.000957,0.924487
C:\My_Project\AIGC\MidJourney\fake\13592447708_Single_person_East_Asian_male_looking_at_the_camera_78f40ad6-2361-4e4e-be75-f7932e116674.png,truetest_df40,0.05,blur,random_seed3,0.925557,-0.00107,0.924487
C:\My_Project\AIGC\MidJourney\fake\13592447708_Single_person_East_Asian_male_looking_at_the_camera_78f40ad6-2361-4e4e-be75-f7932e116674.png,truetest_df40,0.05,blur,random_seed4,0.92431,0.000177,0.924487
C:\My_Project\AIGC\MidJourney\fake\13592447708_Single_person_East_Asian_male_looking_at_the_camera_78f40ad6-2361-4e4e-be75-f7932e116674.png,truetest_df40,0.05,blur,hot,0.914483,0.010004,0.924487
C:\My_Project\AIGC\MidJourney\fake\13592447708_Single_person_East_Asian_male_looking_at_the_camera_78f40ad6-2361-4e4e-be75-f7932e116674.png,truetest_df40,0.05,blur,bottom,0.924508,-2.1e-05,0.924487
C:\My_Project\AIGC\MidJourney\fake\13592447708_Single_person_East_Asian_male_looking_at_the_camera_78f40ad6-2361-4e4e-be75-f7932e116674.png,truetest_df40,0.05,blur,random_mean,0.92375,0.000737,0.924487
C:\My_Project\AIGC\MidJourney\fake\13592447708_Single_person_East_Asian_male_looking_at_the_camera_78f40ad6-2361-4e4e-be75-f7932e116674.png,truetest_df40,0.05,constant_fill_CONFOUNDED,hot,0.825144,0.099343,0.924487
C:\My_Project\AIGC\MidJourney\fake\13592447708_Single_person_East_Asian_male_looking_at_the_camera_78f40ad6-2361-4e4e-be75-f7932e116674.png,truetest_df40,0.05,constant_fill_CONFOUNDED,bottom,0.922771,0.001716,0.924487
C:\My_Project\AIGC\MidJourney\fake\13592447708_Single_person_East_Asian_male_looking_at_the_camera_78f40ad6-2361-4e4e-be75-f7932e116674.png,truetest_df40,0.05,constant_fill_CONFOUNDED,random_scattered,0.924646,-0.000159,0.924487
C:\My_Project\AIGC\MidJourney\fake\13592447708_Single_person_East_Asian_male_looking_at_the_camera_78f40ad6-2361-4e4e-be75-f7932e116674.png,truetest_df40,0.1,blur,random_seed0,0.912193,0.012294,0.924487
C:\My_Project\AIGC\MidJourney\fake\13592447708_Single_person_East_Asian_male_looking_at_the_camera_78f40ad6-2361-4e4e-be75-f7932e116674.png,truetest_df40,0.1,blur,random_seed1,0.920663,0.003824,0.924487
C:\My_Project\AIGC\MidJourney\fake\13592447708_Single_person_East_Asian_male_looking_at_the_camera_78f40ad6-2361-4e4e-be75-f7932e116674.png,truetest_df40,0.1,blur,random_seed2,0.927616,-0.003129,0.924487
C:\My_Project\AIGC\MidJourney\fake\13592447708_Single_person_East_Asian_male_looking_at_the_camera_78f40ad6-2361-4e4e-be75-f7932e116674.png,truetest_df40,0.1,blur,random_seed3,0.922545,0.001942,0.924487
C:\My_Project\AIGC\MidJourney\fake\13592447708_Single_person_East_Asian_male_looking_at_the_camera_78f40ad6-2361-4e4e-be75-f7932e116674.png,truetest_df40,0.1,blur,random_seed4,0.92714,-0.002653,0.924487
C:\My_Project\AIGC\MidJourney\fake\13592447708_Single_person_East_Asian_male_looking_at_the_camera_78f40ad6-2361-4e4e-be75-f7932e116674.png,truetest_df40,0.1,blur,hot,0.691767,0.23272,0.924487
C:\My_Project\AIGC\MidJourney\fake\13592447708_Single_person_East_Asian_male_looking_at_the_camera_78f40ad6-2361-4e4e-be75-f7932e116674.png,truetest_df40,0.1,blur,bottom,0.922372,0.002115,0.924487
C:\My_Project\AIGC\MidJourney\fake\13592447708_Single_person_East_Asian_male_looking_at_the_camera_78f40ad6-2361-4e4e-be75-f7932e116674.png,truetest_df40,0.1,blur,random_mean,0.922032,0.002455,0.924487
C:\My_Project\AIGC\MidJourney\fake\13592447708_Single_person_East_Asian_male_looking_at_the_camera_78f40ad6-2361-4e4e-be75-f7932e116674.png,truetest_df40,0.1,constant_fill_CONFOUNDED,hot,0.450205,0.474282,0.924487
C:\My_Project\AIGC\MidJourney\fake\13592447708_Single_person_East_Asian_male_looking_at_the_camera_78f40ad6-2361-4e4e-be75-f7932e116674.png,truetest_df40,0.1,constant_fill_CONFOUNDED,bottom,0.886757,0.03773,0.924487
C:\My_Project\AIGC\MidJourney\fake\13592447708_Single_person_East_Asian_male_looking_at_the_camera_78f40ad6-2361-4e4e-be75-f7932e116674.png,truetest_df40,0.1,constant_fill_CONFOUNDED,random_scattered,0.925573,-0.001086,0.924487
C:\My_Project\AIGC\MidJourney\fake\13592447708_Single_person_East_Asian_male_looking_at_the_camera_78f40ad6-2361-4e4e-be75-f7932e116674.png,truetest_df40,0.2,blur,random_seed0,0.902875,0.021612,0.924487
C:\My_Project\AIGC\MidJourney\fake\13592447708_Single_person_East_Asian_male_looking_at_the_camera_78f40ad6-2361-4e4e-be75-f7932e116674.png,truetest_df40,0.2,blur,random_seed1,0.904488,0.019999,0.924487
C:\My_Project\AIGC\MidJourney\fake\13592447708_Single_person_East_Asian_male_looking_at_the_camera_78f40ad6-2361-4e4e-be75-f7932e116674.png,truetest_df40,0.2,blur,random_seed2,0.749744,0.174743,0.924487
C:\My_Project\AIGC\MidJourney\fake\13592447708_Single_person_East_Asian_male_looking_at_the_camera_78f40ad6-2361-4e4e-be75-f7932e116674.png,truetest_df40,0.2,blur,random_seed3,0.921762,0.002725,0.924487
C:\My_Project\AIGC\MidJourney\fake\13592447708_Single_person_East_Asian_male_looking_at_the_camera_78f40ad6-2361-4e4e-be75-f7932e116674.png,truetest_df40,0.2,blur,random_seed4,0.925377,-0.00089,0.924487
C:\My_Project\AIGC\MidJourney\fake\13592447708_Single_person_East_Asian_male_looking_at_the_camera_78f40ad6-2361-4e4e-be75-f7932e116674.png,truetest_df40,0.2,blur,hot,0.812777,0.11171,0.924487
C:\My_Project\AIGC\MidJourney\fake\13592447708_Single_person_East_Asian_male_looking_at_the_camera_78f40ad6-2361-4e4e-be75-f7932e116674.png,truetest_df40,0.2,blur,bottom,0.922864,0.001623,0.924487
C:\My_Project\AIGC\MidJourney\fake\13592447708_Single_person_East_Asian_male_looking_at_the_camera_78f40ad6-2361-4e4e-be75-f7932e116674.png,truetest_df40,0.2,blur,random_mean,0.880849,0.043638,0.924487
C:\My_Project\AIGC\MidJourney\fake\13592447708_Single_person_East_Asian_male_looking_at_the_camera_78f40ad6-2361-4e4e-be75-f7932e116674.png,truetest_df40,0.2,constant_fill_CONFOUNDED,hot,0.39284,0.531647,0.924487
C:\My_Project\AIGC\MidJourney\fake\13592447708_Single_person_East_Asian_male_looking_at_the_camera_78f40ad6-2361-4e4e-be75-f7932e116674.png,truetest_df40,0.2,constant_fill_CONFOUNDED,bottom,0.912239,0.012248,0.924487
C:\My_Project\AIGC\MidJourney\fake\13592447708_Single_person_East_Asian_male_looking_at_the_camera_78f40ad6-2361-4e4e-be75-f7932e116674.png,truetest_df40,0.2,constant_fill_CONFOUNDED,random_scattered,0.93674,-0.012253,0.924487
