image_path,source,k,curve,fake_score
C:\My_Project\AIGC\AIGuard\unseen\fake_120.jpg,aiguard_unseen,0.05,hot_first,0.94083
C:\My_Project\AIGC\AIGuard\unseen\fake_120.jpg,aiguard_unseen,0.05,bottom_first,0.926721
C:\My_Project\AIGC\AIGuard\unseen\fake_120.jpg,aiguard_unseen,0.1,hot_first,0.942637
C:\My_Project\AIGC\AIGuard\unseen\fake_120.jpg,aiguard_unseen,0.1,bottom_first,0.921654
C:\My_Project\AIGC\AIGuard\unseen\fake_120.jpg,aiguard_unseen,0.2,hot_first,0.946033
C:\My_Project\AIGC\AIGuard\unseen\fake_120.jpg,aiguard_unseen,0.2,bottom_first,0.90673
C:\My_Project\AIGC\AIGuard\unseen\fake_120.jpg,aiguard_unseen,0.4,hot_first,0.944493
C:\My_Project\AIGC\AIGuard\unseen\fake_120.jpg,aiguard_unseen,0.4,bottom_first,0.893063
C:\My_Project\AIGC\AIGuard\unseen\fake_120.jpg,aiguard_unseen,0.6,hot_first,0.942385
C:\My_Project\AIGC\AIGuard\unseen\fake_120.jpg,aiguard_unseen,0.6,bottom_first,0.81007
C:\My_Project\AIGC\AIGuard\unseen\fake_120.jpg,aiguard_unseen,1.0,hot_first,0.944676
C:\My_Project\AIGC\AIGuard\unseen\fake_120.jpg,aiguard_unseen,1.0,bottom_first,0.944676
C:\My_Project\AIGC\AIGuard\unseen\fake_135.jpg,aiguard_unseen,0.05,hot_first,0.926877
C:\My_Project\AIGC\AIGuard\unseen\fake_135.jpg,aiguard_unseen,0.05,bottom_first,0.857772
C:\My_Project\AIGC\AIGuard\unseen\fake_135.jpg,aiguard_unseen,0.1,hot_first,0.930135
C:\My_Project\AIGC\AIGuard\unseen\fake_135.jpg,aiguard_unseen,0.1,bottom_first,0.824681
C:\My_Project\AIGC\AIGuard\unseen\fake_135.jpg,aiguard_unseen,0.2,hot_first,0.932667
C:\My_Project\AIGC\AIGuard\unseen\fake_135.jpg,aiguard_unseen,0.2,bottom_first,0.792546
C:\My_Project\AIGC\AIGuard\unseen\fake_135.jpg,aiguard_unseen,0.4,hot_first,0.934086
C:\My_Project\AIGC\AIGuard\unseen\fake_135.jpg,aiguard_unseen,0.4,bottom_first,0.697203
C:\My_Project\AIGC\AIGuard\unseen\fake_135.jpg,aiguard_unseen,0.6,hot_first,0.939572
C:\My_Project\AIGC\AIGuard\unseen\fake_135.jpg,aiguard_unseen,0.6,bottom_first,0.60444
C:\My_Project\AIGC\AIGuard\unseen\fake_135.jpg,aiguard_unseen,1.0,hot_first,0.929057
C:\My_Project\AIGC\AIGuard\unseen\fake_135.jpg,aiguard_unseen,1.0,bottom_first,0.929057
C:\My_Project\AIGC\AIGuard\unseen\fake_141.jpg,aiguard_unseen,0.05,hot_first,0.921308
C:\My_Project\AIGC\AIGuard\unseen\fake_141.jpg,aiguard_unseen,0.05,bottom_first,0.917145
C:\My_Project\AIGC\AIGuard\unseen\fake_141.jpg,aiguard_unseen,0.1,hot_first,0.914619
C:\My_Project\AIGC\AIGuard\unseen\fake_141.jpg,aiguard_unseen,0.1,bottom_first,0.905324
C:\My_Project\AIGC\AIGuard\unseen\fake_141.jpg,aiguard_unseen,0.2,hot_first,0.91691
C:\My_Project\AIGC\AIGuard\unseen\fake_141.jpg,aiguard_unseen,0.2,bottom_first,0.89522
C:\My_Project\AIGC\AIGuard\unseen\fake_141.jpg,aiguard_unseen,0.4,hot_first,0.929499
C:\My_Project\AIGC\AIGuard\unseen\fake_141.jpg,aiguard_unseen,0.4,bottom_first,0.871099
C:\My_Project\AIGC\AIGuard\unseen\fake_141.jpg,aiguard_unseen,0.6,hot_first,0.9401
C:\My_Project\AIGC\AIGuard\unseen\fake_141.jpg,aiguard_unseen,0.6,bottom_first,0.850735
C:\My_Project\AIGC\AIGuard\unseen\fake_141.jpg,aiguard_unseen,1.0,hot_first,0.941751
C:\My_Project\AIGC\AIGuard\unseen\fake_141.jpg,aiguard_unseen,1.0,bottom_first,0.941751
C:\My_Project\AIGC\AIGuard\unseen\fake_142.jpg,aiguard_unseen,0.05,hot_first,0.909015
C:\My_Project\AIGC\AIGuard\unseen\fake_142.jpg,aiguard_unseen,0.05,bottom_first,0.872149
C:\My_Project\AIGC\AIGuard\unseen\fake_142.jpg,aiguard_unseen,0.1,hot_first,0.917886
C:\My_Project\AIGC\AIGuard\unseen\fake_142.jpg,aiguard_unseen,0.1,bottom_first,0.845184
C:\My_Project\AIGC\AIGuard\unseen\fake_142.jpg,aiguard_unseen,0.2,hot_first,0.921162
C:\My_Project\AIGC\AIGuard\unseen\fake_142.jpg,aiguard_unseen,0.2,bottom_first,0.815491
C:\My_Project\AIGC\AIGuard\unseen\fake_142.jpg,aiguard_unseen,0.4,hot_first,0.921465
C:\My_Project\AIGC\AIGuard\unseen\fake_142.jpg,aiguard_unseen,0.4,bottom_first,0.699484
C:\My_Project\AIGC\AIGuard\unseen\fake_142.jpg,aiguard_unseen,0.6,hot_first,0.926798
C:\My_Project\AIGC\AIGuard\unseen\fake_142.jpg,aiguard_unseen,0.6,bottom_first,0.559677
C:\My_Project\AIGC\AIGuard\unseen\fake_142.jpg,aiguard_unseen,1.0,hot_first,0.907531
C:\My_Project\AIGC\AIGuard\unseen\fake_142.jpg,aiguard_unseen,1.0,bottom_first,0.907531
C:\My_Project\AIGC\AIGuard\unseen\fake_143.jpg,aiguard_unseen,0.05,hot_first,0.888136
C:\My_Project\AIGC\AIGuard\unseen\fake_143.jpg,aiguard_unseen,0.05,bottom_first,0.853133
C:\My_Project\AIGC\AIGuard\unseen\fake_143.jpg,aiguard_unseen,0.1,hot_first,0.882881
C:\My_Project\AIGC\AIGuard\unseen\fake_143.jpg,aiguard_unseen,0.1,bottom_first,0.857408
C:\My_Project\AIGC\AIGuard\unseen\fake_143.jpg,aiguard_unseen,0.2,hot_first,0.900642
C:\My_Project\AIGC\AIGuard\unseen\fake_143.jpg,aiguard_unseen,0.2,bottom_first,0.852275
C:\My_Project\AIGC\AIGuard\unseen\fake_143.jpg,aiguard_unseen,0.4,hot_first,0.925991
C:\My_Project\AIGC\AIGuard\unseen\fake_143.jpg,aiguard_unseen,0.4,bottom_first,0.82378
C:\My_Project\AIGC\AIGuard\unseen\fake_143.jpg,aiguard_unseen,0.6,hot_first,0.937923
C:\My_Project\AIGC\AIGuard\unseen\fake_143.jpg,aiguard_unseen,0.6,bottom_first,0.753391
C:\My_Project\AIGC\AIGuard\unseen\fake_143.jpg,aiguard_unseen,1.0,hot_first,0.929477
C:\My_Project\AIGC\AIGuard\unseen\fake_143.jpg,aiguard_unseen,1.0,bottom_first,0.929477
C:\My_Project\AIGC\AIGuard\unseen\fake_157.jpg,aiguard_unseen,0.05,hot_first,0.93149
C:\My_Project\AIGC\AIGuard\unseen\fake_157.jpg,aiguard_unseen,0.05,bottom_first,0.923905
C:\My_Project\AIGC\AIGuard\unseen\fake_157.jpg,aiguard_unseen,0.1,hot_first,0.933616
C:\My_Project\AIGC\AIGuard\unseen\fake_157.jpg,aiguard_unseen,0.1,bottom_first,0.911715
C:\My_Project\AIGC\AIGuard\unseen\fake_157.jpg,aiguard_unseen,0.2,hot_first,0.9395
C:\My_Project\AIGC\AIGuard\unseen\fake_157.jpg,aiguard_unseen,0.2,bottom_first,0.891552
C:\My_Project\AIGC\AIGuard\unseen\fake_157.jpg,aiguard_unseen,0.4,hot_first,0.946769
C:\My_Project\AIGC\AIGuard\unseen\fake_157.jpg,aiguard_unseen,0.4,bottom_first,0.855717
C:\My_Project\AIGC\AIGuard\unseen\fake_157.jpg,aiguard_unseen,0.6,hot_first,0.939995
C:\My_Project\AIGC\AIGuard\unseen\fake_157.jpg,aiguard_unseen,0.6,bottom_first,0.814125
C:\My_Project\AIGC\AIGuard\unseen\fake_157.jpg,aiguard_unseen,1.0,hot_first,0.934331
C:\My_Project\AIGC\AIGuard\unseen\fake_157.jpg,aiguard_unseen,1.0,bottom_first,0.934331
C:\My_Project\AIGC\AIGuard\unseen\fake_158.jpg,aiguard_unseen,0.05,hot_first,0.93545
C:\My_Project\AIGC\AIGuard\unseen\fake_158.jpg,aiguard_unseen,0.05,bottom_first,0.92904
C:\My_Project\AIGC\AIGuard\unseen\fake_158.jpg,aiguard_unseen,0.1,hot_first,0.928099
C:\My_Project\AIGC\AIGuard\unseen\fake_158.jpg,aiguard_unseen,0.1,bottom_first,0.919415
C:\My_Project\AIGC\AIGuard\unseen\fake_158.jpg,aiguard_unseen,0.2,hot_first,0.929528
C:\My_Project\AIGC\AIGuard\unseen\fake_158.jpg,aiguard_unseen,0.2,bottom_first,0.911136
C:\My_Project\AIGC\AIGuard\unseen\fake_158.jpg,aiguard_unseen,0.4,hot_first,0.935321
C:\My_Project\AIGC\AIGuard\unseen\fake_158.jpg,aiguard_unseen,0.4,bottom_first,0.859142
C:\My_Project\AIGC\AIGuard\unseen\fake_158.jpg,aiguard_unseen,0.6,hot_first,0.935769
C:\My_Project\AIGC\AIGuard\unseen\fake_158.jpg,aiguard_unseen,0.6,bottom_first,0.763976
C:\My_Project\AIGC\AIGuard\unseen\fake_158.jpg,aiguard_unseen,1.0,hot_first,0.933376
C:\My_Project\AIGC\AIGuard\unseen\fake_158.jpg,aiguard_unseen,1.0,bottom_first,0.933376
C:\My_Project\AIGC\AIGuard\unseen\fake_160.jpg,aiguard_unseen,0.05,hot_first,0.942153
C:\My_Project\AIGC\AIGuard\unseen\fake_160.jpg,aiguard_unseen,0.05,bottom_first,0.926801
C:\My_Project\AIGC\AIGuard\unseen\fake_160.jpg,aiguard_unseen,0.1,hot_first,0.935616
C:\My_Project\AIGC\AIGuard\unseen\fake_160.jpg,aiguard_unseen,0.1,bottom_first,0.920687
C:\My_Project\AIGC\AIGuard\unseen\fake_160.jpg,aiguard_unseen,0.2,hot_first,0.932809
C:\My_Project\AIGC\AIGuard\unseen\fake_160.jpg,aiguard_unseen,0.2,bottom_first,0.912524
C:\My_Project\AIGC\AIGuard\unseen\fake_160.jpg,aiguard_unseen,0.4,hot_first,0.934244
C:\My_Project\AIGC\AIGuard\unseen\fake_160.jpg,aiguard_unseen,0.4,bottom_first,0.891267
C:\My_Project\AIGC\AIGuard\unseen\fake_160.jpg,aiguard_unseen,0.6,hot_first,0.94169
C:\My_Project\AIGC\AIGuard\unseen\fake_160.jpg,aiguard_unseen,0.6,bottom_first,0.885511
C:\My_Project\AIGC\AIGuard\unseen\fake_160.jpg,aiguard_unseen,1.0,hot_first,0.944461
C:\My_Project\AIGC\AIGuard\unseen\fake_160.jpg,aiguard_unseen,1.0,bottom_first,0.944461
C:\My_Project\AIGC\AIGuard\unseen\fake_162.jpg,aiguard_unseen,0.05,hot_first,0.919882
C:\My_Project\AIGC\AIGuard\unseen\fake_162.jpg,aiguard_unseen,0.05,bottom_first,0.901084
C:\My_Project\AIGC\AIGuard\unseen\fake_162.jpg,aiguard_unseen,0.1,hot_first,0.916291
C:\My_Project\AIGC\AIGuard\unseen\fake_162.jpg,aiguard_unseen,0.1,bottom_first,0.88501
C:\My_Project\AIGC\AIGuard\unseen\fake_162.jpg,aiguard_unseen,0.2,hot_first,0.918895
C:\My_Project\AIGC\AIGuard\unseen\fake_162.jpg,aiguard_unseen,0.2,bottom_first,0.884616
C:\My_Project\AIGC\AIGuard\unseen\fake_162.jpg,aiguard_unseen,0.4,hot_first,0.930103
C:\My_Project\AIGC\AIGuard\unseen\fake_162.jpg,aiguard_unseen,0.4,bottom_first,0.808471
C:\My_Project\AIGC\AIGuard\unseen\fake_162.jpg,aiguard_unseen,0.6,hot_first,0.928103
C:\My_Project\AIGC\AIGuard\unseen\fake_162.jpg,aiguard_unseen,0.6,bottom_first,0.754671
C:\My_Project\AIGC\AIGuard\unseen\fake_162.jpg,aiguard_unseen,1.0,hot_first,0.923732
C:\My_Project\AIGC\AIGuard\unseen\fake_162.jpg,aiguard_unseen,1.0,bottom_first,0.923732
C:\My_Project\AIGC\AIGuard\unseen\fake_164.jpg,aiguard_unseen,0.05,hot_first,0.928817
C:\My_Project\AIGC\AIGuard\unseen\fake_164.jpg,aiguard_unseen,0.05,bottom_first,0.915669
C:\My_Project\AIGC\AIGuard\unseen\fake_164.jpg,aiguard_unseen,0.1,hot_first,0.919658
C:\My_Project\AIGC\AIGuard\unseen\fake_164.jpg,aiguard_unseen,0.1,bottom_first,0.906377
C:\My_Project\AIGC\AIGuard\unseen\fake_164.jpg,aiguard_unseen,0.2,hot_first,0.918099
C:\My_Project\AIGC\AIGuard\unseen\fake_164.jpg,aiguard_unseen,0.2,bottom_first,0.871451
C:\My_Project\AIGC\AIGuard\unseen\fake_164.jpg,aiguard_unseen,0.4,hot_first,0.929358
C:\My_Project\AIGC\AIGuard\unseen\fake_164.jpg,aiguard_unseen,0.4,bottom_first,0.818308
C:\My_Project\AIGC\AIGuard\unseen\fake_164.jpg,aiguard_unseen,0.6,hot_first,0.929828
C:\My_Project\AIGC\AIGuard\unseen\fake_164.jpg,aiguard_unseen,0.6,bottom_first,0.747687
C:\My_Project\AIGC\AIGuard\unseen\fake_164.jpg,aiguard_unseen,1.0,hot_first,0.918726
C:\My_Project\AIGC\AIGuard\unseen\fake_164.jpg,aiguard_unseen,1.0,bottom_first,0.918726
C:\My_Project\AIGC\AIGuard\unseen\fake_168.jpg,aiguard_unseen,0.05,hot_first,0.901337
C:\My_Project\AIGC\AIGuard\unseen\fake_168.jpg,aiguard_unseen,0.05,bottom_first,0.88067
C:\My_Project\AIGC\AIGuard\unseen\fake_168.jpg,aiguard_unseen,0.1,hot_first,0.909882
C:\My_Project\AIGC\AIGuard\unseen\fake_168.jpg,aiguard_unseen,0.1,bottom_first,0.866551
C:\My_Project\AIGC\AIGuard\unseen\fake_168.jpg,aiguard_unseen,0.2,hot_first,0.920698
C:\My_Project\AIGC\AIGuard\unseen\fake_168.jpg,aiguard_unseen,0.2,bottom_first,0.850141
C:\My_Project\AIGC\AIGuard\unseen\fake_168.jpg,aiguard_unseen,0.4,hot_first,0.918476
C:\My_Project\AIGC\AIGuard\unseen\fake_168.jpg,aiguard_unseen,0.4,bottom_first,0.835151
C:\My_Project\AIGC\AIGuard\unseen\fake_168.jpg,aiguard_unseen,0.6,hot_first,0.930244
C:\My_Project\AIGC\AIGuard\unseen\fake_168.jpg,aiguard_unseen,0.6,bottom_first,0.762621
C:\My_Project\AIGC\AIGuard\unseen\fake_168.jpg,aiguard_unseen,1.0,hot_first,0.921452
C:\My_Project\AIGC\AIGuard\unseen\fake_168.jpg,aiguard_unseen,1.0,bottom_first,0.921452
C:\My_Project\AIGC\AIGuard\unseen\fake_170.jpg,aiguard_unseen,0.05,hot_first,0.930394
C:\My_Project\AIGC\AIGuard\unseen\fake_170.jpg,aiguard_unseen,0.05,bottom_first,0.929646
C:\My_Project\AIGC\AIGuard\unseen\fake_170.jpg,aiguard_unseen,0.1,hot_first,0.932187
C:\My_Project\AIGC\AIGuard\unseen\fake_170.jpg,aiguard_unseen,0.1,bottom_first,0.918421
C:\My_Project\AIGC\AIGuard\unseen\fake_170.jpg,aiguard_unseen,0.2,hot_first,0.938299
C:\My_Project\AIGC\AIGuard\unseen\fake_170.jpg,aiguard_unseen,0.2,bottom_first,0.902382
C:\My_Project\AIGC\AIGuard\unseen\fake_170.jpg,aiguard_unseen,0.4,hot_first,0.938304
C:\My_Project\AIGC\AIGuard\unseen\fake_170.jpg,aiguard_unseen,0.4,bottom_first,0.886591
C:\My_Project\AIGC\AIGuard\unseen\fake_170.jpg,aiguard_unseen,0.6,hot_first,0.943246
C:\My_Project\AIGC\AIGuard\unseen\fake_170.jpg,aiguard_unseen,0.6,bottom_first,0.803553
C:\My_Project\AIGC\AIGuard\unseen\fake_170.jpg,aiguard_unseen,1.0,hot_first,0.942556
C:\My_Project\AIGC\AIGuard\unseen\fake_170.jpg,aiguard_unseen,1.0,bottom_first,0.942556
C:\My_Project\AIGC\AIGuard\unseen\fake_172.jpg,aiguard_unseen,0.05,hot_first,0.911823
C:\My_Project\AIGC\AIGuard\unseen\fake_172.jpg,aiguard_unseen,0.05,bottom_first,0.891729
C:\My_Project\AIGC\AIGuard\unseen\fake_172.jpg,aiguard_unseen,0.1,hot_first,0.913238
C:\My_Project\AIGC\AIGuard\unseen\fake_172.jpg,aiguard_unseen,0.1,bottom_first,0.887225
C:\My_Project\AIGC\AIGuard\unseen\fake_172.jpg,aiguard_unseen,0.2,hot_first,0.92157
C:\My_Project\AIGC\AIGuard\unseen\fake_172.jpg,aiguard_unseen,0.2,bottom_first,0.891558
C:\My_Project\AIGC\AIGuard\unseen\fake_172.jpg,aiguard_unseen,0.4,hot_first,0.926086
C:\My_Project\AIGC\AIGuard\unseen\fake_172.jpg,aiguard_unseen,0.4,bottom_first,0.790555
C:\My_Project\AIGC\AIGuard\unseen\fake_172.jpg,aiguard_unseen,0.6,hot_first,0.926566
C:\My_Project\AIGC\AIGuard\unseen\fake_172.jpg,aiguard_unseen,0.6,bottom_first,0.711567
C:\My_Project\AIGC\AIGuard\unseen\fake_172.jpg,aiguard_unseen,1.0,hot_first,0.928545
C:\My_Project\AIGC\AIGuard\unseen\fake_172.jpg,aiguard_unseen,1.0,bottom_first,0.928545
C:\My_Project\AIGC\AIGuard\unseen\fake_176.jpg,aiguard_unseen,0.05,hot_first,0.927728
C:\My_Project\AIGC\AIGuard\unseen\fake_176.jpg,aiguard_unseen,0.05,bottom_first,0.909089
C:\My_Project\AIGC\AIGuard\unseen\fake_176.jpg,aiguard_unseen,0.1,hot_first,0.927741
C:\My_Project\AIGC\AIGuard\unseen\fake_176.jpg,aiguard_unseen,0.1,bottom_first,0.906862
C:\My_Project\AIGC\AIGuard\unseen\fake_176.jpg,aiguard_unseen,0.2,hot_first,0.931445
C:\My_Project\AIGC\AIGuard\unseen\fake_176.jpg,aiguard_unseen,0.2,bottom_first,0.901033
C:\My_Project\AIGC\AIGuard\unseen\fake_176.jpg,aiguard_unseen,0.4,hot_first,0.931715
C:\My_Project\AIGC\AIGuard\unseen\fake_176.jpg,aiguard_unseen,0.4,bottom_first,0.859877
C:\My_Project\AIGC\AIGuard\unseen\fake_176.jpg,aiguard_unseen,0.6,hot_first,0.931358
C:\My_Project\AIGC\AIGuard\unseen\fake_176.jpg,aiguard_unseen,0.6,bottom_first,0.782782
C:\My_Project\AIGC\AIGuard\unseen\fake_176.jpg,aiguard_unseen,1.0,hot_first,0.932844
C:\My_Project\AIGC\AIGuard\unseen\fake_176.jpg,aiguard_unseen,1.0,bottom_first,0.932844
C:\My_Project\AIGC\AIGuard\unseen\fake_177.jpg,aiguard_unseen,0.05,hot_first,0.926009
C:\My_Project\AIGC\AIGuard\unseen\fake_177.jpg,aiguard_unseen,0.05,bottom_first,0.896044
C:\My_Project\AIGC\AIGuard\unseen\fake_177.jpg,aiguard_unseen,0.1,hot_first,0.927283
C:\My_Project\AIGC\AIGuard\unseen\fake_177.jpg,aiguard_unseen,0.1,bottom_first,0.895119
C:\My_Project\AIGC\AIGuard\unseen\fake_177.jpg,aiguard_unseen,0.2,hot_first,0.928796
C:\My_Project\AIGC\AIGuard\unseen\fake_177.jpg,aiguard_unseen,0.2,bottom_first,0.863543
C:\My_Project\AIGC\AIGuard\unseen\fake_177.jpg,aiguard_unseen,0.4,hot_first,0.92772
C:\My_Project\AIGC\AIGuard\unseen\fake_177.jpg,aiguard_unseen,0.4,bottom_first,0.817533
C:\My_Project\AIGC\AIGuard\unseen\fake_177.jpg,aiguard_unseen,0.6,hot_first,0.930695
C:\My_Project\AIGC\AIGuard\unseen\fake_177.jpg,aiguard_unseen,0.6,bottom_first,0.705469
C:\My_Project\AIGC\AIGuard\unseen\fake_177.jpg,aiguard_unseen,1.0,hot_first,0.92821
C:\My_Project\AIGC\AIGuard\unseen\fake_177.jpg,aiguard_unseen,1.0,bottom_first,0.92821
C:\My_Project\AIGC\AIGuard\unseen\fake_179.jpg,aiguard_unseen,0.05,hot_first,0.931886
C:\My_Project\AIGC\AIGuard\unseen\fake_179.jpg,aiguard_unseen,0.05,bottom_first,0.90153
C:\My_Project\AIGC\AIGuard\unseen\fake_179.jpg,aiguard_unseen,0.1,hot_first,0.924811
C:\My_Project\AIGC\AIGuard\unseen\fake_179.jpg,aiguard_unseen,0.1,bottom_first,0.907938
C:\My_Project\AIGC\AIGuard\unseen\fake_179.jpg,aiguard_unseen,0.2,hot_first,0.929233
C:\My_Project\AIGC\AIGuard\unseen\fake_179.jpg,aiguard_unseen,0.2,bottom_first,0.903615
C:\My_Project\AIGC\AIGuard\unseen\fake_179.jpg,aiguard_unseen,0.4,hot_first,0.929363
C:\My_Project\AIGC\AIGuard\unseen\fake_179.jpg,aiguard_unseen,0.4,bottom_first,0.87432
C:\My_Project\AIGC\AIGuard\unseen\fake_179.jpg,aiguard_unseen,0.6,hot_first,0.931387
C:\My_Project\AIGC\AIGuard\unseen\fake_179.jpg,aiguard_unseen,0.6,bottom_first,0.804018
C:\My_Project\AIGC\AIGuard\unseen\fake_179.jpg,aiguard_unseen,1.0,hot_first,0.933356
C:\My_Project\AIGC\AIGuard\unseen\fake_179.jpg,aiguard_unseen,1.0,bottom_first,0.933356
C:\My_Project\AIGC\AIGuard\unseen\fake_184.jpg,aiguard_unseen,0.05,hot_first,0.896658
C:\My_Project\AIGC\AIGuard\unseen\fake_184.jpg,aiguard_unseen,0.05,bottom_first,0.886802
C:\My_Project\AIGC\AIGuard\unseen\fake_184.jpg,aiguard_unseen,0.1,hot_first,0.906819
C:\My_Project\AIGC\AIGuard\unseen\fake_184.jpg,aiguard_unseen,0.1,bottom_first,0.891433
C:\My_Project\AIGC\AIGuard\unseen\fake_184.jpg,aiguard_unseen,0.2,hot_first,0.914632
C:\My_Project\AIGC\AIGuard\unseen\fake_184.jpg,aiguard_unseen,0.2,bottom_first,0.860132
C:\My_Project\AIGC\AIGuard\unseen\fake_184.jpg,aiguard_unseen,0.4,hot_first,0.920573
C:\My_Project\AIGC\AIGuard\unseen\fake_184.jpg,aiguard_unseen,0.4,bottom_first,0.828203
C:\My_Project\AIGC\AIGuard\unseen\fake_184.jpg,aiguard_unseen,0.6,hot_first,0.917857
C:\My_Project\AIGC\AIGuard\unseen\fake_184.jpg,aiguard_unseen,0.6,bottom_first,0.765613
C:\My_Project\AIGC\AIGuard\unseen\fake_184.jpg,aiguard_unseen,1.0,hot_first,0.922237
C:\My_Project\AIGC\AIGuard\unseen\fake_184.jpg,aiguard_unseen,1.0,bottom_first,0.922237
C:\My_Project\AIGC\AIGuard\unseen\fake_187.jpg,aiguard_unseen,0.05,hot_first,0.914374
C:\My_Project\AIGC\AIGuard\unseen\fake_187.jpg,aiguard_unseen,0.05,bottom_first,0.901241
C:\My_Project\AIGC\AIGuard\unseen\fake_187.jpg,aiguard_unseen,0.1,hot_first,0.911779
C:\My_Project\AIGC\AIGuard\unseen\fake_187.jpg,aiguard_unseen,0.1,bottom_first,0.90045
C:\My_Project\AIGC\AIGuard\unseen\fake_187.jpg,aiguard_unseen,0.2,hot_first,0.921394
C:\My_Project\AIGC\AIGuard\unseen\fake_187.jpg,aiguard_unseen,0.2,bottom_first,0.881319
C:\My_Project\AIGC\AIGuard\unseen\fake_187.jpg,aiguard_unseen,0.4,hot_first,0.922395
C:\My_Project\AIGC\AIGuard\unseen\fake_187.jpg,aiguard_unseen,0.4,bottom_first,0.829758
C:\My_Project\AIGC\AIGuard\unseen\fake_187.jpg,aiguard_unseen,0.6,hot_first,0.927834
C:\My_Project\AIGC\AIGuard\unseen\fake_187.jpg,aiguard_unseen,0.6,bottom_first,0.779402
C:\My_Project\AIGC\AIGuard\unseen\fake_187.jpg,aiguard_unseen,1.0,hot_first,0.920647
C:\My_Project\AIGC\AIGuard\unseen\fake_187.jpg,aiguard_unseen,1.0,bottom_first,0.920647
C:\My_Project\AIGC\AIGuard\unseen\fake_216.jpg,aiguard_unseen,0.05,hot_first,0.92977
C:\My_Project\AIGC\AIGuard\unseen\fake_216.jpg,aiguard_unseen,0.05,bottom_first,0.892617
C:\My_Project\AIGC\AIGuard\unseen\fake_216.jpg,aiguard_unseen,0.1,hot_first,0.923582
C:\My_Project\AIGC\AIGuard\unseen\fake_216.jpg,aiguard_unseen,0.1,bottom_first,0.877508
C:\My_Project\AIGC\AIGuard\unseen\fake_216.jpg,aiguard_unseen,0.2,hot_first,0.920955
C:\My_Project\AIGC\AIGuard\unseen\fake_216.jpg,aiguard_unseen,0.2,bottom_first,0.857979
C:\My_Project\AIGC\AIGuard\unseen\fake_216.jpg,aiguard_unseen,0.4,hot_first,0.927827
C:\My_Project\AIGC\AIGuard\unseen\fake_216.jpg,aiguard_unseen,0.4,bottom_first,0.814726
C:\My_Project\AIGC\AIGuard\unseen\fake_216.jpg,aiguard_unseen,0.6,hot_first,0.936942
C:\My_Project\AIGC\AIGuard\unseen\fake_216.jpg,aiguard_unseen,0.6,bottom_first,0.788001
C:\My_Project\AIGC\AIGuard\unseen\fake_216.jpg,aiguard_unseen,1.0,hot_first,0.939473
C:\My_Project\AIGC\AIGuard\unseen\fake_216.jpg,aiguard_unseen,1.0,bottom_first,0.939473
C:\My_Project\AIGC\AIGuard\unseen\fake_222.jpg,aiguard_unseen,0.05,hot_first,0.931675
C:\My_Project\AIGC\AIGuard\unseen\fake_222.jpg,aiguard_unseen,0.05,bottom_first,0.898938
C:\My_Project\AIGC\AIGuard\unseen\fake_222.jpg,aiguard_unseen,0.1,hot_first,0.926324
C:\My_Project\AIGC\AIGuard\unseen\fake_222.jpg,aiguard_unseen,0.1,bottom_first,0.887652
C:\My_Project\AIGC\AIGuard\unseen\fake_222.jpg,aiguard_unseen,0.2,hot_first,0.922367
C:\My_Project\AIGC\AIGuard\unseen\fake_222.jpg,aiguard_unseen,0.2,bottom_first,0.881646
C:\My_Project\AIGC\AIGuard\unseen\fake_222.jpg,aiguard_unseen,0.4,hot_first,0.93089
C:\My_Project\AIGC\AIGuard\unseen\fake_222.jpg,aiguard_unseen,0.4,bottom_first,0.849383
C:\My_Project\AIGC\AIGuard\unseen\fake_222.jpg,aiguard_unseen,0.6,hot_first,0.923779
C:\My_Project\AIGC\AIGuard\unseen\fake_222.jpg,aiguard_unseen,0.6,bottom_first,0.829666
C:\My_Project\AIGC\AIGuard\unseen\fake_222.jpg,aiguard_unseen,1.0,hot_first,0.9162
C:\My_Project\AIGC\AIGuard\unseen\fake_222.jpg,aiguard_unseen,1.0,bottom_first,0.9162
C:\My_Project\AIGC\AIGuard\unseen\fake_231.jpg,aiguard_unseen,0.05,hot_first,0.916745
C:\My_Project\AIGC\AIGuard\unseen\fake_231.jpg,aiguard_unseen,0.05,bottom_first,0.89324
C:\My_Project\AIGC\AIGuard\unseen\fake_231.jpg,aiguard_unseen,0.1,hot_first,0.913456
C:\My_Project\AIGC\AIGuard\unseen\fake_231.jpg,aiguard_unseen,0.1,bottom_first,0.91427
C:\My_Project\AIGC\AIGuard\unseen\fake_231.jpg,aiguard_unseen,0.2,hot_first,0.926187
C:\My_Project\AIGC\AIGuard\unseen\fake_231.jpg,aiguard_unseen,0.2,bottom_first,0.902116
C:\My_Project\AIGC\AIGuard\unseen\fake_231.jpg,aiguard_unseen,0.4,hot_first,0.93782
C:\My_Project\AIGC\AIGuard\unseen\fake_231.jpg,aiguard_unseen,0.4,bottom_first,0.854817
C:\My_Project\AIGC\AIGuard\unseen\fake_231.jpg,aiguard_unseen,0.6,hot_first,0.938888
C:\My_Project\AIGC\AIGuard\unseen\fake_231.jpg,aiguard_unseen,0.6,bottom_first,0.774263
C:\My_Project\AIGC\AIGuard\unseen\fake_231.jpg,aiguard_unseen,1.0,hot_first,0.939433
C:\My_Project\AIGC\AIGuard\unseen\fake_231.jpg,aiguard_unseen,1.0,bottom_first,0.939433
C:\My_Project\AIGC\AIGuard\unseen\fake_237.jpg,aiguard_unseen,0.05,hot_first,0.935225
C:\My_Project\AIGC\AIGuard\unseen\fake_237.jpg,aiguard_unseen,0.05,bottom_first,0.908753
C:\My_Project\AIGC\AIGuard\unseen\fake_237.jpg,aiguard_unseen,0.1,hot_first,0.929451
C:\My_Project\AIGC\AIGuard\unseen\fake_237.jpg,aiguard_unseen,0.1,bottom_first,0.893388
C:\My_Project\AIGC\AIGuard\unseen\fake_237.jpg,aiguard_unseen,0.2,hot_first,0.927053
C:\My_Project\AIGC\AIGuard\unseen\fake_237.jpg,aiguard_unseen,0.2,bottom_first,0.885357
C:\My_Project\AIGC\AIGuard\unseen\fake_237.jpg,aiguard_unseen,0.4,hot_first,0.92492
C:\My_Project\AIGC\AIGuard\unseen\fake_237.jpg,aiguard_unseen,0.4,bottom_first,0.862597
C:\My_Project\AIGC\AIGuard\unseen\fake_237.jpg,aiguard_unseen,0.6,hot_first,0.933369
C:\My_Project\AIGC\AIGuard\unseen\fake_237.jpg,aiguard_unseen,0.6,bottom_first,0.795503
C:\My_Project\AIGC\AIGuard\unseen\fake_237.jpg,aiguard_unseen,1.0,hot_first,0.93046
C:\My_Project\AIGC\AIGuard\unseen\fake_237.jpg,aiguard_unseen,1.0,bottom_first,0.93046
C:\My_Project\AIGC\AIGuard\unseen\fake_242.jpg,aiguard_unseen,0.05,hot_first,0.915504
C:\My_Project\AIGC\AIGuard\unseen\fake_242.jpg,aiguard_unseen,0.05,bottom_first,0.861284
C:\My_Project\AIGC\AIGuard\unseen\fake_242.jpg,aiguard_unseen,0.1,hot_first,0.914621
C:\My_Project\AIGC\AIGuard\unseen\fake_242.jpg,aiguard_unseen,0.1,bottom_first,0.846525
C:\My_Project\AIGC\AIGuard\unseen\fake_242.jpg,aiguard_unseen,0.2,hot_first,0.926745
C:\My_Project\AIGC\AIGuard\unseen\fake_242.jpg,aiguard_unseen,0.2,bottom_first,0.79547
C:\My_Project\AIGC\AIGuard\unseen\fake_242.jpg,aiguard_unseen,0.4,hot_first,0.935426
C:\My_Project\AIGC\AIGuard\unseen\fake_242.jpg,aiguard_unseen,0.4,bottom_first,0.711518
C:\My_Project\AIGC\AIGuard\unseen\fake_242.jpg,aiguard_unseen,0.6,hot_first,0.943366
C:\My_Project\AIGC\AIGuard\unseen\fake_242.jpg,aiguard_unseen,0.6,bottom_first,0.738292
C:\My_Project\AIGC\AIGuard\unseen\fake_242.jpg,aiguard_unseen,1.0,hot_first,0.925271
C:\My_Project\AIGC\AIGuard\unseen\fake_242.jpg,aiguard_unseen,1.0,bottom_first,0.925271
C:\My_Project\AIGC\AIGuard\unseen\fake_247.jpg,aiguard_unseen,0.05,hot_first,0.937726
C:\My_Project\AIGC\AIGuard\unseen\fake_247.jpg,aiguard_unseen,0.05,bottom_first,0.894916
C:\My_Project\AIGC\AIGuard\unseen\fake_247.jpg,aiguard_unseen,0.1,hot_first,0.937504
C:\My_Project\AIGC\AIGuard\unseen\fake_247.jpg,aiguard_unseen,0.1,bottom_first,0.894284
C:\My_Project\AIGC\AIGuard\unseen\fake_247.jpg,aiguard_unseen,0.2,hot_first,0.939746
C:\My_Project\AIGC\AIGuard\unseen\fake_247.jpg,aiguard_unseen,0.2,bottom_first,0.877817
C:\My_Project\AIGC\AIGuard\unseen\fake_247.jpg,aiguard_unseen,0.4,hot_first,0.929597
C:\My_Project\AIGC\AIGuard\unseen\fake_247.jpg,aiguard_unseen,0.4,bottom_first,0.810695
C:\My_Project\AIGC\AIGuard\unseen\fake_247.jpg,aiguard_unseen,0.6,hot_first,0.925286
C:\My_Project\AIGC\AIGuard\unseen\fake_247.jpg,aiguard_unseen,0.6,bottom_first,0.821716
C:\My_Project\AIGC\AIGuard\unseen\fake_247.jpg,aiguard_unseen,1.0,hot_first,0.930561
C:\My_Project\AIGC\AIGuard\unseen\fake_247.jpg,aiguard_unseen,1.0,bottom_first,0.930561
C:\My_Project\AIGC\AIGuard\unseen\fake_260.jpg,aiguard_unseen,0.05,hot_first,0.918897
C:\My_Project\AIGC\AIGuard\unseen\fake_260.jpg,aiguard_unseen,0.05,bottom_first,0.886513
C:\My_Project\AIGC\AIGuard\unseen\fake_260.jpg,aiguard_unseen,0.1,hot_first,0.920357
C:\My_Project\AIGC\AIGuard\unseen\fake_260.jpg,aiguard_unseen,0.1,bottom_first,0.856863
C:\My_Project\AIGC\AIGuard\unseen\fake_260.jpg,aiguard_unseen,0.2,hot_first,0.931311
C:\My_Project\AIGC\AIGuard\unseen\fake_260.jpg,aiguard_unseen,0.2,bottom_first,0.830256
C:\My_Project\AIGC\AIGuard\unseen\fake_260.jpg,aiguard_unseen,0.4,hot_first,0.935739
C:\My_Project\AIGC\AIGuard\unseen\fake_260.jpg,aiguard_unseen,0.4,bottom_first,0.7823
C:\My_Project\AIGC\AIGuard\unseen\fake_260.jpg,aiguard_unseen,0.6,hot_first,0.92961
C:\My_Project\AIGC\AIGuard\unseen\fake_260.jpg,aiguard_unseen,0.6,bottom_first,0.643785
C:\My_Project\AIGC\AIGuard\unseen\fake_260.jpg,aiguard_unseen,1.0,hot_first,0.932883
C:\My_Project\AIGC\AIGuard\unseen\fake_260.jpg,aiguard_unseen,1.0,bottom_first,0.932883
C:\My_Project\AIGC\AIGuard\unseen\fake_262.jpg,aiguard_unseen,0.05,hot_first,0.926856
C:\My_Project\AIGC\AIGuard\unseen\fake_262.jpg,aiguard_unseen,0.05,bottom_first,0.903758
C:\My_Project\AIGC\AIGuard\unseen\fake_262.jpg,aiguard_unseen,0.1,hot_first,0.93004
C:\My_Project\AIGC\AIGuard\unseen\fake_262.jpg,aiguard_unseen,0.1,bottom_first,0.882752
C:\My_Project\AIGC\AIGuard\unseen\fake_262.jpg,aiguard_unseen,0.2,hot_first,0.93838
C:\My_Project\AIGC\AIGuard\unseen\fake_262.jpg,aiguard_unseen,0.2,bottom_first,0.853892
C:\My_Project\AIGC\AIGuard\unseen\fake_262.jpg,aiguard_unseen,0.4,hot_first,0.932828
C:\My_Project\AIGC\AIGuard\unseen\fake_262.jpg,aiguard_unseen,0.4,bottom_first,0.785768
C:\My_Project\AIGC\AIGuard\unseen\fake_262.jpg,aiguard_unseen,0.6,hot_first,0.929935
C:\My_Project\AIGC\AIGuard\unseen\fake_262.jpg,aiguard_unseen,0.6,bottom_first,0.682578
C:\My_Project\AIGC\AIGuard\unseen\fake_262.jpg,aiguard_unseen,1.0,hot_first,0.920626
C:\My_Project\AIGC\AIGuard\unseen\fake_262.jpg,aiguard_unseen,1.0,bottom_first,0.920626
C:\My_Project\AIGC\AIGuard\unseen\fake_266.jpg,aiguard_unseen,0.05,hot_first,0.926904
C:\My_Project\AIGC\AIGuard\unseen\fake_266.jpg,aiguard_unseen,0.05,bottom_first,0.894891
C:\My_Project\AIGC\AIGuard\unseen\fake_266.jpg,aiguard_unseen,0.1,hot_first,0.927363
C:\My_Project\AIGC\AIGuard\unseen\fake_266.jpg,aiguard_unseen,0.1,bottom_first,0.887636
C:\My_Project\AIGC\AIGuard\unseen\fake_266.jpg,aiguard_unseen,0.2,hot_first,0.920461
C:\My_Project\AIGC\AIGuard\unseen\fake_266.jpg,aiguard_unseen,0.2,bottom_first,0.878522
C:\My_Project\AIGC\AIGuard\unseen\fake_266.jpg,aiguard_unseen,0.4,hot_first,0.928097
C:\My_Project\AIGC\AIGuard\unseen\fake_266.jpg,aiguard_unseen,0.4,bottom_first,0.835608
C:\My_Project\AIGC\AIGuard\unseen\fake_266.jpg,aiguard_unseen,0.6,hot_first,0.930221
C:\My_Project\AIGC\AIGuard\unseen\fake_266.jpg,aiguard_unseen,0.6,bottom_first,0.821329
C:\My_Project\AIGC\AIGuard\unseen\fake_266.jpg,aiguard_unseen,1.0,hot_first,0.926029
C:\My_Project\AIGC\AIGuard\unseen\fake_266.jpg,aiguard_unseen,1.0,bottom_first,0.926029
C:\My_Project\AIGC\AIGuard\unseen\fake_272.jpg,aiguard_unseen,0.05,hot_first,0.907404
C:\My_Project\AIGC\AIGuard\unseen\fake_272.jpg,aiguard_unseen,0.05,bottom_first,0.843057
C:\My_Project\AIGC\AIGuard\unseen\fake_272.jpg,aiguard_unseen,0.1,hot_first,0.919694
C:\My_Project\AIGC\AIGuard\unseen\fake_272.jpg,aiguard_unseen,0.1,bottom_first,0.807514
C:\My_Project\AIGC\AIGuard\unseen\fake_272.jpg,aiguard_unseen,0.2,hot_first,0.920186
C:\My_Project\AIGC\AIGuard\unseen\fake_272.jpg,aiguard_unseen,0.2,bottom_first,0.777336
C:\My_Project\AIGC\AIGuard\unseen\fake_272.jpg,aiguard_unseen,0.4,hot_first,0.924962
C:\My_Project\AIGC\AIGuard\unseen\fake_272.jpg,aiguard_unseen,0.4,bottom_first,0.756304
C:\My_Project\AIGC\AIGuard\unseen\fake_272.jpg,aiguard_unseen,0.6,hot_first,0.915521
C:\My_Project\AIGC\AIGuard\unseen\fake_272.jpg,aiguard_unseen,0.6,bottom_first,0.417016
C:\My_Project\AIGC\AIGuard\unseen\fake_272.jpg,aiguard_unseen,1.0,hot_first,0.905703
C:\My_Project\AIGC\AIGuard\unseen\fake_272.jpg,aiguard_unseen,1.0,bottom_first,0.905703
C:\My_Project\AIGC\AIGuard\unseen\fake_274.jpg,aiguard_unseen,0.05,hot_first,0.933695
C:\My_Project\AIGC\AIGuard\unseen\fake_274.jpg,aiguard_unseen,0.05,bottom_first,0.916641
C:\My_Project\AIGC\AIGuard\unseen\fake_274.jpg,aiguard_unseen,0.1,hot_first,0.936962
C:\My_Project\AIGC\AIGuard\unseen\fake_274.jpg,aiguard_unseen,0.1,bottom_first,0.905953
C:\My_Project\AIGC\AIGuard\unseen\fake_274.jpg,aiguard_unseen,0.2,hot_first,0.942384
C:\My_Project\AIGC\AIGuard\unseen\fake_274.jpg,aiguard_unseen,0.2,bottom_first,0.884284
C:\My_Project\AIGC\AIGuard\unseen\fake_274.jpg,aiguard_unseen,0.4,hot_first,0.93462
C:\My_Project\AIGC\AIGuard\unseen\fake_274.jpg,aiguard_unseen,0.4,bottom_first,0.86651
C:\My_Project\AIGC\AIGuard\unseen\fake_274.jpg,aiguard_unseen,0.6,hot_first,0.939582
C:\My_Project\AIGC\AIGuard\unseen\fake_274.jpg,aiguard_unseen,0.6,bottom_first,0.721574
C:\My_Project\AIGC\AIGuard\unseen\fake_274.jpg,aiguard_unseen,1.0,hot_first,0.932066
C:\My_Project\AIGC\AIGuard\unseen\fake_274.jpg,aiguard_unseen,1.0,bottom_first,0.932066
C:\My_Project\AIGC\AIGuard\unseen\fake_29.jpg,aiguard_unseen,0.05,hot_first,0.922242
C:\My_Project\AIGC\AIGuard\unseen\fake_29.jpg,aiguard_unseen,0.05,bottom_first,0.917076
C:\My_Project\AIGC\AIGuard\unseen\fake_29.jpg,aiguard_unseen,0.1,hot_first,0.919844
C:\My_Project\AIGC\AIGuard\unseen\fake_29.jpg,aiguard_unseen,0.1,bottom_first,0.912753
C:\My_Project\AIGC\AIGuard\unseen\fake_29.jpg,aiguard_unseen,0.2,hot_first,0.920453
C:\My_Project\AIGC\AIGuard\unseen\fake_29.jpg,aiguard_unseen,0.2,bottom_first,0.908163
C:\My_Project\AIGC\AIGuard\unseen\fake_29.jpg,aiguard_unseen,0.4,hot_first,0.925712
C:\My_Project\AIGC\AIGuard\unseen\fake_29.jpg,aiguard_unseen,0.4,bottom_first,0.908058
C:\My_Project\AIGC\AIGuard\unseen\fake_29.jpg,aiguard_unseen,0.6,hot_first,0.932145
C:\My_Project\AIGC\AIGuard\unseen\fake_29.jpg,aiguard_unseen,0.6,bottom_first,0.921472
C:\My_Project\AIGC\AIGuard\unseen\fake_29.jpg,aiguard_unseen,1.0,hot_first,0.924649
C:\My_Project\AIGC\AIGuard\unseen\fake_29.jpg,aiguard_unseen,1.0,bottom_first,0.924649
C:\My_Project\AIGC\AIGuard\unseen\fake_298.jpg,aiguard_unseen,0.05,hot_first,0.929003
C:\My_Project\AIGC\AIGuard\unseen\fake_298.jpg,aiguard_unseen,0.05,bottom_first,0.92399
C:\My_Project\AIGC\AIGuard\unseen\fake_298.jpg,aiguard_unseen,0.1,hot_first,0.91953
C:\My_Project\AIGC\AIGuard\unseen\fake_298.jpg,aiguard_unseen,0.1,bottom_first,0.926681
C:\My_Project\AIGC\AIGuard\unseen\fake_298.jpg,aiguard_unseen,0.2,hot_first,0.918523
C:\My_Project\AIGC\AIGuard\unseen\fake_298.jpg,aiguard_unseen,0.2,bottom_first,0.915612
C:\My_Project\AIGC\AIGuard\unseen\fake_298.jpg,aiguard_unseen,0.4,hot_first,0.922006
C:\My_Project\AIGC\AIGuard\unseen\fake_298.jpg,aiguard_unseen,0.4,bottom_first,0.896896
C:\My_Project\AIGC\AIGuard\unseen\fake_298.jpg,aiguard_unseen,0.6,hot_first,0.921848
C:\My_Project\AIGC\AIGuard\unseen\fake_298.jpg,aiguard_unseen,0.6,bottom_first,0.847835
C:\My_Project\AIGC\AIGuard\unseen\fake_298.jpg,aiguard_unseen,1.0,hot_first,0.922277
C:\My_Project\AIGC\AIGuard\unseen\fake_298.jpg,aiguard_unseen,1.0,bottom_first,0.922277
C:\My_Project\AIGC\AIGuard\unseen\fake_304.jpg,aiguard_unseen,0.05,hot_first,0.911455
C:\My_Project\AIGC\AIGuard\unseen\fake_304.jpg,aiguard_unseen,0.05,bottom_first,0.888663
C:\My_Project\AIGC\AIGuard\unseen\fake_304.jpg,aiguard_unseen,0.1,hot_first,0.910698
C:\My_Project\AIGC\AIGuard\unseen\fake_304.jpg,aiguard_unseen,0.1,bottom_first,0.876433
C:\My_Project\AIGC\AIGuard\unseen\fake_304.jpg,aiguard_unseen,0.2,hot_first,0.924321
C:\My_Project\AIGC\AIGuard\unseen\fake_304.jpg,aiguard_unseen,0.2,bottom_first,0.870574
C:\My_Project\AIGC\AIGuard\unseen\fake_304.jpg,aiguard_unseen,0.4,hot_first,0.937209
C:\My_Project\AIGC\AIGuard\unseen\fake_304.jpg,aiguard_unseen,0.4,bottom_first,0.824971
C:\My_Project\AIGC\AIGuard\unseen\fake_304.jpg,aiguard_unseen,0.6,hot_first,0.938612
C:\My_Project\AIGC\AIGuard\unseen\fake_304.jpg,aiguard_unseen,0.6,bottom_first,0.68619
C:\My_Project\AIGC\AIGuard\unseen\fake_304.jpg,aiguard_unseen,1.0,hot_first,0.931519
C:\My_Project\AIGC\AIGuard\unseen\fake_304.jpg,aiguard_unseen,1.0,bottom_first,0.931519
C:\My_Project\AIGC\AIGuard\unseen\fake_305.jpg,aiguard_unseen,0.05,hot_first,0.930072
C:\My_Project\AIGC\AIGuard\unseen\fake_305.jpg,aiguard_unseen,0.05,bottom_first,0.914125
C:\My_Project\AIGC\AIGuard\unseen\fake_305.jpg,aiguard_unseen,0.1,hot_first,0.924403
C:\My_Project\AIGC\AIGuard\unseen\fake_305.jpg,aiguard_unseen,0.1,bottom_first,0.898644
C:\My_Project\AIGC\AIGuard\unseen\fake_305.jpg,aiguard_unseen,0.2,hot_first,0.934314
C:\My_Project\AIGC\AIGuard\unseen\fake_305.jpg,aiguard_unseen,0.2,bottom_first,0.893481
C:\My_Project\AIGC\AIGuard\unseen\fake_305.jpg,aiguard_unseen,0.4,hot_first,0.928961
C:\My_Project\AIGC\AIGuard\unseen\fake_305.jpg,aiguard_unseen,0.4,bottom_first,0.877403
C:\My_Project\AIGC\AIGuard\unseen\fake_305.jpg,aiguard_unseen,0.6,hot_first,0.926123
C:\My_Project\AIGC\AIGuard\unseen\fake_305.jpg,aiguard_unseen,0.6,bottom_first,0.835319
C:\My_Project\AIGC\AIGuard\unseen\fake_305.jpg,aiguard_unseen,1.0,hot_first,0.931261
C:\My_Project\AIGC\AIGuard\unseen\fake_305.jpg,aiguard_unseen,1.0,bottom_first,0.931261
C:\My_Project\AIGC\AIGuard\unseen\fake_318.jpg,aiguard_unseen,0.05,hot_first,0.911238
C:\My_Project\AIGC\AIGuard\unseen\fake_318.jpg,aiguard_unseen,0.05,bottom_first,0.890486
C:\My_Project\AIGC\AIGuard\unseen\fake_318.jpg,aiguard_unseen,0.1,hot_first,0.912191
C:\My_Project\AIGC\AIGuard\unseen\fake_318.jpg,aiguard_unseen,0.1,bottom_first,0.866639
C:\My_Project\AIGC\AIGuard\unseen\fake_318.jpg,aiguard_unseen,0.2,hot_first,0.916372
C:\My_Project\AIGC\AIGuard\unseen\fake_318.jpg,aiguard_unseen,0.2,bottom_first,0.851284
C:\My_Project\AIGC\AIGuard\unseen\fake_318.jpg,aiguard_unseen,0.4,hot_first,0.932144
C:\My_Project\AIGC\AIGuard\unseen\fake_318.jpg,aiguard_unseen,0.4,bottom_first,0.788375
C:\My_Project\AIGC\AIGuard\unseen\fake_318.jpg,aiguard_unseen,0.6,hot_first,0.924918
C:\My_Project\AIGC\AIGuard\unseen\fake_318.jpg,aiguard_unseen,0.6,bottom_first,0.417218
C:\My_Project\AIGC\AIGuard\unseen\fake_318.jpg,aiguard_unseen,1.0,hot_first,0.922818
C:\My_Project\AIGC\AIGuard\unseen\fake_318.jpg,aiguard_unseen,1.0,bottom_first,0.922818
C:\My_Project\AIGC\AIGuard\unseen\fake_32.jpg,aiguard_unseen,0.05,hot_first,0.930133
C:\My_Project\AIGC\AIGuard\unseen\fake_32.jpg,aiguard_unseen,0.05,bottom_first,0.929676
C:\My_Project\AIGC\AIGuard\unseen\fake_32.jpg,aiguard_unseen,0.1,hot_first,0.937595
C:\My_Project\AIGC\AIGuard\unseen\fake_32.jpg,aiguard_unseen,0.1,bottom_first,0.929895
C:\My_Project\AIGC\AIGuard\unseen\fake_32.jpg,aiguard_unseen,0.2,hot_first,0.94401
C:\My_Project\AIGC\AIGuard\unseen\fake_32.jpg,aiguard_unseen,0.2,bottom_first,0.927369
C:\My_Project\AIGC\AIGuard\unseen\fake_32.jpg,aiguard_unseen,0.4,hot_first,0.940932
C:\My_Project\AIGC\AIGuard\unseen\fake_32.jpg,aiguard_unseen,0.4,bottom_first,0.924029
C:\My_Project\AIGC\AIGuard\unseen\fake_32.jpg,aiguard_unseen,0.6,hot_first,0.937799
C:\My_Project\AIGC\AIGuard\unseen\fake_32.jpg,aiguard_unseen,0.6,bottom_first,0.923369
C:\My_Project\AIGC\AIGuard\unseen\fake_32.jpg,aiguard_unseen,1.0,hot_first,0.938872
C:\My_Project\AIGC\AIGuard\unseen\fake_32.jpg,aiguard_unseen,1.0,bottom_first,0.938872
C:\My_Project\AIGC\AIGuard\unseen\fake_424.jpg,aiguard_unseen,0.05,hot_first,0.913647
C:\My_Project\AIGC\AIGuard\unseen\fake_424.jpg,aiguard_unseen,0.05,bottom_first,0.914441
C:\My_Project\AIGC\AIGuard\unseen\fake_424.jpg,aiguard_unseen,0.1,hot_first,0.920295
C:\My_Project\AIGC\AIGuard\unseen\fake_424.jpg,aiguard_unseen,0.1,bottom_first,0.907235
C:\My_Project\AIGC\AIGuard\unseen\fake_424.jpg,aiguard_unseen,0.2,hot_first,0.931732
C:\My_Project\AIGC\AIGuard\unseen\fake_424.jpg,aiguard_unseen,0.2,bottom_first,0.90483
C:\My_Project\AIGC\AIGuard\unseen\fake_424.jpg,aiguard_unseen,0.4,hot_first,0.934173
C:\My_Project\AIGC\AIGuard\unseen\fake_424.jpg,aiguard_unseen,0.4,bottom_first,0.856425
C:\My_Project\AIGC\AIGuard\unseen\fake_424.jpg,aiguard_unseen,0.6,hot_first,0.91612
C:\My_Project\AIGC\AIGuard\unseen\fake_424.jpg,aiguard_unseen,0.6,bottom_first,0.683366
C:\My_Project\AIGC\AIGuard\unseen\fake_424.jpg,aiguard_unseen,1.0,hot_first,0.914831
C:\My_Project\AIGC\AIGuard\unseen\fake_424.jpg,aiguard_unseen,1.0,bottom_first,0.914831
C:\My_Project\AIGC\AIGuard\unseen\fake_431.jpg,aiguard_unseen,0.05,hot_first,0.923846
C:\My_Project\AIGC\AIGuard\unseen\fake_431.jpg,aiguard_unseen,0.05,bottom_first,0.897358
C:\My_Project\AIGC\AIGuard\unseen\fake_431.jpg,aiguard_unseen,0.1,hot_first,0.920944
C:\My_Project\AIGC\AIGuard\unseen\fake_431.jpg,aiguard_unseen,0.1,bottom_first,0.885222
C:\My_Project\AIGC\AIGuard\unseen\fake_431.jpg,aiguard_unseen,0.2,hot_first,0.929735
C:\My_Project\AIGC\AIGuard\unseen\fake_431.jpg,aiguard_unseen,0.2,bottom_first,0.874013
C:\My_Project\AIGC\AIGuard\unseen\fake_431.jpg,aiguard_unseen,0.4,hot_first,0.94284
C:\My_Project\AIGC\AIGuard\unseen\fake_431.jpg,aiguard_unseen,0.4,bottom_first,0.838588
C:\My_Project\AIGC\AIGuard\unseen\fake_431.jpg,aiguard_unseen,0.6,hot_first,0.940247
C:\My_Project\AIGC\AIGuard\unseen\fake_431.jpg,aiguard_unseen,0.6,bottom_first,0.681715
C:\My_Project\AIGC\AIGuard\unseen\fake_431.jpg,aiguard_unseen,1.0,hot_first,0.930856
C:\My_Project\AIGC\AIGuard\unseen\fake_431.jpg,aiguard_unseen,1.0,bottom_first,0.930856
C:\My_Project\AIGC\AIGuard\unseen\fake_434.jpg,aiguard_unseen,0.05,hot_first,0.920726
C:\My_Project\AIGC\AIGuard\unseen\fake_434.jpg,aiguard_unseen,0.05,bottom_first,0.899142
C:\My_Project\AIGC\AIGuard\unseen\fake_434.jpg,aiguard_unseen,0.1,hot_first,0.921076
C:\My_Project\AIGC\AIGuard\unseen\fake_434.jpg,aiguard_unseen,0.1,bottom_first,0.901299
C:\My_Project\AIGC\AIGuard\unseen\fake_434.jpg,aiguard_unseen,0.2,hot_first,0.922501
C:\My_Project\AIGC\AIGuard\unseen\fake_434.jpg,aiguard_unseen,0.2,bottom_first,0.898975
C:\My_Project\AIGC\AIGuard\unseen\fake_434.jpg,aiguard_unseen,0.4,hot_first,0.942781
C:\My_Project\AIGC\AIGuard\unseen\fake_434.jpg,aiguard_unseen,0.4,bottom_first,0.876659
C:\My_Project\AIGC\AIGuard\unseen\fake_434.jpg,aiguard_unseen,0.6,hot_first,0.901732
C:\My_Project\AIGC\AIGuard\unseen\fake_434.jpg,aiguard_unseen,0.6,bottom_first,0.765851
C:\My_Project\AIGC\AIGuard\unseen\fake_434.jpg,aiguard_unseen,1.0,hot_first,0.941528
C:\My_Project\AIGC\AIGuard\unseen\fake_434.jpg,aiguard_unseen,1.0,bottom_first,0.941528
C:\My_Project\AIGC\AIGuard\unseen\fake_441.jpg,aiguard_unseen,0.05,hot_first,0.918089
C:\My_Project\AIGC\AIGuard\unseen\fake_441.jpg,aiguard_unseen,0.05,bottom_first,0.891495
C:\My_Project\AIGC\AIGuard\unseen\fake_441.jpg,aiguard_unseen,0.1,hot_first,0.913013
C:\My_Project\AIGC\AIGuard\unseen\fake_441.jpg,aiguard_unseen,0.1,bottom_first,0.891445
C:\My_Project\AIGC\AIGuard\unseen\fake_441.jpg,aiguard_unseen,0.2,hot_first,0.927283
C:\My_Project\AIGC\AIGuard\unseen\fake_441.jpg,aiguard_unseen,0.2,bottom_first,0.886467
C:\My_Project\AIGC\AIGuard\unseen\fake_441.jpg,aiguard_unseen,0.4,hot_first,0.937705
C:\My_Project\AIGC\AIGuard\unseen\fake_441.jpg,aiguard_unseen,0.4,bottom_first,0.877282
C:\My_Project\AIGC\AIGuard\unseen\fake_441.jpg,aiguard_unseen,0.6,hot_first,0.928369
C:\My_Project\AIGC\AIGuard\unseen\fake_441.jpg,aiguard_unseen,0.6,bottom_first,0.777038
C:\My_Project\AIGC\AIGuard\unseen\fake_441.jpg,aiguard_unseen,1.0,hot_first,0.922215
C:\My_Project\AIGC\AIGuard\unseen\fake_441.jpg,aiguard_unseen,1.0,bottom_first,0.922215
C:\My_Project\AIGC\AIGuard\unseen\fake_442.jpg,aiguard_unseen,0.05,hot_first,0.894282
C:\My_Project\AIGC\AIGuard\unseen\fake_442.jpg,aiguard_unseen,0.05,bottom_first,0.87723
C:\My_Project\AIGC\AIGuard\unseen\fake_442.jpg,aiguard_unseen,0.1,hot_first,0.903433
C:\My_Project\AIGC\AIGuard\unseen\fake_442.jpg,aiguard_unseen,0.1,bottom_first,0.852709
C:\My_Project\AIGC\AIGuard\unseen\fake_442.jpg,aiguard_unseen,0.2,hot_first,0.91736
C:\My_Project\AIGC\AIGuard\unseen\fake_442.jpg,aiguard_unseen,0.2,bottom_first,0.826467
C:\My_Project\AIGC\AIGuard\unseen\fake_442.jpg,aiguard_unseen,0.4,hot_first,0.905335
C:\My_Project\AIGC\AIGuard\unseen\fake_442.jpg,aiguard_unseen,0.4,bottom_first,0.819058
C:\My_Project\AIGC\AIGuard\unseen\fake_442.jpg,aiguard_unseen,0.6,hot_first,0.611121
C:\My_Project\AIGC\AIGuard\unseen\fake_442.jpg,aiguard_unseen,0.6,bottom_first,0.580108
C:\My_Project\AIGC\AIGuard\unseen\fake_442.jpg,aiguard_unseen,1.0,hot_first,0.900399
C:\My_Project\AIGC\AIGuard\unseen\fake_442.jpg,aiguard_unseen,1.0,bottom_first,0.900399
C:\My_Project\AIGC\AIGuard\unseen\fake_450.jpg,aiguard_unseen,0.05,hot_first,0.923863
C:\My_Project\AIGC\AIGuard\unseen\fake_450.jpg,aiguard_unseen,0.05,bottom_first,0.908634
C:\My_Project\AIGC\AIGuard\unseen\fake_450.jpg,aiguard_unseen,0.1,hot_first,0.926133
C:\My_Project\AIGC\AIGuard\unseen\fake_450.jpg,aiguard_unseen,0.1,bottom_first,0.899338
C:\My_Project\AIGC\AIGuard\unseen\fake_450.jpg,aiguard_unseen,0.2,hot_first,0.936702
C:\My_Project\AIGC\AIGuard\unseen\fake_450.jpg,aiguard_unseen,0.2,bottom_first,0.883889
C:\My_Project\AIGC\AIGuard\unseen\fake_450.jpg,aiguard_unseen,0.4,hot_first,0.937163
C:\My_Project\AIGC\AIGuard\unseen\fake_450.jpg,aiguard_unseen,0.4,bottom_first,0.883744
C:\My_Project\AIGC\AIGuard\unseen\fake_450.jpg,aiguard_unseen,0.6,hot_first,0.935405
C:\My_Project\AIGC\AIGuard\unseen\fake_450.jpg,aiguard_unseen,0.6,bottom_first,0.836522
C:\My_Project\AIGC\AIGuard\unseen\fake_450.jpg,aiguard_unseen,1.0,hot_first,0.942032
C:\My_Project\AIGC\AIGuard\unseen\fake_450.jpg,aiguard_unseen,1.0,bottom_first,0.942032
C:\My_Project\AIGC\AIGuard\unseen\fake_451.jpg,aiguard_unseen,0.05,hot_first,0.934292
C:\My_Project\AIGC\AIGuard\unseen\fake_451.jpg,aiguard_unseen,0.05,bottom_first,0.887485
C:\My_Project\AIGC\AIGuard\unseen\fake_451.jpg,aiguard_unseen,0.1,hot_first,0.929661
C:\My_Project\AIGC\AIGuard\unseen\fake_451.jpg,aiguard_unseen,0.1,bottom_first,0.859322
C:\My_Project\AIGC\AIGuard\unseen\fake_451.jpg,aiguard_unseen,0.2,hot_first,0.936576
C:\My_Project\AIGC\AIGuard\unseen\fake_451.jpg,aiguard_unseen,0.2,bottom_first,0.807283
C:\My_Project\AIGC\AIGuard\unseen\fake_451.jpg,aiguard_unseen,0.4,hot_first,0.944754
C:\My_Project\AIGC\AIGuard\unseen\fake_451.jpg,aiguard_unseen,0.4,bottom_first,0.748454
C:\My_Project\AIGC\AIGuard\unseen\fake_451.jpg,aiguard_unseen,0.6,hot_first,0.931522
C:\My_Project\AIGC\AIGuard\unseen\fake_451.jpg,aiguard_unseen,0.6,bottom_first,0.538497
C:\My_Project\AIGC\AIGuard\unseen\fake_451.jpg,aiguard_unseen,1.0,hot_first,0.901567
C:\My_Project\AIGC\AIGuard\unseen\fake_451.jpg,aiguard_unseen,1.0,bottom_first,0.901567
C:\My_Project\AIGC\AIGuard\unseen\fake_453.jpg,aiguard_unseen,0.05,hot_first,0.921518
C:\My_Project\AIGC\AIGuard\unseen\fake_453.jpg,aiguard_unseen,0.05,bottom_first,0.905553
C:\My_Project\AIGC\AIGuard\unseen\fake_453.jpg,aiguard_unseen,0.1,hot_first,0.922054
C:\My_Project\AIGC\AIGuard\unseen\fake_453.jpg,aiguard_unseen,0.1,bottom_first,0.891751
C:\My_Project\AIGC\AIGuard\unseen\fake_453.jpg,aiguard_unseen,0.2,hot_first,0.929356
C:\My_Project\AIGC\AIGuard\unseen\fake_453.jpg,aiguard_unseen,0.2,bottom_first,0.876087
C:\My_Project\AIGC\AIGuard\unseen\fake_453.jpg,aiguard_unseen,0.4,hot_first,0.938807
C:\My_Project\AIGC\AIGuard\unseen\fake_453.jpg,aiguard_unseen,0.4,bottom_first,0.863293
C:\My_Project\AIGC\AIGuard\unseen\fake_453.jpg,aiguard_unseen,0.6,hot_first,0.934816
C:\My_Project\AIGC\AIGuard\unseen\fake_453.jpg,aiguard_unseen,0.6,bottom_first,0.745157
C:\My_Project\AIGC\AIGuard\unseen\fake_453.jpg,aiguard_unseen,1.0,hot_first,0.927421
C:\My_Project\AIGC\AIGuard\unseen\fake_453.jpg,aiguard_unseen,1.0,bottom_first,0.927421
C:\My_Project\AIGC\AIGuard\unseen\fake_458.jpg,aiguard_unseen,0.05,hot_first,0.936237
C:\My_Project\AIGC\AIGuard\unseen\fake_458.jpg,aiguard_unseen,0.05,bottom_first,0.919932
C:\My_Project\AIGC\AIGuard\unseen\fake_458.jpg,aiguard_unseen,0.1,hot_first,0.934221
C:\My_Project\AIGC\AIGuard\unseen\fake_458.jpg,aiguard_unseen,0.1,bottom_first,0.91152
C:\My_Project\AIGC\AIGuard\unseen\fake_458.jpg,aiguard_unseen,0.2,hot_first,0.941823
C:\My_Project\AIGC\AIGuard\unseen\fake_458.jpg,aiguard_unseen,0.2,bottom_first,0.881509
C:\My_Project\AIGC\AIGuard\unseen\fake_458.jpg,aiguard_unseen,0.4,hot_first,0.946031
C:\My_Project\AIGC\AIGuard\unseen\fake_458.jpg,aiguard_unseen,0.4,bottom_first,0.872616
C:\My_Project\AIGC\AIGuard\unseen\fake_458.jpg,aiguard_unseen,0.6,hot_first,0.941649
C:\My_Project\AIGC\AIGuard\unseen\fake_458.jpg,aiguard_unseen,0.6,bottom_first,0.811934
C:\My_Project\AIGC\AIGuard\unseen\fake_458.jpg,aiguard_unseen,1.0,hot_first,0.945892
C:\My_Project\AIGC\AIGuard\unseen\fake_458.jpg,aiguard_unseen,1.0,bottom_first,0.945892
C:\My_Project\AIGC\AIGuard\unseen\fake_465.jpg,aiguard_unseen,0.05,hot_first,0.923894
C:\My_Project\AIGC\AIGuard\unseen\fake_465.jpg,aiguard_unseen,0.05,bottom_first,0.898491
C:\My_Project\AIGC\AIGuard\unseen\fake_465.jpg,aiguard_unseen,0.1,hot_first,0.921439
C:\My_Project\AIGC\AIGuard\unseen\fake_465.jpg,aiguard_unseen,0.1,bottom_first,0.914061
C:\My_Project\AIGC\AIGuard\unseen\fake_465.jpg,aiguard_unseen,0.2,hot_first,0.935813
C:\My_Project\AIGC\AIGuard\unseen\fake_465.jpg,aiguard_unseen,0.2,bottom_first,0.901576
C:\My_Project\AIGC\AIGuard\unseen\fake_465.jpg,aiguard_unseen,0.4,hot_first,0.937645
C:\My_Project\AIGC\AIGuard\unseen\fake_465.jpg,aiguard_unseen,0.4,bottom_first,0.896341
C:\My_Project\AIGC\AIGuard\unseen\fake_465.jpg,aiguard_unseen,0.6,hot_first,0.936372
C:\My_Project\AIGC\AIGuard\unseen\fake_465.jpg,aiguard_unseen,0.6,bottom_first,0.801523
C:\My_Project\AIGC\AIGuard\unseen\fake_465.jpg,aiguard_unseen,1.0,hot_first,0.928358
C:\My_Project\AIGC\AIGuard\unseen\fake_465.jpg,aiguard_unseen,1.0,bottom_first,0.928358
C:\My_Project\AIGC\AIGuard\unseen\fake_472.jpg,aiguard_unseen,0.05,hot_first,0.920375
C:\My_Project\AIGC\AIGuard\unseen\fake_472.jpg,aiguard_unseen,0.05,bottom_first,0.88459
C:\My_Project\AIGC\AIGuard\unseen\fake_472.jpg,aiguard_unseen,0.1,hot_first,0.919193
C:\My_Project\AIGC\AIGuard\unseen\fake_472.jpg,aiguard_unseen,0.1,bottom_first,0.872776
C:\My_Project\AIGC\AIGuard\unseen\fake_472.jpg,aiguard_unseen,0.2,hot_first,0.925907
C:\My_Project\AIGC\AIGuard\unseen\fake_472.jpg,aiguard_unseen,0.2,bottom_first,0.846822
C:\My_Project\AIGC\AIGuard\unseen\fake_472.jpg,aiguard_unseen,0.4,hot_first,0.942546
C:\My_Project\AIGC\AIGuard\unseen\fake_472.jpg,aiguard_unseen,0.4,bottom_first,0.780671
C:\My_Project\AIGC\AIGuard\unseen\fake_472.jpg,aiguard_unseen,0.6,hot_first,0.937738
C:\My_Project\AIGC\AIGuard\unseen\fake_472.jpg,aiguard_unseen,0.6,bottom_first,0.711899
C:\My_Project\AIGC\AIGuard\unseen\fake_472.jpg,aiguard_unseen,1.0,hot_first,0.926123
C:\My_Project\AIGC\AIGuard\unseen\fake_472.jpg,aiguard_unseen,1.0,bottom_first,0.926123
C:\My_Project\AIGC\AIGuard\unseen\fake_677.jpg,aiguard_unseen,0.05,hot_first,0.924232
C:\My_Project\AIGC\AIGuard\unseen\fake_677.jpg,aiguard_unseen,0.05,bottom_first,0.897853
C:\My_Project\AIGC\AIGuard\unseen\fake_677.jpg,aiguard_unseen,0.1,hot_first,0.915066
C:\My_Project\AIGC\AIGuard\unseen\fake_677.jpg,aiguard_unseen,0.1,bottom_first,0.894685
C:\My_Project\AIGC\AIGuard\unseen\fake_677.jpg,aiguard_unseen,0.2,hot_first,0.916852
C:\My_Project\AIGC\AIGuard\unseen\fake_677.jpg,aiguard_unseen,0.2,bottom_first,0.866988
C:\My_Project\AIGC\AIGuard\unseen\fake_677.jpg,aiguard_unseen,0.4,hot_first,0.926328
C:\My_Project\AIGC\AIGuard\unseen\fake_677.jpg,aiguard_unseen,0.4,bottom_first,0.777526
C:\My_Project\AIGC\AIGuard\unseen\fake_677.jpg,aiguard_unseen,0.6,hot_first,0.917067
C:\My_Project\AIGC\AIGuard\unseen\fake_677.jpg,aiguard_unseen,0.6,bottom_first,0.538191
C:\My_Project\AIGC\AIGuard\unseen\fake_677.jpg,aiguard_unseen,1.0,hot_first,0.926637
C:\My_Project\AIGC\AIGuard\unseen\fake_677.jpg,aiguard_unseen,1.0,bottom_first,0.926637
C:\My_Project\AIGC\AIGuard\unseen\fake_679.jpg,aiguard_unseen,0.05,hot_first,0.935703
C:\My_Project\AIGC\AIGuard\unseen\fake_679.jpg,aiguard_unseen,0.05,bottom_first,0.917711
C:\My_Project\AIGC\AIGuard\unseen\fake_679.jpg,aiguard_unseen,0.1,hot_first,0.934032
C:\My_Project\AIGC\AIGuard\unseen\fake_679.jpg,aiguard_unseen,0.1,bottom_first,0.906372
C:\My_Project\AIGC\AIGuard\unseen\fake_679.jpg,aiguard_unseen,0.2,hot_first,0.94245
C:\My_Project\AIGC\AIGuard\unseen\fake_679.jpg,aiguard_unseen,0.2,bottom_first,0.886258
C:\My_Project\AIGC\AIGuard\unseen\fake_679.jpg,aiguard_unseen,0.4,hot_first,0.944809
C:\My_Project\AIGC\AIGuard\unseen\fake_679.jpg,aiguard_unseen,0.4,bottom_first,0.872733
C:\My_Project\AIGC\AIGuard\unseen\fake_679.jpg,aiguard_unseen,0.6,hot_first,0.936316
C:\My_Project\AIGC\AIGuard\unseen\fake_679.jpg,aiguard_unseen,0.6,bottom_first,0.797822
C:\My_Project\AIGC\AIGuard\unseen\fake_679.jpg,aiguard_unseen,1.0,hot_first,0.938118
C:\My_Project\AIGC\AIGuard\unseen\fake_679.jpg,aiguard_unseen,1.0,bottom_first,0.938118
C:\My_Project\AIGC\AIGuard\unseen\fake_680.jpg,aiguard_unseen,0.05,hot_first,0.920591
C:\My_Project\AIGC\AIGuard\unseen\fake_680.jpg,aiguard_unseen,0.05,bottom_first,0.876334
C:\My_Project\AIGC\AIGuard\unseen\fake_680.jpg,aiguard_unseen,0.1,hot_first,0.917576
C:\My_Project\AIGC\AIGuard\unseen\fake_680.jpg,aiguard_unseen,0.1,bottom_first,0.864214
C:\My_Project\AIGC\AIGuard\unseen\fake_680.jpg,aiguard_unseen,0.2,hot_first,0.929023
C:\My_Project\AIGC\AIGuard\unseen\fake_680.jpg,aiguard_unseen,0.2,bottom_first,0.855443
C:\My_Project\AIGC\AIGuard\unseen\fake_680.jpg,aiguard_unseen,0.4,hot_first,0.940355
C:\My_Project\AIGC\AIGuard\unseen\fake_680.jpg,aiguard_unseen,0.4,bottom_first,0.821334
C:\My_Project\AIGC\AIGuard\unseen\fake_680.jpg,aiguard_unseen,0.6,hot_first,0.919925
C:\My_Project\AIGC\AIGuard\unseen\fake_680.jpg,aiguard_unseen,0.6,bottom_first,0.677356
C:\My_Project\AIGC\AIGuard\unseen\fake_680.jpg,aiguard_unseen,1.0,hot_first,0.92083
C:\My_Project\AIGC\AIGuard\unseen\fake_680.jpg,aiguard_unseen,1.0,bottom_first,0.92083
C:\My_Project\AIGC\AIGuard\unseen\fake_687.jpg,aiguard_unseen,0.05,hot_first,0.921708
C:\My_Project\AIGC\AIGuard\unseen\fake_687.jpg,aiguard_unseen,0.05,bottom_first,0.887717
C:\My_Project\AIGC\AIGuard\unseen\fake_687.jpg,aiguard_unseen,0.1,hot_first,0.923841
C:\My_Project\AIGC\AIGuard\unseen\fake_687.jpg,aiguard_unseen,0.1,bottom_first,0.888852
C:\My_Project\AIGC\AIGuard\unseen\fake_687.jpg,aiguard_unseen,0.2,hot_first,0.934562
C:\My_Project\AIGC\AIGuard\unseen\fake_687.jpg,aiguard_unseen,0.2,bottom_first,0.865406
C:\My_Project\AIGC\AIGuard\unseen\fake_687.jpg,aiguard_unseen,0.4,hot_first,0.940955
C:\My_Project\AIGC\AIGuard\unseen\fake_687.jpg,aiguard_unseen,0.4,bottom_first,0.751665
C:\My_Project\AIGC\AIGuard\unseen\fake_687.jpg,aiguard_unseen,0.6,hot_first,0.928703
C:\My_Project\AIGC\AIGuard\unseen\fake_687.jpg,aiguard_unseen,0.6,bottom_first,0.61484
C:\My_Project\AIGC\AIGuard\unseen\fake_687.jpg,aiguard_unseen,1.0,hot_first,0.921807
C:\My_Project\AIGC\AIGuard\unseen\fake_687.jpg,aiguard_unseen,1.0,bottom_first,0.921807
C:\My_Project\AIGC\stylegan2_test\fake\0YYEKMF3GY.jpg,stylegan2_ood,0.05,hot_first,0.929319
C:\My_Project\AIGC\stylegan2_test\fake\0YYEKMF3GY.jpg,stylegan2_ood,0.05,bottom_first,0.882741
C:\My_Project\AIGC\stylegan2_test\fake\0YYEKMF3GY.jpg,stylegan2_ood,0.1,hot_first,0.927553
C:\My_Project\AIGC\stylegan2_test\fake\0YYEKMF3GY.jpg,stylegan2_ood,0.1,bottom_first,0.88441
C:\My_Project\AIGC\stylegan2_test\fake\0YYEKMF3GY.jpg,stylegan2_ood,0.2,hot_first,0.930797
C:\My_Project\AIGC\stylegan2_test\fake\0YYEKMF3GY.jpg,stylegan2_ood,0.2,bottom_first,0.874357
C:\My_Project\AIGC\stylegan2_test\fake\0YYEKMF3GY.jpg,stylegan2_ood,0.4,hot_first,0.939101
C:\My_Project\AIGC\stylegan2_test\fake\0YYEKMF3GY.jpg,stylegan2_ood,0.4,bottom_first,0.869026
C:\My_Project\AIGC\stylegan2_test\fake\0YYEKMF3GY.jpg,stylegan2_ood,0.6,hot_first,0.935972
C:\My_Project\AIGC\stylegan2_test\fake\0YYEKMF3GY.jpg,stylegan2_ood,0.6,bottom_first,0.791403
C:\My_Project\AIGC\stylegan2_test\fake\0YYEKMF3GY.jpg,stylegan2_ood,1.0,hot_first,0.93094
C:\My_Project\AIGC\stylegan2_test\fake\0YYEKMF3GY.jpg,stylegan2_ood,1.0,bottom_first,0.93094
C:\My_Project\AIGC\stylegan2_test\fake\30PIZ1A6JA.jpg,stylegan2_ood,0.05,hot_first,0.928168
C:\My_Project\AIGC\stylegan2_test\fake\30PIZ1A6JA.jpg,stylegan2_ood,0.05,bottom_first,0.913965
C:\My_Project\AIGC\stylegan2_test\fake\30PIZ1A6JA.jpg,stylegan2_ood,0.1,hot_first,0.928162
C:\My_Project\AIGC\stylegan2_test\fake\30PIZ1A6JA.jpg,stylegan2_ood,0.1,bottom_first,0.901517
C:\My_Project\AIGC\stylegan2_test\fake\30PIZ1A6JA.jpg,stylegan2_ood,0.2,hot_first,0.92767
C:\My_Project\AIGC\stylegan2_test\fake\30PIZ1A6JA.jpg,stylegan2_ood,0.2,bottom_first,0.881348
C:\My_Project\AIGC\stylegan2_test\fake\30PIZ1A6JA.jpg,stylegan2_ood,0.4,hot_first,0.934511
C:\My_Project\AIGC\stylegan2_test\fake\30PIZ1A6JA.jpg,stylegan2_ood,0.4,bottom_first,0.859152
C:\My_Project\AIGC\stylegan2_test\fake\30PIZ1A6JA.jpg,stylegan2_ood,0.6,hot_first,0.933922
C:\My_Project\AIGC\stylegan2_test\fake\30PIZ1A6JA.jpg,stylegan2_ood,0.6,bottom_first,0.742624
C:\My_Project\AIGC\stylegan2_test\fake\30PIZ1A6JA.jpg,stylegan2_ood,1.0,hot_first,0.909564
C:\My_Project\AIGC\stylegan2_test\fake\30PIZ1A6JA.jpg,stylegan2_ood,1.0,bottom_first,0.909564
C:\My_Project\AIGC\stylegan2_test\fake\30YAI4JQ1J.jpg,stylegan2_ood,0.05,hot_first,0.924722
C:\My_Project\AIGC\stylegan2_test\fake\30YAI4JQ1J.jpg,stylegan2_ood,0.05,bottom_first,0.909883
C:\My_Project\AIGC\stylegan2_test\fake\30YAI4JQ1J.jpg,stylegan2_ood,0.1,hot_first,0.920997
C:\My_Project\AIGC\stylegan2_test\fake\30YAI4JQ1J.jpg,stylegan2_ood,0.1,bottom_first,0.906009
C:\My_Project\AIGC\stylegan2_test\fake\30YAI4JQ1J.jpg,stylegan2_ood,0.2,hot_first,0.931916
C:\My_Project\AIGC\stylegan2_test\fake\30YAI4JQ1J.jpg,stylegan2_ood,0.2,bottom_first,0.894215
C:\My_Project\AIGC\stylegan2_test\fake\30YAI4JQ1J.jpg,stylegan2_ood,0.4,hot_first,0.942619
C:\My_Project\AIGC\stylegan2_test\fake\30YAI4JQ1J.jpg,stylegan2_ood,0.4,bottom_first,0.849859
C:\My_Project\AIGC\stylegan2_test\fake\30YAI4JQ1J.jpg,stylegan2_ood,0.6,hot_first,0.938297
C:\My_Project\AIGC\stylegan2_test\fake\30YAI4JQ1J.jpg,stylegan2_ood,0.6,bottom_first,0.736576
C:\My_Project\AIGC\stylegan2_test\fake\30YAI4JQ1J.jpg,stylegan2_ood,1.0,hot_first,0.935928
C:\My_Project\AIGC\stylegan2_test\fake\30YAI4JQ1J.jpg,stylegan2_ood,1.0,bottom_first,0.935928
C:\My_Project\AIGC\stylegan2_test\fake\3OCXA03C1S.jpg,stylegan2_ood,0.05,hot_first,0.930633
C:\My_Project\AIGC\stylegan2_test\fake\3OCXA03C1S.jpg,stylegan2_ood,0.05,bottom_first,0.867028
C:\My_Project\AIGC\stylegan2_test\fake\3OCXA03C1S.jpg,stylegan2_ood,0.1,hot_first,0.926436
C:\My_Project\AIGC\stylegan2_test\fake\3OCXA03C1S.jpg,stylegan2_ood,0.1,bottom_first,0.83609
C:\My_Project\AIGC\stylegan2_test\fake\3OCXA03C1S.jpg,stylegan2_ood,0.2,hot_first,0.925632
C:\My_Project\AIGC\stylegan2_test\fake\3OCXA03C1S.jpg,stylegan2_ood,0.2,bottom_first,0.787477
C:\My_Project\AIGC\stylegan2_test\fake\3OCXA03C1S.jpg,stylegan2_ood,0.4,hot_first,0.944543
C:\My_Project\AIGC\stylegan2_test\fake\3OCXA03C1S.jpg,stylegan2_ood,0.4,bottom_first,0.711621
C:\My_Project\AIGC\stylegan2_test\fake\3OCXA03C1S.jpg,stylegan2_ood,0.6,hot_first,0.920074
C:\My_Project\AIGC\stylegan2_test\fake\3OCXA03C1S.jpg,stylegan2_ood,0.6,bottom_first,0.299507
C:\My_Project\AIGC\stylegan2_test\fake\3OCXA03C1S.jpg,stylegan2_ood,1.0,hot_first,0.905022
C:\My_Project\AIGC\stylegan2_test\fake\3OCXA03C1S.jpg,stylegan2_ood,1.0,bottom_first,0.905022
C:\My_Project\AIGC\stylegan2_test\fake\3YWOYM1KIG.jpg,stylegan2_ood,0.05,hot_first,0.909701
C:\My_Project\AIGC\stylegan2_test\fake\3YWOYM1KIG.jpg,stylegan2_ood,0.05,bottom_first,0.900417
C:\My_Project\AIGC\stylegan2_test\fake\3YWOYM1KIG.jpg,stylegan2_ood,0.1,hot_first,0.906552
C:\My_Project\AIGC\stylegan2_test\fake\3YWOYM1KIG.jpg,stylegan2_ood,0.1,bottom_first,0.897971
C:\My_Project\AIGC\stylegan2_test\fake\3YWOYM1KIG.jpg,stylegan2_ood,0.2,hot_first,0.920281
C:\My_Project\AIGC\stylegan2_test\fake\3YWOYM1KIG.jpg,stylegan2_ood,0.2,bottom_first,0.869829
C:\My_Project\AIGC\stylegan2_test\fake\3YWOYM1KIG.jpg,stylegan2_ood,0.4,hot_first,0.907513
C:\My_Project\AIGC\stylegan2_test\fake\3YWOYM1KIG.jpg,stylegan2_ood,0.4,bottom_first,0.822697
C:\My_Project\AIGC\stylegan2_test\fake\3YWOYM1KIG.jpg,stylegan2_ood,0.6,hot_first,0.905155
C:\My_Project\AIGC\stylegan2_test\fake\3YWOYM1KIG.jpg,stylegan2_ood,0.6,bottom_first,0.623534
C:\My_Project\AIGC\stylegan2_test\fake\3YWOYM1KIG.jpg,stylegan2_ood,1.0,hot_first,0.913203
C:\My_Project\AIGC\stylegan2_test\fake\3YWOYM1KIG.jpg,stylegan2_ood,1.0,bottom_first,0.913203
C:\My_Project\AIGC\stylegan2_test\fake\5SI1CK8UC0.jpg,stylegan2_ood,0.05,hot_first,0.931167
C:\My_Project\AIGC\stylegan2_test\fake\5SI1CK8UC0.jpg,stylegan2_ood,0.05,bottom_first,0.898025
C:\My_Project\AIGC\stylegan2_test\fake\5SI1CK8UC0.jpg,stylegan2_ood,0.1,hot_first,0.923242
C:\My_Project\AIGC\stylegan2_test\fake\5SI1CK8UC0.jpg,stylegan2_ood,0.1,bottom_first,0.885445
C:\My_Project\AIGC\stylegan2_test\fake\5SI1CK8UC0.jpg,stylegan2_ood,0.2,hot_first,0.928197
C:\My_Project\AIGC\stylegan2_test\fake\5SI1CK8UC0.jpg,stylegan2_ood,0.2,bottom_first,0.865577
C:\My_Project\AIGC\stylegan2_test\fake\5SI1CK8UC0.jpg,stylegan2_ood,0.4,hot_first,0.946259
C:\My_Project\AIGC\stylegan2_test\fake\5SI1CK8UC0.jpg,stylegan2_ood,0.4,bottom_first,0.839317
C:\My_Project\AIGC\stylegan2_test\fake\5SI1CK8UC0.jpg,stylegan2_ood,0.6,hot_first,0.934725
C:\My_Project\AIGC\stylegan2_test\fake\5SI1CK8UC0.jpg,stylegan2_ood,0.6,bottom_first,0.650158
C:\My_Project\AIGC\stylegan2_test\fake\5SI1CK8UC0.jpg,stylegan2_ood,1.0,hot_first,0.926091
C:\My_Project\AIGC\stylegan2_test\fake\5SI1CK8UC0.jpg,stylegan2_ood,1.0,bottom_first,0.926091
C:\My_Project\AIGC\stylegan2_test\fake\5W7U58MW2L.jpg,stylegan2_ood,0.05,hot_first,0.921431
C:\My_Project\AIGC\stylegan2_test\fake\5W7U58MW2L.jpg,stylegan2_ood,0.05,bottom_first,0.88194
C:\My_Project\AIGC\stylegan2_test\fake\5W7U58MW2L.jpg,stylegan2_ood,0.1,hot_first,0.926817
C:\My_Project\AIGC\stylegan2_test\fake\5W7U58MW2L.jpg,stylegan2_ood,0.1,bottom_first,0.863711
C:\My_Project\AIGC\stylegan2_test\fake\5W7U58MW2L.jpg,stylegan2_ood,0.2,hot_first,0.934367
C:\My_Project\AIGC\stylegan2_test\fake\5W7U58MW2L.jpg,stylegan2_ood,0.2,bottom_first,0.828866
C:\My_Project\AIGC\stylegan2_test\fake\5W7U58MW2L.jpg,stylegan2_ood,0.4,hot_first,0.926971
C:\My_Project\AIGC\stylegan2_test\fake\5W7U58MW2L.jpg,stylegan2_ood,0.4,bottom_first,0.79622
C:\My_Project\AIGC\stylegan2_test\fake\5W7U58MW2L.jpg,stylegan2_ood,0.6,hot_first,0.914682
C:\My_Project\AIGC\stylegan2_test\fake\5W7U58MW2L.jpg,stylegan2_ood,0.6,bottom_first,0.516667
C:\My_Project\AIGC\stylegan2_test\fake\5W7U58MW2L.jpg,stylegan2_ood,1.0,hot_first,0.923658
C:\My_Project\AIGC\stylegan2_test\fake\5W7U58MW2L.jpg,stylegan2_ood,1.0,bottom_first,0.923658
C:\My_Project\AIGC\stylegan2_test\fake\68ZWU9N0A4.jpg,stylegan2_ood,0.05,hot_first,0.922971
C:\My_Project\AIGC\stylegan2_test\fake\68ZWU9N0A4.jpg,stylegan2_ood,0.05,bottom_first,0.890763
C:\My_Project\AIGC\stylegan2_test\fake\68ZWU9N0A4.jpg,stylegan2_ood,0.1,hot_first,0.924881
C:\My_Project\AIGC\stylegan2_test\fake\68ZWU9N0A4.jpg,stylegan2_ood,0.1,bottom_first,0.901947
C:\My_Project\AIGC\stylegan2_test\fake\68ZWU9N0A4.jpg,stylegan2_ood,0.2,hot_first,0.933565
C:\My_Project\AIGC\stylegan2_test\fake\68ZWU9N0A4.jpg,stylegan2_ood,0.2,bottom_first,0.884116
C:\My_Project\AIGC\stylegan2_test\fake\68ZWU9N0A4.jpg,stylegan2_ood,0.4,hot_first,0.942413
C:\My_Project\AIGC\stylegan2_test\fake\68ZWU9N0A4.jpg,stylegan2_ood,0.4,bottom_first,0.858478
C:\My_Project\AIGC\stylegan2_test\fake\68ZWU9N0A4.jpg,stylegan2_ood,0.6,hot_first,0.933342
C:\My_Project\AIGC\stylegan2_test\fake\68ZWU9N0A4.jpg,stylegan2_ood,0.6,bottom_first,0.794588
C:\My_Project\AIGC\stylegan2_test\fake\68ZWU9N0A4.jpg,stylegan2_ood,1.0,hot_first,0.933984
C:\My_Project\AIGC\stylegan2_test\fake\68ZWU9N0A4.jpg,stylegan2_ood,1.0,bottom_first,0.933984
C:\My_Project\AIGC\stylegan2_test\fake\6LKRPM42GN.jpg,stylegan2_ood,0.05,hot_first,0.933475
C:\My_Project\AIGC\stylegan2_test\fake\6LKRPM42GN.jpg,stylegan2_ood,0.05,bottom_first,0.917883
C:\My_Project\AIGC\stylegan2_test\fake\6LKRPM42GN.jpg,stylegan2_ood,0.1,hot_first,0.936291
C:\My_Project\AIGC\stylegan2_test\fake\6LKRPM42GN.jpg,stylegan2_ood,0.1,bottom_first,0.909927
C:\My_Project\AIGC\stylegan2_test\fake\6LKRPM42GN.jpg,stylegan2_ood,0.2,hot_first,0.940516
C:\My_Project\AIGC\stylegan2_test\fake\6LKRPM42GN.jpg,stylegan2_ood,0.2,bottom_first,0.901465
C:\My_Project\AIGC\stylegan2_test\fake\6LKRPM42GN.jpg,stylegan2_ood,0.4,hot_first,0.945173
C:\My_Project\AIGC\stylegan2_test\fake\6LKRPM42GN.jpg,stylegan2_ood,0.4,bottom_first,0.881717
C:\My_Project\AIGC\stylegan2_test\fake\6LKRPM42GN.jpg,stylegan2_ood,0.6,hot_first,0.939312
C:\My_Project\AIGC\stylegan2_test\fake\6LKRPM42GN.jpg,stylegan2_ood,0.6,bottom_first,0.755765
C:\My_Project\AIGC\stylegan2_test\fake\6LKRPM42GN.jpg,stylegan2_ood,1.0,hot_first,0.936763
C:\My_Project\AIGC\stylegan2_test\fake\6LKRPM42GN.jpg,stylegan2_ood,1.0,bottom_first,0.936763
C:\My_Project\AIGC\stylegan2_test\fake\6V7NTIPR9L.jpg,stylegan2_ood,0.05,hot_first,0.940072
C:\My_Project\AIGC\stylegan2_test\fake\6V7NTIPR9L.jpg,stylegan2_ood,0.05,bottom_first,0.929368
C:\My_Project\AIGC\stylegan2_test\fake\6V7NTIPR9L.jpg,stylegan2_ood,0.1,hot_first,0.935861
C:\My_Project\AIGC\stylegan2_test\fake\6V7NTIPR9L.jpg,stylegan2_ood,0.1,bottom_first,0.927962
C:\My_Project\AIGC\stylegan2_test\fake\6V7NTIPR9L.jpg,stylegan2_ood,0.2,hot_first,0.9385
C:\My_Project\AIGC\stylegan2_test\fake\6V7NTIPR9L.jpg,stylegan2_ood,0.2,bottom_first,0.91264
C:\My_Project\AIGC\stylegan2_test\fake\6V7NTIPR9L.jpg,stylegan2_ood,0.4,hot_first,0.946336
C:\My_Project\AIGC\stylegan2_test\fake\6V7NTIPR9L.jpg,stylegan2_ood,0.4,bottom_first,0.888457
C:\My_Project\AIGC\stylegan2_test\fake\6V7NTIPR9L.jpg,stylegan2_ood,0.6,hot_first,0.937893
C:\My_Project\AIGC\stylegan2_test\fake\6V7NTIPR9L.jpg,stylegan2_ood,0.6,bottom_first,0.740685
C:\My_Project\AIGC\stylegan2_test\fake\6V7NTIPR9L.jpg,stylegan2_ood,1.0,hot_first,0.93695
C:\My_Project\AIGC\stylegan2_test\fake\6V7NTIPR9L.jpg,stylegan2_ood,1.0,bottom_first,0.93695
C:\My_Project\AIGC\stylegan2_test\fake\74WMVN57OA.jpg,stylegan2_ood,0.05,hot_first,0.923903
C:\My_Project\AIGC\stylegan2_test\fake\74WMVN57OA.jpg,stylegan2_ood,0.05,bottom_first,0.898151
C:\My_Project\AIGC\stylegan2_test\fake\74WMVN57OA.jpg,stylegan2_ood,0.1,hot_first,0.922401
C:\My_Project\AIGC\stylegan2_test\fake\74WMVN57OA.jpg,stylegan2_ood,0.1,bottom_first,0.889519
C:\My_Project\AIGC\stylegan2_test\fake\74WMVN57OA.jpg,stylegan2_ood,0.2,hot_first,0.923317
C:\My_Project\AIGC\stylegan2_test\fake\74WMVN57OA.jpg,stylegan2_ood,0.2,bottom_first,0.860075
C:\My_Project\AIGC\stylegan2_test\fake\74WMVN57OA.jpg,stylegan2_ood,0.4,hot_first,0.936649
C:\My_Project\AIGC\stylegan2_test\fake\74WMVN57OA.jpg,stylegan2_ood,0.4,bottom_first,0.81659
C:\My_Project\AIGC\stylegan2_test\fake\74WMVN57OA.jpg,stylegan2_ood,0.6,hot_first,0.916912
C:\My_Project\AIGC\stylegan2_test\fake\74WMVN57OA.jpg,stylegan2_ood,0.6,bottom_first,0.558284
C:\My_Project\AIGC\stylegan2_test\fake\74WMVN57OA.jpg,stylegan2_ood,1.0,hot_first,0.912843
C:\My_Project\AIGC\stylegan2_test\fake\74WMVN57OA.jpg,stylegan2_ood,1.0,bottom_first,0.912843
C:\My_Project\AIGC\stylegan2_test\fake\78X3XXVFDY.jpg,stylegan2_ood,0.05,hot_first,0.920072
C:\My_Project\AIGC\stylegan2_test\fake\78X3XXVFDY.jpg,stylegan2_ood,0.05,bottom_first,0.897459
C:\My_Project\AIGC\stylegan2_test\fake\78X3XXVFDY.jpg,stylegan2_ood,0.1,hot_first,0.927561
C:\My_Project\AIGC\stylegan2_test\fake\78X3XXVFDY.jpg,stylegan2_ood,0.1,bottom_first,0.89396
C:\My_Project\AIGC\stylegan2_test\fake\78X3XXVFDY.jpg,stylegan2_ood,0.2,hot_first,0.924958
C:\My_Project\AIGC\stylegan2_test\fake\78X3XXVFDY.jpg,stylegan2_ood,0.2,bottom_first,0.894677
C:\My_Project\AIGC\stylegan2_test\fake\78X3XXVFDY.jpg,stylegan2_ood,0.4,hot_first,0.930325
C:\My_Project\AIGC\stylegan2_test\fake\78X3XXVFDY.jpg,stylegan2_ood,0.4,bottom_first,0.895754
C:\My_Project\AIGC\stylegan2_test\fake\78X3XXVFDY.jpg,stylegan2_ood,0.6,hot_first,0.924857
C:\My_Project\AIGC\stylegan2_test\fake\78X3XXVFDY.jpg,stylegan2_ood,0.6,bottom_first,0.773666
C:\My_Project\AIGC\stylegan2_test\fake\78X3XXVFDY.jpg,stylegan2_ood,1.0,hot_first,0.926237
C:\My_Project\AIGC\stylegan2_test\fake\78X3XXVFDY.jpg,stylegan2_ood,1.0,bottom_first,0.926237
C:\My_Project\AIGC\stylegan2_test\fake\7BJI9BOS7B.jpg,stylegan2_ood,0.05,hot_first,0.945077
C:\My_Project\AIGC\stylegan2_test\fake\7BJI9BOS7B.jpg,stylegan2_ood,0.05,bottom_first,0.924431
C:\My_Project\AIGC\stylegan2_test\fake\7BJI9BOS7B.jpg,stylegan2_ood,0.1,hot_first,0.946021
C:\My_Project\AIGC\stylegan2_test\fake\7BJI9BOS7B.jpg,stylegan2_ood,0.1,bottom_first,0.92121
C:\My_Project\AIGC\stylegan2_test\fake\7BJI9BOS7B.jpg,stylegan2_ood,0.2,hot_first,0.947608
C:\My_Project\AIGC\stylegan2_test\fake\7BJI9BOS7B.jpg,stylegan2_ood,0.2,bottom_first,0.924414
C:\My_Project\AIGC\stylegan2_test\fake\7BJI9BOS7B.jpg,stylegan2_ood,0.4,hot_first,0.940671
C:\My_Project\AIGC\stylegan2_test\fake\7BJI9BOS7B.jpg,stylegan2_ood,0.4,bottom_first,0.913915
C:\My_Project\AIGC\stylegan2_test\fake\7BJI9BOS7B.jpg,stylegan2_ood,0.6,hot_first,0.937701
C:\My_Project\AIGC\stylegan2_test\fake\7BJI9BOS7B.jpg,stylegan2_ood,0.6,bottom_first,0.861684
C:\My_Project\AIGC\stylegan2_test\fake\7BJI9BOS7B.jpg,stylegan2_ood,1.0,hot_first,0.930975
C:\My_Project\AIGC\stylegan2_test\fake\7BJI9BOS7B.jpg,stylegan2_ood,1.0,bottom_first,0.930975
C:\My_Project\AIGC\stylegan2_test\fake\7DNN5FXAB5.jpg,stylegan2_ood,0.05,hot_first,0.928345
C:\My_Project\AIGC\stylegan2_test\fake\7DNN5FXAB5.jpg,stylegan2_ood,0.05,bottom_first,0.897253
C:\My_Project\AIGC\stylegan2_test\fake\7DNN5FXAB5.jpg,stylegan2_ood,0.1,hot_first,0.930045
C:\My_Project\AIGC\stylegan2_test\fake\7DNN5FXAB5.jpg,stylegan2_ood,0.1,bottom_first,0.877264
C:\My_Project\AIGC\stylegan2_test\fake\7DNN5FXAB5.jpg,stylegan2_ood,0.2,hot_first,0.932327
C:\My_Project\AIGC\stylegan2_test\fake\7DNN5FXAB5.jpg,stylegan2_ood,0.2,bottom_first,0.837206
C:\My_Project\AIGC\stylegan2_test\fake\7DNN5FXAB5.jpg,stylegan2_ood,0.4,hot_first,0.928392
C:\My_Project\AIGC\stylegan2_test\fake\7DNN5FXAB5.jpg,stylegan2_ood,0.4,bottom_first,0.855077
C:\My_Project\AIGC\stylegan2_test\fake\7DNN5FXAB5.jpg,stylegan2_ood,0.6,hot_first,0.921667
C:\My_Project\AIGC\stylegan2_test\fake\7DNN5FXAB5.jpg,stylegan2_ood,0.6,bottom_first,0.679363
C:\My_Project\AIGC\stylegan2_test\fake\7DNN5FXAB5.jpg,stylegan2_ood,1.0,hot_first,0.916967
C:\My_Project\AIGC\stylegan2_test\fake\7DNN5FXAB5.jpg,stylegan2_ood,1.0,bottom_first,0.916967
C:\My_Project\AIGC\stylegan2_test\fake\7XHLCD0DVI.jpg,stylegan2_ood,0.05,hot_first,0.928567
C:\My_Project\AIGC\stylegan2_test\fake\7XHLCD0DVI.jpg,stylegan2_ood,0.05,bottom_first,0.893621
C:\My_Project\AIGC\stylegan2_test\fake\7XHLCD0DVI.jpg,stylegan2_ood,0.1,hot_first,0.926803
C:\My_Project\AIGC\stylegan2_test\fake\7XHLCD0DVI.jpg,stylegan2_ood,0.1,bottom_first,0.874012
C:\My_Project\AIGC\stylegan2_test\fake\7XHLCD0DVI.jpg,stylegan2_ood,0.2,hot_first,0.929178
C:\My_Project\AIGC\stylegan2_test\fake\7XHLCD0DVI.jpg,stylegan2_ood,0.2,bottom_first,0.864161
C:\My_Project\AIGC\stylegan2_test\fake\7XHLCD0DVI.jpg,stylegan2_ood,0.4,hot_first,0.937489
C:\My_Project\AIGC\stylegan2_test\fake\7XHLCD0DVI.jpg,stylegan2_ood,0.4,bottom_first,0.835173
C:\My_Project\AIGC\stylegan2_test\fake\7XHLCD0DVI.jpg,stylegan2_ood,0.6,hot_first,0.92545
C:\My_Project\AIGC\stylegan2_test\fake\7XHLCD0DVI.jpg,stylegan2_ood,0.6,bottom_first,0.677693
C:\My_Project\AIGC\stylegan2_test\fake\7XHLCD0DVI.jpg,stylegan2_ood,1.0,hot_first,0.919153
C:\My_Project\AIGC\stylegan2_test\fake\7XHLCD0DVI.jpg,stylegan2_ood,1.0,bottom_first,0.919153
C:\My_Project\AIGC\stylegan2_test\fake\8K0CSLCSLO.jpg,stylegan2_ood,0.05,hot_first,0.927452
C:\My_Project\AIGC\stylegan2_test\fake\8K0CSLCSLO.jpg,stylegan2_ood,0.05,bottom_first,0.898968
C:\My_Project\AIGC\stylegan2_test\fake\8K0CSLCSLO.jpg,stylegan2_ood,0.1,hot_first,0.923244
C:\My_Project\AIGC\stylegan2_test\fake\8K0CSLCSLO.jpg,stylegan2_ood,0.1,bottom_first,0.895983
C:\My_Project\AIGC\stylegan2_test\fake\8K0CSLCSLO.jpg,stylegan2_ood,0.2,hot_first,0.934515
C:\My_Project\AIGC\stylegan2_test\fake\8K0CSLCSLO.jpg,stylegan2_ood,0.2,bottom_first,0.86307
C:\My_Project\AIGC\stylegan2_test\fake\8K0CSLCSLO.jpg,stylegan2_ood,0.4,hot_first,0.939063
C:\My_Project\AIGC\stylegan2_test\fake\8K0CSLCSLO.jpg,stylegan2_ood,0.4,bottom_first,0.857076
C:\My_Project\AIGC\stylegan2_test\fake\8K0CSLCSLO.jpg,stylegan2_ood,0.6,hot_first,0.925338
C:\My_Project\AIGC\stylegan2_test\fake\8K0CSLCSLO.jpg,stylegan2_ood,0.6,bottom_first,0.815074
C:\My_Project\AIGC\stylegan2_test\fake\8K0CSLCSLO.jpg,stylegan2_ood,1.0,hot_first,0.929137
C:\My_Project\AIGC\stylegan2_test\fake\8K0CSLCSLO.jpg,stylegan2_ood,1.0,bottom_first,0.929137
C:\My_Project\AIGC\stylegan2_test\fake\98O660FSWQ.jpg,stylegan2_ood,0.05,hot_first,0.931289
C:\My_Project\AIGC\stylegan2_test\fake\98O660FSWQ.jpg,stylegan2_ood,0.05,bottom_first,0.912452
C:\My_Project\AIGC\stylegan2_test\fake\98O660FSWQ.jpg,stylegan2_ood,0.1,hot_first,0.937325
C:\My_Project\AIGC\stylegan2_test\fake\98O660FSWQ.jpg,stylegan2_ood,0.1,bottom_first,0.911046
C:\My_Project\AIGC\stylegan2_test\fake\98O660FSWQ.jpg,stylegan2_ood,0.2,hot_first,0.938443
C:\My_Project\AIGC\stylegan2_test\fake\98O660FSWQ.jpg,stylegan2_ood,0.2,bottom_first,0.897784
C:\My_Project\AIGC\stylegan2_test\fake\98O660FSWQ.jpg,stylegan2_ood,0.4,hot_first,0.935647
C:\My_Project\AIGC\stylegan2_test\fake\98O660FSWQ.jpg,stylegan2_ood,0.4,bottom_first,0.804597
C:\My_Project\AIGC\stylegan2_test\fake\98O660FSWQ.jpg,stylegan2_ood,0.6,hot_first,0.932227
C:\My_Project\AIGC\stylegan2_test\fake\98O660FSWQ.jpg,stylegan2_ood,0.6,bottom_first,0.598227
C:\My_Project\AIGC\stylegan2_test\fake\98O660FSWQ.jpg,stylegan2_ood,1.0,hot_first,0.928321
C:\My_Project\AIGC\stylegan2_test\fake\98O660FSWQ.jpg,stylegan2_ood,1.0,bottom_first,0.928321
C:\My_Project\AIGC\stylegan2_test\fake\9CT9CLIOZH.jpg,stylegan2_ood,0.05,hot_first,0.933617
C:\My_Project\AIGC\stylegan2_test\fake\9CT9CLIOZH.jpg,stylegan2_ood,0.05,bottom_first,0.90577
C:\My_Project\AIGC\stylegan2_test\fake\9CT9CLIOZH.jpg,stylegan2_ood,0.1,hot_first,0.932535
C:\My_Project\AIGC\stylegan2_test\fake\9CT9CLIOZH.jpg,stylegan2_ood,0.1,bottom_first,0.892475
C:\My_Project\AIGC\stylegan2_test\fake\9CT9CLIOZH.jpg,stylegan2_ood,0.2,hot_first,0.946153
C:\My_Project\AIGC\stylegan2_test\fake\9CT9CLIOZH.jpg,stylegan2_ood,0.2,bottom_first,0.875287
C:\My_Project\AIGC\stylegan2_test\fake\9CT9CLIOZH.jpg,stylegan2_ood,0.4,hot_first,0.948533
C:\My_Project\AIGC\stylegan2_test\fake\9CT9CLIOZH.jpg,stylegan2_ood,0.4,bottom_first,0.879335
C:\My_Project\AIGC\stylegan2_test\fake\9CT9CLIOZH.jpg,stylegan2_ood,0.6,hot_first,0.943812
C:\My_Project\AIGC\stylegan2_test\fake\9CT9CLIOZH.jpg,stylegan2_ood,0.6,bottom_first,0.753476
C:\My_Project\AIGC\stylegan2_test\fake\9CT9CLIOZH.jpg,stylegan2_ood,1.0,hot_first,0.93662
C:\My_Project\AIGC\stylegan2_test\fake\9CT9CLIOZH.jpg,stylegan2_ood,1.0,bottom_first,0.93662
C:\My_Project\AIGC\stylegan2_test\fake\9YLX05B7V1.jpg,stylegan2_ood,0.05,hot_first,0.932942
C:\My_Project\AIGC\stylegan2_test\fake\9YLX05B7V1.jpg,stylegan2_ood,0.05,bottom_first,0.886567
C:\My_Project\AIGC\stylegan2_test\fake\9YLX05B7V1.jpg,stylegan2_ood,0.1,hot_first,0.937999
C:\My_Project\AIGC\stylegan2_test\fake\9YLX05B7V1.jpg,stylegan2_ood,0.1,bottom_first,0.876672
C:\My_Project\AIGC\stylegan2_test\fake\9YLX05B7V1.jpg,stylegan2_ood,0.2,hot_first,0.942433
C:\My_Project\AIGC\stylegan2_test\fake\9YLX05B7V1.jpg,stylegan2_ood,0.2,bottom_first,0.883103
C:\My_Project\AIGC\stylegan2_test\fake\9YLX05B7V1.jpg,stylegan2_ood,0.4,hot_first,0.945489
C:\My_Project\AIGC\stylegan2_test\fake\9YLX05B7V1.jpg,stylegan2_ood,0.4,bottom_first,0.837713
C:\My_Project\AIGC\stylegan2_test\fake\9YLX05B7V1.jpg,stylegan2_ood,0.6,hot_first,0.940509
C:\My_Project\AIGC\stylegan2_test\fake\9YLX05B7V1.jpg,stylegan2_ood,0.6,bottom_first,0.586666
C:\My_Project\AIGC\stylegan2_test\fake\9YLX05B7V1.jpg,stylegan2_ood,1.0,hot_first,0.928893
C:\My_Project\AIGC\stylegan2_test\fake\9YLX05B7V1.jpg,stylegan2_ood,1.0,bottom_first,0.928893
C:\My_Project\AIGC\stylegan2_test\fake\9ZB4RQT9UA.jpg,stylegan2_ood,0.05,hot_first,0.934304
C:\My_Project\AIGC\stylegan2_test\fake\9ZB4RQT9UA.jpg,stylegan2_ood,0.05,bottom_first,0.930076
C:\My_Project\AIGC\stylegan2_test\fake\9ZB4RQT9UA.jpg,stylegan2_ood,0.1,hot_first,0.934244
C:\My_Project\AIGC\stylegan2_test\fake\9ZB4RQT9UA.jpg,stylegan2_ood,0.1,bottom_first,0.928488
C:\My_Project\AIGC\stylegan2_test\fake\9ZB4RQT9UA.jpg,stylegan2_ood,0.2,hot_first,0.937345
C:\My_Project\AIGC\stylegan2_test\fake\9ZB4RQT9UA.jpg,stylegan2_ood,0.2,bottom_first,0.904813
C:\My_Project\AIGC\stylegan2_test\fake\9ZB4RQT9UA.jpg,stylegan2_ood,0.4,hot_first,0.959177
C:\My_Project\AIGC\stylegan2_test\fake\9ZB4RQT9UA.jpg,stylegan2_ood,0.4,bottom_first,0.897932
C:\My_Project\AIGC\stylegan2_test\fake\9ZB4RQT9UA.jpg,stylegan2_ood,0.6,hot_first,0.942061
C:\My_Project\AIGC\stylegan2_test\fake\9ZB4RQT9UA.jpg,stylegan2_ood,0.6,bottom_first,0.781942
C:\My_Project\AIGC\stylegan2_test\fake\9ZB4RQT9UA.jpg,stylegan2_ood,1.0,hot_first,0.925229
C:\My_Project\AIGC\stylegan2_test\fake\9ZB4RQT9UA.jpg,stylegan2_ood,1.0,bottom_first,0.925229
C:\My_Project\AIGC\stylegan2_test\fake\BXD2F7KMWA.jpg,stylegan2_ood,0.05,hot_first,0.929311
C:\My_Project\AIGC\stylegan2_test\fake\BXD2F7KMWA.jpg,stylegan2_ood,0.05,bottom_first,0.899365
C:\My_Project\AIGC\stylegan2_test\fake\BXD2F7KMWA.jpg,stylegan2_ood,0.1,hot_first,0.931049
C:\My_Project\AIGC\stylegan2_test\fake\BXD2F7KMWA.jpg,stylegan2_ood,0.1,bottom_first,0.901116
C:\My_Project\AIGC\stylegan2_test\fake\BXD2F7KMWA.jpg,stylegan2_ood,0.2,hot_first,0.932781
C:\My_Project\AIGC\stylegan2_test\fake\BXD2F7KMWA.jpg,stylegan2_ood,0.2,bottom_first,0.902466
C:\My_Project\AIGC\stylegan2_test\fake\BXD2F7KMWA.jpg,stylegan2_ood,0.4,hot_first,0.94766
C:\My_Project\AIGC\stylegan2_test\fake\BXD2F7KMWA.jpg,stylegan2_ood,0.4,bottom_first,0.898876
C:\My_Project\AIGC\stylegan2_test\fake\BXD2F7KMWA.jpg,stylegan2_ood,0.6,hot_first,0.942564
C:\My_Project\AIGC\stylegan2_test\fake\BXD2F7KMWA.jpg,stylegan2_ood,0.6,bottom_first,0.875202
C:\My_Project\AIGC\stylegan2_test\fake\BXD2F7KMWA.jpg,stylegan2_ood,1.0,hot_first,0.940789
C:\My_Project\AIGC\stylegan2_test\fake\BXD2F7KMWA.jpg,stylegan2_ood,1.0,bottom_first,0.940789
C:\My_Project\AIGC\stylegan2_test\fake\DEBW16E2CA.jpg,stylegan2_ood,0.05,hot_first,0.91399
C:\My_Project\AIGC\stylegan2_test\fake\DEBW16E2CA.jpg,stylegan2_ood,0.05,bottom_first,0.8712
C:\My_Project\AIGC\stylegan2_test\fake\DEBW16E2CA.jpg,stylegan2_ood,0.1,hot_first,0.915347
C:\My_Project\AIGC\stylegan2_test\fake\DEBW16E2CA.jpg,stylegan2_ood,0.1,bottom_first,0.840779
C:\My_Project\AIGC\stylegan2_test\fake\DEBW16E2CA.jpg,stylegan2_ood,0.2,hot_first,0.922855
C:\My_Project\AIGC\stylegan2_test\fake\DEBW16E2CA.jpg,stylegan2_ood,0.2,bottom_first,0.854289
C:\My_Project\AIGC\stylegan2_test\fake\DEBW16E2CA.jpg,stylegan2_ood,0.4,hot_first,0.936145
C:\My_Project\AIGC\stylegan2_test\fake\DEBW16E2CA.jpg,stylegan2_ood,0.4,bottom_first,0.774686
C:\My_Project\AIGC\stylegan2_test\fake\DEBW16E2CA.jpg,stylegan2_ood,0.6,hot_first,0.927302
C:\My_Project\AIGC\stylegan2_test\fake\DEBW16E2CA.jpg,stylegan2_ood,0.6,bottom_first,0.28694
C:\My_Project\AIGC\stylegan2_test\fake\DEBW16E2CA.jpg,stylegan2_ood,1.0,hot_first,0.927033
C:\My_Project\AIGC\stylegan2_test\fake\DEBW16E2CA.jpg,stylegan2_ood,1.0,bottom_first,0.927033
C:\My_Project\AIGC\stylegan2_test\fake\DXY4M1MLQ7.jpg,stylegan2_ood,0.05,hot_first,0.917931
C:\My_Project\AIGC\stylegan2_test\fake\DXY4M1MLQ7.jpg,stylegan2_ood,0.05,bottom_first,0.884447
C:\My_Project\AIGC\stylegan2_test\fake\DXY4M1MLQ7.jpg,stylegan2_ood,0.1,hot_first,0.918016
C:\My_Project\AIGC\stylegan2_test\fake\DXY4M1MLQ7.jpg,stylegan2_ood,0.1,bottom_first,0.866084
C:\My_Project\AIGC\stylegan2_test\fake\DXY4M1MLQ7.jpg,stylegan2_ood,0.2,hot_first,0.918984
C:\My_Project\AIGC\stylegan2_test\fake\DXY4M1MLQ7.jpg,stylegan2_ood,0.2,bottom_first,0.848595
C:\My_Project\AIGC\stylegan2_test\fake\DXY4M1MLQ7.jpg,stylegan2_ood,0.4,hot_first,0.934571
C:\My_Project\AIGC\stylegan2_test\fake\DXY4M1MLQ7.jpg,stylegan2_ood,0.4,bottom_first,0.846376
C:\My_Project\AIGC\stylegan2_test\fake\DXY4M1MLQ7.jpg,stylegan2_ood,0.6,hot_first,0.928152
C:\My_Project\AIGC\stylegan2_test\fake\DXY4M1MLQ7.jpg,stylegan2_ood,0.6,bottom_first,0.631161
C:\My_Project\AIGC\stylegan2_test\fake\DXY4M1MLQ7.jpg,stylegan2_ood,1.0,hot_first,0.917927
C:\My_Project\AIGC\stylegan2_test\fake\DXY4M1MLQ7.jpg,stylegan2_ood,1.0,bottom_first,0.917927
C:\My_Project\AIGC\stylegan2_test\fake\HF1JHOEIGR.jpg,stylegan2_ood,0.05,hot_first,0.90989
C:\My_Project\AIGC\stylegan2_test\fake\HF1JHOEIGR.jpg,stylegan2_ood,0.05,bottom_first,0.867774
C:\My_Project\AIGC\stylegan2_test\fake\HF1JHOEIGR.jpg,stylegan2_ood,0.1,hot_first,0.921818
C:\My_Project\AIGC\stylegan2_test\fake\HF1JHOEIGR.jpg,stylegan2_ood,0.1,bottom_first,0.866963
C:\My_Project\AIGC\stylegan2_test\fake\HF1JHOEIGR.jpg,stylegan2_ood,0.2,hot_first,0.917403
C:\My_Project\AIGC\stylegan2_test\fake\HF1JHOEIGR.jpg,stylegan2_ood,0.2,bottom_first,0.862068
C:\My_Project\AIGC\stylegan2_test\fake\HF1JHOEIGR.jpg,stylegan2_ood,0.4,hot_first,0.932675
C:\My_Project\AIGC\stylegan2_test\fake\HF1JHOEIGR.jpg,stylegan2_ood,0.4,bottom_first,0.847744
C:\My_Project\AIGC\stylegan2_test\fake\HF1JHOEIGR.jpg,stylegan2_ood,0.6,hot_first,0.927369
C:\My_Project\AIGC\stylegan2_test\fake\HF1JHOEIGR.jpg,stylegan2_ood,0.6,bottom_first,0.774083
C:\My_Project\AIGC\stylegan2_test\fake\HF1JHOEIGR.jpg,stylegan2_ood,1.0,hot_first,0.926142
C:\My_Project\AIGC\stylegan2_test\fake\HF1JHOEIGR.jpg,stylegan2_ood,1.0,bottom_first,0.926142
C:\My_Project\AIGC\stylegan2_test\fake\ID9OH4XXHX.jpg,stylegan2_ood,0.05,hot_first,0.925229
C:\My_Project\AIGC\stylegan2_test\fake\ID9OH4XXHX.jpg,stylegan2_ood,0.05,bottom_first,0.89184
C:\My_Project\AIGC\stylegan2_test\fake\ID9OH4XXHX.jpg,stylegan2_ood,0.1,hot_first,0.927623
C:\My_Project\AIGC\stylegan2_test\fake\ID9OH4XXHX.jpg,stylegan2_ood,0.1,bottom_first,0.874494
C:\My_Project\AIGC\stylegan2_test\fake\ID9OH4XXHX.jpg,stylegan2_ood,0.2,hot_first,0.940163
C:\My_Project\AIGC\stylegan2_test\fake\ID9OH4XXHX.jpg,stylegan2_ood,0.2,bottom_first,0.867846
C:\My_Project\AIGC\stylegan2_test\fake\ID9OH4XXHX.jpg,stylegan2_ood,0.4,hot_first,0.947801
C:\My_Project\AIGC\stylegan2_test\fake\ID9OH4XXHX.jpg,stylegan2_ood,0.4,bottom_first,0.83204
C:\My_Project\AIGC\stylegan2_test\fake\ID9OH4XXHX.jpg,stylegan2_ood,0.6,hot_first,0.948447
C:\My_Project\AIGC\stylegan2_test\fake\ID9OH4XXHX.jpg,stylegan2_ood,0.6,bottom_first,0.771855
C:\My_Project\AIGC\stylegan2_test\fake\ID9OH4XXHX.jpg,stylegan2_ood,1.0,hot_first,0.935726
C:\My_Project\AIGC\stylegan2_test\fake\ID9OH4XXHX.jpg,stylegan2_ood,1.0,bottom_first,0.935726
C:\My_Project\AIGC\stylegan2_test\fake\IL3PGDMOUE.jpg,stylegan2_ood,0.05,hot_first,0.912825
C:\My_Project\AIGC\stylegan2_test\fake\IL3PGDMOUE.jpg,stylegan2_ood,0.05,bottom_first,0.907414
C:\My_Project\AIGC\stylegan2_test\fake\IL3PGDMOUE.jpg,stylegan2_ood,0.1,hot_first,0.917321
C:\My_Project\AIGC\stylegan2_test\fake\IL3PGDMOUE.jpg,stylegan2_ood,0.1,bottom_first,0.906439
C:\My_Project\AIGC\stylegan2_test\fake\IL3PGDMOUE.jpg,stylegan2_ood,0.2,hot_first,0.91936
C:\My_Project\AIGC\stylegan2_test\fake\IL3PGDMOUE.jpg,stylegan2_ood,0.2,bottom_first,0.866216
C:\My_Project\AIGC\stylegan2_test\fake\IL3PGDMOUE.jpg,stylegan2_ood,0.4,hot_first,0.928132
C:\My_Project\AIGC\stylegan2_test\fake\IL3PGDMOUE.jpg,stylegan2_ood,0.4,bottom_first,0.827683
C:\My_Project\AIGC\stylegan2_test\fake\IL3PGDMOUE.jpg,stylegan2_ood,0.6,hot_first,0.915472
C:\My_Project\AIGC\stylegan2_test\fake\IL3PGDMOUE.jpg,stylegan2_ood,0.6,bottom_first,0.729437
C:\My_Project\AIGC\stylegan2_test\fake\IL3PGDMOUE.jpg,stylegan2_ood,1.0,hot_first,0.902073
C:\My_Project\AIGC\stylegan2_test\fake\IL3PGDMOUE.jpg,stylegan2_ood,1.0,bottom_first,0.902073
C:\My_Project\AIGC\stylegan2_test\fake\JU9X9WZ3B5.jpg,stylegan2_ood,0.05,hot_first,0.936114
C:\My_Project\AIGC\stylegan2_test\fake\JU9X9WZ3B5.jpg,stylegan2_ood,0.05,bottom_first,0.923024
C:\My_Project\AIGC\stylegan2_test\fake\JU9X9WZ3B5.jpg,stylegan2_ood,0.1,hot_first,0.934336
C:\My_Project\AIGC\stylegan2_test\fake\JU9X9WZ3B5.jpg,stylegan2_ood,0.1,bottom_first,0.926311
C:\My_Project\AIGC\stylegan2_test\fake\JU9X9WZ3B5.jpg,stylegan2_ood,0.2,hot_first,0.936436
C:\My_Project\AIGC\stylegan2_test\fake\JU9X9WZ3B5.jpg,stylegan2_ood,0.2,bottom_first,0.921473
C:\My_Project\AIGC\stylegan2_test\fake\JU9X9WZ3B5.jpg,stylegan2_ood,0.4,hot_first,0.957309
C:\My_Project\AIGC\stylegan2_test\fake\JU9X9WZ3B5.jpg,stylegan2_ood,0.4,bottom_first,0.922362
C:\My_Project\AIGC\stylegan2_test\fake\JU9X9WZ3B5.jpg,stylegan2_ood,0.6,hot_first,0.95694
C:\My_Project\AIGC\stylegan2_test\fake\JU9X9WZ3B5.jpg,stylegan2_ood,0.6,bottom_first,0.874347
C:\My_Project\AIGC\stylegan2_test\fake\JU9X9WZ3B5.jpg,stylegan2_ood,1.0,hot_first,0.952832
C:\My_Project\AIGC\stylegan2_test\fake\JU9X9WZ3B5.jpg,stylegan2_ood,1.0,bottom_first,0.952832
C:\My_Project\AIGC\stylegan2_test\fake\KJKLRCWBQ6.jpg,stylegan2_ood,0.05,hot_first,0.916761
C:\My_Project\AIGC\stylegan2_test\fake\KJKLRCWBQ6.jpg,stylegan2_ood,0.05,bottom_first,0.908133
C:\My_Project\AIGC\stylegan2_test\fake\KJKLRCWBQ6.jpg,stylegan2_ood,0.1,hot_first,0.918495
C:\My_Project\AIGC\stylegan2_test\fake\KJKLRCWBQ6.jpg,stylegan2_ood,0.1,bottom_first,0.898766
C:\My_Project\AIGC\stylegan2_test\fake\KJKLRCWBQ6.jpg,stylegan2_ood,0.2,hot_first,0.922367
C:\My_Project\AIGC\stylegan2_test\fake\KJKLRCWBQ6.jpg,stylegan2_ood,0.2,bottom_first,0.87482
C:\My_Project\AIGC\stylegan2_test\fake\KJKLRCWBQ6.jpg,stylegan2_ood,0.4,hot_first,0.93045
C:\My_Project\AIGC\stylegan2_test\fake\KJKLRCWBQ6.jpg,stylegan2_ood,0.4,bottom_first,0.855111
C:\My_Project\AIGC\stylegan2_test\fake\KJKLRCWBQ6.jpg,stylegan2_ood,0.6,hot_first,0.925686
C:\My_Project\AIGC\stylegan2_test\fake\KJKLRCWBQ6.jpg,stylegan2_ood,0.6,bottom_first,0.658137
C:\My_Project\AIGC\stylegan2_test\fake\KJKLRCWBQ6.jpg,stylegan2_ood,1.0,hot_first,0.915589
C:\My_Project\AIGC\stylegan2_test\fake\KJKLRCWBQ6.jpg,stylegan2_ood,1.0,bottom_first,0.915589
C:\My_Project\AIGC\stylegan2_test\fake\KVB0KGWXCI.jpg,stylegan2_ood,0.05,hot_first,0.925147
C:\My_Project\AIGC\stylegan2_test\fake\KVB0KGWXCI.jpg,stylegan2_ood,0.05,bottom_first,0.894131
C:\My_Project\AIGC\stylegan2_test\fake\KVB0KGWXCI.jpg,stylegan2_ood,0.1,hot_first,0.931577
C:\My_Project\AIGC\stylegan2_test\fake\KVB0KGWXCI.jpg,stylegan2_ood,0.1,bottom_first,0.897424
C:\My_Project\AIGC\stylegan2_test\fake\KVB0KGWXCI.jpg,stylegan2_ood,0.2,hot_first,0.934047
C:\My_Project\AIGC\stylegan2_test\fake\KVB0KGWXCI.jpg,stylegan2_ood,0.2,bottom_first,0.879288
C:\My_Project\AIGC\stylegan2_test\fake\KVB0KGWXCI.jpg,stylegan2_ood,0.4,hot_first,0.936677
C:\My_Project\AIGC\stylegan2_test\fake\KVB0KGWXCI.jpg,stylegan2_ood,0.4,bottom_first,0.854784
C:\My_Project\AIGC\stylegan2_test\fake\KVB0KGWXCI.jpg,stylegan2_ood,0.6,hot_first,0.936613
C:\My_Project\AIGC\stylegan2_test\fake\KVB0KGWXCI.jpg,stylegan2_ood,0.6,bottom_first,0.777882
C:\My_Project\AIGC\stylegan2_test\fake\KVB0KGWXCI.jpg,stylegan2_ood,1.0,hot_first,0.934668
C:\My_Project\AIGC\stylegan2_test\fake\KVB0KGWXCI.jpg,stylegan2_ood,1.0,bottom_first,0.934668
C:\My_Project\AIGC\stylegan2_test\fake\LW30200T8S.jpg,stylegan2_ood,0.05,hot_first,0.924761
C:\My_Project\AIGC\stylegan2_test\fake\LW30200T8S.jpg,stylegan2_ood,0.05,bottom_first,0.896347
C:\My_Project\AIGC\stylegan2_test\fake\LW30200T8S.jpg,stylegan2_ood,0.1,hot_first,0.923203
C:\My_Project\AIGC\stylegan2_test\fake\LW30200T8S.jpg,stylegan2_ood,0.1,bottom_first,0.858328
C:\My_Project\AIGC\stylegan2_test\fake\LW30200T8S.jpg,stylegan2_ood,0.2,hot_first,0.939859
C:\My_Project\AIGC\stylegan2_test\fake\LW30200T8S.jpg,stylegan2_ood,0.2,bottom_first,0.857862
C:\My_Project\AIGC\stylegan2_test\fake\LW30200T8S.jpg,stylegan2_ood,0.4,hot_first,0.929651
C:\My_Project\AIGC\stylegan2_test\fake\LW30200T8S.jpg,stylegan2_ood,0.4,bottom_first,0.847912
C:\My_Project\AIGC\stylegan2_test\fake\LW30200T8S.jpg,stylegan2_ood,0.6,hot_first,0.930637
C:\My_Project\AIGC\stylegan2_test\fake\LW30200T8S.jpg,stylegan2_ood,0.6,bottom_first,0.699207
C:\My_Project\AIGC\stylegan2_test\fake\LW30200T8S.jpg,stylegan2_ood,1.0,hot_first,0.920939
C:\My_Project\AIGC\stylegan2_test\fake\LW30200T8S.jpg,stylegan2_ood,1.0,bottom_first,0.920939
C:\My_Project\AIGC\stylegan2_test\fake\MGPFLAVG6M.jpg,stylegan2_ood,0.05,hot_first,0.935736
C:\My_Project\AIGC\stylegan2_test\fake\MGPFLAVG6M.jpg,stylegan2_ood,0.05,bottom_first,0.899391
C:\My_Project\AIGC\stylegan2_test\fake\MGPFLAVG6M.jpg,stylegan2_ood,0.1,hot_first,0.937596
C:\My_Project\AIGC\stylegan2_test\fake\MGPFLAVG6M.jpg,stylegan2_ood,0.1,bottom_first,0.87543
C:\My_Project\AIGC\stylegan2_test\fake\MGPFLAVG6M.jpg,stylegan2_ood,0.2,hot_first,0.945664
C:\My_Project\AIGC\stylegan2_test\fake\MGPFLAVG6M.jpg,stylegan2_ood,0.2,bottom_first,0.842408
C:\My_Project\AIGC\stylegan2_test\fake\MGPFLAVG6M.jpg,stylegan2_ood,0.4,hot_first,0.938888
C:\My_Project\AIGC\stylegan2_test\fake\MGPFLAVG6M.jpg,stylegan2_ood,0.4,bottom_first,0.832428
C:\My_Project\AIGC\stylegan2_test\fake\MGPFLAVG6M.jpg,stylegan2_ood,0.6,hot_first,0.929977
C:\My_Project\AIGC\stylegan2_test\fake\MGPFLAVG6M.jpg,stylegan2_ood,0.6,bottom_first,0.714148
C:\My_Project\AIGC\stylegan2_test\fake\MGPFLAVG6M.jpg,stylegan2_ood,1.0,hot_first,0.933226
C:\My_Project\AIGC\stylegan2_test\fake\MGPFLAVG6M.jpg,stylegan2_ood,1.0,bottom_first,0.933226
C:\My_Project\AIGC\stylegan2_test\fake\MHDZUQWTKO.jpg,stylegan2_ood,0.05,hot_first,0.943081
C:\My_Project\AIGC\stylegan2_test\fake\MHDZUQWTKO.jpg,stylegan2_ood,0.05,bottom_first,0.941137
C:\My_Project\AIGC\stylegan2_test\fake\MHDZUQWTKO.jpg,stylegan2_ood,0.1,hot_first,0.946669
C:\My_Project\AIGC\stylegan2_test\fake\MHDZUQWTKO.jpg,stylegan2_ood,0.1,bottom_first,0.935487
C:\My_Project\AIGC\stylegan2_test\fake\MHDZUQWTKO.jpg,stylegan2_ood,0.2,hot_first,0.942523
C:\My_Project\AIGC\stylegan2_test\fake\MHDZUQWTKO.jpg,stylegan2_ood,0.2,bottom_first,0.912565
C:\My_Project\AIGC\stylegan2_test\fake\MHDZUQWTKO.jpg,stylegan2_ood,0.4,hot_first,0.945762
C:\My_Project\AIGC\stylegan2_test\fake\MHDZUQWTKO.jpg,stylegan2_ood,0.4,bottom_first,0.876148
C:\My_Project\AIGC\stylegan2_test\fake\MHDZUQWTKO.jpg,stylegan2_ood,0.6,hot_first,0.93635
C:\My_Project\AIGC\stylegan2_test\fake\MHDZUQWTKO.jpg,stylegan2_ood,0.6,bottom_first,0.795642
C:\My_Project\AIGC\stylegan2_test\fake\MHDZUQWTKO.jpg,stylegan2_ood,1.0,hot_first,0.928335
C:\My_Project\AIGC\stylegan2_test\fake\MHDZUQWTKO.jpg,stylegan2_ood,1.0,bottom_first,0.928335
C:\My_Project\AIGC\stylegan2_test\fake\MM2UZURM5P.jpg,stylegan2_ood,0.05,hot_first,0.926305
C:\My_Project\AIGC\stylegan2_test\fake\MM2UZURM5P.jpg,stylegan2_ood,0.05,bottom_first,0.884459
C:\My_Project\AIGC\stylegan2_test\fake\MM2UZURM5P.jpg,stylegan2_ood,0.1,hot_first,0.925889
C:\My_Project\AIGC\stylegan2_test\fake\MM2UZURM5P.jpg,stylegan2_ood,0.1,bottom_first,0.888225
C:\My_Project\AIGC\stylegan2_test\fake\MM2UZURM5P.jpg,stylegan2_ood,0.2,hot_first,0.92974
C:\My_Project\AIGC\stylegan2_test\fake\MM2UZURM5P.jpg,stylegan2_ood,0.2,bottom_first,0.885321
C:\My_Project\AIGC\stylegan2_test\fake\MM2UZURM5P.jpg,stylegan2_ood,0.4,hot_first,0.937909
C:\My_Project\AIGC\stylegan2_test\fake\MM2UZURM5P.jpg,stylegan2_ood,0.4,bottom_first,0.871083
C:\My_Project\AIGC\stylegan2_test\fake\MM2UZURM5P.jpg,stylegan2_ood,0.6,hot_first,0.927113
C:\My_Project\AIGC\stylegan2_test\fake\MM2UZURM5P.jpg,stylegan2_ood,0.6,bottom_first,0.649647
C:\My_Project\AIGC\stylegan2_test\fake\MM2UZURM5P.jpg,stylegan2_ood,1.0,hot_first,0.919285
C:\My_Project\AIGC\stylegan2_test\fake\MM2UZURM5P.jpg,stylegan2_ood,1.0,bottom_first,0.919285
C:\My_Project\AIGC\stylegan2_test\fake\PILJGXKJXZ.jpg,stylegan2_ood,0.05,hot_first,0.923801
C:\My_Project\AIGC\stylegan2_test\fake\PILJGXKJXZ.jpg,stylegan2_ood,0.05,bottom_first,0.907948
C:\My_Project\AIGC\stylegan2_test\fake\PILJGXKJXZ.jpg,stylegan2_ood,0.1,hot_first,0.931616
C:\My_Project\AIGC\stylegan2_test\fake\PILJGXKJXZ.jpg,stylegan2_ood,0.1,bottom_first,0.908383
C:\My_Project\AIGC\stylegan2_test\fake\PILJGXKJXZ.jpg,stylegan2_ood,0.2,hot_first,0.930647
C:\My_Project\AIGC\stylegan2_test\fake\PILJGXKJXZ.jpg,stylegan2_ood,0.2,bottom_first,0.901841
C:\My_Project\AIGC\stylegan2_test\fake\PILJGXKJXZ.jpg,stylegan2_ood,0.4,hot_first,0.933548
C:\My_Project\AIGC\stylegan2_test\fake\PILJGXKJXZ.jpg,stylegan2_ood,0.4,bottom_first,0.877525
C:\My_Project\AIGC\stylegan2_test\fake\PILJGXKJXZ.jpg,stylegan2_ood,0.6,hot_first,0.924737
C:\My_Project\AIGC\stylegan2_test\fake\PILJGXKJXZ.jpg,stylegan2_ood,0.6,bottom_first,0.784017
C:\My_Project\AIGC\stylegan2_test\fake\PILJGXKJXZ.jpg,stylegan2_ood,1.0,hot_first,0.928414
C:\My_Project\AIGC\stylegan2_test\fake\PILJGXKJXZ.jpg,stylegan2_ood,1.0,bottom_first,0.928414
C:\My_Project\AIGC\stylegan2_test\fake\PWDTNKVF36.jpg,stylegan2_ood,0.05,hot_first,0.943956
C:\My_Project\AIGC\stylegan2_test\fake\PWDTNKVF36.jpg,stylegan2_ood,0.05,bottom_first,0.92462
C:\My_Project\AIGC\stylegan2_test\fake\PWDTNKVF36.jpg,stylegan2_ood,0.1,hot_first,0.936497
C:\My_Project\AIGC\stylegan2_test\fake\PWDTNKVF36.jpg,stylegan2_ood,0.1,bottom_first,0.894526
C:\My_Project\AIGC\stylegan2_test\fake\PWDTNKVF36.jpg,stylegan2_ood,0.2,hot_first,0.929691
C:\My_Project\AIGC\stylegan2_test\fake\PWDTNKVF36.jpg,stylegan2_ood,0.2,bottom_first,0.880301
C:\My_Project\AIGC\stylegan2_test\fake\PWDTNKVF36.jpg,stylegan2_ood,0.4,hot_first,0.936574
C:\My_Project\AIGC\stylegan2_test\fake\PWDTNKVF36.jpg,stylegan2_ood,0.4,bottom_first,0.859701
C:\My_Project\AIGC\stylegan2_test\fake\PWDTNKVF36.jpg,stylegan2_ood,0.6,hot_first,0.919745
C:\My_Project\AIGC\stylegan2_test\fake\PWDTNKVF36.jpg,stylegan2_ood,0.6,bottom_first,0.760674
C:\My_Project\AIGC\stylegan2_test\fake\PWDTNKVF36.jpg,stylegan2_ood,1.0,hot_first,0.925358
C:\My_Project\AIGC\stylegan2_test\fake\PWDTNKVF36.jpg,stylegan2_ood,1.0,bottom_first,0.925358
C:\My_Project\AIGC\stylegan2_test\fake\RCETBMFUTR.jpg,stylegan2_ood,0.05,hot_first,0.912117
C:\My_Project\AIGC\stylegan2_test\fake\RCETBMFUTR.jpg,stylegan2_ood,0.05,bottom_first,0.8989
C:\My_Project\AIGC\stylegan2_test\fake\RCETBMFUTR.jpg,stylegan2_ood,0.1,hot_first,0.906571
C:\My_Project\AIGC\stylegan2_test\fake\RCETBMFUTR.jpg,stylegan2_ood,0.1,bottom_first,0.887339
C:\My_Project\AIGC\stylegan2_test\fake\RCETBMFUTR.jpg,stylegan2_ood,0.2,hot_first,0.907107
C:\My_Project\AIGC\stylegan2_test\fake\RCETBMFUTR.jpg,stylegan2_ood,0.2,bottom_first,0.86946
C:\My_Project\AIGC\stylegan2_test\fake\RCETBMFUTR.jpg,stylegan2_ood,0.4,hot_first,0.91537
C:\My_Project\AIGC\stylegan2_test\fake\RCETBMFUTR.jpg,stylegan2_ood,0.4,bottom_first,0.868994
C:\My_Project\AIGC\stylegan2_test\fake\RCETBMFUTR.jpg,stylegan2_ood,0.6,hot_first,0.925
C:\My_Project\AIGC\stylegan2_test\fake\RCETBMFUTR.jpg,stylegan2_ood,0.6,bottom_first,0.6977
C:\My_Project\AIGC\stylegan2_test\fake\RCETBMFUTR.jpg,stylegan2_ood,1.0,hot_first,0.926452
C:\My_Project\AIGC\stylegan2_test\fake\RCETBMFUTR.jpg,stylegan2_ood,1.0,bottom_first,0.926452
C:\My_Project\AIGC\stylegan2_test\fake\RE9I0JZ8XC.jpg,stylegan2_ood,0.05,hot_first,0.926075
C:\My_Project\AIGC\stylegan2_test\fake\RE9I0JZ8XC.jpg,stylegan2_ood,0.05,bottom_first,0.874062
C:\My_Project\AIGC\stylegan2_test\fake\RE9I0JZ8XC.jpg,stylegan2_ood,0.1,hot_first,0.923608
C:\My_Project\AIGC\stylegan2_test\fake\RE9I0JZ8XC.jpg,stylegan2_ood,0.1,bottom_first,0.870424
C:\My_Project\AIGC\stylegan2_test\fake\RE9I0JZ8XC.jpg,stylegan2_ood,0.2,hot_first,0.925716
C:\My_Project\AIGC\stylegan2_test\fake\RE9I0JZ8XC.jpg,stylegan2_ood,0.2,bottom_first,0.865828
C:\My_Project\AIGC\stylegan2_test\fake\RE9I0JZ8XC.jpg,stylegan2_ood,0.4,hot_first,0.930984
C:\My_Project\AIGC\stylegan2_test\fake\RE9I0JZ8XC.jpg,stylegan2_ood,0.4,bottom_first,0.827903
C:\My_Project\AIGC\stylegan2_test\fake\RE9I0JZ8XC.jpg,stylegan2_ood,0.6,hot_first,0.926811
C:\My_Project\AIGC\stylegan2_test\fake\RE9I0JZ8XC.jpg,stylegan2_ood,0.6,bottom_first,0.575149
C:\My_Project\AIGC\stylegan2_test\fake\RE9I0JZ8XC.jpg,stylegan2_ood,1.0,hot_first,0.934006
C:\My_Project\AIGC\stylegan2_test\fake\RE9I0JZ8XC.jpg,stylegan2_ood,1.0,bottom_first,0.934006
C:\My_Project\AIGC\stylegan2_test\fake\RTBQTLYH9Z.jpg,stylegan2_ood,0.05,hot_first,0.916854
C:\My_Project\AIGC\stylegan2_test\fake\RTBQTLYH9Z.jpg,stylegan2_ood,0.05,bottom_first,0.923316
C:\My_Project\AIGC\stylegan2_test\fake\RTBQTLYH9Z.jpg,stylegan2_ood,0.1,hot_first,0.920424
C:\My_Project\AIGC\stylegan2_test\fake\RTBQTLYH9Z.jpg,stylegan2_ood,0.1,bottom_first,0.920909
C:\My_Project\AIGC\stylegan2_test\fake\RTBQTLYH9Z.jpg,stylegan2_ood,0.2,hot_first,0.937594
C:\My_Project\AIGC\stylegan2_test\fake\RTBQTLYH9Z.jpg,stylegan2_ood,0.2,bottom_first,0.919296
C:\My_Project\AIGC\stylegan2_test\fake\RTBQTLYH9Z.jpg,stylegan2_ood,0.4,hot_first,0.954535
C:\My_Project\AIGC\stylegan2_test\fake\RTBQTLYH9Z.jpg,stylegan2_ood,0.4,bottom_first,0.909598
C:\My_Project\AIGC\stylegan2_test\fake\RTBQTLYH9Z.jpg,stylegan2_ood,0.6,hot_first,0.942219
C:\My_Project\AIGC\stylegan2_test\fake\RTBQTLYH9Z.jpg,stylegan2_ood,0.6,bottom_first,0.861862
C:\My_Project\AIGC\stylegan2_test\fake\RTBQTLYH9Z.jpg,stylegan2_ood,1.0,hot_first,0.935084
C:\My_Project\AIGC\stylegan2_test\fake\RTBQTLYH9Z.jpg,stylegan2_ood,1.0,bottom_first,0.935084
C:\My_Project\AIGC\stylegan2_test\fake\SALHBWCNVW.jpg,stylegan2_ood,0.05,hot_first,0.927212
C:\My_Project\AIGC\stylegan2_test\fake\SALHBWCNVW.jpg,stylegan2_ood,0.05,bottom_first,0.90909
C:\My_Project\AIGC\stylegan2_test\fake\SALHBWCNVW.jpg,stylegan2_ood,0.1,hot_first,0.921902
C:\My_Project\AIGC\stylegan2_test\fake\SALHBWCNVW.jpg,stylegan2_ood,0.1,bottom_first,0.887832
C:\My_Project\AIGC\stylegan2_test\fake\SALHBWCNVW.jpg,stylegan2_ood,0.2,hot_first,0.920873
C:\My_Project\AIGC\stylegan2_test\fake\SALHBWCNVW.jpg,stylegan2_ood,0.2,bottom_first,0.89589
C:\My_Project\AIGC\stylegan2_test\fake\SALHBWCNVW.jpg,stylegan2_ood,0.4,hot_first,0.921821
C:\My_Project\AIGC\stylegan2_test\fake\SALHBWCNVW.jpg,stylegan2_ood,0.4,bottom_first,0.881072
C:\My_Project\AIGC\stylegan2_test\fake\SALHBWCNVW.jpg,stylegan2_ood,0.6,hot_first,0.929445
C:\My_Project\AIGC\stylegan2_test\fake\SALHBWCNVW.jpg,stylegan2_ood,0.6,bottom_first,0.785475
C:\My_Project\AIGC\stylegan2_test\fake\SALHBWCNVW.jpg,stylegan2_ood,1.0,hot_first,0.932344
C:\My_Project\AIGC\stylegan2_test\fake\SALHBWCNVW.jpg,stylegan2_ood,1.0,bottom_first,0.932344
C:\My_Project\AIGC\stylegan2_test\fake\SMLN7GPDBD.jpg,stylegan2_ood,0.05,hot_first,0.942194
C:\My_Project\AIGC\stylegan2_test\fake\SMLN7GPDBD.jpg,stylegan2_ood,0.05,bottom_first,0.919895
C:\My_Project\AIGC\stylegan2_test\fake\SMLN7GPDBD.jpg,stylegan2_ood,0.1,hot_first,0.929447
C:\My_Project\AIGC\stylegan2_test\fake\SMLN7GPDBD.jpg,stylegan2_ood,0.1,bottom_first,0.90539
C:\My_Project\AIGC\stylegan2_test\fake\SMLN7GPDBD.jpg,stylegan2_ood,0.2,hot_first,0.933652
C:\My_Project\AIGC\stylegan2_test\fake\SMLN7GPDBD.jpg,stylegan2_ood,0.2,bottom_first,0.886126
C:\My_Project\AIGC\stylegan2_test\fake\SMLN7GPDBD.jpg,stylegan2_ood,0.4,hot_first,0.946258
C:\My_Project\AIGC\stylegan2_test\fake\SMLN7GPDBD.jpg,stylegan2_ood,0.4,bottom_first,0.873731
C:\My_Project\AIGC\stylegan2_test\fake\SMLN7GPDBD.jpg,stylegan2_ood,0.6,hot_first,0.942486
C:\My_Project\AIGC\stylegan2_test\fake\SMLN7GPDBD.jpg,stylegan2_ood,0.6,bottom_first,0.785459
C:\My_Project\AIGC\stylegan2_test\fake\SMLN7GPDBD.jpg,stylegan2_ood,1.0,hot_first,0.926717
C:\My_Project\AIGC\stylegan2_test\fake\SMLN7GPDBD.jpg,stylegan2_ood,1.0,bottom_first,0.926717
C:\My_Project\AIGC\stylegan2_test\fake\T84A6WMUGJ.jpg,stylegan2_ood,0.05,hot_first,0.925545
C:\My_Project\AIGC\stylegan2_test\fake\T84A6WMUGJ.jpg,stylegan2_ood,0.05,bottom_first,0.890618
C:\My_Project\AIGC\stylegan2_test\fake\T84A6WMUGJ.jpg,stylegan2_ood,0.1,hot_first,0.936678
C:\My_Project\AIGC\stylegan2_test\fake\T84A6WMUGJ.jpg,stylegan2_ood,0.1,bottom_first,0.87556
C:\My_Project\AIGC\stylegan2_test\fake\T84A6WMUGJ.jpg,stylegan2_ood,0.2,hot_first,0.943147
C:\My_Project\AIGC\stylegan2_test\fake\T84A6WMUGJ.jpg,stylegan2_ood,0.2,bottom_first,0.858587
C:\My_Project\AIGC\stylegan2_test\fake\T84A6WMUGJ.jpg,stylegan2_ood,0.4,hot_first,0.945766
C:\My_Project\AIGC\stylegan2_test\fake\T84A6WMUGJ.jpg,stylegan2_ood,0.4,bottom_first,0.83803
C:\My_Project\AIGC\stylegan2_test\fake\T84A6WMUGJ.jpg,stylegan2_ood,0.6,hot_first,0.924573
C:\My_Project\AIGC\stylegan2_test\fake\T84A6WMUGJ.jpg,stylegan2_ood,0.6,bottom_first,0.736383
C:\My_Project\AIGC\stylegan2_test\fake\T84A6WMUGJ.jpg,stylegan2_ood,1.0,hot_first,0.936583
C:\My_Project\AIGC\stylegan2_test\fake\T84A6WMUGJ.jpg,stylegan2_ood,1.0,bottom_first,0.936583
C:\My_Project\AIGC\stylegan2_test\fake\TF2K5P709A.jpg,stylegan2_ood,0.05,hot_first,0.920565
C:\My_Project\AIGC\stylegan2_test\fake\TF2K5P709A.jpg,stylegan2_ood,0.05,bottom_first,0.909287
C:\My_Project\AIGC\stylegan2_test\fake\TF2K5P709A.jpg,stylegan2_ood,0.1,hot_first,0.929744
C:\My_Project\AIGC\stylegan2_test\fake\TF2K5P709A.jpg,stylegan2_ood,0.1,bottom_first,0.899345
C:\My_Project\AIGC\stylegan2_test\fake\TF2K5P709A.jpg,stylegan2_ood,0.2,hot_first,0.936928
C:\My_Project\AIGC\stylegan2_test\fake\TF2K5P709A.jpg,stylegan2_ood,0.2,bottom_first,0.877186
C:\My_Project\AIGC\stylegan2_test\fake\TF2K5P709A.jpg,stylegan2_ood,0.4,hot_first,0.9437
C:\My_Project\AIGC\stylegan2_test\fake\TF2K5P709A.jpg,stylegan2_ood,0.4,bottom_first,0.879394
C:\My_Project\AIGC\stylegan2_test\fake\TF2K5P709A.jpg,stylegan2_ood,0.6,hot_first,0.928422
C:\My_Project\AIGC\stylegan2_test\fake\TF2K5P709A.jpg,stylegan2_ood,0.6,bottom_first,0.760604
C:\My_Project\AIGC\stylegan2_test\fake\TF2K5P709A.jpg,stylegan2_ood,1.0,hot_first,0.929481
C:\My_Project\AIGC\stylegan2_test\fake\TF2K5P709A.jpg,stylegan2_ood,1.0,bottom_first,0.929481
C:\My_Project\AIGC\stylegan2_test\fake\TGE19X7IKG.jpg,stylegan2_ood,0.05,hot_first,0.920563
C:\My_Project\AIGC\stylegan2_test\fake\TGE19X7IKG.jpg,stylegan2_ood,0.05,bottom_first,0.906406
C:\My_Project\AIGC\stylegan2_test\fake\TGE19X7IKG.jpg,stylegan2_ood,0.1,hot_first,0.925144
C:\My_Project\AIGC\stylegan2_test\fake\TGE19X7IKG.jpg,stylegan2_ood,0.1,bottom_first,0.896318
C:\My_Project\AIGC\stylegan2_test\fake\TGE19X7IKG.jpg,stylegan2_ood,0.2,hot_first,0.934727
C:\My_Project\AIGC\stylegan2_test\fake\TGE19X7IKG.jpg,stylegan2_ood,0.2,bottom_first,0.880938
C:\My_Project\AIGC\stylegan2_test\fake\TGE19X7IKG.jpg,stylegan2_ood,0.4,hot_first,0.938877
C:\My_Project\AIGC\stylegan2_test\fake\TGE19X7IKG.jpg,stylegan2_ood,0.4,bottom_first,0.83828
C:\My_Project\AIGC\stylegan2_test\fake\TGE19X7IKG.jpg,stylegan2_ood,0.6,hot_first,0.928592
C:\My_Project\AIGC\stylegan2_test\fake\TGE19X7IKG.jpg,stylegan2_ood,0.6,bottom_first,0.757641
C:\My_Project\AIGC\stylegan2_test\fake\TGE19X7IKG.jpg,stylegan2_ood,1.0,hot_first,0.92684
C:\My_Project\AIGC\stylegan2_test\fake\TGE19X7IKG.jpg,stylegan2_ood,1.0,bottom_first,0.92684
C:\My_Project\AIGC\stylegan2_test\fake\U7U3VI9OU9.jpg,stylegan2_ood,0.05,hot_first,0.911692
C:\My_Project\AIGC\stylegan2_test\fake\U7U3VI9OU9.jpg,stylegan2_ood,0.05,bottom_first,0.886075
C:\My_Project\AIGC\stylegan2_test\fake\U7U3VI9OU9.jpg,stylegan2_ood,0.1,hot_first,0.918249
C:\My_Project\AIGC\stylegan2_test\fake\U7U3VI9OU9.jpg,stylegan2_ood,0.1,bottom_first,0.879562
C:\My_Project\AIGC\stylegan2_test\fake\U7U3VI9OU9.jpg,stylegan2_ood,0.2,hot_first,0.923081
C:\My_Project\AIGC\stylegan2_test\fake\U7U3VI9OU9.jpg,stylegan2_ood,0.2,bottom_first,0.874256
C:\My_Project\AIGC\stylegan2_test\fake\U7U3VI9OU9.jpg,stylegan2_ood,0.4,hot_first,0.936846
C:\My_Project\AIGC\stylegan2_test\fake\U7U3VI9OU9.jpg,stylegan2_ood,0.4,bottom_first,0.827192
C:\My_Project\AIGC\stylegan2_test\fake\U7U3VI9OU9.jpg,stylegan2_ood,0.6,hot_first,0.945926
C:\My_Project\AIGC\stylegan2_test\fake\U7U3VI9OU9.jpg,stylegan2_ood,0.6,bottom_first,0.681342
C:\My_Project\AIGC\stylegan2_test\fake\U7U3VI9OU9.jpg,stylegan2_ood,1.0,hot_first,0.928442
C:\My_Project\AIGC\stylegan2_test\fake\U7U3VI9OU9.jpg,stylegan2_ood,1.0,bottom_first,0.928442
C:\My_Project\AIGC\stylegan2_test\fake\VOA1F7DMQ6.jpg,stylegan2_ood,0.05,hot_first,0.933735
C:\My_Project\AIGC\stylegan2_test\fake\VOA1F7DMQ6.jpg,stylegan2_ood,0.05,bottom_first,0.916771
C:\My_Project\AIGC\stylegan2_test\fake\VOA1F7DMQ6.jpg,stylegan2_ood,0.1,hot_first,0.939508
C:\My_Project\AIGC\stylegan2_test\fake\VOA1F7DMQ6.jpg,stylegan2_ood,0.1,bottom_first,0.907762
C:\My_Project\AIGC\stylegan2_test\fake\VOA1F7DMQ6.jpg,stylegan2_ood,0.2,hot_first,0.939779
C:\My_Project\AIGC\stylegan2_test\fake\VOA1F7DMQ6.jpg,stylegan2_ood,0.2,bottom_first,0.882249
C:\My_Project\AIGC\stylegan2_test\fake\VOA1F7DMQ6.jpg,stylegan2_ood,0.4,hot_first,0.946287
C:\My_Project\AIGC\stylegan2_test\fake\VOA1F7DMQ6.jpg,stylegan2_ood,0.4,bottom_first,0.88111
C:\My_Project\AIGC\stylegan2_test\fake\VOA1F7DMQ6.jpg,stylegan2_ood,0.6,hot_first,0.936055
C:\My_Project\AIGC\stylegan2_test\fake\VOA1F7DMQ6.jpg,stylegan2_ood,0.6,bottom_first,0.855695
C:\My_Project\AIGC\stylegan2_test\fake\VOA1F7DMQ6.jpg,stylegan2_ood,1.0,hot_first,0.9229
C:\My_Project\AIGC\stylegan2_test\fake\VOA1F7DMQ6.jpg,stylegan2_ood,1.0,bottom_first,0.9229
C:\My_Project\AIGC\stylegan2_test\fake\X0V9IP5OI8.jpg,stylegan2_ood,0.05,hot_first,0.919107
C:\My_Project\AIGC\stylegan2_test\fake\X0V9IP5OI8.jpg,stylegan2_ood,0.05,bottom_first,0.900548
C:\My_Project\AIGC\stylegan2_test\fake\X0V9IP5OI8.jpg,stylegan2_ood,0.1,hot_first,0.929204
C:\My_Project\AIGC\stylegan2_test\fake\X0V9IP5OI8.jpg,stylegan2_ood,0.1,bottom_first,0.896693
C:\My_Project\AIGC\stylegan2_test\fake\X0V9IP5OI8.jpg,stylegan2_ood,0.2,hot_first,0.940343
C:\My_Project\AIGC\stylegan2_test\fake\X0V9IP5OI8.jpg,stylegan2_ood,0.2,bottom_first,0.873701
C:\My_Project\AIGC\stylegan2_test\fake\X0V9IP5OI8.jpg,stylegan2_ood,0.4,hot_first,0.947196
C:\My_Project\AIGC\stylegan2_test\fake\X0V9IP5OI8.jpg,stylegan2_ood,0.4,bottom_first,0.845906
C:\My_Project\AIGC\stylegan2_test\fake\X0V9IP5OI8.jpg,stylegan2_ood,0.6,hot_first,0.932276
C:\My_Project\AIGC\stylegan2_test\fake\X0V9IP5OI8.jpg,stylegan2_ood,0.6,bottom_first,0.549282
C:\My_Project\AIGC\stylegan2_test\fake\X0V9IP5OI8.jpg,stylegan2_ood,1.0,hot_first,0.929371
C:\My_Project\AIGC\stylegan2_test\fake\X0V9IP5OI8.jpg,stylegan2_ood,1.0,bottom_first,0.929371
C:\My_Project\AIGC\stylegan2_test\fake\XIXEBV6U4Y.jpg,stylegan2_ood,0.05,hot_first,0.929787
C:\My_Project\AIGC\stylegan2_test\fake\XIXEBV6U4Y.jpg,stylegan2_ood,0.05,bottom_first,0.916881
C:\My_Project\AIGC\stylegan2_test\fake\XIXEBV6U4Y.jpg,stylegan2_ood,0.1,hot_first,0.935344
C:\My_Project\AIGC\stylegan2_test\fake\XIXEBV6U4Y.jpg,stylegan2_ood,0.1,bottom_first,0.923616
C:\My_Project\AIGC\stylegan2_test\fake\XIXEBV6U4Y.jpg,stylegan2_ood,0.2,hot_first,0.936585
C:\My_Project\AIGC\stylegan2_test\fake\XIXEBV6U4Y.jpg,stylegan2_ood,0.2,bottom_first,0.918756
C:\My_Project\AIGC\stylegan2_test\fake\XIXEBV6U4Y.jpg,stylegan2_ood,0.4,hot_first,0.952413
C:\My_Project\AIGC\stylegan2_test\fake\XIXEBV6U4Y.jpg,stylegan2_ood,0.4,bottom_first,0.865145
C:\My_Project\AIGC\stylegan2_test\fake\XIXEBV6U4Y.jpg,stylegan2_ood,0.6,hot_first,0.947497
C:\My_Project\AIGC\stylegan2_test\fake\XIXEBV6U4Y.jpg,stylegan2_ood,0.6,bottom_first,0.609333
C:\My_Project\AIGC\stylegan2_test\fake\XIXEBV6U4Y.jpg,stylegan2_ood,1.0,hot_first,0.934883
C:\My_Project\AIGC\stylegan2_test\fake\XIXEBV6U4Y.jpg,stylegan2_ood,1.0,bottom_first,0.934883
C:\My_Project\AIGC\stylegan2_test\fake\Z31WALJXGD.jpg,stylegan2_ood,0.05,hot_first,0.922219
C:\My_Project\AIGC\stylegan2_test\fake\Z31WALJXGD.jpg,stylegan2_ood,0.05,bottom_first,0.903882
C:\My_Project\AIGC\stylegan2_test\fake\Z31WALJXGD.jpg,stylegan2_ood,0.1,hot_first,0.933607
C:\My_Project\AIGC\stylegan2_test\fake\Z31WALJXGD.jpg,stylegan2_ood,0.1,bottom_first,0.896497
C:\My_Project\AIGC\stylegan2_test\fake\Z31WALJXGD.jpg,stylegan2_ood,0.2,hot_first,0.94175
C:\My_Project\AIGC\stylegan2_test\fake\Z31WALJXGD.jpg,stylegan2_ood,0.2,bottom_first,0.842816
C:\My_Project\AIGC\stylegan2_test\fake\Z31WALJXGD.jpg,stylegan2_ood,0.4,hot_first,0.945268
C:\My_Project\AIGC\stylegan2_test\fake\Z31WALJXGD.jpg,stylegan2_ood,0.4,bottom_first,0.816057
C:\My_Project\AIGC\stylegan2_test\fake\Z31WALJXGD.jpg,stylegan2_ood,0.6,hot_first,0.934204
C:\My_Project\AIGC\stylegan2_test\fake\Z31WALJXGD.jpg,stylegan2_ood,0.6,bottom_first,0.645608
C:\My_Project\AIGC\stylegan2_test\fake\Z31WALJXGD.jpg,stylegan2_ood,1.0,hot_first,0.927405
C:\My_Project\AIGC\stylegan2_test\fake\Z31WALJXGD.jpg,stylegan2_ood,1.0,bottom_first,0.927405
C:\My_Project\AIGC\stylegan2_test\fake\ZBQ6VDYCNP.jpg,stylegan2_ood,0.05,hot_first,0.934263
C:\My_Project\AIGC\stylegan2_test\fake\ZBQ6VDYCNP.jpg,stylegan2_ood,0.05,bottom_first,0.912747
C:\My_Project\AIGC\stylegan2_test\fake\ZBQ6VDYCNP.jpg,stylegan2_ood,0.1,hot_first,0.934396
C:\My_Project\AIGC\stylegan2_test\fake\ZBQ6VDYCNP.jpg,stylegan2_ood,0.1,bottom_first,0.899673
C:\My_Project\AIGC\stylegan2_test\fake\ZBQ6VDYCNP.jpg,stylegan2_ood,0.2,hot_first,0.944053
C:\My_Project\AIGC\stylegan2_test\fake\ZBQ6VDYCNP.jpg,stylegan2_ood,0.2,bottom_first,0.882497
C:\My_Project\AIGC\stylegan2_test\fake\ZBQ6VDYCNP.jpg,stylegan2_ood,0.4,hot_first,0.949598
C:\My_Project\AIGC\stylegan2_test\fake\ZBQ6VDYCNP.jpg,stylegan2_ood,0.4,bottom_first,0.883258
C:\My_Project\AIGC\stylegan2_test\fake\ZBQ6VDYCNP.jpg,stylegan2_ood,0.6,hot_first,0.935598
C:\My_Project\AIGC\stylegan2_test\fake\ZBQ6VDYCNP.jpg,stylegan2_ood,0.6,bottom_first,0.783875
C:\My_Project\AIGC\stylegan2_test\fake\ZBQ6VDYCNP.jpg,stylegan2_ood,1.0,hot_first,0.932458
C:\My_Project\AIGC\stylegan2_test\fake\ZBQ6VDYCNP.jpg,stylegan2_ood,1.0,bottom_first,0.932458
C:\My_Project\AIGC\stylegan2_test\fake\ZIJJJONED1.jpg,stylegan2_ood,0.05,hot_first,0.920896
C:\My_Project\AIGC\stylegan2_test\fake\ZIJJJONED1.jpg,stylegan2_ood,0.05,bottom_first,0.89915
C:\My_Project\AIGC\stylegan2_test\fake\ZIJJJONED1.jpg,stylegan2_ood,0.1,hot_first,0.932036
C:\My_Project\AIGC\stylegan2_test\fake\ZIJJJONED1.jpg,stylegan2_ood,0.1,bottom_first,0.891503
C:\My_Project\AIGC\stylegan2_test\fake\ZIJJJONED1.jpg,stylegan2_ood,0.2,hot_first,0.933743
C:\My_Project\AIGC\stylegan2_test\fake\ZIJJJONED1.jpg,stylegan2_ood,0.2,bottom_first,0.877396
C:\My_Project\AIGC\stylegan2_test\fake\ZIJJJONED1.jpg,stylegan2_ood,0.4,hot_first,0.940306
C:\My_Project\AIGC\stylegan2_test\fake\ZIJJJONED1.jpg,stylegan2_ood,0.4,bottom_first,0.843732
C:\My_Project\AIGC\stylegan2_test\fake\ZIJJJONED1.jpg,stylegan2_ood,0.6,hot_first,0.936202
C:\My_Project\AIGC\stylegan2_test\fake\ZIJJJONED1.jpg,stylegan2_ood,0.6,bottom_first,0.705626
C:\My_Project\AIGC\stylegan2_test\fake\ZIJJJONED1.jpg,stylegan2_ood,1.0,hot_first,0.924562
C:\My_Project\AIGC\stylegan2_test\fake\ZIJJJONED1.jpg,stylegan2_ood,1.0,bottom_first,0.924562
C:\My_Project\AIGC\sd2.1\ff\360\768_116.png,truetest_df40,0.05,hot_first,0.932447
C:\My_Project\AIGC\sd2.1\ff\360\768_116.png,truetest_df40,0.05,bottom_first,0.906697
C:\My_Project\AIGC\sd2.1\ff\360\768_116.png,truetest_df40,0.1,hot_first,0.937397
C:\My_Project\AIGC\sd2.1\ff\360\768_116.png,truetest_df40,0.1,bottom_first,0.907859
C:\My_Project\AIGC\sd2.1\ff\360\768_116.png,truetest_df40,0.2,hot_first,0.933442
C:\My_Project\AIGC\sd2.1\ff\360\768_116.png,truetest_df40,0.2,bottom_first,0.900499
C:\My_Project\AIGC\sd2.1\ff\360\768_116.png,truetest_df40,0.4,hot_first,0.923763
C:\My_Project\AIGC\sd2.1\ff\360\768_116.png,truetest_df40,0.4,bottom_first,0.89286
C:\My_Project\AIGC\sd2.1\ff\360\768_116.png,truetest_df40,0.6,hot_first,0.929608
C:\My_Project\AIGC\sd2.1\ff\360\768_116.png,truetest_df40,0.6,bottom_first,0.886004
C:\My_Project\AIGC\sd2.1\ff\360\768_116.png,truetest_df40,1.0,hot_first,0.922714
C:\My_Project\AIGC\sd2.1\ff\360\768_116.png,truetest_df40,1.0,bottom_first,0.922714
C:\My_Project\AIGC\sd2.1\cdf\YouTube-real\00246\Celeb-real_id11_0003_211.png,truetest_df40,0.05,hot_first,0.943677
C:\My_Project\AIGC\sd2.1\cdf\YouTube-real\00246\Celeb-real_id11_0003_211.png,truetest_df40,0.05,bottom_first,0.926492
C:\My_Project\AIGC\sd2.1\cdf\YouTube-real\00246\Celeb-real_id11_0003_211.png,truetest_df40,0.1,hot_first,0.944549
C:\My_Project\AIGC\sd2.1\cdf\YouTube-real\00246\Celeb-real_id11_0003_211.png,truetest_df40,0.1,bottom_first,0.925927
C:\My_Project\AIGC\sd2.1\cdf\YouTube-real\00246\Celeb-real_id11_0003_211.png,truetest_df40,0.2,hot_first,0.944663
C:\My_Project\AIGC\sd2.1\cdf\YouTube-real\00246\Celeb-real_id11_0003_211.png,truetest_df40,0.2,bottom_first,0.924962
C:\My_Project\AIGC\sd2.1\cdf\YouTube-real\00246\Celeb-real_id11_0003_211.png,truetest_df40,0.4,hot_first,0.939892
C:\My_Project\AIGC\sd2.1\cdf\YouTube-real\00246\Celeb-real_id11_0003_211.png,truetest_df40,0.4,bottom_first,0.915165
C:\My_Project\AIGC\sd2.1\cdf\YouTube-real\00246\Celeb-real_id11_0003_211.png,truetest_df40,0.6,hot_first,0.944315
C:\My_Project\AIGC\sd2.1\cdf\YouTube-real\00246\Celeb-real_id11_0003_211.png,truetest_df40,0.6,bottom_first,0.914815
C:\My_Project\AIGC\sd2.1\cdf\YouTube-real\00246\Celeb-real_id11_0003_211.png,truetest_df40,1.0,hot_first,0.932655
C:\My_Project\AIGC\sd2.1\cdf\YouTube-real\00246\Celeb-real_id11_0003_211.png,truetest_df40,1.0,bottom_first,0.932655
C:\My_Project\AIGC\sd2.1\ff\065\324_241.png,truetest_df40,0.05,hot_first,0.944358
C:\My_Project\AIGC\sd2.1\ff\065\324_241.png,truetest_df40,0.05,bottom_first,0.936243
C:\My_Project\AIGC\sd2.1\ff\065\324_241.png,truetest_df40,0.1,hot_first,0.943398
C:\My_Project\AIGC\sd2.1\ff\065\324_241.png,truetest_df40,0.1,bottom_first,0.93576
C:\My_Project\AIGC\sd2.1\ff\065\324_241.png,truetest_df40,0.2,hot_first,0.942881
C:\My_Project\AIGC\sd2.1\ff\065\324_241.png,truetest_df40,0.2,bottom_first,0.938804
C:\My_Project\AIGC\sd2.1\ff\065\324_241.png,truetest_df40,0.4,hot_first,0.938927
C:\My_Project\AIGC\sd2.1\ff\065\324_241.png,truetest_df40,0.4,bottom_first,0.939771
C:\My_Project\AIGC\sd2.1\ff\065\324_241.png,truetest_df40,0.6,hot_first,0.9365
C:\My_Project\AIGC\sd2.1\ff\065\324_241.png,truetest_df40,0.6,bottom_first,0.929376
C:\My_Project\AIGC\sd2.1\ff\065\324_241.png,truetest_df40,1.0,hot_first,0.938641
C:\My_Project\AIGC\sd2.1\ff\065\324_241.png,truetest_df40,1.0,bottom_first,0.938641
C:\My_Project\AIGC\sd2.1\cdf\Celeb-real\id47_0001\YouTube-real_00218_046.png,truetest_df40,0.05,hot_first,0.946315
C:\My_Project\AIGC\sd2.1\cdf\Celeb-real\id47_0001\YouTube-real_00218_046.png,truetest_df40,0.05,bottom_first,0.940723
C:\My_Project\AIGC\sd2.1\cdf\Celeb-real\id47_0001\YouTube-real_00218_046.png,truetest_df40,0.1,hot_first,0.944813
C:\My_Project\AIGC\sd2.1\cdf\Celeb-real\id47_0001\YouTube-real_00218_046.png,truetest_df40,0.1,bottom_first,0.94161
C:\My_Project\AIGC\sd2.1\cdf\Celeb-real\id47_0001\YouTube-real_00218_046.png,truetest_df40,0.2,hot_first,0.94058
C:\My_Project\AIGC\sd2.1\cdf\Celeb-real\id47_0001\YouTube-real_00218_046.png,truetest_df40,0.2,bottom_first,0.938544
C:\My_Project\AIGC\sd2.1\cdf\Celeb-real\id47_0001\YouTube-real_00218_046.png,truetest_df40,0.4,hot_first,0.943646
C:\My_Project\AIGC\sd2.1\cdf\Celeb-real\id47_0001\YouTube-real_00218_046.png,truetest_df40,0.4,bottom_first,0.936169
C:\My_Project\AIGC\sd2.1\cdf\Celeb-real\id47_0001\YouTube-real_00218_046.png,truetest_df40,0.6,hot_first,0.944451
C:\My_Project\AIGC\sd2.1\cdf\Celeb-real\id47_0001\YouTube-real_00218_046.png,truetest_df40,0.6,bottom_first,0.933886
C:\My_Project\AIGC\sd2.1\cdf\Celeb-real\id47_0001\YouTube-real_00218_046.png,truetest_df40,1.0,hot_first,0.936141
C:\My_Project\AIGC\sd2.1\cdf\Celeb-real\id47_0001\YouTube-real_00218_046.png,truetest_df40,1.0,bottom_first,0.936141
C:\My_Project\AIGC\sd2.1\cdf\Celeb-real\id43_0001\Celeb-real_id24_0007_207.png,truetest_df40,0.05,hot_first,0.938808
C:\My_Project\AIGC\sd2.1\cdf\Celeb-real\id43_0001\Celeb-real_id24_0007_207.png,truetest_df40,0.05,bottom_first,0.927536
C:\My_Project\AIGC\sd2.1\cdf\Celeb-real\id43_0001\Celeb-real_id24_0007_207.png,truetest_df40,0.1,hot_first,0.945044
C:\My_Project\AIGC\sd2.1\cdf\Celeb-real\id43_0001\Celeb-real_id24_0007_207.png,truetest_df40,0.1,bottom_first,0.92836
C:\My_Project\AIGC\sd2.1\cdf\Celeb-real\id43_0001\Celeb-real_id24_0007_207.png,truetest_df40,0.2,hot_first,0.946392
C:\My_Project\AIGC\sd2.1\cdf\Celeb-real\id43_0001\Celeb-real_id24_0007_207.png,truetest_df40,0.2,bottom_first,0.925066
C:\My_Project\AIGC\sd2.1\cdf\Celeb-real\id43_0001\Celeb-real_id24_0007_207.png,truetest_df40,0.4,hot_first,0.941414
C:\My_Project\AIGC\sd2.1\cdf\Celeb-real\id43_0001\Celeb-real_id24_0007_207.png,truetest_df40,0.4,bottom_first,0.927357
C:\My_Project\AIGC\sd2.1\cdf\Celeb-real\id43_0001\Celeb-real_id24_0007_207.png,truetest_df40,0.6,hot_first,0.946138
C:\My_Project\AIGC\sd2.1\cdf\Celeb-real\id43_0001\Celeb-real_id24_0007_207.png,truetest_df40,0.6,bottom_first,0.935456
C:\My_Project\AIGC\sd2.1\cdf\Celeb-real\id43_0001\Celeb-real_id24_0007_207.png,truetest_df40,1.0,hot_first,0.950248
C:\My_Project\AIGC\sd2.1\cdf\Celeb-real\id43_0001\Celeb-real_id24_0007_207.png,truetest_df40,1.0,bottom_first,0.950248
C:\My_Project\AIGC\sd2.1\cdf\YouTube-real\00075\Celeb-real_id41_0001_000.png,truetest_df40,0.05,hot_first,0.937459
C:\My_Project\AIGC\sd2.1\cdf\YouTube-real\00075\Celeb-real_id41_0001_000.png,truetest_df40,0.05,bottom_first,0.923882
C:\My_Project\AIGC\sd2.1\cdf\YouTube-real\00075\Celeb-real_id41_0001_000.png,truetest_df40,0.1,hot_first,0.942284
C:\My_Project\AIGC\sd2.1\cdf\YouTube-real\00075\Celeb-real_id41_0001_000.png,truetest_df40,0.1,bottom_first,0.921957
C:\My_Project\AIGC\sd2.1\cdf\YouTube-real\00075\Celeb-real_id41_0001_000.png,truetest_df40,0.2,hot_first,0.941015
C:\My_Project\AIGC\sd2.1\cdf\YouTube-real\00075\Celeb-real_id41_0001_000.png,truetest_df40,0.2,bottom_first,0.92169
C:\My_Project\AIGC\sd2.1\cdf\YouTube-real\00075\Celeb-real_id41_0001_000.png,truetest_df40,0.4,hot_first,0.940652
C:\My_Project\AIGC\sd2.1\cdf\YouTube-real\00075\Celeb-real_id41_0001_000.png,truetest_df40,0.4,bottom_first,0.923074
C:\My_Project\AIGC\sd2.1\cdf\YouTube-real\00075\Celeb-real_id41_0001_000.png,truetest_df40,0.6,hot_first,0.936194
C:\My_Project\AIGC\sd2.1\cdf\YouTube-real\00075\Celeb-real_id41_0001_000.png,truetest_df40,0.6,bottom_first,0.924761
C:\My_Project\AIGC\sd2.1\cdf\YouTube-real\00075\Celeb-real_id41_0001_000.png,truetest_df40,1.0,hot_first,0.94129
C:\My_Project\AIGC\sd2.1\cdf\YouTube-real\00075\Celeb-real_id41_0001_000.png,truetest_df40,1.0,bottom_first,0.94129
C:\My_Project\AIGC\sd2.1\ff\875\166_706.png,truetest_df40,0.05,hot_first,0.912831
C:\My_Project\AIGC\sd2.1\ff\875\166_706.png,truetest_df40,0.05,bottom_first,0.915911
C:\My_Project\AIGC\sd2.1\ff\875\166_706.png,truetest_df40,0.1,hot_first,0.916626
C:\My_Project\AIGC\sd2.1\ff\875\166_706.png,truetest_df40,0.1,bottom_first,0.914106
C:\My_Project\AIGC\sd2.1\ff\875\166_706.png,truetest_df40,0.2,hot_first,0.924932
C:\My_Project\AIGC\sd2.1\ff\875\166_706.png,truetest_df40,0.2,bottom_first,0.908542
C:\My_Project\AIGC\sd2.1\ff\875\166_706.png,truetest_df40,0.4,hot_first,0.924689
C:\My_Project\AIGC\sd2.1\ff\875\166_706.png,truetest_df40,0.4,bottom_first,0.906101
C:\My_Project\AIGC\sd2.1\ff\875\166_706.png,truetest_df40,0.6,hot_first,0.931403
C:\My_Project\AIGC\sd2.1\ff\875\166_706.png,truetest_df40,0.6,bottom_first,0.923983
C:\My_Project\AIGC\sd2.1\ff\875\166_706.png,truetest_df40,1.0,hot_first,0.924964
C:\My_Project\AIGC\sd2.1\ff\875\166_706.png,truetest_df40,1.0,bottom_first,0.924964
C:\My_Project\AIGC\sd2.1\ff\708\439_267.png,truetest_df40,0.05,hot_first,0.937677
C:\My_Project\AIGC\sd2.1\ff\708\439_267.png,truetest_df40,0.05,bottom_first,0.922466
C:\My_Project\AIGC\sd2.1\ff\708\439_267.png,truetest_df40,0.1,hot_first,0.941789
C:\My_Project\AIGC\sd2.1\ff\708\439_267.png,truetest_df40,0.1,bottom_first,0.918153
C:\My_Project\AIGC\sd2.1\ff\708\439_267.png,truetest_df40,0.2,hot_first,0.942851
C:\My_Project\AIGC\sd2.1\ff\708\439_267.png,truetest_df40,0.2,bottom_first,0.919476
C:\My_Project\AIGC\sd2.1\ff\708\439_267.png,truetest_df40,0.4,hot_first,0.940903
C:\My_Project\AIGC\sd2.1\ff\708\439_267.png,truetest_df40,0.4,bottom_first,0.920781
C:\My_Project\AIGC\sd2.1\ff\708\439_267.png,truetest_df40,0.6,hot_first,0.939104
C:\My_Project\AIGC\sd2.1\ff\708\439_267.png,truetest_df40,0.6,bottom_first,0.924029
C:\My_Project\AIGC\sd2.1\ff\708\439_267.png,truetest_df40,1.0,hot_first,0.941981
C:\My_Project\AIGC\sd2.1\ff\708\439_267.png,truetest_df40,1.0,bottom_first,0.941981
C:\My_Project\AIGC\DiT\cdf\Fake_from_Celeb-real\id16_0012\17946.png,truetest_df40,0.05,hot_first,0.921865
C:\My_Project\AIGC\DiT\cdf\Fake_from_Celeb-real\id16_0012\17946.png,truetest_df40,0.05,bottom_first,0.916399
C:\My_Project\AIGC\DiT\cdf\Fake_from_Celeb-real\id16_0012\17946.png,truetest_df40,0.1,hot_first,0.927511
C:\My_Project\AIGC\DiT\cdf\Fake_from_Celeb-real\id16_0012\17946.png,truetest_df40,0.1,bottom_first,0.917229
C:\My_Project\AIGC\DiT\cdf\Fake_from_Celeb-real\id16_0012\17946.png,truetest_df40,0.2,hot_first,0.935138
C:\My_Project\AIGC\DiT\cdf\Fake_from_Celeb-real\id16_0012\17946.png,truetest_df40,0.2,bottom_first,0.912741
C:\My_Project\AIGC\DiT\cdf\Fake_from_Celeb-real\id16_0012\17946.png,truetest_df40,0.4,hot_first,0.93634
C:\My_Project\AIGC\DiT\cdf\Fake_from_Celeb-real\id16_0012\17946.png,truetest_df40,0.4,bottom_first,0.909146
C:\My_Project\AIGC\DiT\cdf\Fake_from_Celeb-real\id16_0012\17946.png,truetest_df40,0.6,hot_first,0.926025
C:\My_Project\AIGC\DiT\cdf\Fake_from_Celeb-real\id16_0012\17946.png,truetest_df40,0.6,bottom_first,0.893812
C:\My_Project\AIGC\DiT\cdf\Fake_from_Celeb-real\id16_0012\17946.png,truetest_df40,1.0,hot_first,0.925804
C:\My_Project\AIGC\DiT\cdf\Fake_from_Celeb-real\id16_0012\17946.png,truetest_df40,1.0,bottom_first,0.925804
C:\My_Project\AIGC\DiT\cdf\Fake_from_Youtube-real\00014\6566.png,truetest_df40,0.05,hot_first,0.948339
C:\My_Project\AIGC\DiT\cdf\Fake_from_Youtube-real\00014\6566.png,truetest_df40,0.05,bottom_first,0.920877
C:\My_Project\AIGC\DiT\cdf\Fake_from_Youtube-real\00014\6566.png,truetest_df40,0.1,hot_first,0.949857
C:\My_Project\AIGC\DiT\cdf\Fake_from_Youtube-real\00014\6566.png,truetest_df40,0.1,bottom_first,0.922522
C:\My_Project\AIGC\DiT\cdf\Fake_from_Youtube-real\00014\6566.png,truetest_df40,0.2,hot_first,0.948971
C:\My_Project\AIGC\DiT\cdf\Fake_from_Youtube-real\00014\6566.png,truetest_df40,0.2,bottom_first,0.918581
C:\My_Project\AIGC\DiT\cdf\Fake_from_Youtube-real\00014\6566.png,truetest_df40,0.4,hot_first,0.951644
C:\My_Project\AIGC\DiT\cdf\Fake_from_Youtube-real\00014\6566.png,truetest_df40,0.4,bottom_first,0.920633
C:\My_Project\AIGC\DiT\cdf\Fake_from_Youtube-real\00014\6566.png,truetest_df40,0.6,hot_first,0.949375
C:\My_Project\AIGC\DiT\cdf\Fake_from_Youtube-real\00014\6566.png,truetest_df40,0.6,bottom_first,0.923209
C:\My_Project\AIGC\DiT\cdf\Fake_from_Youtube-real\00014\6566.png,truetest_df40,1.0,hot_first,0.947677
C:\My_Project\AIGC\DiT\cdf\Fake_from_Youtube-real\00014\6566.png,truetest_df40,1.0,bottom_first,0.947677
C:\My_Project\AIGC\DiT\cdf\Fake_from_Celeb-real\id59_0008\9333.png,truetest_df40,0.05,hot_first,0.94126
C:\My_Project\AIGC\DiT\cdf\Fake_from_Celeb-real\id59_0008\9333.png,truetest_df40,0.05,bottom_first,0.924712
C:\My_Project\AIGC\DiT\cdf\Fake_from_Celeb-real\id59_0008\9333.png,truetest_df40,0.1,hot_first,0.946402
C:\My_Project\AIGC\DiT\cdf\Fake_from_Celeb-real\id59_0008\9333.png,truetest_df40,0.1,bottom_first,0.926348
C:\My_Project\AIGC\DiT\cdf\Fake_from_Celeb-real\id59_0008\9333.png,truetest_df40,0.2,hot_first,0.947751
C:\My_Project\AIGC\DiT\cdf\Fake_from_Celeb-real\id59_0008\9333.png,truetest_df40,0.2,bottom_first,0.926415
C:\My_Project\AIGC\DiT\cdf\Fake_from_Celeb-real\id59_0008\9333.png,truetest_df40,0.4,hot_first,0.9431
C:\My_Project\AIGC\DiT\cdf\Fake_from_Celeb-real\id59_0008\9333.png,truetest_df40,0.4,bottom_first,0.925097
C:\My_Project\AIGC\DiT\cdf\Fake_from_Celeb-real\id59_0008\9333.png,truetest_df40,0.6,hot_first,0.942223
C:\My_Project\AIGC\DiT\cdf\Fake_from_Celeb-real\id59_0008\9333.png,truetest_df40,0.6,bottom_first,0.919355
C:\My_Project\AIGC\DiT\cdf\Fake_from_Celeb-real\id59_0008\9333.png,truetest_df40,1.0,hot_first,0.937266
C:\My_Project\AIGC\DiT\cdf\Fake_from_Celeb-real\id59_0008\9333.png,truetest_df40,1.0,bottom_first,0.937266
C:\My_Project\AIGC\DiT\cdf\Fake_from_Youtube-real\00289\27470.png,truetest_df40,0.05,hot_first,0.936391
C:\My_Project\AIGC\DiT\cdf\Fake_from_Youtube-real\00289\27470.png,truetest_df40,0.05,bottom_first,0.923279
C:\My_Project\AIGC\DiT\cdf\Fake_from_Youtube-real\00289\27470.png,truetest_df40,0.1,hot_first,0.94126
C:\My_Project\AIGC\DiT\cdf\Fake_from_Youtube-real\00289\27470.png,truetest_df40,0.1,bottom_first,0.923643
C:\My_Project\AIGC\DiT\cdf\Fake_from_Youtube-real\00289\27470.png,truetest_df40,0.2,hot_first,0.943261
C:\My_Project\AIGC\DiT\cdf\Fake_from_Youtube-real\00289\27470.png,truetest_df40,0.2,bottom_first,0.922529
C:\My_Project\AIGC\DiT\cdf\Fake_from_Youtube-real\00289\27470.png,truetest_df40,0.4,hot_first,0.938966
C:\My_Project\AIGC\DiT\cdf\Fake_from_Youtube-real\00289\27470.png,truetest_df40,0.4,bottom_first,0.916529
C:\My_Project\AIGC\DiT\cdf\Fake_from_Youtube-real\00289\27470.png,truetest_df40,0.6,hot_first,0.93498
C:\My_Project\AIGC\DiT\cdf\Fake_from_Youtube-real\00289\27470.png,truetest_df40,0.6,bottom_first,0.906492
C:\My_Project\AIGC\DiT\cdf\Fake_from_Youtube-real\00289\27470.png,truetest_df40,1.0,hot_first,0.925486
C:\My_Project\AIGC\DiT\cdf\Fake_from_Youtube-real\00289\27470.png,truetest_df40,1.0,bottom_first,0.925486
C:\My_Project\AIGC\DiT\cdf\Fake_from_Celeb-real\id29_0006\20335.png,truetest_df40,0.05,hot_first,0.919923
C:\My_Project\AIGC\DiT\cdf\Fake_from_Celeb-real\id29_0006\20335.png,truetest_df40,0.05,bottom_first,0.898226
C:\My_Project\AIGC\DiT\cdf\Fake_from_Celeb-real\id29_0006\20335.png,truetest_df40,0.1,hot_first,0.929191
C:\My_Project\AIGC\DiT\cdf\Fake_from_Celeb-real\id29_0006\20335.png,truetest_df40,0.1,bottom_first,0.892303
C:\My_Project\AIGC\DiT\cdf\Fake_from_Celeb-real\id29_0006\20335.png,truetest_df40,0.2,hot_first,0.935216
C:\My_Project\AIGC\DiT\cdf\Fake_from_Celeb-real\id29_0006\20335.png,truetest_df40,0.2,bottom_first,0.900595
C:\My_Project\AIGC\DiT\cdf\Fake_from_Celeb-real\id29_0006\20335.png,truetest_df40,0.4,hot_first,0.938397
C:\My_Project\AIGC\DiT\cdf\Fake_from_Celeb-real\id29_0006\20335.png,truetest_df40,0.4,bottom_first,0.898671
C:\My_Project\AIGC\DiT\cdf\Fake_from_Celeb-real\id29_0006\20335.png,truetest_df40,0.6,hot_first,0.934146
C:\My_Project\AIGC\DiT\cdf\Fake_from_Celeb-real\id29_0006\20335.png,truetest_df40,0.6,bottom_first,0.873456
C:\My_Project\AIGC\DiT\cdf\Fake_from_Celeb-real\id29_0006\20335.png,truetest_df40,1.0,hot_first,0.925779
C:\My_Project\AIGC\DiT\cdf\Fake_from_Celeb-real\id29_0006\20335.png,truetest_df40,1.0,bottom_first,0.925779
C:\My_Project\AIGC\DiT\cdf\Fake_from_Celeb-real\id33_0008\24852.png,truetest_df40,0.05,hot_first,0.943352
C:\My_Project\AIGC\DiT\cdf\Fake_from_Celeb-real\id33_0008\24852.png,truetest_df40,0.05,bottom_first,0.942192
C:\My_Project\AIGC\DiT\cdf\Fake_from_Celeb-real\id33_0008\24852.png,truetest_df40,0.1,hot_first,0.948128
C:\My_Project\AIGC\DiT\cdf\Fake_from_Celeb-real\id33_0008\24852.png,truetest_df40,0.1,bottom_first,0.934019
C:\My_Project\AIGC\DiT\cdf\Fake_from_Celeb-real\id33_0008\24852.png,truetest_df40,0.2,hot_first,0.946089
C:\My_Project\AIGC\DiT\cdf\Fake_from_Celeb-real\id33_0008\24852.png,truetest_df40,0.2,bottom_first,0.919812
C:\My_Project\AIGC\DiT\cdf\Fake_from_Celeb-real\id33_0008\24852.png,truetest_df40,0.4,hot_first,0.944458
C:\My_Project\AIGC\DiT\cdf\Fake_from_Celeb-real\id33_0008\24852.png,truetest_df40,0.4,bottom_first,0.913917
C:\My_Project\AIGC\DiT\cdf\Fake_from_Celeb-real\id33_0008\24852.png,truetest_df40,0.6,hot_first,0.939418
C:\My_Project\AIGC\DiT\cdf\Fake_from_Celeb-real\id33_0008\24852.png,truetest_df40,0.6,bottom_first,0.899771
C:\My_Project\AIGC\DiT\cdf\Fake_from_Celeb-real\id33_0008\24852.png,truetest_df40,1.0,hot_first,0.930132
C:\My_Project\AIGC\DiT\cdf\Fake_from_Celeb-real\id33_0008\24852.png,truetest_df40,1.0,bottom_first,0.930132
C:\My_Project\AIGC\DiT\cdf\Fake_from_Celeb-real\id16_0006\18374.png,truetest_df40,0.05,hot_first,0.932263
C:\My_Project\AIGC\DiT\cdf\Fake_from_Celeb-real\id16_0006\18374.png,truetest_df40,0.05,bottom_first,0.909287
C:\My_Project\AIGC\DiT\cdf\Fake_from_Celeb-real\id16_0006\18374.png,truetest_df40,0.1,hot_first,0.942191
C:\My_Project\AIGC\DiT\cdf\Fake_from_Celeb-real\id16_0006\18374.png,truetest_df40,0.1,bottom_first,0.913079
C:\My_Project\AIGC\DiT\cdf\Fake_from_Celeb-real\id16_0006\18374.png,truetest_df40,0.2,hot_first,0.945043
C:\My_Project\AIGC\DiT\cdf\Fake_from_Celeb-real\id16_0006\18374.png,truetest_df40,0.2,bottom_first,0.916382
C:\My_Project\AIGC\DiT\cdf\Fake_from_Celeb-real\id16_0006\18374.png,truetest_df40,0.4,hot_first,0.952483
C:\My_Project\AIGC\DiT\cdf\Fake_from_Celeb-real\id16_0006\18374.png,truetest_df40,0.4,bottom_first,0.911845
C:\My_Project\AIGC\DiT\cdf\Fake_from_Celeb-real\id16_0006\18374.png,truetest_df40,0.6,hot_first,0.947633
C:\My_Project\AIGC\DiT\cdf\Fake_from_Celeb-real\id16_0006\18374.png,truetest_df40,0.6,bottom_first,0.905538
C:\My_Project\AIGC\DiT\cdf\Fake_from_Celeb-real\id16_0006\18374.png,truetest_df40,1.0,hot_first,0.946833
C:\My_Project\AIGC\DiT\cdf\Fake_from_Celeb-real\id16_0006\18374.png,truetest_df40,1.0,bottom_first,0.946833
C:\My_Project\AIGC\DiT\cdf\Fake_from_Youtube-real\00070\22616.png,truetest_df40,0.05,hot_first,0.949654
C:\My_Project\AIGC\DiT\cdf\Fake_from_Youtube-real\00070\22616.png,truetest_df40,0.05,bottom_first,0.935613
C:\My_Project\AIGC\DiT\cdf\Fake_from_Youtube-real\00070\22616.png,truetest_df40,0.1,hot_first,0.955099
C:\My_Project\AIGC\DiT\cdf\Fake_from_Youtube-real\00070\22616.png,truetest_df40,0.1,bottom_first,0.92791
C:\My_Project\AIGC\DiT\cdf\Fake_from_Youtube-real\00070\22616.png,truetest_df40,0.2,hot_first,0.954906
C:\My_Project\AIGC\DiT\cdf\Fake_from_Youtube-real\00070\22616.png,truetest_df40,0.2,bottom_first,0.925873
C:\My_Project\AIGC\DiT\cdf\Fake_from_Youtube-real\00070\22616.png,truetest_df40,0.4,hot_first,0.949186
C:\My_Project\AIGC\DiT\cdf\Fake_from_Youtube-real\00070\22616.png,truetest_df40,0.4,bottom_first,0.915611
C:\My_Project\AIGC\DiT\cdf\Fake_from_Youtube-real\00070\22616.png,truetest_df40,0.6,hot_first,0.948595
C:\My_Project\AIGC\DiT\cdf\Fake_from_Youtube-real\00070\22616.png,truetest_df40,0.6,bottom_first,0.913599
C:\My_Project\AIGC\DiT\cdf\Fake_from_Youtube-real\00070\22616.png,truetest_df40,1.0,hot_first,0.94155
C:\My_Project\AIGC\DiT\cdf\Fake_from_Youtube-real\00070\22616.png,truetest_df40,1.0,bottom_first,0.94155
C:\My_Project\AIGC\DiT\ff\423\297.png,truetest_df40,0.05,hot_first,0.92839
C:\My_Project\AIGC\DiT\ff\423\297.png,truetest_df40,0.05,bottom_first,0.911577
C:\My_Project\AIGC\DiT\ff\423\297.png,truetest_df40,0.1,hot_first,0.934207
C:\My_Project\AIGC\DiT\ff\423\297.png,truetest_df40,0.1,bottom_first,0.903621
C:\My_Project\AIGC\DiT\ff\423\297.png,truetest_df40,0.2,hot_first,0.941546
C:\My_Project\AIGC\DiT\ff\423\297.png,truetest_df40,0.2,bottom_first,0.906301
C:\My_Project\AIGC\DiT\ff\423\297.png,truetest_df40,0.4,hot_first,0.940633
C:\My_Project\AIGC\DiT\ff\423\297.png,truetest_df40,0.4,bottom_first,0.910844
C:\My_Project\AIGC\DiT\ff\423\297.png,truetest_df40,0.6,hot_first,0.941748
C:\My_Project\AIGC\DiT\ff\423\297.png,truetest_df40,0.6,bottom_first,0.906572
C:\My_Project\AIGC\DiT\ff\423\297.png,truetest_df40,1.0,hot_first,0.942528
C:\My_Project\AIGC\DiT\ff\423\297.png,truetest_df40,1.0,bottom_first,0.942528
C:\My_Project\AIGC\DiT\cdf\Fake_from_Youtube-real\00220\19406.png,truetest_df40,0.05,hot_first,0.94817
C:\My_Project\AIGC\DiT\cdf\Fake_from_Youtube-real\00220\19406.png,truetest_df40,0.05,bottom_first,0.937599
C:\My_Project\AIGC\DiT\cdf\Fake_from_Youtube-real\00220\19406.png,truetest_df40,0.1,hot_first,0.952756
C:\My_Project\AIGC\DiT\cdf\Fake_from_Youtube-real\00220\19406.png,truetest_df40,0.1,bottom_first,0.935592
C:\My_Project\AIGC\DiT\cdf\Fake_from_Youtube-real\00220\19406.png,truetest_df40,0.2,hot_first,0.947779
C:\My_Project\AIGC\DiT\cdf\Fake_from_Youtube-real\00220\19406.png,truetest_df40,0.2,bottom_first,0.930255
C:\My_Project\AIGC\DiT\cdf\Fake_from_Youtube-real\00220\19406.png,truetest_df40,0.4,hot_first,0.948075
C:\My_Project\AIGC\DiT\cdf\Fake_from_Youtube-real\00220\19406.png,truetest_df40,0.4,bottom_first,0.931234
C:\My_Project\AIGC\DiT\cdf\Fake_from_Youtube-real\00220\19406.png,truetest_df40,0.6,hot_first,0.944281
C:\My_Project\AIGC\DiT\cdf\Fake_from_Youtube-real\00220\19406.png,truetest_df40,0.6,bottom_first,0.918737
C:\My_Project\AIGC\DiT\cdf\Fake_from_Youtube-real\00220\19406.png,truetest_df40,1.0,hot_first,0.937795
C:\My_Project\AIGC\DiT\cdf\Fake_from_Youtube-real\00220\19406.png,truetest_df40,1.0,bottom_first,0.937795
C:\My_Project\AIGC\DiT\cdf\Fake_from_Celeb-real\id45_0000\10677.png,truetest_df40,0.05,hot_first,0.942585
C:\My_Project\AIGC\DiT\cdf\Fake_from_Celeb-real\id45_0000\10677.png,truetest_df40,0.05,bottom_first,0.911334
C:\My_Project\AIGC\DiT\cdf\Fake_from_Celeb-real\id45_0000\10677.png,truetest_df40,0.1,hot_first,0.941608
C:\My_Project\AIGC\DiT\cdf\Fake_from_Celeb-real\id45_0000\10677.png,truetest_df40,0.1,bottom_first,0.906694
C:\My_Project\AIGC\DiT\cdf\Fake_from_Celeb-real\id45_0000\10677.png,truetest_df40,0.2,hot_first,0.94112
C:\My_Project\AIGC\DiT\cdf\Fake_from_Celeb-real\id45_0000\10677.png,truetest_df40,0.2,bottom_first,0.891367
C:\My_Project\AIGC\DiT\cdf\Fake_from_Celeb-real\id45_0000\10677.png,truetest_df40,0.4,hot_first,0.941311
C:\My_Project\AIGC\DiT\cdf\Fake_from_Celeb-real\id45_0000\10677.png,truetest_df40,0.4,bottom_first,0.880714
C:\My_Project\AIGC\DiT\cdf\Fake_from_Celeb-real\id45_0000\10677.png,truetest_df40,0.6,hot_first,0.936504
C:\My_Project\AIGC\DiT\cdf\Fake_from_Celeb-real\id45_0000\10677.png,truetest_df40,0.6,bottom_first,0.87334
C:\My_Project\AIGC\DiT\cdf\Fake_from_Celeb-real\id45_0000\10677.png,truetest_df40,1.0,hot_first,0.925511
C:\My_Project\AIGC\DiT\cdf\Fake_from_Celeb-real\id45_0000\10677.png,truetest_df40,1.0,bottom_first,0.925511
C:\My_Project\AIGC\SiT\cdf\Fake_from_Celeb-real\id40_0009\14601.png,truetest_df40,0.05,hot_first,0.956078
C:\My_Project\AIGC\SiT\cdf\Fake_from_Celeb-real\id40_0009\14601.png,truetest_df40,0.05,bottom_first,0.936854
C:\My_Project\AIGC\SiT\cdf\Fake_from_Celeb-real\id40_0009\14601.png,truetest_df40,0.1,hot_first,0.957581
C:\My_Project\AIGC\SiT\cdf\Fake_from_Celeb-real\id40_0009\14601.png,truetest_df40,0.1,bottom_first,0.940431
C:\My_Project\AIGC\SiT\cdf\Fake_from_Celeb-real\id40_0009\14601.png,truetest_df40,0.2,hot_first,0.954142
C:\My_Project\AIGC\SiT\cdf\Fake_from_Celeb-real\id40_0009\14601.png,truetest_df40,0.2,bottom_first,0.930822
C:\My_Project\AIGC\SiT\cdf\Fake_from_Celeb-real\id40_0009\14601.png,truetest_df40,0.4,hot_first,0.949821
C:\My_Project\AIGC\SiT\cdf\Fake_from_Celeb-real\id40_0009\14601.png,truetest_df40,0.4,bottom_first,0.923319
C:\My_Project\AIGC\SiT\cdf\Fake_from_Celeb-real\id40_0009\14601.png,truetest_df40,0.6,hot_first,0.946171
C:\My_Project\AIGC\SiT\cdf\Fake_from_Celeb-real\id40_0009\14601.png,truetest_df40,0.6,bottom_first,0.923554
C:\My_Project\AIGC\SiT\cdf\Fake_from_Celeb-real\id40_0009\14601.png,truetest_df40,1.0,hot_first,0.943004
C:\My_Project\AIGC\SiT\cdf\Fake_from_Celeb-real\id40_0009\14601.png,truetest_df40,1.0,bottom_first,0.943004
C:\My_Project\AIGC\SiT\cdf\Fake_from_Celeb-real\id32_0003\23872.png,truetest_df40,0.05,hot_first,0.948257
C:\My_Project\AIGC\SiT\cdf\Fake_from_Celeb-real\id32_0003\23872.png,truetest_df40,0.05,bottom_first,0.934515
C:\My_Project\AIGC\SiT\cdf\Fake_from_Celeb-real\id32_0003\23872.png,truetest_df40,0.1,hot_first,0.951625
C:\My_Project\AIGC\SiT\cdf\Fake_from_Celeb-real\id32_0003\23872.png,truetest_df40,0.1,bottom_first,0.933823
C:\My_Project\AIGC\SiT\cdf\Fake_from_Celeb-real\id32_0003\23872.png,truetest_df40,0.2,hot_first,0.954692
C:\My_Project\AIGC\SiT\cdf\Fake_from_Celeb-real\id32_0003\23872.png,truetest_df40,0.2,bottom_first,0.93054
C:\My_Project\AIGC\SiT\cdf\Fake_from_Celeb-real\id32_0003\23872.png,truetest_df40,0.4,hot_first,0.95419
C:\My_Project\AIGC\SiT\cdf\Fake_from_Celeb-real\id32_0003\23872.png,truetest_df40,0.4,bottom_first,0.924407
C:\My_Project\AIGC\SiT\cdf\Fake_from_Celeb-real\id32_0003\23872.png,truetest_df40,0.6,hot_first,0.956673
C:\My_Project\AIGC\SiT\cdf\Fake_from_Celeb-real\id32_0003\23872.png,truetest_df40,0.6,bottom_first,0.924615
C:\My_Project\AIGC\SiT\cdf\Fake_from_Celeb-real\id32_0003\23872.png,truetest_df40,1.0,hot_first,0.955919
C:\My_Project\AIGC\SiT\cdf\Fake_from_Celeb-real\id32_0003\23872.png,truetest_df40,1.0,bottom_first,0.955919
C:\My_Project\AIGC\SiT\cdf\Fake_from_Celeb-real\id28_0003\27321.png,truetest_df40,0.05,hot_first,0.933588
C:\My_Project\AIGC\SiT\cdf\Fake_from_Celeb-real\id28_0003\27321.png,truetest_df40,0.05,bottom_first,0.917915
C:\My_Project\AIGC\SiT\cdf\Fake_from_Celeb-real\id28_0003\27321.png,truetest_df40,0.1,hot_first,0.939238
C:\My_Project\AIGC\SiT\cdf\Fake_from_Celeb-real\id28_0003\27321.png,truetest_df40,0.1,bottom_first,0.912282
C:\My_Project\AIGC\SiT\cdf\Fake_from_Celeb-real\id28_0003\27321.png,truetest_df40,0.2,hot_first,0.943618
C:\My_Project\AIGC\SiT\cdf\Fake_from_Celeb-real\id28_0003\27321.png,truetest_df40,0.2,bottom_first,0.91053
C:\My_Project\AIGC\SiT\cdf\Fake_from_Celeb-real\id28_0003\27321.png,truetest_df40,0.4,hot_first,0.945067
C:\My_Project\AIGC\SiT\cdf\Fake_from_Celeb-real\id28_0003\27321.png,truetest_df40,0.4,bottom_first,0.8988
C:\My_Project\AIGC\SiT\cdf\Fake_from_Celeb-real\id28_0003\27321.png,truetest_df40,0.6,hot_first,0.939854
C:\My_Project\AIGC\SiT\cdf\Fake_from_Celeb-real\id28_0003\27321.png,truetest_df40,0.6,bottom_first,0.897342
C:\My_Project\AIGC\SiT\cdf\Fake_from_Celeb-real\id28_0003\27321.png,truetest_df40,1.0,hot_first,0.932087
C:\My_Project\AIGC\SiT\cdf\Fake_from_Celeb-real\id28_0003\27321.png,truetest_df40,1.0,bottom_first,0.932087
C:\My_Project\AIGC\SiT\cdf\Fake_from_Youtube-real\00064\1599.png,truetest_df40,0.05,hot_first,0.937882
C:\My_Project\AIGC\SiT\cdf\Fake_from_Youtube-real\00064\1599.png,truetest_df40,0.05,bottom_first,0.928298
C:\My_Project\AIGC\SiT\cdf\Fake_from_Youtube-real\00064\1599.png,truetest_df40,0.1,hot_first,0.942851
C:\My_Project\AIGC\SiT\cdf\Fake_from_Youtube-real\00064\1599.png,truetest_df40,0.1,bottom_first,0.92653
C:\My_Project\AIGC\SiT\cdf\Fake_from_Youtube-real\00064\1599.png,truetest_df40,0.2,hot_first,0.942733
C:\My_Project\AIGC\SiT\cdf\Fake_from_Youtube-real\00064\1599.png,truetest_df40,0.2,bottom_first,0.930115
C:\My_Project\AIGC\SiT\cdf\Fake_from_Youtube-real\00064\1599.png,truetest_df40,0.4,hot_first,0.942535
C:\My_Project\AIGC\SiT\cdf\Fake_from_Youtube-real\00064\1599.png,truetest_df40,0.4,bottom_first,0.921004
C:\My_Project\AIGC\SiT\cdf\Fake_from_Youtube-real\00064\1599.png,truetest_df40,0.6,hot_first,0.936136
C:\My_Project\AIGC\SiT\cdf\Fake_from_Youtube-real\00064\1599.png,truetest_df40,0.6,bottom_first,0.924629
C:\My_Project\AIGC\SiT\cdf\Fake_from_Youtube-real\00064\1599.png,truetest_df40,1.0,hot_first,0.936575
C:\My_Project\AIGC\SiT\cdf\Fake_from_Youtube-real\00064\1599.png,truetest_df40,1.0,bottom_first,0.936575
C:\My_Project\AIGC\SiT\cdf\Fake_from_Youtube-real\00090\11379.png,truetest_df40,0.05,hot_first,0.949513
C:\My_Project\AIGC\SiT\cdf\Fake_from_Youtube-real\00090\11379.png,truetest_df40,0.05,bottom_first,0.938358
C:\My_Project\AIGC\SiT\cdf\Fake_from_Youtube-real\00090\11379.png,truetest_df40,0.1,hot_first,0.949141
C:\My_Project\AIGC\SiT\cdf\Fake_from_Youtube-real\00090\11379.png,truetest_df40,0.1,bottom_first,0.939978
C:\My_Project\AIGC\SiT\cdf\Fake_from_Youtube-real\00090\11379.png,truetest_df40,0.2,hot_first,0.944642
C:\My_Project\AIGC\SiT\cdf\Fake_from_Youtube-real\00090\11379.png,truetest_df40,0.2,bottom_first,0.926504
C:\My_Project\AIGC\SiT\cdf\Fake_from_Youtube-real\00090\11379.png,truetest_df40,0.4,hot_first,0.94318
C:\My_Project\AIGC\SiT\cdf\Fake_from_Youtube-real\00090\11379.png,truetest_df40,0.4,bottom_first,0.918294
C:\My_Project\AIGC\SiT\cdf\Fake_from_Youtube-real\00090\11379.png,truetest_df40,0.6,hot_first,0.944564
C:\My_Project\AIGC\SiT\cdf\Fake_from_Youtube-real\00090\11379.png,truetest_df40,0.6,bottom_first,0.912267
C:\My_Project\AIGC\SiT\cdf\Fake_from_Youtube-real\00090\11379.png,truetest_df40,1.0,hot_first,0.942559
C:\My_Project\AIGC\SiT\cdf\Fake_from_Youtube-real\00090\11379.png,truetest_df40,1.0,bottom_first,0.942559
C:\My_Project\AIGC\SiT\cdf\Fake_from_Celeb-real\id56_0007\26102.png,truetest_df40,0.05,hot_first,0.953438
C:\My_Project\AIGC\SiT\cdf\Fake_from_Celeb-real\id56_0007\26102.png,truetest_df40,0.05,bottom_first,0.94732
C:\My_Project\AIGC\SiT\cdf\Fake_from_Celeb-real\id56_0007\26102.png,truetest_df40,0.1,hot_first,0.955904
C:\My_Project\AIGC\SiT\cdf\Fake_from_Celeb-real\id56_0007\26102.png,truetest_df40,0.1,bottom_first,0.942639
C:\My_Project\AIGC\SiT\cdf\Fake_from_Celeb-real\id56_0007\26102.png,truetest_df40,0.2,hot_first,0.955509
C:\My_Project\AIGC\SiT\cdf\Fake_from_Celeb-real\id56_0007\26102.png,truetest_df40,0.2,bottom_first,0.944592
C:\My_Project\AIGC\SiT\cdf\Fake_from_Celeb-real\id56_0007\26102.png,truetest_df40,0.4,hot_first,0.953252
C:\My_Project\AIGC\SiT\cdf\Fake_from_Celeb-real\id56_0007\26102.png,truetest_df40,0.4,bottom_first,0.939886
C:\My_Project\AIGC\SiT\cdf\Fake_from_Celeb-real\id56_0007\26102.png,truetest_df40,0.6,hot_first,0.951373
C:\My_Project\AIGC\SiT\cdf\Fake_from_Celeb-real\id56_0007\26102.png,truetest_df40,0.6,bottom_first,0.946388
C:\My_Project\AIGC\SiT\cdf\Fake_from_Celeb-real\id56_0007\26102.png,truetest_df40,1.0,hot_first,0.950776
C:\My_Project\AIGC\SiT\cdf\Fake_from_Celeb-real\id56_0007\26102.png,truetest_df40,1.0,bottom_first,0.950776
C:\My_Project\AIGC\ddim\cdf\Fake_from_Celeb-real\id46_0009\Celeb-real_id6_0003_167.png,truetest_df40,0.05,hot_first,0.934668
C:\My_Project\AIGC\ddim\cdf\Fake_from_Celeb-real\id46_0009\Celeb-real_id6_0003_167.png,truetest_df40,0.05,bottom_first,0.9034
C:\My_Project\AIGC\ddim\cdf\Fake_from_Celeb-real\id46_0009\Celeb-real_id6_0003_167.png,truetest_df40,0.1,hot_first,0.931654
C:\My_Project\AIGC\ddim\cdf\Fake_from_Celeb-real\id46_0009\Celeb-real_id6_0003_167.png,truetest_df40,0.1,bottom_first,0.902994
C:\My_Project\AIGC\ddim\cdf\Fake_from_Celeb-real\id46_0009\Celeb-real_id6_0003_167.png,truetest_df40,0.2,hot_first,0.926517
C:\My_Project\AIGC\ddim\cdf\Fake_from_Celeb-real\id46_0009\Celeb-real_id6_0003_167.png,truetest_df40,0.2,bottom_first,0.908732
C:\My_Project\AIGC\ddim\cdf\Fake_from_Celeb-real\id46_0009\Celeb-real_id6_0003_167.png,truetest_df40,0.4,hot_first,0.929434
C:\My_Project\AIGC\ddim\cdf\Fake_from_Celeb-real\id46_0009\Celeb-real_id6_0003_167.png,truetest_df40,0.4,bottom_first,0.904364
C:\My_Project\AIGC\ddim\cdf\Fake_from_Celeb-real\id46_0009\Celeb-real_id6_0003_167.png,truetest_df40,0.6,hot_first,0.935794
C:\My_Project\AIGC\ddim\cdf\Fake_from_Celeb-real\id46_0009\Celeb-real_id6_0003_167.png,truetest_df40,0.6,bottom_first,0.857429
C:\My_Project\AIGC\ddim\cdf\Fake_from_Celeb-real\id46_0009\Celeb-real_id6_0003_167.png,truetest_df40,1.0,hot_first,0.933823
C:\My_Project\AIGC\ddim\cdf\Fake_from_Celeb-real\id46_0009\Celeb-real_id6_0003_167.png,truetest_df40,1.0,bottom_first,0.933823
C:\My_Project\AIGC\ddim\cdf\Fake_from_Celeb-real\id4_0008\Celeb-real_id5_0005_299.png,truetest_df40,0.05,hot_first,0.917377
C:\My_Project\AIGC\ddim\cdf\Fake_from_Celeb-real\id4_0008\Celeb-real_id5_0005_299.png,truetest_df40,0.05,bottom_first,0.919076
C:\My_Project\AIGC\ddim\cdf\Fake_from_Celeb-real\id4_0008\Celeb-real_id5_0005_299.png,truetest_df40,0.1,hot_first,0.915482
C:\My_Project\AIGC\ddim\cdf\Fake_from_Celeb-real\id4_0008\Celeb-real_id5_0005_299.png,truetest_df40,0.1,bottom_first,0.918996
C:\My_Project\AIGC\ddim\cdf\Fake_from_Celeb-real\id4_0008\Celeb-real_id5_0005_299.png,truetest_df40,0.2,hot_first,0.914722
C:\My_Project\AIGC\ddim\cdf\Fake_from_Celeb-real\id4_0008\Celeb-real_id5_0005_299.png,truetest_df40,0.2,bottom_first,0.905711
C:\My_Project\AIGC\ddim\cdf\Fake_from_Celeb-real\id4_0008\Celeb-real_id5_0005_299.png,truetest_df40,0.4,hot_first,0.915949
C:\My_Project\AIGC\ddim\cdf\Fake_from_Celeb-real\id4_0008\Celeb-real_id5_0005_299.png,truetest_df40,0.4,bottom_first,0.881073
C:\My_Project\AIGC\ddim\cdf\Fake_from_Celeb-real\id4_0008\Celeb-real_id5_0005_299.png,truetest_df40,0.6,hot_first,0.920376
C:\My_Project\AIGC\ddim\cdf\Fake_from_Celeb-real\id4_0008\Celeb-real_id5_0005_299.png,truetest_df40,0.6,bottom_first,0.806864
C:\My_Project\AIGC\ddim\cdf\Fake_from_Celeb-real\id4_0008\Celeb-real_id5_0005_299.png,truetest_df40,1.0,hot_first,0.920735
C:\My_Project\AIGC\ddim\cdf\Fake_from_Celeb-real\id4_0008\Celeb-real_id5_0005_299.png,truetest_df40,1.0,bottom_first,0.920735
C:\My_Project\AIGC\ddim\cdf\Fake_from_Celeb-real\id59_0004\YouTube-real_00018_420.png,truetest_df40,0.05,hot_first,0.918136
C:\My_Project\AIGC\ddim\cdf\Fake_from_Celeb-real\id59_0004\YouTube-real_00018_420.png,truetest_df40,0.05,bottom_first,0.886786
C:\My_Project\AIGC\ddim\cdf\Fake_from_Celeb-real\id59_0004\YouTube-real_00018_420.png,truetest_df40,0.1,hot_first,0.914404
C:\My_Project\AIGC\ddim\cdf\Fake_from_Celeb-real\id59_0004\YouTube-real_00018_420.png,truetest_df40,0.1,bottom_first,0.894613
C:\My_Project\AIGC\ddim\cdf\Fake_from_Celeb-real\id59_0004\YouTube-real_00018_420.png,truetest_df40,0.2,hot_first,0.914253
C:\My_Project\AIGC\ddim\cdf\Fake_from_Celeb-real\id59_0004\YouTube-real_00018_420.png,truetest_df40,0.2,bottom_first,0.904315
C:\My_Project\AIGC\ddim\cdf\Fake_from_Celeb-real\id59_0004\YouTube-real_00018_420.png,truetest_df40,0.4,hot_first,0.921135
C:\My_Project\AIGC\ddim\cdf\Fake_from_Celeb-real\id59_0004\YouTube-real_00018_420.png,truetest_df40,0.4,bottom_first,0.887546
C:\My_Project\AIGC\ddim\cdf\Fake_from_Celeb-real\id59_0004\YouTube-real_00018_420.png,truetest_df40,0.6,hot_first,0.926729
C:\My_Project\AIGC\ddim\cdf\Fake_from_Celeb-real\id59_0004\YouTube-real_00018_420.png,truetest_df40,0.6,bottom_first,0.876163
C:\My_Project\AIGC\ddim\cdf\Fake_from_Celeb-real\id59_0004\YouTube-real_00018_420.png,truetest_df40,1.0,hot_first,0.944815
C:\My_Project\AIGC\ddim\cdf\Fake_from_Celeb-real\id59_0004\YouTube-real_00018_420.png,truetest_df40,1.0,bottom_first,0.944815
C:\My_Project\AIGC\ddim\cdf\Fake_from_Celeb-real\id40_0009\Celeb-real_id52_0005_373.png,truetest_df40,0.05,hot_first,0.92619
C:\My_Project\AIGC\ddim\cdf\Fake_from_Celeb-real\id40_0009\Celeb-real_id52_0005_373.png,truetest_df40,0.05,bottom_first,0.919081
C:\My_Project\AIGC\ddim\cdf\Fake_from_Celeb-real\id40_0009\Celeb-real_id52_0005_373.png,truetest_df40,0.1,hot_first,0.922826
C:\My_Project\AIGC\ddim\cdf\Fake_from_Celeb-real\id40_0009\Celeb-real_id52_0005_373.png,truetest_df40,0.1,bottom_first,0.920574
C:\My_Project\AIGC\ddim\cdf\Fake_from_Celeb-real\id40_0009\Celeb-real_id52_0005_373.png,truetest_df40,0.2,hot_first,0.918361
C:\My_Project\AIGC\ddim\cdf\Fake_from_Celeb-real\id40_0009\Celeb-real_id52_0005_373.png,truetest_df40,0.2,bottom_first,0.920228
C:\My_Project\AIGC\ddim\cdf\Fake_from_Celeb-real\id40_0009\Celeb-real_id52_0005_373.png,truetest_df40,0.4,hot_first,0.920781
C:\My_Project\AIGC\ddim\cdf\Fake_from_Celeb-real\id40_0009\Celeb-real_id52_0005_373.png,truetest_df40,0.4,bottom_first,0.91799
C:\My_Project\AIGC\ddim\cdf\Fake_from_Celeb-real\id40_0009\Celeb-real_id52_0005_373.png,truetest_df40,0.6,hot_first,0.925919
C:\My_Project\AIGC\ddim\cdf\Fake_from_Celeb-real\id40_0009\Celeb-real_id52_0005_373.png,truetest_df40,0.6,bottom_first,0.910964
C:\My_Project\AIGC\ddim\cdf\Fake_from_Celeb-real\id40_0009\Celeb-real_id52_0005_373.png,truetest_df40,1.0,hot_first,0.93198
C:\My_Project\AIGC\ddim\cdf\Fake_from_Celeb-real\id40_0009\Celeb-real_id52_0005_373.png,truetest_df40,1.0,bottom_first,0.93198
C:\My_Project\AIGC\ddim\cdf\Fake_from_Youtube-real\00259\Celeb-real_id25_0002_087.png,truetest_df40,0.05,hot_first,0.921929
C:\My_Project\AIGC\ddim\cdf\Fake_from_Youtube-real\00259\Celeb-real_id25_0002_087.png,truetest_df40,0.05,bottom_first,0.91218
C:\My_Project\AIGC\ddim\cdf\Fake_from_Youtube-real\00259\Celeb-real_id25_0002_087.png,truetest_df40,0.1,hot_first,0.914362
C:\My_Project\AIGC\ddim\cdf\Fake_from_Youtube-real\00259\Celeb-real_id25_0002_087.png,truetest_df40,0.1,bottom_first,0.901024
C:\My_Project\AIGC\ddim\cdf\Fake_from_Youtube-real\00259\Celeb-real_id25_0002_087.png,truetest_df40,0.2,hot_first,0.916118
C:\My_Project\AIGC\ddim\cdf\Fake_from_Youtube-real\00259\Celeb-real_id25_0002_087.png,truetest_df40,0.2,bottom_first,0.901836
C:\My_Project\AIGC\ddim\cdf\Fake_from_Youtube-real\00259\Celeb-real_id25_0002_087.png,truetest_df40,0.4,hot_first,0.92586
C:\My_Project\AIGC\ddim\cdf\Fake_from_Youtube-real\00259\Celeb-real_id25_0002_087.png,truetest_df40,0.4,bottom_first,0.888183
C:\My_Project\AIGC\ddim\cdf\Fake_from_Youtube-real\00259\Celeb-real_id25_0002_087.png,truetest_df40,0.6,hot_first,0.923697
C:\My_Project\AIGC\ddim\cdf\Fake_from_Youtube-real\00259\Celeb-real_id25_0002_087.png,truetest_df40,0.6,bottom_first,0.82517
C:\My_Project\AIGC\ddim\cdf\Fake_from_Youtube-real\00259\Celeb-real_id25_0002_087.png,truetest_df40,1.0,hot_first,0.920197
C:\My_Project\AIGC\ddim\cdf\Fake_from_Youtube-real\00259\Celeb-real_id25_0002_087.png,truetest_df40,1.0,bottom_first,0.920197
C:\My_Project\AIGC\ddim\cdf\Fake_from_Celeb-real\id48_0003\Celeb-real_id26_0001_205.png,truetest_df40,0.05,hot_first,0.928039
C:\My_Project\AIGC\ddim\cdf\Fake_from_Celeb-real\id48_0003\Celeb-real_id26_0001_205.png,truetest_df40,0.05,bottom_first,0.904746
C:\My_Project\AIGC\ddim\cdf\Fake_from_Celeb-real\id48_0003\Celeb-real_id26_0001_205.png,truetest_df40,0.1,hot_first,0.925983
C:\My_Project\AIGC\ddim\cdf\Fake_from_Celeb-real\id48_0003\Celeb-real_id26_0001_205.png,truetest_df40,0.1,bottom_first,0.89732
C:\My_Project\AIGC\ddim\cdf\Fake_from_Celeb-real\id48_0003\Celeb-real_id26_0001_205.png,truetest_df40,0.2,hot_first,0.923009
C:\My_Project\AIGC\ddim\cdf\Fake_from_Celeb-real\id48_0003\Celeb-real_id26_0001_205.png,truetest_df40,0.2,bottom_first,0.898063
C:\My_Project\AIGC\ddim\cdf\Fake_from_Celeb-real\id48_0003\Celeb-real_id26_0001_205.png,truetest_df40,0.4,hot_first,0.930064
C:\My_Project\AIGC\ddim\cdf\Fake_from_Celeb-real\id48_0003\Celeb-real_id26_0001_205.png,truetest_df40,0.4,bottom_first,0.883075
C:\My_Project\AIGC\ddim\cdf\Fake_from_Celeb-real\id48_0003\Celeb-real_id26_0001_205.png,truetest_df40,0.6,hot_first,0.931556
C:\My_Project\AIGC\ddim\cdf\Fake_from_Celeb-real\id48_0003\Celeb-real_id26_0001_205.png,truetest_df40,0.6,bottom_first,0.87842
C:\My_Project\AIGC\ddim\cdf\Fake_from_Celeb-real\id48_0003\Celeb-real_id26_0001_205.png,truetest_df40,1.0,hot_first,0.923267
C:\My_Project\AIGC\ddim\cdf\Fake_from_Celeb-real\id48_0003\Celeb-real_id26_0001_205.png,truetest_df40,1.0,bottom_first,0.923267
C:\My_Project\AIGC\ddim\cdf\Fake_from_Celeb-real\id16_0013\YouTube-real_00251_246.png,truetest_df40,0.05,hot_first,0.920065
C:\My_Project\AIGC\ddim\cdf\Fake_from_Celeb-real\id16_0013\YouTube-real_00251_246.png,truetest_df40,0.05,bottom_first,0.91479
C:\My_Project\AIGC\ddim\cdf\Fake_from_Celeb-real\id16_0013\YouTube-real_00251_246.png,truetest_df40,0.1,hot_first,0.925669
C:\My_Project\AIGC\ddim\cdf\Fake_from_Celeb-real\id16_0013\YouTube-real_00251_246.png,truetest_df40,0.1,bottom_first,0.9058
C:\My_Project\AIGC\ddim\cdf\Fake_from_Celeb-real\id16_0013\YouTube-real_00251_246.png,truetest_df40,0.2,hot_first,0.932913
C:\My_Project\AIGC\ddim\cdf\Fake_from_Celeb-real\id16_0013\YouTube-real_00251_246.png,truetest_df40,0.2,bottom_first,0.900741
C:\My_Project\AIGC\ddim\cdf\Fake_from_Celeb-real\id16_0013\YouTube-real_00251_246.png,truetest_df40,0.4,hot_first,0.932724
C:\My_Project\AIGC\ddim\cdf\Fake_from_Celeb-real\id16_0013\YouTube-real_00251_246.png,truetest_df40,0.4,bottom_first,0.887823
C:\My_Project\AIGC\ddim\cdf\Fake_from_Celeb-real\id16_0013\YouTube-real_00251_246.png,truetest_df40,0.6,hot_first,0.933658
C:\My_Project\AIGC\ddim\cdf\Fake_from_Celeb-real\id16_0013\YouTube-real_00251_246.png,truetest_df40,0.6,bottom_first,0.851093
C:\My_Project\AIGC\ddim\cdf\Fake_from_Celeb-real\id16_0013\YouTube-real_00251_246.png,truetest_df40,1.0,hot_first,0.932649
C:\My_Project\AIGC\ddim\cdf\Fake_from_Celeb-real\id16_0013\YouTube-real_00251_246.png,truetest_df40,1.0,bottom_first,0.932649
C:\My_Project\AIGC\pixart\cdf\Fake_from_Celeb-real\id56_0003\YouTube-real_00197_360.png,truetest_df40,0.05,hot_first,0.950368
C:\My_Project\AIGC\pixart\cdf\Fake_from_Celeb-real\id56_0003\YouTube-real_00197_360.png,truetest_df40,0.05,bottom_first,0.932654
C:\My_Project\AIGC\pixart\cdf\Fake_from_Celeb-real\id56_0003\YouTube-real_00197_360.png,truetest_df40,0.1,hot_first,0.954981
C:\My_Project\AIGC\pixart\cdf\Fake_from_Celeb-real\id56_0003\YouTube-real_00197_360.png,truetest_df40,0.1,bottom_first,0.938249
C:\My_Project\AIGC\pixart\cdf\Fake_from_Celeb-real\id56_0003\YouTube-real_00197_360.png,truetest_df40,0.2,hot_first,0.95345
C:\My_Project\AIGC\pixart\cdf\Fake_from_Celeb-real\id56_0003\YouTube-real_00197_360.png,truetest_df40,0.2,bottom_first,0.935893
C:\My_Project\AIGC\pixart\cdf\Fake_from_Celeb-real\id56_0003\YouTube-real_00197_360.png,truetest_df40,0.4,hot_first,0.952082
C:\My_Project\AIGC\pixart\cdf\Fake_from_Celeb-real\id56_0003\YouTube-real_00197_360.png,truetest_df40,0.4,bottom_first,0.936455
C:\My_Project\AIGC\pixart\cdf\Fake_from_Celeb-real\id56_0003\YouTube-real_00197_360.png,truetest_df40,0.6,hot_first,0.950441
C:\My_Project\AIGC\pixart\cdf\Fake_from_Celeb-real\id56_0003\YouTube-real_00197_360.png,truetest_df40,0.6,bottom_first,0.936523
C:\My_Project\AIGC\pixart\cdf\Fake_from_Celeb-real\id56_0003\YouTube-real_00197_360.png,truetest_df40,1.0,hot_first,0.948682
C:\My_Project\AIGC\pixart\cdf\Fake_from_Celeb-real\id56_0003\YouTube-real_00197_360.png,truetest_df40,1.0,bottom_first,0.948682
C:\My_Project\AIGC\pixart\cdf\Fake_from_Celeb-real\id42_0004\Celeb-real_id53_0006_171.png,truetest_df40,0.05,hot_first,0.936244
C:\My_Project\AIGC\pixart\cdf\Fake_from_Celeb-real\id42_0004\Celeb-real_id53_0006_171.png,truetest_df40,0.05,bottom_first,0.93276
C:\My_Project\AIGC\pixart\cdf\Fake_from_Celeb-real\id42_0004\Celeb-real_id53_0006_171.png,truetest_df40,0.1,hot_first,0.943802
C:\My_Project\AIGC\pixart\cdf\Fake_from_Celeb-real\id42_0004\Celeb-real_id53_0006_171.png,truetest_df40,0.1,bottom_first,0.938325
C:\My_Project\AIGC\pixart\cdf\Fake_from_Celeb-real\id42_0004\Celeb-real_id53_0006_171.png,truetest_df40,0.2,hot_first,0.939836
C:\My_Project\AIGC\pixart\cdf\Fake_from_Celeb-real\id42_0004\Celeb-real_id53_0006_171.png,truetest_df40,0.2,bottom_first,0.933072
C:\My_Project\AIGC\pixart\cdf\Fake_from_Celeb-real\id42_0004\Celeb-real_id53_0006_171.png,truetest_df40,0.4,hot_first,0.942063
C:\My_Project\AIGC\pixart\cdf\Fake_from_Celeb-real\id42_0004\Celeb-real_id53_0006_171.png,truetest_df40,0.4,bottom_first,0.931397
C:\My_Project\AIGC\pixart\cdf\Fake_from_Celeb-real\id42_0004\Celeb-real_id53_0006_171.png,truetest_df40,0.6,hot_first,0.942349
C:\My_Project\AIGC\pixart\cdf\Fake_from_Celeb-real\id42_0004\Celeb-real_id53_0006_171.png,truetest_df40,0.6,bottom_first,0.927881
C:\My_Project\AIGC\pixart\cdf\Fake_from_Celeb-real\id42_0004\Celeb-real_id53_0006_171.png,truetest_df40,1.0,hot_first,0.934959
C:\My_Project\AIGC\pixart\cdf\Fake_from_Celeb-real\id42_0004\Celeb-real_id53_0006_171.png,truetest_df40,1.0,bottom_first,0.934959
C:\My_Project\AIGC\pixart\cdf\Fake_from_Youtube-real\00025\Celeb-real_id5_0002_447.png,truetest_df40,0.05,hot_first,0.951898
C:\My_Project\AIGC\pixart\cdf\Fake_from_Youtube-real\00025\Celeb-real_id5_0002_447.png,truetest_df40,0.05,bottom_first,0.93757
C:\My_Project\AIGC\pixart\cdf\Fake_from_Youtube-real\00025\Celeb-real_id5_0002_447.png,truetest_df40,0.1,hot_first,0.953275
C:\My_Project\AIGC\pixart\cdf\Fake_from_Youtube-real\00025\Celeb-real_id5_0002_447.png,truetest_df40,0.1,bottom_first,0.938538
C:\My_Project\AIGC\pixart\cdf\Fake_from_Youtube-real\00025\Celeb-real_id5_0002_447.png,truetest_df40,0.2,hot_first,0.955145
C:\My_Project\AIGC\pixart\cdf\Fake_from_Youtube-real\00025\Celeb-real_id5_0002_447.png,truetest_df40,0.2,bottom_first,0.938426
C:\My_Project\AIGC\pixart\cdf\Fake_from_Youtube-real\00025\Celeb-real_id5_0002_447.png,truetest_df40,0.4,hot_first,0.950942
C:\My_Project\AIGC\pixart\cdf\Fake_from_Youtube-real\00025\Celeb-real_id5_0002_447.png,truetest_df40,0.4,bottom_first,0.931744
C:\My_Project\AIGC\pixart\cdf\Fake_from_Youtube-real\00025\Celeb-real_id5_0002_447.png,truetest_df40,0.6,hot_first,0.950177
C:\My_Project\AIGC\pixart\cdf\Fake_from_Youtube-real\00025\Celeb-real_id5_0002_447.png,truetest_df40,0.6,bottom_first,0.930501
C:\My_Project\AIGC\pixart\cdf\Fake_from_Youtube-real\00025\Celeb-real_id5_0002_447.png,truetest_df40,1.0,hot_first,0.947196
C:\My_Project\AIGC\pixart\cdf\Fake_from_Youtube-real\00025\Celeb-real_id5_0002_447.png,truetest_df40,1.0,bottom_first,0.947196
C:\My_Project\AIGC\pixart\cdf\Fake_from_Celeb-real\id17_0009\Celeb-real_id57_0007_227.png,truetest_df40,0.05,hot_first,0.945232
C:\My_Project\AIGC\pixart\cdf\Fake_from_Celeb-real\id17_0009\Celeb-real_id57_0007_227.png,truetest_df40,0.05,bottom_first,0.932228
C:\My_Project\AIGC\pixart\cdf\Fake_from_Celeb-real\id17_0009\Celeb-real_id57_0007_227.png,truetest_df40,0.1,hot_first,0.947859
C:\My_Project\AIGC\pixart\cdf\Fake_from_Celeb-real\id17_0009\Celeb-real_id57_0007_227.png,truetest_df40,0.1,bottom_first,0.934259
C:\My_Project\AIGC\pixart\cdf\Fake_from_Celeb-real\id17_0009\Celeb-real_id57_0007_227.png,truetest_df40,0.2,hot_first,0.947173
C:\My_Project\AIGC\pixart\cdf\Fake_from_Celeb-real\id17_0009\Celeb-real_id57_0007_227.png,truetest_df40,0.2,bottom_first,0.935444
C:\My_Project\AIGC\pixart\cdf\Fake_from_Celeb-real\id17_0009\Celeb-real_id57_0007_227.png,truetest_df40,0.4,hot_first,0.947718
C:\My_Project\AIGC\pixart\cdf\Fake_from_Celeb-real\id17_0009\Celeb-real_id57_0007_227.png,truetest_df40,0.4,bottom_first,0.924556
C:\My_Project\AIGC\pixart\cdf\Fake_from_Celeb-real\id17_0009\Celeb-real_id57_0007_227.png,truetest_df40,0.6,hot_first,0.946683
C:\My_Project\AIGC\pixart\cdf\Fake_from_Celeb-real\id17_0009\Celeb-real_id57_0007_227.png,truetest_df40,0.6,bottom_first,0.915276
C:\My_Project\AIGC\pixart\cdf\Fake_from_Celeb-real\id17_0009\Celeb-real_id57_0007_227.png,truetest_df40,1.0,hot_first,0.942385
C:\My_Project\AIGC\pixart\cdf\Fake_from_Celeb-real\id17_0009\Celeb-real_id57_0007_227.png,truetest_df40,1.0,bottom_first,0.942385
C:\My_Project\AIGC\pixart\cdf\Fake_from_Celeb-real\id5_0004\Celeb-real_id33_0002_290.png,truetest_df40,0.05,hot_first,0.92658
C:\My_Project\AIGC\pixart\cdf\Fake_from_Celeb-real\id5_0004\Celeb-real_id33_0002_290.png,truetest_df40,0.05,bottom_first,0.927762
C:\My_Project\AIGC\pixart\cdf\Fake_from_Celeb-real\id5_0004\Celeb-real_id33_0002_290.png,truetest_df40,0.1,hot_first,0.931227
C:\My_Project\AIGC\pixart\cdf\Fake_from_Celeb-real\id5_0004\Celeb-real_id33_0002_290.png,truetest_df40,0.1,bottom_first,0.928015
C:\My_Project\AIGC\pixart\cdf\Fake_from_Celeb-real\id5_0004\Celeb-real_id33_0002_290.png,truetest_df40,0.2,hot_first,0.936969
C:\My_Project\AIGC\pixart\cdf\Fake_from_Celeb-real\id5_0004\Celeb-real_id33_0002_290.png,truetest_df40,0.2,bottom_first,0.928144
C:\My_Project\AIGC\pixart\cdf\Fake_from_Celeb-real\id5_0004\Celeb-real_id33_0002_290.png,truetest_df40,0.4,hot_first,0.939307
C:\My_Project\AIGC\pixart\cdf\Fake_from_Celeb-real\id5_0004\Celeb-real_id33_0002_290.png,truetest_df40,0.4,bottom_first,0.926517
C:\My_Project\AIGC\pixart\cdf\Fake_from_Celeb-real\id5_0004\Celeb-real_id33_0002_290.png,truetest_df40,0.6,hot_first,0.939221
C:\My_Project\AIGC\pixart\cdf\Fake_from_Celeb-real\id5_0004\Celeb-real_id33_0002_290.png,truetest_df40,0.6,bottom_first,0.918908
C:\My_Project\AIGC\pixart\cdf\Fake_from_Celeb-real\id5_0004\Celeb-real_id33_0002_290.png,truetest_df40,1.0,hot_first,0.939521
C:\My_Project\AIGC\pixart\cdf\Fake_from_Celeb-real\id5_0004\Celeb-real_id33_0002_290.png,truetest_df40,1.0,bottom_first,0.939521
C:\My_Project\AIGC\pixart\cdf\Fake_from_Celeb-real\id4_0003\Celeb-real_id16_0006_000.png,truetest_df40,0.05,hot_first,0.955501
C:\My_Project\AIGC\pixart\cdf\Fake_from_Celeb-real\id4_0003\Celeb-real_id16_0006_000.png,truetest_df40,0.05,bottom_first,0.942105
C:\My_Project\AIGC\pixart\cdf\Fake_from_Celeb-real\id4_0003\Celeb-real_id16_0006_000.png,truetest_df40,0.1,hot_first,0.956175
C:\My_Project\AIGC\pixart\cdf\Fake_from_Celeb-real\id4_0003\Celeb-real_id16_0006_000.png,truetest_df40,0.1,bottom_first,0.939688
C:\My_Project\AIGC\pixart\cdf\Fake_from_Celeb-real\id4_0003\Celeb-real_id16_0006_000.png,truetest_df40,0.2,hot_first,0.959167
C:\My_Project\AIGC\pixart\cdf\Fake_from_Celeb-real\id4_0003\Celeb-real_id16_0006_000.png,truetest_df40,0.2,bottom_first,0.941817
C:\My_Project\AIGC\pixart\cdf\Fake_from_Celeb-real\id4_0003\Celeb-real_id16_0006_000.png,truetest_df40,0.4,hot_first,0.956464
C:\My_Project\AIGC\pixart\cdf\Fake_from_Celeb-real\id4_0003\Celeb-real_id16_0006_000.png,truetest_df40,0.4,bottom_first,0.939496
C:\My_Project\AIGC\pixart\cdf\Fake_from_Celeb-real\id4_0003\Celeb-real_id16_0006_000.png,truetest_df40,0.6,hot_first,0.954242
C:\My_Project\AIGC\pixart\cdf\Fake_from_Celeb-real\id4_0003\Celeb-real_id16_0006_000.png,truetest_df40,0.6,bottom_first,0.938122
C:\My_Project\AIGC\pixart\cdf\Fake_from_Celeb-real\id4_0003\Celeb-real_id16_0006_000.png,truetest_df40,1.0,hot_first,0.955357
C:\My_Project\AIGC\pixart\cdf\Fake_from_Celeb-real\id4_0003\Celeb-real_id16_0006_000.png,truetest_df40,1.0,bottom_first,0.955357
C:\My_Project\AIGC\pixart\cdf\Fake_from_Celeb-real\id19_0005\Celeb-real_id45_0005_042.png,truetest_df40,0.05,hot_first,0.935669
C:\My_Project\AIGC\pixart\cdf\Fake_from_Celeb-real\id19_0005\Celeb-real_id45_0005_042.png,truetest_df40,0.05,bottom_first,0.923501
C:\My_Project\AIGC\pixart\cdf\Fake_from_Celeb-real\id19_0005\Celeb-real_id45_0005_042.png,truetest_df40,0.1,hot_first,0.943187
C:\My_Project\AIGC\pixart\cdf\Fake_from_Celeb-real\id19_0005\Celeb-real_id45_0005_042.png,truetest_df40,0.1,bottom_first,0.919844
C:\My_Project\AIGC\pixart\cdf\Fake_from_Celeb-real\id19_0005\Celeb-real_id45_0005_042.png,truetest_df40,0.2,hot_first,0.946584
C:\My_Project\AIGC\pixart\cdf\Fake_from_Celeb-real\id19_0005\Celeb-real_id45_0005_042.png,truetest_df40,0.2,bottom_first,0.921253
C:\My_Project\AIGC\pixart\cdf\Fake_from_Celeb-real\id19_0005\Celeb-real_id45_0005_042.png,truetest_df40,0.4,hot_first,0.938942
C:\My_Project\AIGC\pixart\cdf\Fake_from_Celeb-real\id19_0005\Celeb-real_id45_0005_042.png,truetest_df40,0.4,bottom_first,0.918312
C:\My_Project\AIGC\pixart\cdf\Fake_from_Celeb-real\id19_0005\Celeb-real_id45_0005_042.png,truetest_df40,0.6,hot_first,0.937778
C:\My_Project\AIGC\pixart\cdf\Fake_from_Celeb-real\id19_0005\Celeb-real_id45_0005_042.png,truetest_df40,0.6,bottom_first,0.91729
C:\My_Project\AIGC\pixart\cdf\Fake_from_Celeb-real\id19_0005\Celeb-real_id45_0005_042.png,truetest_df40,1.0,hot_first,0.937494
C:\My_Project\AIGC\pixart\cdf\Fake_from_Celeb-real\id19_0005\Celeb-real_id45_0005_042.png,truetest_df40,1.0,bottom_first,0.937494
C:\My_Project\AIGC\pixart\cdf\Fake_from_Youtube-real\00190\YouTube-real_00202_417.png,truetest_df40,0.05,hot_first,0.928865
C:\My_Project\AIGC\pixart\cdf\Fake_from_Youtube-real\00190\YouTube-real_00202_417.png,truetest_df40,0.05,bottom_first,0.897198
C:\My_Project\AIGC\pixart\cdf\Fake_from_Youtube-real\00190\YouTube-real_00202_417.png,truetest_df40,0.1,hot_first,0.935306
C:\My_Project\AIGC\pixart\cdf\Fake_from_Youtube-real\00190\YouTube-real_00202_417.png,truetest_df40,0.1,bottom_first,0.900525
C:\My_Project\AIGC\pixart\cdf\Fake_from_Youtube-real\00190\YouTube-real_00202_417.png,truetest_df40,0.2,hot_first,0.943149
C:\My_Project\AIGC\pixart\cdf\Fake_from_Youtube-real\00190\YouTube-real_00202_417.png,truetest_df40,0.2,bottom_first,0.894482
C:\My_Project\AIGC\pixart\cdf\Fake_from_Youtube-real\00190\YouTube-real_00202_417.png,truetest_df40,0.4,hot_first,0.936315
C:\My_Project\AIGC\pixart\cdf\Fake_from_Youtube-real\00190\YouTube-real_00202_417.png,truetest_df40,0.4,bottom_first,0.894316
C:\My_Project\AIGC\pixart\cdf\Fake_from_Youtube-real\00190\YouTube-real_00202_417.png,truetest_df40,0.6,hot_first,0.931139
C:\My_Project\AIGC\pixart\cdf\Fake_from_Youtube-real\00190\YouTube-real_00202_417.png,truetest_df40,0.6,bottom_first,0.889503
C:\My_Project\AIGC\pixart\cdf\Fake_from_Youtube-real\00190\YouTube-real_00202_417.png,truetest_df40,1.0,hot_first,0.924971
C:\My_Project\AIGC\pixart\cdf\Fake_from_Youtube-real\00190\YouTube-real_00202_417.png,truetest_df40,1.0,bottom_first,0.924971
C:\My_Project\AIGC\pixart\cdf\Fake_from_Celeb-real\id9_0009\YouTube-real_00207_016.png,truetest_df40,0.05,hot_first,0.945225
C:\My_Project\AIGC\pixart\cdf\Fake_from_Celeb-real\id9_0009\YouTube-real_00207_016.png,truetest_df40,0.05,bottom_first,0.929794
C:\My_Project\AIGC\pixart\cdf\Fake_from_Celeb-real\id9_0009\YouTube-real_00207_016.png,truetest_df40,0.1,hot_first,0.947526
C:\My_Project\AIGC\pixart\cdf\Fake_from_Celeb-real\id9_0009\YouTube-real_00207_016.png,truetest_df40,0.1,bottom_first,0.928434
C:\My_Project\AIGC\pixart\cdf\Fake_from_Celeb-real\id9_0009\YouTube-real_00207_016.png,truetest_df40,0.2,hot_first,0.9516
C:\My_Project\AIGC\pixart\cdf\Fake_from_Celeb-real\id9_0009\YouTube-real_00207_016.png,truetest_df40,0.2,bottom_first,0.926148
C:\My_Project\AIGC\pixart\cdf\Fake_from_Celeb-real\id9_0009\YouTube-real_00207_016.png,truetest_df40,0.4,hot_first,0.950826
C:\My_Project\AIGC\pixart\cdf\Fake_from_Celeb-real\id9_0009\YouTube-real_00207_016.png,truetest_df40,0.4,bottom_first,0.925777
C:\My_Project\AIGC\pixart\cdf\Fake_from_Celeb-real\id9_0009\YouTube-real_00207_016.png,truetest_df40,0.6,hot_first,0.949484
C:\My_Project\AIGC\pixart\cdf\Fake_from_Celeb-real\id9_0009\YouTube-real_00207_016.png,truetest_df40,0.6,bottom_first,0.921184
C:\My_Project\AIGC\pixart\cdf\Fake_from_Celeb-real\id9_0009\YouTube-real_00207_016.png,truetest_df40,1.0,hot_first,0.946644
C:\My_Project\AIGC\pixart\cdf\Fake_from_Celeb-real\id9_0009\YouTube-real_00207_016.png,truetest_df40,1.0,bottom_first,0.946644
C:\My_Project\AIGC\MidJourney\fake\13592447708_Clean_East_Asian_female_face_face_only_shown_face_c_9a291ec4-afb9-4bb5-ae51-b6c6a0eb0231.png,truetest_df40,0.05,hot_first,0.936219
C:\My_Project\AIGC\MidJourney\fake\13592447708_Clean_East_Asian_female_face_face_only_shown_face_c_9a291ec4-afb9-4bb5-ae51-b6c6a0eb0231.png,truetest_df40,0.05,bottom_first,0.916262
C:\My_Project\AIGC\MidJourney\fake\13592447708_Clean_East_Asian_female_face_face_only_shown_face_c_9a291ec4-afb9-4bb5-ae51-b6c6a0eb0231.png,truetest_df40,0.1,hot_first,0.939421
C:\My_Project\AIGC\MidJourney\fake\13592447708_Clean_East_Asian_female_face_face_only_shown_face_c_9a291ec4-afb9-4bb5-ae51-b6c6a0eb0231.png,truetest_df40,0.1,bottom_first,0.907053
C:\My_Project\AIGC\MidJourney\fake\13592447708_Clean_East_Asian_female_face_face_only_shown_face_c_9a291ec4-afb9-4bb5-ae51-b6c6a0eb0231.png,truetest_df40,0.2,hot_first,0.94167
C:\My_Project\AIGC\MidJourney\fake\13592447708_Clean_East_Asian_female_face_face_only_shown_face_c_9a291ec4-afb9-4bb5-ae51-b6c6a0eb0231.png,truetest_df40,0.2,bottom_first,0.890261
C:\My_Project\AIGC\MidJourney\fake\13592447708_Clean_East_Asian_female_face_face_only_shown_face_c_9a291ec4-afb9-4bb5-ae51-b6c6a0eb0231.png,truetest_df40,0.4,hot_first,0.948239
C:\My_Project\AIGC\MidJourney\fake\13592447708_Clean_East_Asian_female_face_face_only_shown_face_c_9a291ec4-afb9-4bb5-ae51-b6c6a0eb0231.png,truetest_df40,0.4,bottom_first,0.88962
C:\My_Project\AIGC\MidJourney\fake\13592447708_Clean_East_Asian_female_face_face_only_shown_face_c_9a291ec4-afb9-4bb5-ae51-b6c6a0eb0231.png,truetest_df40,0.6,hot_first,0.946924
C:\My_Project\AIGC\MidJourney\fake\13592447708_Clean_East_Asian_female_face_face_only_shown_face_c_9a291ec4-afb9-4bb5-ae51-b6c6a0eb0231.png,truetest_df40,0.6,bottom_first,0.88556
C:\My_Project\AIGC\MidJourney\fake\13592447708_Clean_East_Asian_female_face_face_only_shown_face_c_9a291ec4-afb9-4bb5-ae51-b6c6a0eb0231.png,truetest_df40,1.0,hot_first,0.938958
C:\My_Project\AIGC\MidJourney\fake\13592447708_Clean_East_Asian_female_face_face_only_shown_face_c_9a291ec4-afb9-4bb5-ae51-b6c6a0eb0231.png,truetest_df40,1.0,bottom_first,0.938958
C:\My_Project\AIGC\MidJourney\fake\13592447708_black_male_face_face_only_face_close-up_face_close-_524a2bd2-dac3-4b78-aeab-19043a1c99fa.png,truetest_df40,0.05,hot_first,0.926981
C:\My_Project\AIGC\MidJourney\fake\13592447708_black_male_face_face_only_face_close-up_face_close-_524a2bd2-dac3-4b78-aeab-19043a1c99fa.png,truetest_df40,0.05,bottom_first,0.917746
C:\My_Project\AIGC\MidJourney\fake\13592447708_black_male_face_face_only_face_close-up_face_close-_524a2bd2-dac3-4b78-aeab-19043a1c99fa.png,truetest_df40,0.1,hot_first,0.928222
C:\My_Project\AIGC\MidJourney\fake\13592447708_black_male_face_face_only_face_close-up_face_close-_524a2bd2-dac3-4b78-aeab-19043a1c99fa.png,truetest_df40,0.1,bottom_first,0.917187
C:\My_Project\AIGC\MidJourney\fake\13592447708_black_male_face_face_only_face_close-up_face_close-_524a2bd2-dac3-4b78-aeab-19043a1c99fa.png,truetest_df40,0.2,hot_first,0.935441
C:\My_Project\AIGC\MidJourney\fake\13592447708_black_male_face_face_only_face_close-up_face_close-_524a2bd2-dac3-4b78-aeab-19043a1c99fa.png,truetest_df40,0.2,bottom_first,0.904797
C:\My_Project\AIGC\MidJourney\fake\13592447708_black_male_face_face_only_face_close-up_face_close-_524a2bd2-dac3-4b78-aeab-19043a1c99fa.png,truetest_df40,0.4,hot_first,0.937945
C:\My_Project\AIGC\MidJourney\fake\13592447708_black_male_face_face_only_face_close-up_face_close-_524a2bd2-dac3-4b78-aeab-19043a1c99fa.png,truetest_df40,0.4,bottom_first,0.884467
C:\My_Project\AIGC\MidJourney\fake\13592447708_black_male_face_face_only_face_close-up_face_close-_524a2bd2-dac3-4b78-aeab-19043a1c99fa.png,truetest_df40,0.6,hot_first,0.941756
C:\My_Project\AIGC\MidJourney\fake\13592447708_black_male_face_face_only_face_close-up_face_close-_524a2bd2-dac3-4b78-aeab-19043a1c99fa.png,truetest_df40,0.6,bottom_first,0.862818
C:\My_Project\AIGC\MidJourney\fake\13592447708_black_male_face_face_only_face_close-up_face_close-_524a2bd2-dac3-4b78-aeab-19043a1c99fa.png,truetest_df40,1.0,hot_first,0.931861
C:\My_Project\AIGC\MidJourney\fake\13592447708_black_male_face_face_only_face_close-up_face_close-_524a2bd2-dac3-4b78-aeab-19043a1c99fa.png,truetest_df40,1.0,bottom_first,0.931861
C:\My_Project\AIGC\MidJourney\fake\13592447708_Clean_East_Asian_female_face_face_only_shown_face_c_1d2e44fb-de7a-49c1-ba4f-3dc5771a38c3.png,truetest_df40,0.05,hot_first,0.928852
C:\My_Project\AIGC\MidJourney\fake\13592447708_Clean_East_Asian_female_face_face_only_shown_face_c_1d2e44fb-de7a-49c1-ba4f-3dc5771a38c3.png,truetest_df40,0.05,bottom_first,0.899197
C:\My_Project\AIGC\MidJourney\fake\13592447708_Clean_East_Asian_female_face_face_only_shown_face_c_1d2e44fb-de7a-49c1-ba4f-3dc5771a38c3.png,truetest_df40,0.1,hot_first,0.937683
C:\My_Project\AIGC\MidJourney\fake\13592447708_Clean_East_Asian_female_face_face_only_shown_face_c_1d2e44fb-de7a-49c1-ba4f-3dc5771a38c3.png,truetest_df40,0.1,bottom_first,0.894636
C:\My_Project\AIGC\MidJourney\fake\13592447708_Clean_East_Asian_female_face_face_only_shown_face_c_1d2e44fb-de7a-49c1-ba4f-3dc5771a38c3.png,truetest_df40,0.2,hot_first,0.939282
C:\My_Project\AIGC\MidJourney\fake\13592447708_Clean_East_Asian_female_face_face_only_shown_face_c_1d2e44fb-de7a-49c1-ba4f-3dc5771a38c3.png,truetest_df40,0.2,bottom_first,0.894867
C:\My_Project\AIGC\MidJourney\fake\13592447708_Clean_East_Asian_female_face_face_only_shown_face_c_1d2e44fb-de7a-49c1-ba4f-3dc5771a38c3.png,truetest_df40,0.4,hot_first,0.940847
C:\My_Project\AIGC\MidJourney\fake\13592447708_Clean_East_Asian_female_face_face_only_shown_face_c_1d2e44fb-de7a-49c1-ba4f-3dc5771a38c3.png,truetest_df40,0.4,bottom_first,0.852425
C:\My_Project\AIGC\MidJourney\fake\13592447708_Clean_East_Asian_female_face_face_only_shown_face_c_1d2e44fb-de7a-49c1-ba4f-3dc5771a38c3.png,truetest_df40,0.6,hot_first,0.936848
C:\My_Project\AIGC\MidJourney\fake\13592447708_Clean_East_Asian_female_face_face_only_shown_face_c_1d2e44fb-de7a-49c1-ba4f-3dc5771a38c3.png,truetest_df40,0.6,bottom_first,0.788904
C:\My_Project\AIGC\MidJourney\fake\13592447708_Clean_East_Asian_female_face_face_only_shown_face_c_1d2e44fb-de7a-49c1-ba4f-3dc5771a38c3.png,truetest_df40,1.0,hot_first,0.924573
C:\My_Project\AIGC\MidJourney\fake\13592447708_Clean_East_Asian_female_face_face_only_shown_face_c_1d2e44fb-de7a-49c1-ba4f-3dc5771a38c3.png,truetest_df40,1.0,bottom_first,0.924573
C:\My_Project\AIGC\MidJourney\fake\13592447708_Caucasian_male_face_face_only_shown_face_close-up_f_863eaf4d-e67a-4603-b654-2609e4e39dfd.png,truetest_df40,0.05,hot_first,0.923513
C:\My_Project\AIGC\MidJourney\fake\13592447708_Caucasian_male_face_face_only_shown_face_close-up_f_863eaf4d-e67a-4603-b654-2609e4e39dfd.png,truetest_df40,0.05,bottom_first,0.911343
C:\My_Project\AIGC\MidJourney\fake\13592447708_Caucasian_male_face_face_only_shown_face_close-up_f_863eaf4d-e67a-4603-b654-2609e4e39dfd.png,truetest_df40,0.1,hot_first,0.923708
C:\My_Project\AIGC\MidJourney\fake\13592447708_Caucasian_male_face_face_only_shown_face_close-up_f_863eaf4d-e67a-4603-b654-2609e4e39dfd.png,truetest_df40,0.1,bottom_first,0.900787
C:\My_Project\AIGC\MidJourney\fake\13592447708_Caucasian_male_face_face_only_shown_face_close-up_f_863eaf4d-e67a-4603-b654-2609e4e39dfd.png,truetest_df40,0.2,hot_first,0.917601
C:\My_Project\AIGC\MidJourney\fake\13592447708_Caucasian_male_face_face_only_shown_face_close-up_f_863eaf4d-e67a-4603-b654-2609e4e39dfd.png,truetest_df40,0.2,bottom_first,0.875972
C:\My_Project\AIGC\MidJourney\fake\13592447708_Caucasian_male_face_face_only_shown_face_close-up_f_863eaf4d-e67a-4603-b654-2609e4e39dfd.png,truetest_df40,0.4,hot_first,0.914663
C:\My_Project\AIGC\MidJourney\fake\13592447708_Caucasian_male_face_face_only_shown_face_close-up_f_863eaf4d-e67a-4603-b654-2609e4e39dfd.png,truetest_df40,0.4,bottom_first,0.823807
C:\My_Project\AIGC\MidJourney\fake\13592447708_Caucasian_male_face_face_only_shown_face_close-up_f_863eaf4d-e67a-4603-b654-2609e4e39dfd.png,truetest_df40,0.6,hot_first,0.916817
C:\My_Project\AIGC\MidJourney\fake\13592447708_Caucasian_male_face_face_only_shown_face_close-up_f_863eaf4d-e67a-4603-b654-2609e4e39dfd.png,truetest_df40,0.6,bottom_first,0.83779
C:\My_Project\AIGC\MidJourney\fake\13592447708_Caucasian_male_face_face_only_shown_face_close-up_f_863eaf4d-e67a-4603-b654-2609e4e39dfd.png,truetest_df40,1.0,hot_first,0.902701
C:\My_Project\AIGC\MidJourney\fake\13592447708_Caucasian_male_face_face_only_shown_face_close-up_f_863eaf4d-e67a-4603-b654-2609e4e39dfd.png,truetest_df40,1.0,bottom_first,0.902701
C:\My_Project\AIGC\MidJourney\fake\13592447708_Clean_caucasian_female_face_face_only_shown_face_cl_371aa179-9997-4f8e-971b-d379834f6fba.png,truetest_df40,0.05,hot_first,0.921539
C:\My_Project\AIGC\MidJourney\fake\13592447708_Clean_caucasian_female_face_face_only_shown_face_cl_371aa179-9997-4f8e-971b-d379834f6fba.png,truetest_df40,0.05,bottom_first,0.888712
C:\My_Project\AIGC\MidJourney\fake\13592447708_Clean_caucasian_female_face_face_only_shown_face_cl_371aa179-9997-4f8e-971b-d379834f6fba.png,truetest_df40,0.1,hot_first,0.923804
C:\My_Project\AIGC\MidJourney\fake\13592447708_Clean_caucasian_female_face_face_only_shown_face_cl_371aa179-9997-4f8e-971b-d379834f6fba.png,truetest_df40,0.1,bottom_first,0.849528
C:\My_Project\AIGC\MidJourney\fake\13592447708_Clean_caucasian_female_face_face_only_shown_face_cl_371aa179-9997-4f8e-971b-d379834f6fba.png,truetest_df40,0.2,hot_first,0.930229
C:\My_Project\AIGC\MidJourney\fake\13592447708_Clean_caucasian_female_face_face_only_shown_face_cl_371aa179-9997-4f8e-971b-d379834f6fba.png,truetest_df40,0.2,bottom_first,0.765351
C:\My_Project\AIGC\MidJourney\fake\13592447708_Clean_caucasian_female_face_face_only_shown_face_cl_371aa179-9997-4f8e-971b-d379834f6fba.png,truetest_df40,0.4,hot_first,0.938871
C:\My_Project\AIGC\MidJourney\fake\13592447708_Clean_caucasian_female_face_face_only_shown_face_cl_371aa179-9997-4f8e-971b-d379834f6fba.png,truetest_df40,0.4,bottom_first,0.723224
C:\My_Project\AIGC\MidJourney\fake\13592447708_Clean_caucasian_female_face_face_only_shown_face_cl_371aa179-9997-4f8e-971b-d379834f6fba.png,truetest_df40,0.6,hot_first,0.938984
C:\My_Project\AIGC\MidJourney\fake\13592447708_Clean_caucasian_female_face_face_only_shown_face_cl_371aa179-9997-4f8e-971b-d379834f6fba.png,truetest_df40,0.6,bottom_first,0.663775
C:\My_Project\AIGC\MidJourney\fake\13592447708_Clean_caucasian_female_face_face_only_shown_face_cl_371aa179-9997-4f8e-971b-d379834f6fba.png,truetest_df40,1.0,hot_first,0.899125
C:\My_Project\AIGC\MidJourney\fake\13592447708_Clean_caucasian_female_face_face_only_shown_face_cl_371aa179-9997-4f8e-971b-d379834f6fba.png,truetest_df40,1.0,bottom_first,0.899125
C:\My_Project\AIGC\MidJourney\fake\13592447708_Single_person_black_male_looking_at_the_camera_faci_98af1a10-6ac8-4ca8-b1c5-ea25c727725d.png,truetest_df40,0.05,hot_first,0.930435
C:\My_Project\AIGC\MidJourney\fake\13592447708_Single_person_black_male_looking_at_the_camera_faci_98af1a10-6ac8-4ca8-b1c5-ea25c727725d.png,truetest_df40,0.05,bottom_first,0.911615
C:\My_Project\AIGC\MidJourney\fake\13592447708_Single_person_black_male_looking_at_the_camera_faci_98af1a10-6ac8-4ca8-b1c5-ea25c727725d.png,truetest_df40,0.1,hot_first,0.930029
C:\My_Project\AIGC\MidJourney\fake\13592447708_Single_person_black_male_looking_at_the_camera_faci_98af1a10-6ac8-4ca8-b1c5-ea25c727725d.png,truetest_df40,0.1,bottom_first,0.905841
C:\My_Project\AIGC\MidJourney\fake\13592447708_Single_person_black_male_looking_at_the_camera_faci_98af1a10-6ac8-4ca8-b1c5-ea25c727725d.png,truetest_df40,0.2,hot_first,0.930751
C:\My_Project\AIGC\MidJourney\fake\13592447708_Single_person_black_male_looking_at_the_camera_faci_98af1a10-6ac8-4ca8-b1c5-ea25c727725d.png,truetest_df40,0.2,bottom_first,0.900314
C:\My_Project\AIGC\MidJourney\fake\13592447708_Single_person_black_male_looking_at_the_camera_faci_98af1a10-6ac8-4ca8-b1c5-ea25c727725d.png,truetest_df40,0.4,hot_first,0.934974
C:\My_Project\AIGC\MidJourney\fake\13592447708_Single_person_black_male_looking_at_the_camera_faci_98af1a10-6ac8-4ca8-b1c5-ea25c727725d.png,truetest_df40,0.4,bottom_first,0.847278
C:\My_Project\AIGC\MidJourney\fake\13592447708_Single_person_black_male_looking_at_the_camera_faci_98af1a10-6ac8-4ca8-b1c5-ea25c727725d.png,truetest_df40,0.6,hot_first,0.924902
C:\My_Project\AIGC\MidJourney\fake\13592447708_Single_person_black_male_looking_at_the_camera_faci_98af1a10-6ac8-4ca8-b1c5-ea25c727725d.png,truetest_df40,0.6,bottom_first,0.760175
C:\My_Project\AIGC\MidJourney\fake\13592447708_Single_person_black_male_looking_at_the_camera_faci_98af1a10-6ac8-4ca8-b1c5-ea25c727725d.png,truetest_df40,1.0,hot_first,0.91287
C:\My_Project\AIGC\MidJourney\fake\13592447708_Single_person_black_male_looking_at_the_camera_faci_98af1a10-6ac8-4ca8-b1c5-ea25c727725d.png,truetest_df40,1.0,bottom_first,0.91287
C:\My_Project\AIGC\MidJourney\fake\13592447708_Single_person_East_Asian_woman_looking_at_the_camer_77845836-0438-4211-80f8-57975f4c3ed3.png,truetest_df40,0.05,hot_first,0.909149
C:\My_Project\AIGC\MidJourney\fake\13592447708_Single_person_East_Asian_woman_looking_at_the_camer_77845836-0438-4211-80f8-57975f4c3ed3.png,truetest_df40,0.05,bottom_first,0.887918
C:\My_Project\AIGC\MidJourney\fake\13592447708_Single_person_East_Asian_woman_looking_at_the_camer_77845836-0438-4211-80f8-57975f4c3ed3.png,truetest_df40,0.1,hot_first,0.912966
C:\My_Project\AIGC\MidJourney\fake\13592447708_Single_person_East_Asian_woman_looking_at_the_camer_77845836-0438-4211-80f8-57975f4c3ed3.png,truetest_df40,0.1,bottom_first,0.883361
C:\My_Project\AIGC\MidJourney\fake\13592447708_Single_person_East_Asian_woman_looking_at_the_camer_77845836-0438-4211-80f8-57975f4c3ed3.png,truetest_df40,0.2,hot_first,0.920732
C:\My_Project\AIGC\MidJourney\fake\13592447708_Single_person_East_Asian_woman_looking_at_the_camer_77845836-0438-4211-80f8-57975f4c3ed3.png,truetest_df40,0.2,bottom_first,0.870244
C:\My_Project\AIGC\MidJourney\fake\13592447708_Single_person_East_Asian_woman_looking_at_the_camer_77845836-0438-4211-80f8-57975f4c3ed3.png,truetest_df40,0.4,hot_first,0.926881
C:\My_Project\AIGC\MidJourney\fake\13592447708_Single_person_East_Asian_woman_looking_at_the_camer_77845836-0438-4211-80f8-57975f4c3ed3.png,truetest_df40,0.4,bottom_first,0.863102
C:\My_Project\AIGC\MidJourney\fake\13592447708_Single_person_East_Asian_woman_looking_at_the_camer_77845836-0438-4211-80f8-57975f4c3ed3.png,truetest_df40,0.6,hot_first,0.935156
C:\My_Project\AIGC\MidJourney\fake\13592447708_Single_person_East_Asian_woman_looking_at_the_camer_77845836-0438-4211-80f8-57975f4c3ed3.png,truetest_df40,0.6,bottom_first,0.880512
C:\My_Project\AIGC\MidJourney\fake\13592447708_Single_person_East_Asian_woman_looking_at_the_camer_77845836-0438-4211-80f8-57975f4c3ed3.png,truetest_df40,1.0,hot_first,0.922556
C:\My_Project\AIGC\MidJourney\fake\13592447708_Single_person_East_Asian_woman_looking_at_the_camer_77845836-0438-4211-80f8-57975f4c3ed3.png,truetest_df40,1.0,bottom_first,0.922556
C:\My_Project\AIGC\MidJourney\fake\13592447708_Clean_East_Asian_male_face_face_only_shown_face_clo_c74641a3-5ee5-4d91-a444-5f1bb07857a2.png,truetest_df40,0.05,hot_first,0.924023
C:\My_Project\AIGC\MidJourney\fake\13592447708_Clean_East_Asian_male_face_face_only_shown_face_clo_c74641a3-5ee5-4d91-a444-5f1bb07857a2.png,truetest_df40,0.05,bottom_first,0.900738
C:\My_Project\AIGC\MidJourney\fake\13592447708_Clean_East_Asian_male_face_face_only_shown_face_clo_c74641a3-5ee5-4d91-a444-5f1bb07857a2.png,truetest_df40,0.1,hot_first,0.934059
C:\My_Project\AIGC\MidJourney\fake\13592447708_Clean_East_Asian_male_face_face_only_shown_face_clo_c74641a3-5ee5-4d91-a444-5f1bb07857a2.png,truetest_df40,0.1,bottom_first,0.898851
C:\My_Project\AIGC\MidJourney\fake\13592447708_Clean_East_Asian_male_face_face_only_shown_face_clo_c74641a3-5ee5-4d91-a444-5f1bb07857a2.png,truetest_df40,0.2,hot_first,0.939184
C:\My_Project\AIGC\MidJourney\fake\13592447708_Clean_East_Asian_male_face_face_only_shown_face_clo_c74641a3-5ee5-4d91-a444-5f1bb07857a2.png,truetest_df40,0.2,bottom_first,0.880857
C:\My_Project\AIGC\MidJourney\fake\13592447708_Clean_East_Asian_male_face_face_only_shown_face_clo_c74641a3-5ee5-4d91-a444-5f1bb07857a2.png,truetest_df40,0.4,hot_first,0.936653
C:\My_Project\AIGC\MidJourney\fake\13592447708_Clean_East_Asian_male_face_face_only_shown_face_clo_c74641a3-5ee5-4d91-a444-5f1bb07857a2.png,truetest_df40,0.4,bottom_first,0.85603
C:\My_Project\AIGC\MidJourney\fake\13592447708_Clean_East_Asian_male_face_face_only_shown_face_clo_c74641a3-5ee5-4d91-a444-5f1bb07857a2.png,truetest_df40,0.6,hot_first,0.937371
C:\My_Project\AIGC\MidJourney\fake\13592447708_Clean_East_Asian_male_face_face_only_shown_face_clo_c74641a3-5ee5-4d91-a444-5f1bb07857a2.png,truetest_df40,0.6,bottom_first,0.82992
C:\My_Project\AIGC\MidJourney\fake\13592447708_Clean_East_Asian_male_face_face_only_shown_face_clo_c74641a3-5ee5-4d91-a444-5f1bb07857a2.png,truetest_df40,1.0,hot_first,0.92427
C:\My_Project\AIGC\MidJourney\fake\13592447708_Clean_East_Asian_male_face_face_only_shown_face_clo_c74641a3-5ee5-4d91-a444-5f1bb07857a2.png,truetest_df40,1.0,bottom_first,0.92427
C:\My_Project\AIGC\MidJourney\fake\13592447708_Single_person_East_Asian_male_looking_at_the_camera_78f40ad6-2361-4e4e-be75-f7932e116674.png,truetest_df40,0.05,hot_first,0.933525
C:\My_Project\AIGC\MidJourney\fake\13592447708_Single_person_East_Asian_male_looking_at_the_camera_78f40ad6-2361-4e4e-be75-f7932e116674.png,truetest_df40,0.05,bottom_first,0.912288
C:\My_Project\AIGC\MidJourney\fake\13592447708_Single_person_East_Asian_male_looking_at_the_camera_78f40ad6-2361-4e4e-be75-f7932e116674.png,truetest_df40,0.1,hot_first,0.929354
C:\My_Project\AIGC\MidJourney\fake\13592447708_Single_person_East_Asian_male_looking_at_the_camera_78f40ad6-2361-4e4e-be75-f7932e116674.png,truetest_df40,0.1,bottom_first,0.902301
C:\My_Project\AIGC\MidJourney\fake\13592447708_Single_person_East_Asian_male_looking_at_the_camera_78f40ad6-2361-4e4e-be75-f7932e116674.png,truetest_df40,0.2,hot_first,0.936848
C:\My_Project\AIGC\MidJourney\fake\13592447708_Single_person_East_Asian_male_looking_at_the_camera_78f40ad6-2361-4e4e-be75-f7932e116674.png,truetest_df40,0.2,bottom_first,0.894059
C:\My_Project\AIGC\MidJourney\fake\13592447708_Single_person_East_Asian_male_looking_at_the_camera_78f40ad6-2361-4e4e-be75-f7932e116674.png,truetest_df40,0.4,hot_first,0.926464
C:\My_Project\AIGC\MidJourney\fake\13592447708_Single_person_East_Asian_male_looking_at_the_camera_78f40ad6-2361-4e4e-be75-f7932e116674.png,truetest_df40,0.4,bottom_first,0.805529
C:\My_Project\AIGC\MidJourney\fake\13592447708_Single_person_East_Asian_male_looking_at_the_camera_78f40ad6-2361-4e4e-be75-f7932e116674.png,truetest_df40,0.6,hot_first,0.923815
C:\My_Project\AIGC\MidJourney\fake\13592447708_Single_person_East_Asian_male_looking_at_the_camera_78f40ad6-2361-4e4e-be75-f7932e116674.png,truetest_df40,0.6,bottom_first,0.815029
C:\My_Project\AIGC\MidJourney\fake\13592447708_Single_person_East_Asian_male_looking_at_the_camera_78f40ad6-2361-4e4e-be75-f7932e116674.png,truetest_df40,1.0,hot_first,0.924779
C:\My_Project\AIGC\MidJourney\fake\13592447708_Single_person_East_Asian_male_looking_at_the_camera_78f40ad6-2361-4e4e-be75-f7932e116674.png,truetest_df40,1.0,bottom_first,0.924779
