image_path,class,source,orig_width,orig_height,orig_resolution,freq_spectral_entropy,freq_band_ratio_high_mid,freq_band_ratio_high_low,freq_band_ratio_mid_low,freq_high_energy_frac,freq_radial_powerlaw_slope,freq_powerlaw_residual_std,freq_logmag_mean,tex_local_variance_mean,tex_local_variance_std,tex_lbp_entropy,tex_lbp_uniformity,tex_glcm_contrast,tex_glcm_homogeneity,tex_glcm_energy,tex_highpass_energy,tex_autocorr_peak_sharpness,lm_symmetry_score,lm_interocular_over_facewidth,lm_mouthwidth_over_interocular,lm_pose_yaw_proxy,face_bbox_x0,face_bbox_x1,face_bbox_y0,face_bbox_y1,face_size_confound,boundary_margin_px,bnd_boundary_edge_contrast,bnd_ring_texture_diff,bnd_ring_mean_diff,v811_fake_prob
C:\My_Project\AIGC\celeba_test\197862.jpg,real,celeba_test,178,218,38804,0.14196989425689058,0.10130294412374496,0.00917881727218628,0.09060761332511902,0.000737953872885555,-3.465837622509144,0.5688067929987306,1.4723877906799316,280.1979064941406,887.2460327148438,1.9975351047481855,0.16890190899843774,9.021686576638945,0.6309185236877861,0.11366618978002078,5.466003894805908,34.2615852355957,0.27817946672439575,0.4186978920594437,0.7189103527376293,0.49813178181648254,44.799110412597656,148.72195434570312,79.9771957397461,182.35049438476562,0.21203213364962456,41.649505615234375,82.4669418334961,20.876392364501953,45.8017578125,
C:\My_Project\AIGC\celeba_test\190181.jpg,real,celeba_test,178,218,38804,0.11783782932063548,0.07758370041847229,0.010151173919439316,0.13084158301353455,0.0005191957461647689,-3.83936117706057,1.014569376809939,0.9814399480819702,140.0374298095703,304.0163269042969,2.033831880810712,0.15625046472259485,4.626904143582637,0.6456651785923062,0.1341343523068422,4.901122093200684,27.760101318359375,0.208342045545578,0.42331780696324817,0.964488848393776,0.36427992582321167,48.2136344909668,155.92752075195312,83.26388549804688,194.7902069091797,0.23941592593241717,29.209793090820312,65.37834930419922,12.44089126586914,18.35126495361328,
C:\My_Project\AIGC\celeba_test\188106.jpg,real,celeba_test,178,218,38804,0.11446524359005317,0.0374654121696949,0.004694208037108183,0.12529444694519043,0.00023454942856915295,-4.158064795745062,1.0089128961376703,0.7261503338813782,151.8712615966797,405.4101867675781,1.9419657410468796,0.17469151285180248,5.039051535087716,0.6959989179690126,0.23143382090346026,4.263652801513672,29.376367568969727,0.2565712332725525,0.4120957837706217,0.9902243046798038,-0.47767430543899536,67.05549621582031,184.38388061523438,76.68599700927734,191.9676055908203,0.26956722109849457,32.03239440917969,51.73291015625,6.400690078735352,13.956069946289062,
C:\My_Project\AIGC\celeba_test\194500.jpg,real,celeba_test,178,218,38804,0.10236576667597956,0.07333529740571976,0.006880390457808971,0.09382098913192749,0.00040312105556949973,-3.888634160204417,1.0208162272626746,0.8295942544937134,110.7060317993164,241.4134979248047,2.0981751203067533,0.1484699336651314,3.6438408933518014,0.5998787724604818,0.17721635371297945,4.74780797958374,46.98939514160156,0.03148912638425827,0.45984458022148983,0.8140729162882954,-0.051592763513326645,61.95287322998047,164.69412231445312,81.03524780273438,185.66854858398438,0.2142489640086287,38.331451416015625,55.0628776550293,0.876922607421875,0.3702545166015625,
C:\My_Project\AIGC\celeba_test\189029.jpg,real,celeba_test,178,218,38804,0.1485950886557498,0.08315140008926392,0.0034937639720737934,0.0420168973505497,0.000301012652926147,-4.39174177589389,1.223269070001348,0.2781527042388916,179.5443878173828,453.84124755859375,1.8455389862532694,0.20949346231748936,6.0954432132963925,0.5882915344178676,0.12073904311163056,4.727760314941406,17.105390548706055,0.20901930332183838,0.433676379968762,0.7499903967909821,-0.3464045226573944,67.354736328125,175.44017028808594,80.1605453491211,191.25173950195312,0.23930444692959035,32.748260498046875,47.035396575927734,34.76134490966797,14.565971374511719,
C:\My_Project\AIGC\celeba_test\192749.jpg,real,celeba_test,178,218,38804,0.26384296422195613,0.06927385926246643,0.0045304447412490845,0.06539905816316605,0.0008142729639075696,-4.393663799924193,1.3190546222394823,0.3888750970363617,192.92410278320312,507.1786804199219,1.9650104191731355,0.16978870774745344,6.479144736842084,0.6595818072986535,0.19984239515422925,4.711142539978027,15.001152992248535,0.023862289264798164,0.42218535594877626,0.8391545833868542,0.03429364040493965,58.57715606689453,163.56419372558594,79.75357055664062,193.15853881835938,0.2372857874995171,30.841461181640625,79.13423156738281,14.063987731933594,2.5813522338867188,
C:\My_Project\AIGC\celeba_test\197262.jpg,real,celeba_test,178,218,38804,0.24126141530021006,0.04506974294781685,0.002255035564303398,0.050034355372190475,0.0003884899488184601,-4.3585214805784736,1.0166821874409497,0.8027216196060181,277.29046630859375,827.7601318359375,1.9972190028062367,0.16031486816279145,9.173863111726664,0.6987256629713094,0.24341595420699944,4.970455169677734,28.46343421936035,0.26707759499549866,0.41617265547185955,0.8336821143194708,0.46693500876426697,46.053070068359375,150.5662078857422,79.73637390136719,183.31076049804688,0.2157382840547208,40.689239501953125,75.58226776123047,30.172576904296875,74.17078399658203,
C:\My_Project\AIGC\celeba_test\200056.jpg,real,celeba_test,178,218,38804,0.17631454815818282,0.11378242820501328,0.007857419550418854,0.06905652582645416,0.000807716220151633,-3.5948895817791007,0.581509635073936,1.5968003273010254,373.00445556640625,1116.1932373046875,2.083917714963695,0.14495114076639004,12.045847760849473,0.6242138084603782,0.1793631862639602,6.7393107414245605,36.0179557800293,0.17186476290225983,0.41924617536734227,1.0930293331966197,-0.29769712686538696,60.64214324951172,181.770263671875,78.85263061523438,196.62969970703125,0.2843214885192955,27.37030029296875,85.7303466796875,26.851417541503906,71.58714294433594,
C:\My_Project\AIGC\celeba_test\196483.jpg,real,celeba_test,178,218,38804,0.1930261204547003,0.09090562164783478,0.00843198224902153,0.09275534749031067,0.0007996661588549614,-3.742671588032414,0.8167099991647674,1.1904031038284302,181.05084228515625,416.1045837402344,2.087287787785333,0.14746219582579526,5.930073868882724,0.6004381319681419,0.12565191117953955,5.519474029541016,27.247032165527344,0.016071651130914688,0.4554584593994131,0.8374361500751177,-0.01623663492500782,59.341670989990234,164.67544555664062,80.12166595458984,184.23178100585938,0.2185569074640956,39.768218994140625,81.72489166259766,2.1675338745117188,36.64051818847656,
C:\My_Project\AIGC\celeba_test\201809.jpg,real,celeba_test,178,218,38804,0.15545028039373157,0.10701816529035568,0.00947873666882515,0.08857128769159317,0.0009581927442923188,-3.6864520384660113,0.8793832993612928,1.294478416442871,268.1341857910156,864.7620239257812,2.0194164660787117,0.16035052390458035,8.618652469990757,0.6557338049280257,0.2197108546196998,5.913295269012451,32.08707809448242,0.26412233710289,0.4170442490928536,0.7883270696825517,-0.47806254029273987,72.1206283569336,179.72547912597656,79.91764831542969,186.30186462402344,0.2281460801990557,37.69813537597656,61.92918014526367,0.3916969299316406,8.048324584960938,
C:\My_Project\AIGC\celeba_test\182921.jpg,real,celeba_test,178,218,38804,0.20341569568744935,0.06047161668539047,0.01059628278017044,0.17522737383842468,0.0011112572392448783,-3.7430045697318723,0.9937192564599704,1.3845423460006714,263.6756896972656,699.4063720703125,2.1703956164906475,0.1295545721788895,8.627516447368414,0.5501022494031474,0.11273208599089812,7.322410583496094,37.40404510498047,0.03986147791147232,0.4586341888095667,1.056674754892363,0.09262600541114807,50.61907958984375,167.15213012695312,81.10882568359375,192.59222412109375,0.25891861655305104,31.40777587890625,84.26130676269531,11.629798889160156,43.958885192871094,
C:\My_Project\AIGC\celeba_test\190984.jpg,real,celeba_test,178,218,38804,0.17414344024285683,0.17671503126621246,0.015596132725477219,0.08825583755970001,0.0015477976994588971,-3.248277706531676,0.5345199433862327,1.869924545288086,353.49737548828125,796.2920532226562,2.125164722708472,0.14068266691043443,10.943277643120943,0.5725999233935681,0.25682968004633866,7.991615295410156,58.58744430541992,0.25886985659599304,0.42154851394955845,0.7023613280432301,-0.4565897583961487,72.2970199584961,175.7652587890625,80.10965728759766,180.08030700683594,0.2061500928969436,43.91969299316406,88.97534942626953,1.4066619873046875,28.747802734375,
C:\My_Project\AIGC\celeba_test\189105.jpg,real,celeba_test,178,218,38804,0.19508624986274734,0.10429070144891739,0.007933423854410648,0.07607028633356094,0.0009480759617872536,-3.820480415710938,0.9097057413495052,1.1863210201263428,212.8307342529297,561.544189453125,2.0925160871538577,0.14647513853912797,6.868374884579844,0.599893321331471,0.12189293203865796,5.823460102081299,25.654356002807617,0.03689984232187271,0.4524220933217313,1.0658144599848636,0.07525847107172012,55.506866455078125,166.2529296875,81.12112426757812,192.2621307373047,0.24530510463590854,31.737869262695312,65.16735076904297,2.880107879638672,28.624237060546875,
C:\My_Project\AIGC\celeba_test\185694.jpg,real,celeba_test,178,218,38804,0.14241028376016976,0.034343112260103226,0.005151720251888037,0.15000738203525543,0.000436605594586581,-4.2559517673133005,1.170583766162331,0.7630844116210938,250.61814880371094,455.095458984375,2.0003070684101005,0.16379246519089538,8.639808402585384,0.5475935075932039,0.19334788134004693,6.958735466003418,17.87723159790039,0.23292651772499084,0.4120889002130934,0.8762450000068062,-0.395057737827301,70.2090835571289,176.2637176513672,83.36390686035156,188.48829650878906,0.22219644209472994,35.51170349121094,74.09791564941406,1.7056999206542969,21.616294860839844,
C:\My_Project\AIGC\celeba_test\198216.jpg,real,celeba_test,178,218,38804,0.12664493650933842,0.05122289061546326,0.009736227802932262,0.19007572531700134,0.0005543568986468017,-3.916613213541997,1.0663553069160074,1.0811705589294434,208.61834716796875,485.9574279785156,2.060452252723566,0.14895853823495378,6.8041606071098695,0.6620718313425352,0.20855089201089388,5.709079742431641,28.765756607055664,0.18059170246124268,0.4335746693512888,1.0493125741216236,0.3094700872898102,43.464752197265625,159.39019775390625,80.94568634033203,191.139404296875,0.2545889638802422,32.860595703125,63.99681091308594,18.086402893066406,38.01348876953125,
C:\My_Project\AIGC\celeba_test\192498.jpg,real,celeba_test,178,218,38804,0.15714187656899245,0.03110387548804283,0.00468769297003746,0.15071089565753937,0.00047315791016444564,-4.162745252328631,1.1490348409090883,1.29538094997406,501.0040588378906,932.3375854492188,2.0739789832649898,0.1553219235573943,16.647864439058132,0.4913604897335198,0.10384858992245402,10.666060447692871,23.404621124267578,0.020861230790615082,0.4605887722812327,1.0732247564049542,0.04216856509447098,55.877899169921875,165.2357940673828,77.96627044677734,190.09890747070312,0.2443915245184473,33.901092529296875,55.763404846191406,16.267593383789062,16.677364349365234,
C:\My_Project\AIGC\celeba_test\188659.jpg,real,celeba_test,178,218,38804,0.1317339112516132,0.17717066407203674,0.03777055814862251,0.21318741142749786,0.0024128409568220377,-3.008351668121359,0.6431156288420743,1.780387282371521,252.520751953125,456.02337646484375,2.2053502671017235,0.12061560446895296,7.416669840720208,0.5101477975556026,0.10408382362856346,8.285764694213867,39.92816925048828,0.33339783549308777,0.3631115957282215,1.0352982443027772,-0.7390620708465576,76.88446044921875,188.02352905273438,75.9843978881836,197.68177795410156,0.2695578258931396,26.318222045898438,96.16970825195312,7.444305419921875,35.38501739501953,
C:\My_Project\AIGC\celeba_test\191510.jpg,real,celeba_test,178,218,38804,0.04821811278205648,0.03201951086521149,0.004651546478271484,0.14527225494384766,9.864686580840498e-05,-4.121027538329003,1.0172143902120752,0.6369091868400574,152.5762939453125,387.2330017089844,1.9569674676300877,0.17928218960712375,5.449222068328712,0.5761808104861639,0.11988793726957775,5.3019585609436035,20.42278480529785,0.11542064696550369,0.4405016392102668,0.8474214699271951,0.17875683307647705,52.393043518066406,158.2596435546875,80.8738784790039,185.1347198486328,0.2199804845495875,38.86528015136719,62.5234260559082,11.27121353149414,14.619354248046875,
C:\My_Project\AIGC\celeba_test\202078.jpg,real,celeba_test,178,218,38804,0.16382099621315116,0.11586062610149384,0.011105872690677643,0.09585545212030411,0.0011233396362513304,-3.6261627343914293,0.8343585645720973,1.2092311382293701,148.423583984375,454.6737976074219,2.0128275211003253,0.16321003352637492,4.723773084025849,0.693046632973533,0.260919747157659,4.426563739776611,33.59791946411133,0.3287418484687805,0.35607120266825903,0.8621063629407584,-0.7072012424468994,78.6888427734375,187.64617919921875,77.79496765136719,189.52610778808594,0.24262451022625509,34.47389221191406,69.37922668457031,3.9877357482910156,24.955947875976562,
C:\My_Project\AIGC\celeba_test\197133.jpg,real,celeba_test,178,218,38804,0.14122525006076964,0.06313032656908035,0.009547987021505833,0.1512424796819687,0.0007882409845478833,-3.8903825197238877,1.2109652683883314,1.4384348392486572,373.69464111328125,917.3118896484375,2.0401487430524563,0.15483151252743402,11.973907837026768,0.6512668711002655,0.2470905412921004,7.1713457107543945,31.598846435546875,0.24767865240573883,0.42615341533159534,0.9114052229903145,0.43682801723480225,47.04602813720703,150.31251525878906,80.90019226074219,194.42904663085938,0.23365206428849786,29.570953369140625,52.95561599731445,8.352828979492188,9.890235900878906,
C:\My_Project\AIGC\celeba_test\185100.jpg,real,celeba_test,178,218,38804,0.16160430075895785,0.09370692074298859,0.02315007708966732,0.24704767763614655,0.002133529633283615,-3.2842659171014827,0.7088879272231616,1.609891414642334,260.5124816894531,612.457275390625,2.1474112398243204,0.13064481774154973,8.222391216528148,0.637158305253657,0.17170182904838818,6.866483688354492,22.73756217956543,0.17514300346374512,0.47447739764367225,0.7632193585360879,-0.3188076615333557,73.9987564086914,163.66893005371094,84.1002197265625,176.29598999023438,0.16476424443717685,47.704010009765625,113.54664611816406,0.8687820434570312,22.58061981201172,
C:\My_Project\AIGC\celeba_test\182787.jpg,real,celeba_test,178,218,38804,0.21649014456106364,0.08540169149637222,0.006555636879056692,0.0767623782157898,0.0008712415583431721,-3.6236141013984025,0.6054382854637906,1.3700109720230103,253.12478637695312,528.8814086914062,2.121470947208631,0.14215179246348772,8.204861495844867,0.5610369023437494,0.16871001003484903,6.97603702545166,30.498779296875,0.11819685250520706,0.4441173795362849,0.968774320681669,0.18827614188194275,45.03848648071289,161.3526611328125,79.54185485839844,189.48883056640625,0.25487068987108125,34.51116943359375,61.61100769042969,6.2277069091796875,67.45732116699219,
C:\My_Project\AIGC\celeba_test\187308.jpg,real,celeba_test,178,218,38804,0.10709117556406912,0.10148709267377853,0.01387943048030138,0.13676054775714874,0.0007908136467449367,-3.359214939791623,0.5666995428651286,1.6935968399047852,353.78973388671875,858.1219482421875,2.094566435961868,0.14347128449058294,11.291127077562304,0.5883388752016036,0.17141052280714386,7.619851112365723,29.82682228088379,0.27542150020599365,0.3971856538804967,0.7258936921434539,-0.4992166757583618,72.72560119628906,179.75604248046875,83.12271118164062,186.76309204101562,0.22107532880738512,37.236907958984375,88.50318908691406,8.483325958251953,12.385147094726562,
C:\My_Project\AIGC\celeba_test\196417.jpg,real,celeba_test,178,218,38804,0.12311961765445706,0.08634345978498459,0.00872727669775486,0.10107629001140594,0.000412689580116421,-4.123190056752199,1.2246853273121558,0.523612380027771,124.44036865234375,265.2999572753906,1.9554662404475533,0.17769930314044563,4.162800957987069,0.6114315047255303,0.11687649370191384,4.514236927032471,22.770246505737305,0.08617638051509857,0.4469373695162559,1.0878978785368798,-0.15516610443592072,61.3424072265625,170.89111328125,80.04509735107422,192.22933959960938,0.24493061579345968,31.770660400390625,63.748504638671875,13.257240295410156,13.483779907226562,
C:\My_Project\AIGC\celeba_test\189799.jpg,real,celeba_test,178,218,38804,0.15891020828020136,0.05446856841444969,0.005774668417870998,0.10601836442947388,0.0004147873551119119,-4.002643468504119,0.9613869783072955,0.8394877314567566,148.38067626953125,358.8067932128906,2.054810134523175,0.15651563702400204,5.014190904893807,0.5835031496081887,0.14875640930514672,5.287766456604004,27.467533111572266,0.026510002091526985,0.455315214444395,0.7396991227827076,-0.06105641648173332,58.92823028564453,164.903564453125,81.54408264160156,188.43385314941406,0.2257589116041679,35.56614685058594,78.27326965332031,1.2923088073730469,8.902809143066406,
C:\My_Project\AIGC\celeba_test\186855.jpg,real,celeba_test,178,218,38804,0.18419990372747724,0.11295778304338455,0.014136157929897308,0.12514549493789673,0.0013902378268539906,-3.6096884537608336,0.9628966164379117,1.2908207178115845,161.1333770751953,324.1756286621094,2.1480711291109036,0.1340356760847226,5.170783991228063,0.559418539879943,0.11603113290941625,6.1790337562561035,30.255464553833008,0.29651522636413574,0.38412962597956135,0.7107148716310541,0.5780457258224487,32.12630844116211,153.46231079101562,77.52029418945312,184.41416931152344,0.2584916191604845,32.12630844116211,59.25646209716797,21.044654846191406,13.878341674804688,
C:\My_Project\AIGC\celeba_test\198929.jpg,real,celeba_test,178,218,38804,0.21686376632802631,0.10732438415288925,0.010852722451090813,0.10112075507640839,0.0008447197615168989,-3.742050520699607,0.9616775804521553,1.098370909690857,138.57774353027344,358.6921691894531,2.067578455384299,0.14884667672598573,4.4686542012927015,0.64794215542219,0.15413252209875414,4.6156110763549805,32.710243225097656,0.1961037814617157,0.4369810675659077,0.9464227463513336,0.3710065484046936,44.4987678527832,159.5762176513672,80.72640228271484,190.2993927001953,0.2513030194524939,33.70060729980469,72.3155517578125,34.08220291137695,62.85100555419922,
C:\My_Project\AIGC\celeba_test\195155.jpg,real,celeba_test,178,218,38804,0.15854152084940984,0.09302099794149399,0.008081873878836632,0.08688225597143173,0.0007382988114841282,-3.988407703194198,1.1449451035405165,0.8649142384529114,130.03363037109375,254.38494873046875,2.0797157906017794,0.14818915780610414,4.32126702446906,0.5929334612672246,0.14594224534438738,5.014962673187256,30.6968994140625,0.022646695375442505,0.4481491438029042,1.073120555399821,0.03624648600816727,55.4017219543457,165.981201171875,82.36026000976562,195.26358032226562,0.2488199609790766,28.736419677734375,66.11819458007812,3.3249359130859375,27.84191131591797,
C:\My_Project\AIGC\celeba_test\189171.jpg,real,celeba_test,178,218,38804,0.17770483041684682,0.0741364136338234,0.007063763681799173,0.09528062492609024,0.0007045654347166419,-3.9581734647965163,0.9930247336879425,1.0406643152236938,192.8832244873047,605.9818725585938,2.0040760052486513,0.16892156557260282,6.465096375807937,0.5943779334607932,0.1310929426673118,5.477072715759277,23.736202239990234,0.06706229597330093,0.4074579824805038,0.992963447531109,0.11083965003490448,53.19382858276367,164.03707885742188,81.48928833007812,192.74476623535156,0.24577325378429787,31.255233764648438,89.29668426513672,18.20040512084961,19.240615844726562,
C:\My_Project\AIGC\celeba_test\202018.jpg,real,celeba_test,178,218,38804,0.28602247488718224,0.12198415398597717,0.014435550197958946,0.11833955347537994,0.0027444669976830482,-3.3771750703843217,0.6639300962207978,1.6162400245666504,269.8526916503906,628.7609252929688,2.126531293348111,0.13779188264960401,8.47507819713756,0.6149757763854274,0.24375106411492709,6.997429847717285,46.00971603393555,0.12079990655183792,0.41877009927902464,0.7880574450475943,-0.1902906596660614,61.30915451049805,175.5226593017578,80.42189025878906,192.4659881591797,0.25504123709300547,31.534011840820312,68.27310180664062,8.948715209960938,32.69115447998047,
C:\My_Project\AIGC\celeba_test\184467.jpg,real,celeba_test,178,218,38804,0.1644843119755933,0.0947078987956047,0.0069582792930305,0.07347095012664795,0.0006819476839154959,-3.944582951829923,0.9803066230594887,1.3080332279205322,312.674072265625,813.640869140625,2.0458893255130324,0.15432447157815712,10.00490824099721,0.6098995532643761,0.1551502805617174,6.558856964111328,28.388450622558594,0.11482025682926178,0.4297078913074759,0.9787130209293576,-0.20199717581272125,62.01304244995117,174.1071014404297,81.33010864257812,191.63934326171875,0.24643275375861934,32.36065673828125,57.797786712646484,31.850372314453125,12.564834594726562,
C:\My_Project\AIGC\celeba_test\182808.jpg,real,celeba_test,178,218,38804,0.1461000658019,0.12268403172492981,0.00879412516951561,0.07168108969926834,0.000895767065230757,-4.116275775150902,1.3954623132621902,0.9927260875701904,222.36378479003906,734.5340576171875,1.7617518718961034,0.24671292334782588,7.296122460757147,0.7454168749145015,0.30740033151911694,4.49697208404541,31.11562156677246,0.2211904376745224,0.4410109649225841,0.7014724005030706,-0.37034866213798523,72.29007720947266,172.01522827148438,81.14930725097656,185.71173095703125,0.20781854869850883,38.28826904296875,63.665283203125,10.272148132324219,4.572898864746094,
C:\My_Project\AIGC\celeba_test\185648.jpg,real,celeba_test,178,218,38804,0.16262196353769393,0.05895109847187996,0.006731772795319557,0.11419248580932617,0.0006846950273029506,-4.119911870307521,1.164884948788917,0.8596847057342529,193.01060485839844,399.6739807128906,2.0448474238785495,0.16184567789493226,6.448888504155118,0.5319096117738219,0.10511447988802623,6.439208984375,19.52864646911621,0.1400250345468521,0.4451958542623024,1.0537027399063226,0.2775264382362366,45.30258560180664,163.37242126464844,78.7937240600586,194.90579223632812,0.2732249044970669,29.094207763671875,64.14906311035156,5.283527374267578,47.263275146484375,
C:\My_Project\AIGC\celeba_test\200250.jpg,real,celeba_test,178,218,38804,0.1949344088840507,0.05095551908016205,0.0030829410534352064,0.06050259619951248,0.0003745574504137039,-4.214047189618234,1.0001196107832264,0.9602167010307312,338.4681091308594,1336.193359375,1.9932855428738308,0.16466766176299225,11.129973741920576,0.6629775678754958,0.20852716921632092,5.792913436889648,32.29916763305664,0.11997296661138535,0.4450882481317978,0.9473146452155224,0.19488419592380524,47.3115348815918,161.7952423095703,80.26995849609375,187.8802032470703,0.24552813648604835,36.11979675292969,50.67984390258789,1.6206626892089844,32.42315673828125,
C:\My_Project\AIGC\celeba_test\190527.jpg,real,celeba_test,178,218,38804,0.265573087870268,0.0703822672367096,0.008340652100741863,0.11850500851869583,0.001939552603289485,-3.886379774670898,1.0944108266903487,1.0785983800888062,181.1984405517578,450.4092712402344,2.0436712020673404,0.15402462699918734,5.953760964912268,0.632031501280775,0.16936056629464488,5.293635845184326,34.13520050048828,0.06112762168049812,0.46054846669708305,0.9215432270674778,0.10569453984498978,56.89243698120117,160.866455078125,85.16744995117188,186.69696044921875,0.21038805727630228,37.30303955078125,67.2181625366211,10.062858581542969,5.419857025146484,
C:\My_Project\AIGC\celeba_test\194330.jpg,real,celeba_test,178,218,38804,0.2027270694238434,0.09689338505268097,0.013540011830627918,0.13974133133888245,0.001349401893094182,-4.0048973858897705,1.3753929405600922,0.9938706159591675,164.09054565429688,481.3570861816406,2.09804469666432,0.14396449974406414,5.43627712373037,0.6152146385576707,0.12912722062409127,5.29934024810791,30.958946228027344,0.194606751203537,0.4387137028331928,1.1226416746065542,0.37801462411880493,44.974334716796875,159.54148864746094,81.12926483154297,194.0702667236328,0.25787884942710615,29.929733276367188,54.778873443603516,22.36505889892578,11.464866638183594,
C:\My_Project\AIGC\celeba_test\196870.jpg,real,celeba_test,178,218,38804,0.2891225376715951,0.10711546987295151,0.008580677211284637,0.08010679483413696,0.0018322111573070288,-4.2790660880705635,1.5212272642278848,0.6932488083839417,170.9145050048828,423.40728759765625,2.0263905636806174,0.16261778310754305,5.6411331371191,0.5769724431101596,0.19567858187199527,5.234437465667725,22.290170669555664,0.17267638444900513,0.42427717925746694,1.1589170003132783,0.29171714186668396,45.034420013427734,157.59445190429688,81.0008773803711,192.5350799560547,0.25020514586339293,31.464920043945312,57.88301467895508,7.814327239990234,34.79916763305664,
C:\My_Project\AIGC\celeba_test\187665.jpg,real,celeba_test,178,218,38804,0.16867627286417503,0.09978672862052917,0.012478639371693134,0.12505309283733368,0.001408744021318853,-3.7588873543964523,1.1362263574350095,1.4646291732788086,385.3993225097656,1201.8326416015625,2.0765627753767095,0.1491291986709334,11.07960035780238,0.5949815741145781,0.15451346607963032,7.282558917999268,56.1289176940918,0.34927961230278015,0.34863501123169954,0.7258733677398241,0.8865219354629517,31.94678497314453,133.8296661376953,82.83583068847656,189.463134765625,0.21650783143711208,31.94678497314453,64.1706771850586,4.558551788330078,14.071983337402344,
C:\My_Project\AIGC\celeba_test\191485.jpg,real,celeba_test,178,218,38804,0.21407617478731164,0.09277529269456863,0.010226634331047535,0.11023014783859253,0.001365835778415203,-3.70933671428717,0.8926567589949206,1.5533115863800049,355.61749267578125,905.1402587890625,2.1565350354566535,0.13108139721267872,11.439990189288986,0.5910242736935716,0.15455411591816914,7.56197452545166,42.84407424926758,0.008913667872548103,0.42932461525997023,0.8968064334458348,-0.01952679082751274,56.775169372558594,167.02377319335938,82.37875366210938,183.97311401367188,0.22322696876648368,40.026885986328125,57.938270568847656,10.03146743774414,11.7275390625,
C:\My_Project\AIGC\celeba_test\196178.jpg,real,celeba_test,178,218,38804,0.16318738559502538,0.025838546454906464,0.0015072852838784456,0.05833476036787033,0.00012880712165497243,-4.580279657003694,1.040381757759736,0.28689903020858765,226.52630615234375,723.927978515625,1.911236811641739,0.18707194203190483,8.395777643120956,0.6108240530643587,0.15761424155151837,5.1532464027404785,19.886981964111328,0.09380882978439331,0.44781315558520973,0.7147142639756708,0.14138959348201752,54.8948860168457,159.5840301513672,82.36637878417969,180.92465209960938,0.20563578764286872,43.075347900390625,72.11988830566406,10.21673583984375,31.04864501953125,
C:\My_Project\AIGC\celeba_test\191378.jpg,real,celeba_test,178,218,38804,0.25906674709110383,0.061297494918107986,0.006342494394630194,0.10347069799900055,0.0011795233003795147,-4.209869514804412,1.2156767407344717,0.8763220906257629,231.17974853515625,535.8372802734375,1.9895372918838428,0.16814620730182817,7.8016735918744065,0.580784234572066,0.18289442418808605,6.161161422729492,19.164608001708984,0.12943819165229797,0.4287878430562136,0.8045395384125817,-0.2129301279783249,66.73145294189453,170.69940185546875,83.7239990234375,186.20840454101562,0.2123543813235329,37.791595458984375,85.38424682617188,1.9599113464355469,40.31501388549805,
C:\My_Project\AIGC\celeba_test\198802.jpg,real,celeba_test,178,218,38804,0.16167764393878817,0.0513649545609951,0.005647409241646528,0.10994673520326614,0.0006480378215201199,-4.304322118535933,1.3294943788751437,1.082777976989746,471.0894775390625,1057.726806640625,2.0479054953175595,0.15233717715427408,15.549766274238197,0.6181683552904129,0.2043370874392949,8.344245910644531,17.05810546875,0.0881764143705368,0.46160420968189503,1.00880047539446,-0.1627635508775711,62.07033920288086,168.78662109375,81.9825668334961,195.76589965820312,0.24199884845750996,28.234100341796875,77.5289306640625,24.38146209716797,4.179817199707031,
C:\My_Project\AIGC\celeba_test\194757.jpg,real,celeba_test,178,218,38804,0.20945417769009564,0.1558404266834259,0.025450753048062325,0.1633129119873047,0.0016187846194952726,-3.0976775547559754,0.5332410118638988,1.4226279258728027,152.65748596191406,388.8013000488281,2.052681895666908,0.1568948872036757,4.741346952908583,0.672888096284393,0.2310597077838907,5.016193389892578,28.106067657470703,0.11860527843236923,0.46326688329002386,0.8788544749232529,0.20018361508846283,55.02860641479492,157.5045623779297,86.4838638305664,184.4926300048828,0.20016625491231704,39.50736999511719,88.82723999023438,25.635143280029297,44.10552978515625,
C:\My_Project\AIGC\celeba_test\198288.jpg,real,celeba_test,178,218,38804,0.31740361935194206,0.022961081936955452,0.0023817310575395823,0.10372904688119888,0.0005792354932054877,-4.321982981577459,0.9952909214417768,0.9011144638061523,272.1835632324219,711.8477783203125,2.073871384498226,0.1465430214026728,9.015103589565992,0.6335316382332218,0.20324347493700817,5.9338059425354,22.942672729492188,,,,,,,,,,,,,,
C:\My_Project\AIGC\celeba_test\197137.jpg,real,celeba_test,178,218,38804,0.1261013995546234,0.08952708542346954,0.006033197045326233,0.06738962978124619,0.0005159627762623131,-4.195820091794903,1.2099891127216675,0.681511402130127,166.32168579101562,353.8177185058594,1.9129325479408823,0.19662591011908492,5.612091701292701,0.5381478713375922,0.0927351472011686,5.235282897949219,38.691375732421875,0.10075908899307251,0.4367229117950715,0.7680092535883916,-0.15525934100151062,66.51284790039062,168.59228515625,83.9380111694336,183.1373291015625,0.20181382634480227,40.8626708984375,54.557315826416016,8.13418197631836,31.469200134277344,
C:\My_Project\AIGC\celeba_test\189078.jpg,real,celeba_test,178,218,38804,0.16024384480018578,0.15308132767677307,0.017225323244929314,0.11252399533987045,0.002344370586797595,-3.0453507976572376,0.3624067612152938,2.004086494445801,456.4304504394531,945.0740966796875,2.1728484085982527,0.12973868097180577,14.180657317636188,0.48216830850325987,0.08073683223812532,10.141549110412598,39.58818817138672,0.0038036215119063854,0.43867659243999835,1.0964092454351404,-0.00991894118487835,55.15304183959961,169.16773986816406,76.30006408691406,197.122314453125,0.2745438534485641,26.877685546875,103.23159790039062,7.711452484130859,3.1713104248046875,
C:\My_Project\AIGC\celeba_test\186026.jpg,real,celeba_test,178,218,38804,0.07255300867313445,0.06709978729486465,0.006614556070417166,0.09857790172100067,0.0003383838920854032,-4.201762899424104,1.3057713886571347,1.0395056009292603,299.8056945800781,792.9666748046875,2.0241424002060757,0.15750894542536803,9.91133194829176,0.6425944382790326,0.24901156555348286,6.245255470275879,22.562965393066406,0.051177725195884705,0.4666956175253476,0.7996206920498033,-0.0817657858133316,59.80231475830078,170.70399475097656,87.89179992675781,186.527099609375,0.21800901708751766,37.472900390625,86.96874237060547,11.9130859375,2.08319091796875,
C:\My_Project\AIGC\celeba_test\190631.jpg,real,celeba_test,178,218,38804,0.17765346045277883,0.07059990614652634,0.008453354239463806,0.11973605304956436,0.0010098458733409643,-3.7592065171984834,0.8628452013248433,1.3788275718688965,299.41448974609375,685.8836669921875,2.0961100095758023,0.14694157385518283,9.79871710526314,0.5633397452270702,0.10523181104308758,7.7081990242004395,22.212940216064453,0.2251121550798416,0.4313907757266907,0.9307263572338565,0.3816107511520386,40.398826599121094,154.70465087890625,79.34014892578125,186.20672607421875,0.24345249100987326,37.79327392578125,62.74558639526367,8.856327056884766,1.7787551879882812,
C:\My_Project\AIGC\celeba_test\195716.jpg,real,celeba_test,178,218,38804,0.18278301129874713,0.06370414048433304,0.01428859494626522,0.22429616749286652,0.0013727413024753332,-3.750890688310061,0.9771134192963,1.4055726528167725,295.6180419921875,892.2156982421875,2.0870464497781622,0.1487062995208397,9.582772968605704,0.6017251692810595,0.12856797124561184,6.524656772613525,26.576457977294922,0.04861683025956154,0.47389320131950535,1.124924870761267,-0.11265749484300613,61.499725341796875,166.19378662109375,80.13689422607422,192.62413024902344,0.23470873687271557,31.375869750976562,58.715675354003906,2.3508033752441406,18.5052490234375,
C:\My_Project\AIGC\celeba_test\190453.jpg,real,celeba_test,178,218,38804,0.19579304946269813,0.08775226771831512,0.007748581003397703,0.08830063790082932,0.001013718661852181,-4.147006763471951,1.279402688950262,0.9246182441711426,233.3289794921875,527.5353393554688,2.0758274770360403,0.14874639991718944,7.773459429824554,0.5914319411200365,0.13160764375895068,6.263419151306152,23.509634017944336,0.12011589854955673,0.43948836492278665,1.145836130152914,-0.25237494707107544,61.20178985595703,174.40464782714844,81.22638702392578,197.53439331054688,0.26240431115626606,26.465606689453125,82.166259765625,4.986576080322266,39.46424865722656,
C:\My_Project\AIGC\celeba_test\202438.jpg,real,celeba_test,178,218,38804,0.10516101304624555,0.04764362797141075,0.004564663395285606,0.0958084762096405,0.00022158278443384916,-4.072900220512358,0.9378500190144854,0.5944673418998718,103.44769287109375,211.39035034179688,1.9915411240584493,0.1645740586884168,3.4790772160664813,0.6447626010033951,0.19967199886550735,4.234632968902588,27.793869018554688,0.22683291137218475,0.39824467382862005,0.9803500705915407,0.3765432834625244,39.98237609863281,158.90101623535156,80.67570495605469,192.98873901367188,0.26618529336258,31.011260986328125,59.98794174194336,7.268924713134766,33.15040588378906,
C:\My_Project\AIGC\celeba_test\201262.jpg,real,celeba_test,178,218,38804,0.20634598646797211,0.07021336257457733,0.015220662578940392,0.21677729487419128,0.001155723468400538,-3.6144065793613454,0.9701157059537145,1.153271198272705,185.7912139892578,620.03515625,2.0286835998083266,0.15656880049445338,5.67767890120036,0.6973517940849367,0.2799846843582797,4.757950305938721,45.634639739990234,0.1085156723856926,0.4194707459645623,0.906944657400789,0.18477065861225128,56.7943115234375,157.34356689453125,87.65657043457031,190.3999481201172,0.2058906672630897,33.60005187988281,86.13584899902344,9.863082885742188,27.591110229492188,
C:\My_Project\AIGC\celeba_test\188400.jpg,real,celeba_test,178,218,38804,0.1276125730494817,0.06956915557384491,0.0047491807490587234,0.06826561689376831,0.0003445862093940377,-4.197477839631444,1.180008979881887,0.566127359867096,129.67979431152344,441.934814453125,1.8421953956516726,0.2135734303898237,4.270040974145886,0.7475689202174771,0.40385353389715684,3.468897819519043,26.714454650878906,0.303992360830307,0.4096815174923966,1.0036224470625033,-0.5934367775917053,73.47024536132812,181.90272521972656,81.491943359375,192.43484497070312,0.23975235061389144,31.565155029296875,44.1632080078125,14.990692138671875,7.939262390136719,
C:\My_Project\AIGC\celeba_test\191937.jpg,real,celeba_test,178,218,38804,0.2121129037549108,0.057525865733623505,0.0033014039508998394,0.05738990753889084,0.0005403051618486643,-4.1823092745161805,1.014455543112202,0.8356770277023315,192.53150939941406,522.4161376953125,1.963694734987517,0.180299351385165,6.4287225877192835,0.5936693358932222,0.11294353170012653,5.157061576843262,35.37455749511719,0.031568076461553574,0.4234136122949493,0.9764228859482856,0.04072190821170807,54.471126556396484,164.04335021972656,78.01647186279297,188.37753295898438,0.2410018110282669,35.622467041015625,53.11433792114258,1.1177215576171875,42.196556091308594,
C:\My_Project\AIGC\celeba_test\190865.jpg,real,celeba_test,178,218,38804,0.11945278908723748,0.06121618300676346,0.006307268049567938,0.103032685816288,0.0004943075473420322,-4.124793638632659,1.2072653443835715,1.032107949256897,268.33087158203125,590.8627319335938,2.03448230339924,0.15596207853457866,8.82760243536471,0.6015969901984541,0.174860276308842,6.329921722412109,25.767141342163086,0.23555077612400055,0.44539105224825215,0.7519720683743955,0.3877657949924469,52.38805389404297,149.5381317138672,83.0059585571289,186.69996643066406,0.2007709051013115,37.30003356933594,84.43001556396484,12.650100708007812,23.975860595703125,
C:\My_Project\AIGC\celeba_test\186393.jpg,real,celeba_test,178,218,38804,0.18167736754381572,0.07064700126647949,0.00399503018707037,0.056549180299043655,0.0005976333632133901,-4.192375519501496,1.1426376157070295,0.928794264793396,233.0970916748047,575.35498046875,1.9193912262092492,0.1914883501973563,7.811690904893803,0.5843970850990365,0.10377014692667241,5.475294589996338,59.8652458190918,0.024441104382276535,0.43880601085498133,0.965281615196674,-0.040047600865364075,51.919212341308594,172.94027709960938,77.15325164794922,190.47889709472656,0.2733336710058728,33.52110290527344,80.82174682617188,18.5030517578125,42.95643615722656,
C:\My_Project\AIGC\celeba_test\191760.jpg,real,celeba_test,178,218,38804,0.17651100743114176,0.07893657684326172,0.0051816301420331,0.06564295291900635,0.000574059144128114,-3.8824327973554267,0.8897427795632663,0.9788029789924622,154.89727783203125,496.7292175292969,2.049404882997437,0.15111457065262926,5.1256045129270476,0.6845430020444856,0.15937549174437055,4.298774719238281,38.41451644897461,0.34339064359664917,0.36764186439589996,0.8919206053131868,-0.7576202154159546,76.97359466552734,193.46034240722656,76.03846740722656,194.83816528320312,0.2758009892831027,29.161834716796875,65.9016342163086,19.66183090209961,41.77958679199219,
C:\My_Project\AIGC\celeba_test\183132.jpg,real,celeba_test,178,218,38804,0.1033469836547369,0.08293874561786652,0.010756643489003181,0.12969382107257843,0.0009256371995434165,-3.6235538057214343,0.8546166265537205,1.7318196296691895,508.29559326171875,1105.3204345703125,2.12682388423759,0.1375046777308161,16.013346029547552,0.5462907997024169,0.12443063476864273,10.133492469787598,34.03779602050781,0.02396579645574093,0.4574791681634542,0.7992700167337354,-0.04824412614107132,63.072898864746094,162.91580200195312,83.53102111816406,183.0476837158203,0.19802360698891716,40.95231628417969,91.281982421875,19.454381942749023,7.0653533935546875,
C:\My_Project\AIGC\celeba_test\187439.jpg,real,celeba_test,178,218,38804,0.23998619779596675,0.07687214016914368,0.007639746181666851,0.09938251227140427,0.0008978061960078776,-3.960744540327692,1.0437979810382478,0.9416652321815491,172.68223571777344,730.9916381835938,2.0230102657364197,0.15763785867877725,5.897998037857793,0.7037220617201696,0.16666798515888143,4.040452480316162,22.976396560668945,0.05660218372941017,0.46625384662927183,0.8374478423908961,-0.08690204471349716,63.17638397216797,165.08460998535156,85.46544647216797,183.39231872558594,0.1988909803564548,40.60768127441406,42.436222076416016,7.065586090087891,10.604694366455078,
C:\My_Project\AIGC\celeba_test\201964.jpg,real,celeba_test,178,218,38804,0.08038936782622898,0.1139436736702919,0.01283949799835682,0.11268285661935806,0.000592466036323458,-3.6480306142114145,0.9202743950402674,0.9722566604614258,90.7735366821289,311.540283203125,2.0702590928893403,0.15142282393017392,2.982024180517077,0.6667357536349161,0.16392024318948084,3.903010368347168,44.953365325927734,0.14910870790481567,0.43074557147939985,1.09984446118314,0.25356525182724,42.76317596435547,165.99375915527344,83.06574249267578,196.41021728515625,0.2783702513182731,27.58978271484375,34.763389587402344,7.847400665283203,13.432968139648438,
C:\My_Project\AIGC\celeba_test\199267.jpg,real,celeba_test,178,218,38804,0.1679554963164536,0.05958346650004387,0.007546290289610624,0.12665075063705444,0.0005803261301480234,-3.908034789281773,1.0314071880475342,1.0117547512054443,158.92311096191406,327.0716552734375,2.101583563977238,0.14320256917588864,5.313152123730381,0.5741764614057577,0.12694600478877704,5.838864803314209,39.21401596069336,0.08624771237373352,0.45753060516295496,0.9756764962210566,-0.13302816450595856,60.86721420288086,172.09066772460938,80.59658813476562,193.88526916503906,0.25112321327145537,30.114730834960938,69.32109832763672,7.351299285888672,5.9578399658203125,
C:\My_Project\AIGC\celeba_test\189197.jpg,real,celeba_test,178,218,38804,0.2262273520897504,0.1595979779958725,0.03176179155707359,0.19901123642921448,0.004818490240722895,-3.048225931290588,0.5725093155753929,1.9449028968811035,390.12835693359375,1005.6414184570312,2.169167628272535,0.12689119773524743,11.660698580332362,0.6284895680720362,0.15106989914652888,7.799773693084717,34.411231994628906,0.051246099174022675,0.44159192840461303,0.951855060328879,-0.08724674582481384,62.0838623046875,167.05093383789062,87.15625762939453,189.02996826171875,0.21311752772831657,34.97003173828125,78.62189483642578,3.417020797729492,28.72510528564453,
C:\My_Project\AIGC\celeba_test\195663.jpg,real,celeba_test,178,218,38804,0.14566366341847342,0.10878477990627289,0.009023718535900116,0.08295018970966339,0.0007292635273188353,-4.081437598616107,1.3068909378730382,0.40455424785614014,74.64175415039062,199.18081665039062,2.027135971895911,0.15497270319572043,2.5668299861495836,0.7349245639308082,0.1719441860320238,3.068770170211792,37.153133392333984,0.10265146195888519,0.44351449141474825,0.8438886136492223,-0.17017388343811035,64.84602355957031,167.67349243164062,85.11087799072266,183.67013549804688,0.20198100652480755,40.329864501953125,47.81068801879883,1.598785400390625,22.353363037109375,
C:\My_Project\AIGC\celeba_test\184025.jpg,real,celeba_test,178,218,38804,0.2357691907456589,0.03063439577817917,0.0030977402348071337,0.10111967474222183,0.0002897125668823719,-4.28521619999386,0.9647830655737997,0.43718740344047546,156.4943389892578,351.2263488769531,1.9363080917633426,0.1871562951408491,5.322508367959353,0.5449544140888405,0.13402274555654958,5.429933071136475,17.411767959594727,0.04090927541255951,0.45916090550625877,0.9697450989153067,0.06883572041988373,52.394290924072266,166.81350708007812,76.85400390625,190.21536254882812,0.2585044204054458,33.784637451171875,79.78844451904297,1.7676429748535156,32.18782043457031,
C:\My_Project\AIGC\celeba_test\200005.jpg,real,celeba_test,178,218,38804,0.13498563878843098,0.07113000005483627,0.007625554222613573,0.10720588266849518,0.0005952422507107258,-3.9768991683903008,1.025946016064824,1.141892671585083,236.2003173828125,464.8979797363281,2.0575395221280646,0.15744082185935102,7.7856376962142075,0.5273302582570791,0.09179682702888997,6.790980815887451,17.931137084960938,0.21902091801166534,0.4046715298578723,0.6888379763402697,0.32468506693840027,43.77874755859375,154.3179473876953,84.6690673828125,185.38038635253906,0.22186998988853218,38.61961364746094,69.74516296386719,1.0604705810546875,30.212554931640625,
C:\My_Project\AIGC\celeba_test\195928.jpg,real,celeba_test,178,218,38804,0.3284966899416701,0.12157382816076279,0.015309315174818039,0.12592607736587524,0.0028243702836334705,-3.195872996760763,0.4789262485857387,1.6560770273208618,253.22409057617188,713.582275390625,1.6831561471054617,0.30147523733041326,7.659721837488441,0.7413700290173053,0.5539264985992427,5.329148769378662,36.483943939208984,0.14282962679862976,0.40912995859777984,1.0887701456731893,0.23415657877922058,49.62028503417969,158.8983612060547,84.81053924560547,195.738037109375,0.24158847977344763,28.261962890625,94.00775146484375,15.375518798828125,29.792564392089844,
C:\My_Project\AIGC\celeba_test\201536.jpg,real,celeba_test,178,218,38804,0.2705735309291855,0.12293033301830292,0.003479569684714079,0.028305217623710632,0.0007060256320983171,-4.340529848430887,1.2812435851122783,-0.06741488724946976,114.8016586303711,288.28216552734375,1.8253877957826428,0.2093755975458732,3.909017486149577,0.6320265950176523,0.18532725813231832,3.449789524078369,74.61380004882812,0.3050187826156616,0.39925631477924806,0.9701073764119612,0.5577600598335266,33.61469268798828,154.17630004882812,77.77067565917969,197.7528533935547,0.28829010288405255,26.247146606445312,49.48191452026367,9.141193389892578,48.184288024902344,
C:\My_Project\AIGC\celeba_test\197780.jpg,real,celeba_test,178,218,38804,0.11378387564684186,0.043672822415828705,0.0026921494863927364,0.061643585562705994,0.00012788888125214726,-4.263098555639994,0.9121430240932433,0.08702437579631805,86.06044006347656,232.19947814941406,1.9059614001176735,0.17925598481355834,2.9727308402585373,0.7334471139774683,0.3043902628752615,2.984708786010742,19.473407745361328,0.3507921099662781,0.3688652134664206,0.8297837226656595,0.7830386161804199,28.521373748779297,143.26528930664062,77.99942016601562,193.47470092773438,0.2640721832099606,28.521373748779297,48.49199676513672,12.216972351074219,25.883323669433594,
C:\My_Project\AIGC\celeba_test\195379.jpg,real,celeba_test,178,218,38804,0.12784415642523073,0.12229615449905396,0.007323519792407751,0.0598834827542305,0.0009120294125750661,-4.308082469272856,1.6271532397508532,0.731665313243866,238.77120971679688,1044.0516357421875,1.888325611349542,0.19803576248976054,7.9584652008310135,0.7296179128703264,0.26706315142352094,4.5095062255859375,29.5167179107666,0.02579156681895256,0.4368401063607934,1.0138601861416872,0.03717808797955513,55.05809020996094,165.1847686767578,80.95695495605469,194.53579711914062,0.24928373388722172,29.464202880859375,50.713775634765625,13.170909881591797,1.2944793701171875,
C:\My_Project\AIGC\celeba_test\190575.jpg,real,celeba_test,178,218,38804,0.24822129646968114,0.0816604346036911,0.00796556193381548,0.09754493832588196,0.001146912225522101,-4.0404184670602605,1.20029919420199,0.9390898942947388,249.00169372558594,596.5261840820312,2.056984106502132,0.15509054969619188,8.262736611264991,0.5945810903190054,0.1378286698050434,6.319699764251709,35.029048919677734,0.18857745826244354,0.41495220190070153,0.8909385707309667,0.32113614678382874,46.798866271972656,158.7727508544922,86.95516204833984,189.9914093017578,0.2299379954115547,34.00859069824219,84.0617904663086,18.413806915283203,44.53691101074219,
C:\My_Project\AIGC\lfw\Isidro_Pastor\Isidro_Pastor_0001.jpg,real,lfw,250,250,62500,0.28575013918144787,0.06634072214365005,0.006179284304380417,0.09314465522766113,0.0011471647303551435,-3.7781954655008825,0.8122194680875623,1.1411329507827759,192.0778045654297,788.04931640625,1.9873940539678936,0.17673858092854985,6.178763561865182,0.7173220793540191,0.3028536134230156,4.7243170738220215,38.64775466918945,0.18501031398773193,0.4256085979726068,0.9460850673291984,0.3466579020023346,63.82373046875,151.42791748046875,75.02478790283203,169.8792724609375,0.1656100526970755,54.1207275390625,62.749874114990234,26.65119171142578,19.982742309570312,
C:\My_Project\AIGC\lfw\Suzanne_Torrance\Suzanne_Torrance_0001.jpg,real,lfw,250,250,62500,0.2224256222961362,0.06563547253608704,0.004198436625301838,0.06396596133708954,0.0009639395284466445,-4.234997506429525,1.2156505045095711,1.1095328330993652,493.3544616699219,1264.533447265625,1.9887037101373533,0.17364712468488472,15.650330967220652,0.5164799935774126,0.14603036131892683,8.897444725036621,45.118106842041016,0.03347695991396904,0.4753017692970743,0.9447866473741198,0.08289717882871628,72.66468811035156,151.7158203125,72.10796356201172,162.0543975830078,0.1417085348952803,61.94560241699219,85.17086029052734,3.1518020629882812,39.031394958496094,
C:\My_Project\AIGC\lfw\Michael_Doleac\Michael_Doleac_0001.jpg,real,lfw,250,250,62500,0.3051789116292379,0.08267848193645477,0.005565745290368795,0.06731794029474258,0.001346917124465108,-3.7909228932997836,0.7053282343442199,1.0229281187057495,264.3271484375,890.4072265625,2.031156303325639,0.15519825888891509,8.713908991228037,0.6715156960947355,0.2973352602844238,5.090821743011475,21.284137725830078,0.15141110122203827,0.4160888796383083,0.7088743519957073,-0.2014482319355011,78.02314758300781,159.0416259765625,71.43004608154297,170.50137329101562,0.15996907252354606,53.498626708984375,59.138790130615234,15.42987060546875,21.087974548339844,
C:\My_Project\AIGC\lfw\Fernando_Velardez\Fernando_Velardez_0001.jpg,real,lfw,250,250,62500,0.19598894701435188,0.06197027117013931,0.004000301007181406,0.0645519345998764,0.0006023753667250276,-4.27956529372497,1.1891698702501357,0.5260888338088989,299.9261169433594,951.718017578125,1.8455718954975158,0.1959086731541708,10.217929939981522,0.6525129820242689,0.20992653862218663,5.6622633934021,30.202701568603516,0.2616223096847534,0.40727028866017584,0.7863074977832976,-0.4355112612247467,85.4256820678711,164.8477783203125,69.78704833984375,168.9552764892578,0.15697043529310492,55.04472351074219,61.953147888183594,0.2843132019042969,7.1966094970703125,
C:\My_Project\AIGC\lfw\Todd_Haynes\Todd_Haynes_0003.jpg,real,lfw,250,250,62500,0.15239927460330638,0.08793166279792786,0.007216997444629669,0.0820750743150711,0.000729863706510514,-4.050547451223504,1.0661807922019235,0.8747352957725525,261.5115661621094,716.2388305664062,1.9352344312727685,0.17663633401371048,8.640652412280682,0.6609086519903029,0.19477453932588037,5.349404335021973,19.933258056640625,0.024673696607351303,0.4620147981834877,0.818326334432622,-0.02989574708044529,69.12833404541016,156.11070251464844,70.42706298828125,173.59881591796875,0.17885290634859877,50.40118408203125,85.04766845703125,20.058679580688477,52.836570739746094,
C:\My_Project\AIGC\lfw\Mack_Brown\Mack_Brown_0002.jpg,real,lfw,250,250,62500,0.18266933432637458,0.09687446057796478,0.011636857874691486,0.12012306600809097,0.0015919723082333803,-3.9304871211361925,1.1846406142533399,1.3724453449249268,412.1922912597656,1292.4700927734375,2.0638753283076907,0.14940643548866153,13.137644275161536,0.6338971889537797,0.12165565696543654,7.318446636199951,26.565427780151367,0.07368162274360657,0.3986724916811429,0.7613337544292215,-0.07796994596719742,70.45852661132812,160.27447509765625,66.40042114257812,177.08102416992188,0.19812028340122048,46.918975830078125,62.40994644165039,10.306537628173828,35.98572540283203,
C:\My_Project\AIGC\lfw\Eric_Lloyd\Eric_Lloyd_0001.jpg,real,lfw,250,250,62500,0.1446482695532446,0.08036342263221741,0.010470169596374035,0.13028526306152344,0.0010494665475562215,-4.046160981418265,1.3267355567754275,0.8479613661766052,300.6001892089844,920.3864135742188,1.8461742393922815,0.21787233046818055,9.5542656394275,0.49109655623386694,0.07977786618247856,7.239018440246582,35.117130279541016,0.030946746468544006,0.43422710832876493,1.0215905894116082,0.06859724968671799,66.02958679199219,155.82159423828125,73.23881530761719,177.4189453125,0.18643461035462772,46.5810546875,64.6999282836914,18.890626907348633,54.099082946777344,
C:\My_Project\AIGC\lfw\Franco_Frattini\Franco_Frattini_0001.jpg,real,lfw,250,250,62500,0.2827569356147424,0.06434810161590576,0.006942747160792351,0.10789357870817184,0.001183189800940454,-3.9973458120963032,1.0262657825480201,0.9831509590148926,191.23501586914062,590.1715087890625,2.0741826837868094,0.14633159963154185,6.393683921975981,0.6652618296052321,0.22300341648135077,5.034965515136719,35.79803466796875,0.029913809150457382,0.42118186631583726,0.852515271009513,-0.05629969760775566,72.0537338256836,158.1487274169922,68.65898132324219,166.41502380371094,0.167735687397713,57.58497619628906,71.7255630493164,18.15062713623047,9.034530639648438,
C:\My_Project\AIGC\lfw\Laura_Schlessinger\Laura_Schlessinger_0001.jpg,real,lfw,250,250,62500,0.17522076663552008,0.041650447994470596,0.0050717503763735294,0.12176939845085144,0.0004816549189854413,-4.162277910502644,1.1301789196897742,0.966098964214325,256.79632568359375,639.376708984375,2.043314474416834,0.15344581937650897,8.599025277008291,0.6207150766930691,0.21039564108794828,6.240592002868652,34.42380142211914,0.1630154699087143,0.415291725596182,1.2185077265138857,0.2918994724750519,58.718753814697266,149.67127990722656,67.74092102050781,173.41766357421875,0.1915570528637176,50.58233642578125,89.45902252197266,27.495391845703125,26.763870239257812,
C:\My_Project\AIGC\lfw\Cori_Enghusen\Cori_Enghusen_0001.jpg,real,lfw,250,250,62500,0.25171947647562093,0.06486847251653671,0.0046263765543699265,0.0713193416595459,0.0007996115018613636,-4.426749897812502,1.377167416252201,0.49205249547958374,230.80630493164062,826.0831298828125,1.872976590833785,0.1935420252789263,7.867836161126476,0.6879374664302198,0.2962412167631119,4.757943153381348,21.153478622436523,0.330668568611145,0.3132816652849266,0.6605682892463731,-0.902007520198822,129.93992614746094,198.33740234375,78.6492691040039,163.22808837890625,0.11529372166106042,25.66259765625,48.83109664916992,9.001296997070312,0.25847625732421875,
C:\My_Project\AIGC\lfw\Wayne_Gretzky\Wayne_Gretzky_0004.jpg,real,lfw,250,250,62500,0.14710394988744374,0.10286707431077957,0.012361771427094936,0.12017228454351425,0.0011639379663392901,-3.804590982687128,1.051685433629239,1.4812575578689575,472.89306640625,1393.90673828125,2.1034511514580503,0.1405944832162726,15.331840951061857,0.625847598415532,0.2722415866243599,7.894045352935791,27.36842918395996,0.12561239302158356,0.41974305289717495,1.0535278411773283,-0.19035883247852325,73.92186737060547,159.78538513183594,67.8013687133789,171.6256866455078,0.1776690283564451,52.37431335449219,108.84378814697266,46.55728530883789,10.026222229003906,
C:\My_Project\AIGC\lfw\Platon_Lebedev\Platon_Lebedev_0001.jpg,real,lfw,250,250,62500,0.2387420401756582,0.04818902164697647,0.004934051539748907,0.10238952934741974,0.0005144368624314666,-4.089510207330687,0.9208229312654852,0.9063336253166199,225.29281616210938,589.5450439453125,2.0361899788577404,0.15607560668970735,7.3707184903046965,0.6520711316323397,0.25466735885004815,5.602987289428711,22.39111328125,0.07387810945510864,0.42881462675304644,0.9042584024466354,-0.11559614539146423,73.1976547241211,156.83074951171875,69.3826675415039,168.3990478515625,0.16503998565042946,55.6009521484375,100.68184661865234,14.961341857910156,13.829330444335938,
C:\My_Project\AIGC\lfw\Paul_Bremer\Paul_Bremer_0011.jpg,real,lfw,250,250,62500,0.1602176862099925,0.09349844604730606,0.009049207903444767,0.0967845767736435,0.00117745331954211,-3.909040089387454,1.0715296964346557,1.1230669021606445,282.124755859375,942.8582763671875,2.066992088903776,0.14919645793236377,9.280643755770992,0.5997772477886836,0.15518381835530964,6.662333011627197,27.630189895629883,0.10154050588607788,0.4314239285243681,0.8515577397402496,-0.129695326089859,72.56629943847656,158.68226623535156,67.60468292236328,172.27798461914062,0.17964848878824452,51.722015380859375,51.19282150268555,13.507431030273438,15.939666748046875,
C:\My_Project\AIGC\lfw\Tommy_Shane_Steiner\Tommy_Shane_Steiner_0001.jpg,real,lfw,250,250,62500,0.22704376444321844,0.034285809844732285,0.0023535743821412325,0.06864573061466217,0.00028024642961099744,-4.234201119141633,0.8453285060073333,0.3145108222961426,114.40901184082031,283.37298583984375,1.9698393297940868,0.17088486521703805,3.9069090489381315,0.6688273363743732,0.25885987525714776,4.019526958465576,23.51854705810547,0.02513282001018524,0.44821431212962454,0.94500997464593,0.03785678371787071,66.01918029785156,155.59136962890625,68.71864318847656,175.99392700195312,0.1915035481561573,48.006072998046875,56.970088958740234,12.807706832885742,19.213607788085938,
C:\My_Project\AIGC\lfw\Janela_Jara\Janela_Jara_0001.jpg,real,lfw,250,250,62500,0.043519798686335535,0.09804710000753403,0.008593886159360409,0.0876505896449089,0.0002701394259929657,-3.869606733799764,1.0107883898731662,0.4849188029766083,108.06806182861328,329.9053955078125,1.8684144678167252,0.2055297805487439,3.6693513388734953,0.5876647484757265,0.13372498335397123,4.3828043937683105,18.872207641601562,0.11373496055603027,0.4502534498600647,0.7290969114256793,0.19311173260211945,62.987876892089844,149.7799835205078,72.40644073486328,166.93898010253906,0.16351798143842547,57.06101989746094,47.65109634399414,7.073749542236328,9.394912719726562,
C:\My_Project\AIGC\lfw\Constance_Marie\Constance_Marie_0002.jpg,real,lfw,250,250,62500,0.1542389559344193,0.10239598155021667,0.005951945204287767,0.058126743882894516,0.0006925612105987966,-4.0371795707715545,1.1009057462781933,0.925538182258606,332.55029296875,976.9891967773438,1.9437088669403786,0.17673459066941508,11.004796860572467,0.6033898244405151,0.20466983059557994,6.113613605499268,23.885292053222656,0.14281830191612244,0.46629549953486465,1.099926752768345,-0.2446204274892807,74.76370239257812,161.60166931152344,71.59278106689453,174.65402221679688,0.17836472914542142,49.345977783203125,94.2531967163086,14.520305633544922,34.64270782470703,
C:\My_Project\AIGC\lfw\Ray_Sherman\Ray_Sherman_0001.jpg,real,lfw,250,250,62500,0.31131566181786496,0.07408152520656586,0.006117339711636305,0.08257577568292618,0.0016910794656723738,-3.8354099931253995,0.8577279394475585,1.1700550317764282,260.7453308105469,869.4234008789062,1.8731706268709887,0.2241607270405621,8.459722991689736,0.7707202935059294,0.38729820855496017,5.124155521392822,32.672576904296875,0.02457384020090103,0.44806343427384415,0.9726580460176624,-0.02822274900972843,69.9433822631836,155.81301879882812,69.94095611572266,176.41905212402344,0.18222328211177158,47.58094787597656,47.73810577392578,14.172178268432617,7.556087493896484,
C:\My_Project\AIGC\lfw\Jeremy_Shockey\Jeremy_Shockey_0002.jpg,real,lfw,250,250,62500,0.19981843244892905,0.050164591521024704,0.003565113991498947,0.07106833159923553,0.0006270974990911782,-4.142300381668908,1.0220504440931684,1.044265627861023,399.2014465332031,1251.734130859375,2.011429447139064,0.1634046982745735,13.115983668051676,0.6800975812580372,0.21539312809256944,6.8204827308654785,32.23231887817383,0.10388881713151932,0.39038982493903,1.0472751282427504,-0.16229231655597687,73.58879089355469,160.56809997558594,72.16143798828125,170.86117553710938,0.17109444711764363,53.138824462890625,82.2885513305664,5.577735900878906,26.75090789794922,
C:\My_Project\AIGC\lfw\Mufti_Mohammad_Syed\Mufti_Mohammad_Syed_0001.jpg,real,lfw,250,250,62500,0.2591997759131478,0.04227713122963905,0.00278301490470767,0.06582790613174438,0.0006043668836355209,-4.222399460492818,0.9905235047703395,1.0616105794906616,366.8635559082031,973.0131225585938,1.944041448306167,0.18034595869224007,11.97953572252996,0.6060588030099111,0.2722928153695481,6.911743640899658,27.31734848022461,0.08900661021471024,0.4115693476636624,0.8049226642028724,0.15095429122447968,63.6104621887207,154.55197143554688,71.67823791503906,178.90646362304688,0.19434583625130653,45.093536376953125,86.3403549194336,16.150127410888672,4.290283203125,
C:\My_Project\AIGC\lfw\Jason_Clermont\Jason_Clermont_0001.jpg,real,lfw,250,250,62500,0.21407593247616039,0.03986404091119766,0.003457404673099518,0.08672990649938583,0.0004912000149488449,-4.449145929930896,1.1905197177182654,0.6798505187034607,477.68096923828125,884.5951538085938,1.9347982585213186,0.1845491187664828,15.834267659279789,0.5613099294075418,0.16235144793486123,8.360487937927246,8.016992568969727,0.2680121660232544,0.40920343696271455,0.9617074959388725,-0.489565908908844,81.96641540527344,168.0724334716797,68.46381378173828,176.45816040039062,0.18532691248834937,47.541839599609375,77.89757537841797,23.71438980102539,10.696380615234375,
C:\My_Project\AIGC\lfw\Brandon_Jones\Brandon_Jones_0001.jpg,real,lfw,250,250,62500,0.2153472289454105,0.03879918158054352,0.0055168247781693935,0.14218920469284058,0.0006526607321575284,-4.315773792788184,1.2987517679860523,0.9582012891769409,468.4514465332031,1205.8984375,1.97385699811055,0.18012695201284334,15.606637523083974,0.5525822576817038,0.1065503279905216,8.244484901428223,9.211750030517578,0.03037465736269951,0.4151114186144237,1.0619015113430812,0.06560306996107101,63.745445251464844,158.60833740234375,67.31957244873047,176.3151397705078,0.20606733792589335,47.68486022949219,70.3071060180664,23.954666137695312,2.966064453125,
C:\My_Project\AIGC\lfw\Toutai_Kefu\Toutai_Kefu_0001.jpg,real,lfw,250,250,62500,0.14950883299302334,0.10747520625591278,0.010562714189291,0.09828047454357147,0.001358801731839776,-3.8576339030858864,1.131592523532624,1.3579888343811035,347.9898681640625,936.8301391601562,2.154838022844611,0.12900221243544152,11.347195579409025,0.6720827435292648,0.1938723444792493,6.94020414352417,29.438539505004883,0.12361656874418259,0.4336051973032635,0.7943372534419808,-0.21115517616271973,76.64990234375,156.97073364257812,76.2791748046875,172.30599975585938,0.15371800077856296,51.694000244140625,98.64808654785156,14.078571319580078,3.4217681884765625,
C:\My_Project\AIGC\lfw\Jennifer_Renee_Short\Jennifer_Renee_Short_0001.jpg,real,lfw,250,250,62500,0.13745027362108364,0.11296194791793823,0.009331520646810532,0.08260764926671982,0.0008124555461108685,-3.998920266869626,1.244217322012866,0.5016936659812927,101.43621826171875,247.19459533691406,2.0082322268894024,0.16793876307947045,3.3605672899353625,0.5869396530019101,0.151661672605082,4.6010026931762695,28.141460418701172,0.07101285457611084,0.4297862417718851,1.0511172982164019,0.13157248497009277,66.86721801757812,152.80642700195312,71.94891357421875,172.28941345214844,0.1718587210739408,51.71058654785156,68.4384765625,18.58050537109375,52.99919128417969,
C:\My_Project\AIGC\lfw\Atom_Egoyan\Atom_Egoyan_0001.jpg,real,lfw,250,250,62500,0.23660968001624802,0.0915849432349205,0.00771922105923295,0.08428482711315155,0.0012798033421859145,-3.6029889384045233,0.6014062988839296,1.247338891029358,367.9344787597656,977.7578735351562,2.0123477650672315,0.16221606339180977,12.188020544782997,0.614614450719793,0.1660183099892739,6.8463616371154785,19.913463592529297,0.3000293970108032,0.3878441281985377,0.9213758255078145,0.4998796284198761,64.45783233642578,147.89125061035156,74.68991088867188,169.10787963867188,0.15699963885708712,54.892120361328125,57.78737258911133,17.955646514892578,32.368141174316406,
C:\My_Project\AIGC\lfw\Glen_DaSilva\Glen_DaSilva_0001.jpg,real,lfw,250,250,62500,0.11606461834397158,0.11928129941225052,0.016794478520751,0.14079724252223969,0.0016306951874867082,-4.061668405986829,1.5329290475833335,0.63225257396698,288.8482666015625,613.6240234375,1.9172146699568309,0.19569277336377994,9.57088988919667,0.4880577023199332,0.0963393580943532,7.672364711761475,25.98554229736328,0.04570723697543144,0.4453729154250428,0.8533466290403305,-0.08644114434719086,73.69496154785156,154.78189086914062,71.0524673461914,163.23715209960938,0.1489750681023939,60.762847900390625,79.09956359863281,9.995243072509766,7.468048095703125,
C:\My_Project\AIGC\lfw\Nastia_Liukin\Nastia_Liukin_0001.jpg,real,lfw,250,250,62500,0.19213230070254664,0.08072879165410995,0.006931757554411888,0.08586475253105164,0.0008684700587764382,-3.7965693614217444,0.7721335305089483,1.196184754371643,369.0603942871094,970.908935546875,1.9461161248470502,0.18624412253815553,12.16006867497688,0.5606680339392756,0.10309086581525254,7.072405815124512,24.473953247070312,0.10927463322877884,0.44699731741975784,0.8691805223656771,-0.1894664317369461,75.36937713623047,160.07540893554688,70.23294830322266,167.5325927734375,0.16425914338640385,56.4674072265625,55.537376403808594,17.415987014770508,5.7261505126953125,
C:\My_Project\AIGC\lfw\Igor_Ivanov\Igor_Ivanov_0001.jpg,real,lfw,250,250,62500,0.21245506912878212,0.050075020641088486,0.002615269273519516,0.05222702398896217,0.00040535180596634746,-4.394975856458396,1.0362397585586565,0.40606412291526794,230.9470672607422,561.5258178710938,1.7171291330764322,0.24831420567968104,7.68931584718373,0.4774904172198193,0.08844429363355959,6.014115810394287,16.77884864807129,0.13896654546260834,0.42020047129329086,0.8405531523355121,-0.23808950185775757,73.68152618408203,165.6248779296875,71.5197525024414,170.78269958496094,0.18189110449046386,53.21730041503906,61.97074508666992,23.305583953857422,29.541839599609375,
C:\My_Project\AIGC\lfw\Joan_Laporta\Joan_Laporta_0004.jpg,real,lfw,250,250,62500,0.16081612866875528,0.063922218978405,0.004244363866746426,0.06639888137578964,0.0005006566643714905,-4.30808546661316,1.1553659912446936,0.8902121782302856,335.2024841308594,715.208740234375,1.994329663681297,0.16607363906218475,11.010218432594625,0.5785211889790496,0.22890076404237464,6.9319353103637695,22.7005615234375,0.08081335574388504,0.4307119481721519,0.9214637699854347,0.13185738027095795,66.79451751708984,151.0620574951172,69.99308776855469,168.10450744628906,0.16477216159108937,55.89549255371094,90.1436996459961,28.9692325592041,21.974891662597656,
C:\My_Project\AIGC\lfw\Mike_Krzyzewski\Mike_Krzyzewski_0006.jpg,real,lfw,250,250,62500,0.2788248203934617,0.035069532692432404,0.0026005972176790237,0.07415545731782913,0.0005310322158038616,-4.376953260497976,1.0823606761790607,0.6137846112251282,264.0129699707031,832.0701293945312,1.9885465184056668,0.16686742020765477,8.558912742382248,0.6580720699885414,0.25101763962243184,5.5306291580200195,26.139739990234375,0.308411180973053,0.3605034310328999,0.906704836868447,0.5549144744873047,58.60693359375,131.0811004638672,78.74380493164062,170.78012084960938,0.1329371675292907,53.219879150390625,85.76521301269531,15.718231201171875,11.347198486328125,
C:\My_Project\AIGC\lfw\Fred_Eckhard\Fred_Eckhard_0001.jpg,real,lfw,250,250,62500,0.2187340559632012,0.052249640226364136,0.004045084584504366,0.07741842418909073,0.0005014428170397878,-3.8809596247210507,0.7051344995422718,0.8867299556732178,163.40765380859375,578.062255859375,1.9266245293841604,0.18636007678354843,5.4235197368421035,0.7191964884733527,0.2773961844333761,4.337883472442627,30.594234466552734,0.14784231781959534,0.41152767030512033,0.828819262149746,-0.22823205590248108,78.70337677001953,158.8312530517578,76.90473937988281,167.27976989746094,0.14432316773498927,56.72023010253906,58.1700553894043,13.109466552734375,22.35132598876953,
C:\My_Project\AIGC\lfw\Kathy_Gannon\Kathy_Gannon_0001.jpg,real,lfw,250,250,62500,0.209813238759696,0.059847235679626465,0.007927968166768551,0.13247007131576538,0.0008088716422207654,-4.0352047361338315,1.0994639324937587,0.8098936080932617,164.21971130371094,356.2877197265625,2.0727887867818793,0.15151838281163568,5.5484135503231675,0.5750577238357752,0.13000317103047798,5.721923351287842,23.753215789794922,0.07350873202085495,0.4284923410741634,1.1365531399380258,-0.12847186625003815,69.93645477294922,162.33885192871094,68.87359619140625,176.34130859375,0.19790884571951822,47.65869140625,81.8439712524414,4.105098724365234,19.58507537841797,
C:\My_Project\AIGC\lfw\Craig_Wilson\Craig_Wilson_0001.jpg,real,lfw,250,250,62500,0.17614001804441323,0.08475837856531143,0.006001015659421682,0.07080144435167313,0.0009318580268882215,-3.9350293149120232,0.9624815422671983,1.1124287843704224,421.1943054199219,1262.4361572265625,1.951881411933123,0.17981705750986118,13.69423995844874,0.5719813587834923,0.11301059978266532,7.302420616149902,30.912799835205078,0.12399893254041672,0.4103538325261374,0.8414533986225917,0.19118812680244446,63.793357849121094,151.5938262939453,66.4430160522461,172.03665161132812,0.18477301233417273,51.963348388671875,48.0948371887207,8.699443817138672,19.058486938476562,
C:\My_Project\AIGC\lfw\Judy_Locy\Judy_Locy_0001.jpg,real,lfw,250,250,62500,0.17186046167464955,0.08233433216810226,0.007017168216407299,0.08522772789001465,0.0007263025618158281,-3.6973132511570364,0.6874124307634489,1.16947603225708,252.7484130859375,934.07373046875,2.008016989990313,0.16148745383088264,8.21293830794089,0.6575065543902208,0.1436132102231022,5.319960117340088,30.86249542236328,0.20179986953735352,0.4401676070617687,1.0696113290052343,-0.3187865912914276,82.84837341308594,163.15936279296875,71.15925598144531,166.8297882080078,0.153128888265609,57.17021179199219,64.4905014038086,12.418624877929688,13.949577331542969,
C:\My_Project\AIGC\lfw\Hideki_Sato\Hideki_Sato_0001.jpg,real,lfw,250,250,62500,0.12955450968642807,0.07385952025651932,0.007353512570261955,0.09956078976392746,0.0007209836039692163,-4.179095606784955,1.2955063959864563,0.8942650556564331,321.2527770996094,994.4304809570312,2.042842146869618,0.1544922785379647,10.225537569252065,0.6521307042246798,0.15754482220544044,6.3258585929870605,23.128820419311523,0.2049638330936432,0.43080732537845695,1.0065412374860092,-0.3235556185245514,75.5586166381836,164.9951171875,69.57225799560547,178.50582885742188,0.19416927156851563,45.494171142578125,60.28659439086914,27.406543731689453,10.2421875,
C:\My_Project\AIGC\lfw\Andy_Dick\Andy_Dick_0001.jpg,real,lfw,250,250,62500,0.2779682504737432,0.04492410644888878,0.00454794242978096,0.10123611986637115,0.0007556580821983516,-4.307590120904872,1.18312759461126,0.7633392810821533,245.34490966796875,490.3749084472656,2.040192139402857,0.15384795932857157,8.134180228531845,0.6080575517134019,0.2907984344759727,6.313828945159912,20.255739212036133,0.27670565247535706,0.3026139661457584,0.7774277375927876,0.5876522064208984,41.365718841552734,134.7061767578125,65.98916625976562,166.6666259765625,0.1872863558635925,41.365718841552734,68.99260711669922,6.8757781982421875,11.790916442871094,
C:\My_Project\AIGC\lfw\Manfred_Reyes_Villa\Manfred_Reyes_Villa_0001.jpg,real,lfw,250,250,62500,0.18791143870210503,0.08492422848939896,0.008948152884840965,0.1053663119673729,0.001116443774662912,-4.346056462894773,1.649618419045406,0.6790155172348022,337.2181396484375,979.2052612304688,1.938431107043954,0.18385247735369462,11.317042070637093,0.6128881765607221,0.13550195764907388,6.307397842407227,26.48699378967285,0.30908992886543274,0.3839327577898402,0.8200536224594076,0.5574222803115845,55.35948944091797,135.0089874267578,70.67951965332031,167.3001251220703,0.1533757716971028,55.35948944091797,74.424072265625,23.461997985839844,9.204963684082031,
C:\My_Project\AIGC\lfw\Kwon_Yang-sook\Kwon_Yang-sook_0001.jpg,real,lfw,250,250,62500,0.20726031455483732,0.07854369282722473,0.007117604836821556,0.09061969071626663,0.0007054166053421795,-3.9920278641842195,1.0100397433008976,0.7645292282104492,137.76046752929688,314.2854309082031,2.111010115891003,0.14062453686620036,4.560476685133886,0.6230261542833685,0.19878551876478495,4.927238941192627,35.409000396728516,0.13982488214969635,0.43014771564429555,0.99291820185414,0.24037282168865204,65.02728271484375,148.7216796875,72.10810852050781,167.54580688476562,0.15919165762625198,56.454193115234375,77.92105865478516,9.214397430419922,47.010581970214844,
C:\My_Project\AIGC\lfw\Jim_Greenwood\Jim_Greenwood_0001.jpg,real,lfw,250,250,62500,0.1961957485678125,0.04425353556871414,0.002843751572072506,0.06426043808460236,0.0004549849545583129,-4.271324641092437,1.0743307987446382,0.23930884897708893,168.1324462890625,600.7500610351562,1.9322694190755076,0.17514771870998777,5.55762753924284,0.697827461722037,0.2074903329831007,4.3056159019470215,26.626062393188477,0.2131069451570511,0.416766731543806,0.7443205496087282,0.32740479707717896,52.464839935302734,149.64791870117188,56.96844482421875,169.54928588867188,0.21805151356613806,52.464839935302734,41.8538703918457,22.950056076049805,5.407966613769531,
C:\My_Project\AIGC\lfw\Jaymon_Crabb\Jaymon_Crabb_0001.jpg,real,lfw,250,250,62500,0.157269178036552,0.08565017580986023,0.005120313726365566,0.05978170782327652,0.000733450404368341,-4.307778469708735,1.383301356681445,0.7777004837989807,240.28236389160156,729.30859375,1.8911987238023829,0.19008833405773917,7.928528393351783,0.6119769164735813,0.1498818393711403,5.180218696594238,26.20781135559082,0.25230157375335693,0.41249173937123274,0.8526091260045592,0.44015032052993774,60.54778289794922,140.93482971191406,72.98631286621094,167.48097229003906,0.15139003927720296,56.51902770996094,66.07992553710938,27.958927154541016,8.013015747070312,
C:\My_Project\AIGC\lfw\Mark_Kelly\Mark_Kelly_0001.jpg,real,lfw,250,250,62500,0.1745680685071606,0.07242901623249054,0.007589305285364389,0.10478266328573227,0.000616849516518414,-4.019872125408929,1.0371984239347392,0.5811585187911987,120.69319152832031,299.5162048339844,1.9743984863468498,0.1757762302015782,4.0868034395198505,0.623765353500676,0.14010394823996963,4.489048004150391,22.45005226135254,0.22473908960819244,0.4296805950261246,0.8253467524708797,0.3714269995689392,50.07884216308594,148.79652404785156,63.825653076171875,177.34243774414062,0.22333613355855347,46.657562255859375,46.645896911621094,21.126876831054688,31.465133666992188,
C:\My_Project\AIGC\lfw\Glenn_Plummer\Glenn_Plummer_0001.jpg,real,lfw,250,250,62500,0.16910655138396055,0.0665178969502449,0.004049055278301239,0.060871671885252,0.0004977792268618941,-4.275850168290877,1.1022183445743172,0.26947513222694397,135.01724243164062,407.83612060546875,1.9191674214900776,0.18728750658650936,4.588802804709135,0.626808341614474,0.1438625972236289,4.135251045227051,19.609561920166016,0.3188019096851349,0.39785425499166555,0.8532923263708853,-0.5796561241149902,87.213134765625,172.52459716796875,71.0124740600586,177.09498596191406,0.18036619550504876,46.90501403808594,53.675716400146484,24.07260513305664,18.895858764648438,
C:\My_Project\AIGC\lfw\Robin_Williams\Robin_Williams_0001.jpg,real,lfw,250,250,62500,0.18682771309221977,0.0617927722632885,0.006016903091222048,0.09737227857112885,0.0008542358409613371,-4.006272877932081,1.05208761518413,1.2343392372131348,582.6625366210938,1698.8560791015625,2.0423258511859874,0.15587740210581202,18.903345452446885,0.5423182743659802,0.17971756735782823,10.082549095153809,22.92075538635254,0.2016056925058365,0.43054713063719885,0.9143549197417553,-0.33298632502555847,81.39580535888672,163.26280212402344,68.89742279052734,169.85757446289062,0.1647262518010419,54.142425537109375,75.11804962158203,4.439079284667969,12.351806640625,
C:\My_Project\AIGC\lfw\Spencer_Abraham\Spencer_Abraham_0010.jpg,real,lfw,250,250,62500,0.29663162807954946,0.05186640843749046,0.004574383143335581,0.08819548785686493,0.000842201872728765,-4.1868617097871645,1.087273789027849,0.7154789566993713,168.3203125,562.5260009765625,1.8780568400930286,0.2057265615721436,5.568071618190203,0.749122880766359,0.34075467643592217,3.9857144355773926,29.438920974731445,0.16109433770179749,0.4109312195662949,0.8657742511110095,0.27870944142341614,62.196449279785156,147.00637817382812,73.66058349609375,170.17660522460938,0.16313609972758522,53.823394775390625,57.07305145263672,21.687362670898438,31.998550415039062,
C:\My_Project\AIGC\lfw\Bill_Readdy\Bill_Readdy_0001.jpg,real,lfw,250,250,62500,0.2647744964005611,0.04753975197672844,0.002562483074143529,0.053901903331279755,0.00048080823034979403,-4.0311968372259255,0.6671996969934263,0.9285412430763245,254.93006896972656,819.0056762695312,1.9689312509204455,0.17066977174020914,8.392307248384094,0.6538992160824063,0.21862646509776076,5.294654846191406,34.899810791015625,0.3154222071170807,0.37509671134230355,0.8908019032903919,0.6330402493476868,55.850589752197266,138.00779724121094,70.45574951171875,171.84988403320312,0.16602078579501267,52.150115966796875,68.8275146484375,7.094852447509766,25.95496368408203,
C:\My_Project\AIGC\lfw\Dorothy_Wilson\Dorothy_Wilson_0001.jpg,real,lfw,250,250,62500,0.18705632264929417,0.08272609114646912,0.0045390864834189415,0.05486886575818062,0.00053943827515468,-4.0938056234121465,0.99929378221977,0.751660168170929,194.30067443847656,492.192626953125,1.9627803088142302,0.1785645077795547,6.508075080794077,0.5993219100019547,0.1344244567142635,5.119216442108154,35.84664535522461,0.24263685941696167,0.4255577766395752,0.8972847164287399,-0.3871726095676422,77.46521759033203,173.92918395996094,67.17945861816406,177.3794708251953,0.21186085521906403,46.62052917480469,66.33275604248047,28.163631439208984,49.503074645996094,
C:\My_Project\AIGC\lfw\Andres_Manuel_Lopez_Obrador\Andres_Manuel_Lopez_Obrador_0001.jpg,real,lfw,250,250,62500,0.13491242777831952,0.1212424635887146,0.02097572386264801,0.17300643026828766,0.0012469631619751453,-4.108170103500444,1.6029032004601245,0.3948799967765808,119.84817504882812,303.1236267089844,2.0186773100231052,0.160539268007481,4.099952100646351,0.6595710048205796,0.13178284455568057,4.486313819885254,20.232637405395508,0.06916118413209915,0.4225482898653982,0.6375367185734421,-0.09152127057313919,73.9093017578125,155.72991943359375,68.55294036865234,165.5213165283203,0.15812365338810455,58.47868347167969,53.71979522705078,13.850963592529297,4.537193298339844,
C:\My_Project\AIGC\lfw\Chawki_Armali\Chawki_Armali_0001.jpg,real,lfw,250,250,62500,0.21968468666618307,0.0362190380692482,0.004402118269354105,0.12154155969619751,0.0004909236449748278,-4.163953460493624,0.9870338307979091,0.8728611469268799,252.41934204101562,690.651611328125,2.081643850302408,0.14567201924989345,8.362384579870703,0.6393506307450834,0.1631323834276292,6.065504550933838,17.504804611206055,0.21991953253746033,0.42328226465183005,0.8966872970587227,-0.3615337312221527,81.58726501464844,161.0095977783203,69.44878387451172,168.50820922851562,0.15679868151793314,55.491790771484375,88.54296112060547,33.433223724365234,28.5341796875,
C:\My_Project\AIGC\lfw\Aaron_Patterson\Aaron_Patterson_0001.jpg,real,lfw,250,250,62500,0.15523266295160998,0.1500295251607895,0.015930037945508957,0.10617935657501221,0.0016373858088627458,-3.2910140465601905,0.5572764309765169,1.1219205856323242,201.56329345703125,932.53662109375,2.0151146818916517,0.1593823184673114,6.486546341181892,0.6942318488542185,0.21582512450507974,4.436845779418945,26.227022171020508,0.13547582924365997,0.45749772952900825,0.7737362229237957,-0.2329891473054886,77.63469696044922,156.82986450195312,72.7304458618164,164.29144287109375,0.14451507689765739,59.70855712890625,43.70047378540039,0.7191543579101562,18.20067596435547,
C:\My_Project\AIGC\lfw\Cathy_Chisholm\Cathy_Chisholm_0001.jpg,real,lfw,250,250,62500,0.24367844700578256,0.054810769855976105,0.007453737780451775,0.13599039614200592,0.0013116978807374835,-3.749104502331153,0.7684084946652628,1.415015697479248,462.1088562011719,1140.1279296875,2.077580831127429,0.15215606165150705,15.265872576177244,0.5272561471388588,0.11037340241379526,8.883967399597168,17.221525192260742,0.22101864218711853,0.43939122736932096,0.9940953461070058,0.39904218912124634,54.24613952636719,146.57098388671875,70.22904968261719,173.72344970703125,0.19043176766625464,50.27655029296875,70.69808197021484,24.691059112548828,37.27069854736328,
C:\My_Project\AIGC\lfw\Markus_Naslund\Markus_Naslund_0002.jpg,real,lfw,250,250,62500,0.16438284968807307,0.058999694883823395,0.00860820896923542,0.1459026038646698,0.000987158971838653,-4.032098282597784,1.150980735181449,1.225469946861267,355.3746032714844,643.5966796875,2.0055327692742733,0.17556981710730268,11.623505597876257,0.47689560291927713,0.08785628942660342,8.760533332824707,24.80967903137207,0.0295172780752182,0.4059218029387092,1.0542961814906444,0.07668012380599976,66.66242218017578,154.49961853027344,69.1956558227539,170.9418182373047,0.1781149881591961,53.05818176269531,73.41454315185547,13.44122314453125,0.5311126708984375,
C:\My_Project\AIGC\lfw\Greg_Hennigar\Greg_Hennigar_0001.jpg,real,lfw,250,250,62500,0.10729036634455143,0.09858035296201706,0.01204264722764492,0.12216072529554367,0.0008467595907859504,-3.9212096545664634,1.1909574323434537,1.0569849014282227,273.2982177734375,865.5527954101562,1.9873851074881586,0.16960556891400433,8.708876096491226,0.7341989524839359,0.3134929794144865,5.6252760887146,23.408056259155273,0.16736407577991486,0.41386939462062766,0.9182782935120439,-0.2745782136917114,79.6439437866211,163.6693572998047,68.45857238769531,171.06875610351562,0.17183241225656767,52.931243896484375,54.1976318359375,7.294818878173828,4.328948974609375,
C:\My_Project\AIGC\lfw\Van_Hilley\Van_Hilley_0001.jpg,real,lfw,250,250,62500,0.2334134857896427,0.07516870647668839,0.008213174529373646,0.10926321148872375,0.0013110056752339005,-3.797425217300427,0.9180996685181504,1.036569595336914,180.852783203125,538.2603759765625,2.0763938802268274,0.14719840100982298,5.953527239150498,0.6356306831931849,0.1782306659735636,5.343069076538086,32.627525329589844,0.09738683700561523,0.40499208982881607,0.8313942946136004,-0.16128693521022797,69.80360412597656,160.9883575439453,67.16494750976562,171.6469268798828,0.18987491082360958,52.35307312011719,53.7606201171875,0.45304107666015625,14.825973510742188,
C:\My_Project\AIGC\lfw\Manuel_Llorente\Manuel_Llorente_0001.jpg,real,lfw,250,250,62500,0.13701171246558216,0.08379743248224258,0.005923781543970108,0.07069168239831924,0.0006651353323832154,-3.84001129995009,0.9002999513047482,1.1414142847061157,402.18914794921875,1257.1519775390625,2.0156811014039127,0.16080467545057725,12.928039012003673,0.6633867867234191,0.2030216056858404,7.078944206237793,28.365154266357422,0.26387709379196167,0.4150028865489185,0.8950772790429642,0.4742262661457062,48.993263244628906,149.44227600097656,68.97840881347656,193.18284606933594,0.24864901750455995,30.817153930664062,64.59703826904297,15.607166290283203,12.18829345703125,
C:\My_Project\AIGC\lfw\Jim_Wall\Jim_Wall_0001.jpg,real,lfw,250,250,62500,0.12732685515971168,0.07544587552547455,0.0073644844815135,0.09761281311511993,0.0005948497564531863,-4.126175185342364,1.22433361444111,0.8177196979522705,262.3251647949219,758.9246215820312,2.0304776398976982,0.16325618087724067,8.450277008310236,0.5878128755417724,0.10984160211815588,6.410955429077148,30.572538375854492,0.09635966271162033,0.4123479526511172,1.185202053574959,-0.1632087081670761,69.52908325195312,164.1217041015625,68.58670806884766,172.0371551513672,0.19502648512434925,51.96284484863281,48.04652786254883,16.56929588317871,9.471633911132812,
C:\My_Project\AIGC\lfw\Allan_Wagner\Allan_Wagner_0001.jpg,real,lfw,250,250,62500,0.22576218076418283,0.05339992418885231,0.00464590871706605,0.08700215816497803,0.0007040044292807579,-4.13360136554548,1.0239083101651267,1.1769919395446777,509.43310546875,1683.60595703125,2.0170672101619127,0.16204068582289322,16.86323984302857,0.6333792323964444,0.19933757285666567,8.011308670043945,27.201396942138672,0.2493508905172348,0.3914148935861859,0.8440362498714807,-0.3896673023700714,83.5604019165039,165.75057983398438,70.19461059570312,166.48434448242188,0.15772621093304093,57.515655517578125,88.6138687133789,17.115161895751953,14.003639221191406,
C:\My_Project\AIGC\lfw\Jessica_Capshaw\Jessica_Capshaw_0001.jpg,real,lfw,250,250,62500,0.20173852803983194,0.09862221032381058,0.008607827126979828,0.08728081732988358,0.0010661139385774732,-4.005256714852268,1.129061051904046,0.5466508269309998,94.6434555053711,271.1390686035156,2.013268455418831,0.15834598231444702,3.2200839681440425,0.6970415902574225,0.2023010163117031,3.508552312850952,18.245548248291016,0.096616230905056,0.4279868910017924,0.9143075069641985,-0.17561274766921997,72.36414337158203,158.48602294921875,68.572998046875,167.83905029296875,0.1703798429066781,56.16094970703125,50.46064758300781,8.326858520507812,14.805442810058594,
C:\My_Project\AIGC\lfw\Charlie_Coles\Charlie_Coles_0001.jpg,real,lfw,250,250,62500,0.12168163314142373,0.07634051144123077,0.003038850612938404,0.03980652615427971,0.00017731990374159068,-4.06885683104021,0.7356453531766484,-0.18181970715522766,51.924598693847656,105.70791625976562,1.8284577136741784,0.2086003322196176,1.8587635618651879,0.6771621543873092,0.15315586204318116,2.5971133708953857,33.296661376953125,0.15305893123149872,0.40188666496125736,0.9203220149629739,-0.23563529551029205,75.1982192993164,163.2996063232422,68.52250671386719,172.0345916748047,0.18175140024707115,51.96540832519531,33.27265930175781,8.176750183105469,9.705924987792969,
C:\My_Project\AIGC\lfw\Pupi_Avati\Pupi_Avati_0002.jpg,real,lfw,250,250,62500,0.1809581660185775,0.03655136376619339,0.003827655455097556,0.10471990704536438,0.0003632918233051896,-4.188449448401943,0.9707909755210301,0.7545773386955261,220.82029724121094,525.1023559570312,2.016911906784813,0.16577873722506978,7.389827158356416,0.5545845752524989,0.1299422154806133,6.208117485046387,20.220232009887695,0.03306693956255913,0.4042766657163384,0.8694757969305035,0.04675593972206116,59.56837463378906,159.89285278320312,66.3708724975586,170.5579071044922,0.20831692197216908,53.44209289550781,63.01760482788086,29.985721588134766,46.11897277832031,
C:\My_Project\AIGC\lfw\Carlos_Queiroz\Carlos_Queiroz_0001.jpg,real,lfw,250,250,62500,0.10086648845581968,0.07918247580528259,0.004144863225519657,0.05234571546316147,0.0003176299505867064,-4.266713899794788,1.1919787260919845,0.588854193687439,199.18893432617188,443.2216796875,2.0172586546636833,0.1613548791989442,6.658644967682363,0.6257061334284828,0.1597821687172519,5.164192199707031,35.90217208862305,0.12532402575016022,0.42585483507540645,1.0742007651226637,-0.18591970205307007,72.43154907226562,164.07601928710938,69.32460021972656,174.08413696289062,0.19133913115393272,49.915863037109375,55.086971282958984,12.073648452758789,12.772575378417969,
C:\My_Project\AIGC\lfw\Kostya_Tszyu\Kostya_Tszyu_0001.jpg,real,lfw,250,250,62500,0.23606392921874192,0.051632266491651535,0.003805542131885886,0.07370472699403763,0.000675683026202023,-4.188818615668631,1.0178599940667383,0.8598076105117798,321.1306457519531,929.5045776367188,2.008453429958313,0.16161289159480058,10.52000490535548,0.6401176136920648,0.17777239605903622,6.1457390785217285,25.18902587890625,0.28843578696250916,0.400827405630325,0.9578917322963472,0.5021145343780518,53.64536666870117,142.91162109375,72.51174926757812,171.63558959960938,0.17634753568771958,52.364410400390625,63.472171783447266,25.372709274291992,27.28443145751953,
C:\My_Project\AIGC\lfw\Bob_Beauprez\Bob_Beauprez_0001.jpg,real,lfw,250,250,62500,0.18172700828739513,0.11257752031087875,0.014663372188806534,0.13025133311748505,0.0011807270348072052,-3.8275313577800194,1.0896963794745258,1.0206537246704102,237.66880798339844,865.6614379882812,1.9958807023165255,0.16176721762737004,7.597553093259458,0.6848070981598484,0.2290836497883927,5.087327003479004,35.11170196533203,0.158858060836792,0.42207388262942314,1.0224670693264992,-0.25631603598594666,76.85990905761719,166.88185119628906,68.81138610839844,174.80894470214844,0.19017271377883938,49.19105529785156,56.8937873840332,19.88068389892578,0.6388397216796875,
C:\My_Project\AIGC\lfw\Roy_Jones_Jr\Roy_Jones_Jr_0001.jpg,real,lfw,250,250,62500,0.2096917747880533,0.12541760504245758,0.014293873682618141,0.11397022753953934,0.0021021149586886168,-4.082733440936633,1.4404477469266712,0.9287252426147461,395.15985107421875,745.807373046875,1.977142080382033,0.18066401801373452,12.135309037396116,0.4810903109516192,0.09254944382590771,9.020115852355957,20.628005981445312,0.22394877672195435,0.43300626503470924,0.9834952180867395,-0.40841060876846313,74.51683044433594,173.8353271484375,72.52911376953125,181.13116455078125,0.21496716403412486,42.86883544921875,67.72222900390625,2.7515106201171875,2.7558670043945312,
C:\My_Project\AIGC\lfw\Robert_Blake\Robert_Blake_0001.jpg,real,lfw,250,250,62500,0.1874110221181718,0.07916464656591415,0.007871362380683422,0.09943027049303055,0.0009232126176357269,-3.9716713056112245,1.0274189848097843,1.183458924293518,375.2464599609375,1188.877197265625,2.1139275684434424,0.1413623217193845,12.259665281625086,0.5948385378463815,0.11621679766510394,7.3667826652526855,29.32277488708496,0.017968062311410904,0.4553677498489169,0.9393654968442471,0.027030672878026962,69.87249755859375,153.59109497070312,66.80955505371094,168.6342010498047,0.16989430294916946,55.36579895019531,81.24241638183594,20.690166473388672,4.0137176513671875,
C:\My_Project\AIGC\lfw\Gillian_Anderson\Gillian_Anderson_0001.jpg,real,lfw,250,250,62500,0.2154863816310955,0.03960367292165756,0.0030570768285542727,0.07719175517559052,0.0006022265297360718,-4.29878211534275,1.147008732286814,1.1610568761825562,564.1453857421875,1425.6435546875,2.067191600792374,0.15028411614204734,17.093394506001815,0.573911472630476,0.20016102614572823,9.331661224365234,25.94047737121582,0.18254722654819489,0.45257223969189925,0.8816338831408045,-0.28720220923423767,81.86686706542969,159.78591918945312,72.74320983886719,167.81422424316406,0.14763718365059372,56.18577575683594,68.9808578491211,21.98023223876953,13.698516845703125,
C:\My_Project\AIGC\lfw\Sid_Caesar\Sid_Caesar_0001.jpg,real,lfw,250,250,62500,0.2450609422651764,0.07089134305715561,0.006142555270344019,0.08664746582508087,0.0010917815379798412,-3.848525118782001,0.8484436568305602,1.2244702577590942,283.985595703125,718.0358276367188,2.088989549444956,0.14576423451186515,9.336294436749746,0.6035261271272032,0.20733157556987003,6.8155317306518555,32.31050109863281,0.14480891823768616,0.4188270605161074,1.020753596402344,-0.24700039625167847,78.6948471069336,159.122314453125,68.73920440673828,169.05604553222656,0.16079857828231187,54.94395446777344,76.09490203857422,17.591106414794922,42.87538146972656,
C:\My_Project\AIGC\lfw\Ted_Costa\Ted_Costa_0001.jpg,real,lfw,250,250,62500,0.1892277609889173,0.06863608956336975,0.00528857484459877,0.07705239206552505,0.0008195515256375074,-4.14018994308001,1.1067252491173492,0.9006242752075195,347.6446533203125,923.3621215820312,2.0361388376532705,0.15851837215399756,11.50350126962141,0.5977576162963383,0.1283393360192559,7.1273698806762695,25.588462829589844,0.258923202753067,0.42401261962087844,0.8115015826695244,0.4296989142894745,63.01634216308594,141.15737915039062,71.97858428955078,163.99142456054688,0.1432951760786604,60.008575439453125,89.90258026123047,13.2392578125,7.1601409912109375,
C:\My_Project\AIGC\lfw\Billy_Crystal\Billy_Crystal_0003.jpg,real,lfw,250,250,62500,0.10494342864655366,0.159012109041214,0.023413510993123055,0.14724357426166534,0.0016058511100709438,-4.088285044176996,1.7924660076597454,0.8173990845680237,350.0486145019531,1230.4520263671875,1.966956586549702,0.1711356199964391,10.437425554016606,0.6862376131385213,0.21362368839992144,6.120095252990723,57.88385009765625,0.2773037850856781,0.39857966796229927,1.0093589727065884,-0.45407605171203613,80.09545135498047,175.61892700195312,68.28705596923828,172.66708374023438,0.1987153826692657,48.381072998046875,49.663124084472656,19.67450714111328,9.189041137695312,
C:\My_Project\AIGC\lfw\Martha_Sahagun_de_Fox\Martha_Sahagun_de_Fox_0001.jpg,real,lfw,250,250,62500,0.1649511794792197,0.1053425520658493,0.008619261905550957,0.08182127773761749,0.0011467018630355597,-3.5934503520878573,0.6969831620803404,0.878833532333374,149.1667938232422,491.42095947265625,1.953288093759367,0.17351405752643553,4.876391966759,0.6996654273395447,0.20189423749005941,4.14076566696167,26.044397354125977,0.044495150446891785,0.47043448184829073,0.7686259303873378,0.0645841583609581,70.00914001464844,149.8536834716797,69.92860412597656,169.0596466064453,0.1577461899966637,54.94035339355469,54.65496063232422,3.2600440979003906,21.247894287109375,
C:\My_Project\AIGC\lfw\Steven_Feldman\Steven_Feldman_0001.jpg,real,lfw,250,250,62500,0.15577475705356061,0.07133965194225311,0.008712717331945896,0.12213008105754852,0.0010222913697361946,-4.01664147286645,1.2036213613430153,0.9447698593139648,197.1563262939453,530.7587280273438,2.0277689337856484,0.15584534180755172,6.449030759464445,0.6516006646563568,0.1948614442996479,5.310349464416504,27.1458797454834,0.10642454773187637,0.43487858410246416,0.7573081954729252,0.17393290996551514,63.22920227050781,151.72930908203125,69.50102996826172,181.26161193847656,0.19712259729117573,42.73838806152344,83.1507568359375,3.0002365112304688,25.832916259765625,
C:\My_Project\AIGC\lfw\Brittany_Snow\Brittany_Snow_0001.jpg,real,lfw,250,250,62500,0.21074289853395028,0.05619493126869202,0.006070164032280445,0.10801977664232254,0.0004970577429048717,-4.008879407896928,0.9515782640248892,0.4626678228378296,103.33248138427734,240.45660400390625,1.9511221980424969,0.17337301461610236,3.5209853993536466,0.6780047636372344,0.25713809693833456,3.900885820388794,18.638080596923828,0.16512826085090637,0.43310331181931494,1.0132079951376294,0.3110971748828888,57.35417556762695,151.08470153808594,69.62915802001953,178.90505981445312,0.20413121315147648,45.094940185546875,61.65118408203125,15.060251235961914,28.221084594726562,
C:\My_Project\AIGC\AIGuard\unseen\Real_10.jpg,real,aiguard_unseen_real,305,305,93025,0.08956795453103455,0.0946883112192154,0.008370674215257168,0.0884024053812027,0.0004442414501681924,-3.6371920145465557,0.7086743180242088,1.425322413444519,254.29244995117188,720.0989379882812,2.1324425768502695,0.13874951068285554,8.084130020775618,0.5640065187414811,0.12411772214815325,6.102001190185547,58.32549285888672,0.055695176124572754,0.44290612384851247,0.977524190522303,-0.09239647537469864,16.53803253173828,211.31431579589844,26.672853469848633,244.3358154296875,0.8449374747848711,-20.3358154296875,,,,
C:\My_Project\AIGC\AIGuard\unseen\Real_45.jpg,real,aiguard_unseen_real,1781,1781,3171961,0.16946548028384206,0.08176375925540924,0.006686382927000523,0.08177685737609863,0.0006681451923213899,-3.870425984680571,0.9109501538362296,1.0004585981369019,197.679443359375,703.0007934570312,2.116456610706038,0.1431893408670866,6.596871248845787,0.6361190570663127,0.11994210429002138,5.183498859405518,20.452144622802734,0.14835573732852936,0.4341094973139671,0.8501598414018616,-0.21330571174621582,43.10758590698242,197.82034301757812,42.74956512451172,211.94647216796875,0.5217020085953127,12.05352783203125,49.153236389160156,12.371025085449219,18.200958251953125,
C:\My_Project\AIGC\AIGuard\unseen\Real_65.jpg,real,aiguard_unseen_real,2464,2464,6071296,0.09780764059540811,0.1587037742137909,0.01733492501080036,0.10922817885875702,0.0008606611518189311,-3.221368944847497,0.566379959553878,1.4030300378799438,141.04177856445312,313.4532470703125,2.1554317749011487,0.13237587286501515,4.384744632963981,0.627600307547377,0.10804532212654103,4.939836502075195,56.426422119140625,0.325088769197464,0.36071333581784804,0.8977657468098781,-0.6226624846458435,60.97117614746094,216.90696716308594,45.06121063232422,215.79461669921875,0.5306012581280514,7.0930328369140625,,,,
C:\My_Project\AIGC\AIGuard\unseen\Real_9.jpg,real,aiguard_unseen_real,766,766,586756,0.14090780042432724,0.05825702100992203,0.011568216606974602,0.1985720545053482,0.0008206946076825261,-3.6881076913366604,0.9003932173710293,1.280076265335083,227.80520629882812,488.05401611328125,2.1336040632056683,0.1385808132033406,7.509766562788546,0.5631856198372072,0.10333207145684545,6.7788405418396,27.236915588378906,0.13860063254833221,0.39574339482528603,0.830804280448347,-0.3148772716522217,41.281105041503906,179.31031799316406,43.08421325683594,197.72207641601562,0.4253934658878367,26.277923583984375,50.322425842285156,6.2707977294921875,29.97594451904297,
C:\My_Project\AIGC\AIGuard\unseen\Real_38.jpg,real,aiguard_unseen_real,1357,1357,1841449,0.16188592138744287,0.1745743751525879,0.0148575184866786,0.08510709553956985,0.0012281810631975532,-3.0379999688485446,0.2921265506508427,1.5008825063705444,152.25912475585938,359.5414123535156,2.1923011634851974,0.12336535376342621,4.735104743767311,0.6108299772063956,0.1294319698026328,5.464239597320557,44.22172546386719,0.16594555974006653,0.41315156814093706,0.9646216661789239,-0.23973394930362701,52.43592834472656,190.508544921875,34.93375015258789,184.05459594726562,0.41034569047091474,33.491455078125,50.7133903503418,15.24166488647461,22.581375122070312,
C:\My_Project\AIGC\AIGuard\unseen\Real_55.jpg,real,aiguard_unseen_real,1340,1340,1795600,0.06891438181967904,0.11739577353000641,0.007191263604909182,0.06125658378005028,0.0003327208978589624,-3.510028454297198,0.5294961546698359,1.1232296228408813,141.00796508789062,328.1111145019531,2.059360168443178,0.15733533459670937,4.647657259926128,0.5958648029114805,0.11014293592150506,4.715376377105713,42.07524871826172,0.06767865270376205,0.40375832121890914,0.8808822726974533,0.05576018989086151,48.09505844116211,178.7477264404297,40.983402252197266,200.1511993408203,0.4144550651545491,23.848800659179688,47.26713562011719,4.795680999755859,22.750320434570312,
C:\My_Project\AIGC\AIGuard\unseen\Real_17.JPG,real,aiguard_unseen_real,524,524,274576,0.11749516831031839,0.12506404519081116,0.008545263670384884,0.06832709908485413,0.0008733973954804242,-3.604777977263444,0.7824659485328214,1.1735917329788208,158.7089080810547,448.31842041015625,2.0883188702232443,0.1493944210193893,5.26062355724837,0.610888954471838,0.10705627749879103,4.763086795806885,40.107017517089844,0.11255786567926407,0.4382740929233368,0.8914231561344835,0.19234758615493774,28.431278228759766,173.58642578125,34.92816925048828,226.1165008544922,0.5530925240013875,-2.1165008544921875,,,,
C:\My_Project\AIGC\AIGuard\unseen\Real_51.jpg,real,aiguard_unseen_real,2111,2111,4456321,0.13177683336781668,0.14109234511852264,0.015247520059347153,0.10806766897439957,0.0011189188808202744,-3.2789764427230805,0.53709650117424,1.5242670774459839,198.21600341796875,529.4262084960938,2.089884825615479,0.14588326863674558,6.054347587719291,0.6047345929689979,0.17177463400403184,5.661727428436279,44.871402740478516,0.0437406450510025,0.42708914795571484,0.7735019763860584,-0.03577272593975067,46.54597091674805,177.01083374023438,41.2672233581543,194.29965209960938,0.39790646570669014,29.700347900390625,45.52814483642578,28.086660385131836,8.873977661132812,
C:\My_Project\AIGC\AIGuard\unseen\Real_92.jpg,real,aiguard_unseen_real,742,742,550564,0.09520141895141457,0.1092824712395668,0.0121305575594306,0.11100185662508011,0.00062171759782359,-3.4419869668341083,0.5818969429903827,1.260352373123169,151.40875244140625,377.05096435546875,2.107909370498892,0.14511653275749972,4.8647792590027645,0.6084368241955023,0.1212036525354651,5.126062870025635,33.6810417175293,0.019776703789830208,0.45561830201246933,0.7423678209254871,0.004409376066178083,34.4669303894043,191.09410095214844,16.6438045501709,205.11053466796875,0.5883093647074895,16.6438045501709,43.89817810058594,5.048473358154297,9.508514404296875,
C:\My_Project\AIGC\AIGuard\unseen\Real_50.jpg,real,aiguard_unseen_real,542,542,293764,0.1485688419524106,0.18275344371795654,0.020746741443872452,0.11352311819791794,0.002256064908578992,-2.9399611760510225,0.3133428118915618,1.7091339826583862,209.74642944335938,372.27813720703125,2.1972903078889763,0.12427718477515268,6.358035260849487,0.5038837893350278,0.09503251151218145,7.6024250984191895,46.9031867980957,0.2663702666759491,0.3873912264412097,0.855681863234528,-0.402790367603302,62.83675765991211,208.1422119140625,45.32591247558594,215.54327392578125,0.4929350890358645,8.45672607421875,,,,
C:\My_Project\AIGC\AIGuard\unseen\Real_79.jpg,real,aiguard_unseen_real,256,256,65536,0.13684590555325812,0.16512233018875122,0.01375254150480032,0.08328699320554733,0.001138143939897418,-3.2863939613990616,0.5568936125930243,1.632097840309143,241.04139709472656,544.6491088867188,2.15314522102562,0.13232554857157905,7.249193501846708,0.582980297468862,0.20572141498986038,6.5290117263793945,65.57010650634766,0.12233293801546097,0.4187011888466195,1.170021130623754,-0.2042601853609085,44.76434326171875,206.07049560546875,35.78204345703125,228.44461059570312,0.6193729553134679,-4.444610595703125,,,,
C:\My_Project\AIGC\AIGuard\unseen\Real_3.JPG,real,aiguard_unseen_real,617,617,380689,0.13001593620329427,0.10838392376899719,0.01792570762336254,0.16539083421230316,0.0009903034660965204,-3.262534574691655,0.5645721590755572,1.6331228017807007,251.06536865234375,453.74200439453125,2.1535381201408437,0.13326658243340583,8.181642139889181,0.48983640303767156,0.08168872888661358,7.870852947235107,32.20479965209961,0.04503917694091797,0.46758356058462514,1.0893257334651407,-0.051608312875032425,35.002689361572266,197.01280212402344,30.662824630737305,219.239990234375,0.6088848824910071,4.760009765625,,,,
C:\My_Project\AIGC\AIGuard\unseen\Real_28.jpg,real,aiguard_unseen_real,2394,2394,5731236,0.09708831791459427,0.06902197748422623,0.004687278065830469,0.06790993362665176,0.0002917938109021634,-3.8852537842773964,0.7162770955474914,1.1458631753921509,252.2378387451172,681.2940063476562,2.079191384660102,0.14797258277775496,8.333671802862403,0.6077919782788259,0.15971650062591083,5.742177963256836,34.390533447265625,0.06779398024082184,0.44589375360952727,1.0030984834808816,-0.10889697819948196,46.796730041503906,186.55723571777344,38.8975830078125,206.30577087402344,0.46629968491967416,17.694229125976562,61.83365249633789,15.430877685546875,5.397735595703125,
C:\My_Project\AIGC\AIGuard\unseen\Real_30.jpg,real,aiguard_unseen_real,202,202,40804,0.13894586210325835,0.07541832327842712,0.011104258708655834,0.14723555743694305,0.00083237758371979,-3.688138807390198,0.8702626738751612,1.3460129499435425,254.2342987060547,545.6834716796875,2.101133400988083,0.14728099850007564,8.299313538781167,0.5332613505503424,0.10321387914782854,7.465871810913086,19.039213180541992,0.20104475319385529,0.414864078119515,1.2726459104906773,0.3710051476955414,27.77304458618164,168.7118682861328,45.91175079345703,209.33639526367188,0.45904171626305024,14.663604736328125,53.88369369506836,24.98331069946289,26.086624145507812,
C:\My_Project\AIGC\AIGuard\unseen\Real_40.jpg,real,aiguard_unseen_real,549,549,301401,0.10411975797269092,0.0590866357088089,0.007287998218089342,0.12334427237510681,0.0002928173344116658,-3.780774268282302,0.7792383382151838,1.0102143287658691,147.801025390625,362.60028076171875,2.109845831190612,0.1443716674385246,4.880388388734991,0.5929450008466495,0.10553515425904461,5.246838569641113,26.797988891601562,0.0665021613240242,0.46284791051196766,0.8922588637121486,0.013722943142056465,24.7736873626709,205.21353149414062,33.176815032958984,239.7269287109375,0.7427828108536312,-15.7269287109375,,,,
C:\My_Project\AIGC\AIGuard\unseen\Real_66.jpg,real,aiguard_unseen_real,2881,2881,8300161,0.1414898758662365,0.13809846341609955,0.012661801651120186,0.09168676286935806,0.0009907970670610666,-3.465429655947461,0.7321563020247284,1.1898586750030518,131.62074279785156,307.66107177734375,2.0446062642542073,0.15876163417525413,4.357125461680516,0.6064148263298479,0.11252381459723511,4.578822135925293,33.221073150634766,0.009065279737114906,0.4381806387161912,0.7595638915008628,0.012311390601098537,39.65969467163086,180.82411193847656,48.268592834472656,189.62997436523438,0.39770402279628153,34.370025634765625,51.18709945678711,16.76577377319336,38.383392333984375,
C:\My_Project\AIGC\AIGuard\unseen\Real_49.jpg,real,aiguard_unseen_real,1988,1988,3952144,0.11113356438746151,0.10074354708194733,0.01041649840772152,0.10339618474245071,0.0007315899711102247,-3.4885110827919537,0.6295481032842406,1.3287099599838257,193.36862182617188,373.8109130859375,2.1316945725405647,0.14083008724468446,6.261081486611262,0.5423587846280622,0.09576070945100915,6.342069625854492,35.60251998901367,0.05501474440097809,0.45750410392590013,0.9630902801767811,-0.0821978971362114,45.094642639160156,184.1549530029297,40.95845031738281,200.61309814453125,0.4424749856078919,23.38690185546875,49.74917221069336,1.8649978637695312,22.458274841308594,
C:\My_Project\AIGC\AIGuard\unseen\Real_5.jpg,real,aiguard_unseen_real,373,373,139129,0.07758682458606697,0.21854132413864136,0.04353832080960274,0.1992223709821701,0.0017994256922975183,-2.6855486919569467,0.3194840077028099,1.954665184020996,253.12547302246094,511.29486083984375,2.2347895012794052,0.11486112569978167,7.549947483841172,0.48830549329880313,0.09235074282523781,8.133997917175293,47.44855499267578,0.10898680984973907,0.4503575978905396,1.0121082413669749,-0.21473492681980133,49.62358474731445,190.32496643066406,47.38414764404297,212.75643920898438,0.46372986916711173,11.243560791015625,77.01541137695312,13.873138427734375,22.95330810546875,
C:\My_Project\AIGC\AIGuard\unseen\Real_58.jpg,real,aiguard_unseen_real,248,248,61504,0.2515511803669248,0.12074887007474899,0.01493107620626688,0.12365396320819855,0.00299837370403111,-3.4060523555271045,0.7035408770757847,1.7272844314575195,299.4076232910156,702.2266235351562,2.185224702321319,0.1272456849529961,9.413039012003656,0.524757643708303,0.10939301785574555,7.7967095375061035,36.00325012207031,0.0947764664888382,0.3804270424504805,1.0107638458854329,-0.09789412468671799,31.234880447387695,190.13766479492188,39.725791931152344,213.80667114257812,0.5512981586488029,10.193328857421875,69.385498046875,33.51803207397461,4.226806640625,
C:\My_Project\AIGC\AIGuard\unseen\Real_82.jpg,real,aiguard_unseen_real,968,968,937024,0.0712440989047222,0.1978943794965744,0.021230502054095268,0.10728198289871216,0.0010281457798555493,-2.919316935241731,0.3588301803180106,1.6552016735076904,177.02435302734375,245.4823760986328,2.1891729198459307,0.12631276586263293,5.3127545013850375,0.5153818456725048,0.1022996126631852,6.843836784362793,43.20055389404297,0.10687717795372009,0.45013311715393006,1.1340810550829035,-0.22466082870960236,47.68354797363281,201.55848693847656,31.840187072753906,216.55250549316406,0.5664580022918406,7.4474945068359375,,,,
C:\My_Project\AIGC\AIGuard\unseen\Real_70.jpg,real,aiguard_unseen_real,243,243,59049,0.11885874127162717,0.13868997991085052,0.014316746033728123,0.10322841256856918,0.0011473846388980746,-3.678619122588102,1.10197873664605,0.9749049544334412,136.89779663085938,496.7035827636719,2.171428101500975,0.1291302327859506,4.399865246999072,0.6280220819249809,0.1290069142300229,5.2676310539245605,63.27205276489258,0.25082218647003174,0.39002812615688365,0.7950599740141852,0.3784313499927521,11.843582153320312,176.47425842285156,40.64194107055664,218.2509307861328,0.5827464941092061,5.7490692138671875,,,,
C:\My_Project\AIGC\AIGuard\unseen\Real_60.jpg,real,aiguard_unseen_real,540,540,291600,0.0844778728673642,0.08727540075778961,0.004510922357439995,0.05168606713414192,0.0002766626712400466,-3.6232291659474885,0.5291779352520746,0.6963281631469727,85.55400085449219,209.02911376953125,2.1597986278775103,0.12918460691834133,2.907849145891041,0.6885589791918043,0.16128469681839658,3.433969020843506,50.914669036865234,0.051119741052389145,0.4163601127814841,1.2383110738250742,0.09558757394552231,37.782894134521484,177.88876342773438,47.535457611083984,217.59678649902344,0.4748602980907951,6.4032135009765625,,,,
C:\My_Project\AIGC\AIGuard\unseen\Real_19.jpg,real,aiguard_unseen_real,421,421,177241,0.2143878970692696,0.10093563795089722,0.011229418218135834,0.11125325411558151,0.0013414608547464013,-3.279794315436065,0.4009070376608245,1.7411047220230103,347.22015380859375,1071.1109619140625,2.260259093816604,0.1088583087087025,11.091176708217876,0.6186214169425832,0.15876017537600035,7.090690612792969,36.06611633300781,0.021340016275644302,0.45507153389463706,0.9468383769065557,-0.04718155786395073,37.40930938720703,190.07041931152344,44.09855270385742,221.95826721191406,0.5411404142941241,2.0417327880859375,,,,
C:\My_Project\AIGC\AIGuard\unseen\Real_93.jpg,real,aiguard_unseen_real,1200,800,960000,0.05588483210097969,0.12192402780056,0.022494440898299217,0.18449555337429047,0.0006085970671847463,-3.197268580103161,0.5566313097742666,1.370572566986084,167.20494079589844,597.6739501953125,2.2371405703982217,0.11287030891694906,5.493128174053551,0.6891140230953116,0.15823430910320682,4.912836074829102,39.17395782470703,0.06962480396032333,0.44748485887352973,0.7620318748195783,-0.06244934722781181,95.74079132080078,154.17291259765625,55.84672546386719,148.97055053710938,0.10844672035324382,55.84672546386719,86.560546875,18.15475845336914,8.498245239257812,
C:\My_Project\AIGC\AIGuard\unseen\Real_4.jpg,real,aiguard_unseen_real,379,379,143641,0.129364857153991,0.1603696346282959,0.01640280708670616,0.10228125005960464,0.0014823881210759282,-2.9599918642799596,0.18992697502914752,1.5001630783081055,151.2195281982422,312.5525817871094,2.244279220290912,0.11235853415238566,4.757122864727608,0.5750496229168877,0.12925703647250383,5.850644588470459,31.615346908569336,0.0757310539484024,0.4324859819470262,0.9237373806113691,-0.08731591701507568,46.01377487182617,191.31178283691406,38.728851318359375,202.85142517089844,0.475260743042031,21.148574829101562,40.81678009033203,0.7074432373046875,25.938392639160156,
C:\My_Project\AIGC\AIGuard\unseen\Real_59.jpg,real,aiguard_unseen_real,2407,2407,5793649,0.12222438809196874,0.09680449217557907,0.005289486143738031,0.054640915244817734,0.00043267934233881533,-3.787982556227742,0.7633609447459065,0.7853243947029114,134.7672119140625,375.84478759765625,2.093916346166008,0.14930750280060104,4.476175265466292,0.6403527603672654,0.13635970863022126,4.139462947845459,37.90816116333008,0.284725546836853,0.4534770337781562,0.8140410979110978,0.5318780541419983,12.29302978515625,160.23448181152344,48.012821197509766,218.00921630859375,0.5012259552770606,5.99078369140625,,,,
C:\My_Project\AIGC\AIGuard\unseen\Real_56.jpg,real,aiguard_unseen_real,209,209,43681,0.02483720415411255,0.06083736568689346,0.007444945629686117,0.12237455695867538,8.196236012736335e-05,-3.767651078150018,0.8246480047120249,0.6477450728416443,71.03730010986328,220.9512176513672,2.1072208759970064,0.13854870841881473,2.406752943213295,0.7464192548423608,0.20765571267937916,3.0114119052886963,33.669490814208984,0.02923089824616909,0.4208599181194134,0.8702049607827473,0.039554938673973083,36.39484405517578,180.91358947753906,49.34520721435547,186.2781982421875,0.39439939553320336,36.39484405517578,24.265485763549805,11.442967414855957,0.8594512939453125,
C:\My_Project\AIGC\AIGuard\unseen\Real_35.jpg,real,aiguard_unseen_real,1812,1812,3283344,0.18130246813623727,0.07165670394897461,0.0032205823808908463,0.044944606721401215,0.0002766862162388861,-3.8727199491019055,0.5411907044878898,0.5996342301368713,97.92503356933594,324.8052978515625,2.1048403857161886,0.1412793723109959,3.3583010156971347,0.7059982151824745,0.15101436793178685,3.105807304382324,29.208173751831055,0.05418417602777481,0.4365014666824719,0.9793202069542712,-0.08962391316890717,44.32632064819336,189.81649780273438,47.31486892700195,199.4595947265625,0.4411583846800688,24.5404052734375,33.7182731628418,9.304256439208984,18.855201721191406,
C:\My_Project\AIGC\AIGuard\unseen\Real_83.jpg,real,aiguard_unseen_real,237,237,56169,0.0715912757137674,0.15517118573188782,0.020085390657186508,0.12944020330905914,0.0008417293429374695,-3.042546021235557,0.3586510497441938,1.6427067518234253,204.10092163085938,411.3990478515625,2.150550605199211,0.13387080124644923,6.318438942751612,0.5681395594735065,0.1292129829150494,6.393339157104492,42.71122360229492,0.007768846582621336,0.451990243900507,1.0368524498157528,-0.002911974908784032,39.395896911621094,182.88319396972656,40.00114440917969,208.60516357421875,0.4821535192746426,15.39483642578125,56.125484466552734,18.025218963623047,21.071029663085938,
C:\My_Project\AIGC\AIGuard\unseen\Real_23.jpg,real,aiguard_unseen_real,377,377,142129,0.13896985090723352,0.10513768345117569,0.00685053551569581,0.06515775620937347,0.0006901544402353466,-3.9332229052004153,1.0337313350200172,0.9298002123832703,165.90847778320312,360.7977600097656,2.124069344312028,0.14031843720054388,5.5178150969529085,0.573379962446802,0.10618088753608551,5.28639554977417,28.06978416442871,0.05303163453936577,0.4268375882183356,1.0109141292508783,-0.09652533382177353,35.21914291381836,198.40597534179688,39.315650939941406,222.94570922851562,0.5972179438511935,1.054290771484375,,,,
C:\My_Project\AIGC\AIGuard\unseen\Real_6.jpg,real,aiguard_unseen_real,1085,1085,1177225,0.20262021020613594,0.1813710778951645,0.0173896923661232,0.09587908536195755,0.0022164045367389917,-3.1661024110259106,0.5036646725964403,1.353945016860962,120.56851196289062,293.2361755371094,2.2087315095219484,0.12018525704698034,3.7275926246537363,0.6429340151815253,0.17456973066347864,4.542178630828857,32.28807830810547,0.15274028480052948,0.4049014243421711,1.0856511335477372,-0.15922027826309204,43.9993782043457,199.5519256591797,37.858577728271484,217.01524353027344,0.5554104703247716,6.9847564697265625,,,,
C:\My_Project\AIGC\AIGuard\unseen\Real_78.jpg,real,aiguard_unseen_real,214,214,45796,0.22990162621779972,0.11181957274675369,0.007845462299883366,0.07016179710626602,0.0014162925072014332,-3.676660613936471,0.7929835299610452,1.5360971689224243,327.0149230957031,769.9039306640625,2.1820503690996076,0.1252358463196792,10.571858264081236,0.5543722710198886,0.1487167690222133,7.50844669342041,26.94828987121582,0.0594060979783535,0.4152408367399619,1.1537686828834928,-0.05367874354124069,48.89122772216797,187.09507751464844,39.57198715209961,211.32073974609375,0.4730615992814544,12.67926025390625,75.57805633544922,15.695781707763672,31.00018310546875,
C:\My_Project\AIGC\AIGuard\unseen\Real_41.jpg,real,aiguard_unseen_real,1503,1503,2259009,0.09512983803450252,0.12211909145116806,0.006962175015360117,0.057011354714632034,0.0003839282726403326,-3.527230295366241,0.5420586248301944,0.8895775675773621,94.44310760498047,234.33018493652344,2.1320106737663056,0.13927902037379444,3.123963815789475,0.6577206815664218,0.14658343914817076,3.656917095184326,42.16782760620117,0.27211329340934753,0.38534615463969063,0.878031936921518,-0.4405739903450012,54.81403732299805,217.28582763671875,36.200069427490234,210.42282104492188,0.5641398750132892,6.71417236328125,,,,
C:\My_Project\AIGC\AIGuard\unseen\Real_32.jpg,real,aiguard_unseen_real,878,878,770884,0.16555973292147613,0.12709690630435944,0.014763823710381985,0.11616194248199463,0.001450996147468686,-3.2312814363017073,0.43466013050533947,1.8192784786224365,350.3804626464844,874.445068359375,2.2027282517516786,0.12204318302763048,10.992359764542917,0.5671734776487481,0.11921165525183558,7.506875038146973,36.295166015625,0.2028239667415619,0.4685935905892334,0.7657508081364025,0.3939320743083954,22.457611083984375,176.53628540039062,16.847944259643555,199.59255981445312,0.5611656589434465,16.847944259643555,57.78714370727539,0.8834381103515625,44.279876708984375,
C:\My_Project\AIGC\AIGuard\unseen\Real_21.jpg,real,aiguard_unseen_real,1087,1087,1181569,0.12125355745028606,0.11262719333171844,0.008261134847998619,0.07334937900304794,0.0007152625476010144,-3.368253334210283,0.43905841263673573,1.371084213256836,169.5287628173828,398.04876708984375,2.1460049430516768,0.13637573785555457,5.474259579870726,0.5997880559820099,0.14986019571020437,5.614725589752197,50.319190979003906,0.11652661114931107,0.4237230540898084,0.7466650140306892,0.2192719578742981,31.218591690063477,180.56460571289062,41.89112091064453,210.84205627441406,0.5028728627632192,13.157943725585938,46.22214889526367,27.399049758911133,57.290138244628906,
C:\My_Project\AIGC\AIGuard\unseen\Real_86.jpg,real,aiguard_unseen_real,895,895,801025,0.1462823829149397,0.1387310028076172,0.009275780990719795,0.06686163693666458,0.0008684710483066738,-3.5328079260555865,0.6891342005135612,1.2353787422180176,176.66128540039062,525.849609375,2.2183637072066307,0.11695947690786593,5.69172841643581,0.6656402932631635,0.15394971897401755,4.889021873474121,34.06776428222656,0.012135584838688374,0.4723153225781456,0.9467672426815111,0.01464384701102972,44.62306213378906,181.6128692626953,39.14067840576172,217.8614501953125,0.48794092907724473,6.1385498046875,,,,
C:\My_Project\AIGC\AIGuard\unseen\Real_39.jpg,real,aiguard_unseen_real,938,938,879844,0.10996326761171554,0.15483345091342926,0.010639448650181293,0.06871543824672699,0.0006638421327807009,-3.173507824495618,0.3267065958725547,1.4507404565811157,181.30213928222656,339.8829345703125,2.1391861315634118,0.14023039967554002,5.7302068905817105,0.5496189276425212,0.1033635768837875,5.928144931793213,40.96599578857422,0.08830345422029495,0.4100186149432136,1.2231709978927565,-0.01595905050635338,36.71852111816406,201.30715942382812,35.660308837890625,216.7191925048828,0.5939141245992882,7.2808074951171875,,,,
C:\My_Project\AIGC\AIGuard\unseen\Real_20.jpeg,real,aiguard_unseen_real,515,515,265225,0.11615330422533424,0.07548871636390686,0.011366534046828747,0.15057261288166046,0.0005935682565905154,-3.5061762534273697,0.6881459141435262,0.1984829157590866,20.551332473754883,59.99580764770508,2.208038960733961,0.11753465175032865,0.7989421745152354,0.7982603010752993,0.2830197499589747,2.0914306640625,27.896900177001953,0.211833193898201,0.4075974986021838,0.7072221786432903,-0.32126811146736145,55.9514045715332,209.54452514648438,40.28044128417969,222.9315643310547,0.5591110484153562,1.0684356689453125,,,,
C:\My_Project\AIGC\AIGuard\unseen\Real_37.jpg,real,aiguard_unseen_real,272,272,73984,0.05758621434250866,0.27168405055999756,0.05344881862401962,0.1967315375804901,0.0012203719234094024,-2.6375957611246936,0.3330423972967628,1.8910925388336182,203.3118896484375,390.84393310546875,2.24059737741876,0.11270690768622002,6.004671918282549,0.5584008939140589,0.14981655204713965,7.237530708312988,59.145843505859375,0.018927043303847313,0.4018185017692143,1.1095237786535506,-0.02212362550199032,45.47041320800781,184.0219268798828,50.143028259277344,203.32315063476562,0.4229778742738949,20.676849365234375,40.199405670166016,21.23754119873047,16.80419921875,
C:\My_Project\AIGC\AIGuard\unseen\Real_43.jpg,real,aiguard_unseen_real,1149,1149,1320201,0.12647466886900244,0.1481522172689438,0.00949794054031372,0.06410934031009674,0.0008828170830383897,-3.650766816570502,0.9527946726518606,1.044343113899231,115.67704772949219,314.23150634765625,2.1585936584399565,0.1299401004827802,3.7292569829178155,0.6763619916183712,0.17347859296179846,4.135231971740723,46.1385498046875,0.11065378785133362,0.3887027119057658,0.831132530244734,-0.06342444568872452,21.276105880737305,184.15672302246094,26.86353302001953,197.14645385742188,0.5527699943138425,21.276105880737305,46.12681198120117,13.317703247070312,14.462135314941406,
C:\My_Project\AIGC\AIGuard\unseen\Real_42.jpg,real,aiguard_unseen_real,1292,1292,1669264,0.21002056899203211,0.1512288898229599,0.019915074110031128,0.13168829679489136,0.00259414897300303,-3.005142592668713,0.3985740898969069,1.8996771574020386,367.0652160644531,759.1005859375,2.1617222107488927,0.13024214951508445,11.514380771006445,0.5143307664174437,0.16131766426580432,8.765710830688477,49.477413177490234,0.2062268853187561,0.4217871334610858,1.0560824674580165,-0.33444294333457947,58.850624084472656,190.37950134277344,52.4945182800293,201.71063232421875,0.3911477190106586,22.28936767578125,104.4835205078125,22.68752670288086,13.165214538574219,
C:\My_Project\AIGC\AIGuard\unseen\Real_11.jpg,real,aiguard_unseen_real,715,715,511225,0.10209114002845146,0.107780821621418,0.008615674450993538,0.07993698865175247,0.00062852498376742,-3.346497135391681,0.38778762386528026,1.3113112449645996,165.52374267578125,345.1483459472656,2.1676686041685356,0.13022690502517872,5.319461565096951,0.5847870468970426,0.14647150523872368,5.481028079986572,34.031280517578125,0.03902802988886833,0.422924387282758,1.101178580813322,-0.04733041673898697,38.68107986450195,186.97308349609375,42.8503532409668,217.44485473632812,0.516003038301301,6.555145263671875,,,,
C:\My_Project\AIGC\AIGuard\unseen\Real_75.jpg,real,aiguard_unseen_real,367,367,134689,0.2041782268521909,0.1142711490392685,0.007116919383406639,0.06228098273277283,0.000752501015085727,-4.033505811558711,1.1256399130506312,0.7390343546867371,139.8289337158203,356.39227294921875,1.9958201770554638,0.16494199108551164,4.717990824099714,0.6606668633980949,0.21524620304956205,3.8530020713806152,23.755727767944336,0.12560510635375977,0.4885518360071515,0.9652830632116066,0.1754547357559204,39.333885192871094,179.489013671875,40.41366195678711,212.41909790039062,0.48045766848219923,11.580902099609375,51.25603103637695,7.52301025390625,54.13258361816406,
C:\My_Project\AIGC\AIGuard\unseen\Real_2.jpeg,real,aiguard_unseen_real,292,292,85264,0.21480621422949728,0.11398628354072571,0.005582723300904036,0.04897715151309967,0.0011204774491488934,-4.1004730671000305,1.1463453203683167,0.6187759637832642,137.12908935546875,330.1505432128906,1.978256133570532,0.17595802014790593,4.618355263157885,0.5876147745883561,0.12027903762857575,4.250784873962402,73.42666625976562,0.07223958522081375,0.4317993026528878,0.931879182381949,-0.10600593686103821,40.55720520019531,193.8280487060547,38.12400436401367,208.34661865234375,0.5199729686651965,15.65338134765625,38.775657653808594,11.687889099121094,26.495498657226562,
C:\My_Project\AIGC\AIGuard\unseen\Real_47.jpg,real,aiguard_unseen_real,342,342,116964,0.11154508582131055,0.12611326575279236,0.007693087216466665,0.061001408845186234,0.000599164457526058,-3.3867677571378816,0.47128095429818545,1.2971811294555664,163.7589569091797,401.1011657714844,2.2362321791618545,0.11420085975300615,5.185804478301018,0.6039411624465548,0.11990773556987018,5.186122894287109,41.2331657409668,0.013047957792878151,0.4368055263762677,0.6596728848899078,-0.0022278137039393187,8.079854965209961,214.90579223632812,20.981063842773438,231.83340454101562,0.8691353035459797,-7.833404541015625,,,,
C:\My_Project\AIGC\AIGuard\unseen\Real_12.JPG,real,aiguard_unseen_real,234,234,54756,0.19632846899384576,0.07139385491609573,0.004441663157194853,0.06221352145075798,0.0005470856558531523,-4.133712855320966,1.0358169623833249,0.7173263430595398,184.86965942382812,361.7408752441406,1.998100587243287,0.1713636724812842,6.184722126038773,0.5773656099342365,0.1479858571403369,5.3494439125061035,41.51978302001953,0.047576889395713806,0.4471457144294749,0.7279056295192119,-0.013314004056155682,34.47945022583008,184.4966583251953,44.3416633605957,213.14071655273438,0.504678784472674,10.859283447265625,57.843055725097656,6.466670989990234,32.11653137207031,
C:\My_Project\AIGC\AIGuard\unseen\Real_61.jpg,real,aiguard_unseen_real,1934,1934,3740356,0.16440518637056234,0.1280175894498825,0.012401951476931572,0.09687693417072296,0.0009748943848535419,-3.3299950798620688,0.5048583751860277,1.391007423400879,164.15658569335938,381.8955078125,2.1766769244356707,0.12836793520608478,5.231205563250224,0.5879490586082207,0.11985236750746806,5.587608337402344,31.033676147460938,0.2190096080303192,0.4472659297535655,0.8285877150538844,0.4169224798679352,22.173433303833008,170.3740692138672,38.24058532714844,209.1945037841797,0.504932227093514,14.805496215820312,56.93828582763672,1.234619140625,39.02368927001953,
C:\My_Project\AIGC\AIGuard\unseen\Real_8.JPG,real,aiguard_unseen_real,841,841,707281,0.1135063963362148,0.12345414608716965,0.006543434225022793,0.05300295352935791,0.0005103900912217796,-3.993054482800705,1.0890123372119382,0.21272985637187958,61.8410758972168,174.33119201660156,1.8785568470465235,0.19670574231129892,2.1712710641735904,0.7095155443594093,0.14910483328727878,2.430346965789795,62.72111511230469,0.2026575803756714,0.4435923836021778,0.704015890811428,-0.33569297194480896,56.834712982177734,190.2764129638672,49.38140869140625,191.38902282714844,0.377665366721485,32.61097717285156,33.78093719482422,13.570991516113281,10.109779357910156,
C:\My_Project\AIGC\AIGuard\unseen\Real_89.jpg,real,aiguard_unseen_real,2107,2107,4439449,0.06633341009906155,0.1207779124379158,0.01130681298673153,0.0936165601015091,0.0004156056384090334,-3.346846944078546,0.45634415649958554,1.2379604578018188,158.46896362304688,303.3612976074219,2.008417051635577,0.17582106203002168,5.0886602608494895,0.5421100363922662,0.11307479744420701,5.6822710037231445,31.737720489501953,0.1343907117843628,0.41076289462033183,1.1439886878355785,-0.25132670998573303,48.29838180541992,209.34078979492188,35.94023132324219,226.05177307128906,0.6101726018355828,-2.0517730712890625,,,,
C:\My_Project\AIGC\AIGuard\unseen\Real_64.jpg,real,aiguard_unseen_real,2173,2173,4721929,0.07068456941402378,0.05699053406715393,0.003366749733686447,0.059075597673654556,0.00015334790805354714,-3.9479378160092873,0.6510106974202062,0.5626490712165833,103.8111572265625,194.59027099609375,1.98879895120158,0.17906719860758497,3.5558353531855937,0.6048896397526187,0.12924525177578616,4.275758266448975,30.35442543029785,0.05048801749944687,0.47718146476262463,0.7292190520026973,-0.09509574621915817,45.63773727416992,183.4582061767578,36.86103439331055,203.0162353515625,0.4563852779549985,20.9837646484375,40.41386413574219,10.734210968017578,4.2378082275390625,
C:\My_Project\AIGC\AIGuard\unseen\Real_57.jpg,real,aiguard_unseen_real,228,228,51984,0.1347513679617316,0.17095085978507996,0.02013053558766842,0.11775626987218857,0.001919525326229632,-3.2396494479634,0.5993310458028762,1.3785216808319092,138.5147247314453,322.7724609375,2.1799118023230486,0.1286411865310637,4.530037800092334,0.5699921844166076,0.1114006090868756,5.6355671882629395,32.13901138305664,0.20032966136932373,0.42516123909291137,0.938366715273798,-0.3520481586456299,57.987457275390625,196.52294921875,48.620880126953125,222.04461669921875,0.47882140187927263,1.95538330078125,,,,
C:\My_Project\AIGC\AIGuard\unseen\Real_44.jpg,real,aiguard_unseen_real,2316,2316,5363856,0.08616541033084141,0.19915810227394104,0.051109906286001205,0.2566298246383667,0.002369113964959979,-2.711809965350143,0.3805006541642726,2.208583354949951,469.08563232421875,987.0241088867188,2.2233474891600427,0.11571094603500778,13.656000115420124,0.5776579306325123,0.11568795938310943,9.704976081848145,45.93684768676758,0.007909364998340607,0.4019821948261326,0.7246336856381016,-0.006744639948010445,53.70075607299805,171.90895080566406,63.14038848876953,211.0265655517578,0.34840078955140397,12.973434448242188,125.093505859375,17.059192657470703,15.17474365234375,
C:\My_Project\AIGC\AIGuard\unseen\Real_62.jpg,real,aiguard_unseen_real,1493,1493,2229049,0.05815347576176106,0.0713755264878273,0.010141783393919468,0.14209048449993134,0.00031898944871500134,-3.5734943331677074,0.6001979878693696,1.1972956657409668,172.75201416015625,415.2811279296875,2.152043957847102,0.13349161382418584,5.767280124653731,0.6191409162152092,0.13169080740685643,5.468296051025391,25.952219009399414,0.07335247844457626,0.47399393274494694,0.9975621404187952,-0.1374495029449463,45.851768493652344,190.2881317138672,38.522926330566406,199.82058715820312,0.46431057728538655,24.179412841796875,48.66484069824219,3.926166534423828,4.4810638427734375,
C:\My_Project\AIGC\AIGuard\unseen\Real_69.jpg,real,aiguard_unseen_real,687,687,471969,0.14623050630028273,0.124941885471344,0.007275873329490423,0.05823406204581261,0.0008251404506154358,-3.58947580469157,0.6119345914076902,0.9654639363288879,124.06434631347656,330.3412170410156,2.2194266725314207,0.11810198112211343,4.1066349261311155,0.6463419413002162,0.1366310166503099,4.235091209411621,34.362648010253906,0.09435366094112396,0.4409568057348512,0.9743294622880607,-0.18087509274482727,38.34755325317383,199.33079528808594,41.34463119506836,204.47950744628906,0.5233972669779515,19.520492553710938,44.00333023071289,35.54026794433594,48.91138458251953,
C:\My_Project\AIGC\AIGuard\unseen\Real_91.jpg,real,aiguard_unseen_real,1539,1539,2368521,0.15680148447218265,0.09211714565753937,0.009411144070327282,0.10216495394706726,0.0008387084235437214,-3.5523345381204328,0.6107956346538554,1.4650681018829346,274.3139953613281,774.574951171875,2.1460832300561155,0.13491470324203703,8.739459256694348,0.5752801548437658,0.1128159654202826,6.581683158874512,38.15522384643555,0.09256000816822052,0.42166869693887904,0.9541059177096822,0.23092451691627502,19.84182357788086,195.0887451171875,37.8812255859375,217.79310607910156,0.628368208003321,6.2068939208984375,,,,
C:\My_Project\AIGC\AIGuard\unseen\Real_54.jpg,real,aiguard_unseen_real,2360,2360,5569600,0.1842732469073076,0.1209687888622284,0.00913738552480936,0.07553506642580032,0.0009267257992178202,-3.4253680574333023,0.6009353849344569,0.9851499795913696,90.23521423339844,254.47183227539062,2.138579582642304,0.13684766881419239,2.986835757156044,0.6605175564559158,0.15001029749040318,3.718593120574951,48.342960357666016,0.019465822726488113,0.4418820733132151,0.8274489002923174,-0.021036358550190926,45.72812271118164,183.16586303710938,41.838626861572266,204.19979858398438,0.44472561699215235,19.800201416015625,45.71400451660156,9.450237274169922,49.598419189453125,
C:\My_Project\AIGC\AIGuard\unseen\Real_22.jpeg,real,aiguard_unseen_real,2575,2575,6630625,0.08999180079116835,0.09945781528949738,0.006779791787266731,0.06816750764846802,0.00029391617863439023,-3.599343872757788,0.5401277289526767,1.2427780628204346,194.34095764160156,552.5996704101562,2.004287420750116,0.17126310253977428,6.2760901431209595,0.6756733856827506,0.2494026723043886,4.643585681915283,46.02265167236328,0.02408752590417862,0.4375320402303999,0.7271843850435367,0.042789507657289505,39.6338005065918,182.42333984375,38.392513275146484,206.32986450195312,0.4779116912304341,17.670135498046875,42.16896438598633,5.485622406005859,18.60638427734375,
C:\My_Project\AIGC\AIGuard\unseen\Real_1.jpg,real,aiguard_unseen_real,221,221,48841,0.09280533614628315,0.0663985162973404,0.0039663915522396564,0.05973614752292633,0.00024630120606161654,-4.088276770972954,0.9907728916804406,1.0259844064712524,243.7386474609375,626.1259155273438,2.1125309736065385,0.14147169676387078,8.102990824099713,0.6075245393050053,0.1372185167649212,5.746097087860107,33.82646942138672,0.012335870414972305,0.43573217506308676,0.8316811777898856,-0.02079755812883377,47.629234313964844,184.8966827392578,43.23472595214844,210.839599609375,0.45851987704422614,13.160400390625,55.56500244140625,13.069961547851562,21.022750854492188,
C:\My_Project\AIGC\AIGuard\unseen\Real_94.jpeg,real,aiguard_unseen_real,1200,899,1078800,0.27955276714843186,0.10380233079195023,0.011162656359374523,0.10753762722015381,0.0027428765315562487,-3.336718988171589,0.4777434329119414,1.6567480564117432,414.4766540527344,1243.856201171875,2.205494226958327,0.11836050590442052,13.450278739612145,0.7133174294907216,0.24283695097747543,6.720811367034912,35.33497619628906,0.10580670833587646,0.3975541279050714,0.8944837842274294,-0.1819794774055481,72.6478271484375,133.3195037841797,49.116493225097656,134.91294860839844,0.10374312016718167,49.116493225097656,122.14727020263672,29.24887466430664,27.772994995117188,
C:\My_Project\AIGC\AIGuard\unseen\Real_87.jpg,real,aiguard_unseen_real,2252,2252,5071504,0.157354934155813,0.1772458404302597,0.01098939124494791,0.06200084090232849,0.0010660589905455709,-3.2011833804116767,0.3649513352484433,1.4681466817855835,177.6882781982422,474.0180969238281,2.1534978987618625,0.13391836103624424,5.565509868421048,0.5647261660224732,0.10916993653114238,5.521170616149902,77.55899047851562,0.1417194902896881,0.40759735990028484,0.7502103251924315,-0.30759796500205994,43.85447692871094,193.74484252929688,37.664817810058594,202.63482666015625,0.49281359493927446,21.36517333984375,49.65108871459961,1.6303825378417969,39.081398010253906,
C:\My_Project\AIGC\AIGuard\unseen\Real_48.jpg,real,aiguard_unseen_real,1287,1287,1656369,0.08377636556323989,0.08694864064455032,0.010286437347531319,0.11830475181341171,0.0005323496297933161,-3.353876181908963,0.5857967189385094,1.4822773933410645,241.8767547607422,578.2828369140625,2.154467368357609,0.13470715733678673,7.432513850415505,0.5218053369334803,0.10518122821341738,7.184247016906738,35.932525634765625,0.22742541134357452,0.4270144137622593,0.9219725661853178,-0.4007934629917145,57.254547119140625,201.53126525878906,41.372554779052734,207.4256591796875,0.4774712400315688,16.5743408203125,72.80126190185547,23.010269165039062,37.35906982421875,
C:\My_Project\AIGC\AIGuard\unseen\Real_74.jpg,real,aiguard_unseen_real,270,270,72900,0.08463527598839668,0.17977018654346466,0.023221461102366447,0.12917302548885345,0.0012603197246789932,-2.9285652631797845,0.3022176661317581,1.923697829246521,339.8968505859375,715.073974609375,2.2328211701841663,0.11423579656496886,10.291482860110792,0.5400391975284753,0.11583956342497052,8.542463302612305,42.75046920776367,0.021659547463059425,0.43191841526722036,0.9355100429137224,0.018235547468066216,41.799163818359375,184.41329956054688,44.841636657714844,212.6110076904297,0.47684717502074725,11.388992309570312,81.36870574951172,0.8003578186035156,8.320404052734375,
C:\My_Project\AIGC\AIGuard\unseen\Real_15.jpg,real,aiguard_unseen_real,619,619,383161,0.18648656101952646,0.11779054999351501,0.012227957136929035,0.10381101816892624,0.001705080852843821,-3.3051894224087666,0.45549366114779555,1.6138238906860352,270.50335693359375,629.75732421875,2.129277503177099,0.1417333872206059,8.660694829178198,0.5207986357207641,0.08985398874280351,7.254213809967041,29.751121520996094,0.21384654939174652,0.4119970378714869,0.783196024610241,0.39069435000419617,28.35555648803711,171.15591430664062,41.2765007019043,204.42623901367188,0.4643224053119407,19.573760986328125,80.27482604980469,17.299434661865234,6.0699005126953125,
C:\My_Project\AIGC\AIGuard\unseen\Real_73.jpg,real,aiguard_unseen_real,245,245,60025,0.17716164591471548,0.11883966624736786,0.010277511551976204,0.08648216724395752,0.0012778304517269135,-3.356218962160897,0.4598132732912555,1.6118589639663696,290.7052307128906,633.9292602539062,2.1292385506806557,0.14092663117916768,9.239237361495832,0.5222835305002618,0.10960377296571214,7.4008402824401855,38.45399856567383,0.016288716346025467,0.41202824555904477,0.949898853945723,-0.010517881251871586,35.735755920410156,188.09034729003906,41.010284423828125,207.74441528320312,0.5062721295928394,16.255584716796875,73.50186920166016,1.79522705078125,32.419036865234375,
C:\My_Project\AIGC\AIGuard\unseen\Real_71.jpg,real,aiguard_unseen_real,689,689,474721,0.17063236267518386,0.11799148470163345,0.005615196190774441,0.04758984595537186,0.000773638894315809,-3.654467812070613,0.6843295582339478,1.2121402025222778,203.94744873046875,671.2322387695312,2.1148430295482434,0.1422328027473396,6.7173684210526226,0.6449249207135122,0.15036679690100713,4.738892555236816,52.841800689697266,0.11473464220762253,0.470404070657781,1.0641156352293757,0.19173885881900787,35.16035461425781,172.76148986816406,40.760807037353516,209.97482299804688,0.4640473672087057,14.025177001953125,51.92559051513672,11.08487319946289,74.56473541259766,
C:\My_Project\AIGC\AIGuard\unseen\Real_46.jpg,real,aiguard_unseen_real,685,685,469225,0.14779953708957694,0.07403342425823212,0.0045082224532961845,0.060894422233104706,0.00030120121664367616,-3.6634231160438544,0.4638310369151422,0.7302583456039429,119.62548828125,288.9297180175781,2.207238790483731,0.12066262724597172,4.015259118190212,0.6127466915191444,0.13286356574787261,4.397196292877197,27.118274688720703,0.01764031872153282,0.4261595761114354,0.914880721930312,-0.013345500454306602,43.95296859741211,180.36566162109375,48.86384963989258,207.1728515625,0.43039216522150175,16.8271484375,55.96278762817383,30.906484603881836,36.13067626953125,
C:\My_Project\AIGC\AIGuard\unseen\Real_18.jpg,real,aiguard_unseen_real,932,932,868624,0.11780850967133254,0.0639805719256401,0.0061261337250471115,0.09574989974498749,0.00032500425004400313,-3.9690082056726324,0.8928705245598016,0.9658375978469849,206.77584838867188,519.1276245117188,1.930453107848196,0.19373575660994724,6.835467162973217,0.5801143571777896,0.11238117166001313,5.581951141357422,29.838476181030273,0.04448676481842995,0.4301105735906842,0.6981135417503656,0.08257587999105453,36.770469665527344,189.4409942626953,33.69134521484375,187.79457092285156,0.4688899137228423,33.69134521484375,53.092403411865234,26.660816192626953,53.033103942871094,
C:\My_Project\AIGC\AIGuard\unseen\Real_7.JPG,real,aiguard_unseen_real,665,665,442225,0.10151501222389145,0.12033584713935852,0.011006103828549385,0.09146156162023544,0.0005941326962783933,-3.456688782238661,0.6045252148220888,1.2326167821884155,146.37901306152344,269.5901184082031,2.1458351817480934,0.13696509110634647,4.726686288088639,0.54996201169272,0.10588500845166149,5.572361946105957,49.59439468383789,0.04592087119817734,0.42915557271539084,1.122113840932803,0.08952343463897705,35.9499626159668,183.07249450683594,41.06949234008789,217.68402099609375,0.5178566769886808,6.31597900390625,,,,
C:\My_Project\AIGC\AIGuard\unseen\Real_67.jpg,real,aiguard_unseen_real,2323,2323,5396329,0.08813234907294092,0.12290086597204208,0.007671976927667856,0.062424108386039734,0.00047593197086825967,-3.443680283516512,0.5048869689142624,1.4189386367797852,243.7382049560547,738.7821655273438,1.9711403839235349,0.17561043703968154,7.739031913665737,0.7169748405462266,0.3180498224407398,4.81009578704834,26.54627799987793,0.16760088503360748,0.4224455284211884,0.9033660679827651,-0.2601602375507355,62.56245422363281,193.73753356933594,41.43470764160156,193.1540985107422,0.39663989029698,30.262466430664062,40.26738357543945,24.08618927001953,6.397247314453125,
C:\My_Project\AIGC\AIGuard\unseen\Real_77.jpg,real,aiguard_unseen_real,865,865,748225,0.018283026197324363,0.11004886776208878,0.01695317216217518,0.15405131876468658,0.0001367277291137725,-3.141500449140563,0.37954970227968465,1.1331783533096313,97.6672134399414,308.55059814453125,2.1711589183436297,0.12637701515156446,3.1677149699907643,0.6936857644384553,0.20901573358640024,3.9815196990966797,27.83224105834961,0.07593762129545212,0.4495285207974424,1.1599372259292384,-0.13585257530212402,50.968788146972656,191.9165496826172,39.819854736328125,204.003173828125,0.4612019951267781,19.996826171875,31.392532348632812,8.425043106079102,2.24273681640625,
C:\My_Project\AIGC\AIGuard\unseen\fake_425.jpg,fake,aiguard_unseen,256,256,65536,0.09709261343045758,0.17727738618850708,0.01810864359140396,0.10214863717556,0.0008859189692884684,-2.9198383271225268,0.22841477256459297,1.7336761951446533,211.80386352539062,417.5821838378906,2.1636499042874617,0.1279589721730529,6.5684562557710064,0.5957151031434117,0.1881977100373007,6.3099260330200195,55.23036193847656,0.10081030428409576,0.44243408753059205,0.8000903666590748,0.1488107591867447,45.825260162353516,166.19691467285156,64.1444320678711,199.22146606445312,0.3240482714552649,24.778533935546875,74.8317642211914,1.6111984252929688,43.38856506347656,0.8391369086088787
C:\My_Project\AIGC\AIGuard\unseen\fake_450.jpg,fake,aiguard_unseen,256,256,65536,0.09928579368883507,0.16641972959041595,0.01268380880355835,0.07621578127145767,0.0007736111874692142,-3.0806219525841163,0.2270976018990401,1.5065561532974243,182.82310485839844,400.57281494140625,2.193271078202484,0.12249501016625561,5.669011138042473,0.6132877442795439,0.16322734907506492,5.772401809692383,43.44416809082031,0.010289791971445084,0.4761262559410645,1.0026763601281212,0.030200360342860222,55.11820602416992,168.21630859375,61.935394287109375,200.7948760986328,0.31299314247206667,23.205123901367188,66.49581146240234,4.018230438232422,51.340965270996094,0.8168235191292936
C:\My_Project\AIGC\AIGuard\unseen\fake_270.jpg,fake,aiguard_unseen,256,256,65536,0.18764394921939598,0.13839684426784515,0.012064223177731037,0.08717123419046402,0.0012904047034680843,-3.6644300377348697,0.9495485672663649,1.1641218662261963,138.729736328125,280.6663818359375,2.1014353835661095,0.1450497985928816,4.485103301015689,0.5867166102503524,0.12080065593444192,5.088795185089111,30.0206356048584,0.1804339736700058,0.4009443822150529,1.042145080832032,-0.13969120383262634,53.60767364501953,166.349365234375,47.12205123901367,163.89015197753906,0.26236912469980905,47.12205123901367,58.84523391723633,7.67108154296875,37.401588439941406,0.8180255425719771
C:\My_Project\AIGC\AIGuard\unseen\fake_219.jpg,fake,aiguard_unseen,256,256,65536,0.19648531039357306,0.04779202118515968,0.002720578806474805,0.05692537501454353,0.0003826127212960273,-4.175571900026529,0.7876230174575722,0.6389853954315186,188.0234375,492.7621154785156,1.9912152464743,0.16936855800744643,6.245501500461667,0.6337192528837873,0.1322250673628254,4.789381980895996,16.905471801757812,0.3448611795902252,0.31325363385930444,0.7528587487067366,0.9312048554420471,41.45957946777344,163.63348388671875,29.655391693115234,178.76837158203125,0.36307627057901265,29.655391693115234,48.1353874206543,18.210498809814453,25.77678680419922,0.8374325713047881
C:\My_Project\AIGC\AIGuard\unseen\fake_301.jpg,fake,aiguard_unseen,256,256,65536,0.15840613500071268,0.07667915523052216,0.008983371779322624,0.11715532839298248,0.0008233669213950634,-3.7069735286843146,0.7349907583989282,1.0543276071548462,137.23678588867188,396.17718505859375,2.0529180202228807,0.15445186117697338,4.409496479686055,0.640539322053247,0.15177574768589677,4.474552154541016,34.461334228515625,0.31724727153778076,0.3832702160937446,1.0493559381285407,0.6201857328414917,52.00243377685547,178.80401611328125,33.13455581665039,175.20904541015625,0.35904157545632576,33.13455581665039,37.082000732421875,7.927772521972656,12.124748229980469,0.8218773605778011
C:\My_Project\AIGC\AIGuard\unseen\fake_162.jpg,fake,aiguard_unseen,256,256,65536,0.1725738367181142,0.09101955592632294,0.012859346345067024,0.1412811279296875,0.0013010607799515128,-3.490681015380679,0.6850373582230916,1.6354644298553467,316.52520751953125,585.9560546875,2.135618140986105,0.13959079601028868,9.958637753924272,0.4927380580729964,0.08280144372022373,8.667112350463867,30.818735122680664,0.16691014170646667,0.40208198913020327,1.1079207943368747,0.4747184216976166,40.08021926879883,156.8563690185547,49.11122512817383,161.7343292236328,0.2621112178956804,40.08021926879883,53.830352783203125,13.94743537902832,5.0732269287109375,0.7213738880755045
C:\My_Project\AIGC\AIGuard\unseen\fake_318.jpg,fake,aiguard_unseen,256,256,65536,0.11635412509901594,0.10456820577383041,0.025298431515693665,0.24193234741687775,0.001611872110515833,-3.2105714450256366,0.6811496061650103,1.8035383224487305,325.9300537109375,605.1008911132812,2.1668784132379053,0.13191603343221656,9.72180747922435,0.467524571483596,0.08764419790458967,9.214515686035156,35.97758483886719,0.045306574553251266,0.3944094724284303,0.8325194274794088,-0.0598880797624588,63.997283935546875,162.91226196289062,67.24607849121094,164.97637939453125,0.19266164234808716,59.02362060546875,61.69329071044922,8.956720352172852,11.930839538574219,0.8208314905886027
C:\My_Project\AIGC\AIGuard\unseen\fake_233.jpg,fake,aiguard_unseen,256,256,65536,0.3079173360345325,0.04525206983089447,0.0032842038199305534,0.07257576286792755,0.000764622469432652,-4.098912345387323,0.7944494333357898,0.9719728231430054,253.58084106445312,809.1231079101562,1.8608856153907696,0.20419940289136326,8.27579437903968,0.7147132185284382,0.27321965813518423,4.854357719421387,17.319740295410156,0.17549164593219757,0.40970009472843955,0.8922220775791087,0.34131497144699097,52.7611198425293,169.49632263183594,41.5037727355957,163.12892150878906,0.28296269942439245,41.5037727355957,61.33395004272461,19.1295166015625,3.819469451904297,0.8118684896817285
C:\My_Project\AIGC\AIGuard\unseen\fake_255.jpg,fake,aiguard_unseen,256,256,65536,0.17479959681219343,0.10914590954780579,0.0087214270606637,0.07990613579750061,0.0009340066462755203,-3.6801368844799174,0.756937815959155,1.0799897909164429,134.5364990234375,252.66143798828125,2.0936481756858147,0.1474755289950802,4.372242613111723,0.584511797338432,0.12234157323072734,4.961753845214844,36.999942779541016,0.15901435911655426,0.39911467449700894,1.1081482943493635,-0.1583714485168457,51.44212341308594,169.12083435058594,40.72197723388672,166.80979919433594,0.2957161262998778,40.72197723388672,57.21086502075195,11.974143981933594,34.03819274902344,0.8204794702256422
C:\My_Project\AIGC\AIGuard\unseen\fake_216.jpg,fake,aiguard_unseen,256,256,65536,0.14813368416717007,0.13713470101356506,0.015815362334251404,0.11532720923423767,0.0010504849487915635,-3.382109093503721,0.6182170658993195,1.4218618869781494,171.65513610839844,426.0506896972656,2.2283051913428014,0.1160739277462719,5.287638215604796,0.5760874558683536,0.1422288334641764,6.269247055053711,36.244869232177734,0.1952885240316391,0.40443129348414936,1.0818014198354156,0.2649150788784027,53.74837875366211,173.6751708984375,39.51469802856445,168.77186584472656,0.30894047947048836,39.51469802856445,57.5569953918457,10.308895111083984,21.287391662597656,0.8289936032364125
C:\My_Project\AIGC\AIGuard\unseen\fake_173.jpg,fake,aiguard_unseen,256,256,65536,0.15409660914719492,0.09697718918323517,0.07275749742984772,0.7502537369728088,0.005108270328491926,-2.915059134253355,0.9479377083477566,2.3716208934783936,944.4093627929688,1122.173095703125,2.234842073247078,0.11451235814473866,28.223675842566962,0.3927934448270522,0.08981493337293232,18.16431999206543,55.804405212402344,0.034512534737586975,0.46127580727006906,0.9484823148925342,-0.03718479350209236,66.33953857421875,162.46038818359375,39.79875564575195,160.9596405029297,0.23210473517011285,39.79875564575195,171.63711547851562,12.794727325439453,1.5943832397460938,0.5387873715171239
C:\My_Project\AIGC\AIGuard\unseen\fake_163.jpg,fake,aiguard_unseen,256,256,65536,0.15254936433322797,0.06973282992839813,0.01256987638771534,0.1802576631307602,0.0008570909849368036,-3.4800989997466885,0.7059618318355587,1.6847890615463257,368.13397216796875,897.5838623046875,2.2026558931760296,0.12151993398416147,11.675479570637112,0.540702511101474,0.101065928192169,8.549263000488281,34.62752151489258,0.295727014541626,0.2889204011742779,0.5691134612485023,-0.933731198310852,60.17912292480469,181.0907440185547,41.330204010009766,179.66580200195312,0.3333542213045914,41.330204010009766,66.58663940429688,16.015918731689453,1.1294403076171875,0.7274079064219592
C:\My_Project\AIGC\AIGuard\unseen\fake_209.jpg,fake,aiguard_unseen,256,256,65536,0.1439658001957094,0.09603051841259003,0.015225027687847614,0.1585436463356018,0.001092881546355784,-3.3638985002557336,0.5920819620907455,1.5509862899780273,241.4243927001953,507.7493896484375,2.167563996317475,0.13174644146100623,7.504261311172652,0.5226993877370874,0.10072635360160095,7.4499101638793945,25.908849716186523,0.18107573688030243,0.3711881090523702,1.013348011235553,-0.07145240902900696,49.14337921142578,168.4874267578125,47.031837463378906,163.90635681152344,0.277987049466798,47.031837463378906,78.68052673339844,9.735553741455078,47.19036865234375,0.8345614094906608
C:\My_Project\AIGC\AIGuard\unseen\fake_215.jpg,fake,aiguard_unseen,256,256,65536,0.14921098853154685,0.13231223821640015,0.016695726662874222,0.12618429958820343,0.0011863313848152757,-3.3035758932945924,0.625534942813771,1.3760707378387451,134.81912231445312,299.6983337402344,2.2116712817346804,0.11951723936844348,4.1834204755309266,0.6001507339764449,0.13402449241631195,5.7187933921813965,58.73334884643555,0.07455583661794662,0.415922703177527,0.8084135008993646,-0.047682009637355804,55.17649459838867,181.60821533203125,39.17134094238281,167.9025421142578,0.3243723548363533,39.17134094238281,52.106964111328125,17.648300170898438,24.130264282226562,0.0324070102059828
C:\My_Project\AIGC\AIGuard\unseen\fake_151.jpg,fake,aiguard_unseen,256,256,65536,0.11098480736887185,0.06815480440855026,0.07701506465673447,1.1300020217895508,0.003090866608545184,-2.972041478934428,1.1811364197410201,2.3292829990386963,1330.2100830078125,1315.88671875,2.2527637952333532,0.1105411597859209,41.601102550784844,0.3264015449069441,0.06300030876746204,22.793947219848633,26.277875900268555,0.038014061748981476,0.42482068499602,0.91159632234296,-0.058403708040714264,52.1636962890625,168.6947784423828,32.606544494628906,167.44906616210938,0.3131645601521453,32.606544494628906,123.29732513427734,11.818561553955078,19.147964477539062,0.7463823553059328
C:\My_Project\AIGC\AIGuard\unseen\fake_313.jpg,fake,aiguard_unseen,256,256,65536,0.11479509515178299,0.08305751532316208,0.006700490601360798,0.08067290484905243,0.0005662798648700118,-3.5836822424452217,0.7034649824672766,1.1248973608016968,157.048583984375,445.99505615234375,2.103132344336211,0.14276575138548023,5.157263677285311,0.6564033256010855,0.1262893284649229,4.7569451332092285,30.24539566040039,0.05884725973010063,0.37761747124717937,1.1519752659769456,0.0460004098713398,49.19444274902344,171.74630737304688,33.5433464050293,166.53012084960938,0.3248122046101267,33.5433464050293,42.779396057128906,17.356101989746094,13.256492614746094,0.8179179724841852
C:\My_Project\AIGC\AIGuard\unseen\fake_208.jpg,fake,aiguard_unseen,256,256,65536,0.10172809183899847,0.08811382204294205,0.011829464696347713,0.13425208628177643,0.0006166319362819195,-3.5279334198702377,0.6967685580555523,1.399773120880127,208.26185607910156,486.4841613769531,2.1602768186241716,0.13256524215882545,6.648601108033235,0.5756361011089257,0.10908674095733545,6.352749347686768,36.145469665527344,0.13724103569984436,0.3788704120147936,1.0165065830227331,-0.26596999168395996,51.71645736694336,171.68638610839844,45.67850112915039,163.35983276367188,0.28137398298774485,45.67850112915039,44.723114013671875,7.4534454345703125,30.22998809814453,0.8210684167890179
C:\My_Project\AIGC\AIGuard\unseen\fake_167.jpg,fake,aiguard_unseen,256,256,65536,0.12536743907744458,0.09409218281507492,0.009474561549723148,0.10069446265697479,0.0007127050193957984,-3.71238905763053,0.9040162493820594,1.493700623512268,349.4518127441406,1169.6732177734375,2.2013661815978933,0.12188891180849533,11.306891447368397,0.5686901149137,0.11835628485462586,7.407641887664795,47.782127380371094,0.2953324019908905,0.42546290278087473,0.8352691861272745,-0.5874380469322205,57.98963928222656,170.15951538085938,35.15135192871094,165.8931884765625,0.2922770967490476,35.15135192871094,81.53411865234375,33.61740493774414,18.437850952148438,0.8014735890856954
C:\My_Project\AIGC\AIGuard\unseen\fake_179.jpg,fake,aiguard_unseen,256,256,65536,0.10184175779722779,0.08885861188173294,0.008494374342262745,0.09559427201747894,0.0005200495943427086,-3.6795149363075716,0.7802928201305669,1.2165858745574951,183.0497283935547,362.69293212890625,2.0933216192961503,0.14804570389906102,6.002401027239145,0.554216883858539,0.10991467724644137,6.099630355834961,31.29599952697754,0.27999186515808105,0.3982840531465054,1.0902510724125603,-0.572573184967041,20.06281280517578,155.81466674804688,34.3259162902832,166.82400512695312,0.35847539069406037,20.06281280517578,59.4716796875,9.322025299072266,31.183387756347656,0.8021879441948521
C:\My_Project\AIGC\AIGuard\unseen\fake_128.jpg,fake,aiguard_unseen,256,256,65536,0.16710629485856224,0.10274812579154968,0.02319355122745037,0.22573211789131165,0.0018792538903653622,-3.267376443682941,0.6715278505776948,1.6885056495666504,295.85943603515625,594.7684326171875,2.185471654663712,0.12655606363178143,8.872714681440435,0.5107676084127674,0.09171844756793188,8.492595672607422,35.38850784301758,0.2537197470664978,0.4359666643652392,0.8066852792077969,0.45756015181541443,56.66936111450195,159.83909606933594,46.97861099243164,164.6581573486328,0.24196762609961683,46.97861099243164,96.78617095947266,3.9365234375,37.88599395751953,0.8178258613673961
C:\My_Project\AIGC\AIGuard\unseen\fake_435.jpg,fake,aiguard_unseen,256,256,65536,0.08680231968486736,0.10938949882984161,0.0087279686704278,0.07978799194097519,0.00040023057954385877,-3.4372337925813374,0.5582562260200468,1.1985019445419312,136.81463623046875,385.4460754394531,2.1041604848697784,0.13998382104431178,4.390248730378577,0.705304322047618,0.23450188766372865,4.163630485534668,33.71589660644531,0.04920051619410515,0.45842556384998967,1.0105033636202412,0.09558899700641632,50.00946807861328,168.3313751220703,62.394432067871094,199.6710205078125,0.3237170706440062,24.3289794921875,46.12590408325195,27.435104370117188,18.901168823242188,0.7723352835206931
C:\My_Project\AIGC\AIGuard\unseen\fake_465.jpg,fake,aiguard_unseen,256,256,65536,0.22763573058575653,0.11257853358983994,0.013881245627999306,0.12330278009176254,0.001709865522570908,-3.2771488654850516,0.47832476080133113,1.5252188444137573,228.63751220703125,602.0401000976562,2.149061143669104,0.13216980771688758,7.077212026777454,0.6642075907462348,0.3001392669755417,5.883828163146973,33.471195220947266,0.22620999813079834,0.42836372757223057,0.7552795473996423,0.376248300075531,40.21030807495117,158.9431610107422,60.97444152832031,202.9652099609375,0.33599667224469654,21.0347900390625,70.41911315917969,13.63546371459961,10.104469299316406,0.8186488771019391
C:\My_Project\AIGC\AIGuard\unseen\fake_676.jpg,fake,aiguard_unseen,256,256,65536,0.14112870008113415,0.1748475581407547,0.026226332411170006,0.14999541640281677,0.0017433412140235305,-2.830364452480138,0.21135721326398388,1.6287167072296143,166.57386779785156,446.0425109863281,2.082485861985363,0.15523259434189612,4.99722876269621,0.7048075749821386,0.361822680320543,5.017338275909424,37.675689697265625,0.32637208700180054,0.3772308619898951,0.7359271792431172,0.6414018273353577,30.80105972290039,150.08547973632812,59.88831329345703,204.11207580566406,0.34286606870661185,19.887924194335938,60.79275894165039,8.8975830078125,20.535675048828125,0.7992861270792844
C:\My_Project\AIGC\AIGuard\unseen\fake_21.jpg,fake,aiguard_unseen,128,128,16384,0.051275539817990184,0.1042090579867363,0.008981596678495407,0.08618825674057007,0.000293930119369179,-4.071201546290716,1.2618297299131125,-0.08968193829059601,44.23114776611328,136.571044921875,1.7805707802320152,0.21263486551573152,1.5974867266851338,0.7442742933227117,0.19664503665656302,2.1494250297546387,17.32569122314453,0.012170488014817238,0.41645475489198924,0.8757141812082136,0.023679174482822418,5.653587341308594,208.95181274414062,8.132869720458984,231.45272827148438,0.9048256325859958,-7.452728271484375,,,,0.8355063950638417
C:\My_Project\AIGC\AIGuard\unseen\fake_463.jpg,fake,aiguard_unseen,256,256,65536,0.12579744224364914,0.12688100337982178,0.011870583519339561,0.09355682134628296,0.0010491261491551995,-3.2570950902266675,0.42003287014819246,1.5840072631835938,258.7625427246094,486.0788879394531,2.12379685967679,0.14435317942322617,8.25051015697137,0.51432640131389,0.09107751698369959,7.310831546783447,27.594112396240234,0.3003081679344177,0.40587125896096665,1.0666660869593165,0.622256875038147,28.802087783813477,158.55130004882812,60.620113372802734,216.6449737548828,0.40346186878854,7.3550262451171875,,,,0.8071344988082103
C:\My_Project\AIGC\AIGuard\unseen\fake_688.jpg,fake,aiguard_unseen,256,256,65536,0.14454487979065753,0.16836969554424286,0.019125236198306084,0.11359072476625443,0.0010016522137448192,-2.9794015255966206,0.2597859059939163,1.2578970193862915,88.17044830322266,194.74378967285156,2.2280372852327224,0.11435899412766043,2.8128517428439523,0.6694345503875635,0.14382976026388,4.173952579498291,31.907997131347656,0.34622788429260254,0.3534530747306973,0.967232837108716,0.7824071645736694,14.529829978942871,156.06353759765625,51.727500915527344,218.2734832763672,0.46978376858519016,5.7265167236328125,,,,0.6044494099468665
C:\My_Project\AIGC\AIGuard\unseen\fake_431.jpg,fake,aiguard_unseen,256,256,65536,0.1827759842753605,0.15519851446151733,0.01265024859458208,0.08151011168956757,0.0011490997858345509,-3.1439876059336034,0.3105510998279859,1.499987244606018,176.08847045898438,471.0755920410156,2.2111720913573087,0.11793099736631138,5.47512696214219,0.6520925009373849,0.17562482638002613,5.21605110168457,44.02428436279297,0.2867715656757355,0.40074648239996663,0.8977623329591435,0.5418129563331604,28.808439254760742,159.62625122070312,58.00928497314453,216.45361328125,0.41309272057716406,7.54638671875,,,,0.8185183241761962
C:\My_Project\AIGC\AIGuard\unseen\fake_172.jpg,fake,aiguard_unseen,256,256,65536,0.12280359985663576,0.07220182567834854,0.008629150688648224,0.11951430141925812,0.0005922758136875927,-3.7275862127154964,0.9057991101165822,1.5379759073257446,402.675537109375,1301.8165283203125,2.202512866163241,0.12117950601510236,12.753136830563227,0.5977434936233378,0.14648747921949523,7.609748840332031,39.878334045410156,0.25008639693260193,0.41073216667288226,0.9981404422862102,0.5447474718093872,57.288814544677734,167.22268676757812,37.50424575805664,159.51541137695312,0.26732222359125685,37.50424575805664,76.32562255859375,27.84121322631836,30.607704162597656,0.7822606122409184
C:\My_Project\AIGC\AIGuard\unseen\fake_277.jpg,fake,aiguard_unseen,256,256,65536,0.26778069665628895,0.12244479358196259,0.020554661750793457,0.16786880791187286,0.002784460550174117,-3.3076480559242385,0.6366989672834162,1.664443850517273,255.39414978027344,705.7221069335938,2.1880136341615732,0.12272818254361993,7.942163838873489,0.6256898343470755,0.1659688745954631,6.727929592132568,33.57526779174805,0.05949613079428673,0.4390728307065981,0.9867079875854938,0.11003237962722778,58.44842529296875,170.619384765625,42.782859802246094,168.79342651367188,0.2817029291237601,42.782859802246094,39.02545928955078,12.682270050048828,9.379486083984375,0.8155313249189895
C:\My_Project\AIGC\AIGuard\unseen\fake_298.jpg,fake,aiguard_unseen,256,256,65536,0.1297145892442677,0.06018959730863571,0.00731430621817708,0.12152110040187836,0.000455107307061553,-3.752383171604816,0.7642694073269667,0.9864916801452637,146.30221557617188,432.5729675292969,2.144311957258145,0.1330042199163028,4.850416955216986,0.6667901623633595,0.15661319467560766,4.843764781951904,22.165048599243164,0.27426648139953613,0.4025516161176308,0.8582731568156448,0.44814473390579224,53.85993957519531,164.89718627929688,39.44537353515625,159.466796875,0.26560204865201775,39.44537353515625,36.70741271972656,8.580591201782227,10.701004028320312,0.8098496427932531
C:\My_Project\AIGC\AIGuard\unseen\fake_674.jpg,fake,aiguard_unseen,256,256,65536,0.1461553127443882,0.2550142705440521,0.06525883078575134,0.2559026777744293,0.004529315046966076,-2.431100221467108,0.1487399997299545,2.218319892883301,377.4457092285156,670.9987182617188,2.2422042386661443,0.11276748447505597,10.469494171283474,0.506903063460882,0.0876145709641282,9.71401309967041,34.33231735229492,0.014297131448984146,0.441232368404276,0.9962987673899959,0.035746634006500244,49.2721061706543,172.6754608154297,64.23155975341797,205.0445098876953,0.34631677343744616,18.955490112304688,68.62255859375,11.752243041992188,18.572437286376953,0.8186582153095756
C:\My_Project\AIGC\AIGuard\unseen\fake_194.jpg,fake,aiguard_unseen,256,256,65536,0.17838979998489735,0.11348792165517807,0.012556493282318115,0.11064167320728302,0.0013499925844371319,-3.6094699041539884,0.8569753741160516,1.0004603862762451,111.11943817138672,277.377685546875,2.134223302097967,0.13643291462267107,3.5941176131117234,0.6272500105039711,0.1247590238031465,4.5925984382629395,29.72201919555664,0.3405650854110718,0.3412979667999099,0.7959645963246953,0.7428655028343201,43.92461395263672,160.8299102783203,40.23512268066406,190.90835571289062,0.3510542680959268,33.091644287109375,45.598453521728516,11.713272094726562,6.060089111328125,0.8164902758416304
C:\My_Project\AIGC\AIGuard\unseen\fake_30.jpg,fake,aiguard_unseen,128,128,16384,0.11154677098522617,0.05152320861816406,0.0018271057633683085,0.035461802035570145,8.721539779799059e-05,-4.414189912313625,0.9316997222836476,-0.16355884075164795,86.18122100830078,251.21011352539062,1.7746643873552324,0.21914723136930456,2.988854166666666,0.6818259602554937,0.14211178693897816,2.872816801071167,25.0693359375,0.06240291893482208,0.4462769478074645,0.8572778316474811,-0.08374642580747604,3.624415397644043,213.44290161132812,-20.58628273010254,239.903564453125,1.0892774515708445,-20.58628273010254,,,,0.29387710231585373
C:\My_Project\AIGC\AIGuard\unseen\fake_257.jpg,fake,aiguard_unseen,256,256,65536,0.13846060098042237,0.09821774810552597,0.00826218631118536,0.08412110805511475,0.0007294316892512143,-3.7489995594844454,0.8433923037429496,1.2066106796264648,210.75584411621094,595.158447265625,2.182039691212162,0.1254306286387223,6.836222876269606,0.6502301290205077,0.12023945516787081,5.661738872528076,59.28339385986328,0.06793831288814545,0.4240879593016781,1.140146917506757,-0.043951366096735,58.470069885253906,170.0602569580078,34.074832916259766,166.18658447265625,0.2938132786728211,34.074832916259766,44.33076858520508,12.513877868652344,20.146133422851562,0.8174957536591059
C:\My_Project\AIGC\AIGuard\unseen\fake_275.jpg,fake,aiguard_unseen,256,256,65536,0.17924503719328386,0.1051911786198616,0.012614971026778221,0.11992423236370087,0.0011276697041466832,-3.4901045885945337,0.7060803141755622,1.2071195840835571,135.68382263183594,287.9471740722656,2.127416862396559,0.13946100971391928,4.42268294090489,0.5830273837965226,0.1191256452836344,5.492000102996826,30.410892486572266,0.18674959242343903,0.3994728530210451,1.0637336159243551,0.12188947945833206,50.03773498535156,165.50328063964844,44.80157470703125,161.82200622558594,0.26928866346442915,44.80157470703125,49.2728385925293,9.772026062011719,31.132492065429688,0.8121060522553876
C:\My_Project\AIGC\AIGuard\unseen\fake_466.jpg,fake,aiguard_unseen,256,256,65536,0.1850397651919017,0.10274968296289444,0.009071322157979012,0.0882856473326683,0.0007335643749684095,-3.5406692281260823,0.5264742060824368,1.195760726928711,178.50320434570312,619.0418090820312,2.1291899896303783,0.13818229570432483,5.8700302977839245,0.6314243846637536,0.12874145229109474,4.943611145019531,30.818777084350586,0.023221313953399658,0.4070013021954946,0.8750327408726307,0.021868519484996796,43.30768966674805,177.0303497314453,57.89267349243164,210.36776733398438,0.40635712575946215,13.632232666015625,52.83302307128906,13.169677734375,10.562820434570312,0.8260701673335724
C:\My_Project\AIGC\AIGuard\unseen\fake_157.jpg,fake,aiguard_unseen,256,256,65536,0.21064434398024526,0.1272820234298706,0.006122418213635683,0.04810120165348053,0.0008705651853233576,-3.879703456343963,0.9664298939582422,0.767315685749054,116.35870361328125,248.33445739746094,1.986298257357666,0.17467965249566425,3.861898084025851,0.6027276939531462,0.14186279898325482,4.0272369384765625,87.06748962402344,0.1287597119808197,0.4264900765836293,1.0649599048704026,-0.21285617351531982,37.04021453857422,168.81497192382812,30.677143096923828,170.2563018798828,0.366569869751719,30.677143096923828,42.82152557373047,15.618755340576172,12.303955078125,0.82882647248735
C:\My_Project\AIGC\AIGuard\unseen\fake_146.jpg,fake,aiguard_unseen,256,256,65536,0.23329429073150723,0.07226208597421646,0.013318330980837345,0.18430593609809875,0.0015722094103693962,-3.5273751626103746,0.7414006218674436,1.2561503648757935,168.61856079101562,381.183349609375,2.168302547042275,0.12736026409614687,5.327235687903964,0.6326107229305756,0.198930498011283,5.808725357055664,29.162315368652344,0.141645148396492,0.4284488648027199,0.6327752384741967,-0.2637585699558258,58.841094970703125,174.39633178710938,7.719479084014893,141.4171905517578,0.3079055865446944,7.719479084014893,,,,0.7836694568948488
C:\My_Project\AIGC\AIGuard\unseen\fake_306.jpg,fake,aiguard_unseen,256,256,65536,0.08744522623988711,0.12246065586805344,0.042573895305395126,0.34765365719795227,0.0014859104994684458,-3.00184061840194,0.683265549421617,1.6623904705047607,206.7989044189453,388.0520935058594,2.2229461263975834,0.11681226788337704,6.395787453831945,0.5442994364486873,0.10636841590457738,7.570015907287598,352.85223388671875,0.05307015776634216,0.4659765302060237,1.0714919600470154,-0.09962714463472366,60.726158142089844,161.56202697753906,39.91366958618164,158.63214111328125,0.23858179654120754,39.91366958618164,59.8531608581543,3.3903961181640625,2.547088623046875,0.8009074415504784
C:\My_Project\AIGC\AIGuard\unseen\fake_158.jpg,fake,aiguard_unseen,256,256,65536,0.21537837694249118,0.11767114698886871,0.006723451428115368,0.057137638330459595,0.000970328226685524,-3.6843916543848074,0.7911687962841706,1.130070686340332,150.80873107910156,350.1301574707031,2.078435004860386,0.15314670484893178,4.85063798476454,0.5855488626765782,0.13629599260813785,5.011730194091797,46.73581314086914,0.2364293932914734,0.32031249201732354,0.8785281570724104,-0.48758772015571594,51.94621276855469,186.74896240234375,30.94970703125,181.7841033935547,0.4052314128067495,30.94970703125,39.19377517700195,17.307659149169922,33.43492889404297,0.830839215247483
C:\My_Project\AIGC\AIGuard\unseen\fake_677.jpg,fake,aiguard_unseen,256,256,65536,0.19193215169160252,0.11157876998186111,0.01796041615307331,0.16096624732017517,0.002224424621090293,-3.0366087875284853,0.28762761816842064,1.9435818195343018,423.5109558105469,808.621337890625,2.219886936135931,0.1179359051546719,13.392479801477323,0.45518284216963584,0.08266124414213345,10.338727951049805,25.95598602294922,0.15383568406105042,0.41978820203770906,0.9265655791512857,-0.27774736285209656,59.13794708251953,182.32037353515625,68.2643051147461,207.41140747070312,0.34160709705955417,16.588592529296875,70.97991180419922,1.9918632507324219,31.95531463623047,0.8051861847656703
C:\My_Project\AIGC\AIGuard\unseen\fake_231.jpg,fake,aiguard_unseen,256,256,65536,0.11389875316082751,0.0652458518743515,0.00639851251617074,0.09806772321462631,0.000326351000694558,-3.6625172410536933,0.6302607822101464,1.2125593423843384,208.48977661132812,640.9130859375,2.1495786321192365,0.13004521755614118,6.84932334949214,0.7127015799984611,0.15549268352497658,5.039023399353027,37.024105072021484,0.0045095402747392654,0.4899833700591246,0.888750349040227,-0.00976469274610281,54.98908996582031,167.1873016357422,38.454341888427734,168.9638214111328,0.2918313577889788,38.454341888427734,63.82469177246094,8.789875030517578,46.08680725097656,0.8313137036556917
C:\My_Project\AIGC\AIGuard\unseen\fake_439.jpg,fake,aiguard_unseen,256,256,65536,0.06711378417585068,0.12251266837120056,0.0077437181025743484,0.0632074847817421,0.0003306014696136117,-3.269585636858875,0.22900769746773614,1.3270121812820435,169.5360107421875,503.83367919921875,2.1556842044295266,0.12928041603504642,5.447399007386888,0.7100823476130735,0.29549630961728346,4.519448280334473,34.49478530883789,0.04018620401620865,0.4212330332166762,0.9272814510639754,0.0696307048201561,46.63211441040039,173.0681915283203,59.287269592285156,206.3996124267578,0.37070128195984653,17.600387573242188,41.609073638916016,21.562294006347656,6.6577301025390625,0.8237457099234682
C:\My_Project\AIGC\AIGuard\unseen\fake_229.jpg,fake,aiguard_unseen,256,256,65536,0.1361943418816523,0.11578593403100967,0.0119794812053442,0.10346231609582901,0.0007057340699248016,-3.5533152130873975,0.7363634943351461,1.3139629364013672,178.8954620361328,516.0010986328125,2.21252981312642,0.11865489058869921,5.666709949215134,0.606679955554192,0.11593413118658924,5.835768222808838,33.55213928222656,0.06301172822713852,0.45005557343239944,0.8563759703177087,-0.14242824912071228,63.06483459472656,161.1136474609375,41.578208923339844,158.19677734375,0.22788409183231448,41.578208923339844,56.20185089111328,10.716766357421875,17.471221923828125,0.7993064352261285
C:\My_Project\AIGC\AIGuard\unseen\fake_682.jpg,fake,aiguard_unseen,256,256,65536,0.18348934830468186,0.07529983669519424,0.0054201059974730015,0.0719803124666214,0.0007453675498254597,-3.624643684616576,0.5503528980397032,1.297853708267212,284.0588073730469,490.1855773925781,1.9574769975185278,0.18994922391676194,9.147448638042462,0.4608937642208846,0.07583941303092068,7.220724105834961,20.89022445678711,0.28844791650772095,0.39215854381945914,0.8050373841029482,-0.4982948303222656,65.84029388427734,193.18023681640625,59.47681427001953,207.50177001953125,0.3756674389683061,16.49822998046875,74.70238494873047,3.2756881713867188,46.43235778808594,0.8280915712984047
C:\My_Project\AIGC\AIGuard\unseen\fake_168.jpg,fake,aiguard_unseen,256,256,65536,0.15790665461895478,0.13799068331718445,0.01799987070262432,0.13044266402721405,0.0017229382647201419,-3.195180097252708,0.5454099736215269,1.8498904705047607,335.4683837890625,761.1266479492188,2.1430855728928995,0.1357197290855068,10.085585468605714,0.5458107963034768,0.09474997103139964,7.842618942260742,50.214229583740234,0.15510199964046478,0.4095361639386685,1.1187745178387862,-0.1932608187198639,53.977054595947266,169.46038818359375,36.963279724121094,166.31459045410156,0.2977104704844876,36.963279724121094,72.68452453613281,4.148414611816406,46.119834899902344,0.8026663865533834
C:\My_Project\AIGC\AIGuard\unseen\fake_446.jpg,fake,aiguard_unseen,256,256,65536,0.058702200377941764,0.1747918576002121,0.016662493348121643,0.09532763063907623,0.0006247214041650295,-3.049417771432481,0.28100387260373927,1.4008421897888184,126.1286392211914,214.39443969726562,2.162092466523927,0.13218308448394303,3.9131149007386927,0.5598687153601386,0.1196211320776924,5.467743396759033,33.8372688293457,0.039451729506254196,0.4329516247529793,0.9620641957048457,-0.0665963664650917,52.89952850341797,174.91647338867188,63.25082778930664,198.03121948242188,0.32775613091581185,25.968780517578125,50.6596794128418,12.561214447021484,31.984237670898438,0.7950796741882229
C:\My_Project\AIGC\AIGuard\unseen\fake_315.jpg,fake,aiguard_unseen,256,256,65536,0.15174807439842744,0.10790548473596573,0.01014737319201231,0.09403945505619049,0.0010897050378844142,-3.4281162307665975,0.576116783889088,1.7835025787353516,410.1476135253906,1301.1846923828125,2.2078451597446787,0.11979677358402505,12.739398372576158,0.5885195001697505,0.10242701868606953,7.905360221862793,33.890625,0.07688915729522705,0.3984948471328545,1.091224156660793,-0.11310660094022751,64.94119262695312,157.85626220703125,37.08028030395508,156.05535888671875,0.22031604162971838,37.08028030395508,82.3970718383789,31.604778289794922,16.787887573242188,0.7892317355160117
C:\My_Project\AIGC\AIGuard\unseen\fake_459.jpg,fake,aiguard_unseen,256,256,65536,0.18455426175791445,0.13470129668712616,0.008758130483329296,0.0650188997387886,0.0011403075186535716,-3.45882572108913,0.49546794678625333,1.2911608219146729,190.3340606689453,383.1782531738281,2.132735482696841,0.14124090757930047,6.181203543397958,0.541000007169663,0.0974723191007427,6.059920787811279,25.93790626525879,0.00919849332422018,0.43089781408380673,1.0730842196044215,-0.018932830542325974,49.665428161621094,174.8469696044922,63.468441009521484,212.5491943359375,0.37193396246941146,11.4508056640625,58.38179016113281,18.54696273803711,55.467185974121094,0.7845400665825153
C:\My_Project\AIGC\AIGuard\unseen\fake_282.jpg,fake,aiguard_unseen,256,256,65536,0.1539075954350657,0.09831274300813675,0.010779241099953651,0.10964234918355942,0.0009670158033259213,-3.7020291553229323,0.9235821291388134,1.1831996440887451,198.77821350097656,381.7341613769531,2.106939044429045,0.14413107618199245,6.363330736380414,0.5676663386932691,0.12349922829298841,6.386985778808594,50.7224006652832,0.23165234923362732,0.442227639648283,1.0108383838990986,0.4455186128616333,57.70512390136719,170.59725952148438,38.35547637939453,179.01527404785156,0.3164737116287806,38.35547637939453,62.862640380859375,17.84607696533203,26.79517364501953,0.740287862872151
C:\My_Project\AIGC\AIGuard\unseen\fake_236.jpg,fake,aiguard_unseen,256,256,65536,0.08208650962261083,0.11518462747335434,0.015524448826909065,0.13477882742881775,0.0006959602469578385,-3.514691289470082,0.8762168472122992,1.1744604110717773,118.73062133789062,239.2784881591797,2.156831378425046,0.13236656173076894,3.896296745152352,0.5875259618475557,0.12117696753645152,5.3660454750061035,44.62845993041992,0.20731039345264435,0.41427207751198775,0.7115730509555277,0.3035406470298767,47.57183074951172,175.90704345703125,40.869895935058594,157.00732421875,0.29704483342816945,40.869895935058594,48.2546501159668,15.380573272705078,5.8035430908203125,0.6652050182365699
C:\My_Project\AIGC\AIGuard\unseen\fake_230.jpg,fake,aiguard_unseen,256,256,65536,0.11414115242523748,0.06671363115310669,0.0065388805232942104,0.09801416099071503,0.00033365620765835047,-3.687486611889489,0.6667320030060191,1.2131808996200562,208.36245727539062,639.69970703125,2.1481830430155417,0.13043707482569517,6.845597299168963,0.711831631360894,0.15530490150945386,5.038996696472168,36.876808166503906,0.0037024416960775852,0.48801397243040967,0.8809408511943281,-0.018748866394162178,55.358123779296875,167.56298828125,38.83375930786133,168.65992736816406,0.29032062332617314,38.83375930786133,64.03577423095703,10.000556945800781,45.269134521484375,0.8291540366206789
C:\My_Project\AIGC\AIGuard\unseen\fake_138.jpg,fake,aiguard_unseen,256,256,65536,0.22315123405273965,0.11638995260000229,0.010220492258667946,0.08781249821186066,0.002131172688677907,-3.4236987826162353,0.6329634530677807,1.9142664670944214,520.0506591796875,1418.82958984375,2.219260486401894,0.11810572591239042,16.5197336680517,0.510815540603287,0.08744485346665881,9.699066162109375,51.65164566040039,0.11153922230005264,0.40851819156408686,0.9954008619957182,0.14257074892520905,34.98690414428711,159.93096923828125,37.89698028564453,165.06060791015625,0.3166521956215207,34.98690414428711,78.55389404296875,28.14529800415039,19.57660675048828,0.7160600443416456
C:\My_Project\AIGC\AIGuard\unseen\fake_680.jpg,fake,aiguard_unseen,256,256,65536,0.09972758198830564,0.0959429070353508,0.012550462037324905,0.13081178069114685,0.0007537960191257298,-3.3078353975265586,0.4784687914876267,1.6432104110717773,319.3902587890625,690.8013305664062,2.1565636959721894,0.13228486111540438,10.021294725300082,0.5616278208905768,0.11754711103864991,7.632257461547852,42.48554611206055,0.14020457863807678,0.4552380358382302,0.9372333745889754,-0.2497386783361435,59.202850341796875,180.62591552734375,57.61231994628906,201.62974548339844,0.3485139757821882,22.370254516601562,71.4007339477539,11.46403694152832,14.506317138671875,0.7991280770834521
C:\My_Project\AIGC\AIGuard\unseen\fake_293.jpg,fake,aiguard_unseen,256,256,65536,0.19695962345802923,0.07580175250768661,0.008802677504718304,0.1161276176571846,0.0010096911573782563,-3.6803030429645083,0.7213456696295732,1.0695759057998657,157.59783935546875,305.5599670410156,2.1051010638881023,0.1436578622712338,5.169427804709137,0.5999478802617977,0.15348700795794945,5.521810054779053,30.811885833740234,0.3479972779750824,0.3545360562497257,0.9400911911298007,-0.7230058908462524,56.80495834350586,177.79449462890625,8.54212760925293,155.50929260253906,0.35438235693793085,8.54212760925293,,,,0.37077057702498806
C:\My_Project\AIGC\AIGuard\unseen\fake_429.jpg,fake,aiguard_unseen,256,256,65536,0.1299559862216429,0.1390688270330429,0.014140471816062927,0.10167966783046722,0.0011993383523076773,-3.0179470978591776,0.2159626560276871,1.3808882236480713,143.560302734375,313.8340759277344,2.1693014595592564,0.12674221799851257,4.515595279316712,0.6433280935644647,0.18780709319702307,5.0421061515808105,28.303003311157227,0.1758013516664505,0.4275325773167988,0.989044578640594,0.2979617118835449,37.888710021972656,163.57142639160156,60.99723815917969,205.16873168945312,0.36112613460521253,18.831268310546875,55.62013626098633,4.874713897705078,5.9327545166015625,0.7945947500629487
C:\My_Project\AIGC\AIGuard\unseen\fake_302.jpg,fake,aiguard_unseen,256,256,65536,0.16262743756688386,0.0804196298122406,0.009703180752694607,0.12065687030553818,0.0009453517268411815,-3.678219521731686,0.7521212535294987,1.1111289262771606,142.82090759277344,417.0390625,2.0459328140427595,0.1562511558485051,4.638983148661124,0.6379317846972308,0.1506170218324061,4.534708023071289,34.079952239990234,0.3136979341506958,0.37597296088270227,1.082555010938445,0.6336539387702942,45.0886344909668,166.58407592773438,33.384910583496094,168.5260009765625,0.3272286837043948,33.384910583496094,38.03493881225586,8.255023956298828,11.406524658203125,0.8282497967644247
C:\My_Project\AIGC\AIGuard\unseen\fake_232.jpg,fake,aiguard_unseen,256,256,65536,0.2560911000687217,0.10497366636991501,0.013300158083438873,0.12669993937015533,0.002637252677232027,-3.379940742067938,0.6474859618696474,1.9962282180786133,580.1663818359375,1349.00732421875,2.044483567402775,0.15939955371759773,17.938982571560437,0.6574101255519066,0.23463024656284193,9.193511962890625,31.749122619628906,0.3382098078727722,0.3199381705392493,0.8764093852202208,0.7907282114028931,51.87577819824219,163.93006896972656,34.58910369873047,166.83956909179688,0.29534502757929676,34.58910369873047,61.44028091430664,13.616722106933594,21.34662628173828,0.8214824734958768
C:\My_Project\AIGC\AIGuard\unseen\fake_132.jpg,fake,aiguard_unseen,256,256,65536,0.18081416710986722,0.13666293025016785,0.029241180047392845,0.21396569907665253,0.003338022157549858,-2.9061921277319254,0.3999580531643839,2.0483527183532715,441.9346008300781,654.9461059570312,2.2270938120429675,0.11662943807059356,13.462837315327764,0.4002085508574948,0.07067497553332139,11.694031715393066,50.86354446411133,0.27166372537612915,0.4046031377781412,0.8990853966462108,-0.5955595374107361,68.22008514404297,158.14065551757812,47.94236373901367,164.38360595703125,0.20867472327899997,47.94236373901367,95.82925415039062,4.833461761474609,12.807647705078125,0.14649206235992196
C:\My_Project\AIGC\AIGuard\unseen\fake_200.jpg,fake,aiguard_unseen,256,256,65536,0.17360450720001586,0.12831883132457733,0.008181820623576641,0.06376165896654129,0.0007882065256126225,-3.551901906297547,0.6939132196253617,1.2181869745254517,155.7220916748047,331.3488464355469,2.135474793029371,0.13773564724364115,4.995407433056322,0.5790745337892637,0.11492851803392207,5.33266544342041,121.4009780883789,0.08882458508014679,0.41809908145656893,1.1480734265924757,0.11360713839530945,53.67759323120117,169.65550231933594,36.207115173339844,167.98785400390625,0.30460089579995736,36.207115173339844,54.39389419555664,10.232406616210938,55.124725341796875,0.8027955976956491
C:\My_Project\AIGC\stylegan2_test\fake\U5EFG056M1.jpg,fake,stylegan2_ood,256,256,65536,0.1848423917450539,0.16562342643737793,0.013548452407121658,0.08180275559425354,0.0014357174513861537,-3.091426327172369,0.2483527488606236,1.5748519897460938,203.9421844482422,455.3009033203125,2.2057715024492337,0.12028925719731849,6.337794321329631,0.5977985676217485,0.14429948746048715,5.9875688552856445,45.52433776855469,0.1575576514005661,0.4457535823869329,0.9762665596695214,-0.28303274512290955,60.26482391357422,181.95706176757812,59.538490295410156,204.94712829589844,0.35266068561826713,19.052871704101562,64.05764770507812,18.515499114990234,46.485084533691406,0.8355112747151345
C:\My_Project\AIGC\stylegan2_test\fake\4XFOYTTUPB.jpg,fake,stylegan2_ood,256,256,65536,0.12981860681301943,0.12092499434947968,0.01159981545060873,0.0959257036447525,0.0009341477416455746,-3.311620760471891,0.43469031857268214,1.5013846158981323,237.98660278320312,552.4851684570312,2.106354520855164,0.1468299975349525,7.659018351800553,0.5368926286038951,0.08670019336721752,6.525376319885254,44.08991622924805,0.08832721412181854,0.42253711047061465,0.9926282609526699,-0.15998922288417816,52.62990188598633,182.05364990234375,65.39778137207031,209.55389404296875,0.3718356266210138,14.44610595703125,79.80193328857422,17.313587188720703,22.95404052734375,0.8287827267512426
C:\My_Project\AIGC\stylegan2_test\fake\7CBS9F90L7.jpg,fake,stylegan2_ood,256,256,65536,0.23822770171467053,0.13640297949314117,0.0196791160851717,0.14427189528942108,0.0026351092383265495,-3.074109563181456,0.4058513929617751,1.5741374492645264,193.35311889648438,402.2077941894531,2.1911136443252475,0.12441249769561144,6.092380251615877,0.5472036252510961,0.1439426520348543,6.43092679977417,39.241886138916016,0.04805634915828705,0.4282224894390281,1.0144028283068123,-0.07076302170753479,52.780574798583984,178.01287841796875,59.525489807128906,204.871826171875,0.36276420052605046,19.128173828125,77.86734008789062,5.329463958740234,40.71988296508789,0.8055158881987339
C:\My_Project\AIGC\stylegan2_test\fake\Z73VI0WTVM.jpg,fake,stylegan2_ood,256,256,65536,0.09976496399045974,0.1472664624452591,0.014268877916038036,0.09689156711101532,0.0008286876254715025,-3.1517830673029117,0.32154634963238604,1.6262893676757812,238.5355987548828,648.8761596679688,2.221772310017516,0.11779603000880776,7.489981821329632,0.5520556481223158,0.10975597677830282,7.02907133102417,31.934946060180664,0.03631393611431122,0.42260523043188264,0.9061921012696688,-0.04323326423764229,52.35558319091797,176.5770263671875,64.58970642089844,212.34686279296875,0.36580451220026117,11.65313720703125,50.39520263671875,26.174137115478516,3.6431045532226562,0.8151247377242612
C:\My_Project\AIGC\stylegan2_test\fake\123FWZN0VE.jpg,fake,stylegan2_ood,256,256,65536,0.107022998017418,0.10993341356515884,0.011102071963250637,0.10098906606435776,0.0007278931443579495,-3.1942854972727006,0.2859277845610792,1.5335928201675415,220.50457763671875,445.32391357421875,2.062389760211096,0.15752961009008495,6.9166603185595505,0.5271185855616866,0.09188509581201451,6.410274505615234,28.36785316467285,0.26453253626823425,0.4018582213466769,0.906240523675601,-0.49006888270378113,63.31058120727539,195.44638061523438,54.261680603027344,210.472900390625,0.41137385210312893,13.527099609375,67.119384765625,13.988395690917969,41.76740264892578,0.8218281353381087
C:\My_Project\AIGC\stylegan2_test\fake\CD1FX6IY80.jpg,fake,stylegan2_ood,256,256,65536,0.16078998109270526,0.10153794288635254,0.008469147607684135,0.08340869843959808,0.0010215345537289977,-3.3288326397711994,0.36771030598683957,1.641341209411621,347.3591003417969,660.7344970703125,2.0674523261098092,0.1620742737477345,10.943049976915951,0.4388518566981486,0.08213726634522131,8.968456268310547,50.3246955871582,0.08148839324712753,0.4768037272177392,0.8183872421783522,0.14341624081134796,52.292503356933594,162.45103454589844,60.312232971191406,196.98963928222656,0.3000674092383009,27.010360717773438,83.7354736328125,8.378376007080078,13.520576477050781,0.8530175732249745
C:\My_Project\AIGC\stylegan2_test\fake\OTNVNGWUCW.jpg,fake,stylegan2_ood,256,256,65536,0.0914272961078296,0.25264909863471985,0.021382324397563934,0.0846324935555458,0.0014035890344530344,-2.7024388568366486,0.21094087245169335,1.6522350311279297,157.9658203125,241.75999450683594,2.2147195211161876,0.1196804547101346,4.763053728070176,0.5188768709412915,0.09974630554253683,6.544825553894043,59.74622344970703,0.09632313996553421,0.425327569723325,1.0476807011229208,-0.17938315868377686,54.42591094970703,181.14529418945312,61.2270622253418,207.58837890625,0.369635199696306,16.41162109375,48.49363327026367,25.38625144958496,46.59422302246094,0.8097204559881561
C:\My_Project\AIGC\stylegan2_test\fake\14V3XRNJ7Q.jpg,fake,stylegan2_ood,256,256,65536,0.10088425426886462,0.1537015438079834,0.01994514651596546,0.12976542115211487,0.0011472428450360894,-2.9414877559727106,0.2158812363699727,1.9097447395324707,328.7223815917969,696.0706176757812,2.1843794982925373,0.12533437068737432,9.826133714219752,0.5601270589282776,0.11886097785736656,7.984643936157227,42.90321350097656,0.2867734730243683,0.39703641590212685,0.8131894856728012,0.5370244383811951,28.914459228515625,157.14617919921875,61.37305450439453,205.4358367919922,0.36817240028108245,18.564163208007812,74.42666625976562,17.161457061767578,49.025634765625,0.803563095595738
C:\My_Project\AIGC\stylegan2_test\fake\EEMVMRAM90.jpg,fake,stylegan2_ood,256,256,65536,0.10307592558961833,0.11107277870178223,0.012582271359860897,0.11327952146530151,0.0006737159565091133,-3.275881606951406,0.43601554256814246,1.590510368347168,252.14833068847656,539.0711059570312,2.1228004253402073,0.13983850586369653,7.9851142659279635,0.582376071978319,0.10509094442914997,6.549642086029053,48.06342315673828,0.04650813341140747,0.4327334010406151,0.9931209268848993,-0.09972407668828964,51.29689407348633,178.4998321533203,65.88967895507812,208.48802185058594,0.3615060622932122,15.511978149414062,64.75584411621094,11.356365203857422,33.813392639160156,0.8197555959791387
C:\My_Project\AIGC\stylegan2_test\fake\DV7Z4Z4AJR.jpg,fake,stylegan2_ood,256,256,65536,0.1642208426551666,0.15706197917461395,0.016214793547987938,0.10323818773031235,0.0014473242918029428,-3.098263268868162,0.3383207162167266,1.5295217037200928,177.83697509765625,416.2032470703125,2.183854655334877,0.1266113004799636,5.504273141735915,0.5216148558204742,0.09744362976053665,6.290702819824219,36.59285354614258,0.03568384796380997,0.41032323255467007,0.9774360167777634,0.06981690973043442,45.655311584472656,173.77207946777344,63.750850677490234,212.85752868652344,0.3807211745921033,11.142471313476562,55.79725646972656,18.796283721923828,25.05760955810547,0.811051937760876
C:\My_Project\AIGC\stylegan2_test\fake\43IWZM2P98.jpg,fake,stylegan2_ood,256,256,65536,0.15269798918209876,0.2024025022983551,0.028654199093580246,0.14157037436962128,0.002560253720730543,-2.729931485122863,0.16070597174673398,2.0117297172546387,304.7754821777344,599.9822998046875,2.2045674677862244,0.1211941896603039,8.854990766389655,0.5410603655752879,0.10845081396250825,8.029019355773926,65.45124816894531,0.3231932818889618,0.3800553354008814,0.8354483325988509,0.6464630961418152,24.78835678100586,156.093994140625,62.40137481689453,206.15513610839844,0.37618939830244474,17.844863891601562,75.4906005859375,8.47884750366211,10.109024047851562,0.7968301371259869
C:\My_Project\AIGC\stylegan2_test\fake\TPB2O0VS4E.jpg,fake,stylegan2_ood,256,256,65536,0.15411005741609007,0.1912929266691208,0.02193293534219265,0.11465627700090408,0.0022606421262025833,-2.7977595082729128,0.15081475648751186,1.9370574951171875,295.276123046875,539.7800903320312,2.1881713893845327,0.12654406425606354,8.822153739612178,0.46449187231803674,0.07456440460431915,8.537137031555176,40.57111358642578,0.31595322489738464,0.38801143902109003,1.021740466711896,0.6465025544166565,28.860801696777344,153.2755889892578,61.65788650512695,217.68365478515625,0.38687645034888574,6.31634521484375,,,,0.816729335356797
C:\My_Project\AIGC\stylegan2_test\fake\F4ZB49CPAA.jpg,fake,stylegan2_ood,256,256,65536,0.14904774791459754,0.11507050693035126,0.012935390695929527,0.11241273581981659,0.0012923561735078692,-3.2986841767264865,0.40013897565007406,1.737886667251587,389.2413635253906,730.1857299804688,2.1041805415554045,0.14819275722162073,12.443371133425652,0.4580237644643035,0.07143423302020668,9.105437278747559,16.855695724487305,0.06410449743270874,0.4036052316277226,0.9488250634028925,0.0946255698800087,40.94991683959961,174.8402557373047,65.96541595458984,212.6870880126953,0.3915141580735349,11.312911987304688,74.39656066894531,13.313720703125,38.43761444091797,0.8125933110650578
C:\My_Project\AIGC\stylegan2_test\fake\08NKI2D7QQ.jpg,fake,stylegan2_ood,256,256,65536,0.09634139379082281,0.12383843213319778,0.008976307697594166,0.07248401641845703,0.0004959327634423971,-3.327367861935999,0.3875231145613542,1.3064872026443481,163.26710510253906,437.1141662597656,2.157040635928901,0.12805297006323457,5.3822648314866095,0.6825845878389571,0.2047678627997535,4.5916619300842285,54.65357208251953,0.10875575244426727,0.44398327537417626,0.9164765028523651,0.19954070448875427,46.505821228027344,165.45887756347656,61.758174896240234,202.7098388671875,0.3341563939913783,21.2901611328125,46.4783821105957,10.277595520019531,3.4725494384765625,0.7953789691957169
C:\My_Project\AIGC\stylegan2_test\fake\F1MB4QAQJ8.jpg,fake,stylegan2_ood,256,256,65536,0.08354072347570721,0.11274415254592896,0.012879295274615288,0.11423470824956894,0.0005329899722710252,-3.2719255344589873,0.4464684053182926,1.1348867416381836,104.0881118774414,266.62353515625,2.21621955891157,0.11681793193825084,3.477442289935361,0.6726112180399185,0.1818633792465029,4.363563060760498,39.705345153808594,0.09487979114055634,0.4170588271526082,0.7950736041248858,0.15908730030059814,42.35784912109375,170.0265655517578,66.7183609008789,210.35317993164062,0.3654670157128521,13.646820068359375,46.58708572387695,8.855167388916016,17.05139923095703,0.7895467391714384
C:\My_Project\AIGC\stylegan2_test\fake\0NUWGD5JNA.jpg,fake,stylegan2_ood,256,256,65536,0.13594622627690114,0.14610224962234497,0.016186531633138657,0.11078907549381256,0.0011643763864412904,-3.020553903337145,0.31949071333833634,1.6660887002944946,221.19187927246094,557.0101318359375,2.156906415551075,0.13319714334496652,6.9228220221606485,0.5622944592881159,0.10218468663224664,6.407197952270508,40.54508972167969,0.04160534590482712,0.45616258303477913,0.83322134897437,-0.07671686261892319,55.75388717651367,173.21994018554688,65.87742614746094,191.77450561523438,0.2947351923318706,32.225494384765625,54.10558319091797,25.33838653564453,28.994178771972656,0.789123777517851
C:\My_Project\AIGC\stylegan2_test\fake\XW2LC4I8ED.jpg,fake,stylegan2_ood,256,256,65536,0.06629694777786792,0.13925209641456604,0.01369098573923111,0.09831798821687698,0.00037970146513544023,-3.4064769028355832,0.6508361117092575,0.966925859451294,92.45933532714844,242.146728515625,2.1236652025055625,0.13855326270024412,3.1557216643582615,0.649963419891176,0.13251027882251834,3.8767812252044678,33.644264221191406,0.03153087571263313,0.4111658493608704,1.0120580254670928,-0.049070023000240326,49.41033172607422,178.90318298339844,62.332862854003906,210.4832763671875,0.38234254346248725,13.5167236328125,45.17013168334961,15.720695495605469,8.703536987304688,0.8158447591584377
C:\My_Project\AIGC\stylegan2_test\fake\IYDTDJ5XFQ.jpg,fake,stylegan2_ood,256,256,65536,0.1191142804089216,0.15249553322792053,0.014139436185359955,0.09272032976150513,0.0009590000845491886,-3.025473239278037,0.18266513393841874,1.5344767570495605,179.76417541503906,328.316650390625,2.164756005653646,0.13184147127366772,5.694300554016617,0.5480536410128015,0.10003369787455133,6.303706169128418,30.43349838256836,0.08413241058588028,0.428656070935832,1.1217250778226269,0.14972268044948578,44.666194915771484,168.1020965576172,63.04922103881836,203.58090209960938,0.3457161742861733,20.419097900390625,57.68593215942383,19.404815673828125,42.18739318847656,0.7808446489267951
C:\My_Project\AIGC\stylegan2_test\fake\AG15F9LFOL.jpg,fake,stylegan2_ood,256,256,65536,0.16546030825045518,0.15922854840755463,0.013376682996749878,0.0840093195438385,0.0012258130591362715,-3.083568039481364,0.3001987156482536,1.518080234527588,194.77040100097656,457.2185363769531,2.1191811466005905,0.14341164747410542,6.180580274699903,0.5645747490183884,0.09334757951256674,5.807491779327393,30.053791046142578,0.2891606390476227,0.378142756720332,1.0093144517845267,0.5503243207931519,20.258281707763672,160.0373077392578,59.20966720581055,214.61260986328125,0.43291756949715776,9.38739013671875,,,,0.7818674549382933
C:\My_Project\AIGC\stylegan2_test\fake\Z282JCP1SK.jpg,fake,stylegan2_ood,256,256,65536,0.155295267341782,0.12102162837982178,0.01711338944733143,0.14140769839286804,0.0016509023262187839,-3.034766513683872,0.28406500397822665,1.844010591506958,321.98797607421875,481.62066650390625,2.193795996879507,0.12504222223233402,10.140541320406255,0.45389354782774766,0.07897910509159602,9.519025802612305,36.51605224609375,0.05532630905508995,0.4315750673270083,0.7078881192723964,-0.07990607619285583,51.927825927734375,178.14584350585938,59.32448196411133,190.13632202148438,0.329057938611854,33.863677978515625,82.28783416748047,28.00330352783203,43.57392883300781,0.8190327913481497
C:\My_Project\AIGC\stylegan2_test\fake\OWQU9KWSDE.jpg,fake,stylegan2_ood,256,256,65536,0.14538738464945944,0.14337950944900513,0.00675447192043066,0.04710904881358147,0.0009701969102025032,-3.2143748569610717,0.22505319149711764,1.6451817750930786,309.4281005859375,786.5538940429688,2.062263456275626,0.1569393806187424,9.960696849030445,0.574395457794451,0.10566256750364098,6.170166015625,72.08059692382812,0.029965534806251526,0.4243765336658978,0.9627532626714826,-0.04982965439558029,51.35258483886719,175.92034912109375,61.64103698730469,206.4991455078125,0.35962712684454345,17.5008544921875,65.1680679321289,35.918540954589844,32.016448974609375,0.8090266272033126
C:\My_Project\AIGC\stylegan2_test\fake\9WK8LPHD3E.jpg,fake,stylegan2_ood,256,256,65536,0.052837025919165496,0.1274471879005432,0.012517922557890415,0.09822046756744385,0.0004721400036942214,-3.022414143692843,0.24193539094140923,1.4775258302688599,200.57923889160156,398.5408020019531,2.187805136745321,0.1254933074036026,6.525224492151434,0.5663860048046011,0.13691617443345255,6.487789630889893,25.70442771911621,0.09512118995189667,0.4381205857818054,1.0480670325595618,-0.17728671431541443,56.59739685058594,178.21286010742188,65.85110473632812,201.26084899902344,0.3282031006456747,22.739151000976562,70.03389739990234,7.617671966552734,17.199249267578125,0.7998089840348293
C:\My_Project\AIGC\stylegan2_test\fake\WUT5EY2JIY.jpg,fake,stylegan2_ood,256,256,65536,0.1207777024057764,0.13126322627067566,0.013457956723868847,0.1025264784693718,0.0009067410719580948,-3.2132781246418216,0.3210947825184518,1.5963010787963867,246.8070068359375,482.1136474609375,2.1099674934700734,0.14473927254380908,7.752337546168062,0.5416667297894315,0.1142871529724442,6.810144424438477,84.68295288085938,0.2589147984981537,0.4094656324505885,0.765581848495733,0.42790982127189636,40.507904052734375,155.00460815429688,64.93099212646484,205.3743896484375,0.3204780398814457,18.6256103515625,85.79907989501953,17.419883728027344,21.051307678222656,0.8188050772525557
C:\My_Project\AIGC\stylegan2_test\fake\IC85O7PHBL.jpg,fake,stylegan2_ood,256,256,65536,0.19348913300819298,0.16115806996822357,0.014800316654145718,0.09183725714683533,0.001631197053939104,-3.1859076419254264,0.3821979056083444,1.3104172945022583,124.58747100830078,252.85104370117188,2.1634578330935432,0.13239745823654817,4.011626269621421,0.5708021338112296,0.11926094767256533,5.164470672607422,59.32633590698242,0.21441951394081116,0.4185697567060677,1.0161102658523036,0.38718146085739136,33.27987289428711,163.09487915039062,58.05158233642578,211.40496826171875,0.3967548380358451,12.59503173828125,46.83191680908203,10.201053619384766,39.30424118041992,0.8031738136728421
C:\My_Project\AIGC\stylegan2_test\fake\BHGQ1Z0DTF.jpg,fake,stylegan2_ood,256,256,65536,0.18413739846459437,0.23717962205410004,0.025865092873573303,0.10905276238918304,0.0029368833638727665,-2.799700795958446,0.2120369704044755,1.655692219734192,155.017822265625,236.40382385253906,2.2165363274713767,0.11925670793780384,4.584936518928901,0.5165954994528099,0.10213268338112837,6.58566427230835,66.38633728027344,0.015869779512286186,0.4604093021250852,1.0830680035961222,0.030852094292640686,50.48640060424805,170.7936553955078,62.906646728515625,208.7317352294922,0.3496455691415217,15.268264770507812,49.667938232421875,1.7083053588867188,34.94120788574219,0.7662945845262072
C:\My_Project\AIGC\stylegan2_test\fake\T813CVV5NU.jpg,fake,stylegan2_ood,256,256,65536,0.12995648185808867,0.17360392212867737,0.02169269695878029,0.12495511025190353,0.0016543157398700714,-2.923955427657288,0.23060349398362665,1.7332658767700195,223.4757080078125,362.0030517578125,2.1956616434779783,0.12441553547202622,6.877680343951973,0.4939249255382621,0.08535744123270722,7.799793243408203,42.28536605834961,0.04360764101147652,0.44548792919631963,0.8840630976725379,-0.0790829211473465,54.010093688964844,175.4042510986328,62.845001220703125,193.037109375,0.31498248706112947,30.962890625,63.650386810302734,10.176395416259766,31.278060913085938,0.8048812634660543
C:\My_Project\AIGC\stylegan2_test\fake\DB6A5M5QA3.jpg,fake,stylegan2_ood,256,256,65536,0.17372719374155815,0.10027462244033813,0.01509190071374178,0.1505056917667389,0.001627888879738748,-3.247262894661211,0.4140626704111271,1.7344188690185547,373.35491943359375,697.8291625976562,2.1646607737194543,0.13160290414221532,11.66398718836562,0.4480873356913717,0.07703197482810159,9.460478782653809,21.916263580322266,0.14664781093597412,0.43059289161966724,0.9313382155237633,0.24900923669338226,41.25823211669922,164.68463134765625,61.735130310058594,207.05213928222656,0.35746084112817617,16.947860717773438,73.72148895263672,18.19257354736328,19.46166229248047,0.8285653201440937
C:\My_Project\AIGC\stylegan2_test\fake\G4JR7EAO9V.jpg,fake,stylegan2_ood,256,256,65536,0.12665175426400352,0.19360597431659698,0.022045010700821877,0.11386534571647644,0.00177774706389755,-2.780375250394516,0.1306875812027721,1.943533182144165,304.2525329589844,511.1435852050781,2.1676173015728684,0.13083195239491682,9.114128289473683,0.5027232296736741,0.08930836508343144,8.259123802185059,39.34965896606445,0.24442410469055176,0.41861286039191925,0.9457847291018624,0.4378354847431183,31.734577178955078,160.6244354248047,54.6864128112793,206.77178955078125,0.3906700942526515,17.22821044921875,65.03904724121094,17.627986907958984,40.61378479003906,0.8211912499453433
C:\My_Project\AIGC\stylegan2_test\fake\X8OHRJVFH7.jpg,fake,stylegan2_ood,256,256,65536,0.11357719524895686,0.13813193142414093,0.00945119559764862,0.06842151284217834,0.0006709035951644182,-3.184623470188924,0.3024177305234566,1.4033997058868408,159.76397705078125,406.7095947265625,2.1509015298155325,0.13238595297613623,5.108365939519851,0.6328685691904617,0.1306352145098149,4.9102277755737305,37.03298568725586,0.14464515447616577,0.4223635774903142,0.9272981592432658,-0.24558542668819427,57.28175354003906,182.84375,61.78770446777344,208.0950469970703,0.3661240837199033,15.904953002929688,48.9288215637207,18.74100685119629,24.744186401367188,0.7968603726139563
C:\My_Project\AIGC\stylegan2_test\fake\ZGW1WZBEWF.jpg,fake,stylegan2_ood,256,256,65536,0.1453438567553778,0.12413843721151352,0.00845435168594122,0.06810422241687775,0.0008858594228513539,-3.5345316523855828,0.6330153280878577,1.5232878923416138,321.5990905761719,807.973876953125,2.167557263897817,0.12681733305778964,10.220050496306536,0.6247128033862472,0.15970970843062765,6.790894985198975,27.661651611328125,0.1770075261592865,0.4411681585551478,0.8875969266105516,0.29943162202835083,43.17206573486328,161.14633178710938,62.23815155029297,209.36146545410156,0.34591766934343177,14.638534545898438,81.72936248779297,14.527420043945312,0.36937713623046875,0.8113040053266936
C:\My_Project\AIGC\stylegan2_test\fake\JNL9S7I5PB.jpg,fake,stylegan2_ood,256,256,65536,0.14497439833455955,0.11055240780115128,0.008365518413484097,0.07567016035318375,0.0005760638159699738,-3.5200560428995336,0.5483639183938326,1.395075798034668,233.35215759277344,673.281494140625,2.200264822338809,0.12029505391659112,7.575587488457968,0.6126714794654282,0.17539739825566367,5.946273326873779,32.61024475097656,0.019090991467237473,0.44168338824598424,0.751143327430278,-0.02874363213777542,53.43173599243164,171.91659545898438,63.88850402832031,206.82977294921875,0.33753938456758953,17.17022705078125,66.00830841064453,20.264171600341797,4.810882568359375,0.8213829725029953
C:\My_Project\AIGC\stylegan2_test\fake\R4I7TCE1QT.jpg,fake,stylegan2_ood,256,256,65536,0.12718391360875236,0.1190379410982132,0.011975256726145744,0.10060033202171326,0.0007451290730386972,-3.1241844587456398,0.23419296729137581,1.3710557222366333,151.97557067871094,378.9813232421875,2.1147066460400428,0.14332822698794123,4.7555219875346255,0.5833304494989928,0.10384124175475473,5.230749607086182,33.83427047729492,0.1599406599998474,0.4314535306774216,0.8614920633814562,-0.25789791345596313,58.504276275634766,183.199462890625,62.511085510253906,210.08018493652344,0.3667322303803557,13.919815063476562,56.956119537353516,25.103519439697266,48.558021545410156,0.8129330713574383
C:\My_Project\AIGC\stylegan2_test\fake\6Q9J0FPV3U.jpg,fake,stylegan2_ood,256,256,65536,0.05609439269732176,0.15071210265159607,0.01988241635262966,0.13192316889762878,0.00043927395017817616,-3.0763971180868466,0.3923510377806668,1.3900364637374878,129.97755432128906,317.4736022949219,2.192929353569798,0.12193646524310958,4.041909048938133,0.652804858115189,0.1422810262855988,4.891721248626709,32.737213134765625,0.07438674569129944,0.437914930506271,0.8491183402704394,0.11522378772497177,45.657936096191406,169.18173217773438,59.88720703125,205.51898193359375,0.3585178106271978,18.48101806640625,52.9725456237793,12.528751373291016,22.814239501953125,0.767825916149171
C:\My_Project\AIGC\stylegan2_test\fake\21LE3J0NRR.jpg,fake,stylegan2_ood,256,256,65536,0.12242878856220323,0.1664566695690155,0.021005354821681976,0.1261911243200302,0.0015685043763369322,-2.9259793368862597,0.19793187962409028,1.5783967971801758,168.49766540527344,463.7940368652344,2.1572448444670655,0.13197420637392093,5.2098972760849485,0.609660497252403,0.14293464835710418,5.546779632568359,30.287181854248047,0.10814081132411957,0.4165747445029511,0.7088068328524929,-0.18319495022296906,52.953975677490234,183.01600646972656,63.03842544555664,199.122802734375,0.35274654155932317,24.877197265625,40.59809112548828,13.117740631103516,6.582847595214844,0.7783927220893894
C:\My_Project\AIGC\stylegan2_test\fake\3Q88DA8XO0.jpg,fake,stylegan2_ood,256,256,65536,0.13079127681662306,0.1773739606142044,0.01459514256566763,0.0822845846414566,0.0011310669360682368,-3.171986326079644,0.45394985489433537,1.5215678215026855,180.0589599609375,429.2706604003906,2.2133329244803233,0.11762118865826984,5.709482052169896,0.6278358318189156,0.11312844571857884,5.655506134033203,55.929664611816406,0.09414874762296677,0.4605972324916817,0.9834021828014787,0.1809006631374359,46.98974609375,165.2228240966797,60.12802505493164,207.0501251220703,0.3462024098691057,16.949874877929688,55.52874755859375,6.209400177001953,3.357391357421875,0.8228260558482141
C:\My_Project\AIGC\stylegan2_test\fake\9CHOGUSZA4.jpg,fake,stylegan2_ood,256,256,65536,0.0936501539751653,0.13949675858020782,0.012529768981039524,0.0898212194442749,0.0005317258182913065,-3.2376518272546964,0.428658163765512,1.2663806676864624,115.39990997314453,288.0500793457031,2.0779421761228662,0.14812848410076124,3.713242728531852,0.6733585335214765,0.13111102199986416,3.956681251525879,44.417903900146484,0.3121446371078491,0.3916737252358064,0.8458610210139251,0.5842375755310059,27.71556854248047,155.26666259765625,60.61545944213867,203.94322204589844,0.36434974746073956,20.056777954101562,39.277889251708984,20.10617446899414,0.2897186279296875,0.8074637279750689
C:\My_Project\AIGC\stylegan2_test\fake\BNW2FQUOCA.jpg,fake,stylegan2_ood,256,256,65536,0.09518488672241242,0.17638090252876282,0.013810128904879093,0.0782971903681755,0.0005424797418527305,-3.286183630319335,0.4642522657019637,1.0562018156051636,81.44789123535156,217.6626434326172,2.128634646972472,0.13855760567191244,2.649216008771928,0.6586405788240017,0.12269079157243085,3.560612916946411,51.96714782714844,0.3390471935272217,0.3379067144443867,0.80940228984357,0.7068391442298889,15.582016944885254,149.7743377685547,57.93834686279297,207.5411376953125,0.4001025530834218,15.582016944885254,36.66267013549805,19.68238067626953,0.6832199096679688,0.7775859849683542
C:\My_Project\AIGC\stylegan2_test\fake\FOOBIXNLCF.jpg,fake,stylegan2_ood,256,256,65536,0.13252873588433228,0.09861382097005844,0.006137179676443338,0.06223447993397713,0.0005110613419674337,-3.833402019022947,0.8142973165968577,0.9167327284812927,159.20640563964844,373.5950012207031,1.9617232240385953,0.18422856741972338,5.26191510849492,0.5752732842401618,0.09308131223330075,4.67604923248291,44.509483337402344,0.17376957833766937,0.42078395552740294,1.0779820154037822,0.32041996717453003,37.1618537902832,165.266357421875,62.26300048828125,209.88671875,0.37689858004160226,14.11328125,52.28714370727539,32.004669189453125,49.10747528076172,0.8295546751890868
C:\My_Project\AIGC\stylegan2_test\fake\KR1PDLGPT6.jpg,fake,stylegan2_ood,256,256,65536,0.19636364816735202,0.08905539661645889,0.00529404915869236,0.05944669991731644,0.0006728301523253322,-3.541659639007124,0.47890145015113006,1.2156912088394165,174.44422912597656,509.5392761230469,2.091511103965838,0.14863081824426994,5.642535780240074,0.611989074604112,0.11385112318193549,4.770610809326172,36.78116989135742,0.09772574156522751,0.43297228027137574,1.129625807699267,-0.16560013592243195,55.71504211425781,179.86361694335938,59.16886901855469,208.53341674804688,0.36956703863619605,15.466583251953125,53.69256591796875,18.73324203491211,53.95924377441406,0.8238165154982262
C:\My_Project\AIGC\stylegan2_test\fake\JK7XJBBIRU.jpg,fake,stylegan2_ood,256,256,65536,0.18482153095775872,0.14697936177253723,0.017165977507829666,0.1167917400598526,0.0015011911746114492,-3.098912727729187,0.3043055213689325,1.5105843544006348,175.0243682861328,356.6390075683594,2.1782184952679144,0.12846835103446075,5.511850184672195,0.5501715598631256,0.10462727892848295,6.106815814971924,33.837440490722656,0.16722150146961212,0.42925248988826314,1.1189049170572205,0.31618061661720276,40.66905212402344,163.7389678955078,62.38596725463867,210.93765258789062,0.3643623126928286,13.062347412109375,66.46334075927734,22.731388092041016,49.97428894042969,0.8184734398118962
C:\My_Project\AIGC\stylegan2_test\fake\C7SFGOBPOE.jpg,fake,stylegan2_ood,256,256,65536,0.14430467234075217,0.10333462804555893,0.011866480112075806,0.1148354634642601,0.0009765150025486946,-3.2092494821707778,0.31852368007859366,1.8105438947677612,380.8614807128906,907.4457397460938,2.1471884676405044,0.13057065834258308,12.069748384118181,0.6261745236797722,0.24214654562371057,7.483055114746094,28.97125816345215,0.029218608513474464,0.4543081684051447,1.1097110828038215,-0.0602230541408062,55.275108337402344,172.8707733154297,65.02233123779297,201.8811492919922,0.320751030715689,22.118850708007812,71.5133056640625,35.165000915527344,18.477310180664062,0.8112135435412711
C:\My_Project\AIGC\stylegan2_test\fake\DXBQIV6WR7.jpg,fake,stylegan2_ood,256,256,65536,0.12861949703855952,0.14195828139781952,0.015345748513936996,0.10810040682554245,0.001333999796770513,-3.349890266688081,0.6245241187491717,1.0497145652770996,87.28791809082031,264.90771484375,2.138395904587144,0.13537842092390906,2.8074437326869806,0.6594284280423846,0.14576750530818233,3.7422685623168945,34.51714324951172,0.32419946789741516,0.3862583208668729,1.06727824507904,0.7324065566062927,22.249603271484375,156.15765380859375,55.834861755371094,217.6494140625,0.43184532940016634,6.3505859375,,,,0.8216707157816678
C:\My_Project\AIGC\stylegan2_test\fake\ENDDH8SOIC.jpg,fake,stylegan2_ood,256,256,65536,0.10211034869426076,0.10449416190385818,0.007634360808879137,0.07306016981601715,0.00035291677340865135,-3.5328628207136976,0.5859155732547314,1.1974401473999023,164.7188262939453,490.42694091796875,2.166671418999789,0.1287794379282375,5.255996652816243,0.6273260666357192,0.13766065922506016,5.0691447257995605,30.98898696899414,0.03672805055975914,0.4297332977168194,0.8462276857921154,-0.07432211935520172,51.60414505004883,176.09481811523438,58.350830078125,206.3973388671875,0.3673152408342893,17.6026611328125,52.0074577331543,16.075653076171875,2.1910400390625,0.8201607177397996
C:\My_Project\AIGC\stylegan2_test\fake\BPZ34ZCMOI.jpg,fake,stylegan2_ood,256,256,65536,0.103575119603652,0.19253432750701904,0.028581468388438225,0.14844869077205658,0.0017925257561728358,-2.8192292585001364,0.2864013600532595,1.848222255706787,268.9415283203125,509.3615417480469,2.2033440517335574,0.11993155664128595,8.042255886426593,0.5640332885213395,0.1838530431149,7.5833048820495605,42.13660430908203,0.08927284926176071,0.4281494518216549,1.0909630601528657,0.1809910386800766,44.892669677734375,169.84962463378906,68.42781829833984,209.75604248046875,0.35195999169215325,14.24395751953125,80.2296371459961,17.0245361328125,34.16078186035156,0.801748169205041
C:\My_Project\AIGC\stylegan2_test\fake\AGQHHVHVQO.jpg,fake,stylegan2_ood,256,256,65536,0.11130731249706108,0.10683543235063553,0.011960551142692566,0.11195303499698639,0.0008341133361682296,-3.1660602118486825,0.27831033947956685,1.5537058115005493,239.48760986328125,496.8655090332031,2.134882529003907,0.13929362140164578,7.754261599722973,0.5021913385680525,0.08472917293379474,7.406795501708984,25.023916244506836,0.1791556030511856,0.42231836807178236,1.0889814402203783,0.3332544267177582,37.25244140625,164.95053100585938,59.99708557128906,215.99562072753906,0.39701679926240885,8.004379272460938,,,,0.8081600886598181
C:\My_Project\AIGC\stylegan2_test\fake\0TJJ8VSLE6.jpg,fake,stylegan2_ood,256,256,65536,0.20408859375450966,0.20498298108577728,0.016485976055264473,0.08042606711387634,0.0022323045413941145,-2.910300796162695,0.272237097142648,1.8515000343322754,245.51373291015625,569.7301025390625,2.2462043798576574,0.11179937754308913,7.394264773776532,0.5765618455669785,0.12492409334076096,6.937380313873291,55.753448486328125,0.007506971713155508,0.441872734202697,1.1433382757018085,-0.0010561750968918204,52.056705474853516,170.50941467285156,67.110107421875,205.66844177246094,0.32710080687557674,18.331558227539062,51.574954986572266,2.402393341064453,59.151145935058594,0.7866014501761498
C:\My_Project\AIGC\stylegan2_test\fake\J803OZCIS8.jpg,fake,stylegan2_ood,256,256,65536,0.2573478798971825,0.11041896045207977,0.017478253692388535,0.1582903265953064,0.0023827494587749243,-3.0658744103120865,0.32694013433655594,1.606154203414917,210.15867614746094,548.1018676757812,2.147182447255048,0.13286777736245964,6.45565645198522,0.6182481565612852,0.2133526845021264,5.6781907081604,57.499385833740234,0.19261091947555542,0.3986241361739945,0.9695029666713756,-0.3263542652130127,56.177207946777344,191.06228637695312,57.22642517089844,218.8077850341797,0.4343693079961166,5.1922149658203125,,,,0.8076703285179399
C:\My_Project\AIGC\stylegan2_test\fake\GD5BHSHZ1W.jpg,fake,stylegan2_ood,256,256,65536,0.16548224842378784,0.12997712194919586,0.005919975694268942,0.045546285808086395,0.0007094479515217245,-3.5445260606278945,0.5542786815796371,1.1835788488388062,171.9791717529297,403.4851989746094,2.1392329009140587,0.13647955291125238,5.561945694829173,0.606543092167489,0.11293295491211865,5.056308746337891,41.56234359741211,0.0875074714422226,0.433500056349959,1.0808548956355621,0.1681523472070694,45.31626892089844,168.04086303710938,58.258888244628906,209.07504272460938,0.36887857431288607,14.924957275390625,48.595367431640625,15.993831634521484,38.895782470703125,0.815815580699919
C:\My_Project\AIGC\stylegan2_test\fake\RZAQBOINCZ.jpg,fake,stylegan2_ood,256,256,65536,0.19739269957019753,0.08621538430452347,0.007880312390625477,0.09140262752771378,0.0009730051970109344,-3.4702327683268783,0.559765050401109,1.3148856163024902,187.52232360839844,454.9384460449219,2.0904939927616883,0.1485971810667776,6.165863919667586,0.6048438588903103,0.18962117307032447,5.327512264251709,40.34415817260742,0.2796030044555664,0.3945099392668956,0.9663690644896857,-0.5655826926231384,65.573486328125,197.51608276367188,55.176544189453125,203.94924926757812,0.39121207323715884,20.050750732421875,54.40300369262695,6.280635833740234,51.660423278808594,0.7819915337632466
C:\My_Project\AIGC\stylegan2_test\fake\N6L4I52XCG.jpg,fake,stylegan2_ood,256,256,65536,0.11396719504691637,0.14970828592777252,0.01172672864049673,0.07833052426576614,0.0007719898712821305,-3.192618844019213,0.3131511538203831,1.6278152465820312,252.1112823486328,751.9048461914062,2.040098483598093,0.1609671051330439,7.894273141735903,0.6849296376432001,0.2529964338341718,5.361651420593262,45.51146697998047,0.29906657338142395,0.3755710170734057,0.769428400144236,0.5272412300109863,37.69924545288086,151.8770294189453,63.6239013671875,204.89767456054688,0.3214749353424381,19.102325439453125,59.23649978637695,31.109439849853516,0.071502685546875,0.8091968368191971
C:\My_Project\AIGC\stylegan2_test\fake\B2JFHURJJL.jpg,fake,stylegan2_ood,256,256,65536,0.2797083309075434,0.1384524405002594,0.01185466069728136,0.08562261611223221,0.0024482200387865305,-3.23644164189284,0.37870108677070385,1.7270346879959106,302.8954162597656,656.4627685546875,2.173014713293676,0.1290371214434883,9.40813740766387,0.5518345846546397,0.20965243555268803,7.412986755371094,35.18623733520508,0.2260415107011795,0.40151472428936336,0.9969269982848491,0.4240407645702362,31.627052307128906,161.64804077148438,59.47481155395508,207.96788024902344,0.38478985116067893,16.032119750976562,70.64608764648438,3.723308563232422,52.16250991821289,0.8376796708516885
C:\My_Project\AIGC\stylegan2_test\fake\BU5S67SCHL.jpg,fake,stylegan2_ood,256,256,65536,0.17969130824905283,0.1958441287279129,0.01307761948555708,0.06677564978599548,0.0016922237118706107,-3.0305645032600954,0.2866549100984481,1.711904525756836,222.32518005371094,377.79962158203125,2.2145197618987127,0.11970215368052414,6.848580332409961,0.5025186930542536,0.07920146267958916,7.35520601272583,38.216773986816406,0.08455989509820938,0.44094122078102005,1.03463960634562,0.16225068271160126,45.19621276855469,167.77027893066406,62.5445556640625,202.22109985351562,0.34121336831897364,21.778900146484375,54.09785461425781,18.619396209716797,43.575828552246094,0.8179090705990788
C:\My_Project\AIGC\stylegan2_test\fake\BGPMI5IK8M.jpg,fake,stylegan2_ood,256,256,65536,0.19916864205438475,0.1735399216413498,0.019844327121973038,0.11435021460056305,0.0019957986660301685,-2.9245357171476845,0.2271246839668126,1.8995405435562134,312.0280456542969,658.8528442382812,2.205481500427364,0.12060066741091764,9.452620036934427,0.5342208715367278,0.11138402034899542,7.9933648109436035,51.5091438293457,0.07568274438381195,0.42595162186007307,0.9817087510981852,-0.12847894430160522,53.423988342285156,178.61561584472656,61.140010833740234,210.07264709472656,0.3715943702515545,13.927352905273438,70.76168823242188,24.99205780029297,18.326927185058594,0.8191875565528051
C:\My_Project\AIGC\stylegan2_test\fake\7CJB23SRL2.jpg,fake,stylegan2_ood,256,256,65536,0.06854785316096244,0.10063761472702026,0.009610536508262157,0.09549646079540253,0.0003901916788890958,-3.324516132906136,0.3090924492698266,1.2947678565979004,168.98353576660156,335.6023864746094,2.0731376451352133,0.15390776634613507,5.456154778393344,0.5788837414280315,0.12187816721200675,5.489188194274902,36.35244369506836,0.07226381450891495,0.44543748626387786,0.740385045234858,0.1037881076335907,48.83725357055664,167.76226806640625,64.94426727294922,194.69468688964844,0.30752890891578694,29.305313110351562,60.1927604675293,9.413236618041992,26.408828735351562,0.7416242802023021
C:\My_Project\AIGC\stylegan2_test\fake\80KZK3ARVK.jpg,fake,stylegan2_ood,256,256,65536,0.18042496033022096,0.2938677668571472,0.04875029996037483,0.16589196026325226,0.00349443219602108,-2.4462808423691396,0.2311825611391399,1.9268884658813477,218.69772338867188,479.40496826171875,2.1786577065760744,0.12546061476485423,6.275282779316704,0.651606815470826,0.2997285442133226,6.4136061668396,40.64944839477539,0.3387657403945923,0.371830941457282,0.7759844830768192,-0.6427364349365234,75.72271728515625,196.41551208496094,57.7463493347168,203.98764038085938,0.35176718214864877,20.012359619140625,65.20050811767578,17.089000701904297,39.067359924316406,0.8117101369670436
C:\My_Project\AIGC\stylegan2_test\fake\2VV0I3CU5G.jpg,fake,stylegan2_ood,256,256,65536,0.17966241815133618,0.13600105047225952,0.012879912741482258,0.0947045087814331,0.0013333571841940284,-3.2269255113840996,0.4006696130214884,1.2220379114151,110.2168960571289,260.4948425292969,2.159362667453157,0.13199300182108978,3.5861850761772827,0.6117699967165007,0.12855815696776043,4.509613513946533,43.48876953125,0.02776426635682583,0.43092525748375743,1.0764470941425912,0.048819173127412796,47.293968200683594,172.6375732421875,62.492820739746094,207.27963256835938,0.3616888743037358,16.720367431640625,44.5216178894043,5.444232940673828,50.08903884887695,0.8161058824905041
C:\My_Project\AIGC\stylegan2_test\fake\U3XK8CM0B5.jpg,fake,stylegan2_ood,256,256,65536,0.05699898428156345,0.1627509742975235,0.01951748877763748,0.11992239952087402,0.0005120713612996042,-2.900955146204551,0.17093455809427882,1.556783676147461,165.8072052001953,307.9939880371094,2.1301788771015264,0.13527032883154358,5.214444252077561,0.6196156764936749,0.20913610033511604,5.486049175262451,43.61543655395508,0.029562752693891525,0.4113991543148784,1.138769292337322,0.051152609288692474,45.7943115234375,174.30941772460938,60.910526275634766,209.30557250976562,0.3800822131398903,14.694427490234375,48.69253158569336,17.454116821289062,13.272674560546875,0.8277761362603542
C:\My_Project\AIGC\stylegan2_test\fake\YYYOQH6HG8.jpg,fake,stylegan2_ood,256,256,65536,0.2324037311657524,0.11651414632797241,0.012381366454064846,0.10626491904258728,0.001635356922633946,-3.133880360118696,0.2835424370532569,1.473675012588501,176.2205810546875,469.5354309082031,2.200471983543806,0.12128321541591963,5.543759233610327,0.6371900972493285,0.1935912675197352,5.301371097564697,23.605060577392578,0.06207318976521492,0.44378550535939587,0.9715921943303881,0.1077732965350151,46.95199966430664,168.68882751464844,61.32123565673828,200.34002685546875,0.3372868832135376,23.65997314453125,44.0160026550293,12.273109436035156,24.14069366455078,0.8203639885024927
C:\My_Project\AIGC\stylegan2_test\fake\EGAAMEUOW0.jpg,fake,stylegan2_ood,256,256,65536,0.07535074423977252,0.12204203754663467,0.010521653108298779,0.0862133577466011,0.0006095253047533333,-3.156974047373577,0.26035236425618613,1.5248240232467651,230.20974731445312,381.2391662597656,2.0027028743325666,0.17498484098727582,7.4096684556786645,0.46712882783349874,0.08509937836878446,6.958552837371826,34.46541213989258,0.0548289529979229,0.4438633489871268,1.0299041125361632,0.10385904461145401,47.2939338684082,170.12904357910156,61.751976013183594,200.22930908203125,0.3390042729583093,23.77069091796875,53.86124801635742,16.606685638427734,18.563247680664062,0.8110008054176099
C:\My_Project\AIGC\stylegan2_test\fake\IAR80VVKIM.jpg,fake,stylegan2_ood,256,256,65536,0.07580138240333585,0.0870935320854187,0.009054847061634064,0.10396692901849747,0.00033636760781519115,-3.483419712937274,0.5285155229696502,1.0754958391189575,134.88223266601562,299.9780578613281,2.1401856120435783,0.1357363415280763,4.479497633887346,0.621443193411799,0.1401214293822282,5.127004623413086,34.93217086791992,0.0991220697760582,0.46942660847058787,0.7271932616676634,0.16546539962291718,49.33100891113281,163.8550567626953,71.17253875732422,202.49684143066406,0.29974072710926836,21.503158569335938,62.29839324951172,12.16208267211914,14.64190673828125,0.8052457865067026
C:\My_Project\AIGC\sd2.1\cdf\Celeb-real\id31_0005\Celeb-real_id28_0007_174.png,fake,df40_sd21,512,512,262144,0.058825701966083756,0.2009398490190506,0.008541959337890148,0.042510028928518295,0.00022634147899225354,-3.7522024838223347,1.00685508428665,-0.3233824670314789,18.31462287902832,46.5943489074707,2.0264149745714795,0.15310886689694111,0.7114817059095105,0.8251366354450771,0.3291221894364442,1.049178123474121,9.00218677520752,0.2911168038845062,0.41987590523366236,0.7790890888050274,0.5064547061920166,-7.51248836517334,123.12030792236328,55.467018127441406,212.0135955810547,0.40756770491886435,-7.51248836517334,,,,0.8390962963815625
C:\My_Project\AIGC\sd2.1\ff\280\963_334.png,fake,df40_sd21,512,512,262144,0.10422394075359123,0.10688049346208572,0.005802385043352842,0.054288528859615326,0.0004338086291681975,-4.153030942794064,1.2046098120227855,0.38052454590797424,110.18423461914062,304.98394775390625,1.7617443168481741,0.2321840728734345,3.798784914589104,0.6530276271751222,0.12961158748504076,3.389685869216919,22.666061401367188,0.023482361808419228,0.43158208448630697,0.8015547367229215,0.038848914206027985,35.247215270996094,177.2604217529297,35.96952819824219,213.9197540283203,0.5036527854813775,10.080245971679688,43.585079193115234,13.301063537597656,48.74674987792969,0.8249651723140232
C:\My_Project\AIGC\sd2.1\ff\062\256_281.png,fake,df40_sd21,512,512,262144,0.09533750970527904,0.08480266481637955,0.003498608013615012,0.041255876421928406,0.00016788188077043742,-4.254224235677532,1.0691487615673132,-0.27877071499824524,77.71928405761719,263.7642822265625,1.905197428512622,0.18228302732798912,2.681216239612187,0.7749517159044097,0.2545648360981063,2.35771107673645,17.185264587402344,0.01762840710580349,0.45255012459511956,0.6324081943557702,0.039401717483997345,53.09791564941406,156.98095703125,76.84751892089844,210.19091796875,0.2760705883546442,13.80908203125,39.71396255493164,12.76522445678711,45.727516174316406,0.8533860683253636
C:\My_Project\AIGC\sd2.1\cdf\Celeb-real\id51_0004\Celeb-real_id2_0001_278.png,fake,df40_sd21,512,512,262144,0.10140796576574893,0.13282597064971924,0.006890373304486275,0.051875196397304535,0.0002636258432175964,-4.147833423989433,1.2583410965830615,-0.445201575756073,49.17702865600586,117.22400665283203,1.7236893128619462,0.23061009001503482,1.787843374884581,0.7266012305738521,0.15331350277596115,1.9955495595932007,87.66498565673828,0.020808983594179153,0.4584690090532586,0.7596816079571127,-0.020809167996048927,72.69241333007812,238.30198669433594,54.10875701904297,243.23924255371094,0.6242390589040836,-19.239242553710938,,,,0.8376114720907211
C:\My_Project\AIGC\sd2.1\ff\702\630_013.png,fake,df40_sd21,512,512,262144,0.0531440176266022,0.06470324844121933,0.0017641815356910229,0.02726573310792446,7.602789992233738e-05,-4.174948944276414,0.7120489801049841,-0.4496828615665436,50.33994674682617,141.161865234375,1.7367856110026776,0.2221823958047774,1.8071768236380412,0.7391630905532762,0.2035812983181251,2.1227967739105225,19.94137191772461,0.05401957780122757,0.4435129825113571,0.9327192445983664,0.09981564432382584,29.86488914489746,194.32472229003906,19.932373046875,212.58982849121094,0.6314655009674554,11.410171508789062,22.89879035949707,10.377294540405273,17.515602111816406,0.851568369091595
C:\My_Project\AIGC\sd2.1\ff\629\901_522.png,fake,df40_sd21,512,512,262144,0.08322143447734386,0.11675690859556198,0.0011714131105691195,0.010032923892140388,6.15698445471935e-05,-4.2692540257397775,0.8088972077347659,-0.6731362342834473,65.11947631835938,179.67738342285156,1.6722536511975086,0.22727569030354985,2.2605263157894724,0.7536642345978406,0.26610695126229156,1.874671459197998,31.151899337768555,0.05071989819407463,0.46723925847388165,0.7776517168384457,-0.08112140744924545,11.63787841796875,128.96336364746094,64.32264709472656,205.56683349609375,0.3302683096577098,11.63787841796875,35.02492141723633,19.08095359802246,15.453536987304688,0.8454188784329517
C:\My_Project\AIGC\sd2.1\ff\572\503_651.png,fake,df40_sd21,512,512,262144,0.06482305165080295,0.059807419776916504,0.0012214885791763663,0.02042369544506073,5.184638939681463e-05,-4.194682020022495,0.6219900666369286,-0.42452600598335266,47.2377815246582,112.22608947753906,1.7024496091177328,0.22613817728941066,1.6950911819021237,0.7377962402199829,0.2127280585458115,2.0010480880737305,170.74124145507812,0.06025446951389313,0.4702666951202141,0.7577252064681927,0.10269113630056381,20.27607536315918,190.8681640625,56.09125518798828,245.0218505859375,0.6423402600475571,-21.0218505859375,,,,0.8120672699406981
C:\My_Project\AIGC\sd2.1\ff\360\768_116.png,fake,df40_sd21,512,512,262144,0.15033681019689263,0.09444639831781387,0.005830341950058937,0.06173175573348999,0.0006209782441146672,-4.138067078220312,1.187478943337449,0.8238469362258911,198.8466796875,537.015380859375,2.0700728351640207,0.1573801378268393,6.64906942520774,0.613850367382811,0.10581793863120686,5.376588344573975,22.630788803100586,0.1337200105190277,0.4169957965609172,0.7759326113408929,0.21997252106666565,51.81268310546875,168.4878387451172,59.33637237548828,190.71820068359375,0.305504529377985,33.28179931640625,64.14720153808594,5.218822479248047,7.681602478027344,0.8129708677889269
C:\My_Project\AIGC\sd2.1\cdf\Celeb-real\id50_0003\YouTube-real_00018_364.png,fake,df40_sd21,512,512,262144,0.03791637258810484,0.0870884507894516,0.001261614728718996,0.014486590400338173,2.3464834157493897e-05,-3.8925769532562824,0.4091141008076222,-0.6927109360694885,18.811569213867188,44.275489807128906,1.8160942956542452,0.2018290706000592,0.7559138388734997,0.7940336499496483,0.20596742724222997,1.2704323530197144,87.41749572753906,0.1362513154745102,0.41255732845236126,0.857167123739975,0.20198847353458405,52.207698822021484,184.15443420410156,41.01113510131836,207.25717163085938,0.43717358478720836,16.742828369140625,20.402681350708008,7.4271392822265625,23.296066284179688,0.8264167756513459
C:\My_Project\AIGC\sd2.1\ff\258\670_092.png,fake,df40_sd21,512,512,262144,0.06076447754392045,0.1284203976392746,0.004997815936803818,0.03891761600971222,0.00017437609494663775,-3.9431104772332,0.8608483479257446,-0.07787439227104187,57.729251861572266,225.97579956054688,2.055513428818783,0.15097744571124946,2.0160485918744224,0.7812926305489829,0.2903601647698649,2.037268877029419,23.02467155456543,0.013617774471640587,0.4273965348083193,0.7585658214418414,0.028341129422187805,53.15992736816406,178.09664916992188,46.487327575683594,193.43597412109375,0.36589768360548364,30.56402587890625,24.834020614624023,14.603165626525879,10.947250366210938,0.8287554461767712
C:\My_Project\AIGC\sd2.1\cdf\Celeb-real\id39_0002\Celeb-real_id19_0000_231.png,fake,df40_sd21,512,512,262144,0.08735630906151644,0.15922074019908905,0.0031172940507531166,0.019578441977500916,0.00012783218699041754,-3.7519066654966537,0.5672604840813366,-0.19617971777915955,34.139366149902344,87.96832275390625,2.0902383208314865,0.14380063855712585,1.2557375346260393,0.7662441835804752,0.18429489279949124,1.6316355466842651,36.28510284423828,0.2663024067878723,0.41393857587535443,0.8443189357424281,-0.48215025663375854,32.7387809753418,167.82334899902344,48.02888870239258,213.25064086914062,0.44481244060030584,10.749359130859375,22.375761032104492,1.8351783752441406,13.145988464355469,0.832832096002754
C:\My_Project\AIGC\sd2.1\cdf\Celeb-real\id51_0002\Celeb-real_id43_0005_042.png,fake,df40_sd21,512,512,262144,0.08702995449026509,0.05645979195833206,0.002073367591947317,0.036722905933856964,0.00010067766561405733,-3.745889058096674,0.3787715225078656,0.2908180356025696,90.09066009521484,233.69630432128906,2.1630455743691375,0.13059993745485282,3.091805459372113,0.7122491990915537,0.2088418937785784,3.079606294631958,27.518125534057617,0.05016940459609032,0.4386716014248845,0.8222354006414803,0.06667214632034302,65.59952545166016,184.38905334472656,39.282379150390625,169.14390563964844,0.3074415940515759,39.282379150390625,44.329559326171875,18.746755599975586,12.938621520996094,0.8024083704190446
C:\My_Project\AIGC\sd2.1\cdf\Celeb-real\id11_0009\YouTube-real_00219_186.png,fake,df40_sd21,512,512,262144,0.0697404425626247,0.05835079774260521,0.00853988528251648,0.14635422825813293,0.00042273959843441844,-4.045603268838709,1.381505362588543,-0.00602366728708148,167.606201171875,486.1475830078125,2.071766357119169,0.14497024126223654,6.110329524469066,0.7607443013835322,0.35790296707738506,4.16367244720459,52.67494201660156,0.03813178837299347,0.41446119776520735,0.755079682129982,0.06315512955188751,59.14621353149414,161.1316375732422,66.00813293457031,182.77755737304688,0.23734014800838826,41.222442626953125,36.07915115356445,3.4494590759277344,19.757606506347656,0.8327564982568063
C:\My_Project\AIGC\sd2.1\ff\221\857_494.png,fake,df40_sd21,512,512,262144,0.09188613430103457,0.05312993749976158,0.0013384961057454348,0.025192879140377045,5.944047006778419e-05,-4.011917546468768,0.4153550060142402,-0.0649455338716507,41.89611053466797,95.07050323486328,1.9342930590116392,0.18789238872154707,1.5355196791320398,0.711997003024749,0.15992481521716434,2.2981150150299072,24.996929168701172,0.04671594873070717,0.4685242368025153,0.6358625375781598,-0.07783211767673492,34.71479797363281,169.63230895996094,62.634918212890625,224.18942260742188,0.4344015390134719,-0.189422607421875,,,,0.8299416822739225
C:\My_Project\AIGC\sd2.1\cdf\Celeb-real\id22_0004\YouTube-real_00114_218.png,fake,df40_sd21,512,512,262144,0.09045477479515968,0.03103506565093994,0.005122656933963299,0.16506028175354004,0.00025753286899998784,-4.274668039142673,1.1157440044581546,-0.13300716876983643,165.13888549804688,612.3490600585938,1.9911054328282778,0.162757494607502,5.340987996306557,0.7580637934218817,0.25716608448967543,3.8441286087036133,22.74116325378418,0.042249951511621475,0.43921613519892805,0.7535943192037702,-0.057542383670806885,58.156455993652344,148.58583068847656,53.58802795410156,163.794677734375,0.19861922885127578,53.58802795410156,33.56258773803711,10.03118896484375,29.180633544921875,0.792009794130788
C:\My_Project\AIGC\sd2.1\cdf\YouTube-real\00073\YouTube-real_00234_000.png,fake,df40_sd21,512,512,262144,0.15357768880261968,0.10440854728221893,0.0036397005897015333,0.03486017882823944,0.0003724204143509269,-4.13356101725106,0.978644089800641,0.5617491006851196,234.1133270263672,609.7589721679688,2.0587391601884972,0.16001861743855508,7.639467336103412,0.6298281149621382,0.14954026625011202,4.872509479522705,58.70601272583008,0.013879203237593174,0.4314044411294784,0.7189446287452286,0.008796878159046173,30.77459716796875,190.62376403808594,71.67694091796875,245.46307373046875,0.5536425491003201,-21.46307373046875,,,,0.8538521565810697
C:\My_Project\AIGC\sd2.1\ff\079\098_182.png,fake,df40_sd21,512,512,262144,0.09475137004451453,0.06107676401734352,0.0018969362135976553,0.031058231368660927,7.944214303279296e-05,-4.196764089998187,0.7354289863695959,-0.3771406412124634,56.040706634521484,115.60096740722656,1.727741269649762,0.23122293836918537,2.0011045706371196,0.6973326269041116,0.1548771934086901,2.429675579071045,36.777488708496094,0.09506963938474655,0.4188286591959397,0.8454018441462104,0.143206387758255,31.811586380004883,193.5054473876953,23.840097427368164,207.54148864746094,0.5919839608350814,16.458511352539062,30.089771270751953,22.512226104736328,46.48131561279297,0.8424594158991212
C:\My_Project\AIGC\sd2.1\ff\075\054_272.png,fake,df40_sd21,512,512,262144,0.13503576415431293,0.11226584017276764,0.0053968727588653564,0.04807225987315178,0.0004805192875210196,-4.190886571034924,1.225502347556313,0.14659476280212402,109.5682601928711,263.524169921875,1.7998058904413687,0.2355109726771967,3.7983973915050684,0.6325433443134536,0.12414243438079164,3.683464288711548,24.33820152282715,0.021228302270174026,0.42585956898307276,0.7857375642333309,0.00634421594440937,38.90397262573242,181.2527618408203,72.86377716064453,238.3036651611328,0.4693512385353407,-14.303665161132812,,,,0.8251646490808078
C:\My_Project\AIGC\sd2.1\ff\236\825_369.png,fake,df40_sd21,512,512,262144,0.09435091782462096,0.04365439713001251,0.005710719618946314,0.13081659376621246,0.00027148050139658153,-4.243176379058072,1.2525782178085338,0.3698977530002594,151.02853393554688,417.6377258300781,1.9157776630393888,0.189690262215776,5.110851800554014,0.6289761980218547,0.13731690890829693,4.855190277099609,19.859973907470703,0.005898259114474058,0.4101401133030898,0.7800779833503226,-0.013797380030155182,30.87557601928711,195.3180389404297,22.662391662597656,218.8950958251953,0.6431160151900013,5.1049041748046875,,,,0.7689081370469353
C:\My_Project\AIGC\sd2.1\ff\561\036_000.png,fake,df40_sd21,512,512,262144,0.09377822643275159,0.06642865389585495,0.002599996980279684,0.03913969174027443,0.00016237453382927924,-4.265126549045305,0.9313224353411259,-0.051250506192445755,94.46167755126953,368.9631042480469,1.8947877442239656,0.18593080338712833,3.240584314404427,0.730051111152014,0.1687562886200779,2.6216907501220703,20.4229679107666,0.039951395243406296,0.47055166809308085,0.6951334563629947,-0.07811148464679718,39.74095153808594,163.9005126953125,62.165069580078125,213.18760681152344,0.37370240647933595,10.812393188476562,49.36928939819336,8.459121704101562,19.498519897460938,0.8204901010891064
C:\My_Project\AIGC\sd2.1\ff\599\821_163.png,fake,df40_sd21,512,512,262144,0.05994357142001078,0.0908873900771141,0.006896541453897953,0.07588006556034088,0.0003206661785952747,-4.296880290168036,1.4632014592619789,-0.26405394077301025,109.39443969726562,284.247802734375,1.803571219854612,0.20255297812160383,3.692818559556781,0.6988380424298405,0.2131150135210778,3.596540689468384,17.346027374267578,0.006859895307570696,0.4637478176120369,0.7360892139527082,0.013581239618360996,52.44004440307617,179.7516632080078,71.02788543701172,219.37103271484375,0.37639122725125923,4.62896728515625,,,,0.7975028394278496
C:\My_Project\AIGC\sd2.1\cdf\YouTube-real\00246\Celeb-real_id11_0003_211.png,fake,df40_sd21,512,512,262144,0.11928312722477968,0.11561056226491928,0.0024141166359186172,0.020881453529000282,0.00019740051357075572,-3.8279590525545037,0.5195454417587975,-0.10275747627019882,64.48607635498047,184.58572387695312,2.076443887321028,0.14795240110677763,2.258435191597414,0.732184956123731,0.2340148030032181,2.285411834716797,82.44315338134766,0.014939322136342525,0.46933420804493914,0.7444959860835165,0.0503394640982151,81.5027084350586,188.73367309570312,69.98833465576172,200.6077880859375,0.2791464045512572,23.3922119140625,45.141845703125,17.21172332763672,65.29618835449219,0.8455292935330121
C:\My_Project\AIGC\sd2.1\cdf\Celeb-real\id24_0008\Celeb-real_id46_0004_079.png,fake,df40_sd21,512,512,262144,0.10853823573113161,0.09582178294658661,0.0070213135331869125,0.07327470928430557,0.0006494621047750115,-4.404356195729587,1.6048231167221487,-0.062171876430511475,300.4550476074219,1250.9793701171875,1.9315072076415956,0.17472368992650975,8.48105407433055,0.7233431528747225,0.2296052226990735,4.8247575759887695,297.6020812988281,0.030453095212578773,0.46599557059583563,0.7905811625743893,-0.015234061516821384,61.27086639404297,157.55990600585938,74.29924011230469,182.77688598632812,0.2081714034709908,41.223114013671875,37.47235870361328,2.3781700134277344,11.67279052734375,0.7813475980829736
C:\My_Project\AIGC\sd2.1\ff\065\324_241.png,fake,df40_sd21,512,512,262144,0.14702189452031114,0.05983419716358185,0.0010844309581443667,0.01812393218278885,7.620259566465393e-05,-4.442162973953832,0.7887458995811601,-0.560088038444519,105.22959899902344,279.5343933105469,1.6190498493160403,0.2483309015339983,3.598022276084946,0.7077217830918661,0.17979378313889366,2.5935001373291016,71.81639099121094,0.043875936418771744,0.46241096123251707,0.6630093830284994,0.07070386409759521,34.7088737487793,178.242431640625,105.4242172241211,260.3544616699219,0.4431937422345176,-36.354461669921875,,,,0.8299463556340925
C:\My_Project\AIGC\sd2.1\cdf\Celeb-real\id16_0008\Celeb-real_id44_0001_222.png,fake,df40_sd21,512,512,262144,0.018285486481570436,0.14620281755924225,0.003769546514376998,0.0257829949259758,4.057306796312332e-05,-3.97918197870392,0.835032644852681,-0.8570167422294617,18.335529327392578,57.569087982177734,1.4995940665312357,0.29541580203372897,0.6903944482917819,0.858459212045819,0.5373781178349873,0.9465435743331909,37.60133743286133,0.13545508682727814,0.4343150736942307,0.7456804150932764,0.20798510313034058,-65.94295501708984,102.71772766113281,43.20051574707031,229.6450653076172,0.6267112765169713,-65.94295501708984,,,,0.8329156436389837
C:\My_Project\AIGC\sd2.1\ff\506\353_299.png,fake,df40_sd21,512,512,262144,0.0531343692371246,0.06984754651784897,0.0015485985204577446,0.022171122953295708,6.629218114539981e-05,-4.194918677298264,0.740860521602177,-0.5154194235801697,54.41303253173828,113.91439819335938,1.6363454145826293,0.25730693742465294,1.9570844875346256,0.6764886943788118,0.15955415178101146,2.351987361907959,51.97931671142578,0.02382807619869709,0.42845492387888284,0.7906880645905803,0.04322018101811409,51.74076461791992,184.4242401123047,24.031539916992188,176.24493408203125,0.402507217686027,24.031539916992188,42.75337600708008,4.782684326171875,44.75366973876953,0.8183106465758101
C:\My_Project\AIGC\sd2.1\cdf\Celeb-real\id47_0001\YouTube-real_00218_046.png,fake,df40_sd21,512,512,262144,0.0788559953256719,0.11172018945217133,0.003551035886630416,0.031785085797309875,0.0001705362810753286,-4.06494858772301,0.8799355576620416,-0.35600441694259644,42.680843353271484,154.90191650390625,1.713811598229407,0.23114409281878806,1.557803554939981,0.7476006735075273,0.18239613159666865,1.7806527614593506,35.196598052978516,0.33757248520851135,0.37217954360298444,0.8943010106237266,-0.6364942193031311,0.6801624298095703,134.4743194580078,37.40415954589844,201.19082641601562,0.4367366674574628,0.6801624298095703,,,,0.820075345094665
C:\My_Project\AIGC\sd2.1\cdf\Celeb-real\id33_0006\Celeb-real_id5_0006_157.png,fake,df40_sd21,512,512,262144,0.10266897502521358,0.1777060329914093,0.0061873141676187515,0.03481769561767578,0.0003529319365043193,-3.9014659484526426,0.9635967121682352,0.05385180935263634,59.44622802734375,164.47006225585938,1.6806094895952173,0.25598782829719996,2.111781221144966,0.671284084745497,0.13136371787671808,2.172722339630127,43.78901290893555,0.08969730138778687,0.43276094290451683,0.8973654476876055,-0.13261394202709198,20.770427703857422,154.3397216796875,64.36974334716797,212.3829345703125,0.39401342177106474,11.6170654296875,27.54231834411621,14.102783203125,27.883201599121094,0.8225417868129448
C:\My_Project\AIGC\sd2.1\cdf\Celeb-real\id11_0008\YouTube-real_00248_077.png,fake,df40_sd21,512,512,262144,0.1072040154615555,0.13592000305652618,0.00448191212490201,0.03297463431954384,0.0003754272183869034,-4.3034384309204015,1.3771538873411884,-0.2678411900997162,100.33773040771484,255.0509490966797,1.7269395720900245,0.22430833485264526,3.467787107571557,0.6911922521883986,0.1370257107207864,2.854975461959839,32.18621063232422,0.09465182572603226,0.4373569845974637,0.778073262374663,-0.15163400769233704,95.65889739990234,198.62799072265625,60.02777099609375,182.93539428710938,0.2522258955024408,25.37200927734375,39.94021987915039,7.143642425537109,2.7744598388671875,0.8463383943554277
C:\My_Project\AIGC\sd2.1\cdf\YouTube-real\00068\YouTube-real_00236_436.png,fake,df40_sd21,512,512,262144,0.028170144476105104,0.10378905385732651,0.0027625616639852524,0.026617081835865974,4.167782753938809e-05,-3.8143102055435967,0.5548046431582945,-0.7511630058288574,17.370447158813477,39.55683517456055,1.8310332736798314,0.19466961706146407,0.7113732109879962,0.7997959233256049,0.22794343688591917,1.3010776042938232,30.92003059387207,0.1349128931760788,0.4041927100522795,0.8297806573631525,0.21205836534500122,35.90948486328125,157.46380615234375,56.31379318237305,188.0257110595703,0.31907989443645274,35.90948486328125,21.015064239501953,3.5457515716552734,4.6617584228515625,0.822090238279209
C:\My_Project\AIGC\sd2.1\ff\564\705_274.png,fake,df40_sd21,512,512,262144,0.09618951976969643,0.07739804685115814,0.002986152656376362,0.03858175501227379,0.00021917179401498288,-4.343103706618546,1.187477122856575,-0.21281872689723969,102.8981704711914,288.939208984375,1.7085466235874396,0.2393575419688513,3.5585659048938103,0.6782285068572713,0.1576619181278477,3.142423629760742,20.908571243286133,0.04750008508563042,0.4249161595137645,0.6500639539530773,0.08009039610624313,33.8386116027832,189.8369903564453,10.202583312988281,202.7064208984375,0.5984990148116304,10.202583312988281,37.65010452270508,9.423625946044922,41.302146911621094,0.836756824387642
C:\My_Project\AIGC\sd2.1\cdf\YouTube-real\00130\Celeb-real_id31_0004_179.png,fake,df40_sd21,512,512,262144,0.10158203328550244,0.11017534136772156,0.004026765935122967,0.03654870763421059,0.00017329481488559395,-3.590989174988012,0.33198358266366107,0.32577112317085266,59.675228118896484,120.17948913574219,2.087259583980918,0.1510971209149915,2.0831333679593715,0.6686972795291025,0.13279993009289057,2.6370930671691895,120.68390655517578,0.20310239493846893,0.43705510661739305,0.9178036530660463,0.305155873298645,25.45037269592285,221.89569091796875,43.14638900756836,275.80841064453125,0.9109009263125339,-51.80841064453125,,,,0.8133688885923895
C:\My_Project\AIGC\sd2.1\cdf\Celeb-real\id22_0002\Celeb-real_id46_0008_029.png,fake,df40_sd21,512,512,262144,0.11436071937071243,0.18067656457424164,0.00842450000345707,0.04662752151489258,0.0006139593315310776,-4.01171252576841,1.2932388969234359,0.170167475938797,54.4035530090332,119.6642074584961,1.7006377138122817,0.24038898224931912,1.9323658240997224,0.7027873264479462,0.13014143139263418,1.947100281715393,43.768795013427734,0.2975035607814789,0.41165848681473033,0.934006681584463,0.519806444644928,12.683167457580566,168.57785034179688,45.81943893432617,227.8289031982422,0.5654956097207686,-3.8289031982421875,,,,0.8060429413828878
C:\My_Project\AIGC\sd2.1\ff\709\071_408.png,fake,df40_sd21,512,512,262144,0.12532525490883814,0.11575347930192947,0.004474736750125885,0.03865747153759003,0.00035408002440817654,-3.7324351766132513,0.6025236338335744,0.5727657675743103,126.17757415771484,327.1272888183594,2.1415545453888822,0.1382377073199786,4.280008367959373,0.6753161217786714,0.13097349854991547,3.5127525329589844,89.20674896240234,0.02890040911734104,0.4528037152148217,0.691194496199599,-0.04036463797092438,44.9919319152832,194.79666137695312,29.646175384521484,202.8109130859375,0.5169981003599661,21.1890869140625,37.01982116699219,15.403579711914062,58.78307342529297,0.8285327631491946
C:\My_Project\AIGC\sd2.1\cdf\Celeb-real\id8_0006\Celeb-real_id5_0001_268.png,fake,df40_sd21,512,512,262144,0.10872125774933865,0.12158051133155823,0.0051436698995530605,0.04230669513344765,0.0004752616223413497,-3.8555501674675594,0.7959141160706427,0.692216694355011,160.94754028320312,379.6897277832031,2.017070147145865,0.17098473529426414,5.4499469067405295,0.5990702328929773,0.11990753584600876,4.288394927978516,39.714759826660156,0.03018612042069435,0.4651018544453649,0.7690279969917445,0.04418403282761574,6.329917907714844,208.52322387695312,14.384127616882324,246.4181365966797,0.9350231858442513,-22.418136596679688,,,,0.8293583522051478
C:\My_Project\AIGC\sd2.1\ff\015\209_227.png,fake,df40_sd21,512,512,262144,0.06823749112569452,0.026787420734763145,0.000706054677721113,0.02635769546031952,4.021390850539319e-05,-4.4094098446009795,0.5852436697625265,-0.1489810049533844,105.21810150146484,382.79681396484375,1.7032868704562607,0.2406455814118487,3.608653335641738,0.6937711743308477,0.17402962940024375,2.823781967163086,45.464569091796875,0.028302624821662903,0.4516234824641121,0.825015651616949,0.056643515825271606,44.23299789428711,175.35696411132812,62.46117401123047,219.38653564453125,0.41008999954962283,4.61346435546875,,,,0.8243581465676897
C:\My_Project\AIGC\sd2.1\cdf\Celeb-real\id54_0009\Celeb-real_id51_0005_382.png,fake,df40_sd21,512,512,262144,0.06309903534491726,0.15113134682178497,0.004642019979655743,0.030715135857462883,0.000131884531583637,-3.857154738792303,0.851121481211727,-0.6623724102973938,18.32805824279785,43.23779296875,1.8027669319969177,0.20127936414458864,0.7387944367497692,0.7966655303084196,0.19683834266807984,1.202438473701477,246.18167114257812,0.07923592627048492,0.4270378385869551,0.796869527773835,-0.10897485911846161,-4.462618827819824,178.67697143554688,9.481435775756836,228.9541015625,0.8010629401744452,-4.9541015625,,,,0.8342680370724906
C:\My_Project\AIGC\sd2.1\cdf\Celeb-real\id7_0009\Celeb-real_id25_0004_147.png,fake,df40_sd21,512,512,262144,0.05509982106988681,0.08050010353326797,0.002132355235517025,0.026488851755857468,7.398331945296377e-05,-4.044154607682637,0.6515565078404685,-0.19518037140369415,58.43928527832031,157.82826232910156,2.0289871996347895,0.15945705459893417,2.0636957525392434,0.7427245840118738,0.19698211587900227,2.30488657951355,53.899200439453125,0.03007405810058117,0.4087407117511683,0.8381435055761655,-0.042526982724666595,46.3521728515625,158.7431182861328,40.66571807861328,171.67361450195312,0.29344908598559927,40.66571807861328,35.97743606567383,26.728534698486328,8.771331787109375,0.8285472311631032
C:\My_Project\AIGC\sd2.1\ff\413\996_100.png,fake,df40_sd21,512,512,262144,0.14469987081432062,0.0670880526304245,0.003092763014137745,0.046100057661533356,0.00029358413303270936,-4.363263070229647,1.131979937754406,0.19461283087730408,143.63243103027344,367.0435791015625,1.794478088973793,0.21957292203255763,4.888161645891036,0.6547429359915538,0.12071510626195789,3.8882758617401123,20.28941535949707,0.10165639221668243,0.4626197290752903,0.7693238072755273,-0.1739557683467865,39.759521484375,171.36643981933594,56.933387756347656,206.53280639648438,0.3923851736274336,17.467193603515625,49.520931243896484,18.765060424804688,56.078392028808594,0.810612371503332
C:\My_Project\AIGC\sd2.1\cdf\Celeb-real\id43_0001\Celeb-real_id24_0007_207.png,fake,df40_sd21,512,512,262144,0.0875661505185111,0.21347680687904358,0.0017595094395801425,0.00824215728789568,7.304809696506709e-05,-3.599848212711747,0.4713505073313504,-0.17484647035598755,40.193363189697266,81.1587905883789,2.073071643544485,0.1516525232012398,1.4371468144044321,0.7367985182579203,0.1936017548305425,1.6608078479766846,8.729118347167969,0.08899883180856705,0.4444553247139624,0.6946753542425504,0.13298249244689941,48.960792541503906,182.1130828857422,56.864994049072266,219.67442321777344,0.43204815815231573,4.3255767822265625,,,,0.8519282210173174
C:\My_Project\AIGC\sd2.1\cdf\YouTube-real\00075\Celeb-real_id41_0001_000.png,fake,df40_sd21,512,512,262144,0.05929589574096843,0.06090226024389267,0.001660569803789258,0.027266142889857292,4.061453728354536e-05,-4.059464484313645,0.5046467717303944,-0.42955896258354187,32.00923156738281,79.48281860351562,1.750006491109164,0.2203846748348873,1.141275680978763,0.8065069932294517,0.4780859830244648,1.5563457012176514,18.24335289001465,0.03079604171216488,0.4473082675906924,0.6326728300086433,0.035264771431684494,81.0574722290039,191.95559692382812,83.4723892211914,207.3683624267578,0.2738327305033782,16.631637573242188,32.90104675292969,2.660005569458008,15.889930725097656,0.829902136209725
C:\My_Project\AIGC\sd2.1\ff\875\166_706.png,fake,df40_sd21,512,512,262144,0.0645774913272833,0.060546763241291046,0.002267450327053666,0.03744956851005554,0.00010042187932413071,-4.248959810003756,0.906406912003408,-0.3365551829338074,71.46463775634766,184.6698455810547,1.7084914518656997,0.23676761434953045,2.535000577100645,0.7011727289244719,0.1826700032495545,2.614222526550293,24.342992782592773,0.06297617405653,0.43329417601576703,0.7745148026109108,0.10919667035341263,23.545631408691406,208.8186798095703,-0.1127629280090332,204.9332275390625,0.757124834905371,-0.1127629280090332,,,,0.8137932179686445
C:\My_Project\AIGC\sd2.1\ff\708\439_267.png,fake,df40_sd21,512,512,262144,0.05653907220939265,0.068266861140728,0.0025127900298684835,0.03680834174156189,0.00010282976290909573,-4.018231616251978,0.6756299667965698,0.24497832357883453,79.03282928466797,196.91651916503906,1.9259633718879097,0.19136682960799412,2.75876096491228,0.6643174490304031,0.14697445595684577,2.9930543899536133,40.300819396972656,0.013697684742510319,0.44604591659453824,0.8363790144220794,-0.02811955288052559,50.19075393676758,196.25039672851562,52.00175094604492,222.45562744140625,0.49618208532727226,1.54437255859375,,,,0.8377642645456973
C:\My_Project\AIGC\sd2.1\ff\405\485_413.png,fake,df40_sd21,512,512,262144,0.0796215223373745,0.06016870215535164,0.00233126780949533,0.03874552249908447,0.00010622868285281584,-4.292787174056463,0.9411861334289533,-0.3628588616847992,82.8945083618164,215.96234130859375,1.760909092179564,0.2131455535443809,2.8487638504155095,0.7136760441377528,0.16326151142633846,2.659954786300659,32.58858108520508,0.07059407979249954,0.45892451789490096,0.7236361815529024,0.09806064516305923,40.10593795776367,189.26312255859375,64.6806640625,236.2213134765625,0.5099354334980787,-12.2213134765625,,,,0.8406685552398194
C:\My_Project\AIGC\DiT\cdf\Fake_from_Celeb-real\id53_0000\26587.png,fake,df40_dit,256,256,65536,0.12202846851202852,0.10520892590284348,0.0026712939143180847,0.025390375405550003,0.0002225333300884813,-3.90921415979702,0.6506109263446263,-0.28550997376441956,33.20855712890625,80.09520721435547,1.897390521309261,0.1832784400885923,1.2362280701754373,0.7464746350806388,0.2037449377761757,1.8082609176635742,150.78604125976562,0.19187197089195251,0.44579261330396175,0.6743633496425064,-0.3246898949146271,65.7286605834961,182.4905548095703,72.33381652832031,205.86952209472656,0.3107438203274258,18.130477905273438,23.380529403686523,2.503314971923828,20.811859130859375,0.8107951974889716
C:\My_Project\AIGC\DiT\cdf\Fake_from_Celeb-real\id16_0012\17946.png,fake,df40_dit,256,256,65536,0.11584357550330257,0.09314572811126709,0.004404115490615368,0.04728199169039726,0.00023175457317847759,-4.081341976829834,0.8910819558875701,0.030133215710520744,75.87882995605469,212.478271484375,1.9018393079927836,0.18370220354327257,2.63723309095106,0.7167978610795548,0.14191943698411572,2.6805880069732666,26.00147819519043,0.07065131515264511,0.42914516900908073,0.7195078865483894,0.12101821601390839,44.87397766113281,168.41285705566406,61.00727844238281,206.50537109375,0.3582324481862162,17.49462890625,38.761138916015625,10.942710876464844,3.1573104858398438,0.8002624190027774
C:\My_Project\AIGC\DiT\cdf\Fake_from_Celeb-real\id60_0002\21572.png,fake,df40_dit,256,256,65536,0.15281525676516733,0.04189200699329376,0.002606217749416828,0.06221276521682739,0.0001653869403526187,-4.057985730146112,0.6315477088371061,-0.09694282710552216,55.724815368652344,131.45713806152344,1.9105125400185168,0.18561431220649233,1.9711042820867937,0.6894797643438835,0.14908097582313443,2.780726909637451,13.952653884887695,0.020792745053768158,0.4066431694673123,0.7920038477718627,0.026946671307086945,51.194515228271484,169.07260131835938,64.1695785522461,198.03134155273438,0.3144803974637775,25.968658447265625,38.21860885620117,2.0691452026367188,21.51714324951172,0.8047752216576498
C:\My_Project\AIGC\DiT\cdf\Fake_from_Youtube-real\00014\6566.png,fake,df40_dit,256,256,65536,0.22688264955591433,0.06290341168642044,0.0030096874106675386,0.04784616827964783,0.0003104188363067806,-4.135613739110658,0.8127568905560247,-0.24628545343875885,54.379486083984375,136.48208618164062,1.726925469008933,0.22669988391499676,1.8901364843028587,0.7482542077901706,0.358133674329013,2.2109880447387695,22.20378875732422,0.28987449407577515,0.4161087301360028,0.753327864529237,0.5096052885055542,30.770112991333008,149.84910583496094,67.12930297851562,203.52890014648438,0.3237070841645066,20.471099853515625,40.20820999145508,1.2954139709472656,34.09857177734375,0.8463219341990857
C:\My_Project\AIGC\DiT\cdf\Fake_from_Celeb-real\id31_0007\22629.png,fake,df40_dit,256,256,65536,0.1849274209308611,0.10393679887056351,0.002490933984518051,0.023965852335095406,0.00025133107556030154,-3.9832669960855265,0.6581828564054812,-0.28645631670951843,37.427127838134766,90.8931655883789,1.8646952917488007,0.19029078151920548,1.368540223915051,0.7435329579324754,0.2066784358300412,1.8446695804595947,56.44269943237305,0.08441027998924255,0.45626295253203897,0.7741782482829602,0.13318604230880737,49.10411071777344,162.74920654296875,65.03398132324219,198.9362030029297,0.30327907393962517,25.063796997070312,30.511993408203125,9.116874694824219,27.60318374633789,0.8224759589177175
C:\My_Project\AIGC\DiT\cdf\Fake_from_Celeb-real\id23_0007\11307.png,fake,df40_dit,256,256,65536,0.11750915627223227,0.1057436540722847,0.0029526972211897373,0.027923163026571274,0.0001619088143343106,-4.263660656692905,1.0317463203112744,-0.10290985554456711,104.63155364990234,330.9805603027344,1.7905094588841473,0.20509208415459218,3.5519208795013792,0.7316954074786353,0.3072364927269131,2.5415942668914795,40.34954833984375,0.2973368763923645,0.402035959161402,0.7965626377557002,0.5057610273361206,29.774757385253906,149.56614685058594,62.1862907409668,203.76837158203125,0.3380164657873102,20.23162841796875,42.20559310913086,27.636178970336914,11.691474914550781,0.8410070096284983
C:\My_Project\AIGC\DiT\ff\220\18228.png,fake,df40_dit,256,256,65536,0.14427167396760732,0.024323737248778343,0.0016420374158769846,0.06750760972499847,0.00011637967691058293,-4.282789735563426,0.8025144558237544,0.7532997727394104,225.6616668701172,820.5338134765625,1.948300433528761,0.17318009436502899,7.5506907894736806,0.6945878719765054,0.16083265490657486,4.3329854011535645,23.021696090698242,0.03608435019850731,0.42901133242191225,0.8256355596283023,-0.03308740258216858,52.625125885009766,174.27613830566406,63.43502426147461,201.45419311523438,0.3346255505523978,22.545806884765625,59.75179672241211,35.72430419921875,29.05077362060547,0.8228667977885351
C:\My_Project\AIGC\DiT\cdf\Fake_from_Celeb-real\id59_0008\9333.png,fake,df40_dit,256,256,65536,0.09077584808472779,0.05199327692389488,0.0017507635056972504,0.03367288410663605,5.996981053613126e-05,-4.062929814724906,0.5154228330433898,-0.2745116353034973,40.9412727355957,118.63446044921875,1.875840936894863,0.18493108896353203,1.472306671283472,0.7673664351563472,0.21175174310408013,1.9245871305465698,30.380990982055664,0.21538081765174866,0.430992818168052,0.8580489029006636,-0.34718140959739685,68.15505981445312,183.43211364746094,60.540584564208984,205.2074432373047,0.3323654586876313,18.792556762695312,31.057655334472656,9.862030029296875,19.538116455078125,0.8140179086947512
C:\My_Project\AIGC\DiT\cdf\Fake_from_Youtube-real\00289\27470.png,fake,df40_dit,256,256,65536,0.15174821758228957,0.06411963701248169,0.003884743433445692,0.060585860162973404,0.00029644035384990275,-3.9968310529036826,0.7449491062720742,-0.18491221964359283,38.53957748413086,119.83858489990234,1.8662561630833145,0.1887878019181156,1.3707897622345324,0.7702312065562079,0.27166425615613976,2.0172674655914307,18.420284271240234,0.2101951390504837,0.4086072608993548,0.7892693394508644,0.34174418449401855,36.723846435546875,158.45274353027344,64.51914978027344,201.4467010498047,0.3321914819419975,22.553298950195312,29.38423728942871,0.1810321807861328,6.948612213134766,0.807843974490531
C:\My_Project\AIGC\DiT\cdf\Fake_from_Celeb-real\id29_0006\20335.png,fake,df40_dit,256,256,65536,0.21613529089418065,0.10336938500404358,0.0055032516829669476,0.053238701075315475,0.0007550129666924477,-4.0943679842228065,1.0858493752111473,-0.2043299376964569,49.018917083740234,160.4130096435547,1.7974363783538314,0.2034638812769358,1.7055831602031395,0.7692500836060157,0.33812600905024287,2.016263008117676,18.590042114257812,0.09867219626903534,0.43653475211501475,0.8295193196108248,0.16058024764060974,46.09599304199219,164.21849060058594,61.934303283691406,203.06373596191406,0.33224173044840316,20.936264038085938,27.48178482055664,3.5127944946289062,18.573680877685547,0.8241557403465194
C:\My_Project\AIGC\DiT\cdf\Fake_from_Celeb-real\id26_0007\11812.png,fake,df40_dit,256,256,65536,0.18735119329209604,0.12843722105026245,0.009200367145240307,0.07163318246603012,0.0013908601831644773,-4.054793660374296,1.3046266250856318,0.06781727075576782,61.4919319152832,245.497802734375,1.9558033959425243,0.16837112906573964,2.1483745960295453,0.7571493191389727,0.2298445267071428,2.4250197410583496,22.327465057373047,0.31594598293304443,0.33767166484869904,0.8747824407116588,-0.5499892830848694,76.85057067871094,195.249267578125,68.46043395996094,210.5328826904297,0.33524379773190993,13.467117309570312,34.55132293701172,14.53226089477539,8.948638916015625,0.8292733018080867
C:\My_Project\AIGC\DiT\cdf\Fake_from_Celeb-real\id35_0009\23504.png,fake,df40_dit,256,256,65536,0.10619614425615913,0.0747331753373146,0.003275788389146328,0.04383312165737152,0.00022408585937228054,-4.370857169245996,1.1971090268646214,0.4091385304927826,228.48175048828125,664.8048095703125,1.738258691253502,0.23207664092547295,7.654118767313008,0.7186456511293364,0.3006720796803424,4.1212477684021,35.846317291259766,0.10374768078327179,0.4462227377573895,0.750359911471812,0.1580161601305008,49.29828643798828,161.32777404785156,62.731727600097656,199.6676025390625,0.30574091009288407,24.3323974609375,66.6229019165039,17.190776824951172,19.22600555419922,0.8181525389597155
C:\My_Project\AIGC\DiT\ff\220\5253.png,fake,df40_dit,256,256,65536,0.07955620296089398,0.10915558785200119,0.007895788177847862,0.07233517616987228,0.00028643730911426246,-4.088424507105744,1.1979272765751625,0.22959651052951813,85.1024398803711,258.3764343261719,1.9641175539030855,0.17035170368034114,2.906367151431208,0.7003009381415101,0.1589208010597812,3.076791286468506,18.01186752319336,0.13991647958755493,0.40971412611309466,0.8049292679019147,0.23539279401302338,39.72993469238281,164.9718017578125,59.55304718017578,205.24002075195312,0.3636421511726982,18.759979248046875,38.507225036621094,29.106367111206055,14.574722290039062,0.8294906995630669
C:\My_Project\AIGC\DiT\ff\695\8806.png,fake,df40_dit,256,256,65536,0.05374676661537155,0.027484746649861336,0.0037428513169288635,0.13617920875549316,0.00012034299288643524,-4.074302009114142,0.8490476112341407,0.41678598523139954,101.85803985595703,209.21102905273438,1.9171264797749306,0.19190689207662495,3.502797495383194,0.6119366265574597,0.16013805270783432,4.362545967102051,19.24448013305664,0.10447420179843903,0.4505084968576766,0.6923850289684302,0.17026320099830627,48.91118621826172,161.87867736816406,67.0748291015625,197.09559631347656,0.29273198081384355,26.904403686523438,49.60378646850586,1.2238311767578125,3.4475479125976562,0.8177389781596105
C:\My_Project\AIGC\DiT\cdf\Fake_from_Celeb-real\id33_0008\24852.png,fake,df40_dit,256,256,65536,0.17298390428505564,0.058025725185871124,0.0017950348556041718,0.03093515709042549,0.000173595457454212,-4.039221114691769,0.5201494866799644,-0.129128560423851,48.229732513427734,96.04944610595703,1.8834754657822086,0.19240111700945323,1.7206174976915976,0.6821212449189097,0.15947447327402295,2.4967591762542725,25.580150604248047,0.033778052777051926,0.4222915094712494,0.7003754924405001,0.034757718443870544,51.107051849365234,169.00692749023438,66.02127075195312,204.05526733398438,0.3243421363048796,19.944732666015625,34.74351501464844,8.186649322509766,20.696990966796875,0.7950866188573436
C:\My_Project\AIGC\DiT\cdf\Fake_from_Celeb-real\id11_0006\24016.png,fake,df40_dit,256,256,65536,0.0971887228443635,0.1132059246301651,0.00633639981970191,0.05597233772277832,0.00037596674519591033,-3.7017245545422397,0.6797116724569351,-0.45527100563049316,13.986665725708008,51.1395378112793,1.9054532772958463,0.1779539735056072,0.5848586103416433,0.8338169458315408,0.27767117660607415,1.2608267068862915,17.698774337768555,0.33393043279647827,0.3395374981790596,0.881062255643216,-0.7383338212966919,83.38095092773438,208.42599487304688,66.17008972167969,201.874267578125,0.33819226091401683,15.574005126953125,13.45421314239502,1.7617053985595703,2.2799835205078125,0.8275730788500368
C:\My_Project\AIGC\DiT\cdf\Fake_from_Youtube-real\00023\12195.png,fake,df40_dit,256,256,65536,0.1698485081291311,0.09553981572389603,0.004246234893798828,0.04444466158747673,0.000352380215190351,-3.9880795854832547,0.8774336400327177,-0.20559275150299072,47.097774505615234,137.10232543945312,1.9147949456514861,0.1765737950628075,1.6447201061865182,0.7665221292162232,0.27040024246984995,2.0219926834106445,20.467079162597656,0.014305775985121727,0.44197291670732647,0.7942812193810473,-0.007945734076201916,52.91065216064453,170.5509033203125,67.57434844970703,208.0618438720703,0.32938026638790496,15.938156127929688,31.84174346923828,17.176658630371094,24.13599395751953,0.8144963060316002
C:\My_Project\AIGC\DiT\cdf\Fake_from_Celeb-real\id55_0007\3851.png,fake,df40_dit,256,256,65536,0.0710279683719379,0.12640248239040375,0.007733525242656469,0.061181746423244476,0.00038216373650357127,-4.12895187684081,1.3208891252146673,0.009978472255170345,72.70637512207031,242.77967834472656,1.9437895607348776,0.171019944584603,2.5248381232686974,0.7487436815084011,0.23772247794948018,2.573261022567749,26.50551986694336,0.2834694981575012,0.37739375992811003,0.8116731464868897,0.4634172320365906,29.4899845123291,151.62582397460938,62.76689910888672,204.14227294921875,0.3441286663600656,19.85772705078125,25.555341720581055,16.185441970825195,0.11615753173828125,0.833919715255405
C:\My_Project\AIGC\DiT\cdf\Fake_from_Celeb-real\id16_0006\18374.png,fake,df40_dit,256,256,65536,0.14447719788045219,0.10910055786371231,0.005476734600961208,0.050198957324028015,0.00039084639865905046,-4.231387590033023,1.2221023623548097,0.06236977130174637,114.79150390625,345.24517822265625,1.8630840866122025,0.19541750268010682,3.925663088642657,0.6616229511644268,0.14130727269793947,3.256559371948242,25.94439125061035,0.04376284405589104,0.4225976909976604,0.8173603620513735,-0.06455308943986893,54.90615463256836,175.7665252685547,60.24340057373047,203.80743408203125,0.34580680603895075,20.19256591796875,42.542510986328125,11.447654724121094,2.6162185668945312,0.817741090781027
C:\My_Project\AIGC\DiT\cdf\Fake_from_Youtube-real\00070\22616.png,fake,df40_dit,256,256,65536,0.16408583128733953,0.13153959810733795,0.0025281512644141912,0.019219698384404182,0.00020075260545127094,-3.905216259985707,0.6433120639867884,-0.4191747009754181,33.05381393432617,64.94190216064453,1.8247485382751776,0.2062823261036966,1.231624826869805,0.7221370171939429,0.194442785934622,1.7820017337799072,29.150651931762695,0.024750182405114174,0.4653450325013018,0.7790314387950309,-0.020478064194321632,49.747379302978516,174.4871063232422,63.00535583496094,206.06307983398438,0.3556477487200735,17.936920166015625,27.057493209838867,0.036834716796875,22.263912200927734,0.8234783394809106
C:\My_Project\AIGC\DiT\ff\423\297.png,fake,df40_dit,256,256,65536,0.0575141543103657,0.1287628561258316,0.006872105877846479,0.05337024852633476,0.00020232339738868177,-3.994818367421491,1.0694027752565802,-0.15321017801761627,38.09321975708008,147.66741943359375,1.8103536286263437,0.20181530766167377,1.3536469875346264,0.8161502322186471,0.2916042767275737,1.6509158611297607,21.436491012573242,0.10488257557153702,0.4077938982495117,0.8324972770977441,-0.14391523599624634,59.122535705566406,178.6675262451172,63.98579025268555,204.04052734375,0.3336822827760398,19.95947265625,22.94244956970215,7.93535041809082,5.9315948486328125,0.8359723921477737
C:\My_Project\AIGC\DiT\cdf\Fake_from_Youtube-real\00151\16112.png,fake,df40_dit,256,256,65536,0.15088019295360228,0.11238673329353333,0.003028872422873974,0.026950443163514137,0.00021693571761716157,-3.83958182286896,0.577195247859543,-0.3157636225223541,25.536781311035156,49.872215270996094,1.8729565353510815,0.19117279799468118,0.9961839219759925,0.7421827293382581,0.1834158851696837,1.663783311843872,683.4882202148438,0.21221256256103516,0.4170256019102202,0.8335448759935479,0.33610469102859497,34.88895034790039,159.3663330078125,67.21797180175781,205.12680053710938,0.34212631630003665,18.873199462890625,25.70731544494629,3.1202964782714844,22.909008026123047,0.8172946134839094
C:\My_Project\AIGC\DiT\cdf\Fake_from_Youtube-real\00274\18511.png,fake,df40_dit,256,256,65536,0.2431412872400031,0.029398305341601372,0.0022764678578823805,0.07743534445762634,0.00035033206222578883,-4.087828580929367,0.6794250605503255,0.1099553182721138,62.627716064453125,194.6158905029297,1.9204032880867228,0.17802328231284043,2.15915801015697,0.7601801539668419,0.27769891171397,2.634247064590454,24.070362091064453,0.032557737082242966,0.4398347171000479,0.7590454426364139,-0.05411035567522049,63.563838958740234,160.58213806152344,77.14604187011719,186.00167846679688,0.2104788885196218,37.998321533203125,38.550872802734375,4.417442321777344,12.872322082519531,0.6130889100174954
C:\My_Project\AIGC\DiT\cdf\Fake_from_Youtube-real\00220\7427.png,fake,df40_dit,256,256,65536,0.07562859803126971,0.08453832566738129,0.005460656713694334,0.0645938590168953,0.00022730253112968057,-4.07271008367257,1.0143090230102083,0.0327434204518795,72.3242416381836,197.294189453125,1.9131487843805632,0.17855253461895756,2.5023254270544784,0.7149203620641884,0.18395131446811633,2.732272148132324,14.54593563079834,0.010934135876595974,0.4391192277803561,0.7419483643114495,0.005124587565660477,51.62036895751953,170.73484802246094,63.159629821777344,205.91378784179688,0.3388888545700923,18.086212158203125,31.24172592163086,0.4561920166015625,7.241050720214844,0.8132701492720287
C:\My_Project\AIGC\DiT\cdf\Fake_from_Youtube-real\00101\17088.png,fake,df40_dit,256,256,65536,0.2306630779965038,0.07833634316921234,0.0020518824458122253,0.02619323693215847,0.0002471949555911124,-4.112638346107881,0.6903537853897244,-0.26218411326408386,55.95339584350586,146.4683074951172,1.867833704183963,0.1862590588017932,1.9604443674976908,0.7444915950433916,0.2627817138046875,2.115868330001831,77.44255828857422,0.07131391763687134,0.4640075196055096,0.7072462025691082,-0.1227126494050026,59.198936462402344,174.7126007080078,63.47774887084961,199.30148315429688,0.31268927851168804,24.698516845703125,44.51280975341797,6.703258514404297,45.8388557434082,0.8165911958429106
C:\My_Project\AIGC\DiT\cdf\Fake_from_Celeb-real\id13_0015\13664.png,fake,df40_dit,256,256,65536,0.09541591939099946,0.07923362404108047,0.004219284281134605,0.05325118824839592,0.00019232620252296329,-3.868245458775251,0.6640992358961291,-0.35915398597717285,25.731618881225586,68.44974517822266,1.8911729406881819,0.18300201037882366,0.9712632733148658,0.798498822837002,0.23892148867573937,1.6833792924880981,18.739248275756836,0.3338249623775482,0.39340675102875006,0.7741753660436521,0.6563155055046082,34.61446762084961,140.81028747558594,69.73524475097656,212.52622985839844,0.30221232723509467,11.473770141601562,22.39997100830078,4.438175201416016,8.443046569824219,0.4540642520582878
C:\My_Project\AIGC\DiT\cdf\Fake_from_Youtube-real\00220\19406.png,fake,df40_dit,256,256,65536,0.155940486866882,0.049661580473184586,0.002521323738619685,0.050770103931427,0.00020692497491836548,-4.2044903921464805,0.8299323986747649,0.016342125833034515,94.13912963867188,290.0689392089844,1.920415392453477,0.17797991853115808,3.2705139081255705,0.7194003163360962,0.16966987437791536,2.8440279960632324,12.943670272827148,0.2714821398258209,0.41376701102423247,0.9694631347155044,-0.4561205506324768,71.90219116210938,189.90040588378906,64.25602722167969,211.87315368652344,0.3471491825812336,12.126846313476562,47.09799575805664,11.347892761230469,24.448577880859375,0.8239439106239992
C:\My_Project\AIGC\DiT\cdf\Fake_from_Youtube-real\00231\20788.png,fake,df40_dit,256,256,65536,0.18534192719752798,0.06029808148741722,0.0047811600379645824,0.07929207384586334,0.0005790235591121018,-4.144661449733193,1.0188266439396132,0.5707873702049255,166.2668914794922,482.3463439941406,1.8964975443094614,0.1948629043242277,5.713154143582637,0.6174956153070323,0.11940782402071909,4.6640496253967285,16.73286247253418,0.25749167799949646,0.40129211208616666,0.8513297408732746,-0.43922320008277893,69.32870483398438,190.52281188964844,64.22089385986328,210.4814453125,0.3532748112797217,13.5185546875,51.5516242980957,2.4952125549316406,13.129440307617188,0.7947262181072574
C:\My_Project\AIGC\DiT\cdf\Fake_from_Celeb-real\id45_0009\24057.png,fake,df40_dit,256,256,65536,0.11756018479785983,0.07181897759437561,0.002871888689696789,0.03998788073658943,0.00017446477431803942,-3.921150895637171,0.6338026426358977,-0.28099000453948975,33.68644714355469,101.47225189208984,1.9192840803124376,0.1749754353197154,1.2399748961218842,0.7736175122600348,0.23317738165911917,1.8342889547348022,19.956512451171875,0.32253581285476685,0.3343826863731282,0.8640838419995317,-0.545563817024231,77.52618408203125,196.1212921142578,66.58004760742188,211.18626403808594,0.34178870096711855,12.813735961914062,28.642553329467773,11.301534652709961,15.188827514648438,0.8010673909340369
C:\My_Project\AIGC\DiT\cdf\Fake_from_Celeb-real\id57_0000\8083.png,fake,df40_dit,256,256,65536,0.17755085269436174,0.033109020441770554,0.0021256795153021812,0.06420242786407471,0.0001815623982110992,-4.056027077314636,0.5684476213837166,-0.10354623943567276,42.544921875,128.31094360351562,1.8895118228967451,0.1827213759225689,1.4986265004616808,0.7668594749658925,0.27048434447260994,2.0906801223754883,21.743553161621094,0.20048564672470093,0.4057739412098735,0.8957843476564851,0.3274545967578888,39.894901275634766,158.49024963378906,62.69640350341797,202.5867919921875,0.3306431233016414,21.4132080078125,23.823440551757812,1.640228271484375,16.069168090820312,0.836692754821847
C:\My_Project\AIGC\DiT\cdf\Fake_from_Youtube-real\00274\19823.png,fake,df40_dit,256,256,65536,0.1495526031982562,0.09271859377622604,0.004483544267714024,0.04835647717118263,0.0003123797941952944,-3.968108309382267,0.7979716502701368,-0.2772154211997986,37.88249206542969,131.45196533203125,1.8821517079586103,0.18419870204202635,1.3533688250230833,0.762630288731093,0.25307492151426186,1.9509649276733398,18.603130340576172,0.12257315218448639,0.4287092857420785,0.8232630688940922,0.2005579173564911,38.81208801269531,165.7366943359375,63.17433166503906,207.93016052246094,0.36617260424750664,16.069839477539062,27.22372817993164,0.17388534545898438,21.050445556640625,0.8427328350682721
C:\My_Project\AIGC\DiT\cdf\Fake_from_Celeb-real\id45_0000\10677.png,fake,df40_dit,256,256,65536,0.11027202708914215,0.0818149670958519,0.006276007741689682,0.07670977711677551,0.0004192782216705382,-4.084532748832776,1.1263006871699899,0.5282540321350098,119.6756820678711,401.6720275878906,1.9152918276320556,0.17884736019390315,3.962467682363804,0.7106838844966636,0.18704084727887682,3.3662240505218506,17.334077835083008,0.11957196891307831,0.4205467644010707,0.7651157817044604,-0.15750852227210999,56.976402282714844,183.1500701904297,64.76506042480469,206.4755859375,0.35634838937074637,17.5244140625,45.53533935546875,7.0104217529296875,28.79389190673828,0.806017723966491
C:\My_Project\AIGC\DiT\cdf\Fake_from_Celeb-real\id7_0007\2351.png,fake,df40_dit,256,256,65536,0.1394963599965006,0.13802123069763184,0.00472596287727356,0.03424084186553955,0.0002862974943127483,-3.8347018269160262,0.785946091314776,-0.32308104634284973,25.471498489379883,63.128658294677734,1.9072708385795425,0.1799939150415029,0.9766187673130194,0.7668305591106155,0.222781655874291,1.5971721410751343,37.913448333740234,0.14404340088367462,0.41858271693379207,0.8201254782051707,-0.24852429330348969,60.795204162597656,183.1387176513672,66.57494354248047,204.4729766845703,0.33623505017925015,19.527023315429688,23.660884857177734,1.3088798522949219,17.206275939941406,0.825641686201326
C:\My_Project\AIGC\DiT\cdf\Fake_from_Celeb-real\id52_0001\9750.png,fake,df40_dit,256,256,65536,0.10678000398927312,0.11579485237598419,0.003590652020648122,0.031008737161755562,0.00019081274513155222,-3.9016159230874794,0.6930509248825955,-0.351989209651947,30.19117546081543,63.53661346435547,1.8269394296822679,0.20556717204928449,1.1389467913204063,0.7218033669334727,0.16985366037366595,1.8405145406723022,55.705955505371094,0.2785234749317169,0.43053171327084816,0.6852536325675345,0.43569979071617126,26.962648391723633,156.18829345703125,66.01197052001953,205.6031951904297,0.359509846410436,18.396804809570312,30.86053466796875,1.339599609375,11.782913208007812,0.833739522210962
C:\My_Project\AIGC\DiT\cdf\Fake_from_Celeb-real\id10_0009\11187.png,fake,df40_dit,256,256,65536,0.1219128971070188,0.10586867481470108,0.0037432131357491016,0.03535713255405426,0.00030185742070898414,-3.9559820759325492,0.7681866309472513,-0.27765384316444397,37.135501861572266,97.46941375732422,1.865405984212103,0.18671930417176438,1.3490143120960285,0.7508738656537235,0.24258854602793678,1.857713222503662,40.385372161865234,0.03864072635769844,0.44847999602666727,0.7809129832302508,0.043408654630184174,50.78590393066406,168.6597442626953,63.817535400390625,204.5504608154297,0.33061085737866663,19.449539184570312,27.66216278076172,6.093841552734375,12.652198791503906,0.8274221250802754
C:\My_Project\AIGC\DiT\cdf\Fake_from_Youtube-real\00143\15293.png,fake,df40_dit,256,256,65536,0.20044518125581678,0.07913577556610107,0.00528360391035676,0.06676631420850754,0.0006258017383515835,-4.135281829301256,1.1105871368856213,0.07571808248758316,85.66451263427734,231.9813232421875,1.8518824900794209,0.1934586969428835,2.899282952446905,0.7088603688190277,0.27597567181024296,2.9961659908294678,25.12078857421875,0.017579272389411926,0.392908808526254,0.8941377028730373,-0.022749420255422592,55.347389221191406,170.2070770263672,65.19282531738281,210.82925415039062,0.33338159177335736,13.170745849609375,47.675506591796875,8.023792266845703,6.107795715332031,0.8099138995456912
C:\My_Project\AIGC\DiT\cdf\Fake_from_Celeb-real\id52_0005\11990.png,fake,df40_dit,256,256,65536,0.2111969235465597,0.11248915642499924,0.004216877743601799,0.0374869666993618,0.0003609595587477088,-3.979541690326522,0.8413530854685353,-0.3349885046482086,36.96977996826172,119.85922241210938,1.8302329051308217,0.1966251435254028,1.3407332063711903,0.771316623494416,0.2496732224966935,1.6939752101898193,21.76512908935547,0.15878361463546753,0.4474077532948409,0.6314124632006832,0.241928368806839,40.39139938354492,161.43301391601562,69.8448715209961,203.0208740234375,0.3212659111901281,20.9791259765625,36.82394790649414,6.50689697265625,41.653072357177734,0.8335262253783426
C:\My_Project\AIGC\DiT\ff\682\7562.png,fake,df40_dit,256,256,65536,0.19534466369142722,0.07905412465333939,0.00624472601339221,0.0789930447936058,0.0005376070621423423,-3.8750648586502527,0.8334048504096402,0.5116575956344604,85.79580688476562,236.44427490234375,1.9155346432367588,0.18323185025826436,2.911096202677744,0.6867663672404759,0.20555888954684554,3.192164421081543,28.86139678955078,0.20850375294685364,0.4309884444276828,0.8021280733715014,0.3480674624443054,34.67300033569336,158.68896484375,66.04357147216797,206.25491333007812,0.34654904327721586,17.745086669921875,42.35555648803711,26.524179458618164,44.283599853515625,0.8096086790083632
C:\My_Project\AIGC\DiT\cdf\Fake_from_Celeb-real\id17_0001\15227.png,fake,df40_dit,256,256,65536,0.1470511040281817,0.06215740367770195,0.0031312585342675447,0.050376277416944504,0.0003252579481340945,-4.392865378926226,1.2661863497366102,0.5082452893257141,358.99188232421875,1499.7723388671875,1.7526299599331059,0.22722674349554875,11.741919148199422,0.784045147150864,0.3408324664099996,4.542150974273682,27.284488677978516,0.03579382970929146,0.4458703748756128,0.8388392599575296,0.03973696380853653,50.477684020996094,168.0607452392578,68.96819305419922,205.41842651367188,0.319759170801006,18.581573486328125,47.535404205322266,52.38267517089844,30.807029724121094,0.7815680612224938
C:\My_Project\AIGC\DiT\ff\154\7237.png,fake,df40_dit,256,256,65536,0.08835247773972107,0.0724743902683258,0.0048175472766160965,0.06647241115570068,0.00027433395734988153,-4.041531564372321,0.9463806121763646,0.7591572999954224,158.34255981445312,398.0311584472656,1.906749747015939,0.19605939897682603,5.295644621421975,0.5954646035416249,0.11189887208704559,4.611985683441162,47.5289421081543,0.18234175443649292,0.44244988052511913,0.7661750112004759,0.30745047330856323,44.4037971496582,155.5516815185547,66.64614868164062,202.3060302734375,0.300508387130565,21.6939697265625,62.883968353271484,8.187110900878906,39.590431213378906,0.8274805624623554
C:\My_Project\AIGC\DiT\cdf\Fake_from_Celeb-real\id44_0002\997.png,fake,df40_dit,256,256,65536,0.19199999881395646,0.16577216982841492,0.0072729033417999744,0.043872881680727005,0.000722015684004873,-3.9355539882633708,1.0696017205290589,-0.14108596742153168,36.420501708984375,99.78956604003906,1.81930194358175,0.19624601886054965,1.3189805517082183,0.7686123468669528,0.2756563139823353,1.6690583229064941,185.5726776123047,0.2892009913921356,0.40642274475600654,0.8551332741381384,0.5422224998474121,29.522937774658203,148.18582153320312,60.84187316894531,199.7824249267578,0.3285851112600725,24.217575073242188,31.0111083984375,3.3042144775390625,26.609020233154297,0.8236286438512366
C:\My_Project\AIGC\DiT\cdf\Fake_from_Celeb-real\id24_0002\22211.png,fake,df40_dit,256,256,65536,0.1581392512958818,0.08494769781827927,0.0027077689301222563,0.031875718384981155,0.00031071456032805145,-4.152419635792034,0.8774586786596635,-0.0766986757516861,84.79266357421875,156.4136505126953,1.7441935237875152,0.23669496430600004,2.9454576408125552,0.6206727032695347,0.12668908845916266,3.1556873321533203,49.643192291259766,0.05758984386920929,0.43809909466637736,0.8151877359941132,0.09671897441148758,47.93824005126953,167.18997192382812,70.17167663574219,205.64505004882812,0.3219753348638459,18.354949951171875,52.29819107055664,5.596946716308594,8.150253295898438,0.8330545302472565
C:\My_Project\AIGC\DiT\ff\429\1633.png,fake,df40_dit,256,256,65536,0.07597218973669052,0.05249256640672684,0.0038551180623471737,0.07344122231006622,0.00021152872068341821,-4.222687363126466,1.0552217332535725,0.061799876391887665,138.991943359375,234.1411590576172,1.7860493743513848,0.2234670328428625,4.79421110341643,0.5849885919381713,0.13272465718075924,5.197513103485107,11.07779312133789,0.09514091163873672,0.4018117872394258,0.7869134616324354,0.13436320424079895,46.82386016845703,164.81375122070312,65.51416015625,203.04441833496094,0.32340521721327686,20.955581665039062,34.187599182128906,11.210988998413086,15.830009460449219,0.8220637896309491
C:\My_Project\AIGC\DiT\cdf\Fake_from_Celeb-real\id7_0008\13967.png,fake,df40_dit,256,256,65536,0.11341096979918971,0.10120165348052979,0.008225221186876297,0.0812755599617958,0.0005074404762126505,-3.953885348434983,1.027724820727732,0.2902330458164215,78.25109100341797,296.718994140625,1.9347304901129891,0.17977353405426164,2.654201869806092,0.6761197314694689,0.15743695088248713,3.208430051803589,26.104045867919922,0.28773778676986694,0.41012075425510025,0.7936659446068942,-0.49215638637542725,75.77473449707031,192.115234375,66.37258911132812,204.01519775390625,0.3191448081548905,19.98480224609375,31.0325927734375,5.421802520751953,3.9912261962890625,0.8254535922373663
C:\My_Project\AIGC\SiT\cdf\Fake_from_Celeb-real\id4_0001\16138.png,fake,df40_sit,256,256,65536,0.1490977961814768,0.14304925501346588,0.015181828290224075,0.10613007098436356,0.0010102425003424287,-3.898237248390198,1.2669244676005122,0.6558065414428711,88.68333435058594,256.132568359375,1.9839943459749598,0.16601450410498922,3.010524007386885,0.7088812349808753,0.12903555685294507,3.174583673477173,26.25381088256836,0.22775104641914368,0.4034838214938806,0.7415724828394057,0.3671010434627533,33.95773696899414,155.8656768798828,66.82859802246094,199.24122619628906,0.3217105930894827,24.758773803710938,28.99437713623047,5.732135772705078,14.215950012207031,0.8153734127176904
C:\My_Project\AIGC\SiT\cdf\Fake_from_Youtube-real\00246\26026.png,fake,df40_sit,256,256,65536,0.18385556856738777,0.12888218462467194,0.006876851432025433,0.05335765704512596,0.0007651521591469646,-4.076069924074787,1.1857155556264252,0.6714642643928528,168.62669372558594,607.042724609375,1.95888642672995,0.16985331610409926,5.608926592797777,0.7256703355756561,0.16106169763108602,3.4817538261413574,28.472408294677734,0.18712428212165833,0.4452886140534583,0.7567413705409621,-0.30104202032089233,68.05420684814453,180.17955017089844,63.70934295654297,201.2979278564453,0.3074610833704047,22.702072143554688,38.060115814208984,1.6683502197265625,35.78059387207031,0.8115892510839195
C:\My_Project\AIGC\SiT\cdf\Fake_from_Youtube-real\00108\6511.png,fake,df40_sit,256,256,65536,0.13745445899551456,0.12787066400051117,0.0031942955683916807,0.02498067356646061,0.00022486329544335604,-3.9522901661264984,0.7190986343757562,-0.2108008712530136,44.87986755371094,92.26127624511719,1.8145203153597238,0.21047493022265706,1.634953831948292,0.6972774500962973,0.16782003279259672,2.1475164890289307,110.74774169921875,0.15958020091056824,0.46091510805179725,0.7062813759297879,0.24405258893966675,39.6200065612793,161.38385009765625,63.16030502319336,204.4158935546875,0.34278984734908513,19.5841064453125,33.915706634521484,3.1280555725097656,32.15376281738281,0.8279421682237
C:\My_Project\AIGC\SiT\cdf\Fake_from_Celeb-real\id33_0002\17162.png,fake,df40_sit,256,256,65536,0.10527888640719227,0.10657301545143127,0.0027205972000956535,0.025528009980916977,0.0001547765568830073,-3.9012625986555447,0.6015550865047922,-0.28601425886154175,31.716062545776367,68.21839904785156,1.8669119885019492,0.19433938836316575,1.1872019275161587,0.737149903006581,0.19538977110369804,1.812230110168457,62.36901092529297,0.12933099269866943,0.4261128878989791,0.7309127109908719,-0.20353718101978302,64.11764526367188,177.76113891601562,63.10169982910156,203.00961303710938,0.31687707363215273,20.990386962890625,28.86046600341797,1.3986892700195312,13.332649230957031,0.8422907214587667
C:\My_Project\AIGC\SiT\cdf\Fake_from_Youtube-real\00079\11544.png,fake,df40_sit,256,256,65536,0.19928109645685776,0.11499756574630737,0.00653411541134119,0.056819599121809006,0.000770644866861403,-4.075753578218952,1.1711137784973977,0.1312732845544815,73.36817932128906,317.77032470703125,1.9511138125786005,0.1722594677830974,2.5770515927977815,0.7231586771350741,0.19559258854014328,2.5563838481903076,20.550586700439453,0.023428205400705338,0.4351318717501576,0.8304503929555055,0.005371799226850271,57.04810333251953,168.0164794921875,63.70336151123047,199.93759155273438,0.3012932733790725,24.062408447265625,35.309730529785156,2.109649658203125,0.9458160400390625,0.8215590511590207
C:\My_Project\AIGC\SiT\cdf\Fake_from_Celeb-real\id31_0006\12782.png,fake,df40_sit,256,256,65536,0.18789956545569308,0.0909581333398819,0.0015212676953524351,0.016724921762943268,0.00012942793546244502,-4.143821217836141,0.6515846114026916,-0.3351612985134125,59.2958984375,170.2788543701172,1.7135686281161777,0.222262402764463,2.0442131232686958,0.7480607331228117,0.34270165351335374,1.8590617179870605,59.3141975402832,0.2844160497188568,0.40955984599279927,0.6648578437258559,-0.47932904958724976,68.19784545898438,200.25633239746094,60.119712829589844,208.05438232421875,0.3893500601722795,15.94561767578125,31.69704246520996,16.85369873046875,41.223480224609375,0.834622904204636
C:\My_Project\AIGC\SiT\cdf\Fake_from_Youtube-real\00141\25130.png,fake,df40_sit,256,256,65536,0.14024457277503105,0.12415127456188202,0.007514179218560457,0.060524385422468185,0.0005731240962632,-4.03251647492481,1.2187526998196005,0.18590831756591797,73.79523468017578,154.22015380859375,1.9597370513576617,0.1736523478490916,2.5599763388734966,0.6647014215783564,0.16591042310762627,3.176342010498047,18.494489669799805,0.04866773635149002,0.4245510287322459,0.7281461770879838,-0.08919224143028259,55.27347183227539,175.58836364746094,69.9298095703125,202.0238037109375,0.3167425584834393,21.9761962890625,43.439292907714844,18.508216857910156,34.792442321777344,0.8309376616463631
C:\My_Project\AIGC\SiT\cdf\Fake_from_Celeb-real\id37_0004\531.png,fake,df40_sit,256,256,65536,0.13753584249990955,0.17820081114768982,0.008267637342214584,0.046395059674978256,0.0005819395300932229,-3.8612231184717225,1.1105595636297216,-0.4133957326412201,19.150165557861328,37.88796615600586,1.866168689705588,0.18887178642657437,0.7764811288088639,0.7709170760044303,0.17543608341879832,1.366436243057251,66.30896759033203,0.3398902714252472,0.4181406639793793,0.8392603946614912,0.6533254384994507,26.64380645751953,148.0444793701172,67.70824432373047,203.25901794433594,0.3279646669994558,20.740982055664062,20.06608009338379,2.3355751037597656,17.907752990722656,0.8454195321296964
C:\My_Project\AIGC\SiT\cdf\Fake_from_Celeb-real\id45_0003\23273.png,fake,df40_sit,256,256,65536,0.07398663158544501,0.10695161670446396,0.00288502499461174,0.02697504684329033,0.0001046073084580712,-3.832618895155839,0.5301625060200801,-0.3468357026576996,24.132837295532227,48.99943161010742,1.8734915928648437,0.19111474341821888,0.9315197945521697,0.7496619548651388,0.18784947057401355,1.6702760457992554,54.79721450805664,0.255913108587265,0.4082778512251431,0.7177333979181779,0.40891608595848083,35.27252197265625,153.3004913330078,63.011016845703125,204.93919372558594,0.3338547216228748,19.060806274414062,22.099641799926758,11.131446838378906,18.782440185546875,0.8114700161432289
C:\My_Project\AIGC\SiT\cdf\Fake_from_Celeb-real\id40_0009\14601.png,fake,df40_sit,256,256,65536,0.16365511220182444,0.10011089593172073,0.0045883990824222565,0.04583316668868065,0.0003866654878947884,-3.7937808363889394,0.6830342130525884,-0.3142951428890228,20.348276138305664,44.65218734741211,1.9514194404669503,0.16941664845483695,0.8061879616805171,0.7732860872142842,0.20340855037476657,1.660771131515503,18.20979118347168,0.031402889639139175,0.41975540664634187,0.7504425062261266,-0.039695605635643005,53.68815612792969,172.2040252685547,62.79113006591797,199.64218139648438,0.3232426118313609,24.357818603515625,19.280832290649414,5.912956237792969,11.04397964477539,0.8418550210064524
C:\My_Project\AIGC\SiT\cdf\Fake_from_Celeb-real\id46_0005\5325.png,fake,df40_sit,256,256,65536,0.11075948002648275,0.04420061036944389,0.0016063712537288666,0.036342740058898926,0.00010950942669296637,-4.133499781076551,0.5689718431409772,-0.0343635268509388,70.17729187011719,140.01124572753906,1.8498160714555711,0.20193084325953253,2.4621514312096022,0.6594913224806087,0.14837999699583002,2.9376473426818848,33.75377655029297,0.12054596096277237,0.4047141131838565,0.8327859475058053,-0.18485000729560852,59.58530807495117,180.4225311279297,63.880462646484375,204.17269897460938,0.337861213603771,19.827301025390625,39.450992584228516,2.2684669494628906,20.72357940673828,0.8337196517157679
C:\My_Project\AIGC\SiT\cdf\Fake_from_Celeb-real\id37_0007\8328.png,fake,df40_sit,256,256,65536,0.19379713250973607,0.08918505907058716,0.0031688683666288853,0.035531383007764816,0.0003429802309256047,-4.151417963875025,0.8987601961771512,-0.1384512037038803,78.07586669921875,146.09109497070312,1.7679788343750171,0.2163426559302073,2.700864785318558,0.6547315136635382,0.18805119873685316,2.8432748317718506,40.77550506591797,0.19008170068264008,0.4383173908495435,0.8181065108652453,0.28207606077194214,35.72935104370117,159.9116973876953,64.65330505371094,203.90333557128906,0.3446347958814102,20.096664428710938,49.636940002441406,0.37300872802734375,35.83897399902344,0.8428472532898788
C:\My_Project\AIGC\SiT\cdf\Fake_from_Celeb-real\id52_0008\23776.png,fake,df40_sit,256,256,65536,0.16315185396893547,0.07293697446584702,0.0033099327702075243,0.04538072273135185,0.00039123548776842654,-4.132916850355417,0.8855841625722348,0.10274181514978409,76.69169616699219,278.20526123046875,1.9101799198588156,0.18315040543892638,2.6276737072945484,0.7175444968632436,0.16610526746929485,2.6497445106506348,18.425466537475586,0.17036405205726624,0.40643625143976453,0.8312069323560229,-0.2625979483127594,65.62794494628906,181.43765258789062,63.00509262084961,201.99742126464844,0.32080398885251404,22.002578735351562,37.03023147583008,9.336017608642578,1.181396484375,0.8208175257909147
C:\My_Project\AIGC\SiT\cdf\Fake_from_Youtube-real\00024\14044.png,fake,df40_sit,256,256,65536,0.1337445871565159,0.060524363070726395,0.002247926779091358,0.0371408574283123,0.00014389358693733811,-4.13009032449061,0.7205664410609687,-0.07163366675376892,66.20692443847656,200.29379272460938,1.9275831499278455,0.1769059771847993,2.3177467105263134,0.7295030733045585,0.16870468168265002,2.3936235904693604,26.46050262451172,0.07802195847034454,0.44214859677327545,0.8631028177516636,-0.1510540246963501,59.50263214111328,176.91722106933594,67.6090087890625,209.71493530273438,0.33253565341731106,14.285064697265625,37.13283920288086,14.20059585571289,24.796165466308594,0.8143317700351709
C:\My_Project\AIGC\SiT\cdf\Fake_from_Celeb-real\id32_0003\23872.png,fake,df40_sit,256,256,65536,0.21701880140826238,0.10131515562534332,0.0022934619337320328,0.022636909037828445,0.00023808763944543898,-4.062045205056851,0.6925067130495978,-0.3239901661872864,51.615936279296875,138.66734313964844,1.835899983950913,0.19742984446025497,1.8214196675900263,0.7268327805424738,0.227666648452695,1.9879175424575806,67.00163269042969,0.17824403941631317,0.4661479319530868,0.8214876875853162,0.28772878646850586,39.47095489501953,161.39779663085938,58.08631134033203,203.83795166015625,0.3541740509808327,20.16204833984375,35.0012092590332,4.011772155761719,34.59659957885742,0.8668202468716117
C:\My_Project\AIGC\SiT\ff\812\2332.png,fake,df40_sit,256,256,65536,0.12434414807151321,0.04843796789646149,0.0030754762701690197,0.06349308788776398,0.00024562381440773606,-3.9245639602882467,0.6472410682820957,0.43395891785621643,87.35820770263672,174.76829528808594,1.9696554195347726,0.17280568444991995,2.9782098337950105,0.6597930317453806,0.16786414482811748,3.681828737258911,40.87274932861328,0.0408201664686203,0.43649019318610055,0.9078520818788957,-0.03353261575102806,53.832942962646484,173.91383361816406,71.54061889648438,206.26976013183594,0.32243294158151375,17.730239868164062,44.09359359741211,11.164216995239258,27.501754760742188,0.8007722065921179
C:\My_Project\AIGC\SiT\cdf\Fake_from_Celeb-real\id59_0005\21102.png,fake,df40_sit,256,256,65536,0.1662517184987701,0.04765871539711952,0.0012568908277899027,0.026372738182544708,9.914800466503948e-05,-4.026432108622685,0.4342735076717731,-0.35217350721359253,35.875404357910156,81.60911560058594,1.8828297644700485,0.1880905035385138,1.3237315327793173,0.7392412562567822,0.22565293834756994,1.9339686632156372,35.18699645996094,0.05848151817917824,0.4180500054175885,0.8926605592478899,-0.07294099777936935,53.9764289855957,176.32225036621094,64.5130615234375,211.0882568359375,0.3573992080782031,12.9117431640625,31.45054054260254,9.243824005126953,23.739212036132812,0.8199244731502873
C:\My_Project\AIGC\SiT\cdf\Fake_from_Celeb-real\id32_0002\5867.png,fake,df40_sit,256,256,65536,0.18889165339382757,0.08347062766551971,0.0017797029577195644,0.021321307867765427,0.00015378768148366362,-3.8871070306004607,0.3931436095046069,-0.33683687448501587,29.070274353027344,82.32939147949219,1.9348544147863753,0.17607903073401018,1.0990659626038781,0.7650696113218997,0.27203546943830054,1.673690676689148,61.633487701416016,0.16494886577129364,0.4372621390825796,0.8303892402266331,-0.25064197182655334,65.074462890625,179.75872802734375,65.19029235839844,200.1820068359375,0.3085424420918831,23.8179931640625,28.129934310913086,3.068023681640625,28.407337188720703,0.8226708911847638
C:\My_Project\AIGC\SiT\cdf\Fake_from_Celeb-real\id34_0002\17902.png,fake,df40_sit,256,256,65536,0.15708195962977078,0.09113147109746933,0.0031514086294919252,0.03458090499043465,0.00023024996335152537,-4.0590715937866,0.8173676904231697,-0.14826321601867676,54.05813217163086,188.3524932861328,1.9062437222734945,0.18210486062910594,1.9056224030470905,0.7377333282206988,0.19593483269315823,2.124892473220825,30.47296905517578,0.31655240058898926,0.39477995367959506,0.7795326313553035,-0.5913455486297607,72.75756072998047,201.8001708984375,63.27976608276367,206.3826904296875,0.3680320248817421,17.6173095703125,34.283145904541016,10.356143951416016,22.22588348388672,0.841364149197279
C:\My_Project\AIGC\SiT\ff\358\19680.png,fake,df40_sit,256,256,65536,0.04484497359077638,0.08070970326662064,0.006282365880906582,0.07783903926610947,0.00020297148148529232,-3.825630304982485,0.8331080482398115,0.5642231702804565,82.31846618652344,258.3162841796875,1.9867424714961406,0.16494392941565078,2.7718164242843946,0.7313689633203546,0.2212909977754058,3.187539577484131,28.85943031311035,0.08543407917022705,0.4201514415775824,0.7900225986920154,0.16078060865402222,45.40488815307617,168.3036346435547,71.71231842041016,209.4425048828125,0.3373498738466423,14.5574951171875,38.72182083129883,16.212814331054688,2.1926116943359375,0.8114027192113724
C:\My_Project\AIGC\SiT\cdf\Fake_from_Youtube-real\00201\25994.png,fake,df40_sit,256,256,65536,0.17650960863495038,0.06376766413450241,0.0038106462452560663,0.05975828692317009,0.00042513871449045837,-4.235855616105293,1.0666948139476873,0.44094914197921753,179.8145751953125,577.0989990234375,1.9930048136105945,0.1663694552509351,6.011926650507848,0.6605578130169427,0.1632677974050168,4.511641979217529,29.857341766357422,0.04863119125366211,0.44968166852655217,0.7925348052162553,0.07174190878868103,54.75870132446289,163.0594024658203,68.38130187988281,200.66661071777344,0.28552677969237406,23.333389282226562,50.70830535888672,7.179866790771484,63.99018478393555,0.8228894726441922
C:\My_Project\AIGC\SiT\cdf\Fake_from_Celeb-real\id48_0007\25694.png,fake,df40_sit,256,256,65536,0.125453261281565,0.0892765149474144,0.004298629704862833,0.04814961552619934,0.0003195420140400529,-4.101101708116328,0.9963338278384434,0.5786243081092834,182.23016357421875,690.2859497070312,1.8940512858217553,0.18258688202603365,6.06702562326869,0.700523080310369,0.14864186090728101,3.846132516860962,36.105125427246094,0.06028284132480621,0.4615929521963787,0.8732185056360934,-0.0898149386048317,56.9486083984375,174.737060546875,66.41775512695312,203.8684539794922,0.3226663158594067,20.131546020507812,48.557106018066406,8.296390533447266,31.991065979003906,0.8061047634448997
C:\My_Project\AIGC\SiT\cdf\Fake_from_Celeb-real\id13_0000\9293.png,fake,df40_sit,256,256,65536,0.08747069644612793,0.10911160707473755,0.0073976898565888405,0.06779929250478745,0.000416138325817883,-3.92637637789875,1.039118135596895,0.439740926027298,69.97674560546875,207.58302307128906,1.861153262515875,0.19166503216712888,2.379935364727606,0.7482024540691302,0.2949561857207746,2.587583541870117,29.968231201171875,0.07989020645618439,0.44063180989176876,0.8257393642148844,0.11765804886817932,47.557193756103516,164.6268310546875,61.275367736816406,202.13218688964844,0.328644306625763,21.867813110351562,29.152732849121094,3.355985641479492,10.728652954101562,0.8029714024370804
C:\My_Project\AIGC\SiT\ff\288\14161.png,fake,df40_sit,256,256,65536,0.10700595913782684,0.10612785816192627,0.0051835100166499615,0.04884212464094162,0.0003661102382466197,-3.9296448879610164,0.9062472516241189,-0.11165408045053482,33.41957473754883,115.70354461669922,1.9168072678955272,0.17471524150805492,1.2128583795013845,0.8040037306400571,0.26452642610713456,1.7885589599609375,21.0952091217041,0.14787131547927856,0.43826542638908184,0.8429954546427987,-0.23327238857746124,62.202423095703125,182.43798828125,65.34159851074219,205.3617401123047,0.3355269623490149,18.638259887695312,23.884952545166016,17.395084381103516,1.4022979736328125,0.8288459267486381
C:\My_Project\AIGC\SiT\cdf\Fake_from_Celeb-real\id28_0003\27321.png,fake,df40_sit,256,256,65536,0.06533669071369494,0.11620790511369705,0.006934905890375376,0.05967671424150467,0.00024942413438111544,-3.8074488679789704,0.8033951414580414,0.02921842783689499,36.91598892211914,123.70877838134766,1.9005197189673848,0.18883865210276155,1.362676304247461,0.715014133980893,0.17915462114140956,2.2050375938415527,25.06424903869629,0.2314409762620926,0.40066478826576574,0.9673828944985049,-0.3834502696990967,67.87890625,187.36917114257812,64.19157409667969,208.46412658691406,0.34357393004198195,15.535873413085938,25.721328735351562,6.308807373046875,1.3463516235351562,0.8109862678593593
C:\My_Project\AIGC\SiT\cdf\Fake_from_Youtube-real\00259\25961.png,fake,df40_sit,256,256,65536,0.057954686997507,0.12192857265472412,0.007699534296989441,0.06314790993928909,0.00024094842956401408,-3.9921646319227806,1.1327996097467148,0.3387739360332489,96.23017883300781,453.2733154296875,1.7960551396797073,0.20817924588484246,3.2008284279778376,0.7499719724509325,0.3580714357970606,2.5403590202331543,108.44071197509766,0.13214311003684998,0.44250693472988806,0.7341317632330512,0.19719620048999786,41.01679992675781,167.1948699951172,70.85861206054688,205.8405303955078,0.3394403290344042,18.159469604492188,42.48895263671875,15.755014419555664,26.03497314453125,0.7997226617628428
C:\My_Project\AIGC\SiT\cdf\Fake_from_Celeb-real\id42_0000\7624.png,fake,df40_sit,256,256,65536,0.12585549779266333,0.09617112576961517,0.004180154297500849,0.04346579313278198,0.0003038531867787242,-3.9869176196281693,0.8760397034468582,-0.1554768979549408,41.124053955078125,100.79194641113281,1.9064029455882012,0.1804185999973969,1.493613227146814,0.7467502046890759,0.17189442171996888,2.1137278079986572,19.341903686523438,0.354345440864563,0.3409125797408172,0.9411982486226633,-0.7492052912712097,82.80671691894531,197.41419982910156,67.91105651855469,206.92581176757812,0.3175249359546797,17.074188232421875,27.139148712158203,10.871826171875,11.91680908203125,0.8166915338784264
C:\My_Project\AIGC\SiT\cdf\Fake_from_Youtube-real\00018\3017.png,fake,df40_sit,256,256,65536,0.19651009221586144,0.13790962100028992,0.005080615635961294,0.036840181797742844,0.0003745969443116337,-3.951755661422076,0.9109247722623554,-0.4825317859649658,26.08957290649414,79.2709732055664,1.7261156022483188,0.21948754176751914,0.9547587719298241,0.8048968497600038,0.24996062558181648,1.3050103187561035,35.9864501953125,0.11075413972139359,0.44071398981634596,0.8189623043611727,0.19044046103954315,46.38153076171875,163.6025390625,68.84577941894531,210.96580505371094,0.332020342487247,13.034194946289062,24.626161575317383,2.7564125061035156,21.349102020263672,0.8324104477698135
C:\My_Project\AIGC\SiT\ff\725\17584.png,fake,df40_sit,256,256,65536,0.14839683407744284,0.07442424446344376,0.005992305465042591,0.08051549643278122,0.0006152291316539049,-3.7824392113342733,0.749494611532886,1.408431887626648,425.1951599121094,1452.3585205078125,1.899064392313501,0.1871377284801885,13.807141909048921,0.7081597097496288,0.2792734085612091,6.205207824707031,36.17730712890625,0.06091561168432236,0.4478355755714951,0.8848826454337624,0.10383126139640808,51.68682098388672,163.64614868164062,69.37696075439453,205.42819213867188,0.3035755021969716,18.571807861328125,61.64059829711914,29.17525863647461,3.5136871337890625,0.7870408643767135
C:\My_Project\AIGC\SiT\cdf\Fake_from_Celeb-real\id5_0001\27913.png,fake,df40_sit,256,256,65536,0.20985465193827568,0.14519476890563965,0.008461302146315575,0.058275528252124786,0.0014106571907177567,-3.9557049330842315,1.1977181379879118,0.04131021350622177,40.57143020629883,225.516357421875,1.9490582222358137,0.1680033801744899,1.4533356417359171,0.8083273240277292,0.24605179607476071,1.6823906898498535,23.96726417541504,0.292570561170578,0.2855195723423597,0.7596642690558513,-0.7307230234146118,82.28252410888672,206.81353759765625,69.4949951171875,197.6978302001953,0.31818457001396167,17.18646240234375,18.329158782958984,10.150135040283203,5.6495513916015625,0.7630130792372825
C:\My_Project\AIGC\SiT\cdf\Fake_from_Youtube-real\00187\22302.png,fake,df40_sit,256,256,65536,0.18850648880475013,0.07708761096000671,0.00416012667119503,0.0539662167429924,0.0005046725855208933,-4.253345216424884,1.162198261591884,0.394031286239624,171.3824005126953,503.3989562988281,1.9011232442961281,0.18273667999229448,5.7315587488457895,0.6894205727763735,0.19072279287842797,4.096548080444336,30.19702911376953,0.08349517732858658,0.46648222524286004,0.8853541207777289,0.1265881061553955,51.80655288696289,160.62374877929688,68.74667358398438,202.37509155273438,0.2898012941423818,21.624908447265625,52.17068862915039,18.534584045410156,51.300079345703125,0.8111855474785656
C:\My_Project\AIGC\SiT\cdf\Fake_from_Youtube-real\00220\16224.png,fake,df40_sit,256,256,65536,0.09303400077407376,0.0753796398639679,0.0019398926524445415,0.02573496848344803,8.689162496011704e-05,-4.38297190069125,0.966709051524054,-0.17526906728744507,143.54942321777344,428.6326904296875,1.7723099773926818,0.2109599155170229,4.8012399007386835,0.7345964232655684,0.3559223818768558,3.002405881881714,38.09870910644531,0.013082444667816162,0.4311621238542173,0.72001591609359,-0.0023512665648013353,51.96157455444336,173.1873779296875,68.46427154541016,210.0777130126953,0.3421397323542083,13.922286987304688,47.72627258300781,30.126102447509766,10.958343505859375,0.8328340780783101
C:\My_Project\AIGC\SiT\cdf\Fake_from_Celeb-real\id44_0001\18769.png,fake,df40_sit,256,256,65536,0.1588153765069112,0.11925444006919861,0.003247237531468272,0.027229489758610725,0.00024573595146648586,-3.727698939107725,0.44917637668220667,-0.46422654390335083,16.06264305114746,36.66775131225586,1.9185472680164875,0.17463659455705713,0.6546814404432129,0.8109603926305693,0.288907831767216,1.2727031707763672,115.9646987915039,0.1358857899904251,0.4510602494371228,0.7194922819760007,-0.2199023962020874,60.55842208862305,184.40167236328125,64.10551452636719,200.8370361328125,0.337477599863318,23.1629638671875,18.27577781677246,1.3856735229492188,19.916793823242188,0.8182190720827869
C:\My_Project\AIGC\SiT\cdf\Fake_from_Celeb-real\id10_0002\5135.png,fake,df40_sit,256,256,65536,0.13075164792924815,0.1418255865573883,0.010859552770853043,0.07656976580619812,0.0009168434771709144,-4.033198802004342,1.3134871289281647,0.08949242532253265,58.66256332397461,147.2218475341797,1.8422548543964066,0.20415843342404125,2.0648086911357324,0.6827867205291938,0.16400929443464746,2.639828681945801,19.35041046142578,0.16275949776172638,0.43924004277396594,0.7165304971166351,0.2699260115623474,39.895748138427734,160.749755859375,66.93116760253906,208.9242706298828,0.34200485430460503,15.075729370117188,33.370731353759766,6.433368682861328,24.355796813964844,0.8311535735200692
C:\My_Project\AIGC\SiT\cdf\Fake_from_Youtube-real\00064\1599.png,fake,df40_sit,256,256,65536,0.1934456711989708,0.09081552177667618,0.008459183387458324,0.09314689040184021,0.0009681899682618678,-3.9337581918153512,1.0176747786576819,0.12644875049591064,45.29267120361328,244.33419799804688,1.7865272841671123,0.22241744454926823,1.5426693790397044,0.8353894441504471,0.4241618916261138,1.673161506652832,16.224960327148438,0.2880106270313263,0.38173745614876176,0.9072101268979735,-0.46968358755111694,74.22911834716797,190.95692443847656,63.50033950805664,209.37103271484375,0.3393488120026828,14.62896728515625,20.933666229248047,7.1025848388671875,9.151405334472656,0.8110419933398063
C:\My_Project\AIGC\SiT\cdf\Fake_from_Youtube-real\00090\11379.png,fake,df40_sit,256,256,65536,0.11968360147295974,0.07135406881570816,0.003931364975869656,0.0550965741276741,0.00027170631801709533,-3.991358560577692,0.8005129567080914,0.28546372056007385,68.02133178710938,150.666748046875,1.880719472294063,0.19985814394428547,2.36534539473684,0.6618338627325604,0.13799679393749267,3.036775588989258,30.630260467529297,0.18511052429676056,0.4396518205318874,0.7778183510943315,0.28111693263053894,40.17099380493164,156.93304443359375,63.509613037109375,201.9517822265625,0.32216182174826075,22.0482177734375,42.080081939697266,5.393337249755859,26.668357849121094,0.827509073617616
C:\My_Project\AIGC\SiT\cdf\Fake_from_Youtube-real\00019\23446.png,fake,df40_sit,256,256,65536,0.14336497868200693,0.05039150267839432,0.002517265733331442,0.04995416849851608,0.0001619078393559903,-4.002767002492211,0.6035146985112242,-0.27224862575531006,36.24147415161133,101.92039489746094,1.8890407879681965,0.18260554004241802,1.3313691712834712,0.7819484906571592,0.2897014999286709,1.8376871347427368,15.145875930786133,0.23590019345283508,0.41451992623733863,0.8940138047459527,-0.38761961460113525,66.17790222167969,188.440673828125,61.833526611328125,200.95120239257812,0.33898502512082423,23.048797607421875,23.078184127807617,1.822967529296875,11.7435302734375,0.8159339680992588
C:\My_Project\AIGC\SiT\cdf\Fake_from_Celeb-real\id48_0005\20017.png,fake,df40_sit,256,256,65536,0.052625758130621335,0.09961967915296555,0.0036512629594653845,0.03665202483534813,0.00013111444422975183,-3.9471658905815996,0.7958959964087012,-0.21512889862060547,42.56554412841797,128.4221954345703,1.861711305928853,0.19493503642052426,1.5401024353647284,0.7276856138493106,0.1830027277765576,2.055931329727173,23.759626388549805,0.225782573223114,0.4147336783372643,0.8512341653624361,-0.34587714076042175,67.27253723144531,187.0030517578125,64.33036804199219,208.60121154785156,0.3442606489977189,15.398788452148438,23.04880142211914,5.9992828369140625,5.93548583984375,0.7942245843237075
C:\My_Project\AIGC\SiT\cdf\Fake_from_Celeb-real\id24_0002\22211.png,fake,df40_sit,256,256,65536,0.0808761544079036,0.14387908577919006,0.004663877654820681,0.03241525962948799,0.00020353628497105092,-4.17920070435832,1.2101380486693794,-0.08838269859552383,96.31572723388672,302.6810302734375,1.8061008077238505,0.20091761851598697,3.273666608956598,0.7412497559330391,0.298383161919711,2.482213020324707,88.87530517578125,0.025837162509560585,0.4354988408928329,0.8885229871193485,-0.0005329509149305522,50.2778205871582,172.47389221191406,65.70447540283203,211.04588317871094,0.35395705266709476,12.954116821289062,40.513916015625,14.960227966308594,24.614761352539062,0.8032944750408006
C:\My_Project\AIGC\SiT\cdf\Fake_from_Celeb-real\id56_0007\26102.png,fake,df40_sit,256,256,65536,0.13196661806997262,0.09349983930587769,0.0027099039871245623,0.0289829820394516,0.00014282020856626332,-3.9552410453496742,0.6386694890443568,-0.2818213701248169,37.30008316040039,82.74559783935547,1.8592784269174905,0.19472918655414576,1.3680424746075726,0.7263960080695637,0.16253085934532852,2.033837080001831,19.429283142089844,0.34256598353385925,0.36612334365655574,0.8163228616911059,-0.6299974918365479,80.67803955078125,197.58131408691406,63.39470672607422,204.60789489746094,0.3290075754329202,19.392105102539062,26.963333129882812,15.078987121582031,23.24029541015625,0.8332932382568181
C:\My_Project\AIGC\SiT\cdf\Fake_from_Celeb-real\id9_0008\20713.png,fake,df40_sit,256,256,65536,0.11789328553184523,0.12262409925460815,0.0059522297233343124,0.04854045435786247,0.0004303414898458868,-3.9406493122452755,0.9227416744751697,0.13472644984722137,57.87074661254883,141.9125213623047,1.8585344463950362,0.1977731179615102,2.0369514658356396,0.6943637692009494,0.1408020839503087,2.4231722354888916,20.884077072143555,0.33729371428489685,0.3798732208708439,0.9488915030806826,-0.6585044860839844,81.78543853759766,201.8394317626953,65.65028381347656,206.74208068847656,0.33758437552112774,17.257919311523438,38.32741165161133,3.0014381408691406,17.220321655273438,0.8273077128163031
C:\My_Project\AIGC\SiT\cdf\Fake_from_Youtube-real\00260\27721.png,fake,df40_sit,256,256,65536,0.15888947966262504,0.10773491859436035,0.004326733760535717,0.040160924196243286,0.0003725957649294287,-4.049275987337531,0.8760803976969055,-0.19330455362796783,53.59122848510742,119.28361511230469,1.8426774253862588,0.2015069670003933,1.9097827216066463,0.7034713967318356,0.17429340488779133,2.3002970218658447,20.769983291625977,0.07945744693279266,0.44600742672006966,0.9485236024164332,0.12372612953186035,47.099884033203125,165.25405883789062,64.89141845703125,208.79698181152344,0.33886804623632216,15.203018188476562,38.45147705078125,3.2947425842285156,25.31032943725586,0.8509883333150441
C:\My_Project\AIGC\SiT\cdf\Fake_from_Celeb-real\id23_0003\6209.png,fake,df40_sit,256,256,65536,0.04336807060260709,0.12794102728366852,0.011665605939924717,0.09117955714464188,0.0001873020373750478,-3.780028280677746,1.0007903525795667,0.39729371666908264,49.08695983886719,270.67730712890625,1.9457562826819983,0.17100142876538868,1.6737277816251148,0.7543221507692357,0.24983516655241195,2.1955020427703857,32.85383605957031,0.32627254724502563,0.37875041230372036,0.8183822402206998,-0.5960175395011902,71.05774688720703,214.80389404296875,60.07356262207031,205.28195190429688,0.41599861475633915,9.19610595703125,,,,0.8070537670772708
C:\My_Project\AIGC\SiT\cdf\Fake_from_Celeb-real\id20_0003\6700.png,fake,df40_sit,256,256,65536,0.18359598723952453,0.1508031189441681,0.007985535077750683,0.052953384816646576,0.0008463630801998079,-3.9224183595563638,1.0650583493148453,-0.056596387177705765,42.07700729370117,96.45195770263672,1.8758453390582932,0.19112645125001831,1.5121569136657433,0.7218133873985075,0.2109357882611441,2.0476906299591064,29.859529495239258,0.040360528975725174,0.44550087316849624,0.6643372590640129,-0.036185674369335175,58.09276580810547,171.36624145507812,66.28228759765625,199.57717895507812,0.30091628726962677,24.422821044921875,34.34586715698242,8.686687469482422,27.970977783203125,0.8288725927994278
C:\My_Project\AIGC\SiT\cdf\Fake_from_Celeb-real\id5_0005\27711.png,fake,df40_sit,256,256,65536,0.2578073899531251,0.060969918966293335,0.004229545593261719,0.06937102228403091,0.0007781580789014697,-4.1346097295836675,0.9547025762082963,0.8596089482307434,289.48590087890625,963.2333984375,2.015691880852809,0.15793172938781,9.546436692059057,0.6932305395312721,0.1697525876249883,5.207326412200928,26.56511116027832,0.26786795258522034,0.4450009892384213,0.8311770921461791,-0.5077556371688843,68.42316436767578,188.30780029296875,66.09577178955078,216.99960327148438,0.3605518753376788,7.000396728515625,,,,0.765992797859127
C:\My_Project\AIGC\ddim\cdf\Fake_from_Celeb-real\id2_0001\YouTube-real_00022_181.png,fake,df40_ddim,256,256,65536,0.06857338394499107,0.12689855694770813,0.01573294959962368,0.12398052960634232,0.0006335277575999498,-3.291823934641051,0.5492875791771329,1.5346200466156006,213.3855438232422,355.05877685546875,2.1331973029592537,0.13973056073488666,6.766676765927974,0.5115167019341765,0.09776349973052387,7.2187275886535645,32.577030181884766,0.030783778056502342,0.4815640814755659,0.760841288564008,-0.04727436974644661,58.880348205566406,168.67214965820312,67.16109466552734,192.23751831054688,0.27368394992107503,31.762481689453125,60.30268859863281,0.48111724853515625,7.0981292724609375,0.7709569213916438
C:\My_Project\AIGC\ddim\cdf\Fake_from_Youtube-real\00271\YouTube-real_00189_290.png,fake,df40_ddim,256,256,65536,0.08833859991923959,0.09670565277338028,0.008340280503034592,0.08624397963285446,0.0004001772031188011,-3.564868926594064,0.6039580637891812,1.0360655784606934,121.79231262207031,275.95513916015625,2.0219039288012977,0.16613886863775226,4.0470971837488445,0.6044576043203889,0.12011603747055591,4.543050765991211,30.83796501159668,0.06596286594867706,0.44933994026456464,1.0221321453612933,-0.11156655848026276,56.45613098144531,174.98886108398438,63.666831970214844,213.76376342773438,0.3545798602055458,10.236236572265625,50.490203857421875,14.57818603515625,17.184539794921875,0.8242776787410548
C:\My_Project\AIGC\ddim\cdf\Fake_from_Youtube-real\00042\Celeb-real_id26_0005_291.png,fake,df40_ddim,256,256,65536,0.059301193543866516,0.12343859672546387,0.011523342691361904,0.09335283190011978,0.0003307484439574182,-3.5648613445793984,0.8309819853169126,0.6944946050643921,50.39284133911133,133.5607452392578,2.1441464248906423,0.13170534012368298,1.6894956140350867,0.7258687445330025,0.1639246242134252,2.914976119995117,34.06732177734375,0.35552331805229187,0.3183828151190519,0.8077447141241878,-0.8885265588760376,84.91645812988281,202.81671142578125,65.09306335449219,203.46414184570312,0.325135228056051,20.535858154296875,35.9279899597168,4.178743362426758,9.630729675292969,0.8199403154448426
C:\My_Project\AIGC\ddim\cdf\Fake_from_Youtube-real\00050\Celeb-real_id50_0000_063.png,fake,df40_ddim,256,256,65536,0.08354340541958598,0.14205282926559448,0.012981644831597805,0.09138603508472443,0.0003831947105936706,-3.404129723951052,0.5781846889139878,0.9837000966072083,80.396484375,187.6464080810547,2.053245531407125,0.15420138443673168,2.5712410549399802,0.6616795988515797,0.12305577563746734,3.4838011264801025,30.878549575805664,0.3023799955844879,0.386126848053106,0.6731136463124585,-0.6079432368278503,76.01335144042969,192.4532012939453,59.867431640625,203.6715087890625,0.3337158233316215,20.3284912109375,39.96554183959961,1.9678192138671875,18.719451904296875,0.788087921229419
C:\My_Project\AIGC\ddim\cdf\Fake_from_Youtube-real\00069\Celeb-real_id47_0009_132.png,fake,df40_ddim,256,256,65536,0.09242315639002353,0.11039945483207703,0.009206567890942097,0.08339323848485947,0.0005083914147689939,-3.62906292356923,0.7413672731897922,1.0668261051177979,133.53904724121094,265.31671142578125,2.0280599985565417,0.1636325751975495,4.408575427054474,0.5857610456129863,0.13403273083098888,4.991971492767334,25.979360580444336,0.1104462593793869,0.44969536491015916,1.0077330701651122,-0.17927563190460205,61.03727722167969,180.40377807617188,63.081077575683594,205.00051879882812,0.3376201192209729,18.999481201171875,51.148162841796875,2.116363525390625,10.879615783691406,0.813308707051764
C:\My_Project\AIGC\ddim\cdf\Fake_from_Celeb-real\id52_0001\Celeb-real_id46_0003_000.png,fake,df40_ddim,256,256,65536,0.09693996841930447,0.13105109333992004,0.0143393250182271,0.10941782593727112,0.0007074192399159074,-3.207681980517761,0.42975630966584766,1.2644731998443604,130.3251953125,228.5750732421875,2.015069734451322,0.17066603648270334,4.147165281625112,0.5619405815614843,0.10719769385378841,5.18857479095459,45.792991638183594,0.03688737004995346,0.42745874890706076,1.0223112853672374,-0.06289748847484589,51.94318389892578,175.2490692138672,68.69841766357422,196.91282653808594,0.3150827327089355,27.087173461914062,58.3268928527832,10.117137908935547,39.6910400390625,0.8016828909173697
C:\My_Project\AIGC\ddim\cdf\Fake_from_Celeb-real\id39_0000\Celeb-real_id49_0009_088.png,fake,df40_ddim,256,256,65536,0.12926117000953646,0.10680229216814041,0.006374998018145561,0.059689711779356,0.000649459776468575,-3.653689109894966,0.6471142167737783,1.1240148544311523,162.429443359375,308.6534423828125,2.083999104867287,0.15244905296239888,5.340049342105258,0.5053985012152384,0.08546233312961192,5.8500189781188965,31.034791946411133,0.2659916579723358,0.3907944925113492,0.8873807556025992,0.46626147627830505,36.0033073425293,153.4014892578125,64.02194213867188,205.51768493652344,0.3310615225051878,18.482315063476562,52.845062255859375,2.383861541748047,12.199951171875,0.7962723553209798
C:\My_Project\AIGC\ddim\cdf\Fake_from_Celeb-real\id46_0009\Celeb-real_id6_0003_167.png,fake,df40_ddim,256,256,65536,0.1754401573547032,0.07477965950965881,0.0041984920389950275,0.0561448410153389,0.0002990021894220263,-3.6943668938569276,0.5161124604991942,0.7638006210327148,97.49433898925781,302.15228271484375,1.9040378269283103,0.1865071873027352,3.2835093490304645,0.6699410128215697,0.14008568554609807,3.255627393722534,47.088111877441406,0.052495524287223816,0.44008829845423436,0.9082196679301946,-0.08503792434930801,55.90058517456055,173.1809844970703,64.463623046875,209.2523956298828,0.3384264402493465,14.747604370117188,47.25039291381836,13.321533203125,29.535789489746094,0.8325752277651546
C:\My_Project\AIGC\ddim\cdf\Fake_from_Celeb-real\id32_0000\Celeb-real_id13_0000_273.png,fake,df40_ddim,256,256,65536,0.13843281229702967,0.11693490296602249,0.00765787111595273,0.06548833101987839,0.0005956037784926593,-3.535060345603312,0.5915252859122745,1.0377808809280396,114.78033447265625,309.2843322753906,2.15226876181775,0.13241831355668862,3.780819771468143,0.6230732365839297,0.12780290826111387,4.2483015060424805,47.21184539794922,0.16502045094966888,0.4261597523075723,0.9137808137858454,-0.27630841732025146,61.67076873779297,185.63230895996094,70.22950744628906,197.7432403564453,0.3150270793012818,26.256759643554688,44.70395278930664,9.150733947753906,0.5732269287109375,0.8060459763840377
C:\My_Project\AIGC\ddim\cdf\Fake_from_Celeb-real\id4_0008\Celeb-real_id5_0005_299.png,fake,df40_ddim,256,256,65536,0.09192926017888794,0.13147081434726715,0.01380300521850586,0.10498912632465363,0.0006286703865043819,-3.3146244348648386,0.4951601244490085,1.446963906288147,189.58963012695312,390.5809631347656,2.1092564215828284,0.14391147608759006,5.9841043397968585,0.579516914110512,0.1083982146497004,5.92584228515625,37.156280517578125,0.03580072149634361,0.44267422247933386,0.814044632431064,-0.054303329437971115,53.83694076538086,173.45401000976562,65.89268493652344,195.80789184570312,0.3097113420909184,28.192108154296875,79.35125732421875,15.717350006103516,53.347625732421875,0.8091169788386985
C:\My_Project\AIGC\ddim\cdf\Fake_from_Celeb-real\id59_0004\YouTube-real_00018_420.png,fake,df40_ddim,256,256,65536,0.10713685121608241,0.07824935764074326,0.005025126971304417,0.0642194002866745,0.00031247339211404324,-3.6661698718693834,0.546139076331982,0.9125226736068726,110.50273132324219,305.50616455078125,1.8987772658229551,0.19683281653426876,3.6474826869806014,0.6179975748031494,0.10647304650680062,3.7133564949035645,38.36787796020508,0.02783716470003128,0.4478079079123998,1.0520184206988077,0.036704808473587036,48.96063232421875,170.41465759277344,61.491641998291016,211.9010772705078,0.36407508275232897,12.098922729492188,50.1445198059082,5.0096893310546875,6.959541320800781,0.8330276677830568
C:\My_Project\AIGC\ddim\cdf\Fake_from_Youtube-real\00053\YouTube-real_00071_490.png,fake,df40_ddim,256,256,65536,0.09426473215377362,0.09100955724716187,0.006543225608766079,0.071896031498909,0.0003204990935046226,-3.5742922948789677,0.45883722569168084,1.2282196283340454,181.4127655029297,297.0946044921875,2.0559093815633656,0.1608660013563481,5.835764658356417,0.5191797731864904,0.09994989869412396,6.1339287757873535,38.57560729980469,0.04695548117160797,0.41902824283711837,1.192826581705326,0.07412861287593842,47.23200607299805,171.550537109375,60.80933380126953,211.37142944335938,0.37304007015272445,12.628570556640625,59.09450912475586,4.492069244384766,10.353324890136719,0.7999012727881194
C:\My_Project\AIGC\ddim\cdf\Fake_from_Celeb-real\id40_0009\Celeb-real_id52_0005_373.png,fake,df40_ddim,256,256,65536,0.09385657003361256,0.12895746529102325,0.006439665332436562,0.04993635043501854,0.0003181335923727602,-3.5792615899078335,0.6675687374925747,0.9746531844139099,109.7524185180664,286.984375,1.924044071836383,0.18478816730287959,3.559955274699904,0.6523977361529321,0.12213919787791022,3.514967679977417,58.26730728149414,0.0035211818758398294,0.42379771162569074,0.8752289636730458,-0.0006951188552193344,53.74333190917969,170.50250244140625,71.74533081054688,205.30958557128906,0.3108030053934002,18.690414428710938,62.20621109008789,15.890453338623047,2.537017822265625,0.8079228310646727
C:\My_Project\AIGC\ddim\cdf\Fake_from_Celeb-real\id12_0004\YouTube-real_00067_045.png,fake,df40_ddim,256,256,65536,0.04586720448542096,0.09341446310281754,0.008208259008824825,0.08786925673484802,0.0002217921137344092,-3.544382554828764,0.5681646716706381,1.0966507196426392,123.98817443847656,222.19146728515625,2.121911962331377,0.14132611466566258,3.9990059441366546,0.5567836159980102,0.11342662977946275,5.187173843383789,33.407257080078125,0.00777873769402504,0.4418226168225065,0.8189797577724852,-0.005060227587819099,53.490962982177734,170.52603149414062,64.06169128417969,197.34628295898438,0.3108851107750671,26.653717041015625,58.440242767333984,2.7914657592773438,12.56402587890625,0.8052707821455378
C:\My_Project\AIGC\ddim\ff\379\800_097.png,fake,df40_ddim,256,256,65536,0.06907615755557753,0.1284824013710022,0.009573334828019142,0.07451086491346359,0.0004470033454708755,-3.308962212417092,0.3722452896350256,1.5089126825332642,241.77755737304688,505.40643310546875,2.108789971593711,0.1418351868895976,7.686197483841178,0.5718490760131075,0.14677433806091836,6.447962760925293,28.26828956604004,0.004254141356796026,0.44093464899152074,1.1070454381820383,0.015796907246112823,51.270240783691406,173.32484436035156,63.205787658691406,206.4056396484375,0.3483378740203458,17.5943603515625,57.295387268066406,9.086231231689453,1.286468505859375,0.8007426187015056
C:\My_Project\AIGC\ddim\cdf\Fake_from_Celeb-real\id0_0007\Celeb-real_id33_0004_067.png,fake,df40_ddim,256,256,65536,0.07103870716159619,0.10940910875797272,0.010371818207204342,0.0947984978556633,0.00040419245488010347,-3.479791088788318,0.5974408642228866,1.2487313747406006,149.0725860595703,366.40838623046875,2.1280653254457857,0.13953761267989737,4.865036068790394,0.5646693462027252,0.11128610763082067,5.444797992706299,39.51276779174805,0.1192857101559639,0.4183289184207249,1.0527071105776642,0.2025039792060852,41.72768020629883,168.53778076171875,61.20612716674805,216.9177703857422,0.3935309537278842,7.0822296142578125,,,,0.809678451144741
C:\My_Project\AIGC\ddim\cdf\Fake_from_Youtube-real\00259\Celeb-real_id25_0002_087.png,fake,df40_ddim,256,256,65536,0.1173164528221179,0.13688483834266663,0.008967344649136066,0.06551013886928558,0.0006143416394479573,-3.3834011501237016,0.4917094826807318,1.2451977729797363,144.22390747070312,289.9867858886719,2.048060554336354,0.16129168566442048,4.71995787165281,0.5537120149642422,0.09764386267290696,5.262814044952393,60.40003204345703,0.0809587761759758,0.43742340504621063,0.9360811083942202,-0.1300601363182068,54.32121276855469,179.61444091796875,66.62498474121094,206.97488403320312,0.35046420505299075,17.025115966796875,57.7160758972168,17.58293914794922,23.38494110107422,0.7893798198242408
C:\My_Project\AIGC\ddim\cdf\Fake_from_Celeb-real\id37_0003\Celeb-real_id34_0005_153.png,fake,df40_ddim,256,256,65536,0.12285618137646007,0.09680064022541046,0.006164724472910166,0.06368475407361984,0.00037285577855072916,-3.8087603135889867,0.7632099667896202,0.5738582015037537,72.87139892578125,210.2638702392578,1.8724492936733006,0.19128956173122652,2.5323534164358237,0.7009636164468848,0.13991815014630857,2.700094223022461,25.022245407104492,0.3210992217063904,0.373094529341523,0.7934627565540457,0.6296479105949402,26.894676208496094,152.32968139648438,58.07686233520508,203.81272888183594,0.36432515896748663,20.187271118164062,35.4022331237793,5.585460662841797,14.637359619140625,0.8007469806758394
C:\My_Project\AIGC\ddim\cdf\Fake_from_Celeb-real\id40_0007\YouTube-real_00186_016.png,fake,df40_ddim,256,256,65536,0.1120548974694269,0.10664892196655273,0.005064759403467178,0.04749001935124397,0.0003181640349794179,-3.7391731434293214,0.730909866653803,0.8703708052635193,111.41907501220703,232.43519592285156,1.9580174425274608,0.18066341983234321,3.7308875807940884,0.6231463315128078,0.10844809457865301,3.9315359592437744,53.95143127441406,0.05542858690023422,0.419584919953941,0.9069298441060283,0.08083322644233704,45.362525939941406,172.7091522216797,63.50416564941406,208.3636932373047,0.3676533028357036,15.636306762695312,46.173770904541016,13.532196044921875,47.67992401123047,0.8208510804061504
C:\My_Project\AIGC\ddim\cdf\Fake_from_Youtube-real\00128\Celeb-real_id13_0003_306.png,fake,df40_ddim,256,256,65536,0.1104083050834417,0.13645510375499725,0.009592384099960327,0.0702969953417778,0.0005251883412711322,-3.5083523057997805,0.654725719126398,1.0299968719482422,108.6492919921875,252.8090362548828,2.056287959884078,0.1567475542531615,3.5022671398891942,0.6213016793576227,0.11531601546177318,4.188198566436768,39.931522369384766,0.14817163348197937,0.45643901134646186,0.7643983598292955,-0.23177427053451538,62.01411437988281,177.51931762695312,67.28264617919922,188.06361389160156,0.27803791103314074,35.93638610839844,67.63072967529297,18.332733154296875,47.06494140625,0.8074377676691
C:\My_Project\AIGC\ddim\cdf\Fake_from_Celeb-real\id9_0006\Celeb-real_id58_0000_315.png,fake,df40_ddim,256,256,65536,0.15539035244036667,0.11071523278951645,0.012669183313846588,0.11443035304546356,0.0008022424299269915,-3.5358051812572047,0.738005029493205,1.231366753578186,141.655517578125,309.4116516113281,2.114509490834739,0.1410624771404147,4.579416551246536,0.612569691991104,0.11818502947624307,4.942271709442139,27.072643280029297,0.1395013928413391,0.4456471702967617,0.8322150582045613,-0.22912295162677765,61.393882751464844,177.55950927734375,64.1432113647461,206.55685424804688,0.32971081894474275,17.443145751953125,67.1088638305664,9.500755310058594,28.726516723632812,0.8211904407244219
C:\My_Project\AIGC\ddim\cdf\Fake_from_Celeb-real\id13_0004\Celeb-real_id48_0003_021.png,fake,df40_ddim,256,256,65536,0.03973115644842539,0.12252742797136307,0.012411809526383877,0.10129821300506592,0.00027130491798743606,-3.3083614386355564,0.4603967985174876,1.0886669158935547,102.17543029785156,247.52638244628906,2.09943368802298,0.14321533991167418,3.355013273314865,0.6340301998805035,0.1545316415220399,4.2797675132751465,38.968345642089844,0.3071548640727997,0.393606578584291,0.9211282001022448,0.6088759303092957,30.716617584228516,157.00526428222656,57.86402130126953,216.84829711914062,0.40014965400391017,7.151702880859375,,,,0.6606361709385205
C:\My_Project\AIGC\ddim\cdf\Fake_from_Celeb-real\id30_0005\Celeb-real_id59_0000_525.png,fake,df40_ddim,256,256,65536,0.035295155188091024,0.09673993289470673,0.008762601763010025,0.09057895094156265,0.00016877094458322972,-3.6051008223831116,0.6850695961708535,0.652411162853241,58.083526611328125,117.66597747802734,2.0069946568802486,0.16618524874711424,1.9882707179132035,0.6755849545827436,0.15535024941067857,3.3195106983184814,29.92288589477539,0.02159464731812477,0.4312994275524648,1.077783757445034,-0.030660487711429596,51.619789123535156,174.54713439941406,65.62772369384766,208.21319580078125,0.34932345266687714,15.78680419921875,38.2392692565918,5.067607879638672,10.375701904296875,0.7942543811386571
C:\My_Project\AIGC\ddim\cdf\Fake_from_Youtube-real\00176\YouTube-real_00184_315.png,fake,df40_ddim,256,256,65536,0.05804694146127917,0.09428189694881439,0.005572681315243244,0.05910659208893776,0.00023181748110800982,-3.68475196137176,0.6441337556553066,0.7563022971153259,81.39620208740234,141.66307067871094,1.98313857355325,0.17670289023326666,2.753103647276084,0.6032912648083453,0.12025957288859293,3.854752540588379,32.7534294128418,0.010672546923160553,0.4301830454903314,1.0444024644990002,0.024086471647024155,48.791404724121094,172.6223602294922,59.90605926513672,205.3546905517578,0.35895732998187785,18.645309448242188,39.46700668334961,4.259441375732422,13.769889831542969,0.7954533619979003
C:\My_Project\AIGC\ddim\cdf\Fake_from_Celeb-real\id45_0000\Celeb-real_id53_0004_368.png,fake,df40_ddim,256,256,65536,0.05092476689117736,0.10196486860513687,0.007235267199575901,0.07095843553543091,0.00020678086730185896,-3.5934642665202463,0.6057860308472927,0.959614634513855,99.69671630859375,192.15843200683594,2.056411809878792,0.15456912379521026,3.2568005540166203,0.6260068064459476,0.13116753364815628,4.243905067443848,34.09028244018555,0.10771284997463226,0.44580151575411003,1.085002709284694,0.1823897510766983,45.60250473022461,165.53286743164062,62.9112663269043,205.08787536621094,0.3398296454428705,18.912124633789062,40.20846939086914,15.944746017456055,21.255645751953125,0.8152159882488377
C:\My_Project\AIGC\ddim\cdf\Fake_from_Celeb-real\id44_0002\Celeb-real_id56_0002_337.png,fake,df40_ddim,256,256,65536,0.10173147318097293,0.12009768187999725,0.009738286957144737,0.08108638972043991,0.00040752164204604924,-3.6466155076091056,0.7929650280747608,1.0739643573760986,121.5870132446289,321.0436096191406,2.107528440480471,0.1403920508483607,3.939690674053553,0.6661156819392434,0.15306220525863184,4.205746173858643,38.801300048828125,0.2798193693161011,0.4109208449824192,0.7805967473084136,-0.50594162940979,67.91630554199219,187.48216247558594,62.706016540527344,203.81674194335938,0.3362568719170649,20.183258056640625,41.823143005371094,28.25530242919922,0.7004852294921875,0.8142159337208845
C:\My_Project\AIGC\ddim\cdf\Fake_from_Celeb-real\id48_0002\YouTube-real_00062_292.png,fake,df40_ddim,256,256,65536,0.022840841128349304,0.09864934533834457,0.0045541743747889996,0.04616528004407883,6.955757271498442e-05,-3.598614096712718,0.49846443222827996,0.41872185468673706,39.38969802856445,97.09862518310547,2.0382392196825636,0.1558675205940904,1.4058815212373044,0.728644087841082,0.2214931038436496,2.4605154991149902,39.49153518676758,0.27290502190589905,0.398647994008115,0.8142551990610276,-0.4949799180030823,67.67993927001953,195.17491149902344,62.92909240722656,202.47817993164062,0.35458799104169336,21.521820068359375,24.940841674804688,2.444512367248535,10.573562622070312,0.8056967116441172
C:\My_Project\AIGC\ddim\cdf\Fake_from_Celeb-real\id13_0009\Celeb-real_id30_0003_272.png,fake,df40_ddim,256,256,65536,0.1273153894365996,0.10801411420106888,0.008768563158810139,0.08117979019880295,0.0006512305117212236,-3.675889650730329,0.7004855382044404,0.9002228379249573,109.65192413330078,249.2499542236328,2.0292100679650957,0.16392659445893312,3.6616551246537377,0.6156054085973658,0.12711020568256232,4.3448896408081055,30.383577346801758,0.013272215612232685,0.4638926054962684,0.8489920738714472,-5.2741714171133935e-05,53.06949996948242,169.3727569580078,72.7267837524414,209.27133178710938,0.31649744221257253,14.728668212890625,48.45892333984375,15.854814529418945,10.93560791015625,0.7775082629741945
C:\My_Project\AIGC\ddim\cdf\Fake_from_Youtube-real\00124\Celeb-real_id47_0004_252.png,fake,df40_ddim,256,256,65536,0.09644427690282088,0.12278681993484497,0.006384152453392744,0.05199379101395607,0.0002996452385559678,-3.6082482347637947,0.5414018520403515,0.7508140802383423,77.55101776123047,156.8734588623047,2.061947369388168,0.15441060254892575,2.6060736957525354,0.6274541459383456,0.12575588577948227,3.6348798274993896,51.054752349853516,0.034678250551223755,0.42077994983352,0.8099455163077253,0.054930366575717926,51.036319732666016,169.2282257080078,66.51605987548828,204.74183654785156,0.32559725764964437,19.258163452148438,45.37890625,16.25305938720703,35.17475128173828,0.8355366223773899
C:\My_Project\AIGC\ddim\cdf\Fake_from_Celeb-real\id23_0006\YouTube-real_00267_234.png,fake,df40_ddim,256,256,65536,0.1097977470671157,0.14178898930549622,0.007385845761746168,0.05209040269255638,0.0003525495412759483,-3.725609996412072,0.828662507035321,0.3290272653102875,43.45685577392578,96.04690551757812,1.8383158225346048,0.20578056948724163,1.5496791320406273,0.7014501208376022,0.1291125344140952,2.129021406173706,52.6197624206543,0.3268490135669708,0.38637295835993735,0.7928238777561891,0.669329822063446,26.841636657714844,147.72694396972656,67.37966918945312,204.29647827148438,0.3298634913516698,19.703521728515625,32.884674072265625,9.402473449707031,15.756893157958984,0.8324421321862516
C:\My_Project\AIGC\ddim\cdf\Fake_from_Youtube-real\00129\YouTube-real_00090_240.png,fake,df40_ddim,256,256,65536,0.12674184995570079,0.1294832080602646,0.010280665010213852,0.07939767092466354,0.0007627585437148809,-3.5315243207046167,0.6932729193546289,1.1304597854614258,120.97994995117188,255.32742309570312,2.0519716988729364,0.15560613200844253,3.887499422899351,0.6245607816326136,0.13922554840535367,4.532047748565674,33.00376892089844,0.0976141169667244,0.43237689173750377,0.8737315928958955,0.17560510337352753,46.52463912963867,167.250732421875,62.6429443359375,206.9934539794922,0.34731491338507736,17.006546020507812,52.34870147705078,2.4720420837402344,0.7895278930664062,0.818118538221416
C:\My_Project\AIGC\ddim\cdf\Fake_from_Youtube-real\00202\Celeb-real_id33_0006_025.png,fake,df40_ddim,256,256,65536,0.09009372016563298,0.14711958169937134,0.008496255613863468,0.057750679552555084,0.0003327831800561398,-3.8211148266822237,0.9892914630186928,-0.11584825813770294,25.443880081176758,66.47705841064453,2.023011874491187,0.15584515671291133,0.9718977954755313,0.7706691588930472,0.18183021962739734,1.8671461343765259,39.35540008544922,0.2251453548669815,0.41227783760765957,0.8790303282237281,-0.34540507197380066,65.3124771118164,186.88877868652344,63.84846496582031,204.8445281982422,0.3416330497526982,19.155471801757812,24.906940460205078,8.612749099731445,8.078346252441406,0.8278012712946108
C:\My_Project\AIGC\ddim\cdf\Fake_from_Celeb-real\id9_0002\Celeb-real_id3_0004_465.png,fake,df40_ddim,256,256,65536,0.060402492219290047,0.1550443321466446,0.010404977016150951,0.06710968911647797,0.00028302351711317897,-3.6670078663159766,0.9047323139934217,0.3259373605251312,31.59360122680664,80.09117126464844,2.0107605105330175,0.1574677916578033,1.1254374422899358,0.7811842453131512,0.26698223981814356,1.9957220554351807,45.96238327026367,0.32960182428359985,0.354676868752376,0.9872230028924326,0.7396464347839355,22.333316802978516,152.9893035888672,62.58171081542969,206.57965087890625,0.3749639858523753,17.42034912109375,25.662443161010742,6.911582946777344,3.8529129028320312,0.803425259111286
C:\My_Project\AIGC\ddim\cdf\Fake_from_Celeb-real\id4_0008\Celeb-real_id20_0009_290.png,fake,df40_ddim,256,256,65536,0.14657687907687145,0.12010136246681213,0.008334517478942871,0.06939569860696793,0.0009245002293027937,-3.654110625405918,0.7728895549842362,1.1306182146072388,154.52008056640625,267.71875,1.993089208999761,0.17292689284102608,5.03514312096029,0.5572828086872015,0.11171343405758885,5.202208518981934,71.12310791015625,0.16686080396175385,0.43801583763914703,0.8074022619540396,-0.28512462973594666,59.47904968261719,181.29751586914062,65.08118438720703,203.06626892089844,0.33500341506919773,20.933731079101562,55.68617630004883,1.2264785766601562,12.1405029296875,0.7945123376957142
C:\My_Project\AIGC\ddim\cdf\Fake_from_Celeb-real\id48_0003\Celeb-real_id26_0001_205.png,fake,df40_ddim,256,256,65536,0.1494813086490684,0.09445174038410187,0.01023376826196909,0.10834917426109314,0.0007350242231041193,-3.549217260765975,0.6629556948417259,1.1662126779556274,168.58119201660156,296.19512939453125,2.0343496215345858,0.1617797301839362,5.476766216528161,0.5720380048725842,0.1375008631954799,5.724114894866943,27.996009826660156,0.3147449493408203,0.3985703539923884,0.7665023539282498,-0.6319684386253357,68.98661041259766,196.27108764648438,58.97104263305664,205.28526306152344,0.3711640836081207,18.714736938476562,70.6019515991211,4.410854339599609,17.375755310058594,0.7915317043346448
C:\My_Project\AIGC\ddim\cdf\Fake_from_Celeb-real\id16_0013\YouTube-real_00251_246.png,fake,df40_ddim,256,256,65536,0.14918087586393067,0.14247484505176544,0.008724705316126347,0.06123681366443634,0.0008006182033568621,-3.641842492856838,0.795200398082741,1.1483311653137207,150.1519012451172,345.6709289550781,2.076733985952066,0.15271743701329482,4.907545013850408,0.6061366968012845,0.11606501995253818,4.804111003875732,32.757080078125,0.2895885407924652,0.4085225340888834,0.7925253897031814,-0.5327467322349548,68.04441833496094,192.6029052734375,64.18963623046875,206.90220642089844,0.3542741910479324,17.097793579101562,44.38066101074219,6.703853607177734,37.895843505859375,0.8172761352376483
C:\My_Project\AIGC\ddim\cdf\Fake_from_Celeb-real\id59_0005\YouTube-real_00232_409.png,fake,df40_ddim,256,256,65536,0.07998181699101768,0.1020146980881691,0.0074208686128258705,0.07274313271045685,0.0002807890996336937,-3.7412958159198118,0.77430963839584,0.848933756351471,103.69294738769531,193.4602813720703,2.0240221946343047,0.16386747062330395,3.5033382386888254,0.6035157038723153,0.13968466029316068,4.283653259277344,28.516597747802734,0.16173765063285828,0.4401722008681017,1.062569212585773,0.28581705689430237,41.557376861572266,163.0927276611328,65.42901611328125,208.5767364501953,0.34672967967363355,15.423263549804688,46.733089447021484,2.6230392456054688,25.07610321044922,0.8226860206724211
C:\My_Project\AIGC\ddim\cdf\Fake_from_Celeb-real\id52_0005\Celeb-real_id45_0006_040.png,fake,df40_ddim,256,256,65536,0.06438869239094726,0.09687142074108124,0.016772309318184853,0.17313989996910095,0.0005370394210331142,-3.3402273176934005,0.6803324502748679,1.417654275894165,171.4110107421875,483.105224609375,2.0831452448124597,0.1522150965146053,5.430954235918736,0.5872919119807485,0.1147637799436019,5.515445709228516,28.875898361206055,0.26345744729042053,0.3890575171782263,1.0476683057688225,-0.5364698171615601,60.6053581237793,198.51992797851562,59.694725036621094,221.86233520507812,0.44573653142445224,2.137664794921875,,,,0.7934653241770775
C:\My_Project\AIGC\ddim\cdf\Fake_from_Youtube-real\00083\Celeb-real_id2_0009_144.png,fake,df40_ddim,256,256,65536,0.053868247108229135,0.10221517086029053,0.006237186957150698,0.06102016940712929,0.0001247414038516581,-3.6084132190197886,0.5563164300154455,0.45296671986579895,41.41165542602539,104.16769409179688,2.0131415937947517,0.16104975584793568,1.466595106186518,0.7345681097074939,0.1676906584333273,2.3501787185668945,35.3590087890625,0.338839590549469,0.38474955438354036,0.8184434454022812,0.6966786980628967,33.69114685058594,146.96368408203125,67.6207046508789,208.56161499023438,0.318174715279186,15.438385009765625,33.58799362182617,2.111743927001953,20.6929931640625,0.8107874196001674
C:\My_Project\AIGC\ddim\cdf\Fake_from_Youtube-real\00262\Celeb-real_id60_0004_030.png,fake,df40_ddim,256,256,65536,0.06625615139130965,0.10272715240716934,0.009757809340953827,0.09498763829469681,0.00020583326113410294,-3.4906491049137753,0.5624401192524732,0.8335300087928772,69.98434448242188,146.4521484375,2.09897241805993,0.1475253289861016,2.3262021006463516,0.6319157339799719,0.12117787654921322,3.9029862880706787,34.92829132080078,0.04803169518709183,0.40893239025391653,0.8902968719553569,0.07640106976032257,42.39911651611328,174.92962646484375,62.93632507324219,207.00787353515625,0.3805380218981327,16.99212646484375,37.54942321777344,10.601339340209961,12.604171752929688,0.820477869827478
C:\My_Project\AIGC\ddim\cdf\Fake_from_Celeb-real\id37_0005\Celeb-real_id43_0005_139.png,fake,df40_ddim,256,256,65536,0.1394120357158607,0.09264694899320602,0.0029809274710714817,0.032175127416849136,0.0002579196006990969,-3.8868307621095735,0.6039165133176999,0.4868067502975464,79.45308685302734,181.6665802001953,1.9604496090396322,0.17572398426035254,2.712022449215139,0.6605884586881852,0.13551522420415343,3.0564451217651367,98.58917999267578,0.013710012659430504,0.4549832934942898,0.8413152739446091,-0.016989724710583687,55.420387268066406,170.88790893554688,62.633056640625,201.3470916748047,0.3192156777322383,22.652908325195312,37.691707611083984,8.370643615722656,40.63848114013672,0.8436562589605145
C:\My_Project\AIGC\ddim\cdf\Fake_from_Celeb-real\id7_0003\Celeb-real_id53_0002_196.png,fake,df40_ddim,256,256,65536,0.10809252639666785,0.12940113246440887,0.009729411453008652,0.07518799602985382,0.0006423168815672398,-3.460576283569396,0.6084862711196807,1.3208225965499878,174.9287872314453,299.4886779785156,2.1120755425562296,0.14434210710950515,5.515287396121883,0.5384727423359359,0.102221866255013,6.088833332061768,30.751922607421875,0.05141003802418709,0.4355724635990668,0.9808027280111002,-0.08844500035047531,53.85884094238281,177.08212280273438,65.60604095458984,208.13490295410156,0.3500253933235209,15.865097045898438,69.259765625,13.613243103027344,32.653289794921875,0.7995163084196548
C:\My_Project\AIGC\ddim\cdf\Fake_from_Celeb-real\id27_0003\Celeb-real_id37_0005_309.png,fake,df40_ddim,256,256,65536,0.06663536283596627,0.10937657952308655,0.007376866415143013,0.06744465976953506,0.00027503020828589797,-3.474739096025597,0.5029920685886086,0.9100673198699951,83.65632629394531,152.68936157226562,2.0274027721743124,0.15944521251394073,2.777260791782087,0.6497344785313944,0.15203410568298578,3.747387409210205,32.67479705810547,0.2627274692058563,0.40235421730908605,1.000802858738474,-0.5669613480567932,63.81425857543945,198.011474609375,59.15302276611328,222.42698669433594,0.4366811106902243,1.5730133056640625,,,,0.8103653517634974
C:\My_Project\AIGC\ddim\cdf\Fake_from_Celeb-real\id13_0000\YouTube-real_00056_481.png,fake,df40_ddim,256,256,65536,0.062284258591720244,0.1143881306052208,0.012935263104736805,0.11308221518993378,0.00048509854241274297,-3.3726583487988666,0.5957609934786733,1.3060963153839111,150.10629272460938,304.68896484375,2.1325597023067333,0.14004355338850105,4.809821387349951,0.5465528375093058,0.10872753472632095,5.956339359283447,30.778043746948242,0.04087425768375397,0.4529288387952815,0.7971783887879936,-0.07153230160474777,56.1746711730957,172.74183654785156,67.73693084716797,201.291748046875,0.31026997893641456,22.708251953125,47.88746643066406,5.447223663330078,7.613494873046875,0.7783102498250116
C:\My_Project\AIGC\ddim\cdf\Fake_from_Celeb-real\id16_0006\Celeb-real_id26_0003_224.png,fake,df40_ddim,256,256,65536,0.04334504002909376,0.12319329380989075,0.010860436595976353,0.08815769106149673,0.00021121901227161288,-3.3320312803483807,0.42774385899557654,1.2023322582244873,117.67591094970703,299.26556396484375,2.0942311496393193,0.14403460692088338,3.6904775507848537,0.6523360549225536,0.18267490042676732,4.395287036895752,32.62205123901367,0.046599313616752625,0.4719123300756328,0.8319127471142486,0.060075223445892334,54.147396087646484,163.5746612548828,66.34181213378906,188.05517578125,0.26544085854286853,35.94482421875,48.83023452758789,3.613780975341797,9.581192016601562,0.8075333609549773
C:\My_Project\AIGC\pixart\cdf\Fake_from_Celeb-real\id60_0003\Celeb-real_id56_0001_149.png,fake,df40_pixart,1024,1024,1048576,0.10816518669961735,0.09809525310993195,0.003098408691585064,0.03158571198582649,0.00019219280511606485,-4.248505639020498,1.0383265311304166,-0.49681589007377625,48.09236145019531,112.76744842529297,1.6776287792335032,0.23229430745612176,1.699558806555864,0.7776776523527773,0.3699339045194685,1.8972164392471313,58.37874221801758,0.04371511563658714,0.4265068613449742,0.691930286726625,0.07984640449285507,68.38983154296875,178.19537353515625,70.4221420288086,204.1936492919922,0.2927465891690394,19.806350708007812,41.62049865722656,10.756685256958008,21.735107421875,0.8780282170761708
C:\My_Project\AIGC\pixart\cdf\Fake_from_Celeb-real\id17_0002\YouTube-real_00081_218.png,fake,df40_pixart,1024,1024,1048576,0.18813410062183022,0.1353214830160141,0.006722068414092064,0.049674805253744125,0.0005427047144621611,-4.309929431577456,1.4854840023548208,-0.4296713173389435,71.79842376708984,200.61904907226562,1.6289881202981622,0.24073718022128435,2.4777542128347156,0.7364260071830073,0.35163959901570796,2.15077805519104,24.977067947387695,0.3006150722503662,0.4262902433186666,0.7758093548921515,0.5163299441337585,21.584056854248047,146.1100616455078,55.911468505859375,198.44232177734375,0.3537308218548152,21.584056854248047,49.24980926513672,24.214584350585938,40.91792297363281,0.8631520297536177
C:\My_Project\AIGC\pixart\cdf\Fake_from_Celeb-real\id56_0003\YouTube-real_00197_360.png,fake,df40_pixart,1024,1024,1048576,0.11694655383557008,0.0834750384092331,0.002181633375585079,0.0261351577937603,0.0001294360845349729,-4.284484018810626,0.9033025561831407,-0.5013092160224915,64.92585754394531,145.08938598632812,1.6970658915711971,0.22711082658684287,2.2797752192982457,0.7182628635602228,0.18590970139536467,2.2343318462371826,28.6168270111084,0.014333369210362434,0.4639619493865984,0.7316332222005736,9.337469236925244e-05,55.29848098754883,173.93748474121094,67.02886199951172,205.19137573242188,0.3266793484011105,18.808624267578125,43.919410705566406,2.3033790588378906,21.99560546875,0.8526006295536526
C:\My_Project\AIGC\pixart\cdf\Fake_from_Celeb-real\id53_0008\YouTube-real_00122_349.png,fake,df40_pixart,1024,1024,1048576,0.18118333916296125,0.12433190643787384,0.0035257323179394007,0.02835742197930813,0.00032060948433354497,-4.2319689431581935,1.142429276943264,-0.6586387753486633,41.15455627441406,95.45658111572266,1.5679904096928166,0.25636037058355615,1.5087684672206834,0.7536676646771272,0.2502446038469121,1.6227402687072754,64.06551361083984,0.04038538038730621,0.4826639560161072,0.9588653787379593,0.03130381926894188,55.84364318847656,173.88595581054688,52.70038604736328,194.19436645507812,0.33287381755079254,29.805633544921875,30.252273559570312,5.881793975830078,24.459930419921875,0.8558333580891819
C:\My_Project\AIGC\pixart\cdf\Fake_from_Celeb-real\id42_0004\Celeb-real_id53_0006_171.png,fake,df40_pixart,1024,1024,1048576,0.1759539120660992,0.10493477433919907,0.003967291209846735,0.03780721127986908,0.0003368394391145557,-4.303861144036083,1.1962471003034032,-0.5712063312530518,62.852996826171875,167.64849853515625,1.5537034078047811,0.26760036574955137,2.183373441828253,0.7536555400914148,0.43234934670641106,2.088815450668335,20.859134674072266,0.043816979974508286,0.4550012118178618,0.7825225988540525,-0.06400268524885178,67.96826171875,176.25271606445312,60.684547424316406,195.17147827148438,0.29023525038691594,28.828521728515625,47.03649139404297,8.01028823852539,35.221160888671875,0.8619898792566971
C:\My_Project\AIGC\pixart\cdf\Fake_from_Celeb-real\id41_0005\YouTube-real_00192_015.png,fake,df40_pixart,1024,1024,1048576,0.12413548512784514,0.1072864979505539,0.005200736690312624,0.048475220799446106,0.0004025230882689357,-4.510109462494648,1.628402130699125,-0.0222780704498291,109.22201538085938,383.2612609863281,1.5678473998357936,0.2869947561369693,3.6750100992613097,0.8229885032799382,0.5351156017586911,2.6000449657440186,22.131900787353516,0.017504433169960976,0.4287536269237219,0.9321773447820549,-0.013258729130029678,67.32206726074219,158.05726623535156,79.8283920288086,188.16778564453125,0.19591431035776308,35.83221435546875,47.01220703125,27.842761993408203,4.7319183349609375,0.8261874448669744
C:\My_Project\AIGC\pixart\ff\494\870_252.png,fake,df40_pixart,1024,1024,1048576,0.18194389879606293,0.09951938688755035,0.003568838117644191,0.035860732197761536,0.00047423021169379354,-4.445984437111262,1.384561873751893,0.2096962034702301,169.64549255371094,469.16534423828125,1.7008124935468871,0.22584350503320152,5.667271179593718,0.6973699434128909,0.1698808740460889,3.667111873626709,51.21609878540039,0.007669813930988312,0.4766667959557016,0.8140109973845859,0.0015839788829907775,54.91994857788086,172.60877990722656,68.18197631835938,208.75357055664062,0.32971354121504914,15.246429443359375,42.405826568603516,20.92410659790039,51.50701904296875,0.8453751085650403
C:\My_Project\AIGC\pixart\cdf\Fake_from_Celeb-real\id3_0003\YouTube-real_00029_327.png,fake,df40_pixart,1024,1024,1048576,0.13210279693698304,0.12168963253498077,0.003266335232183337,0.026841523125767708,0.00028533468139357865,-4.275532645544576,1.1815613748018214,-0.1461520940065384,94.5088882446289,248.71298217773438,1.6238017732257215,0.24739812781839554,3.252365246999073,0.6890892454240326,0.16247188436784915,2.5875017642974854,79.76234436035156,0.052993934601545334,0.49400219553872177,0.7776980506416336,0.08874423056840897,32.89127731323242,189.33489990234375,37.85163879394531,229.7425537109375,0.598296194825279,-5.7425537109375,,,,0.8337140691128653
C:\My_Project\AIGC\pixart\cdf\Fake_from_Youtube-real\00025\Celeb-real_id5_0002_447.png,fake,df40_pixart,1024,1024,1048576,0.10687673019520043,0.08074577897787094,0.0020083622075617313,0.024872656911611557,0.00012153128773206845,-4.339904605794804,0.9177024232702907,-0.5654815435409546,58.95914840698242,144.03195190429688,1.6721329846595443,0.22837556555389313,2.0759048938134805,0.7405403675480406,0.23315094102981643,2.046942949295044,75.438720703125,0.11891680210828781,0.4298601042282147,0.881907655093495,0.18614651262760162,49.34142303466797,170.4605255126953,72.85041046142578,208.915283203125,0.3284449789792255,15.084716796875,37.6611328125,8.078872680664062,22.65583038330078,0.8584783698644713
C:\My_Project\AIGC\pixart\cdf\Fake_from_Celeb-real\id22_0001\Celeb-real_id32_0009_370.png,fake,df40_pixart,1024,1024,1048576,0.20292160122173547,0.1607847511768341,0.011671804822981358,0.07259273529052734,0.0014218256110325456,-4.609658644051712,2.08282172215786,-0.33706051111221313,127.8875732421875,436.4238586425781,1.5172508709800119,0.284115073582571,4.317203370267773,0.7556733988574824,0.317678302652216,2.845092535018921,21.745656967163086,0.04401003569364548,0.4173065544076305,0.9706693236956936,0.08001630008220673,53.1134147644043,167.23410034179688,69.93325805664062,210.7388458251953,0.32024932655602645,13.261154174804688,50.71406936645508,25.906524658203125,3.2994003295898438,0.852569872976801
C:\My_Project\AIGC\pixart\cdf\Fake_from_Youtube-real\00096\YouTube-real_00142_231.png,fake,df40_pixart,1024,1024,1048576,0.13481632937855684,0.10087709128856659,0.004268927033990622,0.04231810197234154,0.00027613117708824575,-4.3010701383555,1.2164370545965029,-0.33658841252326965,69.47906494140625,217.11203002929688,1.6282890925872175,0.24479942925519518,2.475622114496766,0.7246092554796578,0.2748884167583442,2.1162590980529785,43.51231002807617,0.04556557536125183,0.443653619089151,0.8308316281918658,-0.07599671930074692,59.671119689941406,170.9263458251953,68.43885040283203,203.54000854492188,0.29955974769277954,20.459991455078125,41.56538391113281,16.16818618774414,35.747100830078125,0.8588759543055957
C:\My_Project\AIGC\pixart\cdf\Fake_from_Celeb-real\id26_0003\Celeb-real_id54_0008_325.png,fake,df40_pixart,1024,1024,1048576,0.09523940673144682,0.10339578241109848,0.004655069671571255,0.04502185061573982,0.00026416106265969574,-4.252423248200812,1.1875395428543143,-0.210450679063797,75.12610626220703,159.9233856201172,1.738084310671248,0.2305452123576033,2.6073998730378545,0.6869484143050002,0.15191801864865548,2.660395383834839,29.398019790649414,0.04870067909359932,0.42663857670231253,0.8980086964567804,-0.07077482342720032,46.45459747314453,171.909423828125,53.10637283325195,202.56118774414062,0.3736811992299363,21.438812255859375,42.578800201416016,0.3128623962402344,15.1531982421875,0.8386155865136509
C:\My_Project\AIGC\pixart\cdf\Fake_from_Youtube-real\00218\Celeb-real_id36_0007_434.png,fake,df40_pixart,1024,1024,1048576,0.1460567141341102,0.0844566822052002,0.0034708527382463217,0.04109624773263931,0.00027358601801097393,-4.490990803851922,1.38059639786339,-0.022582897916436195,138.09320068359375,507.97119140625,1.7747696926333403,0.21099906343065264,4.689549861495838,0.726408739596816,0.2584280446112015,3.1561810970306396,21.557872772216797,0.04514158144593239,0.444395751213956,0.736829701751939,0.08348265290260315,49.573875427246094,166.424560546875,60.538822174072266,198.624267578125,0.3215756317863655,25.375732421875,46.204010009765625,29.99576759338379,18.244186401367188,0.8242106489830192
C:\My_Project\AIGC\pixart\cdf\Fake_from_Celeb-real\id35_0008\YouTube-real_00081_145.png,fake,df40_pixart,1024,1024,1048576,0.20189184491372264,0.07444529980421066,0.0032486182171851397,0.043637651950120926,0.0002949982590507716,-4.342434537728534,1.1236919631236595,-0.46916642785072327,64.50115966796875,192.70289611816406,1.5773784870457914,0.264561914096818,2.214828024007386,0.779624551456929,0.4792358226499026,2.0569629669189453,116.01575469970703,0.12461648136377335,0.4327074437101542,0.9899888582029197,0.21480144560337067,52.858421325683594,162.194580078125,67.67494201660156,209.18991088867188,0.3083686045608156,14.810089111328125,46.957862854003906,17.631500244140625,36.039451599121094,0.8801323382602071
C:\My_Project\AIGC\pixart\cdf\Fake_from_Celeb-real\id17_0009\Celeb-real_id57_0007_227.png,fake,df40_pixart,1024,1024,1048576,0.13545109648172277,0.07830285280942917,0.003994845785200596,0.0510178841650486,0.0003730988537427038,-4.413224583159376,1.3308609500014694,-0.038267869502305984,93.90850830078125,242.8706512451172,1.6904369306838798,0.23884712403538527,3.192384868421051,0.76076472352969,0.38112851878056064,2.9235904216766357,24.700965881347656,0.03410767391324043,0.4157853833631885,0.9685763263108532,0.044812582433223724,52.21879959106445,164.56072998046875,64.87342834472656,194.54144287109375,0.29032117071216135,29.45855712890625,46.61941909790039,14.349082946777344,25.81006622314453,0.8458741969492607
C:\My_Project\AIGC\pixart\cdf\Fake_from_Celeb-real\id22_0008\Celeb-real_id19_0008_072.png,fake,df40_pixart,1024,1024,1048576,0.1535045328632244,0.14383846521377563,0.005684347823262215,0.039518967270851135,0.0005237567238509655,-4.154750756545515,1.2720712881487752,-0.04666538164019585,63.65963363647461,221.4300079345703,1.6832909638179883,0.22413749964919408,2.2275522276084914,0.7615218034461043,0.20740339969414848,2.03019118309021,51.75834274291992,0.0897098034620285,0.4530710187291641,0.8836726407600451,0.15408651530742645,52.891422271728516,177.87391662597656,60.74229049682617,217.96588134765625,0.3916254096753124,6.03411865234375,,,,0.8178294910835255
C:\My_Project\AIGC\pixart\cdf\Fake_from_Youtube-real\00271\YouTube-real_00286_461.png,fake,df40_pixart,1024,1024,1048576,0.10156976352993388,0.09120170027017593,0.0024627351667732,0.027003170922398567,0.0001539397781016305,-4.243475465363754,0.9728800032851067,-0.2546294033527374,67.53870391845703,167.5508270263672,1.6861974294591529,0.23365073182194593,2.381862592336104,0.712785113032137,0.1663375575461542,2.2523765563964844,98.91150665283203,0.0371091365814209,0.4295969610875962,0.8031668031551048,-0.049674492329359055,36.76572036743164,184.3654022216797,54.31134796142578,226.62185668945312,0.5068753242267312,-2.621856689453125,,,,0.8569402927159899
C:\My_Project\AIGC\pixart\cdf\Fake_from_Youtube-real\00206\Celeb-real_id59_0009_000.png,fake,df40_pixart,1024,1024,1048576,0.15514404315510677,0.13340578973293304,0.0054650455713272095,0.04096557945013046,0.0005140940193086863,-4.57489265168419,1.759204766951817,-0.10444031655788422,162.94776916503906,539.2096557617188,1.7218983451704128,0.21977841918640262,5.4397567520775505,0.7306765302346669,0.3057279352475758,3.129512310028076,32.75164794921875,0.033028896898031235,0.43426583817266656,0.7373543473220056,0.06623388081789017,51.73904800415039,168.6898956298828,60.49203872680664,210.16075134277344,0.3488497051078099,13.839248657226562,51.54339599609375,31.712600708007812,1.5247344970703125,0.8375849845033088
C:\My_Project\AIGC\pixart\cdf\Fake_from_Celeb-real\id8_0003\Celeb-real_id1_0005_054.png,fake,df40_pixart,1024,1024,1048576,0.1748571677389051,0.04065331444144249,0.0019862044136971235,0.048857130110263824,0.000146764112287201,-4.27786023073835,0.8779316667876533,-0.3107883930206299,58.67945861816406,165.61471557617188,1.6872091078563902,0.22828435441048534,2.065728012465373,0.766574125421581,0.3338051459223073,2.215700387954712,16.209239959716797,0.041476842015981674,0.44761791737299256,0.8036500303121257,0.07175292074680328,44.56148910522461,168.44781494140625,58.4228401184082,214.03591918945312,0.384214218314871,9.964080810546875,,,,0.8545398793011145
C:\My_Project\AIGC\pixart\cdf\Fake_from_Youtube-real\00061\Celeb-real_id57_0003_322.png,fake,df40_pixart,1024,1024,1048576,0.17290058229145053,0.07070833444595337,0.0026255296543240547,0.03713183104991913,0.0002349089627387002,-4.246574869103711,0.9428155647738505,-0.2702920734882355,73.68964385986328,179.3041229248047,1.6586805305050303,0.23564957917009677,2.5395844875346247,0.7175619362866987,0.3034266931103359,2.518665313720703,40.048133850097656,0.12664882838726044,0.4673916382917368,0.8787661253141467,0.20708855986595154,44.445777893066406,172.81825256347656,54.14936828613281,206.02891540527344,0.388575281319859,17.971084594726562,38.3109016418457,13.407543182373047,28.94415283203125,0.8611335191709699
C:\My_Project\AIGC\pixart\cdf\Fake_from_Celeb-real\id16_0004\Celeb-real_id23_0002_071.png,fake,df40_pixart,1024,1024,1048576,0.19028714534224378,0.13318277895450592,0.0034904011990875006,0.02620759978890419,0.00035367917735129595,-4.356984011011254,1.3292366719544237,-0.6837534308433533,75.17095947265625,264.62835693359375,1.5132403609526877,0.2756599400848809,2.5678087488457964,0.7656661200181261,0.39107094781164337,1.906797170639038,77.45867919921875,0.23186585307121277,0.4210727284855089,0.9084097396502558,-0.38256826996803284,56.79883575439453,194.58444213867188,39.06336975097656,211.94091796875,0.47472970765730743,12.05908203125,33.46004104614258,17.5452880859375,37.031951904296875,0.8431530330014994
C:\My_Project\AIGC\pixart\cdf\Fake_from_Celeb-real\id5_0004\Celeb-real_id33_0002_290.png,fake,df40_pixart,1024,1024,1048576,0.1829647556763384,0.08987297117710114,0.004526014439761639,0.05036012828350067,0.0004816189466509968,-4.23752765747029,1.1383624798682466,0.02190132811665535,81.15819549560547,260.332763671875,1.6964464475882701,0.22364090979471649,2.831449965373958,0.742765955987571,0.24071516985008298,2.490098714828491,19.38105583190918,0.06716906279325485,0.4349275560293259,1.040562191353742,-0.08653487265110016,59.6263313293457,160.74850463867188,56.064476013183594,176.675048828125,0.24307244991887772,47.324951171875,46.1445198059082,11.792911529541016,28.30280303955078,0.8723642670142162
C:\My_Project\AIGC\pixart\cdf\Fake_from_Celeb-real\id23_0006\Celeb-real_id16_0006_194.png,fake,df40_pixart,1024,1024,1048576,0.09776179973124624,0.09722499549388885,0.002257484942674637,0.02321918122470379,0.00014683442714158446,-4.182948231994417,0.8579148431722775,-0.5217449069023132,44.48539733886719,103.71439361572266,1.6409325943059614,0.2369930548550734,1.575324619113573,0.7674467276657175,0.40733664998219643,1.7107056379318237,114.10199737548828,0.03195254132151604,0.42713218148259163,0.9110633392026917,0.05320851877331734,53.4660758972168,164.64353942871094,60.58319091796875,199.59017944335938,0.30800471136408725,24.409820556640625,31.816762924194336,8.834053039550781,14.598075866699219,0.843260193932025
C:\My_Project\AIGC\pixart\cdf\Fake_from_Youtube-real\00236\Celeb-real_id28_0001_053.png,fake,df40_pixart,1024,1024,1048576,0.1639404115541514,0.12267173826694489,0.003944782540202141,0.03215722367167473,0.0004120197845622897,-4.417594475009917,1.3678156998264535,-0.43437498807907104,89.27291107177734,246.8471221923828,1.64658712803751,0.23421427986116422,3.0749492151431213,0.7395648732447359,0.2610054853708697,2.4739251136779785,42.7882080078125,0.1786026954650879,0.45222864637026083,0.8535691728362764,-0.29416903853416443,64.06684875488281,185.82275390625,65.24620819091797,209.20663452148438,0.3493309951740838,14.793365478515625,44.32465744018555,19.58917236328125,38.451255798339844,0.848351101998901
C:\My_Project\AIGC\pixart\cdf\Fake_from_Celeb-real\id24_0009\Celeb-real_id40_0007_095.png,fake,df40_pixart,1024,1024,1048576,0.1097820959695727,0.08092615008354187,0.0020910282619297504,0.02583872154355049,0.00014107770402915776,-4.21134169992004,0.8960092387500239,-0.4237743020057678,54.9235725402832,117.17163848876953,1.6940824371043135,0.22840011402846674,1.9483422783933526,0.7168114473822892,0.25314856926772267,2.2921876907348633,30.600374221801758,0.03370191156864166,0.4370377412656812,0.9283915884307931,-0.06187943369150162,42.84463119506836,181.14852905273438,53.88372039794922,222.3597869873047,0.4643833048675773,1.6402130126953125,,,,0.8636186760919671
C:\My_Project\AIGC\pixart\cdf\Fake_from_Youtube-real\00248\Celeb-real_id44_0000_000.png,fake,df40_pixart,1024,1024,1048576,0.16304134906981582,0.08830736577510834,0.004400280769914389,0.0498291477560997,0.0003263995749875903,-4.123084409435967,1.0020629060459454,-0.34142035245895386,43.83970260620117,104.09630584716797,1.7270315349640397,0.21787768867997911,1.5768406625115423,0.7396683161232676,0.19108494533173254,2.090200185775757,19.751176834106445,0.02736874483525753,0.39573132955686763,0.8756938674696264,-0.038732003420591354,56.25160217285156,180.64231872558594,68.50496673583984,222.8168182373047,0.3825526502879136,1.1831817626953125,,,,0.837261001277696
C:\My_Project\AIGC\pixart\cdf\Fake_from_Celeb-real\id37_0002\YouTube-real_00172_136.png,fake,df40_pixart,1024,1024,1048576,0.14078006940518137,0.10615360736846924,0.0024053172674030066,0.022658836096525192,0.0002277333987876773,-4.270906778505988,1.061841222682367,-0.5273112654685974,65.17552947998047,169.4496307373047,1.5988253273814987,0.2564509628912351,2.2867676592797768,0.7018836106456687,0.14075018106900292,2.1500751972198486,46.32220458984375,0.016487587243318558,0.47836983582521364,0.7282908016541215,-0.018277695402503014,39.943092346191406,200.840087890625,35.303470611572266,232.8426513671875,0.6334395066543225,-8.8426513671875,,,,0.8613962342812727
C:\My_Project\AIGC\pixart\cdf\Fake_from_Celeb-real\id47_0000\Celeb-real_id56_0000_241.png,fake,df40_pixart,1024,1024,1048576,0.10887849565822254,0.07926925271749496,0.0029058395884931087,0.03665784373879433,0.0001805892534321174,-4.42791793904096,1.1458351578098913,-0.4384693503379822,94.44058990478516,215.3856964111328,1.6054336416874848,0.24779086925247618,3.233003231763618,0.7208987505817454,0.34734366218776824,2.7632832527160645,43.09910583496094,0.06996434181928635,0.4325126879081707,1.120531100307913,-0.13312767446041107,44.945430755615234,169.8759765625,55.14392852783203,209.43528747558594,0.3841618241117042,14.564712524414062,47.51643753051758,11.091255187988281,23.084243774414062,0.8727239947310217
C:\My_Project\AIGC\pixart\cdf\Fake_from_Celeb-real\id55_0008\YouTube-real_00115_240.png,fake,df40_pixart,1024,1024,1048576,0.1236990937585618,0.09940802305936813,0.0029958905652165413,0.030137313529849052,0.00026044537662528455,-4.4305431518571154,1.252950414923363,-0.3350967764854431,97.97779083251953,237.52035522460938,1.680157925107286,0.23036901655916073,3.338464912280701,0.7256283326224401,0.3399967853699282,2.7249507904052734,119.76024627685547,0.05651881918311119,0.4516709610873621,0.8642462128624363,0.09814154356718063,51.001556396484375,168.65174865722656,58.993045806884766,201.79629516601562,0.334837965213657,22.203704833984375,50.235660552978516,10.656166076660156,23.81751251220703,0.8407437103205098
C:\My_Project\AIGC\pixart\cdf\Fake_from_Celeb-real\id40_0009\Celeb-real_id27_0007_298.png,fake,df40_pixart,1024,1024,1048576,0.16165947060244337,0.1524626463651657,0.0068392204120755196,0.044858332723379135,0.0008905738359317183,-4.314427864904695,1.545736237018749,-0.031005660071969032,105.64530181884766,267.0181884765625,1.6776183147450945,0.23701478162937886,3.6309882848568744,0.6860407751555558,0.19600858187948603,2.991957426071167,16.482223510742188,0.013115188106894493,0.4543909081904803,1.0075231315623705,-0.022652776911854744,43.67411804199219,187.37071228027344,54.41111755371094,229.82162475585938,0.5023495790528985,-5.821624755859375,,,,0.8392725520557001
C:\My_Project\AIGC\pixart\cdf\Fake_from_Celeb-real\id37_0007\YouTube-real_00229_394.png,fake,df40_pixart,1024,1024,1048576,0.12226819133963135,0.07021977752447128,0.003088646801188588,0.04398542270064354,0.00019347466877661645,-4.246747312632747,0.9310380520968526,-0.15254944562911987,66.43903350830078,242.83047485351562,1.6962835356882928,0.22753469013562058,2.3124538319482904,0.7301723133483743,0.3106564846489646,2.3284356594085693,24.169668197631836,0.03323531895875931,0.42514451148662147,0.9171260502680654,-0.044019293040037155,52.511497497558594,175.49993896484375,73.56779479980469,215.83377075195312,0.3487139400545481,8.166229248046875,,,,0.841523239279212
C:\My_Project\AIGC\pixart\cdf\Fake_from_Celeb-real\id33_0009\Celeb-real_id31_0008_356.png,fake,df40_pixart,1024,1024,1048576,0.1533087013964301,0.11329469829797745,0.004875709768384695,0.043035637587308884,0.00030206082738004625,-4.185077745456376,1.1512357715564503,-0.26194337010383606,58.017330169677734,137.85060119628906,1.6957186843921643,0.22889004762547058,2.025167359187442,0.7227768043432599,0.23151168771450542,2.092625617980957,25.03676414489746,0.12714634835720062,0.4142092050066852,0.9920648141204976,0.20432446897029877,23.87111473083496,173.5690155029297,40.63434600830078,217.35311889648438,0.5272327273673001,6.646881103515625,,,,0.8412140387911791
C:\My_Project\AIGC\pixart\cdf\Fake_from_Celeb-real\id4_0003\Celeb-real_id16_0006_000.png,fake,df40_pixart,1024,1024,1048576,0.13934267965588298,0.044926829636096954,0.0013181203976273537,0.029339270666241646,9.789797331904992e-05,-4.232632431404448,0.7036556649943279,-0.6289724111557007,41.82823944091797,109.91434478759766,1.669504457679729,0.2319837845846396,1.519963642659279,0.7555816785381814,0.2432722956408881,1.7829598188400269,20.0555362701416,0.11922435462474823,0.4496606906787972,0.9701738502170127,0.20712924003601074,44.80027389526367,185.09420776367188,58.51979064941406,221.33641052246094,0.45524123288319107,2.6635894775390625,,,,0.8633637592973429
C:\My_Project\AIGC\pixart\cdf\Fake_from_Celeb-real\id39_0000\YouTube-real_00182_477.png,fake,df40_pixart,1024,1024,1048576,0.1662009322842938,0.07337970286607742,0.0032813160214573145,0.04471693933010101,0.0003055827401112765,-4.152316447037411,0.9302683277512815,-0.035791587084531784,56.53285598754883,140.71714782714844,1.7152423585630472,0.2297282038207652,1.9859790512465343,0.7634114443728075,0.41328965317624733,2.184614419937134,24.496767044067383,0.03959092125296593,0.4202685321327282,0.9779173778338899,0.06374943256378174,58.46167755126953,163.30569458007812,56.55500030517578,185.2772216796875,0.26896832688487277,38.7227783203125,45.35187911987305,3.6094017028808594,39.76231384277344,0.8330914447698277
C:\My_Project\AIGC\pixart\cdf\Fake_from_Youtube-real\00155\YouTube-real_00037_439.png,fake,df40_pixart,1024,1024,1048576,0.1218632343351529,0.07598983496427536,0.0019413841655477881,0.025547945871949196,0.00015795057697687298,-4.387869577454903,1.0014445548619342,-0.38121938705444336,83.85713958740234,192.03903198242188,1.6540166077636143,0.23401147650957407,2.872609649122805,0.7177959690542838,0.18331270136554795,2.5238659381866455,69.52426147460938,0.012306408025324345,0.4185789497922327,0.8582446616532684,0.023827366530895233,39.18864822387695,177.3679962158203,58.609474182128906,215.54559326171875,0.43218531989006115,8.45440673828125,,,,0.8651230839277027
C:\My_Project\AIGC\pixart\cdf\Fake_from_Celeb-real\id30_0005\Celeb-real_id12_0002_046.png,fake,df40_pixart,1024,1024,1048576,0.133905195393231,0.08671896159648895,0.0035045018885284662,0.04041217640042305,0.0002801313530653715,-4.399109959118247,1.230971551763392,-0.08356059342622757,108.04576873779297,339.5699462890625,1.6540569570464263,0.235948762810265,3.703399988457984,0.7137589171679004,0.17044767959320983,2.850348949432373,36.69524383544922,0.039557166397571564,0.416956433901866,0.9586013640698643,0.07131149619817734,48.024742126464844,177.64212036132812,58.22807312011719,203.53009033203125,0.37535209110421874,20.46990966796875,41.35659408569336,14.935003280639648,17.939102172851562,0.8604371189837998
C:\My_Project\AIGC\pixart\cdf\Fake_from_Celeb-real\id19_0005\Celeb-real_id45_0005_042.png,fake,df40_pixart,1024,1024,1048576,0.21191249040452895,0.10432660579681396,0.0016117343911901116,0.01544892881065607,0.00021614486468024552,-4.228804335904449,0.9048311453316547,-0.7603930830955505,46.87656784057617,125.00790405273438,1.5710306823807383,0.2577163381707614,1.6475626154201282,0.7819837181859645,0.32539989999186925,1.6145027875900269,82.16921997070312,0.022684337571263313,0.4629295219508961,0.7841925688524516,-0.027173634618520737,61.78062438964844,200.34918212890625,50.686580657958984,220.84629821777344,0.4699216088883719,3.1537017822265625,,,,0.849901760735257
C:\My_Project\AIGC\pixart\cdf\Fake_from_Youtube-real\00081\Celeb-real_id33_0003_031.png,fake,df40_pixart,1024,1024,1048576,0.17005699484650735,0.14525285363197327,0.005963938310742378,0.04105900600552559,0.0006760794203728437,-4.193136772975475,1.355191233811006,-0.30566224455833435,54.483184814453125,142.13241577148438,1.6691727474145912,0.23064292485095325,1.950326061865188,0.7321739048294249,0.16924027547337156,2.060847759246826,41.2431755065918,0.0142603674903512,0.4271755723343727,0.9154356635057386,0.03574923053383827,48.854305267333984,185.48934936523438,53.498680114746094,208.5888671875,0.42232849469541917,15.4111328125,33.26955032348633,4.514823913574219,23.080413818359375,0.8417328118304113
C:\My_Project\AIGC\pixart\cdf\Fake_from_Youtube-real\00137\Celeb-real_id36_0005_169.png,fake,df40_pixart,1024,1024,1048576,0.214344875825777,0.10879705101251602,0.004806588403880596,0.04417940229177475,0.00059117516502738,-4.456217716394539,1.5019486277137324,-0.29568490386009216,106.92352294921875,298.13665771484375,1.5590464370098194,0.2604703533803359,3.6482271468144045,0.7310632692803103,0.2518805456739789,2.790715456008911,17.536264419555664,0.05276334658265114,0.4649188189496387,0.9669529692760249,-0.11164237558841705,58.850250244140625,177.94363403320312,60.77233123779297,203.34141540527344,0.33838956188641794,20.658584594726562,55.419952392578125,17.99443817138672,41.06073760986328,0.821831456454607
C:\My_Project\AIGC\pixart\cdf\Fake_from_Youtube-real\00170\YouTube-real_00162_201.png,fake,df40_pixart,1024,1024,1048576,0.1492453857008831,0.07754281163215637,0.0014996883692219853,0.019340135157108307,0.0001422941277269274,-4.470455742750668,1.007963798237087,-0.2602517604827881,126.16936492919922,310.41156005859375,1.6613837131060436,0.24881228344085962,4.307250981071091,0.6523188219331525,0.1595918225560245,3.231996536254883,109.90021514892578,0.07519599050283432,0.4419804867965184,0.8270979117772455,0.090420201420784,49.25798416137695,178.4271697998047,51.583744049072266,201.60829162597656,0.38621150821672284,22.391708374023438,33.202369689941406,0.8138923645019531,43.503902435302734,0.8303649723572093
C:\My_Project\AIGC\pixart\cdf\Fake_from_Celeb-real\id26_0000\YouTube-real_00056_171.png,fake,df40_pixart,1024,1024,1048576,0.13955507639410916,0.07398487627506256,0.0012000288115814328,0.01621991954743862,8.224366320064291e-05,-4.284838683741985,0.7342637285378699,-0.6392626762390137,58.56343078613281,145.99989318847656,1.6688281639835536,0.23132827151869298,2.063916493536471,0.7325286005172883,0.24417146548511875,1.982530117034912,439.2811584472656,0.08755707740783691,0.4603551435207089,0.8643895253107677,-0.13272233307361603,56.55180358886719,191.62557983398438,54.290931701660156,219.3393096923828,0.4443101817270886,4.6606903076171875,,,,0.8649084221511494
C:\My_Project\AIGC\pixart\cdf\Fake_from_Youtube-real\00190\YouTube-real_00202_417.png,fake,df40_pixart,1024,1024,1048576,0.15946584977833633,0.06520857661962509,0.0023763314820826054,0.03644200786948204,0.00016936688916757703,-4.397635338897339,1.0650528456216826,-0.16893789172172546,96.06766510009766,248.96017456054688,1.6465774024368967,0.242092040418238,3.249826292705446,0.7214949904001686,0.2852370020742436,2.8862967491149902,30.714496612548828,0.1571202576160431,0.42551866182910947,0.7896410470316586,0.26616886258125305,44.76396560668945,184.4561767578125,55.27959060668945,218.37826538085938,0.45407394999644635,5.621734619140625,,,,0.8379824085223255
C:\My_Project\AIGC\pixart\cdf\Fake_from_Celeb-real\id6_0007\Celeb-real_id59_0009_315.png,fake,df40_pixart,1024,1024,1048576,0.14208198519263668,0.10977434366941452,0.004286069422960281,0.03904436528682709,0.0004614844510797411,-4.301429945292911,1.3009010794967275,-0.1347969025373459,96.83931732177734,251.86697387695312,1.716895461220702,0.22171574679576866,3.3345836218836515,0.7231172778209793,0.23223718758682257,2.695725679397583,18.165372848510742,0.13647449016571045,0.43416326128799293,0.7796370432242409,0.21221239864826202,46.58860397338867,164.88742065429688,63.008544921875,206.42959594726562,0.33814055770559365,17.570404052734375,50.30961608886719,19.94394302368164,28.46033477783203,0.8366082858747355
C:\My_Project\AIGC\pixart\cdf\Fake_from_Celeb-real\id9_0009\YouTube-real_00207_016.png,fake,df40_pixart,1024,1024,1048576,0.17694845615817606,0.146803081035614,0.005609739571809769,0.03821268305182457,0.0006819470436312258,-4.199974501568668,1.3346385753469658,-0.2038249522447586,70.8569564819336,159.90988159179688,1.6485298990360777,0.2587357282340651,2.492589162049861,0.6749648368183644,0.14818540087173465,2.445920944213867,31.55295753479004,0.06568726152181625,0.44346259155492307,0.9702589967024021,-0.09829262644052505,54.057926177978516,178.19662475585938,64.00922393798828,209.33267211914062,0.3595396948752065,14.667327880859375,41.010372161865234,14.730918884277344,47.53661346435547,0.8485346674274012
C:\My_Project\AIGC\pixart\cdf\Fake_from_Youtube-real\00190\Celeb-real_id12_0003_378.png,fake,df40_pixart,1024,1024,1048576,0.143968774014384,0.062065161764621735,0.0018878341652452946,0.03041697107255459,0.0001222063001478091,-4.380336770156763,0.9357406892449391,-0.43517443537712097,86.18911743164062,212.39366149902344,1.5740887647055088,0.2549773982444042,2.950165050784855,0.7015319033785052,0.26381033613497895,2.5918819904327393,34.57723617553711,0.05873970687389374,0.41625441294214305,0.9463089561241947,0.10658615082502365,28.658349990844727,178.27418518066406,44.021549224853516,223.98348999023438,0.5366142392776079,0.016510009765625,,,,0.8266182043260102
C:\My_Project\AIGC\MidJourney\fake\13592447708_Single_person_white_male_looking_at_the_camera_faci_0e1a03e9-4975-4319-97fe-8516ed1363ab.png,fake,midjourney,1024,1024,1048576,0.19716567604974958,0.08091749995946884,0.006032756995409727,0.07455441355705261,0.0009635030874051154,-3.6841924284115017,0.6477211633423263,1.5144952535629272,371.925537109375,927.8602294921875,1.88108417546927,0.20774300641588547,12.03340402816249,0.5656999226340954,0.09299022737958985,7.137212753295898,32.69890213012695,0.007680866401642561,0.42838115339320515,0.9274309240691144,-0.004668086767196655,74.29589080810547,153.03997802734375,68.37330627441406,162.56016540527344,0.14781286372581515,61.43983459472656,83.93193054199219,3.104473114013672,0.9673614501953125,0.8099756823241933
C:\My_Project\AIGC\MidJourney\fake\13592447708_Single_person_East_Asian_woman_looking_at_the_camer_4a5f6427-65b2-45f6-b5ba-0df093d97458.png,fake,midjourney,1024,1024,1048576,0.27035853485315486,0.09843187779188156,0.006965767592191696,0.07076740264892578,0.0014917876105755568,-3.6444548647299198,0.6527687807394424,1.3648135662078857,278.5734558105469,679.0125122070312,1.9344928725291257,0.19553553824720654,9.285711565096943,0.5547966294257474,0.14401698853343692,6.652317523956299,39.084136962890625,0.1590839922428131,0.4399445922167124,0.786193672077422,-0.24952326714992523,86.30560302734375,142.09295654296875,50.46900939941406,117.33014678955078,0.07433844682797214,50.46900939941406,92.6297607421875,10.104072570800781,61.16400146484375,0.8132934228231008
C:\My_Project\AIGC\MidJourney\fake\13592447708_Caucasian_male_face_face_only_shown_close-up_of_fac_e24e6632-cc25-41b7-afe1-68fbc3b73826.png,fake,midjourney,1024,1024,1048576,0.1986131106976822,0.11975152045488358,0.010635357350111008,0.08881187438964844,0.0014326607342809439,-3.1889391924747317,0.233362315330438,1.50319504737854,220.4047393798828,400.0456237792969,2.1160847186143603,0.14290442778536896,7.126026950600181,0.5447856274580771,0.12736636532425746,6.502063274383545,26.693363189697266,0.009392119012773037,0.42853408643317276,0.8569119452487622,-0.014708088710904121,32.41259002685547,194.197509765625,21.6729793548584,212.14186096191406,0.6141380883994478,11.858139038085938,56.719276428222656,2.4502525329589844,12.247879028320312,0.8564600712123109
C:\My_Project\AIGC\MidJourney\fake\13592447708_Single_person_white_female_looking_at_the_camera_fa_9a43fb95-7dba-4532-9b38-b1484e4f3467.png,fake,midjourney,1024,1024,1048576,0.22522543953584648,0.09776833653450012,0.00834561139345169,0.08536108583211899,0.0013239822583273053,-3.5201549522141726,0.5619497314308762,1.4852100610733032,271.02496337890625,731.9163818359375,1.9306917225957536,0.19311184388605168,8.898071329639873,0.5442251889832916,0.11141837932566183,6.650411128997803,46.81007766723633,0.033685751259326935,0.44071085630292794,0.8525458129124034,0.03952903673052788,82.77288055419922,148.49960327148438,65.62137603759766,141.52700805664062,0.0994305729511304,65.62137603759766,85.95903778076172,0.08855819702148438,22.685691833496094,0.8066730467154954
C:\My_Project\AIGC\MidJourney\fake\13592447708_Single_person_white_male_looking_at_the_camera_faci_089d22a2-9793-4e25-9604-533acc43d362.png,fake,midjourney,1024,1024,1048576,0.2005868892227333,0.08721376210451126,0.011042982339859009,0.12661972641944885,0.0015743704279884696,-3.4857635668318796,0.6108825957956753,1.6632781028747559,367.2614440917969,863.7908325195312,1.9007222091148102,0.20109484067612618,11.568843778855003,0.5544531385788727,0.10525788489783924,7.369034290313721,33.4171257019043,0.013439856469631195,0.4433016685997187,0.8543697580297436,0.004700044635683298,72.50257873535156,151.47418212890625,69.95787048339844,164.42111206054688,0.1486749372030475,59.578887939453125,103.44943237304688,4.976543426513672,9.720664978027344,0.8232302293008189
C:\My_Project\AIGC\MidJourney\fake\13592447708_Caucasian_male_face_face_close-up_outdoor_during_da_fda24ec1-11a9-41a7-bc34-c0ac22439e8e.png,fake,midjourney,1024,1024,1048576,0.27279422451737473,0.06751168519258499,0.006525841541588306,0.09666239470243454,0.0016267180908471346,-3.4831230476800688,0.5048466716223733,1.4838578701019287,327.42047119140625,910.8682250976562,2.1263091674251404,0.13752496823426438,10.765564115881775,0.6179965666613427,0.16166426126162622,6.749785900115967,26.918476104736328,0.030894218012690544,0.4480951435760472,0.8308886179099467,0.056517843157052994,44.876792907714844,184.3356170654297,41.09566879272461,210.0384979248047,0.469558520022274,13.961502075195312,48.41749954223633,12.638347625732422,30.875591278076172,0.8547357172431731
C:\My_Project\AIGC\MidJourney\fake\13592447708_Clean_East_Asian_female_face_face_only_shown_face_c_9a291ec4-afb9-4bb5-ae51-b6c6a0eb0231.png,fake,midjourney,1024,1024,1048576,0.20810778679224012,0.13277947902679443,0.012183774262666702,0.09175947308540344,0.0018116956343874335,-3.3457096810512446,0.5539511986162263,1.4873723983764648,206.88644409179688,561.6455078125,2.0004542507987475,0.1712505415249546,6.579972299168973,0.625773877993321,0.14710146652366635,5.403008937835693,37.721923828125,0.020635342225432396,0.44292168709783075,0.7025910778889862,-0.023275725543498993,75.51602172851562,154.59112548828125,53.526973724365234,143.8033905029297,0.14227154463936603,53.526973724365234,50.27598190307617,2.8331298828125,36.950958251953125,0.8490047029703831
C:\My_Project\AIGC\MidJourney\fake\13592447708_Single_person_black_male_looking_at_the_camera_faci_21838c51-b7a6-41b3-9dd1-3eccd82adea1.png,fake,midjourney,1024,1024,1048576,0.28774123193967116,0.10903419554233551,0.01532556302845478,0.1405573934316635,0.003561257151886821,-3.3603308931199636,0.6014343071685103,1.7135202884674072,359.9140930175781,794.5767211914062,1.9448851205010567,0.19135500341095263,11.280977608494876,0.5599807337511717,0.13451188340125342,7.799176216125488,65.68645477294922,0.015147107653319836,0.4310617950812538,0.8762693413918458,-0.01662084460258484,78.87739562988281,142.70858764648438,60.71710968017578,132.3701629638672,0.09115313701225863,60.71710968017578,113.40657043457031,5.513690948486328,37.52154541015625,0.8521373111218793
C:\My_Project\AIGC\MidJourney\fake\13592447708_black_male_face_face_only_face_close-up_face_close-_524a2bd2-dac3-4b78-aeab-19043a1c99fa.png,fake,midjourney,1024,1024,1048576,0.27408904719658395,0.07347558438777924,0.010978931561112404,0.14942285418510437,0.002408774569630623,-3.270408358794246,0.372286518449418,1.4669784307479858,246.43148803710938,648.1461791992188,2.0682710929990114,0.15232128761351876,8.065306728993512,0.6049698723102501,0.15450462272003448,6.062366008758545,27.909198760986328,0.013522988185286522,0.47618975852218254,0.881857901926578,0.018107356503605843,47.304569244384766,171.59042358398438,48.52503204345703,198.38473510742188,0.37120219280898403,25.615264892578125,66.3236083984375,2.655467987060547,3.1020164489746094,0.8645142744869645
C:\My_Project\AIGC\MidJourney\fake\13592447708_Clean_East_Asian_male_face_face_only_shown_face_clo_17f4f100-58f9-49cd-a569-d247a3fc1c37.png,fake,midjourney,1024,1024,1048576,0.23404831897766804,0.10376212745904922,0.008288118988275528,0.07987615466117859,0.0015418283874168992,-3.24620882163918,0.2741663802823246,1.3834152221679688,211.26510620117188,568.3285522460938,2.044262500188158,0.15866417271154515,6.863155297783917,0.6220643957433964,0.14652425786062065,5.3069658279418945,28.403039932250977,0.018606383353471756,0.4307888865607138,0.7802207802477426,-0.03221077099442482,42.25409698486328,182.06549072265625,36.989967346191406,195.67491149902344,0.44216285090902596,28.325088500976562,56.75414276123047,5.347843170166016,34.478485107421875,0.8024740360512546
C:\My_Project\AIGC\MidJourney\fake\13592447708_Single_person_white_male_looking_at_the_camera_faci_5fa05ada-60c9-4810-9143-ee1b5d423d64.png,fake,midjourney,1024,1024,1048576,0.1453309261512149,0.1129608079791069,0.007356965448707342,0.06512847542762756,0.0006832429789938033,-3.5404322293568513,0.5586318567990348,1.4169820547103882,256.4130554199219,598.0363159179688,1.91680895416047,0.19621192728763123,8.207452677746998,0.5665801843176255,0.11216040704460696,5.995615005493164,112.51010131835938,0.015019645914435387,0.416724463399981,0.9215643758916134,0.02862602099776268,80.24530792236328,147.54522705078125,58.02409362792969,138.51629638671875,0.10796234726033813,58.02409362792969,78.4524917602539,7.1021270751953125,9.634483337402344,0.8171267540918592
C:\My_Project\AIGC\MidJourney\fake\13592447708_Clean_East_Asian_female_face_face_only_shown_face_c_24cb4e88-02c8-4dce-a6cd-1aa9a833a4d0.png,fake,midjourney,1024,1024,1048576,0.1993009879995479,0.15181413292884827,0.013592621311545372,0.08953462541103363,0.0014518729876726866,-3.1944272071826814,0.3968246939808985,1.2509958744049072,101.658203125,263.0206604003906,2.0628655822697075,0.15379605974469868,3.195247287626961,0.6647036280622745,0.18118909855291182,3.7722103595733643,77.06402587890625,0.10158541053533554,0.4578271567709525,0.7412748154622552,0.17582930624485016,31.84883689880371,182.9326171875,13.957783699035645,195.35723876953125,0.5462076573333864,13.957783699035645,32.353111267089844,8.929019927978516,38.19953918457031,0.7994453144424227
C:\My_Project\AIGC\MidJourney\fake\13592447708_Single_person_East_Asian_male_looking_at_the_camera_26db4747-b59d-42f6-a16a-e68f30dad01e.png,fake,midjourney,1024,1024,1048576,0.2991262654383859,0.10909513384103775,0.008743847720324993,0.0801488384604454,0.002379696350544691,-3.4686000082319417,0.5837989481476411,1.4756172895431519,260.48681640625,687.431640625,2.0324322679741296,0.1611165916954463,8.413103358725733,0.6113361941678144,0.16511290303476875,6.163052082061768,38.6984748840332,0.010099893435835838,0.4248904380442656,0.7743437048418155,-0.02034619450569153,76.76139831542969,148.6913604736328,58.33535385131836,141.7062530517578,0.11951661401034314,58.33535385131836,96.42557525634766,3.1324501037597656,42.856895446777344,0.832709067119282
C:\My_Project\AIGC\MidJourney\fake\13592447708_Clean_caucasian_female_face_face_only_shown_face_cl_40f9a095-ea4f-4a06-a0b7-58e99ad7e54d.png,fake,midjourney,1024,1024,1048576,0.1624398777216622,0.11435157805681229,0.009619507938623428,0.08412221074104309,0.0008988108020275831,-3.4878049269303792,0.5525074164796637,1.2493858337402344,174.21730041503906,482.8609619140625,1.932476091751977,0.19058462283552707,5.53343894275161,0.6015769492896539,0.10677105436928602,4.8064985275268555,32.59224319458008,0.006920648273080587,0.4620998407871616,0.7786061820649818,-0.005104613956063986,56.779396057128906,177.11024475097656,46.087242126464844,191.6307830810547,0.34903893903407146,32.36921691894531,49.171875,6.687801361083984,6.8969268798828125,0.7665791016581807
C:\My_Project\AIGC\MidJourney\fake\13592447708_Single_person_black_male_looking_at_the_camera_faci_03fe0672-9ca3-43b2-afc6-2fb3d1ef9799.png,fake,midjourney,1024,1024,1048576,0.2041771694944399,0.07970058172941208,0.0049559916369616985,0.062182627618312836,0.0008412718889303505,-3.6355042911086204,0.532971787576823,1.295803189277649,225.93832397460938,516.558349609375,1.8442875833295,0.21817756503485283,7.339861207294544,0.5623259109046062,0.11744593634180833,5.6817755699157715,33.57115173339844,0.016229303553700447,0.4640907162941509,0.9397639005682515,0.019647032022476196,74.28777313232422,151.27980041503906,70.4166259765625,159.41925048828125,0.1365691265672727,64.58074951171875,84.05481719970703,10.128799438476562,9.33050537109375,0.8394566270515469
C:\My_Project\AIGC\MidJourney\fake\13592447708_Clean_East_Asian_female_face_face_only_shown_face_c_6c7493f7-56c8-48c3-b67f-5926a803f83f.png,fake,midjourney,1024,1024,1048576,0.27616411178286343,0.17740653455257416,0.013471989892423153,0.07593851536512375,0.0024239029735326767,-3.1000917183540775,0.3851209613281557,1.3041496276855469,124.31022644042969,317.40447998046875,2.081616832501554,0.14751707519505827,3.8459542359187333,0.6675555102875647,0.2363395487044893,4.034121513366699,101.17479705810547,0.11322712898254395,0.43502890209715783,0.6850725324889848,0.19201071560382843,49.176448822021484,181.74456787109375,20.35663414001465,166.6351776123047,0.3864770281680373,20.35663414001465,31.838747024536133,20.718994140625,38.19668197631836,0.8649261654078799
C:\My_Project\AIGC\MidJourney\fake\13592447708_Single_person_white_male_looking_at_the_camera_faci_d9b73734-c8c8-4718-a032-f4a140f48eb7.png,fake,midjourney,1024,1024,1048576,0.20808710223123678,0.11018397659063339,0.00715230405330658,0.06491237878799438,0.001106066512875259,-3.5847346112508296,0.5633929559114885,1.3361748456954956,238.61898803710938,559.4801635742188,1.859257093770624,0.2115595625718898,7.692490766389648,0.5624217948322824,0.09984972425246626,5.649286270141602,75.43724060058594,0.028098423033952713,0.4360056060513148,0.8867235251696772,0.053260404616594315,68.9683609008789,151.17811584472656,69.85979461669922,170.55316162109375,0.16497881508893075,53.44683837890625,73.57368469238281,3.60150146484375,4.132453918457031,0.7658907319100123
C:\My_Project\AIGC\MidJourney\fake\13592447708_Clean_East_Asian_male_face_only_face_shown_close-up_58515eef-f2a6-4cd4-a082-4750db682a89.png,fake,midjourney,1024,1024,1048576,0.20635746320522744,0.10316162556409836,0.018047798424959183,0.17494681477546692,0.0017648331122472882,-3.2295935156913167,0.4979743277791477,1.681369423866272,290.1748962402344,759.7266235351562,1.8896503343708027,0.20686739755143524,9.293001500461664,0.5589242980590481,0.10433634450008225,6.784850597381592,46.6104850769043,0.010774006135761738,0.4417255220996174,0.7631760153286372,-0.021924898028373718,73.51017761230469,152.89730834960938,62.27833557128906,153.63809204101562,0.14454697327388594,62.27833557128906,99.4084701538086,5.339454650878906,19.30542755126953,0.8181198919334562
C:\My_Project\AIGC\MidJourney\fake\13592447708_Single_person_white_male_looking_at_the_camera_faci_fb080280-8cc5-4e53-9de9-99a26ddbc86d.png,fake,midjourney,1024,1024,1048576,0.28769572149980643,0.0792742669582367,0.009111359715461731,0.11493464559316635,0.0020152032375335693,-3.4777098293821336,0.535103395086093,1.7994384765625,530.7282104492188,1057.4805908203125,1.959055002364926,0.18779354103402962,16.81866978301013,0.49166013966170224,0.10609745897264382,10.019986152648926,60.21074676513672,0.004489932209253311,0.4315023059954512,0.8603586410031303,0.0026486562564969063,75.90694427490234,148.75997924804688,71.39659118652344,155.42811584472656,0.12200955844967175,68.57188415527344,106.28115844726562,2.0697021484375,31.57476043701172,0.8491600842325511
C:\My_Project\AIGC\MidJourney\fake\13592447708_Single_person_East_Asian_male_looking_at_the_camera_073766ad-fae6-4ed9-9a3b-147c85e37a2a.png,fake,midjourney,1024,1024,1048576,0.20622983131337072,0.1304560750722885,0.010312099941074848,0.07904653251171112,0.001580843236297369,-3.541549879587878,0.716467529333811,1.4888988733291626,254.63783264160156,560.5867309570312,1.8831247873665584,0.20666153656349037,8.214676246537385,0.555648878239323,0.10429595493308687,6.224912643432617,83.05526733398438,0.023754026740789413,0.42645859818359577,0.8131912214478361,-0.03074011765420437,79.26563262939453,146.60260009765625,62.04034423828125,139.8365020751953,0.10440364615393886,62.04034423828125,96.02949523925781,3.3121261596679688,30.929786682128906,0.823612201149686
C:\My_Project\AIGC\MidJourney\fake\13592447708_Single_person_white_female_looking_at_the_camera_fa_96baba09-ca39-4f71-9045-34d26ccc506b.png,fake,midjourney,1024,1024,1048576,0.1672887331271776,0.1150766909122467,0.008553603664040565,0.07432959228754044,0.0008697849698364735,-3.392750128097628,0.5103415743311497,1.5203022956848145,291.49359130859375,677.7237548828125,2.0013633781561153,0.17418965216926213,9.397955043859643,0.5456719788426132,0.1151748423916388,7.098494529724121,44.333412170410156,0.026880061253905296,0.45463498223001636,0.8138263609077602,-0.04375624656677246,73.37458801269531,145.28326416015625,57.712162017822266,140.07421875,0.11803544452313802,57.712162017822266,71.1573715209961,3.619720458984375,28.18372344970703,0.8253349503967478
C:\My_Project\AIGC\MidJourney\fake\13592447708_Single_person_black_male_looking_at_the_camera_faci_83fe5862-e20e-4f72-8a54-072c59fcacc9.png,fake,midjourney,1024,1024,1048576,0.2263907579188483,0.11166401952505112,0.01149789709597826,0.10296868532896042,0.0018572875997051597,-3.432156623627761,0.5868321654180586,1.4712066650390625,228.789306640625,613.3446044921875,1.9362267216758051,0.1914204331747148,7.284845914127409,0.5903144036204995,0.11935116165017041,5.798970699310303,28.19648551940918,0.015356569550931454,0.44950651409322134,0.8892782868301691,-0.011423900723457336,67.245361328125,159.95559692382812,61.99078369140625,165.65435791015625,0.1915392695414734,58.34564208984375,82.0826187133789,3.6461639404296875,5.8691558837890625,0.8099625720321875
C:\My_Project\AIGC\MidJourney\fake\13592447708_Single_person_Caucasian_n_looking_at_camera_facing__0b44eb57-770b-4b74-a0d8-b6cf74daf3c4.png,fake,midjourney,1024,1024,1048576,0.21556403134093238,0.10674998909235,0.011502059176564217,0.1077476367354393,0.001391098485328257,-3.3332553681789614,0.45449981448953203,1.2109313011169434,132.19894409179688,374.8263244628906,2.0657447010589607,0.14723629854163345,4.306308864265921,0.72682531201409,0.20824755898323574,3.7684621810913086,26.144773483276367,0.022326398640871048,0.44048058704384996,0.8443084962153515,-0.03558143228292465,68.4345703125,156.19052124023438,63.95905303955078,170.44236755371094,0.18623534205849698,53.55763244628906,78.24752044677734,2.1041831970214844,9.95751953125,0.44695419327290153
C:\My_Project\AIGC\MidJourney\fake\13592447708_Clean_East_Asian_female_face_face_only_shown_face_c_1d2e44fb-de7a-49c1-ba4f-3dc5771a38c3.png,fake,midjourney,1024,1024,1048576,0.25844136403797774,0.1644701361656189,0.011424464173614979,0.06946223974227905,0.0021219125483185053,-3.332907223149209,0.5582567894355887,1.4150068759918213,180.96141052246094,502.9427185058594,2.01451090682141,0.16589552876553107,5.814188019390576,0.6424957727214167,0.18869036151917984,4.82712459564209,36.407222747802734,0.0162550900131464,0.46246454465667636,0.6884677188328276,0.013689843937754631,64.5755615234375,161.16067504882812,55.4394645690918,170.1690216064453,0.22084596801599507,53.83097839355469,54.88809585571289,14.045639038085938,59.20920181274414,0.83722538296227
C:\My_Project\AIGC\MidJourney\fake\13592447708_Clean_caucasian_female_face_face_only_shown_face_cl_4978a4dd-8b80-4ec7-8d49-cdec9a8764f7.png,fake,midjourney,1024,1024,1048576,0.23898747934360223,0.09772393852472305,0.010606244206428528,0.10853271931409836,0.0018569277599453926,-3.385843083646531,0.5536122250349403,1.614787220954895,332.6214294433594,894.8295288085938,2.0090466042234363,0.17154697972702412,10.317113342566929,0.5667936068847877,0.1345124438462251,7.204494476318359,36.68266677856445,0.03614858165383339,0.4545997057839491,0.7959106610310271,0.03381069377064705,67.90434265136719,148.3067169189453,53.73311233520508,148.662353515625,0.15211528177465944,53.73311233520508,91.9142837524414,16.467823028564453,22.35222625732422,0.8719992174404148
C:\My_Project\AIGC\MidJourney\fake\13592447708_Single_person_East_Asian_woman_looking_at_the_camer_b30c15a3-0dbf-4ac4-95bc-c713bc901813.png,fake,midjourney,1024,1024,1048576,0.21538668160649357,0.14322610199451447,0.010054699145257473,0.07020159065723419,0.0016546219121664762,-3.563245936928575,0.7951851098304049,1.3855289220809937,209.47909545898438,497.66802978515625,2.031965947997774,0.16139249630840263,6.7708356417359035,0.6107675058428474,0.12853130504838364,5.4910454750061035,44.38211441040039,0.0039702849462628365,0.4546464375476944,0.7867310996831981,-0.005794475320726633,74.54329681396484,145.5511474609375,53.687068939208984,136.85031127929688,0.11769059094792239,53.687068939208984,69.5942153930664,7.204967498779297,55.3720703125,0.8566282993626189
C:\My_Project\AIGC\MidJourney\fake\13592447708_Single_person_black_male_looking_at_the_camera_faci_aaee316d-91f5-4f73-867e-a53b55c2b0a4.png,fake,midjourney,1024,1024,1048576,0.19864533808080032,0.1204470843076706,0.011527650989592075,0.09570718556642532,0.0016820094315335155,-3.457701819415372,0.6304473126460037,1.546022653579712,274.0430603027344,633.9268798828125,1.930017028334005,0.199203466584612,8.940590373961204,0.5207268296450629,0.09508902142913822,7.009169101715088,53.512935638427734,0.006959717255085707,0.4664828858163043,0.9916734715036963,-0.002326285932213068,77.44051361083984,150.0518798828125,64.57432556152344,149.5434112548828,0.12296160321817501,64.57432556152344,87.02566528320312,7.922649383544922,5.899566650390625,0.8293008085910003
C:\My_Project\AIGC\MidJourney\fake\13592447708_Caucasian_male_face_face_only_shown_face_close-up_f_863eaf4d-e67a-4603-b654-2609e4e39dfd.png,fake,midjourney,1024,1024,1048576,0.17750385534515975,0.16232769191265106,0.016229569911956787,0.09998029470443726,0.0014927773736417294,-3.01276537287645,0.22727755786649528,1.4277665615081787,135.64573669433594,289.1903076171875,2.191733436785186,0.1237571037893045,4.345757733148659,0.5831804669507445,0.12940610137885247,5.381324768066406,51.07187271118164,0.010752758011221886,0.4565972797203745,0.7733575156601121,-0.006150939501821995,11.65251350402832,210.54959106445312,-12.04938793182373,220.4259796142578,0.9215296398617117,-12.04938793182373,,,,0.8085981346937174
C:\My_Project\AIGC\MidJourney\fake\13592447708_Clean_caucasian_female_face_face_only_shown_face_cl_937e5090-46ad-41bc-86a1-683cc00c311c.png,fake,midjourney,1024,1024,1048576,0.145691308918004,0.12072664499282837,0.01274933386594057,0.10560496896505356,0.0008935272344388068,-3.336893436630262,0.5790527006954248,1.3320561647415161,176.0994873046875,386.353271484375,2.0661520069578216,0.1567211977296549,5.599455216989836,0.6006073318828472,0.1053822537188874,5.447475910186768,31.496299743652344,0.02346062660217285,0.4754055949132304,0.7580738558786485,0.03649675101041794,37.49944305419922,191.14402770996094,39.930477142333984,220.3988800048828,0.5526146524494777,3.6011199951171875,,,,0.8063739119784614
C:\My_Project\AIGC\MidJourney\fake\13592447708_Single_person_East_Asian_male_looking_at_the_camera_8ee8d914-dc3f-4abd-b0b1-40ed942294d4.png,fake,midjourney,1024,1024,1048576,0.27969837412205506,0.08446773141622543,0.006222737953066826,0.07367000728845596,0.0016775119584053755,-3.649185341978222,0.6854806408041885,1.2043308019638062,201.72279357910156,648.8214721679688,1.9570432214221087,0.17948220780073532,6.5431068213296255,0.6670555980390067,0.17888360908647066,4.838436126708984,52.242591857910156,0.010107363574206829,0.42107704880352903,0.8291620189568417,0.020628398284316063,85.00823974609375,131.70021057128906,53.742706298828125,107.91109466552734,0.05040714304180822,53.742706298828125,104.1346435546875,11.735225677490234,39.84087371826172,0.8645671936744712
C:\My_Project\AIGC\MidJourney\fake\13592447708_Clean_East_Asian_male_face_face_only_shown_face_clo_f0658755-362d-41a3-b2ce-3ee5f405c26e.png,fake,midjourney,1024,1024,1048576,0.1883735260675656,0.07459007948637009,0.00487110810354352,0.06530503928661346,0.0005888723535463214,-3.540024051680522,0.3608555962515369,1.0179752111434937,152.89566040039062,436.4217529296875,1.9783562997966144,0.176550487437282,5.047787684672199,0.6112887800959644,0.1202986935062241,4.414885997772217,25.77523422241211,0.011869470588862896,0.46712850275531664,0.7284857264706073,0.019609864801168442,36.36419677734375,188.5018310546875,23.360275268554688,207.73660278320312,0.5590437317606691,16.263397216796875,52.99416732788086,5.201038360595703,31.79688262939453,0.8176850340393358
C:\My_Project\AIGC\MidJourney\fake\13592447708_Clean_caucasian_female_face_face_only_shown_face_cl_371aa179-9997-4f8e-971b-d379834f6fba.png,fake,midjourney,1024,1024,1048576,0.1664073373285978,0.10664664208889008,0.010827567428350449,0.10152750462293625,0.0010218169772997499,-3.4650581241041065,0.6386977068497148,1.550624132156372,257.3291931152344,514.0783081054688,2.009010640069993,0.17741095349471897,8.210849203601093,0.5055386417252663,0.0858280449074236,7.210294723510742,43.49416732788086,0.14203505218029022,0.44467637617850975,0.7516201506234506,-0.227508082985878,56.96342086791992,183.52691650390625,25.331031799316406,169.38572692871094,0.36336228034025164,25.331031799316406,51.593753814697266,1.1277694702148438,15.7379150390625,0.8115193314236429
C:\My_Project\AIGC\MidJourney\fake\13592447708_Single_person_black_male_looking_at_the_camera_faci_98af1a10-6ac8-4ca8-b1c5-ea25c727725d.png,fake,midjourney,1024,1024,1048576,0.19905753137738696,0.09685798734426498,0.010604819282889366,0.10948832333087921,0.00165806885343045,-3.3907127720846137,0.46104136663331746,1.5179282426834106,286.6145324707031,624.6915893554688,1.9526148897980087,0.18797690229880615,9.337866170360082,0.556513858633334,0.11731095294562607,6.789621353149414,31.8591365814209,0.014626757241785526,0.4429767315194447,0.9160195701290338,0.003630013670772314,72.3408432006836,150.90859985351562,60.583396911621094,150.94908142089844,0.1414985074595722,60.583396911621094,98.37361145019531,9.57436752319336,20.035858154296875,0.7750843518605777
C:\My_Project\AIGC\MidJourney\fake\13592447708_Single_person_East_Asian_male_looking_at_the_camera_25391f41-f39f-4bb3-a375-6a400698b202.png,fake,midjourney,1024,1024,1048576,0.2355993526569093,0.11897250264883041,0.009313727729022503,0.07828470319509506,0.0018157311715185642,-3.4842031508693996,0.6342294872411612,1.4913558959960938,246.744384765625,587.5074462890625,1.9256561949104845,0.19705851521903106,7.858572253000903,0.5665024055277402,0.1055556521959812,6.430155277252197,49.83845901489258,0.013408312574028969,0.4188641542177899,0.8346581263115314,0.005066061392426491,79.10983276367188,145.11097717285156,57.39894485473633,134.4748077392578,0.10138502783608569,57.39894485473633,96.5551986694336,11.843986511230469,34.71376037597656,0.8591694031929826
C:\My_Project\AIGC\MidJourney\fake\13592447708_Single_person_black_male_looking_at_the_camera_faci_6c52c0ad-2573-43cf-94c4-68a3678ac4b3.png,fake,midjourney,1024,1024,1048576,0.19529023179553873,0.10716288536787033,0.008328191936016083,0.07771526277065277,0.0013377005234360695,-3.5085110837152795,0.5713825940871373,1.3423333168029785,214.1617431640625,452.68023681640625,1.8748224774681443,0.21054191621131374,6.932669379039686,0.559277904167403,0.09939684048209779,5.676199913024902,32.14124298095703,0.015827083960175514,0.4312962387593069,0.9276885455119701,0.02777385339140892,66.68415069580078,151.10733032226562,65.5888671875,163.04144287109375,0.1639679588248903,60.95855712890625,83.85868835449219,0.284088134765625,1.4121017456054688,0.8094390650331604
C:\My_Project\AIGC\MidJourney\fake\13592447708_Caucasian_male_face_close-up_of_face_studio_lights__fb5f5bb2-630c-4b3f-9c94-e73b4b3d2301.png,fake,midjourney,1024,1024,1048576,0.245320171140456,0.15529610216617584,0.02041415311396122,0.13145309686660767,0.0029564262367784977,-2.9126788473618097,0.285440594392606,1.536637544631958,162.06268310546875,333.1394958496094,2.0967950215671127,0.14582171156127371,5.054061345798704,0.6290822867187765,0.22713177304236565,5.529293537139893,48.01833724975586,0.016887588426470757,0.4283206702800591,0.8067889092627955,-0.015179745852947235,44.38523483276367,175.54869079589844,38.91328048706055,196.33056640625,0.41149942700689174,27.66943359375,50.837345123291016,5.534202575683594,13.306671142578125,0.7557231235324764
C:\My_Project\AIGC\MidJourney\fake\13592447708_Face_of_clean_caucasian_male_face_only_shown_close-_dfb549f4-7306-4f1c-aaa7-da4a4dad7105.png,fake,midjourney,1024,1024,1048576,0.19853367669664054,0.11890905350446701,0.013607536442577839,0.11443650722503662,0.0017744414508342743,-3.1042139324039186,0.26800390954579256,1.613175392150879,251.9752197265625,497.7198486328125,2.1213588767368576,0.1432246113260405,8.079607571560484,0.5272212204525739,0.10311034586199196,6.948462009429932,33.13417434692383,0.006720793899148703,0.43022994188297353,0.8363807021670233,0.014023764990270138,34.3281135559082,188.59744262695312,36.690040588378906,215.48428344726562,0.5497143631936766,8.515716552734375,,,,0.809510445084662
C:\My_Project\AIGC\MidJourney\fake\13592447708_Single_person_East_Asian_male_looking_at_the_camera_c4069f36-c57e-4a77-a3aa-2dd16ddd57e0.png,fake,midjourney,1024,1024,1048576,0.197436866284587,0.10171476006507874,0.007287374697625637,0.07164520025253296,0.0010785427875816822,-3.58116058819914,0.567254341186556,1.3364434242248535,239.51515197753906,682.9725341796875,1.8120101015399217,0.22374367942317527,7.764418859649097,0.6115452367789536,0.1136366148244695,5.169961929321289,32.24782180786133,0.02732257731258869,0.43253800433747713,0.7636751930787007,0.03823630139231682,71.16041564941406,146.8603515625,65.12623596191406,154.586669921875,0.13496789535885484,65.12623596191406,89.95780181884766,3.7998428344726562,12.679573059082031,0.8369316150023671
C:\My_Project\AIGC\MidJourney\fake\13592447708_Single_person_East_Asian_woman_looking_at_the_camer_77845836-0438-4211-80f8-57975f4c3ed3.png,fake,midjourney,1024,1024,1048576,0.2276647418390488,0.09883304685354233,0.00563289038836956,0.0569939948618412,0.0009372452041134238,-3.4768603270407703,0.4370123427052591,1.235180139541626,165.678955078125,453.60552978515625,1.9885763223470783,0.1784301719681415,5.425644044321326,0.6148776770447307,0.13025789265371812,4.685858726501465,43.88328170776367,0.06787562370300293,0.4483512241036743,0.7330751656304145,-0.0942787230014801,78.60098266601562,143.31204223632812,50.56096267700195,124.73982238769531,0.09566710398590027,50.56096267700195,77.09602355957031,8.386680603027344,59.71158981323242,0.8501155543567442
C:\My_Project\AIGC\MidJourney\fake\13592447708_Clean_East_Asian_male_face_face_only_shown_face_clo_c74641a3-5ee5-4d91-a444-5f1bb07857a2.png,fake,midjourney,1024,1024,1048576,0.20584045932157585,0.0732637569308281,0.006784606724977493,0.09260522574186325,0.0008980244747363031,-3.433096172812696,0.4064211775914982,1.2348052263259888,165.4809112548828,477.6123352050781,1.9693609250374082,0.1774804863220749,5.435237765466292,0.6263128685607204,0.13101221963386095,4.743352890014648,21.5361328125,0.00927646178752184,0.43228848954972593,0.7801129998453546,0.009454019367694855,60.686073303222656,160.83155822753906,69.66825866699219,182.427001953125,0.22505339257506132,41.572998046875,71.71412658691406,2.280956268310547,34.50714874267578,0.8116500801775288
C:\My_Project\AIGC\MidJourney\fake\13592447708_Single_person_black_male_looking_at_the_camera_faci_bfd21ca6-515c-476a-a95d-01576486244b.png,fake,midjourney,1024,1024,1048576,0.19933350175039025,0.09605074673891068,0.007181480526924133,0.07476756721735,0.0011599712306633592,-3.5016169585688113,0.5390973433887035,1.4123289585113525,231.7580108642578,556.9614868164062,1.8954160203088677,0.20674211151745855,7.596462661588166,0.54730080183121,0.09797508567347252,6.177504062652588,33.51619338989258,0.03589732572436333,0.45319812931957953,0.9477717760692608,-0.06343455612659454,79.83881378173828,144.8722381591797,66.94180297851562,144.20191955566406,0.10013731562524494,66.94180297851562,77.30197143554688,4.103801727294922,3.7926864624023438,0.8255364204320266
C:\My_Project\AIGC\MidJourney\fake\13592447708_Single_person_black_male_looking_at_the_camera_faci_e9e35641-008c-4138-9a17-2a39edcd9493.png,fake,midjourney,1024,1024,1048576,0.21440164272003223,0.06433620303869247,0.006423548795282841,0.09984345734119415,0.0011003708932548761,-3.562509392034996,0.4939226967958239,1.4138493537902832,267.705810546875,659.8924560546875,1.9015427953645672,0.19961025694021334,8.702392947830072,0.5637443626235978,0.10810234743002928,6.427469253540039,25.423625946044922,0.011465129442512989,0.44962823808507624,0.9373177777803902,-0.01878754049539566,72.19560241699219,153.7120819091797,73.98735046386719,169.21023559570312,0.1547001427582157,54.789764404296875,82.73895263671875,2.4571380615234375,21.18585205078125,0.8636203460356384
C:\My_Project\AIGC\MidJourney\fake\13592447708_Single_person_East_Asian_male_looking_at_the_camera_78f40ad6-2361-4e4e-be75-f7932e116674.png,fake,midjourney,1024,1024,1048576,0.2833968573369443,0.09781832247972488,0.009171110577881336,0.09375657141208649,0.002155544701963663,-3.56299814877426,0.661567146390048,1.5036853551864624,310.09808349609375,699.8380737304688,1.9208539012080854,0.1945410565205883,10.067660433979666,0.5709033343302632,0.13357147189873403,6.890798568725586,35.04488754272461,0.007932874374091625,0.43135716497207266,0.785204967702962,0.004306315910071135,78.15674591064453,142.30203247070312,66.38917541503906,141.4141845703125,0.09591240257166841,66.38917541503906,101.786376953125,1.4958076477050781,29.935523986816406,0.8687530049129748
C:\My_Project\AIGC\MidJourney\fake\13592447708_Clean_East_Asian_female_face_face_only_shown_face_c_afae212c-def3-4f9b-a9df-9c1516c30d45.png,fake,midjourney,1024,1024,1048576,0.207782891594968,0.1633346825838089,0.013744333758950233,0.08414828777313232,0.0019984517712146044,-3.225188891473718,0.4912307525456003,1.7200446128845215,257.0409240722656,665.5962524414062,2.0299894750560794,0.16085296688056006,8.088189923822707,0.616301785883169,0.1368473191566708,5.957810401916504,68.59336853027344,0.061644297093153,0.45395823495239807,0.7512214048556062,-0.09014437347650528,71.75176239013672,153.07949829101562,68.20365905761719,166.38287353515625,0.15913371384695957,57.61712646484375,62.30065155029297,10.092369079589844,37.310089111328125,0.7978148953034321
C:\My_Project\AIGC\MidJourney\fake\13592447708_Single_person_black_male_looking_at_the_camera_faci_fac2ed21-b50c-4d5f-9d75-19458980c379.png,fake,midjourney,1024,1024,1048576,0.20604556469697763,0.0858931764960289,0.011657710187137127,0.13572335243225098,0.001599796931259334,-3.4089925797711125,0.5646824763665812,1.63585364818573,334.3526916503906,715.2177734375,1.9813622857709359,0.18134603377234584,10.726361957525352,0.5340805697976052,0.10151618743705022,7.687137603759766,40.7515983581543,0.015950975939631462,0.45351951986474737,0.9113761140890705,-0.032943084836006165,69.64791107177734,153.80239868164062,67.11766052246094,164.90338134765625,0.16400484756866726,59.09661865234375,101.947998046875,5.2003936767578125,35.69171142578125,0.8228204201353151
