id,path,fake_label,filter_attr,ftype,source,used_in_v815_training,source_stem,l1_p_real,l1_p_manip,cellc_p_fake,cellc_p_filter,v816_p_fake,v816_p_filter
repl0001_clean,C:\My_Project\AIGC\v815_replication_set\repl0001_clean.jpg,1,0,none,DF40-cdf-DiT,False,27001,0.1190691888332367,0.8809307813644409,0.9998925924301147,0.02618108130991459,0.9997223019599915,0.14525197446346283
repl0001_smoothing_medium,C:\My_Project\AIGC\v815_replication_set\repl0001_smoothing_medium.jpg,1,1,smoothing_medium,DF40-cdf-DiT,False,27001,0.09709549695253372,0.9029045701026917,0.99991774559021,0.05816831439733505,0.9998241066932678,0.7031962871551514
repl0001_whitening_medium,C:\My_Project\AIGC\v815_replication_set\repl0001_whitening_medium.jpg,1,1,whitening_medium,DF40-cdf-DiT,False,27001,0.11341821402311325,0.8865817785263062,0.9999582767486572,0.016279323026537895,0.9998841285705566,0.1357731968164444
repl0001_eye_enlarging,C:\My_Project\AIGC\v815_replication_set\repl0001_eye_enlarging.jpg,1,1,eye_enlarging,DF40-cdf-DiT,False,27001,0.153361514210701,0.8466385006904602,0.9997397065162659,0.03871920704841614,0.999387264251709,0.1623035967350006
repl0001_face_reshaping,C:\My_Project\AIGC\v815_replication_set\repl0001_face_reshaping.jpg,1,1,face_reshaping,DF40-cdf-DiT,False,27001,0.09752129018306732,0.9024786949157715,0.9996803998947144,0.039415594190359116,0.9991857409477234,0.2209072858095169
repl0002_clean,C:\My_Project\AIGC\v815_replication_set\repl0002_clean.jpg,1,0,none,DF40-cdf-DiT,False,27935,0.11366771161556244,0.8863323330879211,0.9999765157699585,0.011540631763637066,0.9999279975891113,0.19079843163490295
repl0002_smoothing_medium,C:\My_Project\AIGC\v815_replication_set\repl0002_smoothing_medium.jpg,1,1,smoothing_medium,DF40-cdf-DiT,False,27935,0.11638905107975006,0.8836109042167664,0.9993144273757935,0.07746966183185577,0.998138427734375,0.8701320290565491
repl0002_whitening_medium,C:\My_Project\AIGC\v815_replication_set\repl0002_whitening_medium.jpg,1,1,whitening_medium,DF40-cdf-DiT,False,27935,0.12348594516515732,0.8765140771865845,0.9999396800994873,0.012997187674045563,0.9998047947883606,0.2739826440811157
repl0002_eye_enlarging,C:\My_Project\AIGC\v815_replication_set\repl0002_eye_enlarging.jpg,1,1,eye_enlarging,DF40-cdf-DiT,False,27935,0.11935734748840332,0.8806426525115967,0.9999442100524902,0.014893722720444202,0.9998277425765991,0.24582456052303314
repl0002_face_reshaping,C:\My_Project\AIGC\v815_replication_set\repl0002_face_reshaping.jpg,1,1,face_reshaping,DF40-cdf-DiT,False,27935,0.12243989109992981,0.8775601387023926,0.9999250173568726,0.017364677041769028,0.9997991919517517,0.3255285322666168
repl0003_clean,C:\My_Project\AIGC\v815_replication_set\repl0003_clean.jpg,1,0,none,DF40-cdf-DiT,False,5576,0.11540441960096359,0.884595513343811,0.999808132648468,0.028564143925905228,0.9995162487030029,0.3642280399799347
repl0003_smoothing_medium,C:\My_Project\AIGC\v815_replication_set\repl0003_smoothing_medium.jpg,1,1,smoothing_medium,DF40-cdf-DiT,False,5576,0.11107008904218674,0.8889298439025879,0.9995342493057251,0.2956448793411255,0.9994112253189087,0.9013195633888245
repl0003_whitening_medium,C:\My_Project\AIGC\v815_replication_set\repl0003_whitening_medium.jpg,1,1,whitening_medium,DF40-cdf-DiT,False,5576,0.11557931452989578,0.8844206929206848,0.9996891021728516,0.045419685542583466,0.9992856383323669,0.441749632358551
repl0003_eye_enlarging,C:\My_Project\AIGC\v815_replication_set\repl0003_eye_enlarging.jpg,1,1,eye_enlarging,DF40-cdf-DiT,False,5576,0.11257067322731018,0.8874292969703674,0.9997747540473938,0.04359443485736847,0.999506950378418,0.48211386799812317
repl0003_face_reshaping,C:\My_Project\AIGC\v815_replication_set\repl0003_face_reshaping.jpg,1,1,face_reshaping,DF40-cdf-DiT,False,5576,0.11495289206504822,0.8850470781326294,0.9997649788856506,0.045350223779678345,0.9994638562202454,0.5363773703575134
repl0004_clean,C:\My_Project\AIGC\v815_replication_set\repl0004_clean.jpg,1,0,none,DF40-cdf-SiT,False,9691,0.09973336011171341,0.9002666473388672,0.9998995065689087,0.037336740642786026,0.9997678399085999,0.2636951506137848
repl0004_smoothing_medium,C:\My_Project\AIGC\v815_replication_set\repl0004_smoothing_medium.jpg,1,1,smoothing_medium,DF40-cdf-SiT,False,9691,0.10520011186599731,0.8947998285293579,0.9998273849487305,0.03038872964680195,0.9993929862976074,0.6637875437736511
repl0004_whitening_medium,C:\My_Project\AIGC\v815_replication_set\repl0004_whitening_medium.jpg,1,1,whitening_medium,DF40-cdf-SiT,False,9691,0.10860487073659897,0.8913951516151428,0.9999147653579712,0.03961598873138428,0.9997944235801697,0.2724466621875763
repl0004_eye_enlarging,C:\My_Project\AIGC\v815_replication_set\repl0004_eye_enlarging.jpg,1,1,eye_enlarging,DF40-cdf-SiT,False,9691,0.09939020127058029,0.9006098508834839,0.9998863935470581,0.047895558178424835,0.9997549653053284,0.34963223338127136
repl0004_face_reshaping,C:\My_Project\AIGC\v815_replication_set\repl0004_face_reshaping.jpg,1,1,face_reshaping,DF40-cdf-SiT,False,9691,0.09404896944761276,0.9059510231018066,0.9998955726623535,0.04451059550046921,0.9997766613960266,0.31579816341400146
repl0005_clean,C:\My_Project\AIGC\v815_replication_set\repl0005_clean.jpg,1,0,none,DF40-cdf-pixart,False,Celeb-real_id54_0008_089,0.09174787998199463,0.9082520604133606,0.9999842643737793,0.0014284892240539193,0.999943733215332,0.09397780150175095
repl0005_smoothing_medium,C:\My_Project\AIGC\v815_replication_set\repl0005_smoothing_medium.jpg,1,1,smoothing_medium,DF40-cdf-pixart,False,Celeb-real_id54_0008_089,0.09106435626745224,0.9089356660842896,0.9999830722808838,0.0014069724129512906,0.9999386072158813,0.08596418797969818
repl0005_whitening_medium,C:\My_Project\AIGC\v815_replication_set\repl0005_whitening_medium.jpg,1,1,whitening_medium,DF40-cdf-pixart,False,Celeb-real_id54_0008_089,0.08953137695789337,0.9104686379432678,0.9999804496765137,0.0020358494948595762,0.9999346733093262,0.11563640832901001
repl0005_eye_enlarging,C:\My_Project\AIGC\v815_replication_set\repl0005_eye_enlarging.jpg,1,1,eye_enlarging,DF40-cdf-pixart,False,Celeb-real_id54_0008_089,0.09350369870662689,0.9064962863922119,0.9999817609786987,0.0015164301730692387,0.9999358654022217,0.09148622304201126
repl0005_face_reshaping,C:\My_Project\AIGC\v815_replication_set\repl0005_face_reshaping.jpg,1,1,face_reshaping,DF40-cdf-pixart,False,Celeb-real_id54_0008_089,0.09136824309825897,0.9086317420005798,0.9999855756759644,0.0014405038673430681,0.9999500513076782,0.0961223766207695
repl0006_clean,C:\My_Project\AIGC\v815_replication_set\repl0006_clean.jpg,1,0,none,DF40-cdf-ddim,False,YouTube-real_00025_121,0.1304812729358673,0.8695186972618103,0.9998621940612793,0.08888435363769531,0.9998390674591064,0.3509693145751953
repl0006_smoothing_medium,C:\My_Project\AIGC\v815_replication_set\repl0006_smoothing_medium.jpg,1,1,smoothing_medium,DF40-cdf-ddim,False,YouTube-real_00025_121,0.1154583990573883,0.8845416307449341,0.9998573064804077,0.27604174613952637,0.999826967716217,0.8827972412109375
repl0006_whitening_medium,C:\My_Project\AIGC\v815_replication_set\repl0006_whitening_medium.jpg,1,1,whitening_medium,DF40-cdf-ddim,False,YouTube-real_00025_121,0.13621114194393158,0.863788902759552,0.9999020099639893,0.05237589403986931,0.9998688697814941,0.34472447633743286
repl0006_eye_enlarging,C:\My_Project\AIGC\v815_replication_set\repl0006_eye_enlarging.jpg,1,1,eye_enlarging,DF40-cdf-ddim,False,YouTube-real_00025_121,0.13100555539131165,0.8689944744110107,0.9998403787612915,0.1471429467201233,0.9998273253440857,0.5130656361579895
repl0006_face_reshaping,C:\My_Project\AIGC\v815_replication_set\repl0006_face_reshaping.jpg,1,1,face_reshaping,DF40-cdf-ddim,False,YouTube-real_00025_121,0.12507259845733643,0.8749274015426636,0.9998824596405029,0.16953685879707336,0.9998775720596313,0.5841203331947327
repl0007_clean,C:\My_Project\AIGC\v815_replication_set\repl0007_clean.jpg,1,0,none,DF40-cdf-pixart,False,YouTube-real_00012_025,0.08980376273393631,0.9101962447166443,0.9999061822891235,0.01356084831058979,0.9998196959495544,0.33858609199523926
repl0007_smoothing_medium,C:\My_Project\AIGC\v815_replication_set\repl0007_smoothing_medium.jpg,1,1,smoothing_medium,DF40-cdf-pixart,False,YouTube-real_00012_025,0.09237430989742279,0.907625675201416,0.9999326467514038,0.010157482698559761,0.9998602867126465,0.3493029475212097
repl0007_whitening_medium,C:\My_Project\AIGC\v815_replication_set\repl0007_whitening_medium.jpg,1,1,whitening_medium,DF40-cdf-pixart,False,YouTube-real_00012_025,0.08138737827539444,0.9186126589775085,0.9999246597290039,0.013412381522357464,0.9998587369918823,0.3863486647605896
repl0007_eye_enlarging,C:\My_Project\AIGC\v815_replication_set\repl0007_eye_enlarging.jpg,1,1,eye_enlarging,DF40-cdf-pixart,False,YouTube-real_00012_025,0.08396165817975998,0.9160383343696594,0.9999165534973145,0.015439173206686974,0.9998533725738525,0.35550060868263245
repl0007_face_reshaping,C:\My_Project\AIGC\v815_replication_set\repl0007_face_reshaping.jpg,1,1,face_reshaping,DF40-cdf-pixart,False,YouTube-real_00012_025,0.08799834549427032,0.9120016694068909,0.9999245405197144,0.011327950283885002,0.9998561143875122,0.29615604877471924
repl0008_clean,C:\My_Project\AIGC\v815_replication_set\repl0008_clean.jpg,1,0,none,DF40-cdf-pixart,False,Celeb-real_id52_0005_343,0.10777150094509125,0.8922284841537476,0.9999768733978271,0.05408606305718422,0.9999740123748779,0.5633305311203003
repl0008_smoothing_medium,C:\My_Project\AIGC\v815_replication_set\repl0008_smoothing_medium.jpg,1,1,smoothing_medium,DF40-cdf-pixart,False,Celeb-real_id52_0005_343,0.10636722296476364,0.8936328291893005,0.9999845027923584,0.021912988275289536,0.9999781847000122,0.5341909527778625
repl0008_whitening_medium,C:\My_Project\AIGC\v815_replication_set\repl0008_whitening_medium.jpg,1,1,whitening_medium,DF40-cdf-pixart,False,Celeb-real_id52_0005_343,0.09540662914514542,0.9045933485031128,0.9999758005142212,0.03730461001396179,0.9999692440032959,0.5890007615089417
repl0008_eye_enlarging,C:\My_Project\AIGC\v815_replication_set\repl0008_eye_enlarging.jpg,1,1,eye_enlarging,DF40-cdf-pixart,False,Celeb-real_id52_0005_343,0.10458167642354965,0.8954182863235474,0.9999736547470093,0.06501438468694687,0.9999701976776123,0.6488679647445679
repl0008_face_reshaping,C:\My_Project\AIGC\v815_replication_set\repl0008_face_reshaping.jpg,1,1,face_reshaping,DF40-cdf-pixart,False,Celeb-real_id52_0005_343,0.10710513591766357,0.8928948640823364,0.9999799728393555,0.06915444880723953,0.999981164932251,0.5954643487930298
repl0009_clean,C:\My_Project\AIGC\v815_replication_set\repl0009_clean.jpg,1,0,none,DF40-cdf-SiT,False,20610,0.1181919053196907,0.8818081021308899,0.9997230172157288,0.06255925446748734,0.9994457364082336,0.3227655291557312
repl0009_smoothing_medium,C:\My_Project\AIGC\v815_replication_set\repl0009_smoothing_medium.jpg,1,1,smoothing_medium,DF40-cdf-SiT,False,20610,0.11190647631883621,0.8880935311317444,0.9995940327644348,0.3932633697986603,0.999477207660675,0.9405902624130249
repl0009_whitening_medium,C:\My_Project\AIGC\v815_replication_set\repl0009_whitening_medium.jpg,1,1,whitening_medium,DF40-cdf-SiT,False,20610,0.11354217678308487,0.8864578008651733,0.999599039554596,0.06807217746973038,0.9991897940635681,0.3630882501602173
repl0009_eye_enlarging,C:\My_Project\AIGC\v815_replication_set\repl0009_eye_enlarging.jpg,1,1,eye_enlarging,DF40-cdf-SiT,False,20610,0.11296916753053665,0.887030839920044,0.9996047616004944,0.09535299986600876,0.9992528557777405,0.4648248255252838
repl0009_face_reshaping,C:\My_Project\AIGC\v815_replication_set\repl0009_face_reshaping.jpg,1,1,face_reshaping,DF40-cdf-SiT,False,20610,0.11276257783174515,0.8872374296188354,0.9997988343238831,0.06280898302793503,0.999610960483551,0.346028208732605
repl0010_clean,C:\My_Project\AIGC\v815_replication_set\repl0010_clean.jpg,1,0,none,DF40-cdf-DiT,False,4573,0.12236841768026352,0.8776316046714783,0.9998824596405029,0.008039315231144428,0.9996545314788818,0.10973311960697174
repl0010_smoothing_medium,C:\My_Project\AIGC\v815_replication_set\repl0010_smoothing_medium.jpg,1,1,smoothing_medium,DF40-cdf-DiT,False,4573,0.12244804948568344,0.8775519728660583,0.9999343156814575,0.015956589952111244,0.9998160004615784,0.6930500864982605
repl0010_whitening_medium,C:\My_Project\AIGC\v815_replication_set\repl0010_whitening_medium.jpg,1,1,whitening_medium,DF40-cdf-DiT,False,4573,0.11846310645341873,0.8815369009971619,0.9999041557312012,0.005664171651005745,0.9997016787528992,0.0774318054318428
repl0010_eye_enlarging,C:\My_Project\AIGC\v815_replication_set\repl0010_eye_enlarging.jpg,1,1,eye_enlarging,DF40-cdf-DiT,False,4573,0.12052365392446518,0.8794763088226318,0.9998694658279419,0.008769566193223,0.9996252059936523,0.10859951376914978
repl0010_face_reshaping,C:\My_Project\AIGC\v815_replication_set\repl0010_face_reshaping.jpg,1,1,face_reshaping,DF40-cdf-DiT,False,4573,0.11943036317825317,0.8805696964263916,0.999902606010437,0.007913039065897465,0.9997242093086243,0.12241645157337189
repl0011_clean,C:\My_Project\AIGC\v815_replication_set\repl0011_clean.jpg,1,0,none,DF40-cdf-sd2.1,False,Celeb-real_id22_0003_193,0.12508291006088257,0.8749170899391174,0.9999289512634277,0.009855271317064762,0.9995083808898926,0.590143620967865
repl0011_whitening_medium,C:\My_Project\AIGC\v815_replication_set\repl0011_whitening_medium.jpg,1,1,whitening_medium,DF40-cdf-sd2.1,False,Celeb-real_id22_0003_193,0.12815433740615845,0.8718456625938416,0.9998559951782227,0.014707524329423904,0.999083399772644,0.664512038230896
repl0012_clean,C:\My_Project\AIGC\v815_replication_set\repl0012_clean.jpg,1,0,none,DF40-cdf-DiT,False,8535,0.11877238005399704,0.8812275528907776,0.9998641014099121,0.04961078241467476,0.9997164607048035,0.36446067690849304
repl0012_smoothing_medium,C:\My_Project\AIGC\v815_replication_set\repl0012_smoothing_medium.jpg,1,1,smoothing_medium,DF40-cdf-DiT,False,8535,0.10373631119728088,0.8962637186050415,0.9997308850288391,0.12373200058937073,0.9993236064910889,0.9464762806892395
repl0012_whitening_medium,C:\My_Project\AIGC\v815_replication_set\repl0012_whitening_medium.jpg,1,1,whitening_medium,DF40-cdf-DiT,False,8535,0.10701209306716919,0.8929879069328308,0.9998339414596558,0.07105827331542969,0.9996751546859741,0.4340772032737732
repl0012_eye_enlarging,C:\My_Project\AIGC\v815_replication_set\repl0012_eye_enlarging.jpg,1,1,eye_enlarging,DF40-cdf-DiT,False,8535,0.11607466638088226,0.8839253187179565,0.9998732805252075,0.04697095602750778,0.9997294545173645,0.37035778164863586
repl0012_face_reshaping,C:\My_Project\AIGC\v815_replication_set\repl0012_face_reshaping.jpg,1,1,face_reshaping,DF40-cdf-DiT,False,8535,0.10836518555879593,0.8916347622871399,0.9998708963394165,0.09066062420606613,0.9997864365577698,0.5352347493171692
repl0013_clean,C:\My_Project\AIGC\v815_replication_set\repl0013_clean.jpg,1,0,none,DF40-cdf-SiT,False,4835,0.10953068733215332,0.8904693126678467,0.9995742440223694,0.07472212612628937,0.998978853225708,0.4145668148994446
repl0013_smoothing_medium,C:\My_Project\AIGC\v815_replication_set\repl0013_smoothing_medium.jpg,1,1,smoothing_medium,DF40-cdf-SiT,False,4835,0.13326063752174377,0.8667393922805786,0.9997863173484802,0.034753695130348206,0.9994134902954102,0.6749478578567505
repl0013_whitening_medium,C:\My_Project\AIGC\v815_replication_set\repl0013_whitening_medium.jpg,1,1,whitening_medium,DF40-cdf-SiT,False,4835,0.11103193461894989,0.8889679908752441,0.9998339414596558,0.025609785690903664,0.9995113611221313,0.2263030856847763
repl0013_eye_enlarging,C:\My_Project\AIGC\v815_replication_set\repl0013_eye_enlarging.jpg,1,1,eye_enlarging,DF40-cdf-SiT,False,4835,0.11141424626111984,0.8885856866836548,0.9993070363998413,0.08894215524196625,0.998491644859314,0.38699015974998474
repl0013_face_reshaping,C:\My_Project\AIGC\v815_replication_set\repl0013_face_reshaping.jpg,1,1,face_reshaping,DF40-cdf-SiT,False,4835,0.10437417775392532,0.8956258296966553,0.999548614025116,0.07899098098278046,0.9989142417907715,0.4793716073036194
repl0014_clean,C:\My_Project\AIGC\v815_replication_set\repl0014_clean.jpg,1,0,none,DF40-cdf-ddim,False,YouTube-real_00148_295,0.117354616522789,0.8826453685760498,0.9996533393859863,0.22887611389160156,0.9996546506881714,0.4444763660430908
repl0014_smoothing_medium,C:\My_Project\AIGC\v815_replication_set\repl0014_smoothing_medium.jpg,1,1,smoothing_medium,DF40-cdf-ddim,False,YouTube-real_00148_295,0.12420213967561722,0.8757978081703186,0.9997225403785706,0.782844066619873,0.9997697472572327,0.974187970161438
repl0014_whitening_medium,C:\My_Project\AIGC\v815_replication_set\repl0014_whitening_medium.jpg,1,1,whitening_medium,DF40-cdf-ddim,False,YouTube-real_00148_295,0.11810675263404846,0.8818932175636292,0.9998152852058411,0.11951812356710434,0.9997755885124207,0.33774611353874207
repl0014_eye_enlarging,C:\My_Project\AIGC\v815_replication_set\repl0014_eye_enlarging.jpg,1,1,eye_enlarging,DF40-cdf-ddim,False,YouTube-real_00148_295,0.11745281517505646,0.88254714012146,0.9995369911193848,0.49558040499687195,0.9995982050895691,0.7671268582344055
repl0014_face_reshaping,C:\My_Project\AIGC\v815_replication_set\repl0014_face_reshaping.jpg,1,1,face_reshaping,DF40-cdf-ddim,False,YouTube-real_00148_295,0.11698771268129349,0.8830122947692871,0.9994997978210449,0.5600639581680298,0.9996304512023926,0.8176806569099426
repl0015_clean,C:\My_Project\AIGC\v815_replication_set\repl0015_clean.jpg,1,0,none,DF40-cdf-sd2.1,False,Celeb-real_id25_0003_096,0.10042610764503479,0.8995738625526428,0.9997367262840271,0.03877106308937073,0.9993147850036621,0.45384520292282104
repl0015_smoothing_medium,C:\My_Project\AIGC\v815_replication_set\repl0015_smoothing_medium.jpg,1,1,smoothing_medium,DF40-cdf-sd2.1,False,Celeb-real_id25_0003_096,0.10392029583454132,0.8960797190666199,0.999836802482605,0.017847109586000443,0.9993865489959717,0.6417802572250366
repl0015_whitening_medium,C:\My_Project\AIGC\v815_replication_set\repl0015_whitening_medium.jpg,1,1,whitening_medium,DF40-cdf-sd2.1,False,Celeb-real_id25_0003_096,0.10180817544460297,0.8981918692588806,0.9998571872711182,0.026288500055670738,0.999624490737915,0.4006897807121277
repl0015_eye_enlarging,C:\My_Project\AIGC\v815_replication_set\repl0015_eye_enlarging.jpg,1,1,eye_enlarging,DF40-cdf-sd2.1,False,Celeb-real_id25_0003_096,0.10034449398517609,0.8996554613113403,0.9996985197067261,0.05131492763757706,0.9993313550949097,0.4617437720298767
repl0015_face_reshaping,C:\My_Project\AIGC\v815_replication_set\repl0015_face_reshaping.jpg,1,1,face_reshaping,DF40-cdf-sd2.1,False,Celeb-real_id25_0003_096,0.1011781170964241,0.8988219499588013,0.9997339844703674,0.03987417370080948,0.9992890357971191,0.49059218168258667
repl0016_clean,C:\My_Project\AIGC\v815_replication_set\repl0016_clean.jpg,1,0,none,DF40-cdf-ddim,False,Celeb-real_id3_0003_143,0.1181207224726677,0.8818793296813965,0.9998780488967896,0.06993529945611954,0.9998366832733154,0.28760722279548645
repl0016_smoothing_medium,C:\My_Project\AIGC\v815_replication_set\repl0016_smoothing_medium.jpg,1,1,smoothing_medium,DF40-cdf-ddim,False,Celeb-real_id3_0003_143,0.10808855295181274,0.8919114470481873,0.9995918869972229,0.8970264196395874,0.9997519850730896,0.9805648922920227
repl0016_whitening_medium,C:\My_Project\AIGC\v815_replication_set\repl0016_whitening_medium.jpg,1,1,whitening_medium,DF40-cdf-ddim,False,Celeb-real_id3_0003_143,0.12451023608446121,0.8754898309707642,0.9999082088470459,0.058178991079330444,0.9998737573623657,0.2854454815387726
repl0016_eye_enlarging,C:\My_Project\AIGC\v815_replication_set\repl0016_eye_enlarging.jpg,1,1,eye_enlarging,DF40-cdf-ddim,False,Celeb-real_id3_0003_143,0.09671978652477264,0.9032801985740662,0.9998052716255188,0.12877020239830017,0.9997610449790955,0.4169815480709076
repl0016_face_reshaping,C:\My_Project\AIGC\v815_replication_set\repl0016_face_reshaping.jpg,1,1,face_reshaping,DF40-cdf-ddim,False,Celeb-real_id3_0003_143,0.1099991649389267,0.8900007605552673,0.9998700618743896,0.06704182177782059,0.9998165965080261,0.23826970160007477
repl0017_clean,C:\My_Project\AIGC\v815_replication_set\repl0017_clean.jpg,1,0,none,DF40-cdf-pixart,False,YouTube-real_00180_011,0.09531807154417038,0.904681921005249,0.9999405145645142,0.0033474040683358908,0.9996742010116577,0.2898247241973877
repl0017_smoothing_medium,C:\My_Project\AIGC\v815_replication_set\repl0017_smoothing_medium.jpg,1,1,smoothing_medium,DF40-cdf-pixart,False,YouTube-real_00180_011,0.09490414708852768,0.9050958752632141,0.9999393224716187,0.003602829296141863,0.9996441602706909,0.383709579706192
repl0017_whitening_medium,C:\My_Project\AIGC\v815_replication_set\repl0017_whitening_medium.jpg,1,1,whitening_medium,DF40-cdf-pixart,False,YouTube-real_00180_011,0.08939473330974579,0.9106053113937378,0.9999427795410156,0.0035557395312935114,0.9996281862258911,0.4041685163974762
repl0017_eye_enlarging,C:\My_Project\AIGC\v815_replication_set\repl0017_eye_enlarging.jpg,1,1,eye_enlarging,DF40-cdf-pixart,False,YouTube-real_00180_011,0.09252758324146271,0.9074724316596985,0.9999442100524902,0.003258033422753215,0.9996815919876099,0.33493325114250183
repl0017_face_reshaping,C:\My_Project\AIGC\v815_replication_set\repl0017_face_reshaping.jpg,1,1,face_reshaping,DF40-cdf-pixart,False,YouTube-real_00180_011,0.0904352217912674,0.9095647931098938,0.9999456405639648,0.003445979207754135,0.9997069239616394,0.320972204208374
repl0018_clean,C:\My_Project\AIGC\v815_replication_set\repl0018_clean.jpg,1,0,none,DF40-cdf-pixart,False,YouTube-real_00062_276,0.08160309493541718,0.9183968901634216,0.9999948740005493,0.0009190618875436485,0.9999803304672241,0.09393052756786346
repl0018_smoothing_medium,C:\My_Project\AIGC\v815_replication_set\repl0018_smoothing_medium.jpg,1,1,smoothing_medium,DF40-cdf-pixart,False,YouTube-real_00062_276,0.0789303258061409,0.9210696816444397,0.9999970197677612,0.0006750073516741395,0.9999876022338867,0.09984108805656433
repl0018_whitening_medium,C:\My_Project\AIGC\v815_replication_set\repl0018_whitening_medium.jpg,1,1,whitening_medium,DF40-cdf-pixart,False,YouTube-real_00062_276,0.08292356878519058,0.9170764088630676,0.9999938011169434,0.0010018827160820365,0.9999740123748779,0.12945003807544708
repl0018_eye_enlarging,C:\My_Project\AIGC\v815_replication_set\repl0018_eye_enlarging.jpg,1,1,eye_enlarging,DF40-cdf-pixart,False,YouTube-real_00062_276,0.08350104093551636,0.9164989590644836,0.9999938011169434,0.0011304450454190373,0.999976634979248,0.11974162608385086
repl0018_face_reshaping,C:\My_Project\AIGC\v815_replication_set\repl0018_face_reshaping.jpg,1,1,face_reshaping,DF40-cdf-pixart,False,YouTube-real_00062_276,0.08089582622051239,0.9191042184829712,0.999995231628418,0.0009191029821522534,0.9999821186065674,0.09536239504814148
repl0019_clean,C:\My_Project\AIGC\v815_replication_set\repl0019_clean.jpg,1,0,none,DF40-cdf-ddim,False,YouTube-real_00142_362,0.12438949197530746,0.8756105303764343,0.9997593760490417,0.43180227279663086,0.9997784495353699,0.5964819192886353
repl0019_smoothing_medium,C:\My_Project\AIGC\v815_replication_set\repl0019_smoothing_medium.jpg,1,1,smoothing_medium,DF40-cdf-ddim,False,YouTube-real_00142_362,0.09813477843999863,0.9018651843070984,0.9993798732757568,0.6898699998855591,0.999437153339386,0.9738095998764038
repl0019_whitening_medium,C:\My_Project\AIGC\v815_replication_set\repl0019_whitening_medium.jpg,1,1,whitening_medium,DF40-cdf-ddim,False,YouTube-real_00142_362,0.1266922652721405,0.8733077049255371,0.9997383952140808,0.4724884033203125,0.9997491240501404,0.7574387192726135
repl0019_eye_enlarging,C:\My_Project\AIGC\v815_replication_set\repl0019_eye_enlarging.jpg,1,1,eye_enlarging,DF40-cdf-ddim,False,YouTube-real_00142_362,0.13381026685237885,0.8661897778511047,0.9996613264083862,0.5427306890487671,0.9996869564056396,0.7676238417625427
repl0019_face_reshaping,C:\My_Project\AIGC\v815_replication_set\repl0019_face_reshaping.jpg,1,1,face_reshaping,DF40-cdf-ddim,False,YouTube-real_00142_362,0.11870507895946503,0.8812949061393738,0.9998098015785217,0.4429878890514374,0.9998117089271545,0.7065663933753967
repl0020_clean,C:\My_Project\AIGC\v815_replication_set\repl0020_clean.jpg,1,0,none,DF40-cdf-ddim,False,Celeb-real_id33_0003_378,0.12433091551065445,0.8756691217422485,0.9998825788497925,0.10833115130662918,0.99986732006073,0.46732667088508606
repl0020_smoothing_medium,C:\My_Project\AIGC\v815_replication_set\repl0020_smoothing_medium.jpg,1,1,smoothing_medium,DF40-cdf-ddim,False,Celeb-real_id33_0003_378,0.10943807661533356,0.8905619382858276,0.9998809099197388,0.6701915860176086,0.9998936653137207,0.9759372472763062
repl0020_whitening_medium,C:\My_Project\AIGC\v815_replication_set\repl0020_whitening_medium.jpg,1,1,whitening_medium,DF40-cdf-ddim,False,Celeb-real_id33_0003_378,0.13002152740955353,0.8699784278869629,0.9998705387115479,0.0968463346362114,0.9998412132263184,0.4888043999671936
repl0020_eye_enlarging,C:\My_Project\AIGC\v815_replication_set\repl0020_eye_enlarging.jpg,1,1,eye_enlarging,DF40-cdf-ddim,False,Celeb-real_id33_0003_378,0.1261785626411438,0.8738214373588562,0.9998365640640259,0.14382438361644745,0.9997991919517517,0.5912835597991943
repl0020_face_reshaping,C:\My_Project\AIGC\v815_replication_set\repl0020_face_reshaping.jpg,1,1,face_reshaping,DF40-cdf-ddim,False,Celeb-real_id33_0003_378,0.11845067888498306,0.8815492987632751,0.9998421669006348,0.3802656829357147,0.9998470544815063,0.8312286138534546
repl0021_clean,C:\My_Project\AIGC\v815_replication_set\repl0021_clean.jpg,1,0,none,DF40-cdf-DiT,False,27717,0.10061246901750565,0.899387538433075,0.9997648596763611,0.04625139385461807,0.9994589686393738,0.561894953250885
repl0021_smoothing_medium,C:\My_Project\AIGC\v815_replication_set\repl0021_smoothing_medium.jpg,1,1,smoothing_medium,DF40-cdf-DiT,False,27717,0.09802395105361938,0.9019760489463806,0.9995334148406982,0.39233502745628357,0.9993932247161865,0.9823560118675232
repl0021_whitening_medium,C:\My_Project\AIGC\v815_replication_set\repl0021_whitening_medium.jpg,1,1,whitening_medium,DF40-cdf-DiT,False,27717,0.10484571009874344,0.8951542973518372,0.9997938275337219,0.026605384424328804,0.9993826150894165,0.5638469457626343
repl0021_eye_enlarging,C:\My_Project\AIGC\v815_replication_set\repl0021_eye_enlarging.jpg,1,1,eye_enlarging,DF40-cdf-DiT,False,27717,0.10785427689552307,0.8921456933021545,0.9996540546417236,0.042822353541851044,0.9990455508232117,0.5636398792266846
repl0021_face_reshaping,C:\My_Project\AIGC\v815_replication_set\repl0021_face_reshaping.jpg,1,1,face_reshaping,DF40-cdf-DiT,False,27717,0.10110565274953842,0.8988943696022034,0.9996789693832397,0.06157425045967102,0.999273955821991,0.6701256632804871
repl0022_clean,C:\My_Project\AIGC\v815_replication_set\repl0022_clean.jpg,1,0,none,DF40-cdf-DiT,False,7077,0.11457999795675278,0.8854199647903442,0.9996250867843628,0.06610757112503052,0.9991114735603333,0.44824257493019104
repl0022_smoothing_medium,C:\My_Project\AIGC\v815_replication_set\repl0022_smoothing_medium.jpg,1,1,smoothing_medium,DF40-cdf-DiT,False,7077,0.11518072336912155,0.8848192691802979,0.9998763799667358,0.016497310250997543,0.9995865225791931,0.6350005269050598
repl0022_whitening_medium,C:\My_Project\AIGC\v815_replication_set\repl0022_whitening_medium.jpg,1,1,whitening_medium,DF40-cdf-DiT,False,7077,0.10952490568161011,0.8904751539230347,0.9996354579925537,0.032447781413793564,0.9989281296730042,0.2854650616645813
repl0022_eye_enlarging,C:\My_Project\AIGC\v815_replication_set\repl0022_eye_enlarging.jpg,1,1,eye_enlarging,DF40-cdf-DiT,False,7077,0.11523452401161194,0.8847654461860657,0.9997133612632751,0.044149141758680344,0.999233603477478,0.3933562934398651
repl0022_face_reshaping,C:\My_Project\AIGC\v815_replication_set\repl0022_face_reshaping.jpg,1,1,face_reshaping,DF40-cdf-DiT,False,7077,0.12565913796424866,0.874340832233429,0.9997053742408752,0.15571463108062744,0.9994590878486633,0.7598932981491089
repl0023_clean,C:\My_Project\AIGC\v815_replication_set\repl0023_clean.jpg,1,0,none,DF40-cdf-pixart,False,YouTube-real_00277_404,0.09050941467285156,0.9094905853271484,0.9999676942825317,0.005008141044527292,0.9998989105224609,0.4133518636226654
repl0023_smoothing_medium,C:\My_Project\AIGC\v815_replication_set\repl0023_smoothing_medium.jpg,1,1,smoothing_medium,DF40-cdf-pixart,False,YouTube-real_00277_404,0.09787701815366745,0.902122974395752,0.9999666213989258,0.003942600451409817,0.9998857975006104,0.40239059925079346
repl0023_whitening_medium,C:\My_Project\AIGC\v815_replication_set\repl0023_whitening_medium.jpg,1,1,whitening_medium,DF40-cdf-pixart,False,YouTube-real_00277_404,0.08507443964481354,0.9149256348609924,0.9999737739562988,0.0032372879795730114,0.9999061822891235,0.37460795044898987
repl0023_eye_enlarging,C:\My_Project\AIGC\v815_replication_set\repl0023_eye_enlarging.jpg,1,1,eye_enlarging,DF40-cdf-pixart,False,YouTube-real_00277_404,0.08936015516519547,0.9106398820877075,0.9999704360961914,0.0049775936640799046,0.9999097585678101,0.4058413803577423
repl0023_face_reshaping,C:\My_Project\AIGC\v815_replication_set\repl0023_face_reshaping.jpg,1,1,face_reshaping,DF40-cdf-pixart,False,YouTube-real_00277_404,0.09264608472585678,0.907353937625885,0.9999700784683228,0.005162747111171484,0.9999120235443115,0.41066306829452515
repl0024_clean,C:\My_Project\AIGC\v815_replication_set\repl0024_clean.jpg,1,0,none,DF40-cdf-SiT,False,15558,0.12181214243173599,0.8781878352165222,0.9999035596847534,0.03402154520153999,0.9998053908348083,0.36061856150627136
repl0024_smoothing_medium,C:\My_Project\AIGC\v815_replication_set\repl0024_smoothing_medium.jpg,1,1,smoothing_medium,DF40-cdf-SiT,False,15558,0.1391921043395996,0.8608078956604004,0.9991779923439026,0.5804300904273987,0.9992738366127014,0.9781213998794556
repl0024_whitening_medium,C:\My_Project\AIGC\v815_replication_set\repl0024_whitening_medium.jpg,1,1,whitening_medium,DF40-cdf-SiT,False,15558,0.1257040798664093,0.8742959499359131,0.9998563528060913,0.04425586014986038,0.9997076392173767,0.42118826508522034
repl0024_eye_enlarging,C:\My_Project\AIGC\v815_replication_set\repl0024_eye_enlarging.jpg,1,1,eye_enlarging,DF40-cdf-SiT,False,15558,0.1203760951757431,0.8796238899230957,0.9998759031295776,0.04349181428551674,0.9997629523277283,0.35585540533065796
repl0024_face_reshaping,C:\My_Project\AIGC\v815_replication_set\repl0024_face_reshaping.jpg,1,1,face_reshaping,DF40-cdf-SiT,False,15558,0.11892389506101608,0.8810761570930481,0.9998279809951782,0.04848681762814522,0.9996740818023682,0.4591437578201294
repl0025_clean,C:\My_Project\AIGC\v815_replication_set\repl0025_clean.jpg,1,0,none,DF40-cdf-DiT,False,1881,0.11172477900981903,0.8882752060890198,0.9998550415039062,0.029499871656298637,0.9996359348297119,0.13248039782047272
repl0025_smoothing_medium,C:\My_Project\AIGC\v815_replication_set\repl0025_smoothing_medium.jpg,1,1,smoothing_medium,DF40-cdf-DiT,False,1881,0.10113219916820526,0.8988677859306335,0.9996861219406128,0.10459578782320023,0.9993684887886047,0.8593898415565491
repl0025_whitening_medium,C:\My_Project\AIGC\v815_replication_set\repl0025_whitening_medium.jpg,1,1,whitening_medium,DF40-cdf-DiT,False,1881,0.10556841641664505,0.8944315910339355,0.9997223019599915,0.04206119477748871,0.9993200302124023,0.20517027378082275
repl0025_eye_enlarging,C:\My_Project\AIGC\v815_replication_set\repl0025_eye_enlarging.jpg,1,1,eye_enlarging,DF40-cdf-DiT,False,1881,0.10631278902292252,0.8936871886253357,0.9998477697372437,0.02866809442639351,0.9995970129966736,0.1452186107635498
repl0025_face_reshaping,C:\My_Project\AIGC\v815_replication_set\repl0025_face_reshaping.jpg,1,1,face_reshaping,DF40-cdf-DiT,False,1881,0.11254743486642838,0.8874525427818298,0.9998829364776611,0.026643428951501846,0.9996833801269531,0.16873620450496674
repl0026_clean,C:\My_Project\AIGC\v815_replication_set\repl0026_clean.jpg,1,0,none,DF40-cdf-pixart,False,Celeb-real_id56_0008_214,0.1051429957151413,0.8948569893836975,0.9997904896736145,0.014510990120470524,0.999383807182312,0.596600353717804
repl0026_smoothing_medium,C:\My_Project\AIGC\v815_replication_set\repl0026_smoothing_medium.jpg,1,1,smoothing_medium,DF40-cdf-pixart,False,Celeb-real_id56_0008_214,0.10227716714143753,0.8977228999137878,0.999848484992981,0.01045994646847248,0.9995656609535217,0.572334885597229
repl0026_whitening_medium,C:\My_Project\AIGC\v815_replication_set\repl0026_whitening_medium.jpg,1,1,whitening_medium,DF40-cdf-pixart,False,Celeb-real_id56_0008_214,0.09864386171102524,0.9013561606407166,0.9997535347938538,0.01849076710641384,0.9992508292198181,0.6436535716056824
repl0026_eye_enlarging,C:\My_Project\AIGC\v815_replication_set\repl0026_eye_enlarging.jpg,1,1,eye_enlarging,DF40-cdf-pixart,False,Celeb-real_id56_0008_214,0.10075373947620392,0.8992462754249573,0.9997952580451965,0.021267807111144066,0.9994949102401733,0.6604872345924377
repl0026_face_reshaping,C:\My_Project\AIGC\v815_replication_set\repl0026_face_reshaping.jpg,1,1,face_reshaping,DF40-cdf-pixart,False,Celeb-real_id56_0008_214,0.10071321576833725,0.8992867469787598,0.9998589754104614,0.011712687090039253,0.9995875954627991,0.542479395866394
repl0027_clean,C:\My_Project\AIGC\v815_replication_set\repl0027_clean.jpg,1,0,none,DF40-cdf-ddim,False,YouTube-real_00192_244,0.10298936069011688,0.8970106840133667,0.9999794960021973,0.03928683325648308,0.999963641166687,0.22637182474136353
repl0027_smoothing_medium,C:\My_Project\AIGC\v815_replication_set\repl0027_smoothing_medium.jpg,1,1,smoothing_medium,DF40-cdf-ddim,False,YouTube-real_00192_244,0.10034841299057007,0.8996515870094299,0.9998741149902344,0.13975664973258972,0.9998071789741516,0.8438016176223755
repl0027_whitening_medium,C:\My_Project\AIGC\v815_replication_set\repl0027_whitening_medium.jpg,1,1,whitening_medium,DF40-cdf-ddim,False,YouTube-real_00192_244,0.10779920220375061,0.892200767993927,0.9999713897705078,0.028866924345493317,0.9999446868896484,0.22345109283924103
repl0027_eye_enlarging,C:\My_Project\AIGC\v815_replication_set\repl0027_eye_enlarging.jpg,1,1,eye_enlarging,DF40-cdf-ddim,False,YouTube-real_00192_244,0.1070590391755104,0.8929409384727478,0.9999829530715942,0.047333456575870514,0.9999690055847168,0.2721462547779083
repl0027_face_reshaping,C:\My_Project\AIGC\v815_replication_set\repl0027_face_reshaping.jpg,1,1,face_reshaping,DF40-cdf-ddim,False,YouTube-real_00192_244,0.10837956517934799,0.891620397567749,0.9999755620956421,0.04373154044151306,0.9999560117721558,0.2570677697658539
repl0028_clean,C:\My_Project\AIGC\v815_replication_set\repl0028_clean.jpg,1,0,none,DF40-cdf-SiT,False,16604,0.1063627302646637,0.8936372995376587,0.9999085664749146,0.029355816543102264,0.9998006224632263,0.18910759687423706
repl0028_smoothing_medium,C:\My_Project\AIGC\v815_replication_set\repl0028_smoothing_medium.jpg,1,1,smoothing_medium,DF40-cdf-SiT,False,16604,0.12431100010871887,0.8756890296936035,0.9997851252555847,0.42185601592063904,0.9997702240943909,0.9581055641174316
repl0028_whitening_medium,C:\My_Project\AIGC\v815_replication_set\repl0028_whitening_medium.jpg,1,1,whitening_medium,DF40-cdf-SiT,False,16604,0.09625526517629623,0.9037446975708008,0.9999345541000366,0.02369820699095726,0.9998464584350586,0.20124176144599915
repl0028_eye_enlarging,C:\My_Project\AIGC\v815_replication_set\repl0028_eye_enlarging.jpg,1,1,eye_enlarging,DF40-cdf-SiT,False,16604,0.1097930520772934,0.8902069330215454,0.9998499155044556,0.04130067676305771,0.9996945858001709,0.22709791362285614
repl0028_face_reshaping,C:\My_Project\AIGC\v815_replication_set\repl0028_face_reshaping.jpg,1,1,face_reshaping,DF40-cdf-SiT,False,16604,0.10642896592617035,0.8935710191726685,0.9998266100883484,0.0537228100001812,0.9996838569641113,0.34043458104133606
repl0029_clean,C:\My_Project\AIGC\v815_replication_set\repl0029_clean.jpg,1,0,none,DF40-cdf-sd2.1,False,Celeb-real_id0_0004_146,0.08953795582056046,0.9104620814323425,0.9999436140060425,0.006204778328537941,0.9997774958610535,0.26413461565971375
repl0029_smoothing_medium,C:\My_Project\AIGC\v815_replication_set\repl0029_smoothing_medium.jpg,1,1,smoothing_medium,DF40-cdf-sd2.1,False,Celeb-real_id0_0004_146,0.09170705080032349,0.9082930088043213,0.9998906850814819,0.005950879771262407,0.9994262456893921,0.42529159784317017
repl0029_whitening_medium,C:\My_Project\AIGC\v815_replication_set\repl0029_whitening_medium.jpg,1,1,whitening_medium,DF40-cdf-sd2.1,False,Celeb-real_id0_0004_146,0.08935678005218506,0.9106432795524597,0.9999289512634277,0.006654135882854462,0.9997096657752991,0.27378225326538086
repl0029_eye_enlarging,C:\My_Project\AIGC\v815_replication_set\repl0029_eye_enlarging.jpg,1,1,eye_enlarging,DF40-cdf-sd2.1,False,Celeb-real_id0_0004_146,0.0909082442522049,0.9090917706489563,0.9999418258666992,0.00585221266373992,0.999752938747406,0.2882976233959198
repl0029_face_reshaping,C:\My_Project\AIGC\v815_replication_set\repl0029_face_reshaping.jpg,1,1,face_reshaping,DF40-cdf-sd2.1,False,Celeb-real_id0_0004_146,0.08492034673690796,0.9150795936584473,0.9999504089355469,0.006418884731829166,0.9998161196708679,0.2845207154750824
repl0030_clean,C:\My_Project\AIGC\v815_replication_set\repl0030_clean.jpg,1,0,none,DF40-cdf-ddim,False,YouTube-real_00218_107,0.11939267814159393,0.8806073069572449,0.9999240636825562,0.1113414466381073,0.999915361404419,0.3324774205684662
repl0030_smoothing_medium,C:\My_Project\AIGC\v815_replication_set\repl0030_smoothing_medium.jpg,1,1,smoothing_medium,DF40-cdf-ddim,False,YouTube-real_00218_107,0.10743854939937592,0.8925613760948181,0.9998313188552856,0.7321542501449585,0.9998695850372314,0.9689926505088806
repl0030_whitening_medium,C:\My_Project\AIGC\v815_replication_set\repl0030_whitening_medium.jpg,1,1,whitening_medium,DF40-cdf-ddim,False,YouTube-real_00218_107,0.11696375906467438,0.8830362558364868,0.9999538660049438,0.037916719913482666,0.9999264478683472,0.18263709545135498
repl0030_eye_enlarging,C:\My_Project\AIGC\v815_replication_set\repl0030_eye_enlarging.jpg,1,1,eye_enlarging,DF40-cdf-ddim,False,YouTube-real_00218_107,0.12141785025596619,0.8785821795463562,0.9998964071273804,0.22708630561828613,0.9999032020568848,0.5226425528526306
repl0030_face_reshaping,C:\My_Project\AIGC\v815_replication_set\repl0030_face_reshaping.jpg,1,1,face_reshaping,DF40-cdf-ddim,False,YouTube-real_00218_107,0.11779360473155975,0.8822064399719238,0.9999700784683228,0.08321451395750046,0.9999592304229736,0.2601451873779297
repl0031_clean,C:\My_Project\AIGC\v815_replication_set\repl0031_clean.jpg,1,0,none,DF40-cdf-sd2.1,False,YouTube-real_00169_347,0.11398495733737946,0.8860150575637817,0.999853253364563,0.01463737990707159,0.9995519518852234,0.5502654910087585
repl0031_smoothing_medium,C:\My_Project\AIGC\v815_replication_set\repl0031_smoothing_medium.jpg,1,1,smoothing_medium,DF40-cdf-sd2.1,False,YouTube-real_00169_347,0.12241172045469284,0.8775882720947266,0.9996368885040283,0.022972019389271736,0.9990554451942444,0.6515181064605713
repl0031_whitening_medium,C:\My_Project\AIGC\v815_replication_set\repl0031_whitening_medium.jpg,1,1,whitening_medium,DF40-cdf-sd2.1,False,YouTube-real_00169_347,0.11297411471605301,0.8870258331298828,0.9999091625213623,0.01885642297565937,0.9997585415840149,0.5965831279754639
repl0031_eye_enlarging,C:\My_Project\AIGC\v815_replication_set\repl0031_eye_enlarging.jpg,1,1,eye_enlarging,DF40-cdf-sd2.1,False,YouTube-real_00169_347,0.11768339574337006,0.8823166489601135,0.9998712539672852,0.015034576877951622,0.9996386766433716,0.5572748184204102
repl0031_face_reshaping,C:\My_Project\AIGC\v815_replication_set\repl0031_face_reshaping.jpg,1,1,face_reshaping,DF40-cdf-sd2.1,False,YouTube-real_00169_347,0.11187983304262161,0.8881202340126038,0.9998599290847778,0.013525034300982952,0.9995810389518738,0.5481391549110413
repl0032_clean,C:\My_Project\AIGC\v815_replication_set\repl0032_clean.jpg,1,0,none,DF40-cdf-SiT,False,27806,0.11338946968317032,0.8866105675697327,0.9998236298561096,0.025165380910038948,0.9994502663612366,0.4236460030078888
repl0032_smoothing_medium,C:\My_Project\AIGC\v815_replication_set\repl0032_smoothing_medium.jpg,1,1,smoothing_medium,DF40-cdf-SiT,False,27806,0.11745785176753998,0.8825421333312988,0.9995494484901428,0.2218734622001648,0.9993139505386353,0.9487946033477783
repl0032_whitening_medium,C:\My_Project\AIGC\v815_replication_set\repl0032_whitening_medium.jpg,1,1,whitening_medium,DF40-cdf-SiT,False,27806,0.11720243096351624,0.8827975392341614,0.9998146891593933,0.036270540207624435,0.9994732737541199,0.5089426040649414
repl0032_eye_enlarging,C:\My_Project\AIGC\v815_replication_set\repl0032_eye_enlarging.jpg,1,1,eye_enlarging,DF40-cdf-SiT,False,27806,0.11097484081983566,0.889025092124939,0.9998005032539368,0.027467558160424232,0.999394416809082,0.42145049571990967
repl0032_face_reshaping,C:\My_Project\AIGC\v815_replication_set\repl0032_face_reshaping.jpg,1,1,face_reshaping,DF40-cdf-SiT,False,27806,0.1175045296549797,0.8824954628944397,0.9998410940170288,0.037205372005701065,0.999616265296936,0.5980870723724365
repl0033_clean,C:\My_Project\AIGC\v815_replication_set\repl0033_clean.jpg,1,0,none,DF40-cdf-SiT,False,22968,0.12067248672246933,0.8793275356292725,0.9999117851257324,0.006304110400378704,0.9995526671409607,0.18548260629177094
repl0033_smoothing_medium,C:\My_Project\AIGC\v815_replication_set\repl0033_smoothing_medium.jpg,1,1,smoothing_medium,DF40-cdf-SiT,False,22968,0.1233309730887413,0.8766689896583557,0.9999096393585205,0.013276304118335247,0.9995130300521851,0.8015174865722656
repl0033_whitening_medium,C:\My_Project\AIGC\v815_replication_set\repl0033_whitening_medium.jpg,1,1,whitening_medium,DF40-cdf-SiT,False,22968,0.1199301928281784,0.8800697922706604,0.9998981952667236,0.004866357427090406,0.9993953704833984,0.17528194189071655
repl0033_eye_enlarging,C:\My_Project\AIGC\v815_replication_set\repl0033_eye_enlarging.jpg,1,1,eye_enlarging,DF40-cdf-SiT,False,22968,0.11896981298923492,0.8810301423072815,0.9998729228973389,0.010554173029959202,0.9994103908538818,0.31018391251564026
repl0033_face_reshaping,C:\My_Project\AIGC\v815_replication_set\repl0033_face_reshaping.jpg,1,1,face_reshaping,DF40-cdf-SiT,False,22968,0.1143658384680748,0.8856341242790222,0.9998946189880371,0.006182325538247824,0.9994487166404724,0.17646203935146332
repl0034_clean,C:\My_Project\AIGC\v815_replication_set\repl0034_clean.jpg,1,0,none,DF40-cdf-sd2.1,False,Celeb-real_id47_0007_187,0.09944039583206177,0.9005596041679382,0.9999202489852905,0.006032044067978859,0.9996342658996582,0.44772472977638245
repl0034_smoothing_medium,C:\My_Project\AIGC\v815_replication_set\repl0034_smoothing_medium.jpg,1,1,smoothing_medium,DF40-cdf-sd2.1,False,Celeb-real_id47_0007_187,0.10188794136047363,0.8981120586395264,0.9999094009399414,0.005705379415303469,0.9995444416999817,0.5921639800071716
repl0034_whitening_medium,C:\My_Project\AIGC\v815_replication_set\repl0034_whitening_medium.jpg,1,1,whitening_medium,DF40-cdf-sd2.1,False,Celeb-real_id47_0007_187,0.10658323019742966,0.8934167623519897,0.9999371767044067,0.004862034227699041,0.9997026324272156,0.4269234538078308
repl0034_eye_enlarging,C:\My_Project\AIGC\v815_replication_set\repl0034_eye_enlarging.jpg,1,1,eye_enlarging,DF40-cdf-sd2.1,False,Celeb-real_id47_0007_187,0.09970294684171677,0.9002970457077026,0.9999208450317383,0.006372320465743542,0.999632716178894,0.5088105201721191
repl0034_face_reshaping,C:\My_Project\AIGC\v815_replication_set\repl0034_face_reshaping.jpg,1,1,face_reshaping,DF40-cdf-sd2.1,False,Celeb-real_id47_0007_187,0.10098835825920105,0.8990116119384766,0.9999375343322754,0.0052758557721972466,0.9997196793556213,0.4383946657180786
repl0035_clean,C:\My_Project\AIGC\v815_replication_set\repl0035_clean.jpg,1,0,none,DF40-cdf-pixart,False,Celeb-real_id22_0008_167,0.08490773290395737,0.9150922894477844,0.999947190284729,0.003389693098142743,0.999850869178772,0.07091856747865677
repl0035_smoothing_medium,C:\My_Project\AIGC\v815_replication_set\repl0035_smoothing_medium.jpg,1,1,smoothing_medium,DF40-cdf-pixart,False,Celeb-real_id22_0008_167,0.08806359767913818,0.9119364619255066,0.9999511241912842,0.0031375354155898094,0.999858021736145,0.09760092198848724
repl0035_whitening_medium,C:\My_Project\AIGC\v815_replication_set\repl0035_whitening_medium.jpg,1,1,whitening_medium,DF40-cdf-pixart,False,Celeb-real_id22_0008_167,0.08000414073467255,0.919995903968811,0.9999502897262573,0.0036197879817336798,0.9998438358306885,0.0979161411523819
repl0035_eye_enlarging,C:\My_Project\AIGC\v815_replication_set\repl0035_eye_enlarging.jpg,1,1,eye_enlarging,DF40-cdf-pixart,False,Celeb-real_id22_0008_167,0.07857907563447952,0.9214209318161011,0.9999470710754395,0.004113486967980862,0.9998444318771362,0.12880481779575348
repl0035_face_reshaping,C:\My_Project\AIGC\v815_replication_set\repl0035_face_reshaping.jpg,1,1,face_reshaping,DF40-cdf-pixart,False,Celeb-real_id22_0008_167,0.08642178773880005,0.9135781526565552,0.9999434947967529,0.003409849712625146,0.9998456239700317,0.06206279620528221
repl0036_clean,C:\My_Project\AIGC\v815_replication_set\repl0036_clean.jpg,1,0,none,DF40-cdf-sd2.1,False,YouTube-real_00102_088,0.14421389997005463,0.8557860851287842,0.9997953772544861,0.026753373444080353,0.9996713399887085,0.09502775222063065
repl0036_smoothing_medium,C:\My_Project\AIGC\v815_replication_set\repl0036_smoothing_medium.jpg,1,1,smoothing_medium,DF40-cdf-sd2.1,False,YouTube-real_00102_088,0.12652480602264404,0.8734752535820007,0.9998238682746887,0.013261215761303902,0.9996740818023682,0.10957895219326019
repl0036_whitening_medium,C:\My_Project\AIGC\v815_replication_set\repl0036_whitening_medium.jpg,1,1,whitening_medium,DF40-cdf-sd2.1,False,YouTube-real_00102_088,0.13843388855457306,0.8615660667419434,0.9998573064804077,0.014823882840573788,0.9997079968452454,0.07036067545413971
repl0036_eye_enlarging,C:\My_Project\AIGC\v815_replication_set\repl0036_eye_enlarging.jpg,1,1,eye_enlarging,DF40-cdf-sd2.1,False,YouTube-real_00102_088,0.14207465946674347,0.8579253554344177,0.9998242259025574,0.018617620691657066,0.9996569156646729,0.0853261724114418
repl0036_face_reshaping,C:\My_Project\AIGC\v815_replication_set\repl0036_face_reshaping.jpg,1,1,face_reshaping,DF40-cdf-sd2.1,False,YouTube-real_00102_088,0.14918182790279388,0.8508182168006897,0.999764621257782,0.02898302674293518,0.999626874923706,0.10452884435653687
repl0037_clean,C:\My_Project\AIGC\v815_replication_set\repl0037_clean.jpg,1,0,none,DF40-cdf-sd2.1,False,YouTube-real_00217_104,0.09514079242944717,0.9048592448234558,0.9999310970306396,0.008399221114814281,0.9998167157173157,0.09433219581842422
repl0037_smoothing_medium,C:\My_Project\AIGC\v815_replication_set\repl0037_smoothing_medium.jpg,1,1,smoothing_medium,DF40-cdf-sd2.1,False,YouTube-real_00217_104,0.11235404759645462,0.8876460194587708,0.9999223947525024,0.011574208736419678,0.9998155236244202,0.2639884948730469
repl0037_whitening_medium,C:\My_Project\AIGC\v815_replication_set\repl0037_whitening_medium.jpg,1,1,whitening_medium,DF40-cdf-sd2.1,False,YouTube-real_00217_104,0.096495620906353,0.9035043716430664,0.9999409914016724,0.011005326174199581,0.9998549222946167,0.11692453920841217
repl0037_eye_enlarging,C:\My_Project\AIGC\v815_replication_set\repl0037_eye_enlarging.jpg,1,1,eye_enlarging,DF40-cdf-sd2.1,False,YouTube-real_00217_104,0.0940999984741211,0.9059000015258789,0.9999319314956665,0.009497305378317833,0.9998263716697693,0.10824035853147507
repl0037_face_reshaping,C:\My_Project\AIGC\v815_replication_set\repl0037_face_reshaping.jpg,1,1,face_reshaping,DF40-cdf-sd2.1,False,YouTube-real_00217_104,0.10018863528966904,0.899811327457428,0.9999415874481201,0.010818959213793278,0.9998600482940674,0.11729741096496582
repl0038_clean,C:\My_Project\AIGC\v815_replication_set\repl0038_clean.jpg,1,0,none,DF40-cdf-pixart,False,Celeb-real_id43_0005_332,0.07621245831251144,0.923787534236908,0.9999892711639404,0.0009784959256649017,0.9999241828918457,0.21723391115665436
repl0038_smoothing_medium,C:\My_Project\AIGC\v815_replication_set\repl0038_smoothing_medium.jpg,1,1,smoothing_medium,DF40-cdf-pixart,False,Celeb-real_id43_0005_332,0.07740894705057144,0.9225910305976868,0.99998939037323,0.0009703171090222895,0.9999270439147949,0.23804514110088348
repl0038_whitening_medium,C:\My_Project\AIGC\v815_replication_set\repl0038_whitening_medium.jpg,1,1,whitening_medium,DF40-cdf-pixart,False,Celeb-real_id43_0005_332,0.07196340709924698,0.9280365705490112,0.9999852180480957,0.0012402795255184174,0.9998977184295654,0.23260100185871124
repl0038_eye_enlarging,C:\My_Project\AIGC\v815_replication_set\repl0038_eye_enlarging.jpg,1,1,eye_enlarging,DF40-cdf-pixart,False,Celeb-real_id43_0005_332,0.07425335794687271,0.9257466793060303,0.9999849796295166,0.001256264979019761,0.9998934268951416,0.26424339413642883
repl0038_face_reshaping,C:\My_Project\AIGC\v815_replication_set\repl0038_face_reshaping.jpg,1,1,face_reshaping,DF40-cdf-pixart,False,Celeb-real_id43_0005_332,0.0778578370809555,0.9221421480178833,0.99998939037323,0.0009639100753702223,0.9999288320541382,0.19071269035339355
repl0039_clean,C:\My_Project\AIGC\v815_replication_set\repl0039_clean.jpg,1,0,none,DF40-cdf-ddim,False,Celeb-real_id32_0004_427,0.1051752120256424,0.894824743270874,0.9998940229415894,0.0750601515173912,0.9998375177383423,0.15296871960163116
repl0039_smoothing_medium,C:\My_Project\AIGC\v815_replication_set\repl0039_smoothing_medium.jpg,1,1,smoothing_medium,DF40-cdf-ddim,False,Celeb-real_id32_0004_427,0.10560528934001923,0.8943947553634644,0.9994428753852844,0.8265028595924377,0.9996575117111206,0.9581482410430908
repl0039_whitening_medium,C:\My_Project\AIGC\v815_replication_set\repl0039_whitening_medium.jpg,1,1,whitening_medium,DF40-cdf-ddim,False,Celeb-real_id32_0004_427,0.10380007326602936,0.8961999416351318,0.9999206066131592,0.04999564215540886,0.9998737573623657,0.1476299911737442
repl0039_eye_enlarging,C:\My_Project\AIGC\v815_replication_set\repl0039_eye_enlarging.jpg,1,1,eye_enlarging,DF40-cdf-ddim,False,Celeb-real_id32_0004_427,0.10826617479324341,0.8917338252067566,0.9998608827590942,0.08506530523300171,0.9997863173484802,0.1773918867111206
repl0039_face_reshaping,C:\My_Project\AIGC\v815_replication_set\repl0039_face_reshaping.jpg,1,1,face_reshaping,DF40-cdf-ddim,False,Celeb-real_id32_0004_427,0.11584287136793137,0.884157121181488,0.9999433755874634,0.06746834516525269,0.9999024868011475,0.17502039670944214
repl0040_clean,C:\My_Project\AIGC\v815_replication_set\repl0040_clean.jpg,1,0,none,DF40-cdf-DiT,False,11427,0.1099044531583786,0.890095591545105,0.9997181296348572,0.10653875768184662,0.9994248151779175,0.4988830089569092
repl0040_smoothing_medium,C:\My_Project\AIGC\v815_replication_set\repl0040_smoothing_medium.jpg,1,1,smoothing_medium,DF40-cdf-DiT,False,11427,0.1053776890039444,0.8946223258972168,0.9998356103897095,0.06743824481964111,0.999617338180542,0.8585618734359741
repl0040_whitening_medium,C:\My_Project\AIGC\v815_replication_set\repl0040_whitening_medium.jpg,1,1,whitening_medium,DF40-cdf-DiT,False,11427,0.0957811251282692,0.9042189121246338,0.9999430179595947,0.05299936980009079,0.9998711347579956,0.3962715268135071
repl0040_eye_enlarging,C:\My_Project\AIGC\v815_replication_set\repl0040_eye_enlarging.jpg,1,1,eye_enlarging,DF40-cdf-DiT,False,11427,0.1000380739569664,0.8999618887901306,0.9997567534446716,0.13495951890945435,0.9995487332344055,0.5311408638954163
repl0040_face_reshaping,C:\My_Project\AIGC\v815_replication_set\repl0040_face_reshaping.jpg,1,1,face_reshaping,DF40-cdf-DiT,False,11427,0.11091788858175278,0.889082133769989,0.9997969269752502,0.10842473804950714,0.999630331993103,0.5944889783859253
repl0041_clean,C:\My_Project\AIGC\v815_replication_set\repl0041_clean.jpg,1,0,none,DF40-cdf-pixart,False,YouTube-real_00006_469,0.094410240650177,0.9055896997451782,0.9999552965164185,0.0028357517439872026,0.9998140931129456,0.23573152720928192
repl0041_smoothing_medium,C:\My_Project\AIGC\v815_replication_set\repl0041_smoothing_medium.jpg,1,1,smoothing_medium,DF40-cdf-pixart,False,YouTube-real_00006_469,0.09979937225580215,0.9002006649971008,0.9999345541000366,0.0030093747191131115,0.9997243285179138,0.2343371957540512
repl0041_whitening_medium,C:\My_Project\AIGC\v815_replication_set\repl0041_whitening_medium.jpg,1,1,whitening_medium,DF40-cdf-pixart,False,YouTube-real_00006_469,0.08791032433509827,0.9120896458625793,0.99994957447052,0.0029295342974364758,0.9998074173927307,0.23713867366313934
repl0041_eye_enlarging,C:\My_Project\AIGC\v815_replication_set\repl0041_eye_enlarging.jpg,1,1,eye_enlarging,DF40-cdf-pixart,False,YouTube-real_00006_469,0.09429917484521866,0.9057008028030396,0.999798595905304,0.011173161678016186,0.9994868040084839,0.3806142807006836
repl0041_face_reshaping,C:\My_Project\AIGC\v815_replication_set\repl0041_face_reshaping.jpg,1,1,face_reshaping,DF40-cdf-pixart,False,YouTube-real_00006_469,0.09473788738250732,0.9052621126174927,0.9999581575393677,0.0027361586689949036,0.999832034111023,0.23202306032180786
repl0042_clean,C:\My_Project\AIGC\v815_replication_set\repl0042_clean.jpg,1,0,none,DF40-cdf-SiT,False,15366,0.09848733246326447,0.9015126824378967,0.9997462630271912,0.03136322647333145,0.999272882938385,0.2747453451156616
repl0042_smoothing_medium,C:\My_Project\AIGC\v815_replication_set\repl0042_smoothing_medium.jpg,1,1,smoothing_medium,DF40-cdf-SiT,False,15366,0.09206490218639374,0.9079350233078003,0.9998514652252197,0.0655033066868782,0.9996501207351685,0.8493098020553589
repl0042_whitening_medium,C:\My_Project\AIGC\v815_replication_set\repl0042_whitening_medium.jpg,1,1,whitening_medium,DF40-cdf-SiT,False,15366,0.10476860404014587,0.8952313661575317,0.9998449087142944,0.028545023873448372,0.9995927214622498,0.3230631351470947
repl0042_eye_enlarging,C:\My_Project\AIGC\v815_replication_set\repl0042_eye_enlarging.jpg,1,1,eye_enlarging,DF40-cdf-SiT,False,15366,0.10367783904075623,0.8963221311569214,0.9996540546417236,0.03626982495188713,0.9990530610084534,0.27899545431137085
repl0042_face_reshaping,C:\My_Project\AIGC\v815_replication_set\repl0042_face_reshaping.jpg,1,1,face_reshaping,DF40-cdf-SiT,False,15366,0.10260964184999466,0.8973904252052307,0.9998455047607422,0.029361054301261902,0.9995720982551575,0.30687665939331055
repl0043_clean,C:\My_Project\AIGC\v815_replication_set\repl0043_clean.jpg,1,0,none,DF40-cdf-SiT,False,20373,0.1049315556883812,0.8950684070587158,0.9991649389266968,0.05118820443749428,0.9974014759063721,0.42513567209243774
repl0043_smoothing_medium,C:\My_Project\AIGC\v815_replication_set\repl0043_smoothing_medium.jpg,1,1,smoothing_medium,DF40-cdf-SiT,False,20373,0.10197603702545166,0.8980239629745483,0.9997642636299133,0.06443788856267929,0.9993370175361633,0.8435345888137817
repl0043_whitening_medium,C:\My_Project\AIGC\v815_replication_set\repl0043_whitening_medium.jpg,1,1,whitening_medium,DF40-cdf-SiT,False,20373,0.11374890804290771,0.8862511515617371,0.9995355606079102,0.025267593562602997,0.9982948899269104,0.33711397647857666
repl0043_eye_enlarging,C:\My_Project\AIGC\v815_replication_set\repl0043_eye_enlarging.jpg,1,1,eye_enlarging,DF40-cdf-SiT,False,20373,0.11238639056682587,0.8876135945320129,0.9994255304336548,0.03426573798060417,0.9980315566062927,0.34667128324508667
repl0043_face_reshaping,C:\My_Project\AIGC\v815_replication_set\repl0043_face_reshaping.jpg,1,1,face_reshaping,DF40-cdf-SiT,False,20373,0.10361657291650772,0.8963834047317505,0.9995182752609253,0.03959500417113304,0.9983664155006409,0.45494914054870605
repl0044_clean,C:\My_Project\AIGC\v815_replication_set\repl0044_clean.jpg,1,0,none,DF40-cdf-DiT,False,22502,0.10921069979667664,0.890789270401001,0.9998824596405029,0.09162651747465134,0.999797523021698,0.6261353492736816
repl0044_smoothing_medium,C:\My_Project\AIGC\v815_replication_set\repl0044_smoothing_medium.jpg,1,1,smoothing_medium,DF40-cdf-DiT,False,22502,0.1073458343744278,0.8926541805267334,0.9997039437294006,0.10301946848630905,0.9994766116142273,0.8787057995796204
repl0044_whitening_medium,C:\My_Project\AIGC\v815_replication_set\repl0044_whitening_medium.jpg,1,1,whitening_medium,DF40-cdf-DiT,False,22502,0.10599861294031143,0.8940013647079468,0.9999033212661743,0.045696921646595,0.9997673630714417,0.5387436151504517
repl0044_eye_enlarging,C:\My_Project\AIGC\v815_replication_set\repl0044_eye_enlarging.jpg,1,1,eye_enlarging,DF40-cdf-DiT,False,22502,0.11191415041685104,0.8880857825279236,0.9998718500137329,0.08192620426416397,0.9997825026512146,0.593948483467102
repl0044_face_reshaping,C:\My_Project\AIGC\v815_replication_set\repl0044_face_reshaping.jpg,1,1,face_reshaping,DF40-cdf-DiT,False,22502,0.10916374623775482,0.8908362984657288,0.9998049139976501,0.09507706761360168,0.9996694326400757,0.7067665457725525
repl0045_clean,C:\My_Project\AIGC\v815_replication_set\repl0045_clean.jpg,1,0,none,DF40-cdf-SiT,False,6009,0.11952541768550873,0.8804745674133301,0.999925971031189,0.013663670979440212,0.9997161030769348,0.6188933253288269
repl0045_smoothing_medium,C:\My_Project\AIGC\v815_replication_set\repl0045_smoothing_medium.jpg,1,1,smoothing_medium,DF40-cdf-SiT,False,6009,0.10990779846906662,0.8900921940803528,0.9999330043792725,0.01819027215242386,0.9998206496238708,0.7411714792251587
repl0045_whitening_medium,C:\My_Project\AIGC\v815_replication_set\repl0045_whitening_medium.jpg,1,1,whitening_medium,DF40-cdf-SiT,False,6009,0.11965883523225784,0.8803411722183228,0.999940037727356,0.009447104297578335,0.999763548374176,0.4494798481464386
repl0045_eye_enlarging,C:\My_Project\AIGC\v815_replication_set\repl0045_eye_enlarging.jpg,1,1,eye_enlarging,DF40-cdf-SiT,False,6009,0.12105126678943634,0.8789487481117249,0.9998999834060669,0.022297274321317673,0.9996891021728516,0.6686011552810669
repl0045_face_reshaping,C:\My_Project\AIGC\v815_replication_set\repl0045_face_reshaping.jpg,1,1,face_reshaping,DF40-cdf-SiT,False,6009,0.11875487118959427,0.8812451958656311,0.9999064207077026,0.011625994928181171,0.9996625185012817,0.4964662790298462
repl0046_clean,C:\My_Project\AIGC\v815_replication_set\repl0046_clean.jpg,1,0,none,DF40-cdf-sd2.1,False,YouTube-real_00023_312,0.11337847262620926,0.8866214752197266,0.9999507665634155,0.0028925170190632343,0.9998127818107605,0.07170567661523819
repl0046_smoothing_medium,C:\My_Project\AIGC\v815_replication_set\repl0046_smoothing_medium.jpg,1,1,smoothing_medium,DF40-cdf-sd2.1,False,YouTube-real_00023_312,0.09974412620067596,0.9002559185028076,0.9999771118164062,0.0026883778627961874,0.9999316930770874,0.15002773702144623
repl0046_whitening_medium,C:\My_Project\AIGC\v815_replication_set\repl0046_whitening_medium.jpg,1,1,whitening_medium,DF40-cdf-sd2.1,False,YouTube-real_00023_312,0.11824086308479309,0.8817591071128845,0.9999324083328247,0.0037831352092325687,0.9997321963310242,0.10815434157848358
repl0046_eye_enlarging,C:\My_Project\AIGC\v815_replication_set\repl0046_eye_enlarging.jpg,1,1,eye_enlarging,DF40-cdf-sd2.1,False,YouTube-real_00023_312,0.11621168255805969,0.8837883472442627,0.9999486207962036,0.002931153168901801,0.9998025298118591,0.07699558138847351
repl0046_face_reshaping,C:\My_Project\AIGC\v815_replication_set\repl0046_face_reshaping.jpg,1,1,face_reshaping,DF40-cdf-sd2.1,False,YouTube-real_00023_312,0.11811690777540207,0.8818831443786621,0.9999463558197021,0.0032838378101587296,0.9998069405555725,0.07798024266958237
repl0047_clean,C:\My_Project\AIGC\v815_replication_set\repl0047_clean.jpg,1,0,none,DF40-cdf-pixart,False,Celeb-real_id56_0005_271,0.08293228596448898,0.9170677065849304,0.9999722242355347,0.003372211940586567,0.9999427795410156,0.15639232099056244
repl0047_smoothing_medium,C:\My_Project\AIGC\v815_replication_set\repl0047_smoothing_medium.jpg,1,1,smoothing_medium,DF40-cdf-pixart,False,Celeb-real_id56_0005_271,0.07800851762294769,0.9219915270805359,0.9999672174453735,0.003961400594562292,0.9999302625656128,0.20341917872428894
repl0047_whitening_medium,C:\My_Project\AIGC\v815_replication_set\repl0047_whitening_medium.jpg,1,1,whitening_medium,DF40-cdf-pixart,False,Celeb-real_id56_0005_271,0.07670861482620239,0.9232913851737976,0.9999798536300659,0.00352055998519063,0.9999613761901855,0.18137411773204803
repl0047_eye_enlarging,C:\My_Project\AIGC\v815_replication_set\repl0047_eye_enlarging.jpg,1,1,eye_enlarging,DF40-cdf-pixart,False,Celeb-real_id56_0005_271,0.07328267395496368,0.9267172813415527,0.9999730587005615,0.005352041684091091,0.9999538660049438,0.2067432701587677
repl0047_face_reshaping,C:\My_Project\AIGC\v815_replication_set\repl0047_face_reshaping.jpg,1,1,face_reshaping,DF40-cdf-pixart,False,Celeb-real_id56_0005_271,0.08028488606214523,0.9197150468826294,0.9999736547470093,0.0034402497112751007,0.999947190284729,0.16345858573913574
repl0048_clean,C:\My_Project\AIGC\v815_replication_set\repl0048_clean.jpg,1,0,none,DF40-cdf-sd2.1,False,Celeb-real_id29_0003_331,0.11829379200935364,0.881706178188324,0.9998990297317505,0.014989635907113552,0.9997791647911072,0.1954338699579239
repl0048_smoothing_medium,C:\My_Project\AIGC\v815_replication_set\repl0048_smoothing_medium.jpg,1,1,smoothing_medium,DF40-cdf-sd2.1,False,Celeb-real_id29_0003_331,0.13012003898620605,0.869879961013794,0.9999339580535889,0.007708401884883642,0.9997914433479309,0.36414024233818054
repl0048_whitening_medium,C:\My_Project\AIGC\v815_replication_set\repl0048_whitening_medium.jpg,1,1,whitening_medium,DF40-cdf-sd2.1,False,Celeb-real_id29_0003_331,0.10944932699203491,0.8905506730079651,0.9999243021011353,0.012695364654064178,0.9998132586479187,0.26237979531288147
repl0048_eye_enlarging,C:\My_Project\AIGC\v815_replication_set\repl0048_eye_enlarging.jpg,1,1,eye_enlarging,DF40-cdf-sd2.1,False,Celeb-real_id29_0003_331,0.12267099320888519,0.8773290514945984,0.9999138116836548,0.015062947757542133,0.999813973903656,0.23038585484027863
repl0048_face_reshaping,C:\My_Project\AIGC\v815_replication_set\repl0048_face_reshaping.jpg,1,1,face_reshaping,DF40-cdf-sd2.1,False,Celeb-real_id29_0003_331,0.11585868895053864,0.8841413259506226,0.9999051094055176,0.017129095271229744,0.999806821346283,0.21408672630786896
repl0049_clean,C:\My_Project\AIGC\v815_replication_set\repl0049_clean.jpg,1,0,none,DF40-cdf-SiT,False,21329,0.1065322533249855,0.8934677839279175,0.9998812675476074,0.01264231838285923,0.9995860457420349,0.17594759166240692
repl0049_smoothing_medium,C:\My_Project\AIGC\v815_replication_set\repl0049_smoothing_medium.jpg,1,1,smoothing_medium,DF40-cdf-SiT,False,21329,0.0994124710559845,0.9005874991416931,0.9998565912246704,0.029715267941355705,0.9995465874671936,0.7535045146942139
repl0049_whitening_medium,C:\My_Project\AIGC\v815_replication_set\repl0049_whitening_medium.jpg,1,1,whitening_medium,DF40-cdf-SiT,False,21329,0.11532500386238098,0.8846750259399414,0.9998482465744019,0.014282048679888248,0.999479353427887,0.23245006799697876
repl0049_eye_enlarging,C:\My_Project\AIGC\v815_replication_set\repl0049_eye_enlarging.jpg,1,1,eye_enlarging,DF40-cdf-SiT,False,21329,0.1094692200422287,0.8905308246612549,0.9998356103897095,0.0121018560603261,0.999319314956665,0.21081238985061646
repl0049_face_reshaping,C:\My_Project\AIGC\v815_replication_set\repl0049_face_reshaping.jpg,1,1,face_reshaping,DF40-cdf-SiT,False,21329,0.11091919988393784,0.889080822467804,0.9998406171798706,0.013976631686091423,0.9993972778320312,0.290272980928421
repl0050_clean,C:\My_Project\AIGC\v815_replication_set\repl0050_clean.jpg,1,0,none,DF40-cdf-pixart,False,YouTube-real_00041_293,0.09417133033275604,0.905828595161438,0.9998511075973511,0.025310970842838287,0.999808132648468,0.1868807077407837
repl0050_smoothing_medium,C:\My_Project\AIGC\v815_replication_set\repl0050_smoothing_medium.jpg,1,1,smoothing_medium,DF40-cdf-pixart,False,YouTube-real_00041_293,0.1005164235830307,0.8994835615158081,0.9999431371688843,0.00979145523160696,0.9998990297317505,0.19582508504390717
repl0050_whitening_medium,C:\My_Project\AIGC\v815_replication_set\repl0050_whitening_medium.jpg,1,1,whitening_medium,DF40-cdf-pixart,False,YouTube-real_00041_293,0.09317486733198166,0.9068251848220825,0.9999438524246216,0.013619733974337578,0.9999058246612549,0.22453118860721588
repl0050_eye_enlarging,C:\My_Project\AIGC\v815_replication_set\repl0050_eye_enlarging.jpg,1,1,eye_enlarging,DF40-cdf-pixart,False,YouTube-real_00041_293,0.09158430993556976,0.9084157347679138,0.9998679161071777,0.026094386354088783,0.9998244643211365,0.24554425477981567
repl0050_face_reshaping,C:\My_Project\AIGC\v815_replication_set\repl0050_face_reshaping.jpg,1,1,face_reshaping,DF40-cdf-pixart,False,YouTube-real_00041_293,0.09635717421770096,0.9036428928375244,0.9998725652694702,0.02542947046458721,0.999834418296814,0.20144926011562347
repl0051_clean,C:\My_Project\AIGC\v815_replication_set\repl0051_clean.jpg,1,0,none,DF40-cdf-pixart,False,Celeb-real_id4_0007_114,0.07889292389154434,0.9211071133613586,0.9999744892120361,0.002743538236245513,0.9999343156814575,0.17483779788017273
repl0051_smoothing_medium,C:\My_Project\AIGC\v815_replication_set\repl0051_smoothing_medium.jpg,1,1,smoothing_medium,DF40-cdf-pixart,False,Celeb-real_id4_0007_114,0.08386751264333725,0.9161324501037598,0.999975323677063,0.002459466690197587,0.9999369382858276,0.16721224784851074
repl0051_whitening_medium,C:\My_Project\AIGC\v815_replication_set\repl0051_whitening_medium.jpg,1,1,whitening_medium,DF40-cdf-pixart,False,Celeb-real_id4_0007_114,0.07279463857412338,0.9272053837776184,0.9999734163284302,0.003058353206142783,0.9999288320541382,0.20811834931373596
repl0051_eye_enlarging,C:\My_Project\AIGC\v815_replication_set\repl0051_eye_enlarging.jpg,1,1,eye_enlarging,DF40-cdf-pixart,False,Celeb-real_id4_0007_114,0.07594414055347443,0.9240558743476868,0.9999679327011108,0.00420226389542222,0.9999227523803711,0.26698336005210876
repl0051_face_reshaping,C:\My_Project\AIGC\v815_replication_set\repl0051_face_reshaping.jpg,1,1,face_reshaping,DF40-cdf-pixart,False,Celeb-real_id4_0007_114,0.07741663604974747,0.9225834012031555,0.9999768733978271,0.0030265094246715307,0.9999440908432007,0.19360129535198212
repl0052_clean,C:\My_Project\AIGC\v815_replication_set\repl0052_clean.jpg,1,0,none,DF40-cdf-sd2.1,False,Celeb-real_id41_0008_116,0.10555645823478699,0.8944435119628906,0.9998206496238708,0.025815628468990326,0.9995824694633484,0.48661690950393677
repl0052_smoothing_medium,C:\My_Project\AIGC\v815_replication_set\repl0052_smoothing_medium.jpg,1,1,smoothing_medium,DF40-cdf-sd2.1,False,Celeb-real_id41_0008_116,0.10964163392782211,0.8903584480285645,0.9997439980506897,0.021268051117658615,0.9994016885757446,0.5146144032478333
repl0052_whitening_medium,C:\My_Project\AIGC\v815_replication_set\repl0052_whitening_medium.jpg,1,1,whitening_medium,DF40-cdf-sd2.1,False,Celeb-real_id41_0008_116,0.10812614858150482,0.8918738961219788,0.9997949004173279,0.03921052813529968,0.9995355606079102,0.5660726428031921
repl0052_eye_enlarging,C:\My_Project\AIGC\v815_replication_set\repl0052_eye_enlarging.jpg,1,1,eye_enlarging,DF40-cdf-sd2.1,False,Celeb-real_id41_0008_116,0.10758667439222336,0.8924132585525513,0.9998238682746887,0.022538354620337486,0.9995717406272888,0.5010193586349487
repl0052_face_reshaping,C:\My_Project\AIGC\v815_replication_set\repl0052_face_reshaping.jpg,1,1,face_reshaping,DF40-cdf-sd2.1,False,Celeb-real_id41_0008_116,0.10670427978038788,0.8932957649230957,0.9998283386230469,0.027650311589241028,0.9996022582054138,0.5307650566101074
repl0053_clean,C:\My_Project\AIGC\v815_replication_set\repl0053_clean.jpg,1,0,none,DF40-cdf-sd2.1,False,YouTube-real_00159_432,0.11027424037456512,0.8897256851196289,0.9998811483383179,0.02217225357890129,0.9998138546943665,0.13031458854675293
repl0053_smoothing_medium,C:\My_Project\AIGC\v815_replication_set\repl0053_smoothing_medium.jpg,1,1,smoothing_medium,DF40-cdf-sd2.1,False,YouTube-real_00159_432,0.12145679444074631,0.8785431981086731,0.9998838901519775,0.03188676759600639,0.9997938275337219,0.32756608724594116
repl0053_whitening_medium,C:\My_Project\AIGC\v815_replication_set\repl0053_whitening_medium.jpg,1,1,whitening_medium,DF40-cdf-sd2.1,False,YouTube-real_00159_432,0.10269955545663834,0.8973004817962646,0.9999099969863892,0.015578914433717728,0.9998120665550232,0.1417762190103531
repl0053_eye_enlarging,C:\My_Project\AIGC\v815_replication_set\repl0053_eye_enlarging.jpg,1,1,eye_enlarging,DF40-cdf-sd2.1,False,YouTube-real_00159_432,0.11270722001791,0.8872928023338318,0.9998549222946167,0.027141442522406578,0.9997863173484802,0.140829935669899
repl0053_face_reshaping,C:\My_Project\AIGC\v815_replication_set\repl0053_face_reshaping.jpg,1,1,face_reshaping,DF40-cdf-sd2.1,False,YouTube-real_00159_432,0.10689404606819153,0.8931059241294861,0.9998910427093506,0.02566448226571083,0.9998400211334229,0.154381662607193
repl0054_clean,C:\My_Project\AIGC\v815_replication_set\repl0054_clean.jpg,1,0,none,DF40-cdf-sd2.1,False,Celeb-real_id1_0000_310,0.12317482382059097,0.876825213432312,0.9996703863143921,0.024306951090693474,0.9991887211799622,0.22461101412773132
repl0054_smoothing_medium,C:\My_Project\AIGC\v815_replication_set\repl0054_smoothing_medium.jpg,1,1,smoothing_medium,DF40-cdf-sd2.1,False,Celeb-real_id1_0000_310,0.11579672247171402,0.8842032551765442,0.999876856803894,0.013519550673663616,0.9997270703315735,0.3689657151699066
repl0054_whitening_medium,C:\My_Project\AIGC\v815_replication_set\repl0054_whitening_medium.jpg,1,1,whitening_medium,DF40-cdf-sd2.1,False,Celeb-real_id1_0000_310,0.12004461884498596,0.8799554109573364,0.9995946288108826,0.02835777960717678,0.9989734888076782,0.24912604689598083
repl0054_eye_enlarging,C:\My_Project\AIGC\v815_replication_set\repl0054_eye_enlarging.jpg,1,1,eye_enlarging,DF40-cdf-sd2.1,False,Celeb-real_id1_0000_310,0.12029922008514404,0.8797007203102112,0.9996771812438965,0.029793597757816315,0.9992426633834839,0.2919134795665741
repl0054_face_reshaping,C:\My_Project\AIGC\v815_replication_set\repl0054_face_reshaping.jpg,1,1,face_reshaping,DF40-cdf-sd2.1,False,Celeb-real_id1_0000_310,0.12480868399143219,0.875191330909729,0.9996969699859619,0.023623500019311905,0.9992621541023254,0.21109890937805176
repl0055_clean,C:\My_Project\AIGC\v815_replication_set\repl0055_clean.jpg,1,0,none,DF40-cdf-pixart,False,Celeb-real_id35_0006_043,0.08097827434539795,0.919021725654602,0.9999556541442871,0.002159691881388426,0.9997701048851013,0.23521046340465546
repl0055_smoothing_medium,C:\My_Project\AIGC\v815_replication_set\repl0055_smoothing_medium.jpg,1,1,smoothing_medium,DF40-cdf-pixart,False,Celeb-real_id35_0006_043,0.0870392918586731,0.9129607081413269,0.9999459981918335,0.002172961598262191,0.9997275471687317,0.2364126741886139
repl0055_whitening_medium,C:\My_Project\AIGC\v815_replication_set\repl0055_whitening_medium.jpg,1,1,whitening_medium,DF40-cdf-pixart,False,Celeb-real_id35_0006_043,0.07771114259958267,0.9222888350486755,0.9999500513076782,0.0021683324594050646,0.9997286200523376,0.23595738410949707
repl0055_eye_enlarging,C:\My_Project\AIGC\v815_replication_set\repl0055_eye_enlarging.jpg,1,1,eye_enlarging,DF40-cdf-pixart,False,Celeb-real_id35_0006_043,0.07872162759304047,0.9212783575057983,0.9999531507492065,0.0021556939464062452,0.9997535347938538,0.23895682394504547
repl0055_face_reshaping,C:\My_Project\AIGC\v815_replication_set\repl0055_face_reshaping.jpg,1,1,face_reshaping,DF40-cdf-pixart,False,Celeb-real_id35_0006_043,0.08389539271593094,0.9161046147346497,0.9999579191207886,0.0021660723723471165,0.9997863173484802,0.2497967928647995
repl0056_clean,C:\My_Project\AIGC\v815_replication_set\repl0056_clean.jpg,1,0,none,DF40-cdf-pixart,False,YouTube-real_00285_129,0.0821390450000763,0.9178609251976013,0.9999334812164307,0.039739131927490234,0.9999098777770996,0.5042601823806763
repl0056_smoothing_medium,C:\My_Project\AIGC\v815_replication_set\repl0056_smoothing_medium.jpg,1,1,smoothing_medium,DF40-cdf-pixart,False,YouTube-real_00285_129,0.09757604449987411,0.9024239182472229,0.9999687671661377,0.011168737895786762,0.9999375343322754,0.43169623613357544
repl0056_whitening_medium,C:\My_Project\AIGC\v815_replication_set\repl0056_whitening_medium.jpg,1,1,whitening_medium,DF40-cdf-pixart,False,YouTube-real_00285_129,0.07879921048879623,0.9212007522583008,0.9999604225158691,0.013183477334678173,0.99989914894104,0.44198182225227356
repl0056_eye_enlarging,C:\My_Project\AIGC\v815_replication_set\repl0056_eye_enlarging.jpg,1,1,eye_enlarging,DF40-cdf-pixart,False,YouTube-real_00285_129,0.08090262860059738,0.919097363948822,0.9999010562896729,0.07559262216091156,0.9998949766159058,0.6145783066749573
repl0056_face_reshaping,C:\My_Project\AIGC\v815_replication_set\repl0056_face_reshaping.jpg,1,1,face_reshaping,DF40-cdf-pixart,False,YouTube-real_00285_129,0.08128578960895538,0.9187142252922058,0.999934196472168,0.04693791642785072,0.9999198913574219,0.5064433217048645
repl0057_clean,C:\My_Project\AIGC\v815_replication_set\repl0057_clean.jpg,1,0,none,DF40-cdf-DiT,False,28154,0.10832810401916504,0.8916718363761902,0.9998867511749268,0.08166210353374481,0.9997877478599548,0.33221468329429626
repl0057_smoothing_medium,C:\My_Project\AIGC\v815_replication_set\repl0057_smoothing_medium.jpg,1,1,smoothing_medium,DF40-cdf-DiT,False,28154,0.09664532542228699,0.9033546447753906,0.9997093081474304,0.08411230146884918,0.9993333220481873,0.796653151512146
repl0057_whitening_medium,C:\My_Project\AIGC\v815_replication_set\repl0057_whitening_medium.jpg,1,1,whitening_medium,DF40-cdf-DiT,False,28154,0.1145743727684021,0.8854256272315979,0.9999668598175049,0.058393750339746475,0.9999302625656128,0.43958580493927
repl0057_eye_enlarging,C:\My_Project\AIGC\v815_replication_set\repl0057_eye_enlarging.jpg,1,1,eye_enlarging,DF40-cdf-DiT,False,28154,0.10080091655254364,0.8991990089416504,0.9999276399612427,0.04500214383006096,0.9998437166213989,0.2392912656068802
repl0057_face_reshaping,C:\My_Project\AIGC\v815_replication_set\repl0057_face_reshaping.jpg,1,1,face_reshaping,DF40-cdf-DiT,False,28154,0.1001448929309845,0.8998551368713379,0.9999200105667114,0.08999346941709518,0.9998555183410645,0.39587825536727905
repl0058_clean,C:\My_Project\AIGC\v815_replication_set\repl0058_clean.jpg,1,0,none,DF40-cdf-pixart,False,Celeb-real_id38_0009_131,0.09281477332115173,0.9071852564811707,0.999879002571106,0.009580524638295174,0.9996569156646729,0.19505393505096436
repl0058_smoothing_medium,C:\My_Project\AIGC\v815_replication_set\repl0058_smoothing_medium.jpg,1,1,smoothing_medium,DF40-cdf-pixart,False,Celeb-real_id38_0009_131,0.10196476429700851,0.8980352282524109,0.999911904335022,0.005638014525175095,0.9997277855873108,0.16972774267196655
repl0058_whitening_medium,C:\My_Project\AIGC\v815_replication_set\repl0058_whitening_medium.jpg,1,1,whitening_medium,DF40-cdf-pixart,False,Celeb-real_id38_0009_131,0.08426790684461594,0.9157321453094482,0.9999145269393921,0.007012678775936365,0.999688982963562,0.21339860558509827
repl0058_eye_enlarging,C:\My_Project\AIGC\v815_replication_set\repl0058_eye_enlarging.jpg,1,1,eye_enlarging,DF40-cdf-pixart,False,Celeb-real_id38_0009_131,0.09347046166658401,0.9065294861793518,0.9998574256896973,0.011618714779615402,0.9996310472488403,0.20460781455039978
repl0058_face_reshaping,C:\My_Project\AIGC\v815_replication_set\repl0058_face_reshaping.jpg,1,1,face_reshaping,DF40-cdf-pixart,False,Celeb-real_id38_0009_131,0.08928094804286957,0.910719096660614,0.9998904466629028,0.010289018973708153,0.99970942735672,0.2070651650428772
repl0059_clean,C:\My_Project\AIGC\v815_replication_set\repl0059_clean.jpg,1,0,none,DF40-cdf-sd2.1,False,Celeb-real_id31_0009_458,0.10139068216085434,0.8986093401908875,0.9999531507492065,0.0023405766114592552,0.9997624754905701,0.11953654140233994
repl0059_smoothing_medium,C:\My_Project\AIGC\v815_replication_set\repl0059_smoothing_medium.jpg,1,1,smoothing_medium,DF40-cdf-sd2.1,False,Celeb-real_id31_0009_458,0.11099507659673691,0.8890049457550049,0.999967098236084,0.0029283310286700726,0.9998669624328613,0.3029170036315918
repl0059_whitening_medium,C:\My_Project\AIGC\v815_replication_set\repl0059_whitening_medium.jpg,1,1,whitening_medium,DF40-cdf-sd2.1,False,Celeb-real_id31_0009_458,0.10055109113454819,0.8994489312171936,0.9999454021453857,0.0022294861264526844,0.9996881484985352,0.1099977046251297
repl0059_eye_enlarging,C:\My_Project\AIGC\v815_replication_set\repl0059_eye_enlarging.jpg,1,1,eye_enlarging,DF40-cdf-sd2.1,False,Celeb-real_id31_0009_458,0.10078442841768265,0.8992156386375427,0.9999569654464722,0.0021893430966883898,0.9997684359550476,0.13304796814918518
repl0059_face_reshaping,C:\My_Project\AIGC\v815_replication_set\repl0059_face_reshaping.jpg,1,1,face_reshaping,DF40-cdf-sd2.1,False,Celeb-real_id31_0009_458,0.1068219393491745,0.8931781053543091,0.9999544620513916,0.0022620996460318565,0.9997785687446594,0.12241849303245544
repl0060_clean,C:\My_Project\AIGC\v815_replication_set\repl0060_clean.jpg,1,0,none,DF40-cdf-DiT,False,15777,0.11290661245584488,0.8870934247970581,0.9998181462287903,0.02873096615076065,0.9996325969696045,0.33548617362976074
repl0060_smoothing_medium,C:\My_Project\AIGC\v815_replication_set\repl0060_smoothing_medium.jpg,1,1,smoothing_medium,DF40-cdf-DiT,False,15777,0.11913110315799713,0.8808689117431641,0.9996064305305481,0.2102632075548172,0.9994534850120544,0.9014165997505188
repl0060_whitening_medium,C:\My_Project\AIGC\v815_replication_set\repl0060_whitening_medium.jpg,1,1,whitening_medium,DF40-cdf-DiT,False,15777,0.11188140511512756,0.8881186246871948,0.999854564666748,0.02754807099699974,0.9997031092643738,0.3429543673992157
repl0060_eye_enlarging,C:\My_Project\AIGC\v815_replication_set\repl0060_eye_enlarging.jpg,1,1,eye_enlarging,DF40-cdf-DiT,False,15777,0.11284483224153519,0.8871552348136902,0.9998416900634766,0.019392380490899086,0.9996422529220581,0.2770645022392273
repl0060_face_reshaping,C:\My_Project\AIGC\v815_replication_set\repl0060_face_reshaping.jpg,1,1,face_reshaping,DF40-cdf-DiT,False,15777,0.10920732468366623,0.8907926678657532,0.9998763799667358,0.030531946569681168,0.9997467398643494,0.44324684143066406
repl0061_clean,C:\My_Project\AIGC\v815_replication_set\repl0061_clean.jpg,1,0,none,DF40-cdf-pixart,False,YouTube-real_00009_055,0.09010259062051773,0.9098973870277405,0.9999573230743408,0.006261538714170456,0.9998829364776611,0.2724471986293793
repl0061_smoothing_medium,C:\My_Project\AIGC\v815_replication_set\repl0061_smoothing_medium.jpg,1,1,smoothing_medium,DF40-cdf-pixart,False,YouTube-real_00009_055,0.1020013839006424,0.897998571395874,0.999963641166687,0.005929942242801189,0.9999033212661743,0.30801424384117126
repl0061_whitening_medium,C:\My_Project\AIGC\v815_replication_set\repl0061_whitening_medium.jpg,1,1,whitening_medium,DF40-cdf-pixart,False,YouTube-real_00009_055,0.08274184167385101,0.9172581434249878,0.9999512434005737,0.007460703607648611,0.9998761415481567,0.27749815583229065
repl0061_eye_enlarging,C:\My_Project\AIGC\v815_replication_set\repl0061_eye_enlarging.jpg,1,1,eye_enlarging,DF40-cdf-pixart,False,YouTube-real_00009_055,0.09599409997463226,0.9040058851242065,0.9999586343765259,0.006390346679836512,0.9998949766159058,0.26091477274894714
repl0061_face_reshaping,C:\My_Project\AIGC\v815_replication_set\repl0061_face_reshaping.jpg,1,1,face_reshaping,DF40-cdf-pixart,False,YouTube-real_00009_055,0.08987825363874435,0.9101217985153198,0.9999620914459229,0.006180167198181152,0.9998979568481445,0.2788621783256531
repl0062_clean,C:\My_Project\AIGC\v815_replication_set\repl0062_clean.jpg,1,0,none,DF40-cdf-ddim,False,Celeb-real_id17_0001_314,0.11350329965353012,0.8864967226982117,0.9997199177742004,0.37097451090812683,0.9997524619102478,0.6341200470924377
repl0062_smoothing_medium,C:\My_Project\AIGC\v815_replication_set\repl0062_smoothing_medium.jpg,1,1,smoothing_medium,DF40-cdf-ddim,False,Celeb-real_id17_0001_314,0.11531461775302887,0.8846853971481323,0.9991016387939453,0.7880732417106628,0.9992496371269226,0.9795916676521301
repl0062_whitening_medium,C:\My_Project\AIGC\v815_replication_set\repl0062_whitening_medium.jpg,1,1,whitening_medium,DF40-cdf-ddim,False,Celeb-real_id17_0001_314,0.11888029426336288,0.8811196684837341,0.999829888343811,0.21237310767173767,0.9998070597648621,0.48368585109710693
repl0062_eye_enlarging,C:\My_Project\AIGC\v815_replication_set\repl0062_eye_enlarging.jpg,1,1,eye_enlarging,DF40-cdf-ddim,False,Celeb-real_id17_0001_314,0.11627552658319473,0.8837245106697083,0.9996386766433716,0.6767449378967285,0.9997298121452332,0.8983212113380432
repl0062_face_reshaping,C:\My_Project\AIGC\v815_replication_set\repl0062_face_reshaping.jpg,1,1,face_reshaping,DF40-cdf-ddim,False,Celeb-real_id17_0001_314,0.11500106751918793,0.8849989771842957,0.9995192289352417,0.6348137855529785,0.9996519088745117,0.8885045051574707
repl0063_clean,C:\My_Project\AIGC\v815_replication_set\repl0063_clean.jpg,1,0,none,DF40-cdf-SiT,False,9002,0.11464471369981766,0.8853552937507629,0.9998487234115601,0.014560360461473465,0.9995611310005188,0.2379530370235443
repl0063_smoothing_medium,C:\My_Project\AIGC\v815_replication_set\repl0063_smoothing_medium.jpg,1,1,smoothing_medium,DF40-cdf-SiT,False,9002,0.1067478209733963,0.8932521939277649,0.9997674822807312,0.1608125865459442,0.9995612502098083,0.936055064201355
repl0063_whitening_medium,C:\My_Project\AIGC\v815_replication_set\repl0063_whitening_medium.jpg,1,1,whitening_medium,DF40-cdf-SiT,False,9002,0.11850050091743469,0.8814994692802429,0.9998525381088257,0.016061412170529366,0.9995577931404114,0.34511905908584595
repl0063_eye_enlarging,C:\My_Project\AIGC\v815_replication_set\repl0063_eye_enlarging.jpg,1,1,eye_enlarging,DF40-cdf-SiT,False,9002,0.1185494214296341,0.8814505338668823,0.999815046787262,0.01833871752023697,0.9994682669639587,0.3099943697452545
repl0063_face_reshaping,C:\My_Project\AIGC\v815_replication_set\repl0063_face_reshaping.jpg,1,1,face_reshaping,DF40-cdf-SiT,False,9002,0.12201891094446182,0.8779810667037964,0.9997631907463074,0.01800055056810379,0.9992108345031738,0.3675172030925751
repl0064_clean,C:\My_Project\AIGC\v815_replication_set\repl0064_clean.jpg,1,0,none,DF40-cdf-pixart,False,Celeb-real_id36_0009_049,0.09637415409088135,0.9036258459091187,0.9999819993972778,0.0024507571943104267,0.9999399185180664,0.11898964643478394
repl0064_smoothing_medium,C:\My_Project\AIGC\v815_replication_set\repl0064_smoothing_medium.jpg,1,1,smoothing_medium,DF40-cdf-pixart,False,Celeb-real_id36_0009_049,0.10849722474813461,0.8915027976036072,0.9999790191650391,0.0022060228511691093,0.9999266862869263,0.11921266466379166
repl0064_whitening_medium,C:\My_Project\AIGC\v815_replication_set\repl0064_whitening_medium.jpg,1,1,whitening_medium,DF40-cdf-pixart,False,Celeb-real_id36_0009_049,0.09911850839853287,0.9008814692497253,0.9999793767929077,0.002777309389784932,0.9999243021011353,0.15316590666770935
repl0064_eye_enlarging,C:\My_Project\AIGC\v815_replication_set\repl0064_eye_enlarging.jpg,1,1,eye_enlarging,DF40-cdf-pixart,False,Celeb-real_id36_0009_049,0.09859221428632736,0.901407778263092,0.9999780654907227,0.0025294143706560135,0.9999213218688965,0.13130153715610504
repl0064_face_reshaping,C:\My_Project\AIGC\v815_replication_set\repl0064_face_reshaping.jpg,1,1,face_reshaping,DF40-cdf-pixart,False,Celeb-real_id36_0009_049,0.0938972532749176,0.9061027765274048,0.9999839067459106,0.002352263545617461,0.9999462366104126,0.12325485050678253
repl0065_clean,C:\My_Project\AIGC\v815_replication_set\repl0065_clean.jpg,1,0,none,DF40-cdf-ddim,False,Celeb-real_id3_0001_073,0.1494216024875641,0.8505783677101135,0.9994623064994812,0.1777781993150711,0.9988401532173157,0.250055730342865
repl0065_smoothing_medium,C:\My_Project\AIGC\v815_replication_set\repl0065_smoothing_medium.jpg,1,1,smoothing_medium,DF40-cdf-ddim,False,Celeb-real_id3_0001_073,0.10794974863529205,0.8920502662658691,0.9996103644371033,0.904708743095398,0.9997910857200623,0.9666059017181396
repl0065_whitening_medium,C:\My_Project\AIGC\v815_replication_set\repl0065_whitening_medium.jpg,1,1,whitening_medium,DF40-cdf-ddim,False,Celeb-real_id3_0001_073,0.1346651017665863,0.8653349280357361,0.9998288154602051,0.11029647290706635,0.9996479749679565,0.19111840426921844
repl0065_eye_enlarging,C:\My_Project\AIGC\v815_replication_set\repl0065_eye_enlarging.jpg,1,1,eye_enlarging,DF40-cdf-ddim,False,Celeb-real_id3_0001_073,0.1462499350309372,0.8537500500679016,0.999609649181366,0.16975617408752441,0.9992744326591492,0.26066845655441284
repl0065_face_reshaping,C:\My_Project\AIGC\v815_replication_set\repl0065_face_reshaping.jpg,1,1,face_reshaping,DF40-cdf-ddim,False,Celeb-real_id3_0001_073,0.1231648176908493,0.8768351078033447,0.9983569979667664,0.3444869816303253,0.9972190856933594,0.4639834761619568
repl0066_clean,C:\My_Project\AIGC\v815_replication_set\repl0066_clean.jpg,1,0,none,DF40-cdf-pixart,False,Celeb-real_id23_0008_287,0.09213662147521973,0.907863438129425,0.9999597072601318,0.006171269342303276,0.9998973608016968,0.2328140288591385
repl0066_smoothing_medium,C:\My_Project\AIGC\v815_replication_set\repl0066_smoothing_medium.jpg,1,1,smoothing_medium,DF40-cdf-pixart,False,Celeb-real_id23_0008_287,0.09827475249767303,0.9017252326011658,0.9999685287475586,0.003683771239593625,0.9999085664749146,0.18567322194576263
repl0066_whitening_medium,C:\My_Project\AIGC\v815_replication_set\repl0066_whitening_medium.jpg,1,1,whitening_medium,DF40-cdf-pixart,False,Celeb-real_id23_0008_287,0.087823785841465,0.912176251411438,0.9999563694000244,0.003890145104378462,0.9998531341552734,0.2014346569776535
repl0066_eye_enlarging,C:\My_Project\AIGC\v815_replication_set\repl0066_eye_enlarging.jpg,1,1,eye_enlarging,DF40-cdf-pixart,False,Celeb-real_id23_0008_287,0.09077329933643341,0.909226655960083,0.9999620914459229,0.007355488836765289,0.9999146461486816,0.24650202691555023
repl0066_face_reshaping,C:\My_Project\AIGC\v815_replication_set\repl0066_face_reshaping.jpg,1,1,face_reshaping,DF40-cdf-pixart,False,Celeb-real_id23_0008_287,0.08930832147598267,0.9106916785240173,0.9999651908874512,0.0062856003642082214,0.9999144077301025,0.2414523810148239
repl0067_clean,C:\My_Project\AIGC\v815_replication_set\repl0067_clean.jpg,1,0,none,DF40-cdf-ddim,False,Celeb-real_id35_0003_204,0.1390005499124527,0.8609994053840637,0.9996078610420227,0.2895985245704651,0.9996309280395508,0.6239423155784607
repl0067_smoothing_medium,C:\My_Project\AIGC\v815_replication_set\repl0067_smoothing_medium.jpg,1,1,smoothing_medium,DF40-cdf-ddim,False,Celeb-real_id35_0003_204,0.13618537783622742,0.8638145923614502,0.9993619322776794,0.9245039820671082,0.9996706247329712,0.9758148789405823
repl0067_whitening_medium,C:\My_Project\AIGC\v815_replication_set\repl0067_whitening_medium.jpg,1,1,whitening_medium,DF40-cdf-ddim,False,Celeb-real_id35_0003_204,0.12720099091529846,0.8727989792823792,0.9998053908348083,0.1580023467540741,0.9998052716255188,0.46353814005851746
repl0067_eye_enlarging,C:\My_Project\AIGC\v815_replication_set\repl0067_eye_enlarging.jpg,1,1,eye_enlarging,DF40-cdf-ddim,False,Celeb-real_id35_0003_204,0.127459317445755,0.8725407123565674,0.9997285008430481,0.32390329241752625,0.9997616410255432,0.604324221611023
repl0067_face_reshaping,C:\My_Project\AIGC\v815_replication_set\repl0067_face_reshaping.jpg,1,1,face_reshaping,DF40-cdf-ddim,False,Celeb-real_id35_0003_204,0.12904153764247894,0.8709585070610046,0.99957674741745,0.3133520483970642,0.9996140599250793,0.6298081874847412
repl0068_clean,C:\My_Project\AIGC\v815_replication_set\repl0068_clean.jpg,1,0,none,DF40-cdf-DiT,False,3061,0.0960918590426445,0.9039081335067749,0.999879002571106,0.02219977416098118,0.9996180534362793,0.34247279167175293
repl0068_smoothing_medium,C:\My_Project\AIGC\v815_replication_set\repl0068_smoothing_medium.jpg,1,1,smoothing_medium,DF40-cdf-DiT,False,3061,0.10948822647333145,0.8905117511749268,0.9998378753662109,0.07318127900362015,0.9995959401130676,0.8821365833282471
repl0068_whitening_medium,C:\My_Project\AIGC\v815_replication_set\repl0068_whitening_medium.jpg,1,1,whitening_medium,DF40-cdf-DiT,False,3061,0.10689377039670944,0.89310622215271,0.9996752738952637,0.03239298611879349,0.9990146160125732,0.37656158208847046
repl0068_eye_enlarging,C:\My_Project\AIGC\v815_replication_set\repl0068_eye_enlarging.jpg,1,1,eye_enlarging,DF40-cdf-DiT,False,3061,0.10312669724225998,0.8968732357025146,0.9998242259025574,0.02506205625832081,0.999427855014801,0.3899058699607849
repl0068_face_reshaping,C:\My_Project\AIGC\v815_replication_set\repl0068_face_reshaping.jpg,1,1,face_reshaping,DF40-cdf-DiT,False,3061,0.10150974988937378,0.8984902501106262,0.9998621940612793,0.02818678505718708,0.9995929598808289,0.374096542596817
repl0069_clean,C:\My_Project\AIGC\v815_replication_set\repl0069_clean.jpg,1,0,none,DF40-cdf-pixart,False,Celeb-real_id32_0008_365,0.08920185267925262,0.910798192024231,0.9999630451202393,0.002330530434846878,0.9999134540557861,0.08029180765151978
repl0069_smoothing_medium,C:\My_Project\AIGC\v815_replication_set\repl0069_smoothing_medium.jpg,1,1,smoothing_medium,DF40-cdf-pixart,False,Celeb-real_id32_0008_365,0.09150383621454239,0.9084961414337158,0.9999754428863525,0.0019323306623846292,0.9999401569366455,0.09666641801595688
repl0069_whitening_medium,C:\My_Project\AIGC\v815_replication_set\repl0069_whitening_medium.jpg,1,1,whitening_medium,DF40-cdf-pixart,False,Celeb-real_id32_0008_365,0.09664507955312729,0.9033549427986145,0.9999628067016602,0.002447285922244191,0.9999005794525146,0.11210142821073532
repl0069_eye_enlarging,C:\My_Project\AIGC\v815_replication_set\repl0069_eye_enlarging.jpg,1,1,eye_enlarging,DF40-cdf-pixart,False,Celeb-real_id32_0008_365,0.08760213851928711,0.9123978614807129,0.9999638795852661,0.0025408887304365635,0.999916672706604,0.09085950255393982
repl0069_face_reshaping,C:\My_Project\AIGC\v815_replication_set\repl0069_face_reshaping.jpg,1,1,face_reshaping,DF40-cdf-pixart,False,Celeb-real_id32_0008_365,0.08907868713140488,0.9109213352203369,0.9999617338180542,0.00259208120405674,0.9999169111251831,0.08358924090862274
repl0070_clean,C:\My_Project\AIGC\v815_replication_set\repl0070_clean.jpg,1,0,none,DF40-cdf-DiT,False,6750,0.12881343066692352,0.8711864948272705,0.999457061290741,0.059831444174051285,0.9988201260566711,0.35086533427238464
repl0070_smoothing_medium,C:\My_Project\AIGC\v815_replication_set\repl0070_smoothing_medium.jpg,1,1,smoothing_medium,DF40-cdf-DiT,False,6750,0.13497449457645416,0.8650254607200623,0.999669075012207,0.09641522914171219,0.9992932081222534,0.8871554136276245
repl0070_whitening_medium,C:\My_Project\AIGC\v815_replication_set\repl0070_whitening_medium.jpg,1,1,whitening_medium,DF40-cdf-DiT,False,6750,0.13433746993541718,0.8656625151634216,0.9993700385093689,0.057479020208120346,0.9987260699272156,0.3399975597858429
repl0070_eye_enlarging,C:\My_Project\AIGC\v815_replication_set\repl0070_eye_enlarging.jpg,1,1,eye_enlarging,DF40-cdf-DiT,False,6750,0.12601551413536072,0.8739845156669617,0.9996039271354675,0.06078382954001427,0.9991598129272461,0.33609938621520996
repl0070_face_reshaping,C:\My_Project\AIGC\v815_replication_set\repl0070_face_reshaping.jpg,1,1,face_reshaping,DF40-cdf-DiT,False,6750,0.12939000129699707,0.8706100583076477,0.9995031356811523,0.08941038697957993,0.9991439580917358,0.44131383299827576
repl0071_clean,C:\My_Project\AIGC\v815_replication_set\repl0071_clean.jpg,1,0,none,DF40-cdf-sd2.1,False,Celeb-real_id32_0002_159,0.0960884541273117,0.9039115309715271,0.9977251887321472,0.02571241185069084,0.9898712038993835,0.19227580726146698
repl0071_smoothing_medium,C:\My_Project\AIGC\v815_replication_set\repl0071_smoothing_medium.jpg,1,1,smoothing_medium,DF40-cdf-sd2.1,False,Celeb-real_id32_0002_159,0.10231075435876846,0.8976892232894897,0.9998495578765869,0.0035107440780848265,0.9992130994796753,0.130357027053833
repl0071_whitening_medium,C:\My_Project\AIGC\v815_replication_set\repl0071_whitening_medium.jpg,1,1,whitening_medium,DF40-cdf-sd2.1,False,Celeb-real_id32_0002_159,0.0905410423874855,0.9094589948654175,0.9974547028541565,0.02452285960316658,0.9891906976699829,0.19624054431915283
repl0071_eye_enlarging,C:\My_Project\AIGC\v815_replication_set\repl0071_eye_enlarging.jpg,1,1,eye_enlarging,DF40-cdf-sd2.1,False,Celeb-real_id32_0002_159,0.09539835155010223,0.9046016335487366,0.996566653251648,0.03049176000058651,0.9843570590019226,0.218909353017807
repl0071_face_reshaping,C:\My_Project\AIGC\v815_replication_set\repl0071_face_reshaping.jpg,1,1,face_reshaping,DF40-cdf-sd2.1,False,Celeb-real_id32_0002_159,0.09722950309515,0.902770459651947,0.9985912442207336,0.019386669620871544,0.9935529232025146,0.1541617214679718
repl0072_clean,C:\My_Project\AIGC\v815_replication_set\repl0072_clean.jpg,1,0,none,DF40-cdf-ddim,False,Celeb-real_id19_0001_290,0.11664515733718872,0.8833548426628113,0.9999439716339111,0.054240789264440536,0.9998997449874878,0.15522535145282745
repl0072_smoothing_medium,C:\My_Project\AIGC\v815_replication_set\repl0072_smoothing_medium.jpg,1,1,smoothing_medium,DF40-cdf-ddim,False,Celeb-real_id19_0001_290,0.12564480304718018,0.874355137348175,0.9996768236160278,0.3137200176715851,0.9995431900024414,0.9276438355445862
repl0072_whitening_medium,C:\My_Project\AIGC\v815_replication_set\repl0072_whitening_medium.jpg,1,1,whitening_medium,DF40-cdf-ddim,False,Celeb-real_id19_0001_290,0.12739835679531097,0.8726016879081726,0.9998995065689087,0.054221659898757935,0.9998205304145813,0.23542016744613647
repl0072_eye_enlarging,C:\My_Project\AIGC\v815_replication_set\repl0072_eye_enlarging.jpg,1,1,eye_enlarging,DF40-cdf-ddim,False,Celeb-real_id19_0001_290,0.11895474046468735,0.8810452222824097,0.9999327659606934,0.1119641438126564,0.9998944997787476,0.2680419087409973
repl0072_face_reshaping,C:\My_Project\AIGC\v815_replication_set\repl0072_face_reshaping.jpg,1,1,face_reshaping,DF40-cdf-ddim,False,Celeb-real_id19_0001_290,0.1126466691493988,0.8873533010482788,0.9999046325683594,0.08523862808942795,0.999846339225769,0.2674049735069275
repl0073_clean,C:\My_Project\AIGC\v815_replication_set\repl0073_clean.jpg,1,0,none,DF40-cdf-SiT,False,10159,0.12099380791187286,0.8790062665939331,0.9998636245727539,0.020208140835165977,0.9996071457862854,0.22475330531597137
repl0073_smoothing_medium,C:\My_Project\AIGC\v815_replication_set\repl0073_smoothing_medium.jpg,1,1,smoothing_medium,DF40-cdf-SiT,False,10159,0.10023761540651321,0.8997623920440674,0.9998237490653992,0.04865310341119766,0.9994530081748962,0.8235247731208801
repl0073_whitening_medium,C:\My_Project\AIGC\v815_replication_set\repl0073_whitening_medium.jpg,1,1,whitening_medium,DF40-cdf-SiT,False,10159,0.12390481680631638,0.876095175743103,0.9997069239616394,0.0232101920992136,0.9989492297172546,0.32470768690109253
repl0073_eye_enlarging,C:\My_Project\AIGC\v815_replication_set\repl0073_eye_enlarging.jpg,1,1,eye_enlarging,DF40-cdf-SiT,False,10159,0.11896248906850815,0.8810374736785889,0.9998447895050049,0.026492103934288025,0.9995816349983215,0.2643338143825531
repl0073_face_reshaping,C:\My_Project\AIGC\v815_replication_set\repl0073_face_reshaping.jpg,1,1,face_reshaping,DF40-cdf-SiT,False,10159,0.11967375874519348,0.8803262710571289,0.9997921586036682,0.028469566255807877,0.9993966817855835,0.29771095514297485
repl0074_clean,C:\My_Project\AIGC\v815_replication_set\repl0074_clean.jpg,1,0,none,DF40-cdf-ddim,False,Celeb-real_id4_0005_360,0.10345931351184845,0.896540641784668,0.999903678894043,0.09000617265701294,0.9998503923416138,0.19902369379997253
repl0074_smoothing_medium,C:\My_Project\AIGC\v815_replication_set\repl0074_smoothing_medium.jpg,1,1,smoothing_medium,DF40-cdf-ddim,False,Celeb-real_id4_0005_360,0.12075881659984589,0.8792411684989929,0.9996053576469421,0.9052627086639404,0.9997393488883972,0.9765406250953674
repl0074_whitening_medium,C:\My_Project\AIGC\v815_replication_set\repl0074_whitening_medium.jpg,1,1,whitening_medium,DF40-cdf-ddim,False,Celeb-real_id4_0005_360,0.11050523817539215,0.889494776725769,0.9999463558197021,0.046099718660116196,0.9999030828475952,0.1480495184659958
repl0074_eye_enlarging,C:\My_Project\AIGC\v815_replication_set\repl0074_eye_enlarging.jpg,1,1,eye_enlarging,DF40-cdf-ddim,False,Celeb-real_id4_0005_360,0.119263656437397,0.8807362914085388,0.9995537400245667,0.31108009815216064,0.9995386600494385,0.45933997631073
repl0074_face_reshaping,C:\My_Project\AIGC\v815_replication_set\repl0074_face_reshaping.jpg,1,1,face_reshaping,DF40-cdf-ddim,False,Celeb-real_id4_0005_360,0.11162669211626053,0.8883733153343201,0.9998242259025574,0.15937380492687225,0.9997771382331848,0.3147719204425812
repl0075_clean,C:\My_Project\AIGC\v815_replication_set\repl0075_clean.jpg,1,0,none,DF40-cdf-SiT,False,5810,0.11213205754756927,0.8878679275512695,0.9998602867126465,0.06484023481607437,0.9996813535690308,0.38981714844703674
repl0075_smoothing_medium,C:\My_Project\AIGC\v815_replication_set\repl0075_smoothing_medium.jpg,1,1,smoothing_medium,DF40-cdf-SiT,False,5810,0.11071748286485672,0.8892825245857239,0.9997691512107849,0.09136868268251419,0.9994731545448303,0.8988752961158752
repl0075_whitening_medium,C:\My_Project\AIGC\v815_replication_set\repl0075_whitening_medium.jpg,1,1,whitening_medium,DF40-cdf-SiT,False,5810,0.12728466093540192,0.8727153539657593,0.9996534585952759,0.051316019147634506,0.9991632699966431,0.33543285727500916
repl0075_eye_enlarging,C:\My_Project\AIGC\v815_replication_set\repl0075_eye_enlarging.jpg,1,1,eye_enlarging,DF40-cdf-SiT,False,5810,0.11678142845630646,0.8832185864448547,0.9996849298477173,0.1020844429731369,0.9993606209754944,0.47124364972114563
repl0075_face_reshaping,C:\My_Project\AIGC\v815_replication_set\repl0075_face_reshaping.jpg,1,1,face_reshaping,DF40-cdf-SiT,False,5810,0.11486566811800003,0.8851342797279358,0.9998522996902466,0.12339794635772705,0.9996813535690308,0.637810230255127
repl0076_clean,C:\My_Project\AIGC\v815_replication_set\repl0076_clean.jpg,1,0,none,DF40-cdf-DiT,False,26853,0.11510752141475677,0.884892463684082,0.9997029900550842,0.02961612679064274,0.9990729093551636,0.19981251657009125
repl0076_smoothing_medium,C:\My_Project\AIGC\v815_replication_set\repl0076_smoothing_medium.jpg,1,1,smoothing_medium,DF40-cdf-DiT,False,26853,0.0944959744811058,0.9055039882659912,0.9997623562812805,0.050103433430194855,0.9992961883544922,0.6412784457206726
repl0076_whitening_medium,C:\My_Project\AIGC\v815_replication_set\repl0076_whitening_medium.jpg,1,1,whitening_medium,DF40-cdf-DiT,False,26853,0.14052805304527283,0.8594719767570496,0.9994988441467285,0.02992742322385311,0.9984116554260254,0.2204606980085373
repl0076_eye_enlarging,C:\My_Project\AIGC\v815_replication_set\repl0076_eye_enlarging.jpg,1,1,eye_enlarging,DF40-cdf-DiT,False,26853,0.10459195077419281,0.895408034324646,0.9997938275337219,0.02851937524974346,0.9993641972541809,0.21600651741027832
repl0076_face_reshaping,C:\My_Project\AIGC\v815_replication_set\repl0076_face_reshaping.jpg,1,1,face_reshaping,DF40-cdf-DiT,False,26853,0.11337984353303909,0.8866201639175415,0.9995444416999817,0.04505090415477753,0.9987167119979858,0.2924691438674927
repl0077_clean,C:\My_Project\AIGC\v815_replication_set\repl0077_clean.jpg,1,0,none,DF40-cdf-SiT,False,541,0.11974867433309555,0.8802512884140015,0.9998905658721924,0.028840741142630577,0.9997460246086121,0.1718074530363083
repl0077_smoothing_medium,C:\My_Project\AIGC\v815_replication_set\repl0077_smoothing_medium.jpg,1,1,smoothing_medium,DF40-cdf-SiT,False,541,0.1335868090391159,0.8664131760597229,0.9997921586036682,0.0475335419178009,0.9995540976524353,0.7856661677360535
repl0077_whitening_medium,C:\My_Project\AIGC\v815_replication_set\repl0077_whitening_medium.jpg,1,1,whitening_medium,DF40-cdf-SiT,False,541,0.1196528896689415,0.8803471326828003,0.9997718930244446,0.017606105655431747,0.9992936849594116,0.1919918805360794
repl0077_eye_enlarging,C:\My_Project\AIGC\v815_replication_set\repl0077_eye_enlarging.jpg,1,1,eye_enlarging,DF40-cdf-SiT,False,541,0.11732801795005798,0.8826719522476196,0.9998482465744019,0.03229139372706413,0.9996609687805176,0.17127981781959534
repl0077_face_reshaping,C:\My_Project\AIGC\v815_replication_set\repl0077_face_reshaping.jpg,1,1,face_reshaping,DF40-cdf-SiT,False,541,0.1269969493150711,0.8730030655860901,0.9998691082000732,0.03425443544983864,0.9997501969337463,0.24696078896522522
repl0078_clean,C:\My_Project\AIGC\v815_replication_set\repl0078_clean.jpg,1,0,none,DF40-cdf-sd2.1,False,Celeb-real_id40_0005_082,0.12236881256103516,0.8776311874389648,0.9999241828918457,0.006333829369395971,0.9997350573539734,0.13462063670158386
repl0078_smoothing_medium,C:\My_Project\AIGC\v815_replication_set\repl0078_smoothing_medium.jpg,1,1,smoothing_medium,DF40-cdf-sd2.1,False,Celeb-real_id40_0005_082,0.12406053394079208,0.8759394884109497,0.9999393224716187,0.014050132595002651,0.9998338222503662,0.4208233952522278
repl0078_whitening_medium,C:\My_Project\AIGC\v815_replication_set\repl0078_whitening_medium.jpg,1,1,whitening_medium,DF40-cdf-sd2.1,False,Celeb-real_id40_0005_082,0.125538170337677,0.874461829662323,0.9999114274978638,0.010587558150291443,0.9996730089187622,0.23809978365898132
repl0078_eye_enlarging,C:\My_Project\AIGC\v815_replication_set\repl0078_eye_enlarging.jpg,1,1,eye_enlarging,DF40-cdf-sd2.1,False,Celeb-real_id40_0005_082,0.12981131672859192,0.8701887130737305,0.9999184608459473,0.0059616174548864365,0.9997244477272034,0.12196902185678482
repl0078_face_reshaping,C:\My_Project\AIGC\v815_replication_set\repl0078_face_reshaping.jpg,1,1,face_reshaping,DF40-cdf-sd2.1,False,Celeb-real_id40_0005_082,0.12366490811109543,0.876335084438324,0.9999433755874634,0.006485104560852051,0.9998031258583069,0.14855161309242249
repl0079_clean,C:\My_Project\AIGC\v815_replication_set\repl0079_clean.jpg,1,0,none,DF40-cdf-sd2.1,False,YouTube-real_00015_085,0.13515949249267578,0.8648405075073242,0.9991657733917236,0.027654513716697693,0.9972902536392212,0.16040799021720886
repl0079_smoothing_medium,C:\My_Project\AIGC\v815_replication_set\repl0079_smoothing_medium.jpg,1,1,smoothing_medium,DF40-cdf-sd2.1,False,YouTube-real_00015_085,0.13242459297180176,0.867575466632843,0.9998409748077393,0.005186619237065315,0.9993570446968079,0.10844951122999191
repl0079_whitening_medium,C:\My_Project\AIGC\v815_replication_set\repl0079_whitening_medium.jpg,1,1,whitening_medium,DF40-cdf-sd2.1,False,YouTube-real_00015_085,0.13896740972995758,0.8610325455665588,0.998916745185852,0.028331955894827843,0.9963250756263733,0.2324637770652771
repl0079_eye_enlarging,C:\My_Project\AIGC\v815_replication_set\repl0079_eye_enlarging.jpg,1,1,eye_enlarging,DF40-cdf-sd2.1,False,YouTube-real_00015_085,0.12868614494800568,0.8713138699531555,0.9993023872375488,0.022529805079102516,0.9977050423622131,0.15216906368732452
repl0079_face_reshaping,C:\My_Project\AIGC\v815_replication_set\repl0079_face_reshaping.jpg,1,1,face_reshaping,DF40-cdf-sd2.1,False,YouTube-real_00015_085,0.13821764290332794,0.861782431602478,0.9991733431816101,0.03376351669430733,0.9975165128707886,0.18650561571121216
repl0080_clean,C:\My_Project\AIGC\v815_replication_set\repl0080_clean.jpg,1,0,none,DF40-cdf-sd2.1,False,Celeb-real_id29_0004_316,0.09205419570207596,0.9079458713531494,0.9999629259109497,0.012398186139762402,0.9998873472213745,0.4870861768722534
repl0080_smoothing_medium,C:\My_Project\AIGC\v815_replication_set\repl0080_smoothing_medium.jpg,1,1,smoothing_medium,DF40-cdf-sd2.1,False,Celeb-real_id29_0004_316,0.10210877656936646,0.8978912234306335,0.999940037727356,0.008308617398142815,0.9997279047966003,0.6731114983558655
repl0080_whitening_medium,C:\My_Project\AIGC\v815_replication_set\repl0080_whitening_medium.jpg,1,1,whitening_medium,DF40-cdf-sd2.1,False,Celeb-real_id29_0004_316,0.09619458019733429,0.9038054347038269,0.9999710321426392,0.00694698840379715,0.9999052286148071,0.4125422537326813
repl0080_eye_enlarging,C:\My_Project\AIGC\v815_replication_set\repl0080_eye_enlarging.jpg,1,1,eye_enlarging,DF40-cdf-sd2.1,False,Celeb-real_id29_0004_316,0.09134116768836975,0.9086588025093079,0.9999537467956543,0.019141172990202904,0.9998877048492432,0.5210631489753723
repl0080_face_reshaping,C:\My_Project\AIGC\v815_replication_set\repl0080_face_reshaping.jpg,1,1,face_reshaping,DF40-cdf-sd2.1,False,Celeb-real_id29_0004_316,0.09450356662273407,0.9054964780807495,0.9999599456787109,0.013567917980253696,0.9998737573623657,0.5462234616279602
repl0081_clean,C:\My_Project\AIGC\v815_replication_set\repl0081_clean.jpg,1,0,none,DF40-cdf-DiT,False,25680,0.1067812591791153,0.8932188153266907,0.9999836683273315,0.008175899274647236,0.9999516010284424,0.06923901289701462
repl0081_smoothing_medium,C:\My_Project\AIGC\v815_replication_set\repl0081_smoothing_medium.jpg,1,1,smoothing_medium,DF40-cdf-DiT,False,25680,0.10407470911741257,0.8959253430366516,0.9998811483383179,0.05477626994252205,0.999680757522583,0.8471528887748718
repl0081_whitening_medium,C:\My_Project\AIGC\v815_replication_set\repl0081_whitening_medium.jpg,1,1,whitening_medium,DF40-cdf-DiT,False,25680,0.11773380637168884,0.8822661638259888,0.9999628067016602,0.009268100373446941,0.9998823404312134,0.10440335422754288
repl0081_eye_enlarging,C:\My_Project\AIGC\v815_replication_set\repl0081_eye_enlarging.jpg,1,1,eye_enlarging,DF40-cdf-DiT,False,25680,0.10736552625894547,0.8926344513893127,0.9999796152114868,0.013473902828991413,0.9999427795410156,0.1400187462568283
repl0081_face_reshaping,C:\My_Project\AIGC\v815_replication_set\repl0081_face_reshaping.jpg,1,1,face_reshaping,DF40-cdf-DiT,False,25680,0.10973381996154785,0.8902661800384521,0.9999747276306152,0.011716495268046856,0.9999346733093262,0.17246113717556
repl0082_clean,C:\My_Project\AIGC\v815_replication_set\repl0082_clean.jpg,1,0,none,DF40-cdf-ddim,False,YouTube-real_00073_382,0.11678195744752884,0.8832180500030518,0.9997883439064026,0.08455437421798706,0.9996703863143921,0.3222186863422394
repl0082_smoothing_medium,C:\My_Project\AIGC\v815_replication_set\repl0082_smoothing_medium.jpg,1,1,smoothing_medium,DF40-cdf-ddim,False,YouTube-real_00073_382,0.12863466143608093,0.8713653683662415,0.9998010993003845,0.32941675186157227,0.9997878670692444,0.874030590057373
repl0082_whitening_medium,C:\My_Project\AIGC\v815_replication_set\repl0082_whitening_medium.jpg,1,1,whitening_medium,DF40-cdf-ddim,False,YouTube-real_00073_382,0.12226260453462601,0.8777373433113098,0.9997467398643494,0.0676242783665657,0.999599277973175,0.3378586769104004
repl0082_eye_enlarging,C:\My_Project\AIGC\v815_replication_set\repl0082_eye_enlarging.jpg,1,1,eye_enlarging,DF40-cdf-ddim,False,YouTube-real_00073_382,0.119332455098629,0.8806675672531128,0.9997889399528503,0.09781646728515625,0.9996646642684937,0.3767324686050415
repl0082_face_reshaping,C:\My_Project\AIGC\v815_replication_set\repl0082_face_reshaping.jpg,1,1,face_reshaping,DF40-cdf-ddim,False,YouTube-real_00073_382,0.12039142102003098,0.8796085715293884,0.9997894167900085,0.13644137978553772,0.9997099041938782,0.4768056571483612
repl0083_clean,C:\My_Project\AIGC\v815_replication_set\repl0083_clean.jpg,1,0,none,DF40-cdf-SiT,False,13335,0.15418073534965515,0.8458192944526672,0.9973199963569641,0.09107454121112823,0.9945238828659058,0.26494118571281433
repl0083_smoothing_medium,C:\My_Project\AIGC\v815_replication_set\repl0083_smoothing_medium.jpg,1,1,smoothing_medium,DF40-cdf-SiT,False,13335,0.1306457817554474,0.869354248046875,0.9993342757225037,0.21934662759304047,0.9993352293968201,0.8136119842529297
repl0083_whitening_medium,C:\My_Project\AIGC\v815_replication_set\repl0083_whitening_medium.jpg,1,1,whitening_medium,DF40-cdf-SiT,False,13335,0.18856409192085266,0.811435878276825,0.998790442943573,0.052736807614564896,0.9966697096824646,0.2320328950881958
repl0083_eye_enlarging,C:\My_Project\AIGC\v815_replication_set\repl0083_eye_enlarging.jpg,1,1,eye_enlarging,DF40-cdf-SiT,False,13335,0.14747266471385956,0.8525273203849792,0.99556964635849,0.17850850522518158,0.9922115802764893,0.4413803219795227
repl0083_face_reshaping,C:\My_Project\AIGC\v815_replication_set\repl0083_face_reshaping.jpg,1,1,face_reshaping,DF40-cdf-SiT,False,13335,0.1151333674788475,0.8848665952682495,0.9946488738059998,0.16830874979496002,0.9912392497062683,0.4039062559604645
repl0084_clean,C:\My_Project\AIGC\v815_replication_set\repl0084_clean.jpg,1,0,none,DF40-cdf-DiT,False,11240,0.10577423870563507,0.8942257165908813,0.9996453523635864,0.0293105635792017,0.9989307522773743,0.12433290481567383
repl0084_smoothing_medium,C:\My_Project\AIGC\v815_replication_set\repl0084_smoothing_medium.jpg,1,1,smoothing_medium,DF40-cdf-DiT,False,11240,0.11744518578052521,0.882554829120636,0.999488353729248,0.6930465698242188,0.9994906187057495,0.9755113124847412
repl0084_whitening_medium,C:\My_Project\AIGC\v815_replication_set\repl0084_whitening_medium.jpg,1,1,whitening_medium,DF40-cdf-DiT,False,11240,0.12951119244098663,0.8704887628555298,0.999308705329895,0.0447969064116478,0.9980500936508179,0.20992600917816162
repl0084_eye_enlarging,C:\My_Project\AIGC\v815_replication_set\repl0084_eye_enlarging.jpg,1,1,eye_enlarging,DF40-cdf-DiT,False,11240,0.11185706406831741,0.8881429433822632,0.9981661438941956,0.058616768568754196,0.994843602180481,0.20025606453418732
repl0084_face_reshaping,C:\My_Project\AIGC\v815_replication_set\repl0084_face_reshaping.jpg,1,1,face_reshaping,DF40-cdf-DiT,False,11240,0.09681056439876556,0.903189480304718,0.9996778964996338,0.04611557349562645,0.9992724061012268,0.21124592423439026
repl0085_clean,C:\My_Project\AIGC\v815_replication_set\repl0085_clean.jpg,1,0,none,DF40-cdf-DiT,False,20402,0.12117988616228104,0.8788201212882996,0.9997968077659607,0.04897943139076233,0.9995915293693542,0.3933628797531128
repl0085_smoothing_medium,C:\My_Project\AIGC\v815_replication_set\repl0085_smoothing_medium.jpg,1,1,smoothing_medium,DF40-cdf-DiT,False,20402,0.13511350750923157,0.864886462688446,0.9996341466903687,0.09244901686906815,0.9993125200271606,0.8706395030021667
repl0085_whitening_medium,C:\My_Project\AIGC\v815_replication_set\repl0085_whitening_medium.jpg,1,1,whitening_medium,DF40-cdf-DiT,False,20402,0.11314285546541214,0.8868571519851685,0.9998911619186401,0.025172483175992966,0.9997383952140808,0.326162189245224
repl0085_eye_enlarging,C:\My_Project\AIGC\v815_replication_set\repl0085_eye_enlarging.jpg,1,1,eye_enlarging,DF40-cdf-DiT,False,20402,0.12328668683767319,0.8767133355140686,0.9998294115066528,0.04761190712451935,0.9996567964553833,0.4191913902759552
repl0085_face_reshaping,C:\My_Project\AIGC\v815_replication_set\repl0085_face_reshaping.jpg,1,1,face_reshaping,DF40-cdf-DiT,False,20402,0.12344839423894882,0.876551628112793,0.9998856782913208,0.04782780632376671,0.9997736811637878,0.4278344511985779
repl0086_clean,C:\My_Project\AIGC\v815_replication_set\repl0086_clean.jpg,1,0,none,DF40-cdf-ddim,False,YouTube-real_00056_343,0.12036740034818649,0.8796326518058777,0.9998680353164673,0.17367281019687653,0.9998440742492676,0.498086541891098
repl0086_smoothing_medium,C:\My_Project\AIGC\v815_replication_set\repl0086_smoothing_medium.jpg,1,1,smoothing_medium,DF40-cdf-ddim,False,YouTube-real_00056_343,0.12456747889518738,0.8754324913024902,0.9996157884597778,0.9151919484138489,0.9997624754905701,0.9923868179321289
repl0086_whitening_medium,C:\My_Project\AIGC\v815_replication_set\repl0086_whitening_medium.jpg,1,1,whitening_medium,DF40-cdf-ddim,False,YouTube-real_00056_343,0.11736397445201874,0.8826360106468201,0.9997121691703796,0.27609559893608093,0.9997277855873108,0.6897741556167603
repl0086_eye_enlarging,C:\My_Project\AIGC\v815_replication_set\repl0086_eye_enlarging.jpg,1,1,eye_enlarging,DF40-cdf-ddim,False,YouTube-real_00056_343,0.12160719186067581,0.87839275598526,0.9997677206993103,0.40472137928009033,0.9997861981391907,0.736164927482605
repl0086_face_reshaping,C:\My_Project\AIGC\v815_replication_set\repl0086_face_reshaping.jpg,1,1,face_reshaping,DF40-cdf-ddim,False,YouTube-real_00056_343,0.11438639461994171,0.8856135606765747,0.9997233748435974,0.47929859161376953,0.9997597336769104,0.8339939713478088
repl0087_clean,C:\My_Project\AIGC\v815_replication_set\repl0087_clean.jpg,1,0,none,DF40-cdf-ddim,False,YouTube-real_00173_337,0.12899480760097504,0.8710052371025085,0.9999443292617798,0.11995073407888412,0.999920129776001,0.23501886427402496
repl0087_smoothing_medium,C:\My_Project\AIGC\v815_replication_set\repl0087_smoothing_medium.jpg,1,1,smoothing_medium,DF40-cdf-ddim,False,YouTube-real_00173_337,0.10680132359266281,0.8931986093521118,0.9999390840530396,0.7683195471763611,0.9999605417251587,0.9047686457633972
repl0087_whitening_medium,C:\My_Project\AIGC\v815_replication_set\repl0087_whitening_medium.jpg,1,1,whitening_medium,DF40-cdf-ddim,False,YouTube-real_00173_337,0.11955133080482483,0.8804486989974976,0.9999576807022095,0.09323214739561081,0.9999265670776367,0.2354007065296173
repl0087_eye_enlarging,C:\My_Project\AIGC\v815_replication_set\repl0087_eye_enlarging.jpg,1,1,eye_enlarging,DF40-cdf-ddim,False,YouTube-real_00173_337,0.13131827116012573,0.8686816692352295,0.9999223947525024,0.19339421391487122,0.9999018907546997,0.3548474609851837
repl0087_face_reshaping,C:\My_Project\AIGC\v815_replication_set\repl0087_face_reshaping.jpg,1,1,face_reshaping,DF40-cdf-ddim,False,YouTube-real_00173_337,0.1277451068162918,0.8722549080848694,0.999961256980896,0.13725052773952484,0.9999462366104126,0.32069462537765503
repl0088_clean,C:\My_Project\AIGC\v815_replication_set\repl0088_clean.jpg,1,0,none,DF40-cdf-ddim,False,YouTube-real_00003_047,0.5779536962509155,0.42204636335372925,0.9862538576126099,0.7315295934677124,0.9901102185249329,0.6474217176437378
repl0088_smoothing_medium,C:\My_Project\AIGC\v815_replication_set\repl0088_smoothing_medium.jpg,1,1,smoothing_medium,DF40-cdf-ddim,False,YouTube-real_00003_047,0.3167537748813629,0.6832462549209595,0.992936909198761,0.8625004887580872,0.9957991242408752,0.9530884623527527
repl0088_whitening_medium,C:\My_Project\AIGC\v815_replication_set\repl0088_whitening_medium.jpg,1,1,whitening_medium,DF40-cdf-ddim,False,YouTube-real_00003_047,0.6266838312149048,0.3733161985874176,0.9953237175941467,0.5426302552223206,0.9955940842628479,0.48535096645355225
repl0088_eye_enlarging,C:\My_Project\AIGC\v815_replication_set\repl0088_eye_enlarging.jpg,1,1,eye_enlarging,DF40-cdf-ddim,False,YouTube-real_00003_047,0.6734293103218079,0.32657068967819214,0.9907110333442688,0.7113258838653564,0.993362307548523,0.6460611820220947
repl0088_face_reshaping,C:\My_Project\AIGC\v815_replication_set\repl0088_face_reshaping.jpg,1,1,face_reshaping,DF40-cdf-ddim,False,YouTube-real_00003_047,0.46852388978004456,0.5314761400222778,0.9919952154159546,0.6288273334503174,0.9929318428039551,0.5594912171363831
repl0089_clean,C:\My_Project\AIGC\v815_replication_set\repl0089_clean.jpg,1,0,none,DF40-cdf-ddim,False,YouTube-real_00102_205,0.11478747427463531,0.8852125406265259,0.9998608827590942,0.058283764868974686,0.9997127652168274,0.18764632940292358
repl0089_smoothing_medium,C:\My_Project\AIGC\v815_replication_set\repl0089_smoothing_medium.jpg,1,1,smoothing_medium,DF40-cdf-ddim,False,YouTube-real_00102_205,0.10546709597110748,0.8945329785346985,0.9996432065963745,0.29990527033805847,0.9995598196983337,0.8505313396453857
repl0089_whitening_medium,C:\My_Project\AIGC\v815_replication_set\repl0089_whitening_medium.jpg,1,1,whitening_medium,DF40-cdf-ddim,False,YouTube-real_00102_205,0.11384215950965881,0.8861578702926636,0.9999046325683594,0.03143829479813576,0.9997865557670593,0.1431194245815277
repl0089_eye_enlarging,C:\My_Project\AIGC\v815_replication_set\repl0089_eye_enlarging.jpg,1,1,eye_enlarging,DF40-cdf-ddim,False,YouTube-real_00102_205,0.11833790689706802,0.881662130355835,0.9998020529747009,0.11152980476617813,0.9996521472930908,0.3274237811565399
repl0089_face_reshaping,C:\My_Project\AIGC\v815_replication_set\repl0089_face_reshaping.jpg,1,1,face_reshaping,DF40-cdf-ddim,False,YouTube-real_00102_205,0.10902681946754456,0.8909732103347778,0.9998756647109985,0.05345356464385986,0.9997310042381287,0.20400168001651764
repl0090_clean,C:\My_Project\AIGC\v815_replication_set\repl0090_clean.jpg,1,0,none,DF40-cdf-SiT,False,8067,0.11625198274850845,0.8837480545043945,0.9996941089630127,0.2777388393878937,0.9995852112770081,0.7632876038551331
repl0090_smoothing_medium,C:\My_Project\AIGC\v815_replication_set\repl0090_smoothing_medium.jpg,1,1,smoothing_medium,DF40-cdf-SiT,False,8067,0.11346617341041565,0.886533796787262,0.9994231462478638,0.6405422687530518,0.9993509650230408,0.9769142270088196
repl0090_whitening_medium,C:\My_Project\AIGC\v815_replication_set\repl0090_whitening_medium.jpg,1,1,whitening_medium,DF40-cdf-SiT,False,8067,0.10637052357196808,0.8936294913291931,0.999708354473114,0.2675812244415283,0.999605119228363,0.8238089084625244
repl0090_eye_enlarging,C:\My_Project\AIGC\v815_replication_set\repl0090_eye_enlarging.jpg,1,1,eye_enlarging,DF40-cdf-SiT,False,8067,0.11403019726276398,0.8859697580337524,0.9996639490127563,0.2548699676990509,0.9995027780532837,0.8449773192405701
repl0090_face_reshaping,C:\My_Project\AIGC\v815_replication_set\repl0090_face_reshaping.jpg,1,1,face_reshaping,DF40-cdf-SiT,False,8067,0.10209290683269501,0.8979070782661438,0.999727189540863,0.36507999897003174,0.9996882677078247,0.7993170619010925
repl0091_clean,C:\My_Project\AIGC\v815_replication_set\repl0091_clean.jpg,1,0,none,DF40-cdf-SiT,False,8426,0.09969767928123474,0.9003022909164429,0.9999054670333862,0.07256270200014114,0.9997856020927429,0.2795976996421814
repl0091_smoothing_medium,C:\My_Project\AIGC\v815_replication_set\repl0091_smoothing_medium.jpg,1,1,smoothing_medium,DF40-cdf-SiT,False,8426,0.12631189823150635,0.8736881017684937,0.9987510442733765,0.9193701148033142,0.9993767142295837,0.9880978465080261
repl0091_whitening_medium,C:\My_Project\AIGC\v815_replication_set\repl0091_whitening_medium.jpg,1,1,whitening_medium,DF40-cdf-SiT,False,8426,0.10292796790599823,0.8970719575881958,0.9998410940170288,0.05415059253573418,0.9996135830879211,0.23215413093566895
repl0091_eye_enlarging,C:\My_Project\AIGC\v815_replication_set\repl0091_eye_enlarging.jpg,1,1,eye_enlarging,DF40-cdf-SiT,False,8426,0.106690414249897,0.8933096528053284,0.9998916387557983,0.07902614027261734,0.9997590184211731,0.2797696888446808
repl0091_face_reshaping,C:\My_Project\AIGC\v815_replication_set\repl0091_face_reshaping.jpg,1,1,face_reshaping,DF40-cdf-SiT,False,8426,0.0873841866850853,0.9126158356666565,0.9997977614402771,0.06853809952735901,0.9995012283325195,0.26308462023735046
repl0092_clean,C:\My_Project\AIGC\v815_replication_set\repl0092_clean.jpg,1,0,none,DF40-cdf-SiT,False,23054,0.11436311155557632,0.8856368660926819,0.9997454285621643,0.0663636177778244,0.9995409250259399,0.21869918704032898
repl0092_smoothing_medium,C:\My_Project\AIGC\v815_replication_set\repl0092_smoothing_medium.jpg,1,1,smoothing_medium,DF40-cdf-SiT,False,23054,0.10912176221609116,0.8908782005310059,0.9993346333503723,0.501583456993103,0.9994096755981445,0.8561429977416992
repl0092_whitening_medium,C:\My_Project\AIGC\v815_replication_set\repl0092_whitening_medium.jpg,1,1,whitening_medium,DF40-cdf-SiT,False,23054,0.10781800746917725,0.8921819925308228,0.9998483657836914,0.0430024079978466,0.9996999502182007,0.1784077286720276
repl0092_eye_enlarging,C:\My_Project\AIGC\v815_replication_set\repl0092_eye_enlarging.jpg,1,1,eye_enlarging,DF40-cdf-SiT,False,23054,0.10750047117471695,0.892499566078186,0.9995798468589783,0.14611473679542542,0.9993625283241272,0.374221533536911
repl0092_face_reshaping,C:\My_Project\AIGC\v815_replication_set\repl0092_face_reshaping.jpg,1,1,face_reshaping,DF40-cdf-SiT,False,23054,0.11929214000701904,0.8807078003883362,0.9995856881141663,0.2396894097328186,0.9995526671409607,0.5731530785560608
repl0093_clean,C:\My_Project\AIGC\v815_replication_set\repl0093_clean.jpg,1,0,none,DF40-cdf-DiT,False,1704,0.1233547106385231,0.8766452670097351,0.9997876286506653,0.034021418541669846,0.99945467710495,0.40352246165275574
repl0093_smoothing_medium,C:\My_Project\AIGC\v815_replication_set\repl0093_smoothing_medium.jpg,1,1,smoothing_medium,DF40-cdf-DiT,False,1704,0.11541445553302765,0.8845855593681335,0.9997339844703674,0.15546680986881256,0.999586284160614,0.8936347961425781
repl0093_whitening_medium,C:\My_Project\AIGC\v815_replication_set\repl0093_whitening_medium.jpg,1,1,whitening_medium,DF40-cdf-DiT,False,1704,0.12148978561162949,0.8785102367401123,0.9997974038124084,0.044123079627752304,0.9995189905166626,0.4574446380138397
repl0093_eye_enlarging,C:\My_Project\AIGC\v815_replication_set\repl0093_eye_enlarging.jpg,1,1,eye_enlarging,DF40-cdf-DiT,False,1704,0.11852595955133438,0.8814740777015686,0.9997581839561462,0.04806416481733322,0.999451220035553,0.4466622769832611
repl0093_face_reshaping,C:\My_Project\AIGC\v815_replication_set\repl0093_face_reshaping.jpg,1,1,face_reshaping,DF40-cdf-DiT,False,1704,0.12346552312374115,0.8765344023704529,0.9998441934585571,0.051741667091846466,0.999657154083252,0.5503103733062744
repl0094_clean,C:\My_Project\AIGC\v815_replication_set\repl0094_clean.jpg,1,0,none,DF40-cdf-ddim,False,YouTube-real_00076_215,0.1483440399169922,0.851655900478363,0.9999346733093262,0.030634097754955292,0.9998682737350464,0.30194807052612305
repl0094_smoothing_medium,C:\My_Project\AIGC\v815_replication_set\repl0094_smoothing_medium.jpg,1,1,smoothing_medium,DF40-cdf-ddim,False,YouTube-real_00076_215,0.1286052018404007,0.8713947534561157,0.9997915625572205,0.3794068396091461,0.9997561573982239,0.9455113410949707
repl0094_whitening_medium,C:\My_Project\AIGC\v815_replication_set\repl0094_whitening_medium.jpg,1,1,whitening_medium,DF40-cdf-ddim,False,YouTube-real_00076_215,0.13983269035816193,0.8601673245429993,0.9999672174453735,0.012062140740454197,0.9999184608459473,0.22735026478767395
repl0094_eye_enlarging,C:\My_Project\AIGC\v815_replication_set\repl0094_eye_enlarging.jpg,1,1,eye_enlarging,DF40-cdf-ddim,False,YouTube-real_00076_215,0.14691446721553802,0.8530855774879456,0.9999171495437622,0.1310466080904007,0.9998865127563477,0.625976026058197
repl0094_face_reshaping,C:\My_Project\AIGC\v815_replication_set\repl0094_face_reshaping.jpg,1,1,face_reshaping,DF40-cdf-ddim,False,YouTube-real_00076_215,0.1458948403596878,0.8541052341461182,0.9999362230300903,0.0947752445936203,0.9999113082885742,0.45705360174179077
repl0095_clean,C:\My_Project\AIGC\v815_replication_set\repl0095_clean.jpg,1,0,none,DF40-cdf-DiT,False,22879,0.10807174444198608,0.8919283151626587,0.9998527765274048,0.02027791552245617,0.9996485710144043,0.21270118653774261
repl0095_smoothing_medium,C:\My_Project\AIGC\v815_replication_set\repl0095_smoothing_medium.jpg,1,1,smoothing_medium,DF40-cdf-DiT,False,22879,0.11539671570062637,0.8846032619476318,0.9997802376747131,0.05239582806825638,0.9995243549346924,0.8056994080543518
repl0095_whitening_medium,C:\My_Project\AIGC\v815_replication_set\repl0095_whitening_medium.jpg,1,1,whitening_medium,DF40-cdf-DiT,False,22879,0.1143757700920105,0.8856242299079895,0.9998364448547363,0.016062302514910698,0.9995355606079102,0.23466426134109497
repl0095_eye_enlarging,C:\My_Project\AIGC\v815_replication_set\repl0095_eye_enlarging.jpg,1,1,eye_enlarging,DF40-cdf-DiT,False,22879,0.11219006776809692,0.8878099322319031,0.9998165965080261,0.022768627852201462,0.9995701909065247,0.22765663266181946
repl0095_face_reshaping,C:\My_Project\AIGC\v815_replication_set\repl0095_face_reshaping.jpg,1,1,face_reshaping,DF40-cdf-DiT,False,22879,0.11459413170814514,0.8854058980941772,0.9998149275779724,0.026299942284822464,0.9995902180671692,0.2518446445465088
repl0096_clean,C:\My_Project\AIGC\v815_replication_set\repl0096_clean.jpg,1,0,none,DF40-cdf-ddim,False,Celeb-real_id22_0006_310,0.11006104946136475,0.8899389505386353,0.99985671043396,0.08214446157217026,0.9997865557670593,0.2744190990924835
repl0096_smoothing_medium,C:\My_Project\AIGC\v815_replication_set\repl0096_smoothing_medium.jpg,1,1,smoothing_medium,DF40-cdf-ddim,False,Celeb-real_id22_0006_310,0.11222167313098907,0.8877782821655273,0.9993923902511597,0.8399850130081177,0.9994134902954102,0.9923821091651917
repl0096_whitening_medium,C:\My_Project\AIGC\v815_replication_set\repl0096_whitening_medium.jpg,1,1,whitening_medium,DF40-cdf-ddim,False,Celeb-real_id22_0006_310,0.1155441626906395,0.8844558000564575,0.9998844861984253,0.05312415212392807,0.999788224697113,0.27194732427597046
repl0096_eye_enlarging,C:\My_Project\AIGC\v815_replication_set\repl0096_eye_enlarging.jpg,1,1,eye_enlarging,DF40-cdf-ddim,False,Celeb-real_id22_0006_310,0.11268578469753265,0.8873142004013062,0.9997579455375671,0.3184767961502075,0.999729335308075,0.6726927757263184
repl0096_face_reshaping,C:\My_Project\AIGC\v815_replication_set\repl0096_face_reshaping.jpg,1,1,face_reshaping,DF40-cdf-ddim,False,Celeb-real_id22_0006_310,0.11066852509975433,0.8893314003944397,0.9998113512992859,0.24938727915287018,0.9997840523719788,0.6311025023460388
repl0097_clean,C:\My_Project\AIGC\v815_replication_set\repl0097_clean.jpg,1,0,none,DF40-cdf-ddim,False,YouTube-real_00121_436,0.12528957426548004,0.8747104406356812,0.9996098875999451,0.09056394547224045,0.9993023872375488,0.22990618646144867
repl0097_smoothing_medium,C:\My_Project\AIGC\v815_replication_set\repl0097_smoothing_medium.jpg,1,1,smoothing_medium,DF40-cdf-ddim,False,YouTube-real_00121_436,0.09758394956588745,0.9024160504341125,0.9990435242652893,0.39905694127082825,0.9987433552742004,0.8999207615852356
repl0097_whitening_medium,C:\My_Project\AIGC\v815_replication_set\repl0097_whitening_medium.jpg,1,1,whitening_medium,DF40-cdf-ddim,False,YouTube-real_00121_436,0.14223770797252655,0.8577622771263123,0.999500036239624,0.08234602212905884,0.9990658164024353,0.25865694880485535
repl0097_eye_enlarging,C:\My_Project\AIGC\v815_replication_set\repl0097_eye_enlarging.jpg,1,1,eye_enlarging,DF40-cdf-ddim,False,YouTube-real_00121_436,0.13424642384052277,0.8657535910606384,0.9995046854019165,0.1948104351758957,0.9992746710777283,0.4262528419494629
repl0097_face_reshaping,C:\My_Project\AIGC\v815_replication_set\repl0097_face_reshaping.jpg,1,1,face_reshaping,DF40-cdf-ddim,False,YouTube-real_00121_436,0.13244763016700745,0.8675523996353149,0.9994043111801147,0.4097461402416229,0.999359667301178,0.6625440716743469
repl0098_clean,C:\My_Project\AIGC\v815_replication_set\repl0098_clean.jpg,1,0,none,DF40-cdf-SiT,False,21825,0.10367252677679062,0.8963274955749512,0.9990720748901367,0.15044303238391876,0.998654842376709,0.49650201201438904
repl0098_smoothing_medium,C:\My_Project\AIGC\v815_replication_set\repl0098_smoothing_medium.jpg,1,1,smoothing_medium,DF40-cdf-SiT,False,21825,0.11600073426961899,0.883999228477478,0.9992848038673401,0.6413014531135559,0.9994841814041138,0.9364545345306396
repl0098_whitening_medium,C:\My_Project\AIGC\v815_replication_set\repl0098_whitening_medium.jpg,1,1,whitening_medium,DF40-cdf-SiT,False,21825,0.0984172448515892,0.9015827178955078,0.9995266199111938,0.13323330879211426,0.9993932247161865,0.45532217621803284
repl0098_eye_enlarging,C:\My_Project\AIGC\v815_replication_set\repl0098_eye_enlarging.jpg,1,1,eye_enlarging,DF40-cdf-SiT,False,21825,0.10599753260612488,0.8940024971961975,0.999334990978241,0.11947299540042877,0.9989467263221741,0.4922991991043091
repl0098_face_reshaping,C:\My_Project\AIGC\v815_replication_set\repl0098_face_reshaping.jpg,1,1,face_reshaping,DF40-cdf-SiT,False,21825,0.10267995297908783,0.897320032119751,0.9994706511497498,0.2042042315006256,0.9993481040000916,0.6193001866340637
repl0099_clean,C:\My_Project\AIGC\v815_replication_set\repl0099_clean.jpg,1,0,none,DF40-cdf-DiT,False,27140,0.09376746416091919,0.906232476234436,0.9997784495353699,0.1278158575296402,0.9996621608734131,0.5005460977554321
repl0099_smoothing_medium,C:\My_Project\AIGC\v815_replication_set\repl0099_smoothing_medium.jpg,1,1,smoothing_medium,DF40-cdf-DiT,False,27140,0.09786074608564377,0.9021393060684204,0.9995558857917786,0.16747845709323883,0.9992570281028748,0.8925599455833435
repl0099_whitening_medium,C:\My_Project\AIGC\v815_replication_set\repl0099_whitening_medium.jpg,1,1,whitening_medium,DF40-cdf-DiT,False,27140,0.10312259942293167,0.8968773484230042,0.9996126294136047,0.09836529940366745,0.999321460723877,0.4705314338207245
repl0099_eye_enlarging,C:\My_Project\AIGC\v815_replication_set\repl0099_eye_enlarging.jpg,1,1,eye_enlarging,DF40-cdf-DiT,False,27140,0.0914802998304367,0.9085197448730469,0.9998748302459717,0.13448965549468994,0.9998028874397278,0.5474016070365906
repl0099_face_reshaping,C:\My_Project\AIGC\v815_replication_set\repl0099_face_reshaping.jpg,1,1,face_reshaping,DF40-cdf-DiT,False,27140,0.08672770857810974,0.9132723212242126,0.9997286200523376,0.21662506461143494,0.9996460676193237,0.6394877433776855
repl0100_clean,C:\My_Project\AIGC\v815_replication_set\repl0100_clean.jpg,1,0,none,DF40-cdf-pixart,False,Celeb-real_id37_0009_076,0.07745415717363358,0.922545850276947,0.9998877048492432,0.008717072196304798,0.9998173117637634,0.10429862141609192
repl0100_smoothing_medium,C:\My_Project\AIGC\v815_replication_set\repl0100_smoothing_medium.jpg,1,1,smoothing_medium,DF40-cdf-pixart,False,Celeb-real_id37_0009_076,0.08780874311923981,0.9121912121772766,0.9999033212661743,0.007207740098237991,0.9998260140419006,0.16454194486141205
repl0100_whitening_medium,C:\My_Project\AIGC\v815_replication_set\repl0100_whitening_medium.jpg,1,1,whitening_medium,DF40-cdf-pixart,False,Celeb-real_id37_0009_076,0.0731128379702568,0.9268871545791626,0.9999372959136963,0.004906096961349249,0.9998800754547119,0.08539992570877075
repl0100_eye_enlarging,C:\My_Project\AIGC\v815_replication_set\repl0100_eye_enlarging.jpg,1,1,eye_enlarging,DF40-cdf-pixart,False,Celeb-real_id37_0009_076,0.079643115401268,0.9203569293022156,0.9998804330825806,0.008191666565835476,0.9997805953025818,0.12918399274349213
repl0100_face_reshaping,C:\My_Project\AIGC\v815_replication_set\repl0100_face_reshaping.jpg,1,1,face_reshaping,DF40-cdf-pixart,False,Celeb-real_id37_0009_076,0.07888758927583694,0.9211124777793884,0.9999203681945801,0.007189079187810421,0.9998723268508911,0.10021454095840454
repl0101_clean,C:\My_Project\AIGC\v815_replication_set\repl0101_clean.jpg,1,0,none,DF40-cdf-ddim,False,Celeb-real_id11_0009_357,0.14185115694999695,0.8581488728523254,0.999548614025116,0.2504810094833374,0.9995682835578918,0.3389459252357483
repl0101_smoothing_medium,C:\My_Project\AIGC\v815_replication_set\repl0101_smoothing_medium.jpg,1,1,smoothing_medium,DF40-cdf-ddim,False,Celeb-real_id11_0009_357,0.10740683972835541,0.8925931453704834,0.9996918439865112,0.7326337695121765,0.9997726082801819,0.9031064510345459
repl0101_whitening_medium,C:\My_Project\AIGC\v815_replication_set\repl0101_whitening_medium.jpg,1,1,whitening_medium,DF40-cdf-ddim,False,Celeb-real_id11_0009_357,0.13416314125061035,0.8658367991447449,0.9998125433921814,0.10768859088420868,0.9997939467430115,0.19218289852142334
repl0101_eye_enlarging,C:\My_Project\AIGC\v815_replication_set\repl0101_eye_enlarging.jpg,1,1,eye_enlarging,DF40-cdf-ddim,False,Celeb-real_id11_0009_357,0.13250987231731415,0.8674901723861694,0.9995492100715637,0.31670913100242615,0.999565064907074,0.40627434849739075
repl0101_face_reshaping,C:\My_Project\AIGC\v815_replication_set\repl0101_face_reshaping.jpg,1,1,face_reshaping,DF40-cdf-ddim,False,Celeb-real_id11_0009_357,0.11535023152828217,0.8846497535705566,0.9996569156646729,0.24675215780735016,0.999632716178894,0.3314053416252136
repl0102_clean,C:\My_Project\AIGC\v815_replication_set\repl0102_clean.jpg,1,0,none,DF40-cdf-sd2.1,False,Celeb-real_id11_0005_199,0.10265878587961197,0.897341251373291,0.9995961785316467,0.05053936690092087,0.9990552067756653,0.23545652627944946
repl0102_smoothing_medium,C:\My_Project\AIGC\v815_replication_set\repl0102_smoothing_medium.jpg,1,1,smoothing_medium,DF40-cdf-sd2.1,False,Celeb-real_id11_0005_199,0.11110764741897583,0.8888923525810242,0.9999713897705078,0.013166267424821854,0.9999207258224487,0.4240565598011017
repl0102_whitening_medium,C:\My_Project\AIGC\v815_replication_set\repl0102_whitening_medium.jpg,1,1,whitening_medium,DF40-cdf-sd2.1,False,Celeb-real_id11_0005_199,0.10372203588485718,0.8962779641151428,0.9995926022529602,0.048339176923036575,0.9989946484565735,0.28161823749542236
repl0102_eye_enlarging,C:\My_Project\AIGC\v815_replication_set\repl0102_eye_enlarging.jpg,1,1,eye_enlarging,DF40-cdf-sd2.1,False,Celeb-real_id11_0005_199,0.10690701752901077,0.8930929899215698,0.9997329115867615,0.04596119001507759,0.9993847608566284,0.24963854253292084
repl0102_face_reshaping,C:\My_Project\AIGC\v815_replication_set\repl0102_face_reshaping.jpg,1,1,face_reshaping,DF40-cdf-sd2.1,False,Celeb-real_id11_0005_199,0.10557171702384949,0.8944283127784729,0.9996144771575928,0.04725261032581329,0.9991162419319153,0.22108682990074158
repl0103_clean,C:\My_Project\AIGC\v815_replication_set\repl0103_clean.jpg,1,0,none,DF40-cdf-DiT,False,17217,0.08216389268636703,0.91783607006073,0.9998065829277039,0.06928694993257523,0.9996187686920166,0.2552177309989929
repl0103_smoothing_medium,C:\My_Project\AIGC\v815_replication_set\repl0103_smoothing_medium.jpg,1,1,smoothing_medium,DF40-cdf-DiT,False,17217,0.11257221549749374,0.8874277472496033,0.9996669292449951,0.5064139366149902,0.9996417760848999,0.9582129120826721
repl0103_whitening_medium,C:\My_Project\AIGC\v815_replication_set\repl0103_whitening_medium.jpg,1,1,whitening_medium,DF40-cdf-DiT,False,17217,0.08348990976810455,0.9165101051330566,0.9999217987060547,0.041443344205617905,0.9998247027397156,0.20531891286373138
repl0103_eye_enlarging,C:\My_Project\AIGC\v815_replication_set\repl0103_eye_enlarging.jpg,1,1,eye_enlarging,DF40-cdf-DiT,False,17217,0.08127374202013016,0.9187262058258057,0.999768078327179,0.09467945992946625,0.9995812773704529,0.29090332984924316
repl0103_face_reshaping,C:\My_Project\AIGC\v815_replication_set\repl0103_face_reshaping.jpg,1,1,face_reshaping,DF40-cdf-DiT,False,17217,0.08551779389381409,0.9144821763038635,0.9997780919075012,0.09561578929424286,0.9996034502983093,0.3404231071472168
repl0104_clean,C:\My_Project\AIGC\v815_replication_set\repl0104_clean.jpg,1,0,none,DF40-cdf-sd2.1,False,Celeb-real_id25_0004_010,0.10078158974647522,0.8992183804512024,0.9999372959136963,0.006063666194677353,0.9998268485069275,0.11052193492650986
repl0104_smoothing_medium,C:\My_Project\AIGC\v815_replication_set\repl0104_smoothing_medium.jpg,1,1,smoothing_medium,DF40-cdf-sd2.1,False,Celeb-real_id25_0004_010,0.1038806214928627,0.8961193561553955,0.999954342842102,0.006099698133766651,0.9998644590377808,0.2871965765953064
repl0104_whitening_medium,C:\My_Project\AIGC\v815_replication_set\repl0104_whitening_medium.jpg,1,1,whitening_medium,DF40-cdf-sd2.1,False,Celeb-real_id25_0004_010,0.09621415287256241,0.9037858843803406,0.9999325275421143,0.0066364179365336895,0.9998238682746887,0.10961981117725372
repl0104_eye_enlarging,C:\My_Project\AIGC\v815_replication_set\repl0104_eye_enlarging.jpg,1,1,eye_enlarging,DF40-cdf-sd2.1,False,Celeb-real_id25_0004_010,0.0977703258395195,0.9022297263145447,0.9999432563781738,0.00591531815007329,0.9998366832733154,0.12401759624481201
repl0104_face_reshaping,C:\My_Project\AIGC\v815_replication_set\repl0104_face_reshaping.jpg,1,1,face_reshaping,DF40-cdf-sd2.1,False,Celeb-real_id25_0004_010,0.10315446555614471,0.8968455195426941,0.9999294281005859,0.006793843116611242,0.9998140931129456,0.11724969744682312
repl0105_clean,C:\My_Project\AIGC\v815_replication_set\repl0105_clean.jpg,1,0,none,DF40-cdf-SiT,False,2147,0.11959268152713776,0.8804073333740234,0.9996781349182129,0.22314514219760895,0.9995980858802795,0.6556075215339661
repl0105_smoothing_medium,C:\My_Project\AIGC\v815_replication_set\repl0105_smoothing_medium.jpg,1,1,smoothing_medium,DF40-cdf-SiT,False,2147,0.1374993473291397,0.8625006675720215,0.999794065952301,0.21294303238391876,0.9997079968452454,0.9305238127708435
repl0105_whitening_medium,C:\My_Project\AIGC\v815_replication_set\repl0105_whitening_medium.jpg,1,1,whitening_medium,DF40-cdf-SiT,False,2147,0.11559723317623138,0.8844027519226074,0.9997764229774475,0.06392283737659454,0.9995793700218201,0.43888571858406067
repl0105_eye_enlarging,C:\My_Project\AIGC\v815_replication_set\repl0105_eye_enlarging.jpg,1,1,eye_enlarging,DF40-cdf-SiT,False,2147,0.11910911649465561,0.8808909058570862,0.9992004036903381,0.4006492793560028,0.9991976618766785,0.8395007252693176
repl0105_face_reshaping,C:\My_Project\AIGC\v815_replication_set\repl0105_face_reshaping.jpg,1,1,face_reshaping,DF40-cdf-SiT,False,2147,0.12083473801612854,0.8791652321815491,0.999496579170227,0.43374860286712646,0.9995418787002563,0.8383562564849854
repl0106_clean,C:\My_Project\AIGC\v815_replication_set\repl0106_clean.jpg,1,0,none,DF40-cdf-sd2.1,False,Celeb-real_id30_0003_408,0.09465661644935608,0.9053434133529663,0.9993699193000793,0.0950237512588501,0.9987794756889343,0.5019227862358093
repl0106_smoothing_medium,C:\My_Project\AIGC\v815_replication_set\repl0106_smoothing_medium.jpg,1,1,smoothing_medium,DF40-cdf-sd2.1,False,Celeb-real_id30_0003_408,0.11173693835735321,0.8882630467414856,0.9997313618659973,0.09114903956651688,0.9995607733726501,0.747502326965332
repl0106_whitening_medium,C:\My_Project\AIGC\v815_replication_set\repl0106_whitening_medium.jpg,1,1,whitening_medium,DF40-cdf-sd2.1,False,Celeb-real_id30_0003_408,0.09034182131290436,0.9096582531929016,0.9994474053382874,0.07777377963066101,0.9989522695541382,0.44274070858955383
repl0106_eye_enlarging,C:\My_Project\AIGC\v815_replication_set\repl0106_eye_enlarging.jpg,1,1,eye_enlarging,DF40-cdf-sd2.1,False,Celeb-real_id30_0003_408,0.10095462948083878,0.8990453481674194,0.9995242357254028,0.08078038692474365,0.9990173578262329,0.5331642031669617
repl0106_face_reshaping,C:\My_Project\AIGC\v815_replication_set\repl0106_face_reshaping.jpg,1,1,face_reshaping,DF40-cdf-sd2.1,False,Celeb-real_id30_0003_408,0.09708477556705475,0.9029152393341064,0.999554455280304,0.08118137717247009,0.9991338849067688,0.4161689281463623
repl0107_clean,C:\My_Project\AIGC\v815_replication_set\repl0107_clean.jpg,1,0,none,DF40-cdf-ddim,False,Celeb-real_id29_0004_093,0.1132059171795845,0.8867940306663513,0.9998819828033447,0.27509355545043945,0.9998577833175659,0.5019915699958801
repl0107_smoothing_medium,C:\My_Project\AIGC\v815_replication_set\repl0107_smoothing_medium.jpg,1,1,smoothing_medium,DF40-cdf-ddim,False,Celeb-real_id29_0004_093,0.11209528893232346,0.8879047632217407,0.9997552037239075,0.9327592253684998,0.9998470544815063,0.9846596717834473
repl0107_whitening_medium,C:\My_Project\AIGC\v815_replication_set\repl0107_whitening_medium.jpg,1,1,whitening_medium,DF40-cdf-ddim,False,Celeb-real_id29_0004_093,0.11274559050798416,0.8872544169425964,0.9999185800552368,0.19930621981620789,0.9998787641525269,0.4985382556915283
repl0107_eye_enlarging,C:\My_Project\AIGC\v815_replication_set\repl0107_eye_enlarging.jpg,1,1,eye_enlarging,DF40-cdf-ddim,False,Celeb-real_id29_0004_093,0.11889611929655075,0.8811039328575134,0.9998515844345093,0.3081618547439575,0.9998306035995483,0.5587949752807617
repl0107_face_reshaping,C:\My_Project\AIGC\v815_replication_set\repl0107_face_reshaping.jpg,1,1,face_reshaping,DF40-cdf-ddim,False,Celeb-real_id29_0004_093,0.11117792874574661,0.8888220191001892,0.9997096657752991,0.35054147243499756,0.9996938705444336,0.5869983434677124
repl0108_clean,C:\My_Project\AIGC\v815_replication_set\repl0108_clean.jpg,1,0,none,DF40-cdf-ddim,False,Celeb-real_id54_0000_077,0.1459205597639084,0.8540794849395752,0.9997498393058777,0.17952106893062592,0.9997655749320984,0.40662264823913574
repl0108_smoothing_medium,C:\My_Project\AIGC\v815_replication_set\repl0108_smoothing_medium.jpg,1,1,smoothing_medium,DF40-cdf-ddim,False,Celeb-real_id54_0000_077,0.12832559645175934,0.8716743588447571,0.999810516834259,0.636081874370575,0.9998200535774231,0.9506336450576782
repl0108_whitening_medium,C:\My_Project\AIGC\v815_replication_set\repl0108_whitening_medium.jpg,1,1,whitening_medium,DF40-cdf-ddim,False,Celeb-real_id54_0000_077,0.14512640237808228,0.8548735976219177,0.9997851252555847,0.11118154227733612,0.9997654557228088,0.3234007656574249
repl0108_eye_enlarging,C:\My_Project\AIGC\v815_replication_set\repl0108_eye_enlarging.jpg,1,1,eye_enlarging,DF40-cdf-ddim,False,Celeb-real_id54_0000_077,0.13794223964214325,0.8620577454566956,0.999629020690918,0.39304277300834656,0.999731719493866,0.6939326524734497
repl0108_face_reshaping,C:\My_Project\AIGC\v815_replication_set\repl0108_face_reshaping.jpg,1,1,face_reshaping,DF40-cdf-ddim,False,Celeb-real_id54_0000_077,0.1457419991493225,0.8542580604553223,0.9997473359107971,0.21116191148757935,0.9997650980949402,0.43849262595176697
repl0109_clean,C:\My_Project\AIGC\v815_replication_set\repl0109_clean.jpg,1,0,none,DF40-cdf-DiT,False,22422,0.15175321698188782,0.8482468128204346,0.9998027682304382,0.06224135681986809,0.9996457099914551,0.46301063895225525
repl0109_smoothing_medium,C:\My_Project\AIGC\v815_replication_set\repl0109_smoothing_medium.jpg,1,1,smoothing_medium,DF40-cdf-DiT,False,22422,0.1501760631799698,0.8498239517211914,0.9996927976608276,0.21307925879955292,0.9996168613433838,0.9095138311386108
repl0109_whitening_medium,C:\My_Project\AIGC\v815_replication_set\repl0109_whitening_medium.jpg,1,1,whitening_medium,DF40-cdf-DiT,False,22422,0.15288856625556946,0.8471114039421082,0.9997872710227966,0.03153395280241966,0.9994598031044006,0.4835517704486847
repl0109_eye_enlarging,C:\My_Project\AIGC\v815_replication_set\repl0109_eye_enlarging.jpg,1,1,eye_enlarging,DF40-cdf-DiT,False,22422,0.15305675566196442,0.8469432592391968,0.9997982382774353,0.05395561829209328,0.9996308088302612,0.42025914788246155
repl0109_face_reshaping,C:\My_Project\AIGC\v815_replication_set\repl0109_face_reshaping.jpg,1,1,face_reshaping,DF40-cdf-DiT,False,22422,0.15014740824699402,0.8498526215553284,0.9998084902763367,0.04012050852179527,0.999609649181366,0.3786122798919678
repl0110_clean,C:\My_Project\AIGC\v815_replication_set\repl0110_clean.jpg,1,0,none,DF40-cdf-sd2.1,False,YouTube-real_00263_031,0.08130497485399246,0.9186950325965881,0.9998296499252319,0.021490590646862984,0.9996507167816162,0.1266758143901825
repl0110_smoothing_medium,C:\My_Project\AIGC\v815_replication_set\repl0110_smoothing_medium.jpg,1,1,smoothing_medium,DF40-cdf-sd2.1,False,YouTube-real_00263_031,0.10825259983539581,0.8917474150657654,0.9998902082443237,0.006503059063106775,0.9995446801185608,0.3694876730442047
repl0110_whitening_medium,C:\My_Project\AIGC\v815_replication_set\repl0110_whitening_medium.jpg,1,1,whitening_medium,DF40-cdf-sd2.1,False,YouTube-real_00263_031,0.08844597637653351,0.9115540385246277,0.9998480081558228,0.020266549661755562,0.9996304512023926,0.16516651213169098
repl0110_eye_enlarging,C:\My_Project\AIGC\v815_replication_set\repl0110_eye_enlarging.jpg,1,1,eye_enlarging,DF40-cdf-sd2.1,False,YouTube-real_00263_031,0.08257100731134415,0.9174289703369141,0.9998230338096619,0.021525045856833458,0.9996154308319092,0.13693059980869293
repl0110_face_reshaping,C:\My_Project\AIGC\v815_replication_set\repl0110_face_reshaping.jpg,1,1,face_reshaping,DF40-cdf-sd2.1,False,YouTube-real_00263_031,0.08131039142608643,0.9186896085739136,0.999819815158844,0.019514719024300575,0.999560534954071,0.1391463279724121
repl0111_clean,C:\My_Project\AIGC\v815_replication_set\repl0111_clean.jpg,1,0,none,DF40-cdf-sd2.1,False,Celeb-real_id2_0002_081,0.12326963245868683,0.8767303824424744,0.9999154806137085,0.0034389160573482513,0.9994350075721741,0.2619188725948334
repl0111_smoothing_medium,C:\My_Project\AIGC\v815_replication_set\repl0111_smoothing_medium.jpg,1,1,smoothing_medium,DF40-cdf-sd2.1,False,Celeb-real_id2_0002_081,0.12315215915441513,0.8768478631973267,0.9998891353607178,0.004422103054821491,0.9992173910140991,0.4332704544067383
repl0111_whitening_medium,C:\My_Project\AIGC\v815_replication_set\repl0111_whitening_medium.jpg,1,1,whitening_medium,DF40-cdf-sd2.1,False,Celeb-real_id2_0002_081,0.12321064621210098,0.8767893314361572,0.9999206066131592,0.003228984773159027,0.9994264841079712,0.2648976445198059
repl0111_eye_enlarging,C:\My_Project\AIGC\v815_replication_set\repl0111_eye_enlarging.jpg,1,1,eye_enlarging,DF40-cdf-sd2.1,False,Celeb-real_id2_0002_081,0.12803590297698975,0.871964156627655,0.9998987913131714,0.004112476948648691,0.9993522763252258,0.3009378910064697
repl0111_face_reshaping,C:\My_Project\AIGC\v815_replication_set\repl0111_face_reshaping.jpg,1,1,face_reshaping,DF40-cdf-sd2.1,False,Celeb-real_id2_0002_081,0.12109395861625671,0.8789060711860657,0.9999358654022217,0.003264076542109251,0.9996106028556824,0.2545197606086731
repl0112_clean,C:\My_Project\AIGC\v815_replication_set\repl0112_clean.jpg,1,0,none,DF40-cdf-SiT,False,26139,0.10792506486177444,0.8920749425888062,0.999946117401123,0.04183850809931755,0.9998762607574463,0.167979434132576
repl0112_smoothing_medium,C:\My_Project\AIGC\v815_replication_set\repl0112_smoothing_medium.jpg,1,1,smoothing_medium,DF40-cdf-SiT,False,26139,0.10801732540130615,0.8919826745986938,0.9998200535774231,0.3158886134624481,0.999772846698761,0.8131589889526367
repl0112_whitening_medium,C:\My_Project\AIGC\v815_replication_set\repl0112_whitening_medium.jpg,1,1,whitening_medium,DF40-cdf-SiT,False,26139,0.11279387027025223,0.8872060775756836,0.9999364614486694,0.04983079805970192,0.9998561143875122,0.2680698335170746
repl0112_eye_enlarging,C:\My_Project\AIGC\v815_replication_set\repl0112_eye_enlarging.jpg,1,1,eye_enlarging,DF40-cdf-SiT,False,26139,0.10732033848762512,0.8926796317100525,0.9999051094055176,0.07540586590766907,0.9998168349266052,0.2552512288093567
repl0112_face_reshaping,C:\My_Project\AIGC\v815_replication_set\repl0112_face_reshaping.jpg,1,1,face_reshaping,DF40-cdf-SiT,False,26139,0.10229665040969849,0.8977033495903015,0.9999008178710938,0.06591001898050308,0.9997945427894592,0.24415002763271332
repl0113_clean,C:\My_Project\AIGC\v815_replication_set\repl0113_clean.jpg,1,0,none,DF40-cdf-ddim,False,Celeb-real_id34_0002_289,0.13132603466510773,0.8686739802360535,0.9998668432235718,0.09038594365119934,0.9998470544815063,0.4624541699886322
repl0113_smoothing_medium,C:\My_Project\AIGC\v815_replication_set\repl0113_smoothing_medium.jpg,1,1,smoothing_medium,DF40-cdf-ddim,False,Celeb-real_id34_0002_289,0.13761085271835327,0.8623892068862915,0.9998506307601929,0.23423121869564056,0.9997541308403015,0.969151496887207
repl0113_whitening_medium,C:\My_Project\AIGC\v815_replication_set\repl0113_whitening_medium.jpg,1,1,whitening_medium,DF40-cdf-ddim,False,Celeb-real_id34_0002_289,0.12641990184783936,0.8735800981521606,0.999915599822998,0.052424412220716476,0.9998871088027954,0.4473656415939331
repl0113_eye_enlarging,C:\My_Project\AIGC\v815_replication_set\repl0113_eye_enlarging.jpg,1,1,eye_enlarging,DF40-cdf-ddim,False,Celeb-real_id34_0002_289,0.1343226432800293,0.8656774163246155,0.9997528195381165,0.23759351670742035,0.9997555613517761,0.7841387987136841
repl0113_face_reshaping,C:\My_Project\AIGC\v815_replication_set\repl0113_face_reshaping.jpg,1,1,face_reshaping,DF40-cdf-ddim,False,Celeb-real_id34_0002_289,0.13064362108707428,0.8693563342094421,0.9998388290405273,0.16133186221122742,0.9998316764831543,0.6816437840461731
repl0114_clean,C:\My_Project\AIGC\v815_replication_set\repl0114_clean.jpg,1,0,none,DF40-cdf-ddim,False,YouTube-real_00159_000,0.11225923150777817,0.8877407908439636,0.999553382396698,0.04702675715088844,0.9989534616470337,0.23138336837291718
repl0114_smoothing_medium,C:\My_Project\AIGC\v815_replication_set\repl0114_smoothing_medium.jpg,1,1,smoothing_medium,DF40-cdf-ddim,False,YouTube-real_00159_000,0.11023063212633133,0.8897693753242493,0.999686598777771,0.11954005807638168,0.999452531337738,0.7339849472045898
repl0114_whitening_medium,C:\My_Project\AIGC\v815_replication_set\repl0114_whitening_medium.jpg,1,1,whitening_medium,DF40-cdf-ddim,False,YouTube-real_00159_000,0.12555073201656342,0.8744493126869202,0.9993533492088318,0.06010013073682785,0.9985872507095337,0.2964843511581421
repl0114_eye_enlarging,C:\My_Project\AIGC\v815_replication_set\repl0114_eye_enlarging.jpg,1,1,eye_enlarging,DF40-cdf-ddim,False,YouTube-real_00159_000,0.12069704383611679,0.8793029189109802,0.999234676361084,0.1297815889120102,0.9985933899879456,0.49489033222198486
repl0114_face_reshaping,C:\My_Project\AIGC\v815_replication_set\repl0114_face_reshaping.jpg,1,1,face_reshaping,DF40-cdf-ddim,False,YouTube-real_00159_000,0.1120181530714035,0.8879818320274353,0.999525785446167,0.07648012042045593,0.9990407824516296,0.333622008562088
repl0115_clean,C:\My_Project\AIGC\v815_replication_set\repl0115_clean.jpg,1,0,none,DF40-cdf-DiT,False,10254,0.1089121401309967,0.8910878896713257,0.9999017715454102,0.008454104885458946,0.9996440410614014,0.1180536225438118
repl0115_smoothing_medium,C:\My_Project\AIGC\v815_replication_set\repl0115_smoothing_medium.jpg,1,1,smoothing_medium,DF40-cdf-DiT,False,10254,0.11812546849250793,0.8818745613098145,0.9997947812080383,0.04499964788556099,0.9994283318519592,0.8132071495056152
repl0115_whitening_medium,C:\My_Project\AIGC\v815_replication_set\repl0115_whitening_medium.jpg,1,1,whitening_medium,DF40-cdf-DiT,False,10254,0.11281484365463257,0.8871851563453674,0.999908447265625,0.009085913188755512,0.9996893405914307,0.1719660758972168
repl0115_eye_enlarging,C:\My_Project\AIGC\v815_replication_set\repl0115_eye_enlarging.jpg,1,1,eye_enlarging,DF40-cdf-DiT,False,10254,0.11446069180965424,0.8855393528938293,0.9998421669006348,0.015783820301294327,0.9995074272155762,0.19457657635211945
repl0115_face_reshaping,C:\My_Project\AIGC\v815_replication_set\repl0115_face_reshaping.jpg,1,1,face_reshaping,DF40-cdf-DiT,False,10254,0.11768581718206406,0.882314145565033,0.9997480511665344,0.01676453836262226,0.999138355255127,0.2250031977891922
repl0116_clean,C:\My_Project\AIGC\v815_replication_set\repl0116_clean.jpg,1,0,none,DF40-cdf-pixart,False,YouTube-real_00194_416,0.08788323402404785,0.9121167063713074,0.9998272061347961,0.02063034661114216,0.9996156692504883,0.45526739954948425
repl0116_smoothing_medium,C:\My_Project\AIGC\v815_replication_set\repl0116_smoothing_medium.jpg,1,1,smoothing_medium,DF40-cdf-pixart,False,YouTube-real_00194_416,0.08817459642887115,0.91182541847229,0.9998369216918945,0.016366560012102127,0.9996159076690674,0.43792346119880676
repl0116_whitening_medium,C:\My_Project\AIGC\v815_replication_set\repl0116_whitening_medium.jpg,1,1,whitening_medium,DF40-cdf-pixart,False,YouTube-real_00194_416,0.07955121248960495,0.9204488396644592,0.9998847246170044,0.015457493253052235,0.9997656941413879,0.4114765524864197
repl0116_eye_enlarging,C:\My_Project\AIGC\v815_replication_set\repl0116_eye_enlarging.jpg,1,1,eye_enlarging,DF40-cdf-pixart,False,YouTube-real_00194_416,0.08066563308238983,0.919334352016449,0.9998372793197632,0.023228690028190613,0.9996669292449951,0.4884803295135498
repl0116_face_reshaping,C:\My_Project\AIGC\v815_replication_set\repl0116_face_reshaping.jpg,1,1,face_reshaping,DF40-cdf-pixart,False,YouTube-real_00194_416,0.0853085145354271,0.9146914482116699,0.9998306035995483,0.0196343045681715,0.9996139407157898,0.4587462246417999
repl0117_clean,C:\My_Project\AIGC\v815_replication_set\repl0117_clean.jpg,1,0,none,DF40-cdf-pixart,False,Celeb-real_id37_0005_103,0.07751628011465073,0.9224837422370911,0.9998425245285034,0.004852284211665392,0.9992523789405823,0.13800349831581116
repl0117_smoothing_medium,C:\My_Project\AIGC\v815_replication_set\repl0117_smoothing_medium.jpg,1,1,smoothing_medium,DF40-cdf-pixart,False,Celeb-real_id37_0005_103,0.07992000877857208,0.9200799465179443,0.9999037981033325,0.002981959842145443,0.9994575381278992,0.1485205441713333
repl0117_whitening_medium,C:\My_Project\AIGC\v815_replication_set\repl0117_whitening_medium.jpg,1,1,whitening_medium,DF40-cdf-pixart,False,Celeb-real_id37_0005_103,0.07730746269226074,0.9226924777030945,0.9998455047607422,0.007196666207164526,0.9993645548820496,0.23459556698799133
repl0117_eye_enlarging,C:\My_Project\AIGC\v815_replication_set\repl0117_eye_enlarging.jpg,1,1,eye_enlarging,DF40-cdf-pixart,False,Celeb-real_id37_0005_103,0.07724262028932571,0.9227573275566101,0.9998722076416016,0.004434171598404646,0.9994035959243774,0.14410020411014557
repl0117_face_reshaping,C:\My_Project\AIGC\v815_replication_set\repl0117_face_reshaping.jpg,1,1,face_reshaping,DF40-cdf-pixart,False,Celeb-real_id37_0005_103,0.07931695133447647,0.9206830263137817,0.9998453855514526,0.005356592126190662,0.9992994070053101,0.1535557359457016
repl0118_clean,C:\My_Project\AIGC\v815_replication_set\repl0118_clean.jpg,1,0,none,DF40-cdf-SiT,False,3404,0.11208432167768478,0.8879156708717346,0.9994632601737976,0.046530451625585556,0.9985666871070862,0.4669630229473114
repl0118_smoothing_medium,C:\My_Project\AIGC\v815_replication_set\repl0118_smoothing_medium.jpg,1,1,smoothing_medium,DF40-cdf-SiT,False,3404,0.10400313884019852,0.8959968090057373,0.9995372295379639,0.06435851752758026,0.9985584616661072,0.8773593306541443
repl0118_whitening_medium,C:\My_Project\AIGC\v815_replication_set\repl0118_whitening_medium.jpg,1,1,whitening_medium,DF40-cdf-SiT,False,3404,0.10306800901889801,0.8969319462776184,0.9996083378791809,0.04345988854765892,0.9990243911743164,0.4617924690246582
repl0118_eye_enlarging,C:\My_Project\AIGC\v815_replication_set\repl0118_eye_enlarging.jpg,1,1,eye_enlarging,DF40-cdf-SiT,False,3404,0.11056732386350632,0.8894326686859131,0.9993042945861816,0.06478695571422577,0.9982435703277588,0.46862170100212097
repl0118_face_reshaping,C:\My_Project\AIGC\v815_replication_set\repl0118_face_reshaping.jpg,1,1,face_reshaping,DF40-cdf-SiT,False,3404,0.11895725131034851,0.8810427188873291,0.9993984699249268,0.046324025839567184,0.9984104633331299,0.44476547837257385
repl0119_clean,C:\My_Project\AIGC\v815_replication_set\repl0119_clean.jpg,1,0,none,DF40-cdf-pixart,False,Celeb-real_id22_0000_191,0.10457832366228104,0.8954216241836548,0.9999517202377319,0.006211203522980213,0.9998757839202881,0.26307275891304016
repl0119_smoothing_medium,C:\My_Project\AIGC\v815_replication_set\repl0119_smoothing_medium.jpg,1,1,smoothing_medium,DF40-cdf-pixart,False,Celeb-real_id22_0000_191,0.10880634188652039,0.8911936283111572,0.9999080896377563,0.007843589410185814,0.9997181296348572,0.3562988042831421
repl0119_whitening_medium,C:\My_Project\AIGC\v815_replication_set\repl0119_whitening_medium.jpg,1,1,whitening_medium,DF40-cdf-pixart,False,Celeb-real_id22_0000_191,0.0954846441745758,0.9045153260231018,0.9999274015426636,0.007972709834575653,0.9997243285179138,0.41239017248153687
repl0119_eye_enlarging,C:\My_Project\AIGC\v815_replication_set\repl0119_eye_enlarging.jpg,1,1,eye_enlarging,DF40-cdf-pixart,False,Celeb-real_id22_0000_191,0.10786560922861099,0.892134428024292,0.9999529123306274,0.0050863721407949924,0.9998579025268555,0.28676703572273254
repl0119_face_reshaping,C:\My_Project\AIGC\v815_replication_set\repl0119_face_reshaping.jpg,1,1,face_reshaping,DF40-cdf-pixart,False,Celeb-real_id22_0000_191,0.10142021626234055,0.8985797762870789,0.9999531507492065,0.006663269363343716,0.9998886585235596,0.26025375723838806
repl0120_clean,C:\My_Project\AIGC\v815_replication_set\repl0120_clean.jpg,1,0,none,DF40-cdf-pixart,False,Celeb-real_id24_0004_041,0.08379346877336502,0.9162064790725708,0.9996102452278137,0.01592244766652584,0.999351441860199,0.33687347173690796
repl0120_smoothing_medium,C:\My_Project\AIGC\v815_replication_set\repl0120_smoothing_medium.jpg,1,1,smoothing_medium,DF40-cdf-pixart,False,Celeb-real_id24_0004_041,0.08862230181694031,0.9113776683807373,0.9996656179428101,0.011729937978088856,0.9993683695793152,0.3495851755142212
repl0120_whitening_medium,C:\My_Project\AIGC\v815_replication_set\repl0120_whitening_medium.jpg,1,1,whitening_medium,DF40-cdf-pixart,False,Celeb-real_id24_0004_041,0.0811973363161087,0.9188026785850525,0.9990648627281189,0.038485702127218246,0.9987356066703796,0.43091312050819397
repl0120_eye_enlarging,C:\My_Project\AIGC\v815_replication_set\repl0120_eye_enlarging.jpg,1,1,eye_enlarging,DF40-cdf-pixart,False,Celeb-real_id24_0004_041,0.08291943371295929,0.9170806407928467,0.9991317391395569,0.0281167421489954,0.9988042116165161,0.3838150203227997
repl0120_face_reshaping,C:\My_Project\AIGC\v815_replication_set\repl0120_face_reshaping.jpg,1,1,face_reshaping,DF40-cdf-pixart,False,Celeb-real_id24_0004_041,0.08504458516836166,0.9149554371833801,0.999757707118988,0.015747401863336563,0.999651312828064,0.32594501972198486
repl0121_clean,C:\My_Project\AIGC\v815_replication_set\repl0121_clean.jpg,1,0,none,DF40-cdf-pixart,False,Celeb-real_id22_0001_099,0.10085935145616531,0.8991406559944153,0.9999241828918457,0.0065683708526194096,0.9997426867485046,0.36068472266197205
repl0121_smoothing_medium,C:\My_Project\AIGC\v815_replication_set\repl0121_smoothing_medium.jpg,1,1,smoothing_medium,DF40-cdf-pixart,False,Celeb-real_id22_0001_099,0.09986815601587296,0.90013188123703,0.9999088048934937,0.007238816004246473,0.9997065663337708,0.37902528047561646
repl0121_whitening_medium,C:\My_Project\AIGC\v815_replication_set\repl0121_whitening_medium.jpg,1,1,whitening_medium,DF40-cdf-pixart,False,Celeb-real_id22_0001_099,0.0920795351266861,0.9079204797744751,0.9999653100967407,0.004326067864894867,0.9998818635940552,0.2970781922340393
repl0121_eye_enlarging,C:\My_Project\AIGC\v815_replication_set\repl0121_eye_enlarging.jpg,1,1,eye_enlarging,DF40-cdf-pixart,False,Celeb-real_id22_0001_099,0.09554039686918259,0.9044596552848816,0.9999115467071533,0.010225045494735241,0.9997666478157043,0.3912244439125061
repl0121_face_reshaping,C:\My_Project\AIGC\v815_replication_set\repl0121_face_reshaping.jpg,1,1,face_reshaping,DF40-cdf-pixart,False,Celeb-real_id22_0001_099,0.09491100907325745,0.9050889611244202,0.9999234676361084,0.00776815228164196,0.9997612833976746,0.3813047707080841
repl0122_clean,C:\My_Project\AIGC\v815_replication_set\repl0122_clean.jpg,1,0,none,DF40-cdf-DiT,False,25484,0.08339111506938934,0.9166088700294495,0.9999572038650513,0.0134549830108881,0.9998723268508911,0.1529424637556076
repl0122_smoothing_medium,C:\My_Project\AIGC\v815_replication_set\repl0122_smoothing_medium.jpg,1,1,smoothing_medium,DF40-cdf-DiT,False,25484,0.10786172747612,0.8921383023262024,0.9997851252555847,0.18247899413108826,0.9995743632316589,0.9489604234695435
repl0122_whitening_medium,C:\My_Project\AIGC\v815_replication_set\repl0122_whitening_medium.jpg,1,1,whitening_medium,DF40-cdf-DiT,False,25484,0.0919112041592598,0.908088743686676,0.9999436140060425,0.022752676159143448,0.9998462200164795,0.23152129352092743
repl0122_eye_enlarging,C:\My_Project\AIGC\v815_replication_set\repl0122_eye_enlarging.jpg,1,1,eye_enlarging,DF40-cdf-DiT,False,25484,0.0944962278008461,0.9055038094520569,0.9999425411224365,0.02303455024957657,0.9998408555984497,0.24949872493743896
repl0122_face_reshaping,C:\My_Project\AIGC\v815_replication_set\repl0122_face_reshaping.jpg,1,1,face_reshaping,DF40-cdf-DiT,False,25484,0.09403681755065918,0.905963122844696,0.9999361038208008,0.041017498821020126,0.9998503923416138,0.3662351667881012
repl0123_clean,C:\My_Project\AIGC\v815_replication_set\repl0123_clean.jpg,1,0,none,DF40-cdf-ddim,False,Celeb-real_id46_0001_191,0.14380238950252533,0.8561975955963135,0.99983811378479,0.04557028040289879,0.9996938705444336,0.2564302384853363
repl0123_smoothing_medium,C:\My_Project\AIGC\v815_replication_set\repl0123_smoothing_medium.jpg,1,1,smoothing_medium,DF40-cdf-ddim,False,Celeb-real_id46_0001_191,0.14534491300582886,0.8546550869941711,0.9997972846031189,0.40678760409355164,0.9997228980064392,0.9622964859008789
repl0123_whitening_medium,C:\My_Project\AIGC\v815_replication_set\repl0123_whitening_medium.jpg,1,1,whitening_medium,DF40-cdf-ddim,False,Celeb-real_id46_0001_191,0.1534138172864914,0.8465861678123474,0.9997721314430237,0.05856553092598915,0.9995922446250916,0.31185683608055115
repl0123_eye_enlarging,C:\My_Project\AIGC\v815_replication_set\repl0123_eye_enlarging.jpg,1,1,eye_enlarging,DF40-cdf-ddim,False,Celeb-real_id46_0001_191,0.15006285905838013,0.8499372005462646,0.9997770190238953,0.11162517964839935,0.9996719360351562,0.4021773934364319
repl0123_face_reshaping,C:\My_Project\AIGC\v815_replication_set\repl0123_face_reshaping.jpg,1,1,face_reshaping,DF40-cdf-ddim,False,Celeb-real_id46_0001_191,0.13814885914325714,0.8618512153625488,0.9998323917388916,0.04874774068593979,0.9997084736824036,0.1960298866033554
repl0124_clean,C:\My_Project\AIGC\v815_replication_set\repl0124_clean.jpg,1,0,none,DF40-cdf-sd2.1,False,Celeb-real_id4_0004_127,0.1209515780210495,0.8790484070777893,0.9995995163917542,0.010114563629031181,0.998376727104187,0.1452869176864624
repl0124_smoothing_medium,C:\My_Project\AIGC\v815_replication_set\repl0124_smoothing_medium.jpg,1,1,smoothing_medium,DF40-cdf-sd2.1,False,Celeb-real_id4_0004_127,0.1091277152299881,0.8908722400665283,0.9998201727867126,0.006485028192400932,0.9991501569747925,0.28588804602622986
repl0124_whitening_medium,C:\My_Project\AIGC\v815_replication_set\repl0124_whitening_medium.jpg,1,1,whitening_medium,DF40-cdf-sd2.1,False,Celeb-real_id4_0004_127,0.11741724610328674,0.8825827240943909,0.9996219873428345,0.012746592983603477,0.9985882639884949,0.17161335051059723
repl0124_eye_enlarging,C:\My_Project\AIGC\v815_replication_set\repl0124_eye_enlarging.jpg,1,1,eye_enlarging,DF40-cdf-sd2.1,False,Celeb-real_id4_0004_127,0.11470893770456314,0.8852910399436951,0.9994254112243652,0.01688382774591446,0.9979645013809204,0.1989179402589798
repl0124_face_reshaping,C:\My_Project\AIGC\v815_replication_set\repl0124_face_reshaping.jpg,1,1,face_reshaping,DF40-cdf-sd2.1,False,Celeb-real_id4_0004_127,0.1219380721449852,0.8780619502067566,0.9997127652168274,0.009871911257505417,0.9988957643508911,0.15126103162765503
repl0125_clean,C:\My_Project\AIGC\v815_replication_set\repl0125_clean.jpg,1,0,none,DF40-cdf-pixart,False,YouTube-real_00166_150,0.08412764966487885,0.9158723950386047,0.9999176263809204,0.004924645647406578,0.9996427297592163,0.4119318425655365
repl0125_smoothing_medium,C:\My_Project\AIGC\v815_replication_set\repl0125_smoothing_medium.jpg,1,1,smoothing_medium,DF40-cdf-pixart,False,YouTube-real_00166_150,0.08407077193260193,0.9159291982650757,0.9999005794525146,0.004886634647846222,0.9995563626289368,0.43259596824645996
repl0125_whitening_medium,C:\My_Project\AIGC\v815_replication_set\repl0125_whitening_medium.jpg,1,1,whitening_medium,DF40-cdf-pixart,False,YouTube-real_00166_150,0.07849019765853882,0.9215098023414612,0.999923586845398,0.006558853201568127,0.9996999502182007,0.535710334777832
repl0125_eye_enlarging,C:\My_Project\AIGC\v815_replication_set\repl0125_eye_enlarging.jpg,1,1,eye_enlarging,DF40-cdf-pixart,False,YouTube-real_00166_150,0.08240243792533875,0.9175975322723389,0.9999061822891235,0.006497879512608051,0.9996470212936401,0.45971912145614624
repl0125_face_reshaping,C:\My_Project\AIGC\v815_replication_set\repl0125_face_reshaping.jpg,1,1,face_reshaping,DF40-cdf-pixart,False,YouTube-real_00166_150,0.08444875478744507,0.9155511856079102,0.9999198913574219,0.0042639318853616714,0.9996404647827148,0.38205480575561523
repl0126_clean,C:\My_Project\AIGC\v815_replication_set\repl0126_clean.jpg,1,0,none,DF40-cdf-sd2.1,False,YouTube-real_00141_401,0.11306788772344589,0.8869321942329407,0.999749481678009,0.1463162750005722,0.9996339082717896,0.7142726182937622
repl0126_whitening_medium,C:\My_Project\AIGC\v815_replication_set\repl0126_whitening_medium.jpg,1,1,whitening_medium,DF40-cdf-sd2.1,False,YouTube-real_00141_401,0.09946465492248535,0.9005352854728699,0.9999361038208008,0.03602220490574837,0.9998646974563599,0.5497384667396545
repl0127_clean,C:\My_Project\AIGC\v815_replication_set\repl0127_clean.jpg,1,0,none,DF40-cdf-pixart,False,Celeb-real_id36_0008_268,0.0982854887843132,0.901714563369751,0.9999246597290039,0.007835310883820057,0.9998793601989746,0.1487850844860077
repl0127_smoothing_medium,C:\My_Project\AIGC\v815_replication_set\repl0127_smoothing_medium.jpg,1,1,smoothing_medium,DF40-cdf-pixart,False,Celeb-real_id36_0008_268,0.10240678489208221,0.8975932002067566,0.9999401569366455,0.003860032418742776,0.9998764991760254,0.12682895362377167
repl0127_whitening_medium,C:\My_Project\AIGC\v815_replication_set\repl0127_whitening_medium.jpg,1,1,whitening_medium,DF40-cdf-pixart,False,Celeb-real_id36_0008_268,0.10054584592580795,0.8994541764259338,0.9999444484710693,0.0035697035491466522,0.9998401403427124,0.11442814022302628
repl0127_eye_enlarging,C:\My_Project\AIGC\v815_replication_set\repl0127_eye_enlarging.jpg,1,1,eye_enlarging,DF40-cdf-pixart,False,Celeb-real_id36_0008_268,0.10238855332136154,0.8976114392280579,0.9998819828033447,0.013847536407411098,0.9998517036437988,0.15685215592384338
repl0127_face_reshaping,C:\My_Project\AIGC\v815_replication_set\repl0127_face_reshaping.jpg,1,1,face_reshaping,DF40-cdf-pixart,False,Celeb-real_id36_0008_268,0.09842619299888611,0.9015738368034363,0.9999328851699829,0.008299620822072029,0.9998983144760132,0.15399231016635895
repl0128_clean,C:\My_Project\AIGC\v815_replication_set\repl0128_clean.jpg,1,0,none,DF40-cdf-SiT,False,20843,0.1338489055633545,0.8661510348320007,0.9995829463005066,0.10502263158559799,0.9992247819900513,0.23523648083209991
repl0128_smoothing_medium,C:\My_Project\AIGC\v815_replication_set\repl0128_smoothing_medium.jpg,1,1,smoothing_medium,DF40-cdf-SiT,False,20843,0.12976765632629395,0.870232343673706,0.998207688331604,0.9741776585578918,0.9992668032646179,0.9874795079231262
repl0128_whitening_medium,C:\My_Project\AIGC\v815_replication_set\repl0128_whitening_medium.jpg,1,1,whitening_medium,DF40-cdf-SiT,False,20843,0.1360505074262619,0.8639494776725769,0.9993788003921509,0.1397121399641037,0.99893718957901,0.3314240276813507
repl0128_eye_enlarging,C:\My_Project\AIGC\v815_replication_set\repl0128_eye_enlarging.jpg,1,1,eye_enlarging,DF40-cdf-SiT,False,20843,0.1417682021856308,0.858231782913208,0.9994775652885437,0.15083810687065125,0.9991540908813477,0.31205713748931885
repl0128_face_reshaping,C:\My_Project\AIGC\v815_replication_set\repl0128_face_reshaping.jpg,1,1,face_reshaping,DF40-cdf-SiT,False,20843,0.14598779380321503,0.8540121912956238,0.9993112087249756,0.24118158221244812,0.9990285634994507,0.4700021743774414
repl0129_clean,C:\My_Project\AIGC\v815_replication_set\repl0129_clean.jpg,1,0,none,DF40-cdf-sd2.1,False,YouTube-real_00090_321,0.10288213938474655,0.8971178531646729,0.9998347759246826,0.0041084387339651585,0.9989545345306396,0.1883922964334488
repl0129_smoothing_medium,C:\My_Project\AIGC\v815_replication_set\repl0129_smoothing_medium.jpg,1,1,smoothing_medium,DF40-cdf-sd2.1,False,YouTube-real_00090_321,0.10871205478906631,0.8912879824638367,0.9997870326042175,0.0030699772760272026,0.9983394145965576,0.26152077317237854
repl0129_whitening_medium,C:\My_Project\AIGC\v815_replication_set\repl0129_whitening_medium.jpg,1,1,whitening_medium,DF40-cdf-sd2.1,False,YouTube-real_00090_321,0.10590492188930511,0.8940950632095337,0.9998663663864136,0.003679560963064432,0.9991042017936707,0.19149677455425262
repl0129_eye_enlarging,C:\My_Project\AIGC\v815_replication_set\repl0129_eye_enlarging.jpg,1,1,eye_enlarging,DF40-cdf-sd2.1,False,YouTube-real_00090_321,0.10410936176776886,0.8958905935287476,0.9998462200164795,0.003867832710966468,0.9990208148956299,0.17902594804763794
repl0129_face_reshaping,C:\My_Project\AIGC\v815_replication_set\repl0129_face_reshaping.jpg,1,1,face_reshaping,DF40-cdf-sd2.1,False,YouTube-real_00090_321,0.10311594605445862,0.8968840837478638,0.9998477697372437,0.00406751548871398,0.9990047812461853,0.2101718634366989
repl0130_clean,C:\My_Project\AIGC\v815_replication_set\repl0130_clean.jpg,1,0,none,DF40-cdf-DiT,False,12652,0.13609199225902557,0.8639079928398132,0.999714195728302,0.03533829003572464,0.9993616938591003,0.2161780297756195
repl0130_smoothing_medium,C:\My_Project\AIGC\v815_replication_set\repl0130_smoothing_medium.jpg,1,1,smoothing_medium,DF40-cdf-DiT,False,12652,0.1314048171043396,0.8685951828956604,0.9992642998695374,0.44548019766807556,0.9990912675857544,0.9416012763977051
repl0130_whitening_medium,C:\My_Project\AIGC\v815_replication_set\repl0130_whitening_medium.jpg,1,1,whitening_medium,DF40-cdf-DiT,False,12652,0.143685445189476,0.8563145399093628,0.9996834993362427,0.03325049579143524,0.9992744326591492,0.22844526171684265
repl0130_eye_enlarging,C:\My_Project\AIGC\v815_replication_set\repl0130_eye_enlarging.jpg,1,1,eye_enlarging,DF40-cdf-DiT,False,12652,0.14003805816173553,0.8599619269371033,0.9997103810310364,0.029593219980597496,0.9992861151695251,0.2264856994152069
repl0130_face_reshaping,C:\My_Project\AIGC\v815_replication_set\repl0130_face_reshaping.jpg,1,1,face_reshaping,DF40-cdf-DiT,False,12652,0.14156261086463928,0.8584373593330383,0.9997286200523376,0.043032094836235046,0.9994600415229797,0.310379296541214
repl0131_clean,C:\My_Project\AIGC\v815_replication_set\repl0131_clean.jpg,1,0,none,DF40-cdf-sd2.1,False,Celeb-real_id31_0008_311,0.12856951355934143,0.871430516242981,0.9985091090202332,0.031092794612050056,0.995542585849762,0.3425518274307251
repl0131_smoothing_medium,C:\My_Project\AIGC\v815_replication_set\repl0131_smoothing_medium.jpg,1,1,smoothing_medium,DF40-cdf-sd2.1,False,Celeb-real_id31_0008_311,0.12092623114585876,0.8790737390518188,0.9981353282928467,0.0196437556296587,0.9947810769081116,0.2637053430080414
repl0131_whitening_medium,C:\My_Project\AIGC\v815_replication_set\repl0131_whitening_medium.jpg,1,1,whitening_medium,DF40-cdf-sd2.1,False,Celeb-real_id31_0008_311,0.12201003730297089,0.8779900074005127,0.9991076588630676,0.029669754207134247,0.9973540306091309,0.35737958550453186
repl0131_eye_enlarging,C:\My_Project\AIGC\v815_replication_set\repl0131_eye_enlarging.jpg,1,1,eye_enlarging,DF40-cdf-sd2.1,False,Celeb-real_id31_0008_311,0.1281960904598236,0.8718039393424988,0.9991607666015625,0.02270597778260708,0.9974921941757202,0.33365434408187866
repl0131_face_reshaping,C:\My_Project\AIGC\v815_replication_set\repl0131_face_reshaping.jpg,1,1,face_reshaping,DF40-cdf-sd2.1,False,Celeb-real_id31_0008_311,0.12837092578411102,0.8716290593147278,0.9987348914146423,0.026892879977822304,0.9960173964500427,0.3107912540435791
repl0132_clean,C:\My_Project\AIGC\v815_replication_set\repl0132_clean.jpg,1,0,none,DF40-cdf-ddim,False,Celeb-real_id33_0001_143,0.11695738881826401,0.883042573928833,0.9998552799224854,0.2930685579776764,0.9998623132705688,0.7923066020011902
repl0132_smoothing_medium,C:\My_Project\AIGC\v815_replication_set\repl0132_smoothing_medium.jpg,1,1,smoothing_medium,DF40-cdf-ddim,False,Celeb-real_id33_0001_143,0.11449836194515228,0.8855016827583313,0.9998338222503662,0.5800325274467468,0.9998069405555725,0.9452595710754395
repl0132_whitening_medium,C:\My_Project\AIGC\v815_replication_set\repl0132_whitening_medium.jpg,1,1,whitening_medium,DF40-cdf-ddim,False,Celeb-real_id33_0001_143,0.1218736320734024,0.8781263828277588,0.9998328685760498,0.25110676884651184,0.9998167157173157,0.8030522465705872
repl0132_eye_enlarging,C:\My_Project\AIGC\v815_replication_set\repl0132_eye_enlarging.jpg,1,1,eye_enlarging,DF40-cdf-ddim,False,Celeb-real_id33_0001_143,0.11674171686172485,0.8832582831382751,0.999806821346283,0.5073203444480896,0.9998296499252319,0.9144726991653442
repl0132_face_reshaping,C:\My_Project\AIGC\v815_replication_set\repl0132_face_reshaping.jpg,1,1,face_reshaping,DF40-cdf-ddim,False,Celeb-real_id33_0001_143,0.11258460581302643,0.88741534948349,0.9998626708984375,0.3443117141723633,0.9998655319213867,0.8005353808403015
repl0133_clean,C:\My_Project\AIGC\v815_replication_set\repl0133_clean.jpg,1,0,none,DF40-cdf-SiT,False,22896,0.11073895543813705,0.8892610669136047,0.9998952150344849,0.0114206587895751,0.9996790885925293,0.1990334689617157
repl0133_smoothing_medium,C:\My_Project\AIGC\v815_replication_set\repl0133_smoothing_medium.jpg,1,1,smoothing_medium,DF40-cdf-SiT,False,22896,0.1045151799917221,0.8954848051071167,0.9997939467430115,0.03245352953672409,0.9994829893112183,0.7178190350532532
repl0133_whitening_medium,C:\My_Project\AIGC\v815_replication_set\repl0133_whitening_medium.jpg,1,1,whitening_medium,DF40-cdf-SiT,False,22896,0.1131022721529007,0.8868977427482605,0.9998586177825928,0.010163947008550167,0.9994915723800659,0.24837563931941986
repl0133_eye_enlarging,C:\My_Project\AIGC\v815_replication_set\repl0133_eye_enlarging.jpg,1,1,eye_enlarging,DF40-cdf-SiT,False,22896,0.11153870075941086,0.8884612917900085,0.999896764755249,0.010501828044652939,0.9996843338012695,0.19738057255744934
repl0133_face_reshaping,C:\My_Project\AIGC\v815_replication_set\repl0133_face_reshaping.jpg,1,1,face_reshaping,DF40-cdf-SiT,False,22896,0.10185907036066055,0.8981409668922424,0.9999172687530518,0.011974719353020191,0.9997712969779968,0.18272916972637177
repl0134_clean,C:\My_Project\AIGC\v815_replication_set\repl0134_clean.jpg,1,0,none,DF40-cdf-SiT,False,372,0.09611217677593231,0.9038878679275513,0.9998630285263062,0.02961704321205616,0.9996316432952881,0.39732325077056885
repl0134_smoothing_medium,C:\My_Project\AIGC\v815_replication_set\repl0134_smoothing_medium.jpg,1,1,smoothing_medium,DF40-cdf-SiT,False,372,0.11724337190389633,0.8827565908432007,0.9996740818023682,0.10140214115381241,0.9992446899414062,0.9257099032402039
repl0134_whitening_medium,C:\My_Project\AIGC\v815_replication_set\repl0134_whitening_medium.jpg,1,1,whitening_medium,DF40-cdf-SiT,False,372,0.10071639716625214,0.8992835879325867,0.9997524619102478,0.04864132031798363,0.9993269443511963,0.5364992022514343
repl0134_eye_enlarging,C:\My_Project\AIGC\v815_replication_set\repl0134_eye_enlarging.jpg,1,1,eye_enlarging,DF40-cdf-SiT,False,372,0.10696503520011902,0.8930349946022034,0.9997956156730652,0.03623016178607941,0.9994198083877563,0.5384013652801514
repl0134_face_reshaping,C:\My_Project\AIGC\v815_replication_set\repl0134_face_reshaping.jpg,1,1,face_reshaping,DF40-cdf-SiT,False,372,0.10680478066205978,0.8931952118873596,0.9997783303260803,0.04842614755034447,0.9994365572929382,0.5911149382591248
repl0135_clean,C:\My_Project\AIGC\v815_replication_set\repl0135_clean.jpg,1,0,none,DF40-cdf-SiT,False,3972,0.11320514976978302,0.886794924736023,0.9995664954185486,0.05649735406041145,0.9989388585090637,0.4438856542110443
repl0135_smoothing_medium,C:\My_Project\AIGC\v815_replication_set\repl0135_smoothing_medium.jpg,1,1,smoothing_medium,DF40-cdf-SiT,False,3972,0.11113802343606949,0.8888619542121887,0.9998781681060791,0.0904015302658081,0.999762237071991,0.8258082270622253
repl0135_whitening_medium,C:\My_Project\AIGC\v815_replication_set\repl0135_whitening_medium.jpg,1,1,whitening_medium,DF40-cdf-SiT,False,3972,0.10543232411146164,0.8945676684379578,0.9998090863227844,0.04146143049001694,0.9995773434638977,0.35748979449272156
repl0135_eye_enlarging,C:\My_Project\AIGC\v815_replication_set\repl0135_eye_enlarging.jpg,1,1,eye_enlarging,DF40-cdf-SiT,False,3972,0.11213202029466629,0.8878679871559143,0.9995297193527222,0.06544675678014755,0.9988870024681091,0.45215991139411926
repl0135_face_reshaping,C:\My_Project\AIGC\v815_replication_set\repl0135_face_reshaping.jpg,1,1,face_reshaping,DF40-cdf-SiT,False,3972,0.10767803341150284,0.8923219442367554,0.9997727274894714,0.038655977696180344,0.9993649125099182,0.48141276836395264
repl0136_clean,C:\My_Project\AIGC\v815_replication_set\repl0136_clean.jpg,1,0,none,DF40-cdf-sd2.1,False,Celeb-real_id33_0003_189,0.11068969964981079,0.8893103003501892,0.9997568726539612,0.05792248621582985,0.999565064907074,0.36275866627693176
repl0136_smoothing_medium,C:\My_Project\AIGC\v815_replication_set\repl0136_smoothing_medium.jpg,1,1,smoothing_medium,DF40-cdf-sd2.1,False,Celeb-real_id33_0003_189,0.11036141216754913,0.8896386027336121,0.9998581409454346,0.005948321893811226,0.9992328882217407,0.44788965582847595
repl0136_whitening_medium,C:\My_Project\AIGC\v815_replication_set\repl0136_whitening_medium.jpg,1,1,whitening_medium,DF40-cdf-sd2.1,False,Celeb-real_id33_0003_189,0.12803436815738678,0.8719656467437744,0.9998337030410767,0.028859315440058708,0.9995885491371155,0.37236031889915466
repl0136_eye_enlarging,C:\My_Project\AIGC\v815_replication_set\repl0136_eye_enlarging.jpg,1,1,eye_enlarging,DF40-cdf-sd2.1,False,Celeb-real_id33_0003_189,0.11838910728693008,0.8816109299659729,0.999733030796051,0.0678253248333931,0.9995477795600891,0.38700178265571594
repl0136_face_reshaping,C:\My_Project\AIGC\v815_replication_set\repl0136_face_reshaping.jpg,1,1,face_reshaping,DF40-cdf-sd2.1,False,Celeb-real_id33_0003_189,0.10761505365371704,0.8923850059509277,0.9997904896736145,0.04885213077068329,0.9996086955070496,0.3706788718700409
repl0137_clean,C:\My_Project\AIGC\v815_replication_set\repl0137_clean.jpg,1,0,none,DF40-cdf-ddim,False,YouTube-real_00294_064,0.13864204287528992,0.8613579273223877,0.9998503923416138,0.09641382098197937,0.9998363256454468,0.2417500764131546
repl0137_smoothing_medium,C:\My_Project\AIGC\v815_replication_set\repl0137_smoothing_medium.jpg,1,1,smoothing_medium,DF40-cdf-ddim,False,YouTube-real_00294_064,0.13354630768299103,0.8664537072181702,0.9998451471328735,0.4134894609451294,0.9998459815979004,0.8727497458457947
repl0137_whitening_medium,C:\My_Project\AIGC\v815_replication_set\repl0137_whitening_medium.jpg,1,1,whitening_medium,DF40-cdf-ddim,False,YouTube-real_00294_064,0.13230860233306885,0.8676913976669312,0.9998779296875,0.06127673014998436,0.9998341798782349,0.26615071296691895
repl0137_eye_enlarging,C:\My_Project\AIGC\v815_replication_set\repl0137_eye_enlarging.jpg,1,1,eye_enlarging,DF40-cdf-ddim,False,YouTube-real_00294_064,0.14061753451824188,0.8593825101852417,0.9998194575309753,0.17798709869384766,0.9998281002044678,0.3902219831943512
repl0137_face_reshaping,C:\My_Project\AIGC\v815_replication_set\repl0137_face_reshaping.jpg,1,1,face_reshaping,DF40-cdf-ddim,False,YouTube-real_00294_064,0.13910011947155,0.860899806022644,0.9998119473457336,0.14590223133563995,0.9998077750205994,0.39668166637420654
repl0138_clean,C:\My_Project\AIGC\v815_replication_set\repl0138_clean.jpg,1,0,none,DF40-cdf-SiT,False,5732,0.08930014818906784,0.9106999039649963,0.9998959302902222,0.025089869275689125,0.9996902942657471,0.42284929752349854
repl0138_smoothing_medium,C:\My_Project\AIGC\v815_replication_set\repl0138_smoothing_medium.jpg,1,1,smoothing_medium,DF40-cdf-SiT,False,5732,0.09707220643758774,0.9029277563095093,0.9996694326400757,0.2510608434677124,0.9994499087333679,0.9250523447990417
repl0138_whitening_medium,C:\My_Project\AIGC\v815_replication_set\repl0138_whitening_medium.jpg,1,1,whitening_medium,DF40-cdf-SiT,False,5732,0.08502686023712158,0.9149731397628784,0.9998525381088257,0.026881912723183632,0.9995323419570923,0.3960582911968231
repl0138_eye_enlarging,C:\My_Project\AIGC\v815_replication_set\repl0138_eye_enlarging.jpg,1,1,eye_enlarging,DF40-cdf-SiT,False,5732,0.091389000415802,0.9086110591888428,0.9998756647109985,0.04123973473906517,0.9996870756149292,0.48551231622695923
repl0138_face_reshaping,C:\My_Project\AIGC\v815_replication_set\repl0138_face_reshaping.jpg,1,1,face_reshaping,DF40-cdf-SiT,False,5732,0.08681998401880264,0.9131800532341003,0.9997853636741638,0.04859146475791931,0.999441921710968,0.5541333556175232
repl0139_clean,C:\My_Project\AIGC\v815_replication_set\repl0139_clean.jpg,1,0,none,DF40-cdf-ddim,False,Celeb-real_id37_0004_357,0.1489187479019165,0.8510811924934387,0.999525785446167,0.454329252243042,0.9995163679122925,0.4973086416721344
repl0139_smoothing_medium,C:\My_Project\AIGC\v815_replication_set\repl0139_smoothing_medium.jpg,1,1,smoothing_medium,DF40-cdf-ddim,False,Celeb-real_id37_0004_357,0.128335103392601,0.8716648817062378,0.9988904595375061,0.9777550101280212,0.9995625615119934,0.991496205329895
repl0139_whitening_medium,C:\My_Project\AIGC\v815_replication_set\repl0139_whitening_medium.jpg,1,1,whitening_medium,DF40-cdf-ddim,False,Celeb-real_id37_0004_357,0.1673920750617981,0.8326079249382019,0.9995844960212708,0.3067309558391571,0.9995179176330566,0.36220934987068176
repl0139_eye_enlarging,C:\My_Project\AIGC\v815_replication_set\repl0139_eye_enlarging.jpg,1,1,eye_enlarging,DF40-cdf-ddim,False,Celeb-real_id37_0004_357,0.15119867026805878,0.8488012552261353,0.9994373917579651,0.5648773312568665,0.9994853734970093,0.5515059232711792
repl0139_face_reshaping,C:\My_Project\AIGC\v815_replication_set\repl0139_face_reshaping.jpg,1,1,face_reshaping,DF40-cdf-ddim,False,Celeb-real_id37_0004_357,0.13602931797504425,0.8639706373214722,0.9995889067649841,0.39068979024887085,0.9995589852333069,0.4399312734603882
repl0140_clean,C:\My_Project\AIGC\v815_replication_set\repl0140_clean.jpg,1,0,none,DF40-cdf-DiT,False,23157,0.12273136526346207,0.8772686719894409,0.9996659755706787,0.18173618614673615,0.9994866847991943,0.4211014211177826
repl0140_smoothing_medium,C:\My_Project\AIGC\v815_replication_set\repl0140_smoothing_medium.jpg,1,1,smoothing_medium,DF40-cdf-DiT,False,23157,0.10753262788057327,0.8924673795700073,0.9995255470275879,0.8847649693489075,0.9996718168258667,0.9730037450790405
repl0140_whitening_medium,C:\My_Project\AIGC\v815_replication_set\repl0140_whitening_medium.jpg,1,1,whitening_medium,DF40-cdf-DiT,False,23157,0.11909577995538712,0.8809042572975159,0.9996848106384277,0.20360252261161804,0.9995712637901306,0.45880594849586487
repl0140_eye_enlarging,C:\My_Project\AIGC\v815_replication_set\repl0140_eye_enlarging.jpg,1,1,eye_enlarging,DF40-cdf-DiT,False,23157,0.1409175544977188,0.8590824604034424,0.9993253946304321,0.2570033073425293,0.9990198612213135,0.48570516705513
repl0140_face_reshaping,C:\My_Project\AIGC\v815_replication_set\repl0140_face_reshaping.jpg,1,1,face_reshaping,DF40-cdf-DiT,False,23157,0.13174401223659515,0.8682559728622437,0.9989722967147827,0.39275145530700684,0.9987651109695435,0.7083653807640076
repl0141_clean,C:\My_Project\AIGC\v815_replication_set\repl0141_clean.jpg,1,0,none,DF40-cdf-sd2.1,False,YouTube-real_00170_347,0.12009455263614655,0.8799054026603699,0.999940037727356,0.007796070538461208,0.9998094439506531,0.31703636050224304
repl0141_smoothing_medium,C:\My_Project\AIGC\v815_replication_set\repl0141_smoothing_medium.jpg,1,1,smoothing_medium,DF40-cdf-sd2.1,False,YouTube-real_00170_347,0.1259823590517044,0.8740176558494568,0.9999657869338989,0.005077480338513851,0.9998772144317627,0.378688782453537
repl0141_whitening_medium,C:\My_Project\AIGC\v815_replication_set\repl0141_whitening_medium.jpg,1,1,whitening_medium,DF40-cdf-sd2.1,False,YouTube-real_00170_347,0.12759728729724884,0.8724027872085571,0.9999294281005859,0.00651883240789175,0.9997557997703552,0.2523038685321808
repl0141_eye_enlarging,C:\My_Project\AIGC\v815_replication_set\repl0141_eye_enlarging.jpg,1,1,eye_enlarging,DF40-cdf-sd2.1,False,YouTube-real_00170_347,0.12272349745035172,0.8772764801979065,0.9999456405639648,0.007892428897321224,0.9998307228088379,0.31500980257987976
repl0141_face_reshaping,C:\My_Project\AIGC\v815_replication_set\repl0141_face_reshaping.jpg,1,1,face_reshaping,DF40-cdf-sd2.1,False,YouTube-real_00170_347,0.1176290437579155,0.8823709487915039,0.999946117401123,0.007650380022823811,0.9998337030410767,0.3092917799949646
repl0142_clean,C:\My_Project\AIGC\v815_replication_set\repl0142_clean.jpg,1,0,none,DF40-cdf-SiT,False,21478,0.1243564784526825,0.8756434917449951,0.9998219609260559,0.09606999158859253,0.999683141708374,0.5139299035072327
repl0142_smoothing_medium,C:\My_Project\AIGC\v815_replication_set\repl0142_smoothing_medium.jpg,1,1,smoothing_medium,DF40-cdf-SiT,False,21478,0.12499464303255081,0.8750053644180298,0.9994485974311829,0.3518497049808502,0.9991878867149353,0.96209317445755
repl0142_whitening_medium,C:\My_Project\AIGC\v815_replication_set\repl0142_whitening_medium.jpg,1,1,whitening_medium,DF40-cdf-SiT,False,21478,0.13725213706493378,0.862747848033905,0.9998949766159058,0.07294195145368576,0.9997718930244446,0.5485638976097107
repl0142_eye_enlarging,C:\My_Project\AIGC\v815_replication_set\repl0142_eye_enlarging.jpg,1,1,eye_enlarging,DF40-cdf-SiT,False,21478,0.12777219712734222,0.8722277879714966,0.9997314810752869,0.14702287316322327,0.9995817542076111,0.6070970296859741
repl0142_face_reshaping,C:\My_Project\AIGC\v815_replication_set\repl0142_face_reshaping.jpg,1,1,face_reshaping,DF40-cdf-SiT,False,21478,0.12675245106220245,0.8732475638389587,0.9997856020927429,0.13134317100048065,0.9996187686920166,0.7169901132583618
repl0143_clean,C:\My_Project\AIGC\v815_replication_set\repl0143_clean.jpg,1,0,none,DF40-cdf-DiT,False,14634,0.13962914049625397,0.8603708744049072,0.9998394250869751,0.028564535081386566,0.9996199607849121,0.14687472581863403
repl0143_smoothing_medium,C:\My_Project\AIGC\v815_replication_set\repl0143_smoothing_medium.jpg,1,1,smoothing_medium,DF40-cdf-DiT,False,14634,0.12353309988975525,0.8764669299125671,0.9997386336326599,0.20370788872241974,0.9996306896209717,0.8546817302703857
repl0143_whitening_medium,C:\My_Project\AIGC\v815_replication_set\repl0143_whitening_medium.jpg,1,1,whitening_medium,DF40-cdf-DiT,False,14634,0.17606885731220245,0.8239311575889587,0.9998438358306885,0.013746406883001328,0.9995312690734863,0.0957380160689354
repl0143_eye_enlarging,C:\My_Project\AIGC\v815_replication_set\repl0143_eye_enlarging.jpg,1,1,eye_enlarging,DF40-cdf-DiT,False,14634,0.14429977536201477,0.8557001948356628,0.9997162222862244,0.03989020735025406,0.9993256330490112,0.19005079567432404
repl0143_face_reshaping,C:\My_Project\AIGC\v815_replication_set\repl0143_face_reshaping.jpg,1,1,face_reshaping,DF40-cdf-DiT,False,14634,0.1306682974100113,0.8693317174911499,0.9998175501823425,0.05259466916322708,0.9996242523193359,0.2855876386165619
repl0144_clean,C:\My_Project\AIGC\v815_replication_set\repl0144_clean.jpg,1,0,none,DF40-cdf-ddim,False,Celeb-real_id50_0001_086,0.12768779695034027,0.8723122477531433,0.9996939897537231,0.5834378004074097,0.9998260140419006,0.7604525089263916
repl0144_smoothing_medium,C:\My_Project\AIGC\v815_replication_set\repl0144_smoothing_medium.jpg,1,1,smoothing_medium,DF40-cdf-ddim,False,Celeb-real_id50_0001_086,0.11834847182035446,0.8816514611244202,0.9995150566101074,0.957101583480835,0.999755322933197,0.9907007217407227
repl0144_whitening_medium,C:\My_Project\AIGC\v815_replication_set\repl0144_whitening_medium.jpg,1,1,whitening_medium,DF40-cdf-ddim,False,Celeb-real_id50_0001_086,0.13203290104866028,0.8679671287536621,0.9997772574424744,0.4110304117202759,0.999832034111023,0.6411004066467285
repl0144_eye_enlarging,C:\My_Project\AIGC\v815_replication_set\repl0144_eye_enlarging.jpg,1,1,eye_enlarging,DF40-cdf-ddim,False,Celeb-real_id50_0001_086,0.1308400183916092,0.869159996509552,0.9996217489242554,0.6981204748153687,0.9997715353965759,0.8058696389198303
repl0144_face_reshaping,C:\My_Project\AIGC\v815_replication_set\repl0144_face_reshaping.jpg,1,1,face_reshaping,DF40-cdf-ddim,False,Celeb-real_id50_0001_086,0.13885240256786346,0.8611476421356201,0.9996746778488159,0.7161918878555298,0.9998087286949158,0.8511232137680054
repl0145_clean,C:\My_Project\AIGC\v815_replication_set\repl0145_clean.jpg,1,0,none,DF40-cdf-pixart,False,Celeb-real_id52_0006_190,0.07976636290550232,0.9202336668968201,0.9999759197235107,0.003663684008643031,0.9999334812164307,0.29651033878326416
repl0145_smoothing_medium,C:\My_Project\AIGC\v815_replication_set\repl0145_smoothing_medium.jpg,1,1,smoothing_medium,DF40-cdf-pixart,False,Celeb-real_id52_0006_190,0.08244453370571136,0.9175555109977722,0.9999791383743286,0.0026940652169287205,0.9999396800994873,0.2553788125514984
repl0145_whitening_medium,C:\My_Project\AIGC\v815_replication_set\repl0145_whitening_medium.jpg,1,1,whitening_medium,DF40-cdf-pixart,False,Celeb-real_id52_0006_190,0.07726030051708221,0.9227396845817566,0.9999783039093018,0.003096710192039609,0.9999284744262695,0.3349853754043579
repl0145_eye_enlarging,C:\My_Project\AIGC\v815_replication_set\repl0145_eye_enlarging.jpg,1,1,eye_enlarging,DF40-cdf-pixart,False,Celeb-real_id52_0006_190,0.07590425759553909,0.9240956902503967,0.9999771118164062,0.004713863600045443,0.999940037727356,0.3712504208087921
repl0145_face_reshaping,C:\My_Project\AIGC\v815_replication_set\repl0145_face_reshaping.jpg,1,1,face_reshaping,DF40-cdf-pixart,False,Celeb-real_id52_0006_190,0.0801638662815094,0.9198361039161682,0.9999772310256958,0.0038860375061631203,0.9999428987503052,0.28105324506759644
repl0146_clean,C:\My_Project\AIGC\v815_replication_set\repl0146_clean.jpg,1,0,none,DF40-cdf-SiT,False,24419,0.09895894676446915,0.9010410308837891,0.9998527765274048,0.05398775637149811,0.9996529817581177,0.44290387630462646
repl0146_smoothing_medium,C:\My_Project\AIGC\v815_replication_set\repl0146_smoothing_medium.jpg,1,1,smoothing_medium,DF40-cdf-SiT,False,24419,0.11514291167259216,0.8848570585250854,0.9991900324821472,0.10107018798589706,0.9979432225227356,0.863578200340271
repl0146_whitening_medium,C:\My_Project\AIGC\v815_replication_set\repl0146_whitening_medium.jpg,1,1,whitening_medium,DF40-cdf-SiT,False,24419,0.10588880628347397,0.894111156463623,0.9999088048934937,0.030981285497546196,0.999738872051239,0.38476428389549255
repl0146_eye_enlarging,C:\My_Project\AIGC\v815_replication_set\repl0146_eye_enlarging.jpg,1,1,eye_enlarging,DF40-cdf-SiT,False,24419,0.10253302752971649,0.8974670171737671,0.9997982382774353,0.05275356024503708,0.9995228052139282,0.43460506200790405
repl0146_face_reshaping,C:\My_Project\AIGC\v815_replication_set\repl0146_face_reshaping.jpg,1,1,face_reshaping,DF40-cdf-SiT,False,24419,0.10595136135816574,0.8940486311912537,0.9998766183853149,0.070526123046875,0.999721109867096,0.521350085735321
repl0147_clean,C:\My_Project\AIGC\v815_replication_set\repl0147_clean.jpg,1,0,none,DF40-cdf-pixart,False,Celeb-real_id5_0000_078,0.09057192504405975,0.909428060054779,0.9999382495880127,0.0038997777737677097,0.9997567534446716,0.24249008297920227
repl0147_smoothing_medium,C:\My_Project\AIGC\v815_replication_set\repl0147_smoothing_medium.jpg,1,1,smoothing_medium,DF40-cdf-pixart,False,Celeb-real_id5_0000_078,0.0980040580034256,0.9019958972930908,0.9999322891235352,0.003421151079237461,0.9997242093086243,0.2315322756767273
repl0147_whitening_medium,C:\My_Project\AIGC\v815_replication_set\repl0147_whitening_medium.jpg,1,1,whitening_medium,DF40-cdf-pixart,False,Celeb-real_id5_0000_078,0.08704563975334167,0.9129543304443359,0.9999548196792603,0.004167831037193537,0.9997994303703308,0.36435315012931824
repl0147_eye_enlarging,C:\My_Project\AIGC\v815_replication_set\repl0147_eye_enlarging.jpg,1,1,eye_enlarging,DF40-cdf-pixart,False,Celeb-real_id5_0000_078,0.09099211543798447,0.9090078473091125,0.9999529123306274,0.0033972531091421843,0.9998168349266052,0.2346295267343521
repl0147_face_reshaping,C:\My_Project\AIGC\v815_replication_set\repl0147_face_reshaping.jpg,1,1,face_reshaping,DF40-cdf-pixart,False,Celeb-real_id5_0000_078,0.09033196419477463,0.9096680879592896,0.9999521970748901,0.0033008859027177095,0.9998158812522888,0.23186755180358887
repl0148_clean,C:\My_Project\AIGC\v815_replication_set\repl0148_clean.jpg,1,0,none,DF40-cdf-pixart,False,YouTube-real_00103_167,0.06991750001907349,0.9300825595855713,0.9998747110366821,0.09864773601293564,0.9998806715011597,0.5415388345718384
repl0148_smoothing_medium,C:\My_Project\AIGC\v815_replication_set\repl0148_smoothing_medium.jpg,1,1,smoothing_medium,DF40-cdf-pixart,False,YouTube-real_00103_167,0.0755743607878685,0.9244256615638733,0.9999014139175415,0.07405418902635574,0.9998997449874878,0.5175261497497559
repl0148_whitening_medium,C:\My_Project\AIGC\v815_replication_set\repl0148_whitening_medium.jpg,1,1,whitening_medium,DF40-cdf-pixart,False,YouTube-real_00103_167,0.06394276767969131,0.9360572099685669,0.9999191761016846,0.08370327204465866,0.9999206066131592,0.5600202083587646
repl0148_eye_enlarging,C:\My_Project\AIGC\v815_replication_set\repl0148_eye_enlarging.jpg,1,1,eye_enlarging,DF40-cdf-pixart,False,YouTube-real_00103_167,0.06915067136287689,0.9308492541313171,0.999880313873291,0.12603220343589783,0.9998902082443237,0.6270848512649536
repl0148_face_reshaping,C:\My_Project\AIGC\v815_replication_set\repl0148_face_reshaping.jpg,1,1,face_reshaping,DF40-cdf-pixart,False,YouTube-real_00103_167,0.07024480402469635,0.9297551512718201,0.9999046325683594,0.0929531678557396,0.9999101161956787,0.5501857399940491
repl0149_clean,C:\My_Project\AIGC\v815_replication_set\repl0149_clean.jpg,1,0,none,DF40-cdf-SiT,False,25597,0.11792126297950745,0.8820787668228149,0.9997078776359558,0.014103267341852188,0.9989055395126343,0.14090342819690704
repl0149_smoothing_medium,C:\My_Project\AIGC\v815_replication_set\repl0149_smoothing_medium.jpg,1,1,smoothing_medium,DF40-cdf-SiT,False,25597,0.12091849744319916,0.8790814876556396,0.9993559718132019,0.023167790845036507,0.9973004460334778,0.5929527878761292
repl0149_whitening_medium,C:\My_Project\AIGC\v815_replication_set\repl0149_whitening_medium.jpg,1,1,whitening_medium,DF40-cdf-SiT,False,25597,0.1192118301987648,0.8807881474494934,0.9998193383216858,0.010510066524147987,0.9992777705192566,0.16984660923480988
repl0149_eye_enlarging,C:\My_Project\AIGC\v815_replication_set\repl0149_eye_enlarging.jpg,1,1,eye_enlarging,DF40-cdf-SiT,False,25597,0.11639099568128586,0.8836090564727783,0.9996354579925537,0.017737479880452156,0.9987381100654602,0.15064893662929535
repl0149_face_reshaping,C:\My_Project\AIGC\v815_replication_set\repl0149_face_reshaping.jpg,1,1,face_reshaping,DF40-cdf-SiT,False,25597,0.11212459951639175,0.8878754377365112,0.9998173117637634,0.014681600965559483,0.9993307590484619,0.1599656343460083
repl0150_clean,C:\My_Project\AIGC\v815_replication_set\repl0150_clean.jpg,1,0,none,DF40-cdf-pixart,False,Celeb-real_id22_0005_328,0.08432251214981079,0.915677547454834,0.9994458556175232,0.04156096652150154,0.9987829327583313,0.4871978759765625
repl0150_smoothing_medium,C:\My_Project\AIGC\v815_replication_set\repl0150_smoothing_medium.jpg,1,1,smoothing_medium,DF40-cdf-pixart,False,Celeb-real_id22_0005_328,0.09308630228042603,0.906913697719574,0.9998003840446472,0.01658736541867256,0.9995218515396118,0.3781023323535919
repl0150_whitening_medium,C:\My_Project\AIGC\v815_replication_set\repl0150_whitening_medium.jpg,1,1,whitening_medium,DF40-cdf-pixart,False,Celeb-real_id22_0005_328,0.07834698259830475,0.9216529726982117,0.9995867609977722,0.02810543403029442,0.999115526676178,0.39928361773490906
repl0150_eye_enlarging,C:\My_Project\AIGC\v815_replication_set\repl0150_eye_enlarging.jpg,1,1,eye_enlarging,DF40-cdf-pixart,False,Celeb-real_id22_0005_328,0.08229758590459824,0.9177024364471436,0.999467670917511,0.04219331964850426,0.9988447427749634,0.5047757625579834
repl0150_face_reshaping,C:\My_Project\AIGC\v815_replication_set\repl0150_face_reshaping.jpg,1,1,face_reshaping,DF40-cdf-pixart,False,Celeb-real_id22_0005_328,0.08422742038965225,0.9157726168632507,0.9993768334388733,0.0441596694290638,0.9987319111824036,0.44941750168800354
repl0151_clean,C:\My_Project\AIGC\v815_replication_set\repl0151_clean.jpg,1,0,none,DF40-cdf-SiT,False,14517,0.10456957668066025,0.8954304456710815,0.9998852014541626,0.03468528389930725,0.9996685981750488,0.15946173667907715
repl0151_smoothing_medium,C:\My_Project\AIGC\v815_replication_set\repl0151_smoothing_medium.jpg,1,1,smoothing_medium,DF40-cdf-SiT,False,14517,0.1150134727358818,0.8849864602088928,0.9996999502182007,0.07845304161310196,0.999461829662323,0.7035146355628967
repl0151_whitening_medium,C:\My_Project\AIGC\v815_replication_set\repl0151_whitening_medium.jpg,1,1,whitening_medium,DF40-cdf-SiT,False,14517,0.11507809162139893,0.8849218487739563,0.9998922348022461,0.04365493357181549,0.9997262358665466,0.19195351004600525
repl0151_eye_enlarging,C:\My_Project\AIGC\v815_replication_set\repl0151_eye_enlarging.jpg,1,1,eye_enlarging,DF40-cdf-SiT,False,14517,0.10483597964048386,0.8951640129089355,0.9998675584793091,0.06686713546514511,0.9996820688247681,0.25672245025634766
repl0151_face_reshaping,C:\My_Project\AIGC\v815_replication_set\repl0151_face_reshaping.jpg,1,1,face_reshaping,DF40-cdf-SiT,False,14517,0.10856331884860992,0.8914366364479065,0.9998210072517395,0.06916654109954834,0.9995908141136169,0.23813456296920776
repl0152_clean,C:\My_Project\AIGC\v815_replication_set\repl0152_clean.jpg,1,0,none,DF40-cdf-ddim,False,Celeb-real_id7_0000_153,0.11953393369913101,0.880466103553772,0.9999011754989624,0.11039922386407852,0.9998810291290283,0.3563312590122223
repl0152_smoothing_medium,C:\My_Project\AIGC\v815_replication_set\repl0152_smoothing_medium.jpg,1,1,smoothing_medium,DF40-cdf-ddim,False,Celeb-real_id7_0000_153,0.11558815091848373,0.8844119310379028,0.9997339844703674,0.8258975148200989,0.9998645782470703,0.9587606191635132
repl0152_whitening_medium,C:\My_Project\AIGC\v815_replication_set\repl0152_whitening_medium.jpg,1,1,whitening_medium,DF40-cdf-ddim,False,Celeb-real_id7_0000_153,0.11832289397716522,0.8816770911216736,0.9999048709869385,0.07107479870319366,0.9998810291290283,0.27581551671028137
repl0152_eye_enlarging,C:\My_Project\AIGC\v815_replication_set\repl0152_eye_enlarging.jpg,1,1,eye_enlarging,DF40-cdf-ddim,False,Celeb-real_id7_0000_153,0.11962390691041946,0.8803761005401611,0.9998964071273804,0.1658140867948532,0.9998749494552612,0.4348371922969818
repl0152_face_reshaping,C:\My_Project\AIGC\v815_replication_set\repl0152_face_reshaping.jpg,1,1,face_reshaping,DF40-cdf-ddim,False,Celeb-real_id7_0000_153,0.11389259994029999,0.8861074447631836,0.999862790107727,0.21126709878444672,0.9998512268066406,0.5301057696342468
repl0153_clean,C:\My_Project\AIGC\v815_replication_set\repl0153_clean.jpg,1,0,none,DF40-cdf-DiT,False,16111,0.11153550446033478,0.8884645104408264,0.9999402761459351,0.04756538197398186,0.9998632669448853,0.3156640827655792
repl0153_smoothing_medium,C:\My_Project\AIGC\v815_replication_set\repl0153_smoothing_medium.jpg,1,1,smoothing_medium,DF40-cdf-DiT,False,16111,0.1163918673992157,0.8836081027984619,0.9996834993362427,0.10135259479284286,0.9994329810142517,0.7829013466835022
repl0153_whitening_medium,C:\My_Project\AIGC\v815_replication_set\repl0153_whitening_medium.jpg,1,1,whitening_medium,DF40-cdf-DiT,False,16111,0.11168874055147171,0.8883112072944641,0.9999423027038574,0.02079811319708824,0.9998353719711304,0.25803303718566895
repl0153_eye_enlarging,C:\My_Project\AIGC\v815_replication_set\repl0153_eye_enlarging.jpg,1,1,eye_enlarging,DF40-cdf-DiT,False,16111,0.11259418725967407,0.8874058127403259,0.9999384880065918,0.04287020489573479,0.9998553991317749,0.3508189618587494
repl0153_face_reshaping,C:\My_Project\AIGC\v815_replication_set\repl0153_face_reshaping.jpg,1,1,face_reshaping,DF40-cdf-DiT,False,16111,0.11585743725299835,0.8841425180435181,0.9999526739120483,0.04573436453938484,0.9998888969421387,0.3213360905647278
repl0154_clean,C:\My_Project\AIGC\v815_replication_set\repl0154_clean.jpg,1,0,none,DF40-cdf-pixart,False,Celeb-real_id13_0004_203,0.08548111468553543,0.9145188331604004,0.9999645948410034,0.0032254725228995085,0.9999116659164429,0.2403721660375595
repl0154_smoothing_medium,C:\My_Project\AIGC\v815_replication_set\repl0154_smoothing_medium.jpg,1,1,smoothing_medium,DF40-cdf-pixart,False,Celeb-real_id13_0004_203,0.0876578688621521,0.9123421311378479,0.9999704360961914,0.002535562263801694,0.999921441078186,0.20523200929164886
repl0154_whitening_medium,C:\My_Project\AIGC\v815_replication_set\repl0154_whitening_medium.jpg,1,1,whitening_medium,DF40-cdf-pixart,False,Celeb-real_id13_0004_203,0.08346747606992722,0.9165325164794922,0.9999675750732422,0.0029143791180104017,0.9999127388000488,0.23445267975330353
repl0154_eye_enlarging,C:\My_Project\AIGC\v815_replication_set\repl0154_eye_enlarging.jpg,1,1,eye_enlarging,DF40-cdf-pixart,False,Celeb-real_id13_0004_203,0.08530565351247787,0.9146943688392639,0.9999597072601318,0.004178301431238651,0.9999099969863892,0.260023295879364
repl0154_face_reshaping,C:\My_Project\AIGC\v815_replication_set\repl0154_face_reshaping.jpg,1,1,face_reshaping,DF40-cdf-pixart,False,Celeb-real_id13_0004_203,0.08365322649478912,0.9163467884063721,0.9999680519104004,0.0031803695019334555,0.999923825263977,0.23013336956501007
repl0155_clean,C:\My_Project\AIGC\v815_replication_set\repl0155_clean.jpg,1,0,none,DF40-cdf-DiT,False,6214,0.09615286439657211,0.9038471579551697,0.9998874664306641,0.021447885781526566,0.9997479319572449,0.2085523158311844
repl0155_smoothing_medium,C:\My_Project\AIGC\v815_replication_set\repl0155_smoothing_medium.jpg,1,1,smoothing_medium,DF40-cdf-DiT,False,6214,0.09832462668418884,0.9016754031181335,0.9998031258583069,0.05623910576105118,0.9995775818824768,0.8099262714385986
repl0155_whitening_medium,C:\My_Project\AIGC\v815_replication_set\repl0155_whitening_medium.jpg,1,1,whitening_medium,DF40-cdf-DiT,False,6214,0.10577762126922607,0.8942223787307739,0.999930739402771,0.012552767060697079,0.9998140931129456,0.20530550181865692
repl0155_eye_enlarging,C:\My_Project\AIGC\v815_replication_set\repl0155_eye_enlarging.jpg,1,1,eye_enlarging,DF40-cdf-DiT,False,6214,0.10035788267850876,0.8996421694755554,0.9998458623886108,0.026051724329590797,0.9996708631515503,0.2260419875383377
repl0155_face_reshaping,C:\My_Project\AIGC\v815_replication_set\repl0155_face_reshaping.jpg,1,1,face_reshaping,DF40-cdf-DiT,False,6214,0.10880690068006516,0.8911930918693542,0.9998136162757874,0.029016274958848953,0.9996092915534973,0.30080267786979675
repl0156_clean,C:\My_Project\AIGC\v815_replication_set\repl0156_clean.jpg,1,0,none,DF40-cdf-sd2.1,False,Celeb-real_id11_0007_133,0.10018227249383926,0.899817705154419,0.9993354678153992,0.03308175876736641,0.9983721375465393,0.33361032605171204
repl0156_smoothing_medium,C:\My_Project\AIGC\v815_replication_set\repl0156_smoothing_medium.jpg,1,1,smoothing_medium,DF40-cdf-sd2.1,False,Celeb-real_id11_0007_133,0.1093984991312027,0.8906015157699585,0.9984399676322937,0.05593147501349449,0.9965946078300476,0.4318731427192688
repl0156_whitening_medium,C:\My_Project\AIGC\v815_replication_set\repl0156_whitening_medium.jpg,1,1,whitening_medium,DF40-cdf-sd2.1,False,Celeb-real_id11_0007_133,0.11128327250480652,0.8887167572975159,0.999452531337738,0.02201627381145954,0.9984955787658691,0.2293466031551361
repl0156_eye_enlarging,C:\My_Project\AIGC\v815_replication_set\repl0156_eye_enlarging.jpg,1,1,eye_enlarging,DF40-cdf-sd2.1,False,Celeb-real_id11_0007_133,0.1031641885638237,0.8968357443809509,0.9994286894798279,0.027149274945259094,0.998417854309082,0.3475210964679718
repl0156_face_reshaping,C:\My_Project\AIGC\v815_replication_set\repl0156_face_reshaping.jpg,1,1,face_reshaping,DF40-cdf-sd2.1,False,Celeb-real_id11_0007_133,0.09976105391979218,0.9002389311790466,0.9995500445365906,0.023783061653375626,0.9988757967948914,0.27731266617774963
repl0157_clean,C:\My_Project\AIGC\v815_replication_set\repl0157_clean.jpg,1,0,none,DF40-cdf-sd2.1,False,Celeb-real_id5_0009_343,0.09762841463088989,0.9023715853691101,0.999574601650238,0.017525002360343933,0.9988293051719666,0.10671038925647736
repl0157_smoothing_medium,C:\My_Project\AIGC\v815_replication_set\repl0157_smoothing_medium.jpg,1,1,smoothing_medium,DF40-cdf-sd2.1,False,Celeb-real_id5_0009_343,0.09880679845809937,0.9011932015419006,0.9998931884765625,0.007052295841276646,0.9996218681335449,0.1905139684677124
repl0157_whitening_medium,C:\My_Project\AIGC\v815_replication_set\repl0157_whitening_medium.jpg,1,1,whitening_medium,DF40-cdf-sd2.1,False,Celeb-real_id5_0009_343,0.10116128623485565,0.8988386988639832,0.999529242515564,0.017788928002119064,0.9987155199050903,0.11065397411584854
repl0157_eye_enlarging,C:\My_Project\AIGC\v815_replication_set\repl0157_eye_enlarging.jpg,1,1,eye_enlarging,DF40-cdf-sd2.1,False,Celeb-real_id5_0009_343,0.09952934086322784,0.9004706144332886,0.9995057582855225,0.02070005051791668,0.9986818432807922,0.12035603821277618
repl0157_face_reshaping,C:\My_Project\AIGC\v815_replication_set\repl0157_face_reshaping.jpg,1,1,face_reshaping,DF40-cdf-sd2.1,False,Celeb-real_id5_0009_343,0.10202796757221222,0.897972047328949,0.9994465708732605,0.023757556453347206,0.9985547661781311,0.13982504606246948
repl0158_clean,C:\My_Project\AIGC\v815_replication_set\repl0158_clean.jpg,1,0,none,DF40-cdf-SiT,False,15337,0.11312767118215561,0.8868723511695862,0.9997507929801941,0.0633712038397789,0.9994730353355408,0.32840630412101746
repl0158_smoothing_medium,C:\My_Project\AIGC\v815_replication_set\repl0158_smoothing_medium.jpg,1,1,smoothing_medium,DF40-cdf-SiT,False,15337,0.10284364223480225,0.897156298160553,0.9997895359992981,0.03641680255532265,0.9994797110557556,0.5993889570236206
repl0158_whitening_medium,C:\My_Project\AIGC\v815_replication_set\repl0158_whitening_medium.jpg,1,1,whitening_medium,DF40-cdf-SiT,False,15337,0.12160390615463257,0.8783960938453674,0.999828577041626,0.05519150570034981,0.9996446371078491,0.3131691515445709
repl0158_eye_enlarging,C:\My_Project\AIGC\v815_replication_set\repl0158_eye_enlarging.jpg,1,1,eye_enlarging,DF40-cdf-SiT,False,15337,0.10554084926843643,0.8944591283798218,0.9997550845146179,0.06626373529434204,0.9994750618934631,0.33355748653411865
repl0158_face_reshaping,C:\My_Project\AIGC\v815_replication_set\repl0158_face_reshaping.jpg,1,1,face_reshaping,DF40-cdf-SiT,False,15337,0.1092962771654129,0.8907037377357483,0.9996851682662964,0.06308730691671371,0.9993471503257751,0.37772369384765625
repl0159_clean,C:\My_Project\AIGC\v815_replication_set\repl0159_clean.jpg,1,0,none,DF40-cdf-ddim,False,YouTube-real_00198_220,0.10345321148633957,0.8965467810630798,0.9999220371246338,0.045698001980781555,0.9998716115951538,0.10963752120733261
repl0159_smoothing_medium,C:\My_Project\AIGC\v815_replication_set\repl0159_smoothing_medium.jpg,1,1,smoothing_medium,DF40-cdf-ddim,False,YouTube-real_00198_220,0.12122245132923126,0.8787775039672852,0.9998015761375427,0.37116795778274536,0.9998143315315247,0.8348885774612427
repl0159_whitening_medium,C:\My_Project\AIGC\v815_replication_set\repl0159_whitening_medium.jpg,1,1,whitening_medium,DF40-cdf-ddim,False,YouTube-real_00198_220,0.11932013183832169,0.8806799054145813,0.9999325275421143,0.03629336878657341,0.9998819828033447,0.12442649155855179
repl0159_eye_enlarging,C:\My_Project\AIGC\v815_replication_set\repl0159_eye_enlarging.jpg,1,1,eye_enlarging,DF40-cdf-ddim,False,YouTube-real_00198_220,0.11057817935943604,0.8894218802452087,0.9998544454574585,0.11972446739673615,0.9997978806495667,0.24498145282268524
repl0159_face_reshaping,C:\My_Project\AIGC\v815_replication_set\repl0159_face_reshaping.jpg,1,1,face_reshaping,DF40-cdf-ddim,False,YouTube-real_00198_220,0.10063231736421585,0.89936763048172,0.9998154044151306,0.15275295078754425,0.9997742772102356,0.3162490427494049
repl0160_clean,C:\My_Project\AIGC\v815_replication_set\repl0160_clean.jpg,1,0,none,DF40-cdf-SiT,False,22812,0.08689449727535248,0.9131054878234863,0.9998955726623535,0.05788996443152428,0.9997983574867249,0.2824157774448395
repl0160_smoothing_medium,C:\My_Project\AIGC\v815_replication_set\repl0160_smoothing_medium.jpg,1,1,smoothing_medium,DF40-cdf-SiT,False,22812,0.11304957419633865,0.8869504332542419,0.9997510313987732,0.5313728451728821,0.9997574687004089,0.9646763205528259
repl0160_whitening_medium,C:\My_Project\AIGC\v815_replication_set\repl0160_whitening_medium.jpg,1,1,whitening_medium,DF40-cdf-SiT,False,22812,0.08537573367357254,0.9146242737770081,0.9998940229415894,0.0407000333070755,0.9997761845588684,0.22724959254264832
repl0160_eye_enlarging,C:\My_Project\AIGC\v815_replication_set\repl0160_eye_enlarging.jpg,1,1,eye_enlarging,DF40-cdf-SiT,False,22812,0.09020844846963882,0.9097915291786194,0.9997430443763733,0.07753822207450867,0.9995114803314209,0.3608132004737854
repl0160_face_reshaping,C:\My_Project\AIGC\v815_replication_set\repl0160_face_reshaping.jpg,1,1,face_reshaping,DF40-cdf-SiT,False,22812,0.09329661726951599,0.9067034125328064,0.9998164772987366,0.043663445860147476,0.9996080994606018,0.3025878965854645
repl0161_clean,C:\My_Project\AIGC\v815_replication_set\repl0161_clean.jpg,1,0,none,DF40-cdf-ddim,False,YouTube-real_00104_096,0.15137308835983276,0.848626971244812,0.999546229839325,0.2536270320415497,0.9993487000465393,0.28202903270721436
repl0161_smoothing_medium,C:\My_Project\AIGC\v815_replication_set\repl0161_smoothing_medium.jpg,1,1,smoothing_medium,DF40-cdf-ddim,False,YouTube-real_00104_096,0.13637781143188477,0.86362224817276,0.9915593266487122,0.9925343990325928,0.9975308775901794,0.996086835861206
repl0161_whitening_medium,C:\My_Project\AIGC\v815_replication_set\repl0161_whitening_medium.jpg,1,1,whitening_medium,DF40-cdf-ddim,False,YouTube-real_00104_096,0.15775814652442932,0.8422418236732483,0.999589741230011,0.17661942541599274,0.9993459582328796,0.23751403391361237
repl0161_eye_enlarging,C:\My_Project\AIGC\v815_replication_set\repl0161_eye_enlarging.jpg,1,1,eye_enlarging,DF40-cdf-ddim,False,YouTube-real_00104_096,0.14005590975284576,0.8599440455436707,0.9978267550468445,0.5465099215507507,0.99765944480896,0.5140355229377747
repl0161_face_reshaping,C:\My_Project\AIGC\v815_replication_set\repl0161_face_reshaping.jpg,1,1,face_reshaping,DF40-cdf-ddim,False,YouTube-real_00104_096,0.12811465561389923,0.871885359287262,0.998903751373291,0.2974429726600647,0.998376727104187,0.35011252760887146
repl0162_clean,C:\My_Project\AIGC\v815_replication_set\repl0162_clean.jpg,1,0,none,DF40-cdf-ddim,False,Celeb-real_id53_0000_304,0.1257357895374298,0.8742642402648926,0.9998977184295654,0.2756505310535431,0.9998915195465088,0.6752099990844727
repl0162_smoothing_medium,C:\My_Project\AIGC\v815_replication_set\repl0162_smoothing_medium.jpg,1,1,smoothing_medium,DF40-cdf-ddim,False,Celeb-real_id53_0000_304,0.133302241563797,0.8666977286338806,0.9996806383132935,0.850700318813324,0.9997928738594055,0.9775075316429138
repl0162_whitening_medium,C:\My_Project\AIGC\v815_replication_set\repl0162_whitening_medium.jpg,1,1,whitening_medium,DF40-cdf-ddim,False,Celeb-real_id53_0000_304,0.1290847510099411,0.8709152936935425,0.999901533126831,0.15707655251026154,0.9998639822006226,0.5563580989837646
repl0162_eye_enlarging,C:\My_Project\AIGC\v815_replication_set\repl0162_eye_enlarging.jpg,1,1,eye_enlarging,DF40-cdf-ddim,False,Celeb-real_id53_0000_304,0.12852665781974792,0.8714733123779297,0.9998886585235596,0.3971642255783081,0.9998918771743774,0.7612294554710388
repl0162_face_reshaping,C:\My_Project\AIGC\v815_replication_set\repl0162_face_reshaping.jpg,1,1,face_reshaping,DF40-cdf-ddim,False,Celeb-real_id53_0000_304,0.12306282669305801,0.8769371509552002,0.9998897314071655,0.37094050645828247,0.9998890161514282,0.7512916922569275
repl0163_clean,C:\My_Project\AIGC\v815_replication_set\repl0163_clean.jpg,1,0,none,DF40-cdf-DiT,False,23875,0.11327366530895233,0.8867262601852417,0.9991814494132996,0.044061027467250824,0.9972789883613586,0.2984384298324585
repl0163_smoothing_medium,C:\My_Project\AIGC\v815_replication_set\repl0163_smoothing_medium.jpg,1,1,smoothing_medium,DF40-cdf-DiT,False,23875,0.1366458237171173,0.8633541464805603,0.9993137121200562,0.0672776848077774,0.9982450008392334,0.7436750531196594
repl0163_whitening_medium,C:\My_Project\AIGC\v815_replication_set\repl0163_whitening_medium.jpg,1,1,whitening_medium,DF40-cdf-DiT,False,23875,0.11896811425685883,0.8810319304466248,0.9992109537124634,0.04607465863227844,0.9973801970481873,0.35381361842155457
repl0163_eye_enlarging,C:\My_Project\AIGC\v815_replication_set\repl0163_eye_enlarging.jpg,1,1,eye_enlarging,DF40-cdf-DiT,False,23875,0.11512783169746399,0.8848721981048584,0.9992007613182068,0.044145964086055756,0.997331976890564,0.3049278259277344
repl0163_face_reshaping,C:\My_Project\AIGC\v815_replication_set\repl0163_face_reshaping.jpg,1,1,face_reshaping,DF40-cdf-DiT,False,23875,0.11385563760995865,0.8861443996429443,0.9993496537208557,0.05231956019997597,0.9980353713035583,0.38308027386665344
repl0164_clean,C:\My_Project\AIGC\v815_replication_set\repl0164_clean.jpg,1,0,none,DF40-cdf-DiT,False,25246,0.10570873320102692,0.8942912817001343,0.9999209642410278,0.018822677433490753,0.9997816681861877,0.25883954763412476
repl0164_smoothing_medium,C:\My_Project\AIGC\v815_replication_set\repl0164_smoothing_medium.jpg,1,1,smoothing_medium,DF40-cdf-DiT,False,25246,0.10213041305541992,0.8978695869445801,0.9999061822891235,0.034209780395030975,0.9997842907905579,0.7810061573982239
repl0164_whitening_medium,C:\My_Project\AIGC\v815_replication_set\repl0164_whitening_medium.jpg,1,1,whitening_medium,DF40-cdf-DiT,False,25246,0.09992564469575882,0.900074303150177,0.9999215602874756,0.015577657148241997,0.999769389629364,0.2715124487876892
repl0164_eye_enlarging,C:\My_Project\AIGC\v815_replication_set\repl0164_eye_enlarging.jpg,1,1,eye_enlarging,DF40-cdf-DiT,False,25246,0.10446451604366302,0.8955354690551758,0.9999388456344604,0.02008357085287571,0.9998348951339722,0.2586272060871124
repl0164_face_reshaping,C:\My_Project\AIGC\v815_replication_set\repl0164_face_reshaping.jpg,1,1,face_reshaping,DF40-cdf-DiT,False,25246,0.10177019983530045,0.8982298374176025,0.9999303817749023,0.017203260213136673,0.9998100399971008,0.23233042657375336
repl0165_clean,C:\My_Project\AIGC\v815_replication_set\repl0165_clean.jpg,1,0,none,DF40-cdf-pixart,False,YouTube-real_00276_296,0.08865132927894592,0.9113486409187317,0.9999873638153076,0.0015068637439981103,0.9999446868896484,0.128732368350029
repl0165_smoothing_medium,C:\My_Project\AIGC\v815_replication_set\repl0165_smoothing_medium.jpg,1,1,smoothing_medium,DF40-cdf-pixart,False,YouTube-real_00276_296,0.09078243374824524,0.9092175960540771,0.9999887943267822,0.0013353830436244607,0.9999493360519409,0.1339021623134613
repl0165_whitening_medium,C:\My_Project\AIGC\v815_replication_set\repl0165_whitening_medium.jpg,1,1,whitening_medium,DF40-cdf-pixart,False,YouTube-real_00276_296,0.0862145870923996,0.913785457611084,0.9999877214431763,0.0014338503824546933,0.999941349029541,0.13979747891426086
repl0165_eye_enlarging,C:\My_Project\AIGC\v815_replication_set\repl0165_eye_enlarging.jpg,1,1,eye_enlarging,DF40-cdf-pixart,False,YouTube-real_00276_296,0.08839865028858185,0.9116014242172241,0.9999871253967285,0.0014603317249566317,0.9999418258666992,0.13622848689556122
repl0165_face_reshaping,C:\My_Project\AIGC\v815_replication_set\repl0165_face_reshaping.jpg,1,1,face_reshaping,DF40-cdf-pixart,False,YouTube-real_00276_296,0.0887974202632904,0.911202609539032,0.9999881982803345,0.0015241592191159725,0.9999493360519409,0.13743263483047485
repl0166_clean,C:\My_Project\AIGC\v815_replication_set\repl0166_clean.jpg,1,0,none,DF40-cdf-SiT,False,7488,0.1050146222114563,0.8949854373931885,0.9998145699501038,0.017591357231140137,0.9994834661483765,0.33400022983551025
repl0166_smoothing_medium,C:\My_Project\AIGC\v815_replication_set\repl0166_smoothing_medium.jpg,1,1,smoothing_medium,DF40-cdf-SiT,False,7488,0.0970412865281105,0.9029586911201477,0.9999070167541504,0.02350551448762417,0.9997621178627014,0.7307238578796387
repl0166_whitening_medium,C:\My_Project\AIGC\v815_replication_set\repl0166_whitening_medium.jpg,1,1,whitening_medium,DF40-cdf-SiT,False,7488,0.09983725100755692,0.9001627564430237,0.9998810291290283,0.020143752917647362,0.9996891021728516,0.41892966628074646
repl0166_eye_enlarging,C:\My_Project\AIGC\v815_replication_set\repl0166_eye_enlarging.jpg,1,1,eye_enlarging,DF40-cdf-SiT,False,7488,0.11225635558366776,0.8877435922622681,0.9998599290847778,0.013308005407452583,0.999592125415802,0.29153919219970703
repl0166_face_reshaping,C:\My_Project\AIGC\v815_replication_set\repl0166_face_reshaping.jpg,1,1,face_reshaping,DF40-cdf-SiT,False,7488,0.11017519980669022,0.8898248076438904,0.9998748302459717,0.018594101071357727,0.9997093081474304,0.4370479881763458
repl0167_clean,C:\My_Project\AIGC\v815_replication_set\repl0167_clean.jpg,1,0,none,DF40-cdf-pixart,False,Celeb-real_id22_0009_277,0.07496456801891327,0.9250354170799255,0.9998524188995361,0.03600021451711655,0.9998840093612671,0.1731826812028885
repl0167_smoothing_medium,C:\My_Project\AIGC\v815_replication_set\repl0167_smoothing_medium.jpg,1,1,smoothing_medium,DF40-cdf-pixart,False,Celeb-real_id22_0009_277,0.08719878643751144,0.9128011465072632,0.999932050704956,0.023877501487731934,0.9999344348907471,0.22242575883865356
repl0167_whitening_medium,C:\My_Project\AIGC\v815_replication_set\repl0167_whitening_medium.jpg,1,1,whitening_medium,DF40-cdf-pixart,False,Celeb-real_id22_0009_277,0.07432061433792114,0.9256793260574341,0.9999409914016724,0.01468306127935648,0.9999406337738037,0.13177472352981567
repl0167_eye_enlarging,C:\My_Project\AIGC\v815_replication_set\repl0167_eye_enlarging.jpg,1,1,eye_enlarging,DF40-cdf-pixart,False,Celeb-real_id22_0009_277,0.07346188277006149,0.9265380501747131,0.9998250603675842,0.07200004905462265,0.9999001026153564,0.22786486148834229
repl0167_face_reshaping,C:\My_Project\AIGC\v815_replication_set\repl0167_face_reshaping.jpg,1,1,face_reshaping,DF40-cdf-pixart,False,Celeb-real_id22_0009_277,0.07575305551290512,0.9242469668388367,0.9998971223831177,0.03535549342632294,0.9999209642410278,0.17803868651390076
repl0168_clean,C:\My_Project\AIGC\v815_replication_set\repl0168_clean.jpg,1,0,none,DF40-cdf-SiT,False,5413,0.1090516671538353,0.8909482955932617,0.9999148845672607,0.03522435575723648,0.9998369216918945,0.23521167039871216
repl0168_smoothing_medium,C:\My_Project\AIGC\v815_replication_set\repl0168_smoothing_medium.jpg,1,1,smoothing_medium,DF40-cdf-SiT,False,5413,0.13104821741580963,0.8689517378807068,0.9997603297233582,0.20060889422893524,0.9996998310089111,0.8825585842132568
repl0168_whitening_medium,C:\My_Project\AIGC\v815_replication_set\repl0168_whitening_medium.jpg,1,1,whitening_medium,DF40-cdf-SiT,False,5413,0.11815810203552246,0.8818419575691223,0.9997813105583191,0.05581105127930641,0.999556839466095,0.3967028260231018
repl0168_eye_enlarging,C:\My_Project\AIGC\v815_replication_set\repl0168_eye_enlarging.jpg,1,1,eye_enlarging,DF40-cdf-SiT,False,5413,0.11304867267608643,0.8869513273239136,0.9997947812080383,0.0828578770160675,0.999666690826416,0.42605581879615784
repl0168_face_reshaping,C:\My_Project\AIGC\v815_replication_set\repl0168_face_reshaping.jpg,1,1,face_reshaping,DF40-cdf-SiT,False,5413,0.10946257412433624,0.890537440776825,0.9998971223831177,0.04806556925177574,0.9998100399971008,0.31986063718795776
repl0169_clean,C:\My_Project\AIGC\v815_replication_set\repl0169_clean.jpg,1,0,none,DF40-cdf-DiT,False,3052,0.10586154460906982,0.8941383957862854,0.999810516834259,0.015046952292323112,0.9992152452468872,0.3850233852863312
repl0169_smoothing_medium,C:\My_Project\AIGC\v815_replication_set\repl0169_smoothing_medium.jpg,1,1,smoothing_medium,DF40-cdf-DiT,False,3052,0.10330178588628769,0.8966981768608093,0.9998012185096741,0.014092616736888885,0.9989363551139832,0.7689984440803528
repl0169_whitening_medium,C:\My_Project\AIGC\v815_replication_set\repl0169_whitening_medium.jpg,1,1,whitening_medium,DF40-cdf-DiT,False,3052,0.10554873198270798,0.8944513201713562,0.9997593760490417,0.01974211074411869,0.9989333748817444,0.4693799316883087
repl0169_eye_enlarging,C:\My_Project\AIGC\v815_replication_set\repl0169_eye_enlarging.jpg,1,1,eye_enlarging,DF40-cdf-DiT,False,3052,0.11065511405467987,0.8893449306488037,0.9997745156288147,0.02371748723089695,0.9992374181747437,0.43110552430152893
repl0169_face_reshaping,C:\My_Project\AIGC\v815_replication_set\repl0169_face_reshaping.jpg,1,1,face_reshaping,DF40-cdf-DiT,False,3052,0.1127963587641716,0.8872036337852478,0.9998753070831299,0.019435597583651543,0.999553382396698,0.49957728385925293
repl0170_clean,C:\My_Project\AIGC\v815_replication_set\repl0170_clean.jpg,1,0,none,DF40-cdf-sd2.1,False,Celeb-real_id4_0003_042,0.11337225884199142,0.8866277933120728,0.9998201727867126,0.03353620693087578,0.9996743202209473,0.2943744361400604
repl0170_smoothing_medium,C:\My_Project\AIGC\v815_replication_set\repl0170_smoothing_medium.jpg,1,1,smoothing_medium,DF40-cdf-sd2.1,False,Celeb-real_id4_0003_042,0.10710213333368301,0.89289790391922,0.9999767541885376,0.0039601256139576435,0.9999282360076904,0.33492815494537354
repl0170_whitening_medium,C:\My_Project\AIGC\v815_replication_set\repl0170_whitening_medium.jpg,1,1,whitening_medium,DF40-cdf-sd2.1,False,Celeb-real_id4_0003_042,0.10563960671424866,0.8943604230880737,0.999797523021698,0.026166211813688278,0.9995927214622498,0.24268297851085663
repl0170_eye_enlarging,C:\My_Project\AIGC\v815_replication_set\repl0170_eye_enlarging.jpg,1,1,eye_enlarging,DF40-cdf-sd2.1,False,Celeb-real_id4_0003_042,0.11390756070613861,0.8860924243927002,0.9998114705085754,0.040813371539115906,0.9996769428253174,0.3218151330947876
repl0170_face_reshaping,C:\My_Project\AIGC\v815_replication_set\repl0170_face_reshaping.jpg,1,1,face_reshaping,DF40-cdf-sd2.1,False,Celeb-real_id4_0003_042,0.11335915327072144,0.8866407871246338,0.9998083710670471,0.03858567774295807,0.999672532081604,0.32399624586105347
repl0171_clean,C:\My_Project\AIGC\v815_replication_set\repl0171_clean.jpg,1,0,none,DF40-cdf-ddim,False,YouTube-real_00093_398,0.12579835951328278,0.8742015957832336,0.9998332262039185,0.12704353034496307,0.999779999256134,0.2789856493473053
repl0171_smoothing_medium,C:\My_Project\AIGC\v815_replication_set\repl0171_smoothing_medium.jpg,1,1,smoothing_medium,DF40-cdf-ddim,False,YouTube-real_00093_398,0.11322993040084839,0.8867700695991516,0.9996167421340942,0.7335597276687622,0.9997146725654602,0.9724367260932922
repl0171_whitening_medium,C:\My_Project\AIGC\v815_replication_set\repl0171_whitening_medium.jpg,1,1,whitening_medium,DF40-cdf-ddim,False,YouTube-real_00093_398,0.12209350615739822,0.8779065012931824,0.9998621940612793,0.12670676410198212,0.9998295307159424,0.323894202709198
repl0171_eye_enlarging,C:\My_Project\AIGC\v815_replication_set\repl0171_eye_enlarging.jpg,1,1,eye_enlarging,DF40-cdf-ddim,False,YouTube-real_00093_398,0.12699228525161743,0.8730077147483826,0.9995762705802917,0.3518272340297699,0.9995927214622498,0.5572022795677185
repl0171_face_reshaping,C:\My_Project\AIGC\v815_replication_set\repl0171_face_reshaping.jpg,1,1,face_reshaping,DF40-cdf-ddim,False,YouTube-real_00093_398,0.12870647013187408,0.8712935447692871,0.9998499155044556,0.16763606667518616,0.9998119473457336,0.34221363067626953
repl0172_clean,C:\My_Project\AIGC\v815_replication_set\repl0172_clean.jpg,1,0,none,DF40-cdf-ddim,False,Celeb-real_id40_0003_205,0.13587668538093567,0.8641233444213867,0.9996386766433716,0.2213761955499649,0.999620795249939,0.7163513898849487
repl0172_smoothing_medium,C:\My_Project\AIGC\v815_replication_set\repl0172_smoothing_medium.jpg,1,1,smoothing_medium,DF40-cdf-ddim,False,Celeb-real_id40_0003_205,0.11160033196210861,0.8883996605873108,0.9997060894966125,0.11061017960309982,0.9994798302650452,0.8684191703796387
repl0172_whitening_medium,C:\My_Project\AIGC\v815_replication_set\repl0172_whitening_medium.jpg,1,1,whitening_medium,DF40-cdf-ddim,False,Celeb-real_id40_0003_205,0.1374824494123459,0.8625175952911377,0.9996411800384521,0.16487619280815125,0.999535322189331,0.7009722590446472
repl0172_eye_enlarging,C:\My_Project\AIGC\v815_replication_set\repl0172_eye_enlarging.jpg,1,1,eye_enlarging,DF40-cdf-ddim,False,Celeb-real_id40_0003_205,0.1362471729516983,0.8637527823448181,0.9995952248573303,0.2711905539035797,0.9995918869972229,0.798294186592102
repl0172_face_reshaping,C:\My_Project\AIGC\v815_replication_set\repl0172_face_reshaping.jpg,1,1,face_reshaping,DF40-cdf-ddim,False,Celeb-real_id40_0003_205,0.1358199566602707,0.8641800880432129,0.9995359182357788,0.39772918820381165,0.9995748400688171,0.8739755749702454
repl0173_clean,C:\My_Project\AIGC\v815_replication_set\repl0173_clean.jpg,1,0,none,DF40-cdf-sd2.1,False,Celeb-real_id17_0009_287,0.11570528894662857,0.8842946887016296,0.9999469518661499,0.005113850347697735,0.9998290538787842,0.14438292384147644
repl0173_smoothing_medium,C:\My_Project\AIGC\v815_replication_set\repl0173_smoothing_medium.jpg,1,1,smoothing_medium,DF40-cdf-sd2.1,False,Celeb-real_id17_0009_287,0.11325079202651978,0.8867491483688354,0.9998792409896851,0.01023839134722948,0.9995597004890442,0.5305019617080688
repl0173_whitening_medium,C:\My_Project\AIGC\v815_replication_set\repl0173_whitening_medium.jpg,1,1,whitening_medium,DF40-cdf-sd2.1,False,Celeb-real_id17_0009_287,0.10787884145975113,0.8921211361885071,0.9999425411224365,0.006101458799093962,0.9998238682746887,0.1741979867219925
repl0173_eye_enlarging,C:\My_Project\AIGC\v815_replication_set\repl0173_eye_enlarging.jpg,1,1,eye_enlarging,DF40-cdf-sd2.1,False,Celeb-real_id17_0009_287,0.1107725128531456,0.8892275094985962,0.9999423027038574,0.006419900339096785,0.9998453855514526,0.1400488168001175
repl0173_face_reshaping,C:\My_Project\AIGC\v815_replication_set\repl0173_face_reshaping.jpg,1,1,face_reshaping,DF40-cdf-sd2.1,False,Celeb-real_id17_0009_287,0.1138901636004448,0.8861098885536194,0.9999539852142334,0.005442925728857517,0.9998641014099121,0.14309284090995789
repl0174_clean,C:\My_Project\AIGC\v815_replication_set\repl0174_clean.jpg,1,0,none,DF40-cdf-SiT,False,19084,0.11282595992088318,0.8871740698814392,0.9996954202651978,0.03818255290389061,0.9992604851722717,0.3134711682796478
repl0174_smoothing_medium,C:\My_Project\AIGC\v815_replication_set\repl0174_smoothing_medium.jpg,1,1,smoothing_medium,DF40-cdf-SiT,False,19084,0.12191083282232285,0.878089189529419,0.9997227787971497,0.0807599425315857,0.9994545578956604,0.8728473782539368
repl0174_whitening_medium,C:\My_Project\AIGC\v815_replication_set\repl0174_whitening_medium.jpg,1,1,whitening_medium,DF40-cdf-SiT,False,19084,0.11484929174184799,0.8851507306098938,0.9997348189353943,0.036742184311151505,0.9993475079536438,0.3847794830799103
repl0174_eye_enlarging,C:\My_Project\AIGC\v815_replication_set\repl0174_eye_enlarging.jpg,1,1,eye_enlarging,DF40-cdf-SiT,False,19084,0.11299904435873032,0.8870009779930115,0.9996435642242432,0.04612421616911888,0.9991604089736938,0.35561510920524597
repl0174_face_reshaping,C:\My_Project\AIGC\v815_replication_set\repl0174_face_reshaping.jpg,1,1,face_reshaping,DF40-cdf-SiT,False,19084,0.10606829077005386,0.8939317464828491,0.9998482465744019,0.02852579765021801,0.9996065497398376,0.2720276415348053
repl0175_clean,C:\My_Project\AIGC\v815_replication_set\repl0175_clean.jpg,1,0,none,DF40-cdf-sd2.1,False,Celeb-real_id40_0008_049,0.09146801382303238,0.9085319638252258,0.9952130317687988,0.1857312023639679,0.9912323355674744,0.49311697483062744
repl0175_smoothing_medium,C:\My_Project\AIGC\v815_replication_set\repl0175_smoothing_medium.jpg,1,1,smoothing_medium,DF40-cdf-sd2.1,False,Celeb-real_id40_0008_049,0.11608093231916428,0.8839191198348999,0.9998421669006348,0.009566372260451317,0.9992339611053467,0.6697303652763367
repl0175_whitening_medium,C:\My_Project\AIGC\v815_replication_set\repl0175_whitening_medium.jpg,1,1,whitening_medium,DF40-cdf-sd2.1,False,Celeb-real_id40_0008_049,0.09047366678714752,0.9095263481140137,0.9968979358673096,0.14796295762062073,0.9942541718482971,0.4746479094028473
repl0175_eye_enlarging,C:\My_Project\AIGC\v815_replication_set\repl0175_eye_enlarging.jpg,1,1,eye_enlarging,DF40-cdf-sd2.1,False,Celeb-real_id40_0008_049,0.09152764827013016,0.9084722995758057,0.9943423271179199,0.19480633735656738,0.9897910952568054,0.4886849820613861
repl0175_face_reshaping,C:\My_Project\AIGC\v815_replication_set\repl0175_face_reshaping.jpg,1,1,face_reshaping,DF40-cdf-sd2.1,False,Celeb-real_id40_0008_049,0.09028518944978714,0.9097148776054382,0.9948309063911438,0.20286348462104797,0.9910361766815186,0.5031033754348755
repl0176_clean,C:\My_Project\AIGC\v815_replication_set\repl0176_clean.jpg,1,0,none,DF40-cdf-sd2.1,False,Celeb-real_id6_0004_044,0.10903099179267883,0.8909690380096436,0.9999039173126221,0.007501288782805204,0.999680757522583,0.11908334493637085
repl0176_smoothing_medium,C:\My_Project\AIGC\v815_replication_set\repl0176_smoothing_medium.jpg,1,1,smoothing_medium,DF40-cdf-sd2.1,False,Celeb-real_id6_0004_044,0.11697612702846527,0.8830237984657288,0.9999529123306274,0.0049018762074410915,0.999816358089447,0.3290676474571228
repl0176_whitening_medium,C:\My_Project\AIGC\v815_replication_set\repl0176_whitening_medium.jpg,1,1,whitening_medium,DF40-cdf-sd2.1,False,Celeb-real_id6_0004_044,0.10852871835231781,0.891471266746521,0.9998342990875244,0.007437508553266525,0.9993231296539307,0.11122798174619675
repl0176_eye_enlarging,C:\My_Project\AIGC\v815_replication_set\repl0176_eye_enlarging.jpg,1,1,eye_enlarging,DF40-cdf-sd2.1,False,Celeb-real_id6_0004_044,0.11507127434015274,0.8849287629127502,0.9998767375946045,0.008569391444325447,0.9995877146720886,0.13131552934646606
repl0176_face_reshaping,C:\My_Project\AIGC\v815_replication_set\repl0176_face_reshaping.jpg,1,1,face_reshaping,DF40-cdf-sd2.1,False,Celeb-real_id6_0004_044,0.11159267276525497,0.888407289981842,0.9999057054519653,0.007237466983497143,0.9997085928916931,0.10653043538331985
repl0177_clean,C:\My_Project\AIGC\v815_replication_set\repl0177_clean.jpg,1,0,none,DF40-cdf-pixart,False,YouTube-real_00038_150,0.07481894642114639,0.9251810312271118,0.999974250793457,0.0017787505639716983,0.9998509883880615,0.11926515400409698
repl0177_smoothing_medium,C:\My_Project\AIGC\v815_replication_set\repl0177_smoothing_medium.jpg,1,1,smoothing_medium,DF40-cdf-pixart,False,YouTube-real_00038_150,0.08090858906507492,0.9190914034843445,0.9999792575836182,0.0013352076057344675,0.9998666048049927,0.14959140121936798
repl0177_whitening_medium,C:\My_Project\AIGC\v815_replication_set\repl0177_whitening_medium.jpg,1,1,whitening_medium,DF40-cdf-pixart,False,YouTube-real_00038_150,0.07627752423286438,0.9237224459648132,0.9999786615371704,0.0013753629755228758,0.9998527765274048,0.14926931262016296
repl0177_eye_enlarging,C:\My_Project\AIGC\v815_replication_set\repl0177_eye_enlarging.jpg,1,1,eye_enlarging,DF40-cdf-pixart,False,YouTube-real_00038_150,0.07422176003456116,0.9257782101631165,0.9999725818634033,0.0019132476300001144,0.999841570854187,0.13230518996715546
repl0177_face_reshaping,C:\My_Project\AIGC\v815_replication_set\repl0177_face_reshaping.jpg,1,1,face_reshaping,DF40-cdf-pixart,False,YouTube-real_00038_150,0.07783115655183792,0.9221689105033875,0.999974250793457,0.0018116789869964123,0.9998571872711182,0.1240665540099144
repl0178_clean,C:\My_Project\AIGC\v815_replication_set\repl0178_clean.jpg,1,0,none,DF40-cdf-pixart,False,Celeb-real_id59_0007_096,0.09046558290719986,0.9095344543457031,0.9999836683273315,0.002467786893248558,0.9999244213104248,0.22229747474193573
repl0178_smoothing_medium,C:\My_Project\AIGC\v815_replication_set\repl0178_smoothing_medium.jpg,1,1,smoothing_medium,DF40-cdf-pixart,False,Celeb-real_id59_0007_096,0.085560642182827,0.9144393801689148,0.99998939037323,0.0018529888475313783,0.9999476671218872,0.23262254893779755
repl0178_whitening_medium,C:\My_Project\AIGC\v815_replication_set\repl0178_whitening_medium.jpg,1,1,whitening_medium,DF40-cdf-pixart,False,Celeb-real_id59_0007_096,0.08166386932134628,0.9183362126350403,0.9999767541885376,0.003243989311158657,0.9998798370361328,0.3260398507118225
repl0178_eye_enlarging,C:\My_Project\AIGC\v815_replication_set\repl0178_eye_enlarging.jpg,1,1,eye_enlarging,DF40-cdf-pixart,False,Celeb-real_id59_0007_096,0.08517863601446152,0.9148213267326355,0.9999841451644897,0.002536213491111994,0.9999262094497681,0.24681028723716736
repl0178_face_reshaping,C:\My_Project\AIGC\v815_replication_set\repl0178_face_reshaping.jpg,1,1,face_reshaping,DF40-cdf-pixart,False,Celeb-real_id59_0007_096,0.08866234868764877,0.911337673664093,0.999987006187439,0.0023893157485872507,0.9999423027038574,0.22441346943378448
repl0179_clean,C:\My_Project\AIGC\v815_replication_set\repl0179_clean.jpg,1,0,none,DF40-cdf-sd2.1,False,YouTube-real_00166_015,0.10162745416164398,0.8983725905418396,0.9991483688354492,0.10179408639669418,0.9983962178230286,0.42771115899086
repl0179_smoothing_medium,C:\My_Project\AIGC\v815_replication_set\repl0179_smoothing_medium.jpg,1,1,smoothing_medium,DF40-cdf-sd2.1,False,YouTube-real_00166_015,0.10536941140890121,0.8946305513381958,0.9999774694442749,0.004295873921364546,0.9999277591705322,0.3165940046310425
repl0179_whitening_medium,C:\My_Project\AIGC\v815_replication_set\repl0179_whitening_medium.jpg,1,1,whitening_medium,DF40-cdf-sd2.1,False,YouTube-real_00166_015,0.10376682877540588,0.8962331414222717,0.9995120763778687,0.06603775173425674,0.9990837574005127,0.3653154969215393
repl0179_eye_enlarging,C:\My_Project\AIGC\v815_replication_set\repl0179_eye_enlarging.jpg,1,1,eye_enlarging,DF40-cdf-sd2.1,False,YouTube-real_00166_015,0.10617755353450775,0.8938224911689758,0.9991772770881653,0.10158788412809372,0.9986028075218201,0.38653865456581116
repl0179_face_reshaping,C:\My_Project\AIGC\v815_replication_set\repl0179_face_reshaping.jpg,1,1,face_reshaping,DF40-cdf-sd2.1,False,YouTube-real_00166_015,0.10340643674135208,0.8965935111045837,0.9992438554763794,0.1030089408159256,0.9986603260040283,0.43621399998664856
repl0180_clean,C:\My_Project\AIGC\v815_replication_set\repl0180_clean.jpg,1,0,none,DF40-cdf-pixart,False,Celeb-real_id2_0007_242,0.09403150528669357,0.9059684872627258,0.9999570846557617,0.005321874283254147,0.9998140931129456,0.5020000338554382
repl0180_smoothing_medium,C:\My_Project\AIGC\v815_replication_set\repl0180_smoothing_medium.jpg,1,1,smoothing_medium,DF40-cdf-pixart,False,Celeb-real_id2_0007_242,0.10371825844049454,0.8962817192077637,0.9999631643295288,0.004457953851670027,0.9998220801353455,0.5260860919952393
repl0180_whitening_medium,C:\My_Project\AIGC\v815_replication_set\repl0180_whitening_medium.jpg,1,1,whitening_medium,DF40-cdf-pixart,False,Celeb-real_id2_0007_242,0.08947908878326416,0.9105209112167358,0.9999496936798096,0.004404721315950155,0.9997424483299255,0.47846636176109314
repl0180_eye_enlarging,C:\My_Project\AIGC\v815_replication_set\repl0180_eye_enlarging.jpg,1,1,eye_enlarging,DF40-cdf-pixart,False,Celeb-real_id2_0007_242,0.09505750983953476,0.904942512512207,0.9999493360519409,0.005614001303911209,0.9997808337211609,0.49197906255722046
repl0180_face_reshaping,C:\My_Project\AIGC\v815_replication_set\repl0180_face_reshaping.jpg,1,1,face_reshaping,DF40-cdf-pixart,False,Celeb-real_id2_0007_242,0.09510446339845657,0.904895544052124,0.9999622106552124,0.004755019210278988,0.9998363256454468,0.4799656867980957
repl0181_clean,C:\My_Project\AIGC\v815_replication_set\repl0181_clean.jpg,1,0,none,DF40-cdf-sd2.1,False,Celeb-real_id35_0005_000,0.11041442304849625,0.8895856142044067,0.9999278783798218,0.009712066501379013,0.9997538924217224,0.428786039352417
repl0181_smoothing_medium,C:\My_Project\AIGC\v815_replication_set\repl0181_smoothing_medium.jpg,1,1,smoothing_medium,DF40-cdf-sd2.1,False,Celeb-real_id35_0005_000,0.11209268122911453,0.8879072666168213,0.9999244213104248,0.0038789412938058376,0.9996424913406372,0.319315642118454
repl0181_whitening_medium,C:\My_Project\AIGC\v815_replication_set\repl0181_whitening_medium.jpg,1,1,whitening_medium,DF40-cdf-sd2.1,False,Celeb-real_id35_0005_000,0.11250241845846176,0.88749760389328,0.9999309778213501,0.007826186716556549,0.9997594952583313,0.3986400067806244
repl0181_eye_enlarging,C:\My_Project\AIGC\v815_replication_set\repl0181_eye_enlarging.jpg,1,1,eye_enlarging,DF40-cdf-sd2.1,False,Celeb-real_id35_0005_000,0.11436808109283447,0.8856319189071655,0.9998946189880371,0.01299914438277483,0.9996722936630249,0.4478026032447815
repl0181_face_reshaping,C:\My_Project\AIGC\v815_replication_set\repl0181_face_reshaping.jpg,1,1,face_reshaping,DF40-cdf-sd2.1,False,Celeb-real_id35_0005_000,0.10927632451057434,0.890723705291748,0.9999253749847412,0.010299921967089176,0.999748170375824,0.45659998059272766
repl0182_clean,C:\My_Project\AIGC\v815_replication_set\repl0182_clean.jpg,1,0,none,DF40-cdf-ddim,False,YouTube-real_00012_204,0.18283385038375854,0.8171662092208862,0.9994133710861206,0.2949720621109009,0.9994242191314697,0.39192554354667664
repl0182_smoothing_medium,C:\My_Project\AIGC\v815_replication_set\repl0182_smoothing_medium.jpg,1,1,smoothing_medium,DF40-cdf-ddim,False,YouTube-real_00012_204,0.12851528823375702,0.8714847564697266,0.9987200498580933,0.5586835145950317,0.9987922310829163,0.7395566701889038
repl0182_whitening_medium,C:\My_Project\AIGC\v815_replication_set\repl0182_whitening_medium.jpg,1,1,whitening_medium,DF40-cdf-ddim,False,YouTube-real_00012_204,0.13165108859539032,0.8683488965034485,0.999779999256134,0.18745781481266022,0.9997482895851135,0.33747658133506775
repl0182_eye_enlarging,C:\My_Project\AIGC\v815_replication_set\repl0182_eye_enlarging.jpg,1,1,eye_enlarging,DF40-cdf-ddim,False,YouTube-real_00012_204,0.1909930408000946,0.8090069890022278,0.9992619156837463,0.4038313329219818,0.9993341565132141,0.48115840554237366
repl0182_face_reshaping,C:\My_Project\AIGC\v815_replication_set\repl0182_face_reshaping.jpg,1,1,face_reshaping,DF40-cdf-ddim,False,YouTube-real_00012_204,0.1344427615404129,0.8655571937561035,0.9995661377906799,0.24766424298286438,0.9994988441467285,0.3693368136882782
repl0183_clean,C:\My_Project\AIGC\v815_replication_set\repl0183_clean.jpg,1,0,none,DF40-cdf-pixart,False,Celeb-real_id17_0007_246,0.09042670577764511,0.9095733165740967,0.9999909400939941,0.001224006526172161,0.9999527931213379,0.17558713257312775
repl0183_smoothing_medium,C:\My_Project\AIGC\v815_replication_set\repl0183_smoothing_medium.jpg,1,1,smoothing_medium,DF40-cdf-pixart,False,Celeb-real_id17_0007_246,0.08827316761016846,0.9117268323898315,0.9999887943267822,0.0012361271074041724,0.9999371767044067,0.20427606999874115
repl0183_whitening_medium,C:\My_Project\AIGC\v815_replication_set\repl0183_whitening_medium.jpg,1,1,whitening_medium,DF40-cdf-pixart,False,Celeb-real_id17_0007_246,0.08504121750593185,0.9149587154388428,0.9999904632568359,0.0009515333804301918,0.9999518394470215,0.11105119436979294
repl0183_eye_enlarging,C:\My_Project\AIGC\v815_replication_set\repl0183_eye_enlarging.jpg,1,1,eye_enlarging,DF40-cdf-pixart,False,Celeb-real_id17_0007_246,0.08733116090297699,0.9126688838005066,0.9999916553497314,0.0011271921684965491,0.9999575614929199,0.15971285104751587
repl0183_face_reshaping,C:\My_Project\AIGC\v815_replication_set\repl0183_face_reshaping.jpg,1,1,face_reshaping,DF40-cdf-pixart,False,Celeb-real_id17_0007_246,0.09115865081548691,0.9088413119316101,0.9999921321868896,0.0011386224068701267,0.9999598264694214,0.16044534742832184
repl0184_clean,C:\My_Project\AIGC\v815_replication_set\repl0184_clean.jpg,1,0,none,DF40-cdf-pixart,False,YouTube-real_00231_076,0.0824141651391983,0.9175857901573181,0.9999690055847168,0.0023850572761148214,0.9998418092727661,0.21843408048152924
repl0184_smoothing_medium,C:\My_Project\AIGC\v815_replication_set\repl0184_smoothing_medium.jpg,1,1,smoothing_medium,DF40-cdf-pixart,False,YouTube-real_00231_076,0.08272852748632431,0.9172714352607727,0.9999758005142212,0.0019879918545484543,0.9998714923858643,0.2535638213157654
repl0184_whitening_medium,C:\My_Project\AIGC\v815_replication_set\repl0184_whitening_medium.jpg,1,1,whitening_medium,DF40-cdf-pixart,False,YouTube-real_00231_076,0.07624117285013199,0.923758864402771,0.9999682903289795,0.002560711232945323,0.9997847676277161,0.3568927049636841
repl0184_eye_enlarging,C:\My_Project\AIGC\v815_replication_set\repl0184_eye_enlarging.jpg,1,1,eye_enlarging,DF40-cdf-pixart,False,YouTube-real_00231_076,0.0806032121181488,0.9193968176841736,0.9999642372131348,0.003171249059960246,0.9998388290405273,0.27171003818511963
repl0184_face_reshaping,C:\My_Project\AIGC\v815_replication_set\repl0184_face_reshaping.jpg,1,1,face_reshaping,DF40-cdf-pixart,False,YouTube-real_00231_076,0.08231450617313385,0.9176855087280273,0.9999643564224243,0.002533488906919956,0.9998149275779724,0.22217348217964172
repl0185_clean,C:\My_Project\AIGC\v815_replication_set\repl0185_clean.jpg,1,0,none,DF40-cdf-SiT,False,25990,0.12512147426605225,0.8748785257339478,0.9998562335968018,0.027278220281004906,0.9997028708457947,0.296599805355072
repl0185_smoothing_medium,C:\My_Project\AIGC\v815_replication_set\repl0185_smoothing_medium.jpg,1,1,smoothing_medium,DF40-cdf-SiT,False,25990,0.13750381767749786,0.8624961972236633,0.9997884631156921,0.150157630443573,0.9995941519737244,0.936641275882721
repl0185_whitening_medium,C:\My_Project\AIGC\v815_replication_set\repl0185_whitening_medium.jpg,1,1,whitening_medium,DF40-cdf-SiT,False,25990,0.12820854783058167,0.871791422367096,0.9999270439147949,0.022133270278573036,0.9998078942298889,0.3425389230251312
repl0185_eye_enlarging,C:\My_Project\AIGC\v815_replication_set\repl0185_eye_enlarging.jpg,1,1,eye_enlarging,DF40-cdf-SiT,False,25990,0.12198732048273087,0.8780127167701721,0.999853253364563,0.040168099105358124,0.9997015595436096,0.38631471991539
repl0185_face_reshaping,C:\My_Project\AIGC\v815_replication_set\repl0185_face_reshaping.jpg,1,1,face_reshaping,DF40-cdf-SiT,False,25990,0.12674418091773987,0.8732557892799377,0.9998698234558105,0.08071459084749222,0.9997833371162415,0.5421933531761169
repl0186_clean,C:\My_Project\AIGC\v815_replication_set\repl0186_clean.jpg,1,0,none,DF40-cdf-SiT,False,13728,0.1330646574497223,0.8669353127479553,0.9997082352638245,0.019191214814782143,0.9992290735244751,0.1709490567445755
repl0186_smoothing_medium,C:\My_Project\AIGC\v815_replication_set\repl0186_smoothing_medium.jpg,1,1,smoothing_medium,DF40-cdf-SiT,False,13728,0.13417932391166687,0.8658207058906555,0.9994732737541199,0.20311787724494934,0.9993769526481628,0.9114949107170105
repl0186_whitening_medium,C:\My_Project\AIGC\v815_replication_set\repl0186_whitening_medium.jpg,1,1,whitening_medium,DF40-cdf-SiT,False,13728,0.14208117127418518,0.8579188585281372,0.9995755553245544,0.0253756046295166,0.9989425539970398,0.2605108618736267
repl0186_eye_enlarging,C:\My_Project\AIGC\v815_replication_set\repl0186_eye_enlarging.jpg,1,1,eye_enlarging,DF40-cdf-SiT,False,13728,0.13174821436405182,0.8682518005371094,0.9997252821922302,0.02397456392645836,0.9993591904640198,0.21480214595794678
repl0186_face_reshaping,C:\My_Project\AIGC\v815_replication_set\repl0186_face_reshaping.jpg,1,1,face_reshaping,DF40-cdf-SiT,False,13728,0.1364423930644989,0.8635575771331787,0.9995575547218323,0.029188409447669983,0.9988719820976257,0.2548266351222992
repl0187_clean,C:\My_Project\AIGC\v815_replication_set\repl0187_clean.jpg,1,0,none,DF40-cdf-sd2.1,False,Celeb-real_id61_0000_081,0.10836893320083618,0.8916310667991638,0.9997588992118835,0.023469094187021255,0.9993822574615479,0.3085038661956787
repl0187_smoothing_medium,C:\My_Project\AIGC\v815_replication_set\repl0187_smoothing_medium.jpg,1,1,smoothing_medium,DF40-cdf-sd2.1,False,Celeb-real_id61_0000_081,0.12253835797309875,0.8774616718292236,0.9999285936355591,0.005104562267661095,0.9996750354766846,0.3914991319179535
repl0187_whitening_medium,C:\My_Project\AIGC\v815_replication_set\repl0187_whitening_medium.jpg,1,1,whitening_medium,DF40-cdf-sd2.1,False,Celeb-real_id61_0000_081,0.10842013359069824,0.8915799260139465,0.9998539686203003,0.012828855775296688,0.999480664730072,0.3406284749507904
repl0187_eye_enlarging,C:\My_Project\AIGC\v815_replication_set\repl0187_eye_enlarging.jpg,1,1,eye_enlarging,DF40-cdf-sd2.1,False,Celeb-real_id61_0000_081,0.1078735962510109,0.8921264410018921,0.999788224697113,0.028163427487015724,0.9994986057281494,0.377742201089859
repl0187_face_reshaping,C:\My_Project\AIGC\v815_replication_set\repl0187_face_reshaping.jpg,1,1,face_reshaping,DF40-cdf-sd2.1,False,Celeb-real_id61_0000_081,0.11606244742870331,0.8839375376701355,0.999794065952301,0.02630113624036312,0.9995126724243164,0.33990803360939026
repl0188_clean,C:\My_Project\AIGC\v815_replication_set\repl0188_clean.jpg,1,0,none,DF40-cdf-DiT,False,24114,0.12322001904249191,0.8767799735069275,0.9998028874397278,0.012694050557911396,0.9991777539253235,0.3050537407398224
repl0188_smoothing_medium,C:\My_Project\AIGC\v815_replication_set\repl0188_smoothing_medium.jpg,1,1,smoothing_medium,DF40-cdf-DiT,False,24114,0.1173098236322403,0.8826901912689209,0.9998160004615784,0.07562541961669922,0.9995480179786682,0.8630326986312866
repl0188_whitening_medium,C:\My_Project\AIGC\v815_replication_set\repl0188_whitening_medium.jpg,1,1,whitening_medium,DF40-cdf-DiT,False,24114,0.131769597530365,0.868230402469635,0.9998447895050049,0.012088853865861893,0.9994325041770935,0.2944328188896179
repl0188_eye_enlarging,C:\My_Project\AIGC\v815_replication_set\repl0188_eye_enlarging.jpg,1,1,eye_enlarging,DF40-cdf-DiT,False,24114,0.1259271800518036,0.8740728497505188,0.9997532963752747,0.022299759089946747,0.9991658926010132,0.38338860869407654
repl0188_face_reshaping,C:\My_Project\AIGC\v815_replication_set\repl0188_face_reshaping.jpg,1,1,face_reshaping,DF40-cdf-DiT,False,24114,0.12938612699508667,0.8706139326095581,0.9998244643211365,0.01084710843861103,0.9992639422416687,0.2624674439430237
repl0189_clean,C:\My_Project\AIGC\v815_replication_set\repl0189_clean.jpg,1,0,none,DF40-cdf-ddim,False,Celeb-real_id31_0005_213,0.12369377166032791,0.8763062357902527,0.9996920824050903,0.09255817532539368,0.9996090531349182,0.2776843011379242
repl0189_smoothing_medium,C:\My_Project\AIGC\v815_replication_set\repl0189_smoothing_medium.jpg,1,1,smoothing_medium,DF40-cdf-ddim,False,Celeb-real_id31_0005_213,0.12680965662002563,0.8731903433799744,0.999466598033905,0.5841819047927856,0.9995622038841248,0.9392221570014954
repl0189_whitening_medium,C:\My_Project\AIGC\v815_replication_set\repl0189_whitening_medium.jpg,1,1,whitening_medium,DF40-cdf-ddim,False,Celeb-real_id31_0005_213,0.12782321870326996,0.8721767067909241,0.9997749924659729,0.056949105113744736,0.9996713399887085,0.2264852076768875
repl0189_eye_enlarging,C:\My_Project\AIGC\v815_replication_set\repl0189_eye_enlarging.jpg,1,1,eye_enlarging,DF40-cdf-ddim,False,Celeb-real_id31_0005_213,0.12820002436637878,0.8718000054359436,0.9994294047355652,0.16116200387477875,0.9993574023246765,0.3736136257648468
repl0189_face_reshaping,C:\My_Project\AIGC\v815_replication_set\repl0189_face_reshaping.jpg,1,1,face_reshaping,DF40-cdf-ddim,False,Celeb-real_id31_0005_213,0.11611063033342361,0.883889377117157,0.9998714923858643,0.09322699159383774,0.9998302459716797,0.22332100570201874
repl0190_clean,C:\My_Project\AIGC\v815_replication_set\repl0190_clean.jpg,1,0,none,DF40-cdf-sd2.1,False,YouTube-real_00021_133,0.09427694231271744,0.9057230949401855,0.9998041987419128,0.12865641713142395,0.9997543692588806,0.5430785417556763
repl0190_smoothing_medium,C:\My_Project\AIGC\v815_replication_set\repl0190_smoothing_medium.jpg,1,1,smoothing_medium,DF40-cdf-sd2.1,False,YouTube-real_00021_133,0.11308079957962036,0.8869192004203796,0.9998906850814819,0.02690896950662136,0.9997922778129578,0.5410779118537903
repl0190_whitening_medium,C:\My_Project\AIGC\v815_replication_set\repl0190_whitening_medium.jpg,1,1,whitening_medium,DF40-cdf-sd2.1,False,YouTube-real_00021_133,0.10023094713687897,0.8997690677642822,0.999869704246521,0.060454510152339935,0.9998008608818054,0.37774011492729187
repl0190_eye_enlarging,C:\My_Project\AIGC\v815_replication_set\repl0190_eye_enlarging.jpg,1,1,eye_enlarging,DF40-cdf-sd2.1,False,YouTube-real_00021_133,0.09049025923013687,0.9095097184181213,0.9997766613960266,0.1285606324672699,0.9997337460517883,0.49390551447868347
repl0190_face_reshaping,C:\My_Project\AIGC\v815_replication_set\repl0190_face_reshaping.jpg,1,1,face_reshaping,DF40-cdf-sd2.1,False,YouTube-real_00021_133,0.09583856165409088,0.9041613936424255,0.9997994303703308,0.11515377461910248,0.9997419714927673,0.5316705107688904
repl0191_clean,C:\My_Project\AIGC\v815_replication_set\repl0191_clean.jpg,1,0,none,DF40-cdf-ddim,False,Celeb-real_id25_0000_148,0.11794417351484299,0.8820557594299316,0.9996119141578674,0.7334408760070801,0.9997542500495911,0.8139946460723877
repl0191_smoothing_medium,C:\My_Project\AIGC\v815_replication_set\repl0191_smoothing_medium.jpg,1,1,smoothing_medium,DF40-cdf-ddim,False,Celeb-real_id25_0000_148,0.1305939108133316,0.8694061040878296,0.9972161054611206,0.9981233477592468,0.9995313882827759,0.9989277720451355
repl0191_whitening_medium,C:\My_Project\AIGC\v815_replication_set\repl0191_whitening_medium.jpg,1,1,whitening_medium,DF40-cdf-ddim,False,Celeb-real_id25_0000_148,0.13188481330871582,0.868115246295929,0.9996827840805054,0.5600610971450806,0.9997367262840271,0.7031289339065552
repl0191_eye_enlarging,C:\My_Project\AIGC\v815_replication_set\repl0191_eye_enlarging.jpg,1,1,eye_enlarging,DF40-cdf-ddim,False,Celeb-real_id25_0000_148,0.11446832865476608,0.8855316638946533,0.9990097284317017,0.8271773457527161,0.999471127986908,0.8600060343742371
repl0191_face_reshaping,C:\My_Project\AIGC\v815_replication_set\repl0191_face_reshaping.jpg,1,1,face_reshaping,DF40-cdf-ddim,False,Celeb-real_id25_0000_148,0.1178760901093483,0.8821239471435547,0.9994121789932251,0.8172967433929443,0.999657154083252,0.9048492908477783
repl0192_clean,C:\My_Project\AIGC\v815_replication_set\repl0192_clean.jpg,1,0,none,DF40-cdf-pixart,False,Celeb-real_id5_0007_370,0.0925820991396904,0.9074178338050842,0.9998045563697815,0.013764310628175735,0.9995632767677307,0.2895994484424591
repl0192_smoothing_medium,C:\My_Project\AIGC\v815_replication_set\repl0192_smoothing_medium.jpg,1,1,smoothing_medium,DF40-cdf-pixart,False,Celeb-real_id5_0007_370,0.10053804516792297,0.8994619846343994,0.9999080896377563,0.005231523420661688,0.999715268611908,0.2550933063030243
repl0192_whitening_medium,C:\My_Project\AIGC\v815_replication_set\repl0192_whitening_medium.jpg,1,1,whitening_medium,DF40-cdf-pixart,False,Celeb-real_id5_0007_370,0.0855972021818161,0.9144028425216675,0.9999514818191528,0.003937841393053532,0.9998598098754883,0.22811073064804077
repl0192_eye_enlarging,C:\My_Project\AIGC\v815_replication_set\repl0192_eye_enlarging.jpg,1,1,eye_enlarging,DF40-cdf-pixart,False,Celeb-real_id5_0007_370,0.0916551798582077,0.9083448052406311,0.9997773766517639,0.019762685522437096,0.9995551705360413,0.3827449381351471
repl0192_face_reshaping,C:\My_Project\AIGC\v815_replication_set\repl0192_face_reshaping.jpg,1,1,face_reshaping,DF40-cdf-pixart,False,Celeb-real_id5_0007_370,0.09022293239831924,0.9097771048545837,0.999817430973053,0.015135789290070534,0.9996258020401001,0.30419811606407166
repl0193_clean,C:\My_Project\AIGC\v815_replication_set\repl0193_clean.jpg,1,0,none,DF40-cdf-DiT,False,12112,0.11891628056764603,0.8810837268829346,0.9994783997535706,0.16288690268993378,0.9993488192558289,0.31496238708496094
repl0193_smoothing_medium,C:\My_Project\AIGC\v815_replication_set\repl0193_smoothing_medium.jpg,1,1,smoothing_medium,DF40-cdf-DiT,False,12112,0.10781729221343994,0.8921827077865601,0.9995711445808411,0.9914559721946716,0.9999115467071533,0.9950410723686218
repl0193_whitening_medium,C:\My_Project\AIGC\v815_replication_set\repl0193_whitening_medium.jpg,1,1,whitening_medium,DF40-cdf-DiT,False,12112,0.11872784793376923,0.8812721967697144,0.9997298121452332,0.1468331515789032,0.9996405839920044,0.3967369794845581
repl0193_eye_enlarging,C:\My_Project\AIGC\v815_replication_set\repl0193_eye_enlarging.jpg,1,1,eye_enlarging,DF40-cdf-DiT,False,12112,0.11626482009887695,0.883735179901123,0.9995537400245667,0.17978215217590332,0.999416708946228,0.3278377056121826
repl0193_face_reshaping,C:\My_Project\AIGC\v815_replication_set\repl0193_face_reshaping.jpg,1,1,face_reshaping,DF40-cdf-DiT,False,12112,0.12225066870450974,0.8777493238449097,0.9988797307014465,0.33063700795173645,0.998813271522522,0.5454755425453186
repl0194_clean,C:\My_Project\AIGC\v815_replication_set\repl0194_clean.jpg,1,0,none,DF40-cdf-DiT,False,92,0.10606794059276581,0.893932044506073,0.9998302459716797,0.07175814360380173,0.9996696710586548,0.6063176393508911
repl0194_smoothing_medium,C:\My_Project\AIGC\v815_replication_set\repl0194_smoothing_medium.jpg,1,1,smoothing_medium,DF40-cdf-DiT,False,92,0.11132319271564484,0.8886768221855164,0.9996750354766846,0.11830747872591019,0.9993327260017395,0.9475898146629333
repl0194_whitening_medium,C:\My_Project\AIGC\v815_replication_set\repl0194_whitening_medium.jpg,1,1,whitening_medium,DF40-cdf-DiT,False,92,0.1054929569363594,0.8945069909095764,0.9997962117195129,0.046930111944675446,0.9994669556617737,0.5656931400299072
repl0194_eye_enlarging,C:\My_Project\AIGC\v815_replication_set\repl0194_eye_enlarging.jpg,1,1,eye_enlarging,DF40-cdf-DiT,False,92,0.1163492426276207,0.8836507797241211,0.9995532631874084,0.14806371927261353,0.9992097616195679,0.7889370918273926
repl0194_face_reshaping,C:\My_Project\AIGC\v815_replication_set\repl0194_face_reshaping.jpg,1,1,face_reshaping,DF40-cdf-DiT,False,92,0.11254279315471649,0.8874572515487671,0.9997208714485168,0.12274452298879623,0.9995207786560059,0.7094525694847107
repl0195_clean,C:\My_Project\AIGC\v815_replication_set\repl0195_clean.jpg,1,0,none,DF40-cdf-SiT,False,22521,0.13785290718078613,0.8621471524238586,0.9997928738594055,0.02062901481986046,0.9994109869003296,0.16287709772586823
repl0195_smoothing_medium,C:\My_Project\AIGC\v815_replication_set\repl0195_smoothing_medium.jpg,1,1,smoothing_medium,DF40-cdf-SiT,False,22521,0.12768258154392242,0.872317373752594,0.9996495246887207,0.11837424337863922,0.9993763566017151,0.8196563124656677
repl0195_whitening_medium,C:\My_Project\AIGC\v815_replication_set\repl0195_whitening_medium.jpg,1,1,whitening_medium,DF40-cdf-SiT,False,22521,0.14028434455394745,0.8597157001495361,0.9997383952140808,0.022050900384783745,0.9992290735244751,0.2251323014497757
repl0195_eye_enlarging,C:\My_Project\AIGC\v815_replication_set\repl0195_eye_enlarging.jpg,1,1,eye_enlarging,DF40-cdf-SiT,False,22521,0.14217789471149445,0.8578221201896667,0.9996846914291382,0.03477615490555763,0.9991993308067322,0.23053598403930664
repl0195_face_reshaping,C:\My_Project\AIGC\v815_replication_set\repl0195_face_reshaping.jpg,1,1,face_reshaping,DF40-cdf-SiT,False,22521,0.13339442014694214,0.8666056394577026,0.9997840523719788,0.021838894113898277,0.9993818998336792,0.2083984911441803
repl0196_clean,C:\My_Project\AIGC\v815_replication_set\repl0196_clean.jpg,1,0,none,DF40-cdf-pixart,False,Celeb-real_id22_0009_309,0.09698377549648285,0.903016209602356,0.9998639822006226,0.007154895458370447,0.9991955161094666,0.3866109251976013
repl0196_smoothing_medium,C:\My_Project\AIGC\v815_replication_set\repl0196_smoothing_medium.jpg,1,1,smoothing_medium,DF40-cdf-pixart,False,Celeb-real_id22_0009_309,0.09799166768789291,0.9020083546638489,0.9999414682388306,0.0028973345179110765,0.9996144771575928,0.29903480410575867
repl0196_whitening_medium,C:\My_Project\AIGC\v815_replication_set\repl0196_whitening_medium.jpg,1,1,whitening_medium,DF40-cdf-pixart,False,Celeb-real_id22_0009_309,0.1004079207777977,0.8995921015739441,0.9998242259025574,0.00837699044495821,0.9987277388572693,0.49630308151245117
repl0196_eye_enlarging,C:\My_Project\AIGC\v815_replication_set\repl0196_eye_enlarging.jpg,1,1,eye_enlarging,DF40-cdf-pixart,False,Celeb-real_id22_0009_309,0.09910837560892105,0.9008916020393372,0.9997939467430115,0.010892207734286785,0.9988679885864258,0.4492691457271576
repl0196_face_reshaping,C:\My_Project\AIGC\v815_replication_set\repl0196_face_reshaping.jpg,1,1,face_reshaping,DF40-cdf-pixart,False,Celeb-real_id22_0009_309,0.10104937106370926,0.8989506363868713,0.9998819828033447,0.006516449153423309,0.9993268251419067,0.36947762966156006
repl0197_clean,C:\My_Project\AIGC\v815_replication_set\repl0197_clean.jpg,1,0,none,DF40-cdf-pixart,False,YouTube-real_00000_014,0.07940083742141724,0.9205991625785828,0.9999849796295166,0.001424878486432135,0.9999250173568726,0.15910090506076813
repl0197_smoothing_medium,C:\My_Project\AIGC\v815_replication_set\repl0197_smoothing_medium.jpg,1,1,smoothing_medium,DF40-cdf-pixart,False,YouTube-real_00000_014,0.08673690259456635,0.9132630825042725,0.9999880790710449,0.0013752286322414875,0.9999438524246216,0.16657541692256927
repl0197_whitening_medium,C:\My_Project\AIGC\v815_replication_set\repl0197_whitening_medium.jpg,1,1,whitening_medium,DF40-cdf-pixart,False,YouTube-real_00000_014,0.07885602861642838,0.9211440086364746,0.999975323677063,0.0015371192712336779,0.9998592138290405,0.16752426326274872
repl0197_eye_enlarging,C:\My_Project\AIGC\v815_replication_set\repl0197_eye_enlarging.jpg,1,1,eye_enlarging,DF40-cdf-pixart,False,YouTube-real_00000_014,0.08107030391693115,0.9189296960830688,0.999984622001648,0.0013782365713268518,0.9999239444732666,0.1472308188676834
repl0197_face_reshaping,C:\My_Project\AIGC\v815_replication_set\repl0197_face_reshaping.jpg,1,1,face_reshaping,DF40-cdf-pixart,False,YouTube-real_00000_014,0.08109761029481888,0.9189024567604065,0.9999871253967285,0.0013368483632802963,0.9999390840530396,0.15189166367053986
repl0198_clean,C:\My_Project\AIGC\v815_replication_set\repl0198_clean.jpg,1,0,none,DF40-cdf-sd2.1,False,Celeb-real_id52_0008_319,0.13090460002422333,0.8690953850746155,0.9992179870605469,0.20608073472976685,0.9991055130958557,0.471719890832901
repl0198_smoothing_medium,C:\My_Project\AIGC\v815_replication_set\repl0198_smoothing_medium.jpg,1,1,smoothing_medium,DF40-cdf-sd2.1,False,Celeb-real_id52_0008_319,0.1282646209001541,0.8717353343963623,0.9998509883880615,0.07377788424491882,0.9997918009757996,0.7731267809867859
repl0198_whitening_medium,C:\My_Project\AIGC\v815_replication_set\repl0198_whitening_medium.jpg,1,1,whitening_medium,DF40-cdf-sd2.1,False,Celeb-real_id52_0008_319,0.11582771688699722,0.884172260761261,0.9995446801185608,0.13221581280231476,0.9993999004364014,0.4516022801399231
repl0198_eye_enlarging,C:\My_Project\AIGC\v815_replication_set\repl0198_eye_enlarging.jpg,1,1,eye_enlarging,DF40-cdf-sd2.1,False,Celeb-real_id52_0008_319,0.12726080417633057,0.8727392554283142,0.9992508292198181,0.20592696964740753,0.9991564750671387,0.5030627846717834
repl0198_face_reshaping,C:\My_Project\AIGC\v815_replication_set\repl0198_face_reshaping.jpg,1,1,face_reshaping,DF40-cdf-sd2.1,False,Celeb-real_id52_0008_319,0.12907284498214722,0.870927095413208,0.9986758828163147,0.22943976521492004,0.9984052777290344,0.4718375504016876
repl0199_clean,C:\My_Project\AIGC\v815_replication_set\repl0199_clean.jpg,1,0,none,DF40-cdf-SiT,False,11536,0.11169615387916565,0.8883038759231567,0.9998456239700317,0.005386122968047857,0.9993515610694885,0.1033967062830925
repl0199_smoothing_medium,C:\My_Project\AIGC\v815_replication_set\repl0199_smoothing_medium.jpg,1,1,smoothing_medium,DF40-cdf-SiT,False,11536,0.11505325883626938,0.8849467039108276,0.999873161315918,0.01579873263835907,0.9996039271354675,0.5683209300041199
repl0199_whitening_medium,C:\My_Project\AIGC\v815_replication_set\repl0199_whitening_medium.jpg,1,1,whitening_medium,DF40-cdf-SiT,False,11536,0.11296040564775467,0.8870396614074707,0.9998522996902466,0.006207131780683994,0.9993554949760437,0.1457846611738205
repl0199_eye_enlarging,C:\My_Project\AIGC\v815_replication_set\repl0199_eye_enlarging.jpg,1,1,eye_enlarging,DF40-cdf-SiT,False,11536,0.11408546566963196,0.8859145641326904,0.9998432397842407,0.005309282802045345,0.9993467926979065,0.0959705263376236
repl0199_face_reshaping,C:\My_Project\AIGC\v815_replication_set\repl0199_face_reshaping.jpg,1,1,face_reshaping,DF40-cdf-SiT,False,11536,0.10891984403133392,0.8910801410675049,0.9998703002929688,0.005136712919920683,0.9995079040527344,0.08682145178318024
repl0200_clean,C:\My_Project\AIGC\v815_replication_set\repl0200_clean.jpg,1,0,none,DF40-cdf-SiT,False,25463,0.1182582899928093,0.8817416429519653,0.9998517036437988,0.021443212404847145,0.9995664954185486,0.28722912073135376
repl0200_smoothing_medium,C:\My_Project\AIGC\v815_replication_set\repl0200_smoothing_medium.jpg,1,1,smoothing_medium,DF40-cdf-SiT,False,25463,0.123280368745327,0.8767196536064148,0.9995917677879333,0.06250639259815216,0.9990350008010864,0.8560335040092468
repl0200_whitening_medium,C:\My_Project\AIGC\v815_replication_set\repl0200_whitening_medium.jpg,1,1,whitening_medium,DF40-cdf-SiT,False,25463,0.11868841201066971,0.8813115358352661,0.9999200105667114,0.013808410614728928,0.9997588992118835,0.24361653625965118
repl0200_eye_enlarging,C:\My_Project\AIGC\v815_replication_set\repl0200_eye_enlarging.jpg,1,1,eye_enlarging,DF40-cdf-SiT,False,25463,0.11381510645151138,0.8861849308013916,0.9998339414596558,0.028616169467568398,0.9995580315589905,0.31870603561401367
repl0200_face_reshaping,C:\My_Project\AIGC\v815_replication_set\repl0200_face_reshaping.jpg,1,1,face_reshaping,DF40-cdf-SiT,False,25463,0.11967765539884567,0.8803223967552185,0.9998206496238708,0.02778449095785618,0.9995291233062744,0.3076915740966797
