id,source,ftype,source_stem,lab_deltaE_mean,lab_deltaE_median,changed_pixel_proportion,face_region_changed_proportion,eye_region_changed_proportion,face_region_coverage_of_changed_pixels,eye_region_coverage_of_changed_pixels,fft_logmag_diff_mean,fft_logmag_diff_std,fft_logmag_diff_absmean,image_width,image_height,face_bbox_w,face_bbox_h,face_bbox_area_frac
repl0001_smoothing_medium,DF40-cdf-DiT,smoothing_medium,27001,2.8869848251342773,2.2360680103302,0.4734649658203125,0.5381406436233611,0.5675200803212851,0.2910180798607754,0.14573463534113248,-0.28988897800445557,0.8663997054100037,0.692779004573822,256,256,130.53173828125,160.782470703125,0.32023949258473294
repl0001_whitening_medium,DF40-cdf-DiT,whitening_medium,27001,29.416912078857422,31.032241821289062,1.0,1.0,1.0,0.25604248046875,0.12158203125,-0.03615327924489975,0.767328143119812,0.5513955354690552,256,256,130.53173828125,160.782470703125,0.32023949258473294
repl0001_eye_enlarging,DF40-cdf-DiT,eye_enlarging,27001,0.20920419692993164,0.0,0.028900146484375,0.10810488676996424,0.23305722891566266,0.9577613516367476,0.9804646251319957,0.003131096251308918,0.43843233585357666,0.28196269273757935,256,256,130.53173828125,160.782470703125,0.32023949258473294
repl0001_face_reshaping,DF40-cdf-DiT,face_reshaping,27001,1.626564860343933,0.0,0.1542510986328125,0.37443384982121575,0.4626004016064257,0.6215253734296172,0.36462558116529825,-0.012854560278356075,0.704721987247467,0.5101206302642822,256,256,130.53173828125,160.782470703125,0.32023949258473294
repl0002_smoothing_medium,DF40-cdf-DiT,smoothing_medium,27935,2.843677043914795,2.2360680103302,0.45111083984375,0.5863847865668622,0.611086395586796,0.39216614801785954,0.23230956568799893,-0.3116770088672638,0.8714110255241394,0.7030523419380188,256,256,142.96966552734375,165.08782958984375,0.360146358933946
repl0002_whitening_medium,DF40-cdf-DiT,whitening_medium,27935,16.28201675415039,15.033296585083008,1.0,1.0,1.0,0.30169677734375,0.1714935302734375,-0.05560242384672165,0.7730938196182251,0.5597757697105408,256,256,142.96966552734375,165.08782958984375,0.360146358933946
repl0002_eye_enlarging,DF40-cdf-DiT,eye_enlarging,27935,0.37436074018478394,0.0,0.049163818359375,0.15430912401375682,0.28614645431088176,0.946927374301676,0.9981378026070763,-0.0023146686144173145,0.5216996669769287,0.34894514083862305,256,256,142.96966552734375,165.08782958984375,0.360146358933946
repl0002_face_reshaping,DF40-cdf-DiT,face_reshaping,27935,1.8201711177825928,0.0,0.173797607421875,0.27432733158001216,0.3992348073672035,0.4762071992976295,0.3939420544337138,-0.029089219868183136,0.7215347290039062,0.519245445728302,256,256,142.96966552734375,165.08782958984375,0.360146358933946
repl0003_smoothing_medium,DF40-cdf-DiT,smoothing_medium,5576,3.2218222618103027,2.4494898319244385,0.515625,0.6306659205372132,0.6103466295070545,0.33351089015151514,0.20738636363636365,0.2158011645078659,0.7569438219070435,0.5709177851676941,256,256,133.77243041992188,157.22665405273438,0.3209318792637106
repl0003_whitening_medium,DF40-cdf-DiT,whitening_medium,5576,25.421194076538086,26.038433074951172,0.9990997314453125,1.0,1.0,0.2729202620767598,0.1753592864670037,-0.11269769072532654,0.5975751876831055,0.41293561458587646,256,256,133.77243041992188,157.22665405273438,0.3209318792637106
repl0003_eye_enlarging,DF40-cdf-DiT,eye_enlarging,5576,0.473252534866333,0.0,0.0527801513671875,0.18242865137101288,0.3006444870231667,0.9424689216536571,0.9979762937265105,-0.005340415518730879,0.4135032892227173,0.26433536410331726,256,256,133.77243041992188,157.22665405273438,0.3209318792637106
repl0003_face_reshaping,DF40-cdf-DiT,face_reshaping,5576,2.3075573444366455,0.0,0.1798095703125,0.32132064913262454,0.42004877199094237,0.48727087576374745,0.4092837746096402,-0.02049380913376808,0.5589950680732727,0.3801301121711731,256,256,133.77243041992188,157.22665405273438,0.3209318792637106
repl0004_smoothing_medium,DF40-cdf-SiT,smoothing_medium,9691,2.6007132530212402,2.2360680103302,0.4466400146484375,0.5260436103854561,0.526383319967923,0.3370913190529876,0.2242492569437327,-0.2790695130825043,0.8665263056755066,0.6886634230613708,256,256,141.0284881591797,159.99667358398438,0.34430067422557187
repl0004_whitening_medium,DF40-cdf-SiT,whitening_medium,9691,30.804439544677734,31.016124725341797,1.0,1.0,1.0,0.2862091064453125,0.190277099609375,-0.03399886190891266,0.7629778385162354,0.5530332922935486,256,256,141.0284881591797,159.99667358398438,0.34430067422557187
repl0004_eye_enlarging,DF40-cdf-SiT,eye_enlarging,9691,0.2407952845096588,0.0,0.0324554443359375,0.11270459028629312,0.1697674418604651,0.9938881053126469,0.99529854254819,-0.005857817828655243,0.48539072275161743,0.32077136635780334,256,256,141.0284881591797,159.99667358398438,0.34430067422557187
repl0004_face_reshaping,DF40-cdf-SiT,face_reshaping,9691,1.027456521987915,0.0,0.1403350830078125,0.24838726875299888,0.36463512429831596,0.5065782320321844,0.4944003479395455,-0.02363543212413788,0.6692942976951599,0.4756452143192291,256,256,141.0284881591797,159.99667358398438,0.34430067422557187
repl0005_smoothing_medium,DF40-cdf-pixart,smoothing_medium,Celeb-real_id54_0008_089,0.9127343893051147,1.0,0.08062076568603516,0.0730234586033959,0.09635435419501305,0.3546376142990643,0.3007322237600104,-0.07718801498413086,0.8809656500816345,0.6672199368476868,1024,1024,638.6973876953125,779.2835693359375,0.47466886521219465
repl0005_whitening_medium,DF40-cdf-pixart,whitening_medium,Celeb-real_id54_0008_089,22.455533981323242,19.10497283935547,1.0,1.0,1.0,0.39153385162353516,0.25162601470947266,0.017102312296628952,0.8747618794441223,0.6591001152992249,1024,1024,638.6973876953125,779.2835693359375,0.47466886521219465
repl0005_eye_enlarging,DF40-cdf-pixart,eye_enlarging,Celeb-real_id54_0008_089,0.6531843543052673,0.0,0.06497573852539062,0.16530387063302424,0.2582234535662443,0.9960958140081019,1.0,0.0018843174912035465,0.663374125957489,0.47368323802948,1024,1024,638.6973876953125,779.2835693359375,0.47466886521219465
repl0005_face_reshaping,DF40-cdf-pixart,face_reshaping,Celeb-real_id54_0008_089,0.19921518862247467,0.0,0.016958236694335938,0.019921910204041864,0.044896891782800014,0.4599595096164661,0.6661792824204251,0.004185927100479603,0.3323960602283478,0.20829088985919952,1024,1024,638.6973876953125,779.2835693359375,0.47466886521219465
repl0006_smoothing_medium,DF40-cdf-ddim,smoothing_medium,YouTube-real_00025_121,3.946399688720703,2.4494898319244385,0.5204925537109375,0.5495586892563661,0.5963008953663159,0.31761015508193835,0.2674796986309402,-0.48124268651008606,0.6436964869499207,0.6303791999816895,256,256,140.84739685058594,164.56692504882812,0.3536807708867329
repl0006_whitening_medium,DF40-cdf-ddim,whitening_medium,YouTube-real_00025_121,9.477311134338379,8.124038696289062,0.9994049072265625,0.9994420208988536,0.9995425135612052,0.3008229384551964,0.23350687817762644,-0.17888666689395905,0.3655014634132385,0.28566062450408936,256,256,140.84739685058594,164.56692504882812,0.3536807708867329
repl0006_eye_enlarging,DF40-cdf-ddim,eye_enlarging,YouTube-real_00025_121,0.7952455878257751,0.0,0.0699462890625,0.22486557776199656,0.29952290699954254,0.9670593368237347,0.99978184991274,-0.06180129200220108,0.6973530650138855,0.4981216788291931,256,256,140.84739685058594,164.56692504882812,0.3536807708867329
repl0006_face_reshaping,DF40-cdf-ddim,face_reshaping,YouTube-real_00025_121,3.1164350509643555,0.0,0.2299652099609375,0.2868012579892462,0.4267041369845108,0.37515758741954747,0.43321611041072255,-0.1628715693950653,0.7579702734947205,0.5685111284255981,256,256,140.84739685058594,164.56692504882812,0.3536807708867329
repl0007_smoothing_medium,DF40-cdf-pixart,smoothing_medium,YouTube-real_00012_025,0.9741688370704651,1.0,0.10503196716308594,0.05113545240014413,0.056523207484710576,0.22291935278842137,0.15348575371819784,-0.047767505049705505,0.8577372431755066,0.6390362977981567,1024,1024,723.6181030273438,812.8287353515625,0.5609298587429166
repl0007_whitening_medium,DF40-cdf-pixart,whitening_medium,YouTube-real_00012_025,20.70808982849121,17.029386520385742,0.9999961853027344,1.0,1.0,0.45787699843215346,0.2852097900764087,0.0023364084772765636,0.8520883321762085,0.6336095333099365,1024,1024,723.6181030273438,812.8287353515625,0.5609298587429166
repl0007_eye_enlarging,DF40-cdf-pixart,eye_enlarging,YouTube-real_00012_025,0.5788657665252686,0.0,0.06491661071777344,0.14172587098561393,0.22761090472576012,0.9996327310121933,1.0,0.002788747660815716,0.6121806502342224,0.423249751329422,1024,1024,723.6181030273438,812.8287353515625,0.5609298587429166
repl0007_face_reshaping,DF40-cdf-pixart,face_reshaping,YouTube-real_00012_025,0.3238932490348816,0.0,0.01767444610595703,0.017252044814076568,0.038369841805907114,0.4469324987859494,0.6191658123347542,0.004703786224126816,0.34325340390205383,0.21382790803909302,1024,1024,723.6181030273438,812.8287353515625,0.5609298587429166
repl0008_smoothing_medium,DF40-cdf-pixart,smoothing_medium,Celeb-real_id52_0005_343,1.1835464239120483,1.0,0.14680957794189453,0.09961070276865867,0.11885307750350328,0.22272818807205358,0.17906210821028837,-0.04222740978002548,0.8543426990509033,0.6358680129051208,1024,1024,602.6408081054688,707.1810302734375,0.40643324619373544
repl0008_whitening_medium,DF40-cdf-pixart,whitening_medium,Celeb-real_id52_0005_343,25.92168426513672,25.039968490600586,0.9999990463256836,1.0,1.0,0.32826454950766515,0.2211811267672794,-0.004294852260500193,0.8458477258682251,0.6268085241317749,1024,1024,602.6408081054688,707.1810302734375,0.40643324619373544
repl0008_eye_enlarging,DF40-cdf-pixart,eye_enlarging,Celeb-real_id52_0005_343,0.47492942214012146,0.0,0.05895709991455078,0.17873972284361292,0.2665559987064784,0.9951958072499636,1.0,0.001667675212956965,0.5688051581382751,0.38876044750213623,1024,1024,602.6408081054688,707.1810302734375,0.40643324619373544
repl0008_face_reshaping,DF40-cdf-pixart,face_reshaping,Celeb-real_id52_0005_343,0.2842513620853424,0.0,0.014603614807128906,0.01626623282298597,0.04130645682871618,0.36563704042316986,0.6256122249069418,0.006356008350849152,0.34427210688591003,0.21223965287208557,1024,1024,602.6408081054688,707.1810302734375,0.40643324619373544
repl0009_smoothing_medium,DF40-cdf-SiT,smoothing_medium,20610,3.9716670513153076,3.0,0.6130828857421875,0.6671781494552709,0.725310095776417,0.32464720376315986,0.22994599168719979,-0.040999963879585266,0.8226057291030884,0.617261528968811,256,256,140.41903686523438,164.3469696044922,0.3521338376401175
repl0009_whitening_medium,DF40-cdf-SiT,whitening_medium,20610,28.620689392089844,31.016124725341797,1.0,1.0,1.0,0.2983245849609375,0.194366455078125,-0.0877242311835289,0.651691198348999,0.4588111937046051,256,256,140.41903686523438,164.3469696044922,0.3521338376401175
repl0009_eye_enlarging,DF40-cdf-SiT,eye_enlarging,20610,0.495845228433609,0.0,0.06842041015625,0.22505242698583192,0.3495054168629298,0.9812667261373773,0.9928635147190009,-0.012076159939169884,0.4640990197658539,0.30457377433776855,256,256,140.41903686523438,164.3469696044922,0.3521338376401175
repl0009_face_reshaping,DF40-cdf-SiT,face_reshaping,20610,2.6816134452819824,0.0,0.190216064453125,0.30873101120147306,0.4572146333804365,0.4841970158832023,0.4671907588641104,-0.09724149852991104,0.7567050457000732,0.5592741966247559,256,256,140.41903686523438,164.3469696044922,0.3521338376401175
repl0010_smoothing_medium,DF40-cdf-DiT,smoothing_medium,4573,4.088292121887207,3.1622776985168457,0.6139984130859375,0.6744319157460935,0.6776609171224233,0.2928253684236686,0.20015407937573002,-0.33145928382873535,0.8188885450363159,0.6781502366065979,256,256,133.83168029785156,160.6885528564453,0.32814360097363604
repl0010_whitening_medium,DF40-cdf-DiT,whitening_medium,4573,24.1119384765625,25.079872131347656,1.0,1.0,1.0,0.2665863037109375,0.1813507080078125,-0.08270762860774994,0.6667636036872864,0.467007040977478,256,256,133.83168029785156,160.6885528564453,0.32814360097363604
repl0010_eye_enlarging,DF40-cdf-DiT,eye_enlarging,4573,0.5503814816474915,0.0,0.066864013671875,0.24057008757369355,0.3674379469920067,0.959151072569603,0.9965769055225924,-0.010633355937898159,0.48706355690956116,0.3233867585659027,256,256,133.83168029785156,160.6885528564453,0.32814360097363604
repl0010_face_reshaping,DF40-cdf-DiT,face_reshaping,4573,2.4805986881256104,0.0,0.21636962890625,0.38681243203022153,0.5451409339503576,0.4765867418899859,0.4569111424541608,-0.021780315786600113,0.6615591049194336,0.4755575358867645,256,256,133.83168029785156,160.6885528564453,0.32814360097363604
repl0012_smoothing_medium,DF40-cdf-DiT,smoothing_medium,8535,3.24988055229187,2.4494898319244385,0.518585205078125,0.5477731461167179,0.5966034406704896,0.29385629376802214,0.15918319307950332,0.015702079981565475,0.795303463935852,0.5849156379699707,256,256,136.9483184814453,161.5239715576172,0.3375310714608837
repl0012_whitening_medium,DF40-cdf-DiT,whitening_medium,8535,23.13884162902832,25.0,1.0,1.0,1.0,0.2781982421875,0.13836669921875,-0.07307076454162598,0.7069849371910095,0.5016652941703796,256,256,136.9483184814453,161.5239715576172,0.3375310714608837
repl0012_eye_enlarging,DF40-cdf-DiT,eye_enlarging,8535,0.33606821298599243,0.0,0.0439910888671875,0.15494734532689777,0.3179311865902073,0.9798820672910163,1.0,-0.002722312929108739,0.4272923767566681,0.27706900238990784,256,256,136.9483184814453,161.5239715576172,0.3375310714608837
repl0012_face_reshaping,DF40-cdf-DiT,face_reshaping,8535,1.9006421566009521,0.0,0.1563720703125,0.31894471259324264,0.40108072342302603,0.5674277907884465,0.35489851678376266,-0.03187195956707001,0.6632048487663269,0.46865126490592957,256,256,136.9483184814453,161.5239715576172,0.3375310714608837
repl0013_smoothing_medium,DF40-cdf-SiT,smoothing_medium,4835,2.7182271480560303,2.2360680103302,0.4318695068359375,0.4786252194099994,0.5048134126554894,0.29866091933717276,0.1648941808288874,-0.3437821865081787,0.8788443207740784,0.724099338054657,256,256,137.53260803222656,159.96116638183594,0.33569147333329497
repl0013_whitening_medium,DF40-cdf-SiT,whitening_medium,4835,29.556482315063477,31.0,1.0,1.0,1.0,0.2694854736328125,0.1410675048828125,-0.03480329364538193,0.7803606986999512,0.5633822679519653,256,256,137.53260803222656,159.96116638183594,0.33569147333329497
repl0013_eye_enlarging,DF40-cdf-SiT,eye_enlarging,4835,0.21416082978248596,0.0,0.0316162109375,0.11307400486948643,0.2241211465657112,0.9638030888030888,1.0,0.0023068860173225403,0.4468642771244049,0.2865790128707886,256,256,137.53260803222656,159.96116638183594,0.33569147333329497
repl0013_face_reshaping,DF40-cdf-SiT,face_reshaping,4835,1.3716051578521729,0.0,0.14447021484375,0.2880924069984712,0.341914548404543,0.5373891001267427,0.33386142796789187,-0.0014378901105374098,0.7012317180633545,0.5058810710906982,256,256,137.53260803222656,159.96116638183594,0.33569147333329497
repl0014_smoothing_medium,DF40-cdf-ddim,smoothing_medium,YouTube-real_00148_295,4.729143142700195,3.316624879837036,0.6657257080078125,0.566025641025641,0.5911883075619572,0.28334364757386143,0.19191363542597814,-0.38545337319374084,0.6873264312744141,0.604138970375061,256,256,152.47372436523438,171.72103881835938,0.39952005524448
repl0014_whitening_medium,DF40-cdf-ddim,whitening_medium,YouTube-real_00148_295,12.66267204284668,12.0,0.9962921142578125,0.9999084249084249,0.9998587869801596,0.33446158087390687,0.21688389260717075,-0.1622350811958313,0.3687434792518616,0.276684433221817,256,256,152.47372436523438,171.72103881835938,0.39952005524448
repl0014_eye_enlarging,DF40-cdf-ddim,eye_enlarging,YouTube-real_00148_295,0.5641932487487793,0.0,0.051727294921875,0.15402930402930404,0.23935606862952763,0.9923303834808259,1.0,-0.03058539889752865,0.5124866366386414,0.3427961468696594,256,256,152.47372436523438,171.72103881835938,0.39952005524448
repl0014_face_reshaping,DF40-cdf-ddim,face_reshaping,YouTube-real_00148_295,2.836306571960449,0.0,0.221771240234375,0.24711538461538463,0.3523264845018711,0.3713361772395762,0.34333287463877804,-0.09115384519100189,0.6735154390335083,0.48933541774749756,256,256,152.47372436523438,171.72103881835938,0.39952005524448
repl0015_smoothing_medium,DF40-cdf-sd2.1,smoothing_medium,Celeb-real_id25_0003_096,1.6071373224258423,1.4142135381698608,0.20202255249023438,0.2484740493611859,0.20612186314946593,0.3712683396589815,0.25761438093619593,-0.4085339307785034,0.8891449570655823,0.7438860535621643,512,512,305.3088073730469,339.0523681640625,0.39488095917197086
repl0015_whitening_medium,DF40-cdf-sd2.1,whitening_medium,Celeb-real_id25_0003_096,19.251710891723633,20.02498435974121,0.9998397827148438,1.0,1.0,0.3019091803954186,0.2525314572189453,-0.08446669578552246,0.783484935760498,0.5762105584144592,512,512,305.3088073730469,339.0523681640625,0.39488095917197086
repl0015_eye_enlarging,DF40-cdf-sd2.1,eye_enlarging,Celeb-real_id25_0003_096,0.5698477625846863,0.0,0.065948486328125,0.21111827223212143,0.26119143664355104,0.9663350300786673,1.0,-3.088570883846842e-05,0.5620324611663818,0.38443341851234436,512,512,305.3088073730469,339.0523681640625,0.39488095917197086
repl0015_face_reshaping,DF40-cdf-sd2.1,face_reshaping,Celeb-real_id25_0003_096,0.638889491558075,0.0,0.052066802978515625,0.10396683979729815,0.12574596987414827,0.6027547805700051,0.6097882628764012,-0.010136221535503864,0.45394816994667053,0.299526184797287,512,512,305.3088073730469,339.0523681640625,0.39488095917197086
repl0016_smoothing_medium,DF40-cdf-ddim,smoothing_medium,Celeb-real_id3_0003_143,5.159246444702148,3.7416574954986572,0.6926422119140625,0.5301838755304101,0.5909691266303451,0.206441521820545,0.1577115414270923,-0.3914318382740021,0.7103089094161987,0.6164653897285461,256,256,134.8705596923828,159.83917236328125,0.32894285030216963
repl0016_whitening_medium,DF40-cdf-ddim,whitening_medium,Celeb-real_id3_0003_143,13.992559432983398,13.03840446472168,0.9829254150390625,0.9564356435643564,0.9430411094601288,0.2624307248086685,0.1773444898085909,-0.17757894098758698,0.3869452476501465,0.29524558782577515,256,256,134.8705596923828,159.83917236328125,0.32894285030216963
repl0016_eye_enlarging,DF40-cdf-ddim,eye_enlarging,Celeb-real_id3_0003_143,0.6071145534515381,0.0,0.055755615234375,0.18523338048090524,0.30105662869407296,0.8960043787629994,0.9980842911877394,-0.019772015511989594,0.5493590831756592,0.3739175796508789,256,256,134.8705596923828,159.83917236328125,0.32894285030216963
repl0016_face_reshaping,DF40-cdf-ddim,face_reshaping,Celeb-real_id3_0003_143,3.5400190353393555,0.0,0.2081298828125,0.30212164073550213,0.441802872709262,0.3914956011730205,0.392375366568915,-0.12062837183475494,0.7315640449523926,0.5409904718399048,256,256,134.8705596923828,159.83917236328125,0.32894285030216963
repl0017_smoothing_medium,DF40-cdf-pixart,smoothing_medium,YouTube-real_00180_011,0.8221789002418518,0.0,0.0859375,0.06282872483712312,0.07553774298112075,0.22880415482954544,0.16188742897727273,0.006898847874253988,0.8246657252311707,0.6071606278419495,1024,1024,560.5637817382812,721.6239624023438,0.3857767652103625
repl0017_whitening_medium,DF40-cdf-pixart,whitening_medium,YouTube-real_00180_011,21.069538116455078,18.0,0.9972572326660156,0.999996952724569,0.9999948219260364,0.3138194510853973,0.18468107487807212,-0.033334046602249146,0.8242375254631042,0.6085537672042847,1024,1024,560.5637817382812,721.6239624023438,0.3857767652103625
repl0017_eye_enlarging,DF40-cdf-pixart,eye_enlarging,YouTube-real_00180_011,0.40530234575271606,0.0,0.05181598663330078,0.16550057593505646,0.2813402926647404,0.9995950895404266,1.0,0.0024087405763566494,0.5430833101272583,0.36434629559516907,1024,1024,560.5637817382812,721.6239624023438,0.3857767652103625
repl0017_face_reshaping,DF40-cdf-pixart,face_reshaping,YouTube-real_00180_011,0.2781737446784973,0.0,0.016445159912109375,0.023125773246140624,0.054255858990689826,0.4400951055439573,0.6076316399907215,0.0033697595354169607,0.32954835891723633,0.2026587426662445,1024,1024,560.5637817382812,721.6239624023438,0.3857767652103625
repl0018_smoothing_medium,DF40-cdf-pixart,smoothing_medium,YouTube-real_00062_276,0.9909752011299133,1.0,0.09824943542480469,0.1191274114797103,0.13262729523669436,0.3685038147191862,0.315078332783289,-0.11675144731998444,0.8909581303596497,0.6809089779853821,1024,1024,585.1943969726562,674.9490356445312,0.3766788424504064
repl0018_whitening_medium,DF40-cdf-pixart,whitening_medium,YouTube-real_00062_276,23.60629653930664,23.021728515625,1.0,1.0,1.0,0.3039207458496094,0.23340797424316406,0.009666305035352707,0.8794780969619751,0.6628557443618774,1024,1024,585.1943969726562,674.9490356445312,0.3766788424504064
repl0018_eye_enlarging,DF40-cdf-pixart,eye_enlarging,YouTube-real_00062_276,0.7541402578353882,0.0,0.07030677795410156,0.22869676544790452,0.30121840602093597,0.9886058435745096,1.0,0.0026971958577632904,0.6715400218963623,0.4816652536392212,1024,1024,585.1943969726562,674.9490356445312,0.3766788424504064
repl0018_face_reshaping,DF40-cdf-pixart,face_reshaping,YouTube-real_00062_276,0.2760019302368164,0.0,0.01747894287109375,0.026396053771133788,0.06994598481691222,0.4589698821475338,0.9340353557398516,0.004555756691843271,0.37458500266075134,0.23890839517116547,1024,1024,585.1943969726562,674.9490356445312,0.3766788424504064
repl0019_smoothing_medium,DF40-cdf-ddim,smoothing_medium,YouTube-real_00142_362,4.042670726776123,3.0,0.6137237548828125,0.7182977431434066,0.7225263720122846,0.3529250888839164,0.2690634245791999,-0.3991963565349579,0.8363437056541443,0.7085996270179749,256,256,147.97991943359375,160.98464965820312,0.3635024335703463
repl0019_whitening_medium,DF40-cdf-ddim,whitening_medium,YouTube-real_00142_362,24.249610900878906,26.038433074951172,1.0,1.0,1.0,0.301544189453125,0.228546142578125,-0.14440305531024933,0.4495449662208557,0.3204479515552521,256,256,147.97991943359375,160.98464965820312,0.3635024335703463
repl0019_eye_enlarging,DF40-cdf-ddim,eye_enlarging,YouTube-real_00142_362,0.7044720649719238,0.0,0.0777130126953125,0.2523530007084303,0.3391641073574576,0.9791871195758884,0.9974474769291184,-0.040626224130392075,0.5651841163635254,0.3871394097805023,256,256,147.97991943359375,160.98464965820312,0.3635024335703463
repl0019_face_reshaping,DF40-cdf-ddim,face_reshaping,YouTube-real_00142_362,2.058035135269165,0.0,0.188568115234375,0.34358870559659954,0.41340632928294835,0.5494416572260884,0.5010519501537466,-0.10961606353521347,0.685746431350708,0.497020959854126,256,256,147.97991943359375,160.98464965820312,0.3635024335703463
repl0020_smoothing_medium,DF40-cdf-ddim,smoothing_medium,Celeb-real_id33_0003_378,3.9302239418029785,2.4494898319244385,0.52667236328125,0.5347234493726807,0.5297919181876287,0.2630084598447097,0.21613164909027696,-0.44537973403930664,0.6230957508087158,0.5944727063179016,256,256,135.9547882080078,153.61648559570312,0.31867823432040865
repl0020_whitening_medium,DF40-cdf-ddim,whitening_medium,Celeb-real_id33_0003_378,12.007072448730469,11.045360565185547,0.9586029052734375,0.9977027743417565,0.9975143810808892,0.26961463158397403,0.22358053579103196,-0.16600826382637024,0.3217869699001312,0.255173921585083,256,256,135.9547882080078,153.61648559570312,0.31867823432040865
repl0020_eye_enlarging,DF40-cdf-ddim,eye_enlarging,Celeb-real_id33_0003_378,0.6266995668411255,0.0,0.05657958984375,0.21240501855451493,0.2631205170087352,0.9724919093851133,0.9991909385113269,-0.006243100389838219,0.35680386424064636,0.22062179446220398,256,256,135.9547882080078,153.61648559570312,0.31867823432040865
repl0020_face_reshaping,DF40-cdf-ddim,face_reshaping,Celeb-real_id33_0003_378,3.525761842727661,0.0,0.2115631103515625,0.31448430229133534,0.4800085221220084,0.3850703209520375,0.4874864767399928,-0.050697680562734604,0.6202128529548645,0.4388976991176605,256,256,135.9547882080078,153.61648559570312,0.31867823432040865
repl0021_smoothing_medium,DF40-cdf-DiT,smoothing_medium,27717,3.4178895950317383,2.4494898319244385,0.530853271484375,0.5679253472222222,0.5933761054274319,0.30089106064961196,0.19672319632078183,0.14401665329933167,0.8652243614196777,0.6562404632568359,256,256,133.0984649658203,161.5000762939453,0.3279939612821501
repl0021_whitening_medium,DF40-cdf-DiT,whitening_medium,27717,24.005647659301758,24.020824432373047,1.0,1.0,1.0,0.28125,0.175994873046875,-0.06060057878494263,0.7222471237182617,0.5123503804206848,256,256,133.0984649658203,161.5000762939453,0.3279939612821501
repl0021_eye_enlarging,DF40-cdf-DiT,eye_enlarging,27717,0.3862166404724121,0.0,0.0545654296875,0.1902126736111111,0.3092595803710768,0.9804250559284117,0.99748322147651,-0.0039803218096494675,0.44999727606773376,0.28985634446144104,256,256,133.0984649658203,161.5000762939453,0.3279939612821501
repl0021_face_reshaping,DF40-cdf-DiT,face_reshaping,27717,2.706719398498535,0.0,0.1773223876953125,0.2803819444444444,0.399167678168892,0.44471215902245936,0.3961793305223303,-0.028578966856002808,0.724257230758667,0.5237425565719604,256,256,133.0984649658203,161.5000762939453,0.3279939612821501
repl0022_smoothing_medium,DF40-cdf-DiT,smoothing_medium,7077,3.230924606323242,2.4494898319244385,0.548980712890625,0.5804683038263849,0.5771459476164722,0.28250597587414533,0.20762688309522487,-0.26124030351638794,0.8488003015518188,0.675730288028717,256,256,134.36558532714844,160.098876953125,0.3282437028812524
repl0022_whitening_medium,DF40-cdf-DiT,whitening_medium,7077,29.66901397705078,32.03123474121094,1.0,1.0,1.0,0.267181396484375,0.1974945068359375,-0.04205437749624252,0.7514750957489014,0.538845419883728,256,256,134.36558532714844,160.098876953125,0.3282437028812524
repl0022_eye_enlarging,DF40-cdf-DiT,eye_enlarging,7077,0.38941508531570435,0.0,0.0545806884765625,0.18983438035408337,0.2754384609441397,0.9292703382722952,0.9966452334358401,-0.002761305309832096,0.48250624537467957,0.3208070993423462,256,256,134.36558532714844,160.098876953125,0.3282437028812524
repl0022_face_reshaping,DF40-cdf-DiT,face_reshaping,7077,2.178276300430298,0.0,0.2019500732421875,0.31701884637350086,0.4946303020937959,0.41941820929353985,0.4837174159425765,-0.02885940670967102,0.7158907055854797,0.5190135836601257,256,256,134.36558532714844,160.098876953125,0.3282437028812524
repl0023_smoothing_medium,DF40-cdf-pixart,smoothing_medium,YouTube-real_00277_404,0.9618010520935059,1.0,0.09983348846435547,0.0921343453906722,0.09115098966909134,0.35400208247757514,0.25066152097284183,-0.027962107211351395,0.8522948622703552,0.6356393098831177,1024,1024,659.7218017578125,754.238037109375,0.47453620605094216
repl0023_whitening_medium,DF40-cdf-pixart,whitening_medium,YouTube-real_00277_404,23.31938934326172,22.045408248901367,0.9865684509277344,1.0,1.0,0.38880629333044625,0.2782757140702876,0.0016383749898523092,0.8554301857948303,0.6388126015663147,1024,1024,659.7218017578125,754.238037109375,0.47453620605094216
repl0023_eye_enlarging,DF40-cdf-pixart,eye_enlarging,YouTube-real_00277_404,0.8108456134796143,0.0,0.07629871368408203,0.19835064156910326,0.2779167274571514,0.9971876757702643,1.0,0.0007023986545391381,0.6256207227706909,0.4397687613964081,1024,1024,659.7218017578125,754.238037109375,0.47453620605094216
repl0023_face_reshaping,DF40-cdf-pixart,face_reshaping,YouTube-real_00277_404,0.27378103137016296,0.0,0.017614364624023438,0.022756372803735297,0.05534018355252645,0.4955603681645912,0.8625338386572821,0.0014405918773263693,0.3118465840816498,0.19214624166488647,1024,1024,659.7218017578125,754.238037109375,0.47453620605094216
repl0024_smoothing_medium,DF40-cdf-SiT,smoothing_medium,15558,3.8755083084106445,3.0,0.6093902587890625,0.5474348660189368,0.6232762406675451,0.22149886070561134,0.17767984575706738,0.26125568151474,0.839358389377594,0.6534355282783508,256,256,125.46542358398438,153.18328857421875,0.29326181315539657
repl0024_whitening_medium,DF40-cdf-SiT,whitening_medium,15558,17.418987274169922,18.027755737304688,0.935699462890625,1.0,1.0,0.2635106487068263,0.18565930661100422,-0.10162430256605148,0.6984758973121643,0.4966101050376892,256,256,125.46542358398438,153.18328857421875,0.29326181315539657
repl0024_eye_enlarging,DF40-cdf-SiT,eye_enlarging,15558,0.36497029662132263,0.0,0.0500030517578125,0.1943189553809023,0.28748353096179186,0.958193469636863,0.9987793713762587,-0.0010922435903921723,0.39490944147109985,0.2483556866645813,256,256,125.46542358398438,153.18328857421875,0.29326181315539657
repl0024_face_reshaping,DF40-cdf-SiT,face_reshaping,15558,2.164280891418457,0.0,0.20196533203125,0.30701157249829814,0.5090030742204655,0.37481112118464793,0.43782109398609853,-0.028802821412682533,0.6543918251991272,0.4583653509616852,256,256,125.46542358398438,153.18328857421875,0.29326181315539657
repl0025_smoothing_medium,DF40-cdf-DiT,smoothing_medium,1881,3.5204927921295166,3.0,0.57489013671875,0.599635174235753,0.5968133010045029,0.2530257989170825,0.1829281240046714,0.0033839584793895483,0.8118202686309814,0.598168134689331,256,256,123.79373931884766,153.988037109375,0.2908745563375703
repl0025_whitening_medium,DF40-cdf-DiT,whitening_medium,1881,27.838939666748047,29.0,1.0,1.0,1.0,0.242584228515625,0.17620849609375,-0.0721513032913208,0.6647270321846008,0.46862509846687317,256,256,123.79373931884766,153.988037109375,0.2908745563375703
repl0025_eye_enlarging,DF40-cdf-DiT,eye_enlarging,1881,0.39257609844207764,0.0,0.0564422607421875,0.2225437161907158,0.31988223068929683,0.9564747228980806,0.9986482833198161,-0.003033246146515012,0.4267336428165436,0.273639976978302,256,256,123.79373931884766,153.988037109375,0.2908745563375703
repl0025_face_reshaping,DF40-cdf-DiT,face_reshaping,1881,2.127560615539551,0.0,0.193939208984375,0.3625613284689898,0.5271908555594043,0.45350118017309204,0.4789929189614477,-0.026278015226125717,0.6198603510856628,0.43124186992645264,256,256,123.79373931884766,153.988037109375,0.2908745563375703
repl0026_smoothing_medium,DF40-cdf-pixart,smoothing_medium,Celeb-real_id56_0008_214,0.9409055113792419,1.0,0.09680747985839844,0.11295910299719687,0.11495257846278516,0.30964437001280665,0.21241257019012905,-0.054856929928064346,0.8781402111053467,0.6646325588226318,1024,1024,534.5147705078125,638.4110717773438,0.32543196441718436
repl0026_whitening_medium,DF40-cdf-pixart,whitening_medium,Celeb-real_id56_0008_214,18.475643157958984,16.031219482421875,0.9999780654907227,1.0,1.0,0.2653752361587826,0.17888747636027935,0.021244000643491745,0.8663645386695862,0.6514773368835449,1024,1024,534.5147705078125,638.4110717773438,0.32543196441718436
repl0026_eye_enlarging,DF40-cdf-pixart,eye_enlarging,Celeb-real_id56_0008_214,0.4025680720806122,0.0,0.052428245544433594,0.19602889384029326,0.2930858918927564,0.9922146430195543,1.0,0.0020709270611405373,0.5983350276947021,0.4157525897026062,1024,1024,534.5147705078125,638.4110717773438,0.32543196441718436
repl0026_face_reshaping,DF40-cdf-pixart,face_reshaping,Celeb-real_id56_0008_214,0.21456532180309296,0.0,0.016691207885742188,0.027452742039818876,0.07084175227777985,0.4364644040681065,0.7592275168552165,0.0019404224585741758,0.35048192739486694,0.2221420705318451,1024,1024,534.5147705078125,638.4110717773438,0.32543196441718436
repl0027_smoothing_medium,DF40-cdf-ddim,smoothing_medium,YouTube-real_00192_244,3.751420736312866,3.0,0.60186767578125,0.6142394509159457,0.6285335102853351,0.32217827806510496,0.24013791704695264,-0.6630568504333496,0.8023557662963867,0.8314812183380127,256,256,148.81024169921875,170.0316925048828,0.3860848580654732
repl0027_whitening_medium,DF40-cdf-ddim,whitening_medium,YouTube-real_00192_244,15.537124633789062,16.0,0.9999847412109375,0.9999516651360626,0.9999336429993364,0.31567864499885556,0.22993820096131837,-0.1366768777370453,0.515769362449646,0.36325445771217346,256,256,148.81024169921875,170.0316925048828,0.3860848580654732
repl0027_eye_enlarging,DF40-cdf-ddim,eye_enlarging,YouTube-real_00192_244,0.5708562731742859,0.0,0.059356689453125,0.18091739571753104,0.2581287325812873,0.9622107969151671,1.0,-0.05253022164106369,0.6635914444923401,0.46958765387535095,256,256,148.81024169921875,170.0316925048828,0.3860848580654732
repl0027_face_reshaping,DF40-cdf-ddim,face_reshaping,YouTube-real_00192_244,1.6356894969940186,0.0,0.1753997802734375,0.2780704722316207,0.372528201725282,0.5004784688995215,0.4883862548934319,-0.09324556589126587,0.6999131441116333,0.5081397891044617,256,256,148.81024169921875,170.0316925048828,0.3860848580654732
repl0028_smoothing_medium,DF40-cdf-SiT,smoothing_medium,16604,4.294496059417725,3.0,0.604217529296875,0.6065302866260186,0.6210910944935418,0.26880145461892013,0.1845800292944088,0.11610446125268936,0.8389976024627686,0.6233565807342529,256,256,131.93331909179688,161.83460998535156,0.32579616148824897
repl0028_whitening_medium,DF40-cdf-SiT,whitening_medium,16604,27.01871109008789,28.142494201660156,0.9999847412109375,1.0,1.0,0.2677805752651255,0.1795681696803235,-0.07419911026954651,0.7078489065170288,0.49690109491348267,256,256,131.93331909179688,161.83460998535156,0.32579616148824897
repl0028_eye_enlarging,DF40-cdf-SiT,eye_enlarging,16604,0.48788756132125854,0.0,0.0585784912109375,0.19739016468174825,0.3248640380693406,0.9023183120604324,0.9958322479812451,-0.00023790198611095548,0.4420115649700165,0.28129157423973083,256,256,131.93331909179688,161.83460998535156,0.32579616148824897
repl0028_face_reshaping,DF40-cdf-SiT,face_reshaping,16604,3.1221134662628174,0.0,0.188201904296875,0.3538093338651775,0.5274473147518695,0.503405221339387,0.5032430679422734,-0.02711920626461506,0.6524081230163574,0.4556978940963745,256,256,131.93331909179688,161.83460998535156,0.32579616148824897
repl0029_smoothing_medium,DF40-cdf-sd2.1,smoothing_medium,Celeb-real_id0_0004_146,0.931984543800354,1.0,0.0725860595703125,0.0656254706200225,0.07989949077106083,0.38932100063064956,0.314168593651461,-0.13117772340774536,0.8884308338165283,0.6809662580490112,512,512,344.592041015625,394.81915283203125,0.51899542887287
repl0029_whitening_medium,DF40-cdf-sd2.1,whitening_medium,Celeb-real_id0_0004_146,18.873769760131836,18.055469512939453,1.0,1.0,1.0,0.4306144714355469,0.2854118347167969,0.02700427547097206,0.8684448003768921,0.6526433825492859,512,512,344.592041015625,394.81915283203125,0.51899542887287
repl0029_eye_enlarging,DF40-cdf-sd2.1,eye_enlarging,Celeb-real_id0_0004_146,0.25805267691612244,0.0,0.030277252197265625,0.0699928244288334,0.10608267953327363,0.9954642812145647,1.0,0.004629948642104864,0.6491422653198242,0.4571596682071686,512,512,344.592041015625,394.81915283203125,0.51899542887287
repl0029_face_reshaping,DF40-cdf-sd2.1,face_reshaping,Celeb-real_id0_0004_146,0.2724568843841553,0.0,0.034214019775390625,0.021615300798171557,0.05691067776901589,0.27204816590478315,0.4747463485338388,0.0021798666566610336,0.5201870799064636,0.35224980115890503,512,512,344.592041015625,394.81915283203125,0.51899542887287
repl0030_smoothing_medium,DF40-cdf-ddim,smoothing_medium,YouTube-real_00218_107,5.268772602081299,4.123105525970459,0.739532470703125,0.7030636292223095,0.7111584068105807,0.24006520034663476,0.19304254528948128,-0.3018915057182312,0.7357204556465149,0.5954724550247192,256,256,129.56698608398438,153.04714965820312,0.3025796189873944
repl0030_whitening_medium,DF40-cdf-ddim,whitening_medium,YouTube-real_00218_107,21.342113494873047,19.02629852294922,0.9999847412109375,0.9999395733881201,1.0,0.2525062943465324,0.20074769207293813,-0.1438525915145874,0.40076789259910583,0.2879215478897095,256,256,129.56698608398438,153.04714965820312,0.3025796189873944
repl0030_eye_enlarging,DF40-cdf-ddim,eye_enlarging,YouTube-real_00218_107,0.7019801735877991,0.0,0.0735321044921875,0.2730678590851411,0.36622073578595316,0.9377464204191741,0.9997924880680639,-0.039467498660087585,0.5577607154846191,0.37609949707984924,256,256,129.56698608398438,153.04714965820312,0.3025796189873944
repl0030_face_reshaping,DF40-cdf-ddim,face_reshaping,YouTube-real_00218_107,3.602095365524292,0.0,0.2456512451171875,0.3788748564867968,0.5031164487686227,0.38946518417292997,0.4111435492887757,-0.11409265547990799,0.7175861597061157,0.5313188433647156,256,256,129.56698608398438,153.04714965820312,0.3025796189873944
repl0031_smoothing_medium,DF40-cdf-sd2.1,smoothing_medium,YouTube-real_00169_347,1.2993109226226807,1.0,0.14861679077148438,0.12939799238618452,0.13675299025808313,0.3603275238070792,0.31635822274699044,-0.2497389018535614,0.9032293558120728,0.7182274460792542,512,512,354.2318115234375,409.0245666503906,0.5527096298300052
repl0031_whitening_medium,DF40-cdf-sd2.1,whitening_medium,YouTube-real_00169_347,22.70584487915039,21.0,1.0,1.0,1.0,0.4138450622558594,0.34380340576171875,0.013003138825297356,0.8525108098983765,0.6374948620796204,512,512,354.2318115234375,409.0245666503906,0.5527096298300052
repl0031_eye_enlarging,DF40-cdf-sd2.1,eye_enlarging,YouTube-real_00169_347,0.5972908139228821,0.0,0.08046340942382812,0.1941707301335644,0.23403901204979696,0.9986725453942066,1.0,0.004738689865916967,0.6732794046401978,0.4766284227371216,512,512,354.2318115234375,409.0245666503906,0.5527096298300052
repl0031_face_reshaping,DF40-cdf-sd2.1,face_reshaping,YouTube-real_00169_347,0.46933451294898987,0.0,0.05030059814453125,0.04933309981841142,0.1265672502940328,0.40588502957682393,0.8650841801911118,0.001018111128360033,0.4706253409385681,0.3135877847671509,512,512,354.2318115234375,409.0245666503906,0.5527096298300052
repl0032_smoothing_medium,DF40-cdf-SiT,smoothing_medium,27806,3.6127519607543945,3.0,0.5776824951171875,0.4392460276248832,0.5098229706390328,0.22343432208985975,0.12475237063842151,-0.18599462509155273,0.8485299348831177,0.6531851887702942,256,256,142.40411376953125,164.74456787109375,0.35797583291667934
repl0032_whitening_medium,DF40-cdf-SiT,whitening_medium,27806,25.59636116027832,26.038433074951172,1.0,1.0,1.0,0.293853759765625,0.141357421875,-0.047313835471868515,0.7523937225341797,0.5314778089523315,256,256,142.40411376953125,164.74456787109375,0.35797583291667934
repl0032_eye_enlarging,DF40-cdf-SiT,eye_enlarging,27806,0.21175676584243774,0.0,0.029022216796875,0.09694672343960951,0.20520293609671847,0.9815983175604627,0.9994742376445847,0.001699885819107294,0.4022217094898224,0.24906998872756958,256,256,142.40411376953125,164.74456787109375,0.35797583291667934
repl0032_face_reshaping,DF40-cdf-SiT,face_reshaping,27806,1.5641393661499023,0.0,0.16162109375,0.23174784505140722,0.33657167530224524,0.42135574018126887,0.2943731117824773,-0.016747767105698586,0.6581845283508301,0.4654165506362915,256,256,142.40411376953125,164.74456787109375,0.35797583291667934
repl0033_smoothing_medium,DF40-cdf-SiT,smoothing_medium,22968,3.382983684539795,2.2360680103302,0.4976043701171875,0.5523219814241486,0.5718214678610718,0.30088007114163934,0.22314556438011715,-0.08266707509756088,0.8454446792602539,0.6336953043937683,256,256,139.03436279296875,150.27249145507812,0.3188024916804295
repl0033_whitening_medium,DF40-cdf-SiT,whitening_medium,22968,16.934005737304688,17.0587215423584,0.9989776611328125,1.0,1.0,0.2713497991415785,0.19438207395866747,-0.07364306598901749,0.723235011100769,0.5150693655014038,256,256,139.03436279296875,150.27249145507812,0.3188024916804295
repl0033_eye_enlarging,DF40-cdf-SiT,eye_enlarging,22968,0.47954899072647095,0.0,0.057464599609375,0.2066422741345342,0.29592959295929594,0.9747742963356346,1.0,-0.0006933100521564484,0.51090407371521,0.341164767742157,256,256,139.03436279296875,150.27249145507812,0.3188024916804295
repl0033_face_reshaping,DF40-cdf-SiT,face_reshaping,22968,1.9817029237747192,0.0,0.1893310546875,0.24559527160146355,0.385038503850385,0.3516279819471309,0.39490651192778853,-0.01679031178355217,0.6723361611366272,0.47468870878219604,256,256,139.03436279296875,150.27249145507812,0.3188024916804295
repl0034_smoothing_medium,DF40-cdf-sd2.1,smoothing_medium,Celeb-real_id47_0007_187,1.1392420530319214,1.0,0.10501480102539062,0.16377944708467473,0.18774246888978396,0.3492680446075048,0.3216971194013586,-0.06746966391801834,0.8796559572219849,0.6674304604530334,512,512,254.6099395751953,275.3553161621094,0.2674415604009379
repl0034_whitening_medium,DF40-cdf-sd2.1,whitening_medium,Celeb-real_id47_0007_187,20.604536056518555,21.047565460205078,1.0,1.0,1.0,0.22394943237304688,0.17994308471679688,0.04050165042281151,0.8787930011749268,0.6617767214775085,512,512,254.6099395751953,275.3553161621094,0.2674415604009379
repl0034_eye_enlarging,DF40-cdf-sd2.1,eye_enlarging,Celeb-real_id47_0007_187,0.31153634190559387,0.0,0.04224395751953125,0.18079615718738823,0.23476288397532383,0.9584612606104389,1.0,0.001924912678077817,0.5863052606582642,0.40678873658180237,512,512,254.6099395751953,275.3553161621094,0.2674415604009379
repl0034_face_reshaping,DF40-cdf-sd2.1,face_reshaping,Celeb-real_id47_0007_187,0.6381667256355286,0.0,0.0503387451171875,0.1051493007648151,0.1807678446503148,0.4677932706880873,0.646180660806305,0.005026009865105152,0.5101221203804016,0.34555336833000183,512,512,254.6099395751953,275.3553161621094,0.2674415604009379
repl0035_smoothing_medium,DF40-cdf-pixart,smoothing_medium,Celeb-real_id22_0008_167,1.0868624448776245,1.0,0.1286325454711914,0.08608380026077457,0.11528723159383118,0.181107791312342,0.18195298077564667,-0.09124798327684402,0.8862451910972595,0.6734675168991089,1024,1024,533.4698486328125,655.424560546875,0.3334515009929362
repl0035_whitening_medium,DF40-cdf-pixart,whitening_medium,Celeb-real_id22_0008_167,24.293262481689453,25.01999282836914,1.0,1.0,1.0,0.27062416076660156,0.20301532745361328,0.011408122256398201,0.8696225881576538,0.6533826589584351,1024,1024,533.4698486328125,655.424560546875,0.3334515009929362
repl0035_eye_enlarging,DF40-cdf-pixart,eye_enlarging,Celeb-real_id22_0008_167,0.44519174098968506,0.0,0.046677589416503906,0.16834760545512212,0.22992150396707958,0.9760343242414956,1.0,0.0029804434161633253,0.597310483455658,0.41752102971076965,1024,1024,533.4698486328125,655.424560546875,0.3334515009929362
repl0035_face_reshaping,DF40-cdf-pixart,face_reshaping,Celeb-real_id22_0008_167,0.2342984974384308,0.0,0.01499176025390625,0.019114071254889523,0.06717494139808435,0.3450381679389313,0.9096692111959288,0.01552894338965416,0.4219871461391449,0.27253133058547974,1024,1024,533.4698486328125,655.424560546875,0.3334515009929362
repl0036_smoothing_medium,DF40-cdf-sd2.1,smoothing_medium,YouTube-real_00102_088,2.6871912479400635,2.2360680103302,0.4575347900390625,0.3988651464973527,0.42272943414170233,0.15765382691345672,0.11859262964815741,-0.626531183719635,0.9236921668052673,0.8715674877166748,512,512,241.77267456054688,271.7799072265625,0.25065977120202376
repl0036_whitening_medium,DF40-cdf-sd2.1,whitening_medium,YouTube-real_00102_088,18.461627960205078,16.031219482421875,1.0,1.0,1.0,0.18084335327148438,0.12835693359375,-0.1074223592877388,0.7357855439186096,0.5362781286239624,512,512,241.77267456054688,271.7799072265625,0.25065977120202376
repl0036_eye_enlarging,DF40-cdf-sd2.1,eye_enlarging,YouTube-real_00102_088,0.3815942406654358,0.0,0.0468902587890625,0.2568397072162339,0.3652817403708987,0.9905629677839245,0.9999186462739994,0.0008381498628295958,0.40192779898643494,0.2570834457874298,512,512,241.77267456054688,271.7799072265625,0.25065977120202376
repl0036_face_reshaping,DF40-cdf-sd2.1,face_reshaping,YouTube-real_00102_088,0.4508940577507019,0.0,0.032299041748046875,0.07899677262851477,0.13736329053732763,0.4423054210464155,0.5458840203141608,-0.005136282183229923,0.31774747371673584,0.196450874209404,512,512,241.77267456054688,271.7799072265625,0.25065977120202376
repl0037_smoothing_medium,DF40-cdf-sd2.1,smoothing_medium,YouTube-real_00217_104,1.9713518619537354,1.4142135381698608,0.2753715515136719,0.3419283800884156,0.3673793906352046,0.288223641375871,0.17922894704032583,-0.24949008226394653,0.8915889263153076,0.703788161277771,512,512,252.18833923339844,301.917236328125,0.290451074277982
repl0037_whitening_medium,DF40-cdf-sd2.1,whitening_medium,YouTube-real_00217_104,18.097219467163086,16.031219482421875,1.0,1.0,1.0,0.23212051391601562,0.13434219360351562,-0.0329824835062027,0.8239301443099976,0.6076158881187439,512,512,252.18833923339844,301.917236328125,0.290451074277982
repl0037_eye_enlarging,DF40-cdf-sd2.1,eye_enlarging,YouTube-real_00217_104,0.32554152607917786,0.0,0.038318634033203125,0.16429193577544413,0.28486242439730813,0.9952215032354406,0.9987058237929318,0.00027178472373634577,0.48507869243621826,0.3225155174732208,512,512,252.18833923339844,301.917236328125,0.290451074277982
repl0037_face_reshaping,DF40-cdf-sd2.1,face_reshaping,YouTube-real_00217_104,0.5616593956947327,0.0,0.04700469970703125,0.09326365264835905,0.1625919300337905,0.46055835091705893,0.46469728940107125,-0.0005394619656726718,0.4519886374473572,0.2984335720539093,512,512,252.18833923339844,301.917236328125,0.290451074277982
repl0038_smoothing_medium,DF40-cdf-pixart,smoothing_medium,Celeb-real_id43_0005_332,0.8104395866394043,0.0,0.0752859115600586,0.06446404955602246,0.07763395683694563,0.28526911822454176,0.2345363110092092,-0.07264795154333115,0.8902372121810913,0.6769345998764038,1024,1024,610.919677734375,718.38818359375,0.4185461784451263
repl0038_whitening_medium,DF40-cdf-pixart,whitening_medium,Celeb-real_id43_0005_332,25.04798698425293,26.038433074951172,1.0,1.0,1.0,0.3331584930419922,0.22744274139404297,0.020521128550171852,0.8870046734809875,0.6710399985313416,1024,1024,610.919677734375,718.38818359375,0.4185461784451263
repl0038_eye_enlarging,DF40-cdf-pixart,eye_enlarging,Celeb-real_id43_0005_332,0.5639678835868835,0.0,0.06386089324951172,0.18954205334600477,0.2807778909895971,0.9888296521959888,1.0,0.006539883557707071,0.6590467095375061,0.47060075402259827,1024,1024,610.919677734375,718.38818359375,0.4185461784451263
repl0038_face_reshaping,DF40-cdf-pixart,face_reshaping,Celeb-real_id43_0005_332,0.2743423879146576,0.0,0.016623497009277344,0.02405665508298458,0.06700462491247049,0.4821295393264873,0.9167575010039585,0.0029770084656774998,0.3612843453884125,0.231006920337677,1024,1024,610.919677734375,718.38818359375,0.4185461784451263
repl0039_smoothing_medium,DF40-cdf-ddim,smoothing_medium,Celeb-real_id32_0004_427,5.068159103393555,3.7416574954986572,0.692108154296875,0.655483870967742,0.6846514269487435,0.2575951320604965,0.21261960403897878,-0.4526396691799164,0.7346279621124268,0.6655851602554321,256,256,137.7658233642578,156.74429321289062,0.32949839190860786
repl0039_whitening_medium,DF40-cdf-ddim,whitening_medium,Celeb-real_id32_0004_427,17.80490493774414,17.029386520385742,0.9874420166015625,0.9967461430575035,0.9961664063609258,0.27455070851297264,0.21683433004187722,-0.1665111780166626,0.3545188307762146,0.2734561860561371,256,256,137.7658233642578,156.74429321289062,0.32949839190860786
repl0039_eye_enlarging,DF40-cdf-ddim,eye_enlarging,Celeb-real_id32_0004_427,0.682752251625061,0.0,0.0711822509765625,0.25548387096774194,0.331037909981542,0.9762057877813505,0.9995712754555198,-0.021030917763710022,0.47331637144088745,0.31412529945373535,256,256,137.7658233642578,156.74429321289062,0.32949839190860786
repl0039_face_reshaping,DF40-cdf-ddim,face_reshaping,Celeb-real_id32_0004_427,3.965744972229004,0.0,0.2484588623046875,0.3497335203366059,0.5310947039613801,0.38285328256463796,0.4594362218264448,-0.08591924607753754,0.6940349340438843,0.5069697499275208,256,256,137.7658233642578,156.74429321289062,0.32949839190860786
repl0040_smoothing_medium,DF40-cdf-DiT,smoothing_medium,11427,2.8918042182922363,2.2360680103302,0.462677001953125,0.5377033543532405,0.5350158316260011,0.3346415144119781,0.18946639403733262,-0.2895788252353668,0.8756862878799438,0.6985025405883789,256,256,144.51251220703125,164.90631103515625,0.36363258798957077
repl0040_whitening_medium,DF40-cdf-DiT,whitening_medium,11427,27.35230255126953,27.037012100219727,1.0,1.0,1.0,0.2879486083984375,0.163848876953125,-0.057011742144823074,0.7699422240257263,0.5548679232597351,256,256,144.51251220703125,164.90631103515625,0.36363258798957077
repl0040_eye_enlarging,DF40-cdf-DiT,eye_enlarging,11427,0.3001149594783783,0.0,0.04058837890625,0.13767155953579566,0.2469733656174334,0.9766917293233083,0.9969924812030075,0.002366655506193638,0.48824188113212585,0.3191963732242584,256,256,144.51251220703125,164.90631103515625,0.36363258798957077
repl0040_face_reshaping,DF40-cdf-DiT,face_reshaping,11427,1.332739233970642,0.0,0.1513214111328125,0.3049652906576228,0.36943564909666604,0.5803166280125038,0.40002016738933144,-0.0059432671405375,0.6731846928596497,0.47453755140304565,256,256,144.51251220703125,164.90631103515625,0.36363258798957077
repl0041_smoothing_medium,DF40-cdf-pixart,smoothing_medium,YouTube-real_00006_469,0.8966426253318787,0.0,0.1044607162475586,0.0782749064402526,0.11176757243954925,0.22665814579814672,0.2366093029625234,-0.03923987224698067,0.8536036610603333,0.637187123298645,1024,1024,556.3377685546875,702.2352294921875,0.3725814634095883
repl0041_whitening_medium,DF40-cdf-pixart,whitening_medium,YouTube-real_00006_469,26.40068244934082,30.066593170166016,1.0,1.0,1.0,0.30248355865478516,0.22114086151123047,0.006138550117611885,0.8519463539123535,0.6349589228630066,1024,1024,556.3377685546875,702.2352294921875,0.3725814634095883
repl0041_eye_enlarging,DF40-cdf-pixart,eye_enlarging,YouTube-real_00006_469,0.5239979028701782,0.0,0.06506156921386719,0.20895272986376692,0.29420871732727283,0.9714608190906159,1.0,0.002204467309638858,0.6268686056137085,0.4380459189414978,1024,1024,556.3377685546875,702.2352294921875,0.3725814634095883
repl0041_face_reshaping,DF40-cdf-pixart,face_reshaping,YouTube-real_00006_469,0.3066996932029724,0.0,0.01811695098876953,0.028296503214293597,0.07363627346549768,0.47244301731852395,0.8988261304416487,0.0017374431481584907,0.3528183400630951,0.2217676043510437,1024,1024,556.3377685546875,702.2352294921875,0.3725814634095883
repl0042_smoothing_medium,DF40-cdf-SiT,smoothing_medium,15366,2.727876901626587,2.2360680103302,0.4463043212890625,0.5399792315680166,0.5084528922598922,0.3022325549591439,0.19022872576840233,-0.2816959023475647,0.8678249716758728,0.6919349431991577,256,256,127.33737182617188,157.68942260742188,0.30639277099022877
repl0042_whitening_medium,DF40-cdf-SiT,whitening_medium,15366,30.672786712646484,34.01470184326172,1.0,1.0,1.0,0.2498016357421875,0.1669769287109375,-0.05712493509054184,0.7802997827529907,0.5658184885978699,256,256,127.33737182617188,157.68942260742188,0.30639277099022877
repl0042_eye_enlarging,DF40-cdf-SiT,eye_enlarging,15366,0.3783624470233917,0.0,0.0506591796875,0.19650601673691284,0.30101434707118707,0.9689759036144578,0.9921686746987952,-0.0012695143232122064,0.5428043007850647,0.36787378787994385,256,256,127.33737182617188,157.68942260742188,0.30639277099022877
repl0042_face_reshaping,DF40-cdf-SiT,face_reshaping,15366,1.813032627105713,0.0,0.1766510009765625,0.35978254230040924,0.5142099972585215,0.5087673836054245,0.48604992657856094,-0.02439958229660988,0.7063782811164856,0.5069497227668762,256,256,127.33737182617188,157.68942260742188,0.30639277099022877
repl0043_smoothing_medium,DF40-cdf-SiT,smoothing_medium,20373,3.468146324157715,2.8284270763397217,0.5652008056640625,0.54935071875167,0.5563336766220391,0.27753030425744446,0.21875759293755567,0.027710914611816406,0.8305751085281372,0.6109940409660339,256,256,137.32688903808594,162.1041259765625,0.33967979920348057
repl0043_whitening_medium,DF40-cdf-SiT,whitening_medium,20373,23.243165969848633,23.0,1.0,1.0,1.0,0.2855377197265625,0.2222442626953125,-0.06109808757901192,0.7446247935295105,0.530368447303772,256,256,137.32688903808594,162.1041259765625,0.33967979920348057
repl0043_eye_enlarging,DF40-cdf-SiT,eye_enlarging,20373,0.4430054724216461,0.0,0.06451416015625,0.2185646342115107,0.2900789564023344,0.967360454115421,0.9992904446546831,0.005522221326828003,0.4732516407966614,0.30547255277633667,256,256,137.32688903808594,162.1041259765625,0.33967979920348057
repl0043_face_reshaping,DF40-cdf-SiT,face_reshaping,20373,2.6113929748535156,0.0,0.213165283203125,0.2980815475872388,0.4550635084105733,0.39928418038654256,0.4744452397995705,-0.005078116897493601,0.6419360041618347,0.4482975900173187,256,256,137.32688903808594,162.1041259765625,0.33967979920348057
repl0044_smoothing_medium,DF40-cdf-DiT,smoothing_medium,22502,2.601867437362671,2.2360680103302,0.450592041015625,0.451851122489169,0.4995461029697834,0.3108025736539113,0.2608872333220454,0.011183923110365868,0.8185797333717346,0.5994002223014832,256,256,142.76133728027344,168.60226440429688,0.3672772939276072
repl0044_whitening_medium,DF40-cdf-DiT,whitening_medium,22502,24.511945724487305,27.0,0.9876556396484375,1.0,1.0,0.3138103109985014,0.2382622398689882,-0.05509514734148979,0.7750983834266663,0.5574980974197388,256,256,142.76133728027344,168.60226440429688,0.3672772939276072
repl0044_eye_enlarging,DF40-cdf-DiT,eye_enlarging,22502,0.32291507720947266,0.0,0.04736328125,0.1495175265852698,0.20114122681883023,0.9784149484536082,0.9993556701030928,0.001797752338461578,0.49964016675949097,0.3216524124145508,256,256,142.76133728027344,168.60226440429688,0.3672772939276072
repl0044_face_reshaping,DF40-cdf-DiT,face_reshaping,22502,1.6357629299163818,0.0,0.196563720703125,0.24788302481291846,0.4314615484372974,0.39085545722713866,0.5165346995808104,-0.012272661551833153,0.6544536352157593,0.45446890592575073,256,256,142.76133728027344,168.60226440429688,0.3672772939276072
repl0045_smoothing_medium,DF40-cdf-SiT,smoothing_medium,6009,2.997549533843994,2.2360680103302,0.461517333984375,0.4584580654659665,0.46005977448716207,0.30886728823646104,0.22393043708258945,-0.006316270213574171,0.8396682143211365,0.62305748462677,256,256,152.53099060058594,159.41586303710938,0.3710305710830326
repl0045_whitening_medium,DF40-cdf-SiT,whitening_medium,6009,21.84372329711914,22.0,0.9999237060546875,1.0,1.0,0.31095206848667045,0.2246570325494804,-0.09194032102823257,0.7253822684288025,0.518943190574646,256,256,152.53099060058594,159.41586303710938,0.3710305710830326
repl0045_eye_enlarging,DF40-cdf-SiT,eye_enlarging,6009,0.44941404461860657,0.0,0.05804443359375,0.1772095990577612,0.25825295476158133,0.9492639327024185,0.9994742376445847,0.004535240586847067,0.4619014263153076,0.3005896210670471,256,256,152.53099060058594,159.41586303710938,0.3710305710830326
repl0045_face_reshaping,DF40-cdf-SiT,face_reshaping,6009,1.5237948894500732,0.0,0.156219482421875,0.26147126662413506,0.32692568944436895,0.5204141433873803,0.47011134987302206,-0.002617109101265669,0.5801567435264587,0.4019641578197479,256,256,152.53099060058594,159.41586303710938,0.3710305710830326
repl0046_smoothing_medium,DF40-cdf-sd2.1,smoothing_medium,YouTube-real_00023_312,2.446380615234375,2.0,0.380828857421875,0.25741016638363046,0.29705889994543894,0.24748577610385447,0.22905481208430162,0.09093543142080307,0.8159899115562439,0.6032424569129944,512,512,324.00537109375,367.306396484375,0.45398424262248227
repl0046_whitening_medium,DF40-cdf-sd2.1,whitening_medium,YouTube-real_00023_312,18.746841430664062,17.029386520385742,0.9842605590820312,0.9998958148838857,0.9998700927537738,0.3719624212264261,0.2983047694346906,-0.08194975554943085,0.7420979142189026,0.534652590751648,512,512,324.00537109375,367.306396484375,0.45398424262248227
repl0046_eye_enlarging,DF40-cdf-sd2.1,eye_enlarging,YouTube-real_00023_312,1.0078774690628052,0.0,0.10728073120117188,0.2878009647541752,0.36533814856192676,0.982256516018917,1.0,0.0039947000332176685,0.4875743091106415,0.31328535079956055,512,512,324.00537109375,367.306396484375,0.45398424262248227
repl0046_face_reshaping,DF40-cdf-sd2.1,face_reshaping,YouTube-real_00023_312,0.9646669030189514,0.0,0.06219482421875,0.06536574185011929,0.1464834108446569,0.3848135426889107,0.6916094210009813,0.00017803664377424866,0.38030219078063965,0.23602698743343353,512,512,324.00537109375,367.306396484375,0.45398424262248227
repl0047_smoothing_medium,DF40-cdf-pixart,smoothing_medium,Celeb-real_id56_0005_271,0.8567362427711487,0.0,0.08451557159423828,0.1112860608599869,0.135427372689259,0.3716500603694384,0.32562259509597047,-0.08709536492824554,0.8825656771659851,0.6706793308258057,1024,1024,540.9688720703125,665.99658203125,0.3435930440751349
repl0047_whitening_medium,DF40-cdf-pixart,whitening_medium,Celeb-real_id56_0005_271,24.75688934326172,25.0,1.0,1.0,1.0,0.28224754333496094,0.20320987701416016,0.0229631494730711,0.8731254935264587,0.6586517691612244,1024,1024,540.9688720703125,665.99658203125,0.3435930440751349
repl0047_eye_enlarging,DF40-cdf-pixart,eye_enlarging,Celeb-real_id56_0005_271,0.5845722556114197,0.0,0.05661773681640625,0.19708539725231283,0.27861705173150114,0.9824989893545344,1.0,0.005312445107847452,0.6704229116439819,0.481625497341156,1024,1024,540.9688720703125,665.99658203125,0.3435930440751349
repl0047_face_reshaping,DF40-cdf-pixart,face_reshaping,Celeb-real_id56_0005_271,0.16477912664413452,0.0,0.014905929565429688,0.02426019908230222,0.06167138318292105,0.45937300063979525,0.8407549584133077,0.002133762463927269,0.35242730379104614,0.22404640913009644,1024,1024,540.9688720703125,665.99658203125,0.3435930440751349
repl0048_smoothing_medium,DF40-cdf-sd2.1,smoothing_medium,Celeb-real_id29_0003_331,1.44138503074646,1.4142135381698608,0.1600799560546875,0.15199822168590527,0.19828691360825912,0.45624821275378896,0.4164998570203031,-0.3575991988182068,0.9051173329353333,0.7479449510574341,512,512,357.7490539550781,418.0664978027344,0.570537163083042
repl0048_whitening_medium,DF40-cdf-sd2.1,whitening_medium,Celeb-real_id29_0003_331,21.154996871948242,20.02498435974121,1.0,1.0,1.0,0.48050689697265625,0.3362464904785156,-0.025077015161514282,0.8526315689086914,0.6359533071517944,512,512,357.7490539550781,418.0664978027344,0.570537163083042
repl0048_eye_enlarging,DF40-cdf-sd2.1,eye_enlarging,Celeb-real_id29_0003_331,0.5798834562301636,0.0,0.07863235473632812,0.1612708594655531,0.2338533098871178,0.9854945907922185,1.0,0.0009238881757482886,0.6745442152023315,0.48336488008499146,512,512,357.7490539550781,418.0664978027344,0.570537163083042
repl0048_face_reshaping,DF40-cdf-sd2.1,face_reshaping,Celeb-real_id29_0003_331,0.6759236454963684,0.0,0.05572509765625,0.04340197837443038,0.0845878949458279,0.3742469879518072,0.5104052573932092,-0.0004197091911919415,0.486919641494751,0.32784152030944824,512,512,357.7490539550781,418.0664978027344,0.570537163083042
repl0049_smoothing_medium,DF40-cdf-SiT,smoothing_medium,21329,3.897099256515503,3.1622776985168457,0.6415557861328125,0.609151949444225,0.6328267960856074,0.25677250564870974,0.1891782613866096,-0.11402599513530731,0.8440931439399719,0.6371719241142273,256,256,131.54531860351562,159.8252410888672,0.32080478301877946
repl0049_whitening_medium,DF40-cdf-SiT,whitening_medium,21329,24.046571731567383,24.0,1.0,1.0,1.0,0.2704315185546875,0.1917877197265625,-0.07365377247333527,0.7441732883453369,0.533454418182373,256,256,131.54531860351562,159.8252410888672,0.32080478301877946
repl0049_eye_enlarging,DF40-cdf-SiT,eye_enlarging,21329,0.4830187261104584,0.0,0.065643310546875,0.23291767759408677,0.3414750576815976,0.9595536959553695,0.99767549976755,-0.0013936152681708336,0.5001274347305298,0.33369335532188416,256,256,131.54531860351562,159.8252410888672,0.32080478301877946
repl0049_face_reshaping,DF40-cdf-SiT,face_reshaping,21329,2.662214517593384,0.0,0.2259979248046875,0.36071771144840037,0.5488901265017105,0.43163864695159004,0.46580244412936334,-0.024852368980646133,0.6894916296005249,0.49113979935646057,256,256,131.54531860351562,159.8252410888672,0.32080478301877946
repl0050_smoothing_medium,DF40-cdf-pixart,smoothing_medium,YouTube-real_00041_293,0.9993811845779419,0.0,0.12979888916015625,0.10803685841073335,0.13723019564860922,0.25955151942632104,0.23365955445835537,-0.06357941776514053,0.8745672702789307,0.6598737239837646,1024,1024,572.4733276367188,681.983642578125,0.37233109022189126
repl0050_whitening_medium,DF40-cdf-pixart,whitening_medium,YouTube-real_00041_293,27.61536979675293,32.07802963256836,0.9999990463256836,1.0,1.0,0.3118336790406027,0.22100660420093937,-0.01033305935561657,0.8591418266296387,0.6432742476463318,1024,1024,572.4733276367188,681.983642578125,0.37233109022189126
repl0050_eye_enlarging,DF40-cdf-pixart,eye_enlarging,YouTube-real_00041_293,0.56586754322052,0.0,0.054149627685546875,0.16766417620595692,0.2450138516108431,0.9655336386051426,1.0,0.0010861121118068695,0.6366422176361084,0.4507445991039276,1024,1024,572.4733276367188,681.983642578125,0.37233109022189126
repl0050_face_reshaping,DF40-cdf-pixart,face_reshaping,YouTube-real_00041_293,0.27853724360466003,0.0,0.017444610595703125,0.024252173673699695,0.05758559087260833,0.4335228515197901,0.7295539033457249,0.0034730727784335613,0.38274261355400085,0.24539397656917572,1024,1024,572.4733276367188,681.983642578125,0.37233109022189126
repl0051_smoothing_medium,DF40-cdf-pixart,smoothing_medium,Celeb-real_id4_0007_114,0.8367543816566467,0.0,0.08658409118652344,0.08780474578109483,0.11829336556513813,0.28533979513162244,0.26302456217645115,-0.0734264925122261,0.8805142641067505,0.6669567227363586,1024,1024,535.7179565429688,666.8343505859375,0.3406859737859307
repl0051_whitening_medium,DF40-cdf-pixart,whitening_medium,Celeb-real_id4_0007_114,24.76740264892578,29.034461975097656,0.9999980926513672,1.0,1.0,0.28137356066429264,0.19251955512915636,0.02582128345966339,0.8757418990135193,0.6595064997673035,1024,1024,535.7179565429688,666.8343505859375,0.3406859737859307
repl0051_eye_enlarging,DF40-cdf-pixart,eye_enlarging,Celeb-real_id4_0007_114,0.4650629758834839,0.0,0.05316638946533203,0.18678082029277288,0.2761615090825329,0.9885020359109581,1.0,0.0018246566178277135,0.6459751725196838,0.4592219293117523,1024,1024,535.7179565429688,666.8343505859375,0.3406859737859307
repl0051_face_reshaping,DF40-cdf-pixart,face_reshaping,Celeb-real_id4_0007_114,0.26278868317604065,0.0,0.016897201538085938,0.029070535959409033,0.07336368274789346,0.48408398239078904,0.8358731233773563,0.004656709730625153,0.3811197876930237,0.24378952383995056,1024,1024,535.7179565429688,666.8343505859375,0.3406859737859307
repl0052_smoothing_medium,DF40-cdf-sd2.1,smoothing_medium,Celeb-real_id41_0008_116,1.5001592636108398,1.0,0.19133377075195312,0.20273057371096587,0.2591712577351889,0.27828618139043404,0.19789859840102078,-0.013640664517879486,0.8667088747024536,0.6469501852989197,512,512,268.57415771484375,310.3630676269531,0.31797599591714487
repl0052_whitening_medium,DF40-cdf-sd2.1,whitening_medium,Celeb-real_id41_0008_116,19.333707809448242,18.055469512939453,0.9999961853027344,1.0,1.0,0.26264290864146667,0.14609964790209923,-0.026670336723327637,0.8334715366363525,0.6160041093826294,512,512,268.57415771484375,310.3630676269531,0.31797599591714487
repl0052_eye_enlarging,DF40-cdf-sd2.1,eye_enlarging,Celeb-real_id41_0008_116,0.25223004817962646,0.0,0.03470611572265625,0.12546114742193173,0.2372385701976553,0.9494394372389536,0.998681028797538,6.160241173347458e-05,0.4988570511341095,0.3320211172103882,512,512,268.57415771484375,310.3630676269531,0.31797599591714487
repl0052_face_reshaping,DF40-cdf-sd2.1,face_reshaping,Celeb-real_id41_0008_116,0.47685325145721436,0.0,0.046245574951171875,0.09478576615831517,0.12334525705632,0.5383155984492287,0.3896725233028128,0.000522875227034092,0.4673636853694916,0.3091544210910797,512,512,268.57415771484375,310.3630676269531,0.31797599591714487
repl0053_smoothing_medium,DF40-cdf-sd2.1,smoothing_medium,YouTube-real_00159_432,1.1625750064849854,1.0,0.14403533935546875,0.18146322971948445,0.19951676062987753,0.5071243180253191,0.3805286296943694,0.025923416018486023,0.8289618492126465,0.61117023229599,512,512,406.63458251953125,438.53997802734375,0.6802578769045766
repl0053_whitening_medium,DF40-cdf-sd2.1,whitening_medium,YouTube-real_00159_432,19.480762481689453,18.027755737304688,1.0,1.0,1.0,0.40252685546875,0.27471160888671875,-0.008959331549704075,0.8147397041320801,0.5953240990638733,512,512,406.63458251953125,438.53997802734375,0.6802578769045766
repl0053_eye_enlarging,DF40-cdf-sd2.1,eye_enlarging,YouTube-real_00159_432,0.8937340378761292,0.0,0.07475662231445312,0.18491281273692192,0.27212764184741856,0.9956626014185844,1.0,0.005436563864350319,0.6461730599403381,0.4536173939704895,512,512,406.63458251953125,438.53997802734375,0.6802578769045766
repl0053_face_reshaping,DF40-cdf-sd2.1,face_reshaping,YouTube-real_00159_432,0.625271201133728,0.0,0.0304412841796875,0.03260993176648976,0.06670925097897631,0.431203007518797,0.6020050125313283,0.011618985794484615,0.47113537788391113,0.3064868152141571,512,512,406.63458251953125,438.53997802734375,0.6802578769045766
repl0054_smoothing_medium,DF40-cdf-sd2.1,smoothing_medium,Celeb-real_id1_0000_310,2.848665714263916,2.2360680103302,0.4297370910644531,0.23357716071301754,0.28978228368529246,0.1751750952038561,0.11011690767223244,-0.46176546812057495,0.9003417491912842,0.7805249094963074,512,512,290.35260009765625,356.9185791015625,0.3953256128894793
repl0054_whitening_medium,DF40-cdf-sd2.1,whitening_medium,Celeb-real_id1_0000_310,19.31305694580078,19.0,0.9996147155761719,1.0,1.0,0.3224127337879661,0.16336250157416912,-0.08758598566055298,0.7628452777862549,0.556423544883728,512,512,290.35260009765625,356.9185791015625,0.3953256128894793
repl0054_eye_enlarging,DF40-cdf-sd2.1,eye_enlarging,Celeb-real_id1_0000_310,0.3413417637348175,0.0,0.04485321044921875,0.1354543948109746,0.2746449261820221,0.9732947780234734,0.9999149515223678,0.0019771638326346874,0.38552072644233704,0.24199162423610687,512,512,290.35260009765625,356.9185791015625,0.3953256128894793
repl0054_face_reshaping,DF40-cdf-sd2.1,face_reshaping,Celeb-real_id1_0000_310,0.5992905497550964,0.0,0.043949127197265625,0.0744857136093554,0.07771911792188375,0.546219946185227,0.28877701588403787,-0.0009085225174203515,0.3759790360927582,0.23753267526626587,512,512,290.35260009765625,356.9185791015625,0.3953256128894793
repl0055_smoothing_medium,DF40-cdf-pixart,smoothing_medium,Celeb-real_id35_0006_043,0.7312077283859253,0.0,0.0641622543334961,0.06358009978495084,0.06583502204730807,0.3528738536541863,0.2168135673835818,-0.0687919333577156,0.8858732581138611,0.671592652797699,1024,1024,601.822021484375,750.7981567382812,0.43091474954125886
repl0055_whitening_medium,DF40-cdf-pixart,whitening_medium,Celeb-real_id35_0006_043,24.343801498413086,26.019224166870117,0.9999923706054688,0.9999785754265499,0.9999729203995144,0.3560999382014328,0.21130055466121414,0.018003007397055626,0.8838066458702087,0.6683900952339172,1024,1024,601.822021484375,750.7981567382812,0.43091474954125886
repl0055_eye_enlarging,DF40-cdf-pixart,eye_enlarging,Celeb-real_id35_0006_043,0.4159311354160309,0.0,0.05771064758300781,0.16200191214318044,0.27311582396454376,0.9996364477641537,1.0,0.005950638093054295,0.6496370434761047,0.46098238229751587,1024,1024,601.822021484375,750.7981567382812,0.43091474954125886
repl0055_face_reshaping,DF40-cdf-pixart,face_reshaping,Celeb-real_id35_0006_043,0.30987870693206787,0.0,0.0176239013671875,0.024008912622555254,0.060563526486105905,0.4851190476190476,0.7261363636363637,0.007724398747086525,0.3893633186817169,0.24966387450695038,1024,1024,601.822021484375,750.7981567382812,0.43091474954125886
repl0056_smoothing_medium,DF40-cdf-pixart,smoothing_medium,YouTube-real_00285_129,0.8905551433563232,0.0,0.09880733489990234,0.06322269850118832,0.08357215069305772,0.22876832646442807,0.19308540928701728,-0.06405533105134964,0.8700816035270691,0.6548593640327454,1024,1024,621.199951171875,751.8638305664062,0.44542100413870855
repl0056_whitening_medium,DF40-cdf-pixart,whitening_medium,YouTube-real_00285_129,25.430561065673828,24.0,1.0,1.0,1.0,0.3575296401977539,0.2282848358154297,0.009273412637412548,0.8567637801170349,0.6398727297782898,1024,1024,621.199951171875,751.8638305664062,0.44542100413870855
repl0056_eye_enlarging,DF40-cdf-pixart,eye_enlarging,YouTube-real_00285_129,0.48201242089271545,0.0,0.05492210388183594,0.14892090360819105,0.2405858614552959,0.9694391387393645,1.0,0.0032724221237003803,0.6183177828788757,0.4331636428833008,1024,1024,621.199951171875,751.8638305664062,0.44542100413870855
repl0056_face_reshaping,DF40-cdf-pixart,face_reshaping,YouTube-real_00285_129,0.19554997980594635,0.0,0.012966156005859375,0.019893464071464962,0.034707194599246365,0.5485436893203883,0.6110620770814945,0.002930406481027603,0.3231488764286041,0.20081621408462524,1024,1024,621.199951171875,751.8638305664062,0.44542100413870855
repl0057_smoothing_medium,DF40-cdf-DiT,smoothing_medium,28154,2.901315212249756,2.2360680103302,0.49334716796875,0.44639946034065997,0.486414684216882,0.24560806631201287,0.12458245700853643,-0.2841204106807709,0.8401479721069336,0.6709998846054077,256,256,135.26995849609375,160.41204833984375,0.3310994128601692
repl0057_whitening_medium,DF40-cdf-DiT,whitening_medium,28154,29.370155334472656,31.08053970336914,1.0,1.0,1.0,0.2714385986328125,0.1263580322265625,-0.04636719450354576,0.7420074939727783,0.5268780589103699,256,256,135.26995849609375,160.41204833984375,0.3310994128601692
repl0057_eye_enlarging,DF40-cdf-DiT,eye_enlarging,28154,0.16442617774009705,0.0,0.0223846435546875,0.07920625105402215,0.17679024272430865,0.9604635310156783,0.9979550102249489,-0.0037663551047444344,0.40216997265815735,0.2560783922672272,256,256,135.26995849609375,160.41204833984375,0.3310994128601692
repl0057_face_reshaping,DF40-cdf-DiT,face_reshaping,28154,1.2163058519363403,0.0,0.1442108154296875,0.23379616617010512,0.2720685907499094,0.4400592529891017,0.23838747222516135,-0.0183759443461895,0.6465547680854797,0.45800715684890747,256,256,135.26995849609375,160.41204833984375,0.3310994128601692
repl0058_smoothing_medium,DF40-cdf-pixart,smoothing_medium,Celeb-real_id38_0009_131,0.9400038123130798,1.0,0.10727405548095703,0.07041584617166687,0.10442776948482389,0.27021380628528247,0.27800151131261946,-0.035186126828193665,0.8390819430351257,0.6239222884178162,1024,1024,624.8892822265625,821.3326416015625,0.4894656800075978
repl0058_whitening_medium,DF40-cdf-pixart,whitening_medium,Celeb-real_id38_0009_131,24.583324432373047,22.045408248901367,0.9998865127563477,1.0,1.0,0.41170024140236555,0.28561114094331,-0.02909877337515354,0.8338179588317871,0.6196554899215698,1024,1024,624.8892822265625,821.3326416015625,0.4894656800075978
repl0058_eye_enlarging,DF40-cdf-pixart,eye_enlarging,Celeb-real_id38_0009_131,0.9337980151176453,0.0,0.08595752716064453,0.19606394069269084,0.30099415263265106,0.9389568748405135,1.0,0.0029334526043385267,0.6168015599250793,0.43021389842033386,1024,1024,624.8892822265625,821.3326416015625,0.4894656800075978
repl0058_face_reshaping,DF40-cdf-pixart,face_reshaping,Celeb-real_id38_0009_131,0.2538520395755768,0.0,0.014425277709960938,0.014866211050619716,0.03918170251560355,0.4242364141213804,0.7756842522808409,0.0025653764605522156,0.30984869599342346,0.1912222057580948,1024,1024,624.8892822265625,821.3326416015625,0.4894656800075978
repl0059_smoothing_medium,DF40-cdf-sd2.1,smoothing_medium,Celeb-real_id31_0009_458,1.7689112424850464,1.4142135381698608,0.23430633544921875,0.2770729311614963,0.28790285141837907,0.27555273354824006,0.19183680114616913,-0.2269669473171234,0.8913865685462952,0.7010627388954163,512,512,263.4108581542969,285.7631530761719,0.28714415504711965
repl0059_whitening_medium,DF40-cdf-sd2.1,whitening_medium,Celeb-real_id31_0009_458,19.84743881225586,19.05255889892578,1.0,1.0,1.0,0.23302078247070312,0.15612411499023438,-0.042396459728479385,0.8368499875068665,0.6233398914337158,512,512,263.4108581542969,285.7631530761719,0.28714415504711965
repl0059_eye_enlarging,DF40-cdf-sd2.1,eye_enlarging,Celeb-real_id31_0009_458,0.40991902351379395,0.0,0.04048919677734375,0.17343046574445445,0.25933980013194224,0.9981156962502356,1.0,-0.0033045050222426653,0.5780627131462097,0.40184110403060913,512,512,263.4108581542969,285.7631530761719,0.28714415504711965
repl0059_face_reshaping,DF40-cdf-sd2.1,face_reshaping,Celeb-real_id31_0009_458,0.5471145510673523,0.0,0.052883148193359375,0.10606531881804043,0.18269113299288978,0.46735915746952317,0.5393493471831494,-0.003544121515005827,0.4888142943382263,0.3287133574485779,512,512,263.4108581542969,285.7631530761719,0.28714415504711965
repl0060_smoothing_medium,DF40-cdf-DiT,smoothing_medium,15777,3.247504472732544,2.2360680103302,0.460693359375,0.5694195092758827,0.5623122439690487,0.3151497085320615,0.2045906200317965,0.024164622649550438,0.7777855396270752,0.5684444904327393,256,256,132.80450439453125,157.2274169921875,0.31861128526122684
repl0060_whitening_medium,DF40-cdf-DiT,whitening_medium,15777,17.88088607788086,16.031219482421875,0.997406005859375,1.0,1.0,0.2556374873787596,0.16805372823792186,-0.10687295347452164,0.6540518999099731,0.45800021290779114,256,256,132.80450439453125,157.2274169921875,0.31861128526122684
repl0060_eye_enlarging,DF40-cdf-DiT,eye_enlarging,15777,0.3846530020236969,0.0,0.0510101318359375,0.18557749850388988,0.30432407828857533,0.9276099311995214,1.0,-0.00031623986433260143,0.3659496009349823,0.21937204897403717,256,256,132.80450439453125,157.2274169921875,0.31861128526122684
repl0060_face_reshaping,DF40-cdf-DiT,face_reshaping,15777,1.9991638660430908,0.0,0.1576385498046875,0.31980849790544585,0.43067819754210285,0.5172780950537218,0.4579421159616688,-0.005318720359355211,0.5104117393493652,0.33721646666526794,256,256,132.80450439453125,157.2274169921875,0.31861128526122684
repl0061_smoothing_medium,DF40-cdf-pixart,smoothing_medium,YouTube-real_00009_055,1.1094709634780884,1.0,0.12939929962158203,0.12313234571696871,0.1452354819397326,0.2715554409109334,0.21454840255002394,-0.0353558249771595,0.8493148684501648,0.6329264044761658,1024,1024,550.7587280273438,675.8187255859375,0.35497003715588704
repl0061_whitening_medium,DF40-cdf-pixart,whitening_medium,YouTube-real_00009_055,19.00480842590332,18.027755737304688,0.8770875930786133,1.0,0.9990021951706246,0.3253683566146529,0.21772482774143112,-0.022390419617295265,0.8328222632408142,0.616723358631134,1024,1024,550.7587280273438,675.8187255859375,0.35497003715588704
repl0061_eye_enlarging,DF40-cdf-pixart,eye_enlarging,YouTube-real_00009_055,0.5278784036636353,0.0,0.05363655090332031,0.18327824915869922,0.28059269606864895,0.9751431314675865,1.0,-0.0013993199681863189,0.5960074067115784,0.4133692979812622,1024,1024,550.7587280273438,675.8187255859375,0.35497003715588704
repl0061_face_reshaping,DF40-cdf-pixart,face_reshaping,YouTube-real_00009_055,0.32889625430107117,0.0,0.016318321228027344,0.024699320609947232,0.059149870285372184,0.43194436327508623,0.6928876161533516,0.002337562618777156,0.33054691553115845,0.20546351373195648,1024,1024,550.7587280273438,675.8187255859375,0.35497003715588704
repl0062_smoothing_medium,DF40-cdf-ddim,smoothing_medium,Celeb-real_id17_0001_314,5.653552055358887,4.358899116516113,0.772613525390625,0.7238149158474445,0.7060002970444081,0.2777382786270095,0.18775921317691668,-0.47928985953330994,0.676887035369873,0.6506174206733704,256,256,140.02749633789062,163.88108825683594,0.35015653206991004
repl0062_whitening_medium,DF40-cdf-ddim,whitening_medium,Celeb-real_id17_0001_314,19.32489585876465,20.02498435974121,0.9843292236328125,0.9948015852591487,0.9935392841229764,0.2996171076903998,0.2073974174146243,-0.16194042563438416,0.3448133170604706,0.2668963670730591,256,256,140.02749633789062,163.88108825683594,0.35015653206991004
repl0062_eye_enlarging,DF40-cdf-ddim,eye_enlarging,Celeb-real_id17_0001_314,0.632929265499115,0.0,0.074981689453125,0.23959030315507746,0.3646220109906431,0.9472934472934473,0.9991859991859992,-0.0019505283562466502,0.32314828038215637,0.19681672751903534,256,256,140.02749633789062,163.88108825683594,0.35015653206991004
repl0062_face_reshaping,DF40-cdf-ddim,face_reshaping,Celeb-real_id17_0001_314,3.4497032165527344,0.0,0.2350616455078125,0.3505069741108652,0.4735630476756275,0.44206426484907496,0.4139565076273937,-0.04321475327014923,0.5526773929595947,0.376705139875412,256,256,140.02749633789062,163.88108825683594,0.35015653206991004
repl0063_smoothing_medium,DF40-cdf-SiT,smoothing_medium,9002,2.8743622303009033,2.2360680103302,0.461944580078125,0.6042729400468103,0.6337474120082816,0.3325956266102927,0.20221972649798506,0.15706586837768555,0.863244891166687,0.6552179455757141,256,256,130.297119140625,153.8533935546875,0.30588766403479895
repl0063_whitening_medium,DF40-cdf-SiT,whitening_medium,9002,29.66748809814453,35.05709457397461,1.0,1.0,1.0,0.2542572021484375,0.14739990234375,-0.06806223094463348,0.7498102784156799,0.540179967880249,256,256,130.297119140625,153.8533935546875,0.30588766403479895
repl0063_eye_enlarging,DF40-cdf-SiT,eye_enlarging,9002,0.39193665981292725,0.0,0.0498809814453125,0.18766128548280622,0.3346790890269151,0.9565616396451514,0.9889874579382074,-0.005578007083386183,0.5066132545471191,0.3343542814254761,256,256,130.297119140625,153.8533935546875,0.30588766403479895
repl0063_face_reshaping,DF40-cdf-SiT,face_reshaping,9002,2.4910709857940674,0.0,0.18157958984375,0.34813659004981096,0.515424430641822,0.48747899159663866,0.4184033613445378,-0.038945846259593964,0.7567289471626282,0.5535125732421875,256,256,130.297119140625,153.8533935546875,0.30588766403479895
repl0064_smoothing_medium,DF40-cdf-pixart,smoothing_medium,Celeb-real_id36_0009_049,0.7912413477897644,0.0,0.0825815200805664,0.06850635423503693,0.08393156606629391,0.3061563867749125,0.2491078955573776,-0.050961706787347794,0.883727490901947,0.6682146787643433,1024,1024,620.94873046875,742.038330078125,0.43942237760654734
repl0064_whitening_medium,DF40-cdf-pixart,whitening_medium,Celeb-real_id36_0009_049,27.51378059387207,26.038433074951172,1.0,1.0,1.0,0.36905860900878906,0.2451009750366211,0.03528500720858574,0.88270103931427,0.6679976582527161,1024,1024,620.94873046875,742.038330078125,0.43942237760654734
repl0064_eye_enlarging,DF40-cdf-pixart,eye_enlarging,Celeb-real_id36_0009_049,0.669093668460846,0.0,0.07547855377197266,0.19987544769061413,0.3079488107327816,0.9773074736243603,1.0,0.00239745550788939,0.6871953010559082,0.49385207891464233,1024,1024,620.94873046875,742.038330078125,0.43942237760654734
repl0064_face_reshaping,DF40-cdf-pixart,face_reshaping,Celeb-real_id36_0009_049,0.2531464993953705,0.0,0.01654529571533203,0.024845860056952964,0.04703373838066668,0.5542106173266471,0.6967548561876765,0.0031033549457788467,0.3417070209980011,0.21570219099521637,1024,1024,620.94873046875,742.038330078125,0.43942237760654734
repl0065_smoothing_medium,DF40-cdf-ddim,smoothing_medium,Celeb-real_id3_0001_073,4.7556610107421875,3.316624879837036,0.6692047119140625,0.8153120083901416,0.7976667881881152,0.3545158127550904,0.24944706660282281,-0.15168879926204681,0.7397611737251282,0.5563819408416748,256,256,139.7325439453125,162.16969299316406,0.34577001575874533
repl0065_whitening_medium,DF40-cdf-ddim,whitening_medium,Celeb-real_id3_0001_073,22.95328140258789,25.0,0.917877197265625,0.9999475616151022,0.9999270871308786,0.31700302556770954,0.22798151411377465,-0.14814184606075287,0.3802044689655304,0.2796746790409088,256,256,139.7325439453125,162.16969299316406,0.34577001575874533
repl0065_eye_enlarging,DF40-cdf-ddim,eye_enlarging,Celeb-real_id3_0001_073,0.7816669344902039,0.0,0.08544921875,0.2794441531200839,0.4067079839591688,0.9516071428571429,0.9960714285714286,-0.04478992521762848,0.5249695777893066,0.3532302975654602,256,256,139.7325439453125,162.16969299316406,0.34577001575874533
repl0065_face_reshaping,DF40-cdf-ddim,face_reshaping,Celeb-real_id3_0001_073,3.8425772190093994,0.0,0.2257080078125,0.36444677503932876,0.48129784907036094,0.469848566792861,0.4462547322877231,-0.08570200204849243,0.6613374948501587,0.4761873483657837,256,256,139.7325439453125,162.16969299316406,0.34577001575874533
repl0066_smoothing_medium,DF40-cdf-pixart,smoothing_medium,Celeb-real_id23_0008_287,0.8873414397239685,1.0,0.08506107330322266,0.08369069633975258,0.1032161118869237,0.23543327391162983,0.21794311212763334,-0.07149677723646164,0.8783953189849854,0.664139449596405,1024,1024,509.3122863769531,605.59326171875,0.2941475760845691
repl0066_whitening_medium,DF40-cdf-pixart,whitening_medium,Celeb-real_id23_0008_287,18.120119094848633,18.055469512939453,0.9066610336303711,0.9999521744675424,1.0,0.2639099697802573,0.19809867014198967,0.011900249868631363,0.8683393597602844,0.652058482170105,1024,1024,509.3122863769531,605.59326171875,0.2941475760845691
repl0066_eye_enlarging,DF40-cdf-pixart,eye_enlarging,Celeb-real_id23_0008_287,0.333429753780365,0.0,0.04369354248046875,0.17978813289121284,0.2432712270287204,0.9846123624934521,1.0,0.0004843747883569449,0.6041579842567444,0.4212706983089447,1024,1024,509.3122863769531,605.59326171875,0.2941475760845691
repl0066_face_reshaping,DF40-cdf-pixart,face_reshaping,Celeb-real_id23_0008_287,0.19127601385116577,0.0,0.013851165771484375,0.02233053819665859,0.05917709588866529,0.3857752685210686,0.767350592123382,0.0034961968194693327,0.3509351909160614,0.2204819768667221,1024,1024,509.3122863769531,605.59326171875,0.2941475760845691
repl0067_smoothing_medium,DF40-cdf-ddim,smoothing_medium,Celeb-real_id35_0003_204,3.208359718322754,2.0,0.43310546875,0.7296709585121602,0.6996913580246914,0.4492319616685457,0.3194757609921082,0.09467607736587524,0.7750704884529114,0.5689789056777954,256,256,132.49598693847656,157.4417724609375,0.3183044895561977
repl0067_whitening_medium,DF40-cdf-ddim,whitening_medium,Celeb-real_id35_0003_204,14.31825065612793,10.0,0.9834747314453125,0.9998855507868384,0.9998456790123457,0.27109676818767164,0.20104572324019052,-0.15814143419265747,0.39141979813575745,0.28678369522094727,256,256,132.49598693847656,157.4417724609375,0.3183044895561977
repl0067_eye_enlarging,DF40-cdf-ddim,eye_enlarging,Celeb-real_id35_0003_204,0.5309078097343445,0.0,0.0636444091796875,0.22666666666666666,0.3215277777777778,0.9496523615439942,0.9990409973627428,-0.03085976466536522,0.48398545384407043,0.32125750184059143,256,256,132.49598693847656,157.4417724609375,0.3183044895561977
repl0067_face_reshaping,DF40-cdf-ddim,face_reshaping,Celeb-real_id35_0003_204,2.700566053390503,0.0,0.1875,0.3536480686695279,0.47716049382716047,0.5029296875,0.5032552083333334,-0.1192220076918602,0.7273036241531372,0.5327073931694031,256,256,132.49598693847656,157.4417724609375,0.3183044895561977
repl0068_smoothing_medium,DF40-cdf-DiT,smoothing_medium,3061,2.7487316131591797,2.0,0.3909149169921875,0.4787931534667827,0.4929017090152817,0.32210468792692926,0.2127717709512471,-0.12357950210571289,0.8288520574569702,0.625300407409668,256,256,129.8260040283203,158.4700927734375,0.31392729038654466
repl0068_whitening_medium,DF40-cdf-DiT,whitening_medium,3061,12.983349800109863,13.0,0.9998931884765625,1.0,1.0,0.26301332234583163,0.1687649742861939,-0.07646312564611435,0.7437140345573425,0.5328267216682434,256,256,129.8260040283203,158.4700927734375,0.31392729038654466
repl0068_eye_enlarging,DF40-cdf-DiT,eye_enlarging,3061,0.24574574828147888,0.0,0.0338897705078125,0.12863359442993907,0.20083190161859119,0.9981990094552003,1.0,-0.005463286302983761,0.430778831243515,0.2730415463447571,256,256,129.8260040283203,158.4700927734375,0.31392729038654466
repl0068_face_reshaping,DF40-cdf-DiT,face_reshaping,3061,2.1449379920959473,0.0,0.15203857421875,0.20644038294168843,0.34786147029568676,0.35708550782818144,0.38608992372541145,-0.021806208416819572,0.6788066029548645,0.4781319200992584,256,256,129.8260040283203,158.4700927734375,0.31392729038654466
repl0069_smoothing_medium,DF40-cdf-pixart,smoothing_medium,Celeb-real_id32_0008_365,0.8784342408180237,0.0,0.09647655487060547,0.11809777270434575,0.12380541076765854,0.3517985824856914,0.28621136186155016,-0.06833630055189133,0.8765606880187988,0.6635738611221313,1024,1024,556.5654296875,671.701171875,0.3565269959890429
repl0069_whitening_medium,DF40-cdf-pixart,whitening_medium,Celeb-real_id32_0008_365,24.322065353393555,22.045408248901367,1.0,1.0,1.0,0.28739166259765625,0.22303295135498047,0.028131749480962753,0.8701502680778503,0.654557466506958,1024,1024,556.5654296875,671.701171875,0.3565269959890429
repl0069_eye_enlarging,DF40-cdf-pixart,eye_enlarging,Celeb-real_id32_0008_365,0.6525720357894897,0.0,0.07518386840820312,0.259417558204359,0.33709758110378973,0.9916281901669288,1.0,0.0015102659817785025,0.6654964685440063,0.47565242648124695,1024,1024,556.5654296875,671.701171875,0.3565269959890429
repl0069_face_reshaping,DF40-cdf-pixart,face_reshaping,Celeb-real_id32_0008_365,0.2913530766963959,0.0,0.015685081481933594,0.0303432530728185,0.06836364258317762,0.5559676536754423,0.972092174864717,0.0025135893374681473,0.33517441153526306,0.2110365480184555,1024,1024,556.5654296875,671.701171875,0.3565269959890429
repl0070_smoothing_medium,DF40-cdf-DiT,smoothing_medium,6750,3.342792272567749,2.4494898319244385,0.5084075927734375,0.5685602107251131,0.6071751087759626,0.34334763948497854,0.22197544944326061,0.10156963020563126,0.8865902423858643,0.669130265712738,256,256,144.59317016601562,162.5078582763672,0.3585437989054796
repl0070_whitening_medium,DF40-cdf-DiT,whitening_medium,6750,27.327701568603516,28.017850875854492,0.9999847412109375,1.0,1.0,0.3070267795834287,0.18587014572365912,-0.09130840003490448,0.6869755983352661,0.4815106689929962,256,256,144.59317016601562,162.5078582763672,0.3585437989054796
repl0070_eye_enlarging,DF40-cdf-DiT,eye_enlarging,6750,0.40220803022384644,0.0,0.0545806884765625,0.16684061428358432,0.29209424513586735,0.938495946323735,0.9946882862734134,-0.0016095440369099379,0.4514290690422058,0.28986090421676636,256,256,144.59317016601562,162.5078582763672,0.3585437989054796
repl0070_face_reshaping,DF40-cdf-DiT,face_reshaping,6750,1.9231144189834595,0.0,0.1553192138671875,0.24447095074797476,0.320334947869633,0.4832498280774143,0.3833382454072109,-0.013227352872490883,0.6093441247940063,0.42344534397125244,256,256,144.59317016601562,162.5078582763672,0.3585437989054796
repl0071_smoothing_medium,DF40-cdf-sd2.1,smoothing_medium,Celeb-real_id32_0002_159,2.2530605792999268,2.0,0.3509368896484375,0.4450124069478908,0.48206917475728156,0.29241488760380885,0.17271403104482805,-1.125121831893921,1.0550410747528076,1.2647829055786133,512,512,241.18292236328125,298.5508728027344,0.2746786955897207
repl0071_whitening_medium,DF40-cdf-sd2.1,whitening_medium,Celeb-real_id32_0002_159,20.037799835205078,18.138357162475586,0.9962844848632812,1.0,1.0,0.23145843703334992,0.12620132480759658,-0.20474043488502502,0.7128271460533142,0.5428106188774109,512,512,241.18292236328125,298.5508728027344,0.2746786955897207
repl0071_eye_enlarging,DF40-cdf-sd2.1,eye_enlarging,Celeb-real_id32_0002_159,0.32589566707611084,0.0,0.04709625244140625,0.2005955334987593,0.3745449029126214,0.9821804633079539,0.9999190021059452,-0.02159625105559826,0.4630892276763916,0.30641159415245056,512,512,241.18292236328125,298.5508728027344,0.2746786955897207
repl0071_face_reshaping,DF40-cdf-sd2.1,face_reshaping,Celeb-real_id32_0002_159,0.5765805840492249,0.0,0.0537261962890625,0.10688172043010753,0.18176577669902913,0.4587475149105368,0.4253763135472877,-0.020921502262353897,0.3987869918346405,0.25625258684158325,512,512,241.18292236328125,298.5508728027344,0.2746786955897207
repl0072_smoothing_medium,DF40-cdf-ddim,smoothing_medium,Celeb-real_id19_0001_290,4.5497727394104,3.1622776985168457,0.64117431640625,0.6150988904968644,0.6023875114784206,0.30345073774393144,0.20295097572584483,-0.9035411477088928,0.8085824847221375,1.0029996633529663,256,256,146.86056518554688,170.96206665039062,0.3831113545771103
repl0072_whitening_medium,DF40-cdf-ddim,whitening_medium,Celeb-real_id19_0001_290,19.320480346679688,19.02629852294922,0.9999847412109375,0.9999517607332369,1.0,0.3163042648966201,0.21602197299153125,-0.17413394153118134,0.3990030586719513,0.30204981565475464,256,256,146.86056518554688,170.96206665039062,0.3831113545771103
repl0072_eye_enlarging,DF40-cdf-ddim,eye_enlarging,Celeb-real_id19_0001_290,0.4710930287837982,0.0,0.0577850341796875,0.1728895320791124,0.26750017659108566,0.9463955637707948,1.0,-0.0400460809469223,0.4831468164920807,0.3215256929397583,256,256,146.86056518554688,170.96206665039062,0.3831113545771103
repl0072_face_reshaping,DF40-cdf-ddim,face_reshaping,Celeb-real_id19_0001_290,2.049527645111084,0.0,0.197601318359375,0.2687409551374819,0.3713357349720986,0.4301930501930502,0.40594594594594596,-0.10752453655004501,0.6780114769935608,0.490146666765213,256,256,146.86056518554688,170.96206665039062,0.3831113545771103
repl0073_smoothing_medium,DF40-cdf-SiT,smoothing_medium,10159,2.8609797954559326,2.2360680103302,0.446044921875,0.5965499485066942,0.6183223122074448,0.39631226053639845,0.284688013136289,-0.33929523825645447,0.8204068541526794,0.6738457679748535,256,256,146.9153289794922,156.18202209472656,0.35012105036512864
repl0073_whitening_medium,DF40-cdf-SiT,whitening_medium,10159,26.58184051513672,28.017850875854492,1.0,1.0,1.0,0.29632568359375,0.2053680419921875,-0.07124622911214828,0.6890327334403992,0.4895523190498352,256,256,146.9153289794922,156.18202209472656,0.35012105036512864
repl0073_eye_enlarging,DF40-cdf-SiT,eye_enlarging,10159,0.5004078149795532,0.0,0.0652008056640625,0.20669412976313079,0.316071030537187,0.9393868476480225,0.9955534753100866,-0.030538050457835197,0.5534375309944153,0.37201082706451416,256,256,146.9153289794922,156.18202209472656,0.35012105036512864
repl0073_face_reshaping,DF40-cdf-SiT,face_reshaping,10159,1.845992088317871,0.0,0.1736907958984375,0.27646755921730176,0.3226837060702875,0.47166827725555655,0.3815338662918387,-0.048712559044361115,0.6400117874145508,0.44492048025131226,256,256,146.9153289794922,156.18202209472656,0.35012105036512864
repl0074_smoothing_medium,DF40-cdf-ddim,smoothing_medium,Celeb-real_id4_0005_360,5.174426555633545,4.123105525970459,0.7340850830078125,0.7272636016864084,0.6936775799051248,0.30119104533455276,0.185412292918165,-0.484485000371933,0.7066277265548706,0.6655554175376892,256,256,141.62738037109375,167.14288330078125,0.36120618758485534
repl0074_whitening_medium,DF40-cdf-ddim,whitening_medium,Celeb-real_id4_0005_360,17.236286163330078,16.0623779296875,0.9939422607421875,1.0,1.0,0.3058689878567371,0.19740861849276164,-0.16547010838985443,0.3937213122844696,0.2903933525085449,256,256,141.62738037109375,167.14288330078125,0.36120618758485534
repl0074_eye_enlarging,DF40-cdf-ddim,eye_enlarging,Celeb-real_id4_0005_360,0.6118791699409485,0.0,0.071746826171875,0.23248343706083116,0.3647250952640174,0.9851127179923437,0.9974478945129732,-0.005475770682096481,0.3414846956729889,0.20778486132621765,256,256,141.62738037109375,167.14288330078125,0.36120618758485534
repl0074_face_reshaping,DF40-cdf-ddim,face_reshaping,Celeb-real_id4_0005_360,4.066561222076416,0.0,0.2504119873046875,0.33477213410961654,0.45501205381444904,0.4064347084272744,0.35652915727256107,-0.08158699423074722,0.7075380086898804,0.5156347155570984,256,256,141.62738037109375,167.14288330078125,0.36120618758485534
repl0075_smoothing_medium,DF40-cdf-SiT,smoothing_medium,5810,3.379511833190918,2.4494898319244385,0.5555572509765625,0.5183210784313725,0.5222748103072646,0.232332665000412,0.19094180010436979,-0.40958938002586365,0.8700771331787109,0.7357189655303955,256,256,129.774169921875,154.92587280273438,0.306783699682569
repl0075_whitening_medium,DF40-cdf-SiT,whitening_medium,5810,22.54644203186035,22.045408248901367,1.0,1.0,1.0,0.2490234375,0.2031097412109375,-0.08488749712705612,0.7271381616592407,0.5179469585418701,256,256,129.774169921875,154.92587280273438,0.306783699682569
repl0075_eye_enlarging,DF40-cdf-SiT,eye_enlarging,5810,0.3134125769138336,0.0,0.041259765625,0.16139705882352942,0.2028397565922921,0.974112426035503,0.9985207100591716,0.00022439280292019248,0.43541520833969116,0.2791999578475952,256,256,129.774169921875,154.92587280273438,0.306783699682569
repl0075_face_reshaping,DF40-cdf-SiT,face_reshaping,5810,1.8981224298477173,0.0,0.1759796142578125,0.273406862745098,0.44647284201036735,0.3868897945027313,0.515303910517645,-0.02424127422273159,0.6702122092247009,0.47611725330352783,256,256,129.774169921875,154.92587280273438,0.306783699682569
repl0076_smoothing_medium,DF40-cdf-DiT,smoothing_medium,26853,2.633084774017334,2.2360680103302,0.445831298828125,0.5421937272569746,0.561758100737889,0.32127455678006706,0.23971524402765418,-0.32725539803504944,0.8856655955314636,0.7258166670799255,256,256,135.8541259765625,151.638671875,0.31434233446998405
repl0076_whitening_medium,DF40-cdf-DiT,whitening_medium,26853,31.411815643310547,31.016124725341797,1.0,1.0,1.0,0.2641754150390625,0.19024658203125,-0.041580092161893845,0.7969260215759277,0.5868997573852539,256,256,135.8541259765625,151.638671875,0.31434233446998405
repl0076_eye_enlarging,DF40-cdf-DiT,eye_enlarging,26853,0.2706758677959442,0.0,0.0394287109375,0.1461329636689193,0.20628809752967597,0.9791021671826625,0.9953560371517027,-0.005053700879216194,0.520127534866333,0.3471359610557556,256,256,135.8541259765625,151.638671875,0.31434233446998405
repl0076_face_reshaping,DF40-cdf-DiT,face_reshaping,26853,1.2363405227661133,0.0,0.1533660888671875,0.24149483047421014,0.37351620147577796,0.4159785096010347,0.4633369813948861,-0.004561896901577711,0.6795272827148438,0.48391860723495483,256,256,135.8541259765625,151.638671875,0.31434233446998405
repl0077_smoothing_medium,DF40-cdf-SiT,smoothing_medium,541,3.1532602310180664,2.2360680103302,0.4889984130859375,0.6035049878673497,0.577435470441299,0.3492370580709583,0.17312072892938496,0.04866417124867439,0.8515890836715698,0.6324310302734375,256,256,133.18861389160156,166.195068359375,0.3377577330078907
repl0077_whitening_medium,DF40-cdf-SiT,whitening_medium,541,30.24959373474121,31.032241821289062,1.0,1.0,1.0,0.2829742431640625,0.1466064453125,-0.09267102181911469,0.7060717344284058,0.50387042760849,256,256,133.18861389160156,166.195068359375,0.3377577330078907
repl0077_eye_enlarging,DF40-cdf-SiT,eye_enlarging,541,0.2845487594604492,0.0,0.0408782958984375,0.133998382313292,0.27674854288093254,0.927584919746174,0.992534527808884,0.0024386821314692497,0.38942399621009827,0.2414567768573761,256,256,133.18861389160156,166.195068359375,0.3377577330078907
repl0077_face_reshaping,DF40-cdf-SiT,face_reshaping,541,2.2388908863067627,0.0,0.1576995849609375,0.2968994338096522,0.40226894254787676,0.5327527818093856,0.3739719400096759,-0.016370156779885292,0.6391655802726746,0.44655704498291016,256,256,133.18861389160156,166.195068359375,0.3377577330078907
repl0078_smoothing_medium,DF40-cdf-sd2.1,smoothing_medium,Celeb-real_id40_0005_082,1.4351221323013306,1.0,0.1699371337890625,0.2439139708122761,0.2578204543060773,0.5211232827511897,0.32968932387537037,-0.5025322437286377,0.8966209888458252,0.7981414198875427,512,512,304.08734130859375,378.98126220703125,0.43961869976162404
repl0078_whitening_medium,DF40-cdf-sd2.1,whitening_medium,Celeb-real_id40_0005_082,16.759546279907227,15.033296585083008,0.9998359680175781,0.9999474662996312,0.9999824456693466,0.3631119301338034,0.21733988042777402,-0.11126916855573654,0.7800957560539246,0.5764967203140259,512,512,304.08734130859375,378.98126220703125,0.43961869976162404
repl0078_eye_enlarging,DF40-cdf-sd2.1,eye_enlarging,Celeb-real_id40_0005_082,0.6026344299316406,0.0,0.05919647216796875,0.15567836767286214,0.2724081030790296,0.9548266529191907,1.0,-0.019548984244465828,0.6550641655921936,0.4657854735851288,512,512,304.08734130859375,378.98126220703125,0.43961869976162404
repl0078_face_reshaping,DF40-cdf-sd2.1,face_reshaping,Celeb-real_id40_0005_082,0.5856291055679321,0.0,0.041301727294921875,0.05427781922103029,0.06667134782150756,0.4771404821280133,0.3507896924355777,-0.01637190952897072,0.4779263734817505,0.3203241229057312,512,512,304.08734130859375,378.98126220703125,0.43961869976162404
repl0079_smoothing_medium,DF40-cdf-sd2.1,smoothing_medium,YouTube-real_00015_085,1.770219326019287,1.0,0.23296356201171875,0.24143796176538332,0.2492502033346889,0.44627476666120847,0.32115605043392825,-0.17748525738716125,0.8597026467323303,0.6560602188110352,512,512,355.46923828125,402.3475036621094,0.5455862451596545
repl0079_whitening_medium,DF40-cdf-sd2.1,whitening_medium,YouTube-real_00015_085,21.564783096313477,21.0,1.0,1.0,1.0,0.43061065673828125,0.3001708984375,-0.05788523331284523,0.7843697667121887,0.5699802041053772,512,512,355.46923828125,402.3475036621094,0.5455862451596545
repl0079_eye_enlarging,DF40-cdf-sd2.1,eye_enlarging,YouTube-real_00015_085,0.8538932800292969,0.0,0.0886383056640625,0.2023971935295264,0.295292801952013,0.9832587364434499,1.0,0.00030241598142310977,0.624850332736969,0.4362806975841522,512,512,355.46923828125,402.3475036621094,0.5455862451596545
repl0079_face_reshaping,DF40-cdf-sd2.1,face_reshaping,YouTube-real_00015_085,0.4832344055175781,0.0,0.0474700927734375,0.06213568150812353,0.10700488003253356,0.5636451301832208,0.6766313082610094,-0.002314436947926879,0.43538856506347656,0.2849457263946533,512,512,355.46923828125,402.3475036621094,0.5455862451596545
repl0080_smoothing_medium,DF40-cdf-sd2.1,smoothing_medium,Celeb-real_id29_0004_316,1.2449944019317627,1.0,0.11550521850585938,0.11563564500611072,0.1161848633951431,0.7343373295022954,0.5560289309422372,-0.5190760493278503,0.9163631796836853,0.8140795230865479,512,512,506.9150695800781,570.6500854492188,1.1034817801336985
repl0080_whitening_medium,DF40-cdf-sd2.1,whitening_medium,Celeb-real_id29_0004_316,19.357275009155273,18.027755737304688,1.0,1.0,1.0,0.7335090637207031,0.5527763366699219,-0.07519694417715073,0.812543511390686,0.6036196947097778,512,512,506.9150695800781,570.6500854492188,1.1034817801336985
repl0080_eye_enlarging,DF40-cdf-sd2.1,eye_enlarging,Celeb-real_id29_0004_316,1.1948747634887695,0.0,0.13792037963867188,0.1880281873261045,0.24950485483793053,1.0,1.0,-0.005911387503147125,0.778394877910614,0.5710426568984985,512,512,506.9150695800781,570.6500854492188,1.1034817801336985
repl0080_face_reshaping,DF40-cdf-sd2.1,face_reshaping,Celeb-real_id29_0004_316,0.36530032753944397,0.0,0.031917572021484375,0.02302831734144629,0.020316478845052343,0.5292219433488705,0.35185849169355804,-0.005406616255640984,0.3973091244697571,0.2565232515335083,512,512,506.9150695800781,570.6500854492188,1.1034817801336985
repl0081_smoothing_medium,DF40-cdf-DiT,smoothing_medium,25680,3.1580145359039307,2.2360680103302,0.4921112060546875,0.4946878799090861,0.5233002291825821,0.290192552168925,0.14867756038572447,-0.1442527025938034,0.8264632225036621,0.622319221496582,256,256,143.3880615234375,160.39315795898438,0.3509287109582715
repl0081_whitening_medium,DF40-cdf-DiT,whitening_medium,25680,17.639251708984375,19.02629852294922,0.9944610595703125,1.0,1.0,0.2902889233271447,0.1405950316849002,-0.07967837899923325,0.7153597474098206,0.5109813809394836,256,256,143.3880615234375,160.39315795898438,0.3509287109582715
repl0081_eye_enlarging,DF40-cdf-DiT,eye_enlarging,25680,0.291008323431015,0.0,0.035064697265625,0.1197209154817908,0.250027283640729,0.9856396866840731,0.9969538729329852,-0.009195073507726192,0.49407145380973816,0.3252834379673004,256,256,143.3880615234375,160.39315795898438,0.3509287109582715
repl0081_face_reshaping,DF40-cdf-DiT,face_reshaping,25680,1.7745112180709839,0.0,0.1671600341796875,0.2607960251598922,0.3668012659609298,0.45038795070743953,0.3068005476951164,-0.026462310925126076,0.6759010553359985,0.4777812361717224,256,256,143.3880615234375,160.39315795898438,0.3509287109582715
repl0082_smoothing_medium,DF40-cdf-ddim,smoothing_medium,YouTube-real_00073_382,4.9809184074401855,3.316624879837036,0.642822265625,0.5217946485576644,0.5837059809949693,0.21339726547664262,0.19830041777440183,-0.6328446269035339,0.6884810924530029,0.7569785118103027,256,256,131.7831573486328,153.7979278564453,0.3092647785430849
repl0082_whitening_medium,DF40-cdf-ddim,whitening_medium,YouTube-real_00073_382,13.33072566986084,12.041594505310059,0.9999847412109375,0.9999419583260781,0.9999301285634432,0.26288242923628596,0.2183718623636225,-0.19844362139701843,0.35175397992134094,0.2878362536430359,256,256,131.7831573486328,153.7979278564453,0.3092647785430849
repl0082_eye_enlarging,DF40-cdf-ddim,eye_enlarging,YouTube-real_00073_382,0.6934648752212524,0.0,0.060821533203125,0.2163793603807534,0.2782979318054779,0.9352734570998494,0.9992473657802308,-0.018373096361756325,0.5130095481872559,0.3481186330318451,256,256,131.7831573486328,153.7979278564453,0.3092647785430849
repl0082_face_reshaping,DF40-cdf-ddim,face_reshaping,YouTube-real_00073_382,3.7220370769500732,0.0,0.23675537109375,0.29908874571942656,0.4487842370039128,0.3321087909254963,0.4139597834493426,-0.13076680898666382,0.7558965682983398,0.566349446773529,256,256,131.7831573486328,153.7979278564453,0.3092647785430849
repl0083_smoothing_medium,DF40-cdf-SiT,smoothing_medium,13335,3.7875285148620605,2.4494898319244385,0.5210418701171875,0.6460065363224585,0.6235166425470333,0.32995577942425397,0.2523501332474302,-0.33482614159584045,0.8477504253387451,0.6962153911590576,256,256,136.7536163330078,156.09893798828125,0.3257308086492827
repl0083_whitening_medium,DF40-cdf-SiT,whitening_medium,13335,30.136306762695312,31.064449310302734,1.0,1.0,1.0,0.2661285400390625,0.21087646484375,-0.08878016471862793,0.6470817923545837,0.4521014094352722,256,256,136.7536163330078,156.09893798828125,0.3257308086492827
repl0083_eye_enlarging,DF40-cdf-SiT,eye_enlarging,13335,0.7313300371170044,0.0,0.0793304443359375,0.2884008944441259,0.37373371924746746,0.9674937487978458,0.9934602808232352,0.004122489597648382,0.44775164127349854,0.2957180440425873,256,256,136.7536163330078,156.09893798828125,0.3257308086492827
repl0083_face_reshaping,DF40-cdf-SiT,face_reshaping,13335,2.180131673812866,0.0,0.1735992431640625,0.3868470844561665,0.5395079594790159,0.5930385866221324,0.655357299815417,-0.015586122870445251,0.5461865663528442,0.37375715374946594,256,256,136.7536163330078,156.09893798828125,0.3257308086492827
repl0084_smoothing_medium,DF40-cdf-DiT,smoothing_medium,11240,4.060197830200195,3.0,0.5876922607421875,0.7404702529390809,0.6962095875139354,0.3237959236661041,0.22700246657146567,0.22485153377056122,0.8512817621231079,0.6585250496864319,256,256,133.6229248046875,157.385009765625,0.3208960773513354
repl0084_whitening_medium,DF40-cdf-DiT,whitening_medium,11240,26.30823516845703,27.018512725830078,1.0,1.0,1.0,0.256988525390625,0.191619873046875,-0.07909620553255081,0.6643093228340149,0.4633633494377136,256,256,133.6229248046875,157.385009765625,0.3208960773513354
repl0084_eye_enlarging,DF40-cdf-DiT,eye_enlarging,11240,0.4699842929840088,0.0,0.0650787353515625,0.24759529747060918,0.33930562191431757,0.977725674091442,0.9990621336459554,0.0011165343457832932,0.4070492684841156,0.25297725200653076,256,256,133.6229248046875,157.385009765625,0.3208960773513354
repl0084_face_reshaping,DF40-cdf-DiT,face_reshaping,11240,2.380509614944458,0.0,0.1777191162109375,0.37638047737798364,0.5289058767319637,0.5442603245470937,0.5702756074525629,-0.01217622309923172,0.5993197560310364,0.41492488980293274,256,256,133.6229248046875,157.385009765625,0.3208960773513354
repl0085_smoothing_medium,DF40-cdf-DiT,smoothing_medium,20402,3.174819231033325,2.4494898319244385,0.5147552490234375,0.5252549347009362,0.5236164605716602,0.26109381947532234,0.15313472654513116,0.03787796571850777,0.8430722951889038,0.6253814697265625,256,256,127.85186767578125,154.9166259765625,0.3022213739797053
repl0085_whitening_medium,DF40-cdf-DiT,whitening_medium,20402,26.134204864501953,28.03569221496582,1.0,1.0,1.0,0.2558746337890625,0.150543212890625,-0.062178585678339005,0.7564982175827026,0.5430878400802612,256,256,127.85186767578125,154.9166259765625,0.3022213739797053
repl0085_eye_enlarging,DF40-cdf-DiT,eye_enlarging,20402,0.2864493727684021,0.0,0.0396270751953125,0.14288270022064523,0.2605919318872897,0.9226030034655371,0.9899884482094725,0.00018688145792111754,0.45000359416007996,0.28889933228492737,256,256,127.85186767578125,154.9166259765625,0.3022213739797053
repl0085_face_reshaping,DF40-cdf-DiT,face_reshaping,20402,1.967305302619934,0.0,0.177032470703125,0.2788478740533127,0.40168254611798093,0.40303395966212724,0.34157903809687984,-0.007445497438311577,0.6759356260299683,0.47665441036224365,256,256,127.85186767578125,154.9166259765625,0.3022213739797053
repl0086_smoothing_medium,DF40-cdf-ddim,smoothing_medium,YouTube-real_00056_343,4.672383785247803,3.464101552963257,0.6746826171875,0.6323162827799382,0.6375765078055154,0.28684186719739463,0.20967523068572463,-0.38277989625930786,0.7685861587524414,0.6567381024360657,256,256,143.44696044921875,167.193603515625,0.36595785874737885
repl0086_whitening_medium,DF40-cdf-ddim,whitening_medium,YouTube-real_00056_343,15.990549087524414,15.0,0.9999847412109375,1.0,1.0,0.30606546120393685,0.22188143739986266,-0.15886899828910828,0.41538938879966736,0.3059186637401581,256,256,143.44696044921875,167.193603515625,0.36595785874737885
repl0086_eye_enlarging,DF40-cdf-ddim,eye_enlarging,YouTube-real_00056_343,0.7361053228378296,0.0,0.0750885009765625,0.23402133811945358,0.33745959700158173,0.9538711643974802,0.9971550497866287,-0.01563054323196411,0.4904617965221405,0.3300958275794983,256,256,143.44696044921875,167.193603515625,0.36595785874737885
repl0086_face_reshaping,DF40-cdf-ddim,face_reshaping,YouTube-real_00056_343,3.582850456237793,0.0,0.241851806640625,0.30840562369129526,0.4559521353414483,0.3902839116719243,0.41829652996845423,-0.1108337789773941,0.7399573922157288,0.5474853515625,256,256,143.44696044921875,167.193603515625,0.36595785874737885
repl0087_smoothing_medium,DF40-cdf-ddim,smoothing_medium,YouTube-real_00173_337,4.206441879272461,3.0,0.590789794921875,0.8507175807278319,0.8235056216128771,0.3429412676274601,0.26295263185081874,-0.5735757350921631,0.7290063500404358,0.7318480014801025,256,256,131.0037841796875,142.20376586914062,0.284259513144832
repl0087_whitening_medium,DF40-cdf-ddim,whitening_medium,YouTube-real_00173_337,7.476367950439453,5.099019527435303,0.7666168212890625,0.9242696053305997,0.833131117042789,0.28713600445851,0.2050118429171394,-0.16336609423160553,0.3634472191333771,0.27529817819595337,256,256,131.0037841796875,142.20376586914062,0.284259513144832
repl0087_eye_enlarging,DF40-cdf-ddim,eye_enlarging,YouTube-real_00173_337,0.6992568373680115,0.0,0.0758056640625,0.30753459764223473,0.4018442125697646,0.966183574879227,1.0,-0.01802404224872589,0.5193748474121094,0.3463139533996582,256,256,131.0037841796875,142.20376586914062,0.284259513144832
repl0087_face_reshaping,DF40-cdf-ddim,face_reshaping,YouTube-real_00173_337,3.0809166431427,0.0,0.2282562255859375,0.46815735520246027,0.584243306640783,0.4884684805134033,0.48285313189384316,-0.11727264523506165,0.700009286403656,0.519850492477417,256,256,131.0037841796875,142.20376586914062,0.284259513144832
repl0088_smoothing_medium,DF40-cdf-ddim,smoothing_medium,YouTube-real_00003_047,4.502586364746094,3.0,0.602935791015625,0.6265177797051171,0.6640272871238884,0.29250392266032293,0.1379511059371362,-0.6495083570480347,0.6918485164642334,0.7724223136901855,256,256,140.7921142578125,165.96621704101562,0.35654807422753265
repl0088_whitening_medium,DF40-cdf-ddim,whitening_medium,YouTube-real_00003_047,23.315961837768555,24.020824432373047,1.0,1.0,1.0,0.281494140625,0.1252593994140625,-0.14870107173919678,0.3699195384979248,0.2725983262062073,256,256,140.7921142578125,165.96621704101562,0.35654807422753265
repl0088_eye_enlarging,DF40-cdf-ddim,eye_enlarging,YouTube-real_00003_047,0.23587791621685028,0.0,0.0305328369140625,0.10700346921075456,0.24241685954440248,0.9865067466266867,0.9945027486256871,2.800405491143465e-05,0.23740269243717194,0.14036980271339417,256,256,140.7921142578125,165.96621704101562,0.35654807422753265
repl0088_face_reshaping,DF40-cdf-ddim,face_reshaping,YouTube-real_00003_047,2.2086026668548584,0.0,0.1721038818359375,0.3444275802254987,0.4800828359118041,0.5633478145225641,0.34941040872417767,-0.06818022578954697,0.6056765913963318,0.4296114146709442,256,256,140.7921142578125,165.96621704101562,0.35654807422753265
repl0089_smoothing_medium,DF40-cdf-ddim,smoothing_medium,YouTube-real_00102_205,4.202846527099609,3.1622776985168457,0.620574951171875,0.7216721672167217,0.7282087557965888,0.3225965084829112,0.22780919596754365,-0.2609666883945465,0.7650101780891418,0.6119752526283264,256,256,137.47584533691406,157.47052001953125,0.3303282601215898
repl0089_whitening_medium,DF40-cdf-ddim,whitening_medium,YouTube-real_00102_205,21.722501754760742,24.0,0.9698486328125,1.0,1.0,0.28602894902454373,0.2001730648206419,-0.1499253809452057,0.42324432730674744,0.3050195574760437,256,256,137.47584533691406,157.47052001953125,0.3303282601215898
repl0089_eye_enlarging,DF40-cdf-ddim,eye_enlarging,YouTube-real_00102_205,0.5559396743774414,0.0,0.0626373291015625,0.2234873487348735,0.32193665016112555,0.989768574908648,0.9978075517661389,-0.02846439741551876,0.49572569131851196,0.3312910795211792,256,256,137.47584533691406,157.47052001953125,0.3303282601215898
repl0089_face_reshaping,DF40-cdf-ddim,face_reshaping,YouTube-real_00102_205,3.540010929107666,0.0,0.2314910888671875,0.3644664466446645,0.5310854358248841,0.4367543339265704,0.4453892294509261,-0.14562465250492096,0.8002598881721497,0.6030740737915039,256,256,137.47584533691406,157.47052001953125,0.3303282601215898
repl0090_smoothing_medium,DF40-cdf-SiT,smoothing_medium,8067,2.6148550510406494,2.0,0.3920135498046875,0.5197860962566845,0.4780632411067194,0.3783426102526177,0.18831497411544898,0.2848546504974365,0.8052015900611877,0.6265090703964233,256,256,140.38633728027344,170.82620239257812,0.36593116554859506
repl0090_whitening_medium,DF40-cdf-SiT,whitening_medium,8067,13.115939140319824,15.033296585083008,0.6677093505859375,0.9987700534759358,0.9265810276679842,0.42681505518864693,0.21428734660298454,-0.14210382103919983,0.6202340126037598,0.4415852427482605,256,256,140.38633728027344,170.82620239257812,0.36593116554859506
repl0090_eye_enlarging,DF40-cdf-SiT,eye_enlarging,8067,0.3013371229171753,0.0,0.03631591796875,0.1239572192513369,0.2349802371541502,0.9739495798319328,0.9991596638655462,-0.009557405486702919,0.37225452065467834,0.2298678755760193,256,256,140.38633728027344,170.82620239257812,0.36593116554859506
repl0090_face_reshaping,DF40-cdf-SiT,face_reshaping,8067,1.9829120635986328,0.0,0.132568359375,0.27636363636363637,0.3701581027667984,0.5948434622467772,0.4311694290976059,-0.029109487310051918,0.5941720604896545,0.41055798530578613,256,256,140.38633728027344,170.82620239257812,0.36593116554859506
repl0091_smoothing_medium,DF40-cdf-SiT,smoothing_medium,8426,4.848145484924316,3.7416574954986572,0.70074462890625,0.6561722778283288,0.65572774232756,0.23554132915251286,0.0939813605086665,-0.2603607773780823,0.7895531058311462,0.623852014541626,256,256,131.70828247070312,158.61866760253906,0.3187773479876981
repl0091_whitening_medium,DF40-cdf-SiT,whitening_medium,8426,22.058258056640625,23.108440399169922,0.999725341796875,1.0,1.0,0.25161024451295827,0.10046094203119753,-0.09365765750408173,0.6281889081001282,0.4381519854068756,256,256,131.70828247070312,158.61866760253906,0.3187773479876981
repl0091_eye_enlarging,DF40-cdf-SiT,eye_enlarging,8426,0.1909632533788681,0.0,0.0251617431640625,0.09887776766757658,0.2497721057429353,0.9884778653729533,0.9969678593086719,0.000686805578880012,0.2654843032360077,0.15307608246803284,256,256,131.70828247070312,158.61866760253906,0.3187773479876981
repl0091_face_reshaping,DF40-cdf-SiT,face_reshaping,8426,2.6892290115356445,0.0,0.1911163330078125,0.3984228086138914,0.5580370707991492,0.5243912175648703,0.2932534930139721,-0.0010943764355033636,0.5393834114074707,0.3698708415031433,256,256,131.70828247070312,158.61866760253906,0.3187773479876981
repl0092_smoothing_medium,DF40-cdf-SiT,smoothing_medium,23054,3.2711260318756104,2.2360680103302,0.448699951171875,0.5017903376852311,0.5287738462756273,0.3097667142759981,0.22716452424675238,0.3105974793434143,0.8399838209152222,0.6616291999816895,256,256,138.42405700683594,157.63043212890625,0.3329443957980942
repl0092_whitening_medium,DF40-cdf-SiT,whitening_medium,23054,18.96381950378418,18.11077117919922,0.999908447265625,1.0,1.0,0.27701815962154736,0.19278193193956966,-0.11087696999311447,0.5655589699745178,0.39151325821876526,256,256,138.42405700683594,157.63043212890625,0.3329443957980942
repl0092_eye_enlarging,DF40-cdf-SiT,eye_enlarging,23054,0.39387860894203186,0.0,0.0509490966796875,0.17512256927229658,0.2612206126810734,0.9520814615154238,0.9883198562443846,6.228810525499284e-05,0.31087726354599,0.1877129077911377,256,256,138.42405700683594,157.63043212890625,0.3329443957980942
repl0092_face_reshaping,DF40-cdf-SiT,face_reshaping,23054,2.671945095062256,0.0,0.1622314453125,0.2629868341320994,0.39713448903665005,0.4490218209179834,0.4718773513920241,-0.015327132306993008,0.58338463306427,0.4025639295578003,256,256,138.42405700683594,157.63043212890625,0.3329443957980942
repl0093_smoothing_medium,DF40-cdf-DiT,smoothing_medium,1704,3.875498056411743,3.0,0.5767974853515625,0.5941233977840539,0.5769743101807802,0.28938387873336685,0.16041903653342504,0.011847356334328651,0.8244903683662415,0.613113284111023,256,256,134.27828979492188,163.8469696044922,0.3357100046779138
repl0093_whitening_medium,DF40-cdf-DiT,whitening_medium,1704,28.299938201904297,28.03569221496582,1.0,1.0,1.0,0.28094482421875,0.160369873046875,-0.07264777272939682,0.6883785128593445,0.48653361201286316,256,256,134.27828979492188,163.8469696044922,0.3357100046779138
repl0093_eye_enlarging,DF40-cdf-DiT,eye_enlarging,1704,0.29038411378860474,0.0,0.0394134521484375,0.13952856832500543,0.24471931493815413,0.994579945799458,0.9957413859852884,0.0011048177257180214,0.39019086956977844,0.24048280715942383,256,256,134.27828979492188,163.8469696044922,0.3357100046779138
repl0093_face_reshaping,DF40-cdf-DiT,face_reshaping,1704,2.39728045463562,0.0,0.1741790771484375,0.2644470997175755,0.3731684110371075,0.42654402102496713,0.3435830048182216,-0.01382823009043932,0.6250199675559998,0.43048208951950073,256,256,134.27828979492188,163.8469696044922,0.3357100046779138
repl0094_smoothing_medium,DF40-cdf-ddim,smoothing_medium,YouTube-real_00076_215,3.0361547470092773,2.0,0.4009246826171875,0.5703566829049779,0.5652410575427683,0.38766888677450045,0.276650808753568,-0.5052679181098938,0.7337539792060852,0.7035849690437317,256,256,134.81817626953125,156.2060546875,0.32134117760051595
repl0094_whitening_medium,DF40-cdf-ddim,whitening_medium,YouTube-real_00076_215,10.727499008178711,9.0,0.999542236328125,0.9983761688784366,0.9978227060653189,0.2721888071321711,0.19589045278295117,-0.19885696470737457,0.3953770101070404,0.314258337020874,256,256,134.81817626953125,156.2060546875,0.32134117760051595
repl0094_eye_enlarging,DF40-cdf-ddim,eye_enlarging,YouTube-real_00076_215,0.5165257453918457,0.0,0.0499725341796875,0.1779494932527017,0.25427682737169516,0.970381679389313,0.9984732824427481,-0.02115566097199917,0.46982884407043457,0.3130376935005188,256,256,134.81817626953125,156.2060546875,0.32134117760051595
repl0094_face_reshaping,DF40-cdf-ddim,face_reshaping,YouTube-real_00076_215,2.329542398452759,0.0,0.158477783203125,0.3036004255557422,0.44292379471228616,0.5220489119969189,0.5484305796264202,-0.061416663229465485,0.6441118717193604,0.4574390947818756,256,256,134.81817626953125,156.2060546875,0.32134117760051595
repl0095_smoothing_medium,DF40-cdf-DiT,smoothing_medium,22879,2.951711416244507,2.4494898319244385,0.5026702880859375,0.57207442183968,0.5433319484835896,0.29960841453419546,0.19849436906171267,-0.03200894221663475,0.8402501940727234,0.6252577304840088,256,256,134.53585815429688,156.57469177246094,0.3214250262886438
repl0095_whitening_medium,DF40-cdf-DiT,whitening_medium,22879,28.88818359375,30.0,1.0,1.0,1.0,0.2632598876953125,0.1836395263671875,-0.046664346009492874,0.7730716466903687,0.5588459968566895,256,256,134.53585815429688,156.57469177246094,0.3214250262886438
repl0095_eye_enlarging,DF40-cdf-DiT,eye_enlarging,22879,0.3013556897640228,0.0,0.042877197265625,0.15898684286790704,0.23182384711258827,0.9761565836298932,0.9928825622775801,7.458776235580444e-05,0.48127806186676025,0.3132363557815552,256,256,134.53585815429688,156.57469177246094,0.3214250262886438
repl0095_face_reshaping,DF40-cdf-DiT,face_reshaping,22879,1.3874837160110474,0.0,0.1661376953125,0.3148437952819799,0.4593269630245118,0.49889786921381335,0.5077149155033064,-0.005193755496293306,0.6324668526649475,0.44089698791503906,256,256,134.53585815429688,156.57469177246094,0.3214250262886438
repl0096_smoothing_medium,DF40-cdf-ddim,smoothing_medium,Celeb-real_id22_0006_310,5.743494033813477,4.242640495300293,0.7279052734375,0.6623826714801444,0.6723407164342358,0.28846637598524233,0.20616719771926884,-0.6784027218818665,0.702620804309845,0.7940713763237,256,256,143.70944213867188,171.99569702148438,0.37715767927871013
repl0096_whitening_medium,DF40-cdf-ddim,whitening_medium,Celeb-real_id22_0006_310,14.002161026000977,14.0,0.9844970703125,0.9955716004813477,0.9990429313645064,0.32056726596404217,0.22650340979541228,-0.1728816032409668,0.35408851504325867,0.27597397565841675,256,256,143.70944213867188,171.99569702148438,0.37715767927871013
repl0096_eye_enlarging,DF40-cdf-ddim,eye_enlarging,Celeb-real_id22_0006_310,0.7394642233848572,0.0,0.068817138671875,0.21155234657039712,0.3083128247197156,0.9745011086474501,1.0,-0.01966591365635395,0.5114967823028564,0.34343913197517395,256,256,143.70944213867188,171.99569702148438,0.37715767927871013
repl0096_face_reshaping,DF40-cdf-ddim,face_reshaping,Celeb-real_id22_0006_310,3.4639711380004883,0.0,0.2523040771484375,0.3125391095066185,0.4744325950232431,0.3926821892954339,0.41971575446023585,-0.11486395448446274,0.7231701016426086,0.5333223342895508,256,256,143.70944213867188,171.99569702148438,0.37715767927871013
repl0097_smoothing_medium,DF40-cdf-ddim,smoothing_medium,YouTube-real_00121_436,5.403182029724121,4.0,0.68646240234375,0.7453639189623754,0.7527096625413175,0.3091268782786521,0.21765804214457188,-0.6387149691581726,0.6898054480552673,0.7641995549201965,256,256,136.48995971679688,163.20079040527344,0.3398936356836728
repl0097_whitening_medium,DF40-cdf-ddim,whitening_medium,YouTube-real_00121_436,12.624505043029785,13.0,0.981597900390625,0.9486547325544002,0.9627181182258436,0.27514378983367016,0.19468366236592569,-0.16692864894866943,0.3339729905128479,0.26535168290138245,256,256,136.48995971679688,163.20079040527344,0.3398936356836728
repl0097_eye_enlarging,DF40-cdf-ddim,eye_enlarging,YouTube-real_00121_436,0.6037121415138245,0.0,0.0621185302734375,0.21395647979419016,0.3126297178876163,0.9805944485384427,0.9990174404323262,-0.015081132762134075,0.41386041045188904,0.2629754841327667,256,256,136.48995971679688,163.20079040527344,0.3398936356836728
repl0097_face_reshaping,DF40-cdf-ddim,face_reshaping,YouTube-real_00121_436,3.4443070888519287,0.0,0.2454833984375,0.35705863436595564,0.5360135290952418,0.41409746394828445,0.4334286424664346,-0.05454086512327194,0.6251251697540283,0.4395960569381714,256,256,136.48995971679688,163.20079040527344,0.3398936356836728
repl0098_smoothing_medium,DF40-cdf-SiT,smoothing_medium,21825,2.9352734088897705,2.2360680103302,0.447906494140625,0.6789629898843055,0.7022008876007608,0.3818559651154868,0.2641207331198474,0.39306387305259705,0.823106050491333,0.6746945381164551,256,256,130.54248046875,154.79417419433594,0.30833763826660743
repl0098_whitening_medium,DF40-cdf-SiT,whitening_medium,21825,30.578258514404297,35.05709457397461,0.9999847412109375,1.0,1.0,0.2519111924925612,0.1684748607614252,-0.1090981587767601,0.6246266961097717,0.4378087520599365,256,256,130.54248046875,154.79417419433594,0.30833763826660743
repl0098_eye_enlarging,DF40-cdf-SiT,eye_enlarging,21825,0.5300946235656738,0.0,0.0628814697265625,0.245563026228118,0.3731546055610905,0.983741810240233,0.9997573404513468,-0.008840689435601234,0.5380364060401917,0.36524760723114014,256,256,130.54248046875,154.79417419433594,0.30833763826660743
repl0098_face_reshaping,DF40-cdf-SiT,face_reshaping,21825,2.396216630935669,0.0,0.1795501708984375,0.37809679568720095,0.5485916130785254,0.5304665590209909,0.5147446247981644,-0.06166472285985947,0.6876837015151978,0.49670714139938354,256,256,130.54248046875,154.79417419433594,0.30833763826660743
repl0099_smoothing_medium,DF40-cdf-DiT,smoothing_medium,27140,3.332167148590088,2.4494898319244385,0.5492401123046875,0.5715966386554622,0.5781805001812251,0.28345603556049453,0.2215863314349215,-0.2598247230052948,0.8668747544288635,0.6884782314300537,256,256,137.46331787109375,156.93350219726562,0.3291717513605761
repl0099_whitening_medium,DF40-cdf-DiT,whitening_medium,27140,25.96868133544922,25.09980010986328,1.0,1.0,1.0,0.272369384765625,0.2104949951171875,-0.05560445785522461,0.7901055812835693,0.5741938948631287,256,256,137.46331787109375,156.93350219726562,0.3291717513605761
repl0099_eye_enlarging,DF40-cdf-DiT,eye_enlarging,27140,0.36308884620666504,0.0,0.0492095947265625,0.17394957983193277,0.2336353751359188,0.9627906976744186,0.9993798449612403,-0.0026765658985823393,0.5279964208602905,0.3536043167114258,256,256,137.46331787109375,156.93350219726562,0.3291717513605761
repl0099_face_reshaping,DF40-cdf-DiT,face_reshaping,27140,1.9643300771713257,0.0,0.187744140625,0.2764145658263305,0.3986226893802102,0.4010078023407022,0.44692782834850453,-0.020211882889270782,0.691085934638977,0.4934993088245392,256,256,137.46331787109375,156.93350219726562,0.3291717513605761
repl0100_smoothing_medium,DF40-cdf-pixart,smoothing_medium,Celeb-real_id37_0009_076,1.060158371925354,1.0,0.12307167053222656,0.12513699385826194,0.14484687378855846,0.2636652460286711,0.20267338240991864,-0.10860490053892136,0.8842328786849976,0.6736167669296265,1024,1024,525.7762451171875,633.0474243164062,0.3174221970922346
repl0100_whitening_medium,DF40-cdf-pixart,whitening_medium,Celeb-real_id37_0009_076,25.916749954223633,30.0,1.0,1.0,1.0,0.25931358337402344,0.17220497131347656,0.007008659653365612,0.869606614112854,0.6532846689224243,1024,1024,525.7762451171875,633.0474243164062,0.3174221970922346
repl0100_eye_enlarging,DF40-cdf-pixart,eye_enlarging,Celeb-real_id37_0009_076,0.4735574424266815,0.0,0.0459442138671875,0.17669449450185723,0.2667995791105942,0.9972808037196944,1.0,0.0011846974957734346,0.6263460516929626,0.44315820932388306,1024,1024,525.7762451171875,633.0474243164062,0.3174221970922346
repl0100_face_reshaping,DF40-cdf-pixart,face_reshaping,Celeb-real_id37_0009_076,0.2777966856956482,0.0,0.016777992248535156,0.026512448972086353,0.06405825995458825,0.4097652475416359,0.6574774057863924,0.0032219893764704466,0.3738254904747009,0.23897886276245117,1024,1024,525.7762451171875,633.0474243164062,0.3174221970922346
repl0101_smoothing_medium,DF40-cdf-ddim,smoothing_medium,Celeb-real_id11_0009_357,3.899198293685913,2.8284270763397217,0.5462493896484375,0.6353818748608328,0.6446522501461134,0.318835721668203,0.24648733204838125,-0.12164890021085739,0.6278209686279297,0.456687331199646,256,256,135.7432098388672,157.285888671875,0.3257826445110936
repl0101_whitening_medium,DF40-cdf-ddim,whitening_medium,Celeb-real_id11_0009_357,20.987451553344727,20.02498435974121,0.9942169189453125,0.9998329993319973,0.9997808299240211,0.2756572586214835,0.21003115551667512,-0.1455472856760025,0.3569049835205078,0.261257529258728,256,256,135.7432098388672,157.285888671875,0.3257826445110936
repl0101_eye_enlarging,DF40-cdf-ddim,eye_enlarging,Celeb-real_id11_0009_357,0.6039896011352539,0.0,0.072601318359375,0.24354264083723,0.3448275862068966,0.9195039932744851,0.9920134510298445,-0.007592019625008106,0.39851751923561096,0.25589627027511597,256,256,135.7432098388672,157.285888671875,0.3257826445110936
repl0101_face_reshaping,DF40-cdf-ddim,face_reshaping,Celeb-real_id11_0009_357,3.2426834106445312,0.0,0.1918182373046875,0.32409262970385216,0.4624488603156049,0.46312942486675684,0.503539893405457,-0.17338357865810394,0.7984656095504761,0.6043732762336731,256,256,135.7432098388672,157.285888671875,0.3257826445110936
repl0102_smoothing_medium,DF40-cdf-sd2.1,smoothing_medium,Celeb-real_id11_0005_199,2.2906057834625244,2.0,0.3282966613769531,0.3822278450509067,0.3692402172452837,0.368610636641452,0.22356235693287319,-1.1640746593475342,0.9802239537239075,1.2720917463302612,512,512,289.82476806640625,347.4859924316406,0.38417834153299424
repl0102_whitening_medium,DF40-cdf-sd2.1,whitening_medium,Celeb-real_id11_0005_199,18.83671760559082,15.0,0.9965286254882812,0.9893728537863726,0.9836298386013396,0.31432738464365284,0.19619957585919137,-0.3124361038208008,0.7359675765037537,0.5844674110412598,512,512,289.82476806640625,347.4859924316406,0.38417834153299424
repl0102_eye_enlarging,DF40-cdf-sd2.1,eye_enlarging,Celeb-real_id11_0005_199,0.754758894443512,0.0,0.07075881958007812,0.21469968070365686,0.355979043122805,0.9606447786942692,1.0,-0.01696360483765602,0.5215545892715454,0.35697197914123535,512,512,289.82476806640625,347.4859924316406,0.38417834153299424
repl0102_face_reshaping,DF40-cdf-sd2.1,face_reshaping,Celeb-real_id11_0005_199,0.6569339632987976,0.0,0.047183990478515625,0.089499367431773,0.09737655209472816,0.6005335920446278,0.4102190961274153,-0.039863038808107376,0.4746743440628052,0.3221714496612549,512,512,289.82476806640625,347.4859924316406,0.38417834153299424
repl0103_smoothing_medium,DF40-cdf-DiT,smoothing_medium,17217,4.4446563720703125,3.316624879837036,0.664947509765625,0.5702777632473714,0.6040187541862023,0.25017210519069255,0.20693928128872366,-0.06717763096094131,0.8203907012939453,0.6012272238731384,256,256,142.38079833984375,163.12840270996094,0.35440600905987196
repl0103_whitening_medium,DF40-cdf-DiT,whitening_medium,17217,22.678531646728516,22.113344192504883,0.965118408203125,1.0,1.0,0.30224505928853757,0.2360474308300395,-0.08059070259332657,0.7000188827514648,0.4915202558040619,256,256,142.38079833984375,163.12840270996094,0.35440600905987196
repl0103_eye_enlarging,DF40-cdf-DiT,eye_enlarging,17217,0.4909093379974365,0.0,0.068634033203125,0.21629962860281424,0.2998660415271266,0.91929746554024,0.9953312583370387,0.003045599441975355,0.4264700412750244,0.2610362768173218,256,256,142.38079833984375,163.12840270996094,0.35440600905987196
repl0103_face_reshaping,DF40-cdf-DiT,face_reshaping,17217,2.360138416290283,0.0,0.2120361328125,0.2798033164199404,0.42665773610180846,0.3849309153713299,0.45840529648819806,-0.009347943589091301,0.6299464106559753,0.4389069974422455,256,256,142.38079833984375,163.12840270996094,0.35440600905987196
repl0104_smoothing_medium,DF40-cdf-sd2.1,smoothing_medium,Celeb-real_id25_0004_010,1.7314753532409668,1.4142135381698608,0.24048233032226562,0.4115802371705676,0.4097689881510528,0.3143668406275281,0.22875588902460303,-0.6256071925163269,1.0246232748031616,0.9091575145721436,512,512,225.94793701171875,254.5350799560547,0.21938963399194122
repl0104_whitening_medium,DF40-cdf-sd2.1,whitening_medium,Celeb-real_id25_0004_010,22.204490661621094,19.02629852294922,0.9952507019042969,1.0,1.0,0.18455800903798023,0.13489127976726625,-0.12871380150318146,0.7037820219993591,0.5142306089401245,512,512,225.94793701171875,254.5350799560547,0.21938963399194122
repl0104_eye_enlarging,DF40-cdf-sd2.1,eye_enlarging,Celeb-real_id25_0004_010,0.38533836603164673,0.0,0.045551300048828125,0.2425910157629125,0.3389026226806467,0.9782262792060966,0.9988275688803283,-0.010256247594952583,0.4880540072917938,0.31535232067108154,512,512,225.94793701171875,254.5350799560547,0.21938963399194122
repl0104_face_reshaping,DF40-cdf-sd2.1,face_reshaping,Celeb-real_id25_0004_010,0.9512435793876648,0.0,0.0568084716796875,0.13808643641876597,0.23436478845224903,0.446481332258931,0.5538544184797206,-0.011106710880994797,0.39198601245880127,0.24319426715373993,512,512,225.94793701171875,254.5350799560547,0.21938963399194122
repl0105_smoothing_medium,DF40-cdf-SiT,smoothing_medium,2147,3.3121087551116943,2.4494898319244385,0.541595458984375,0.563099512351964,0.5458038599248974,0.2960500366259086,0.1760860990589959,-0.041181545704603195,0.8373405337333679,0.6229841709136963,256,256,140.4698028564453,161.79917907714844,0.3468002134292867
repl0105_whitening_medium,DF40-cdf-SiT,whitening_medium,2147,24.55430793762207,24.103940963745117,1.0,1.0,1.0,0.2847442626953125,0.1747283935546875,-0.06737308949232101,0.6958014965057373,0.4910317659378052,256,256,140.4698028564453,161.79917907714844,0.3468002134292867
repl0105_eye_enlarging,DF40-cdf-SiT,eye_enlarging,2147,0.33965855836868286,0.0,0.046844482421875,0.16022721183216335,0.2680988559951096,0.9739413680781759,1.0,-0.0044143227860331535,0.4238721430301666,0.2718706429004669,256,256,140.4698028564453,161.79917907714844,0.3468002134292867
repl0105_face_reshaping,DF40-cdf-SiT,face_reshaping,2147,1.9696159362792969,0.0,0.1602020263671875,0.30244895771930763,0.41446161907257006,0.5375750071435375,0.45204305171921133,-0.020448416471481323,0.6868557929992676,0.48934417963027954,256,256,140.4698028564453,161.79917907714844,0.3468002134292867
repl0106_smoothing_medium,DF40-cdf-sd2.1,smoothing_medium,Celeb-real_id30_0003_408,3.5574514865875244,2.2360680103302,0.44097900390625,0.1888687184545483,0.2352389878163074,0.15570069204152248,0.10422145328719723,0.022666990756988525,0.8191970586776733,0.6087243556976318,512,512,308.4503173828125,371.16497802734375,0.4367292605358841
repl0106_whitening_medium,DF40-cdf-sd2.1,whitening_medium,Celeb-real_id30_0003_408,16.915992736816406,15.033296585083008,0.99853515625,1.0,1.0,0.36407014058679704,0.1956601466992665,-0.09894997626543045,0.6995089650154114,0.4970470666885376,512,512,308.4503173828125,371.16497802734375,0.4367292605358841
repl0106_eye_enlarging,DF40-cdf-sd2.1,eye_enlarging,Celeb-real_id30_0003_408,0.36729735136032104,0.0,0.047229766845703125,0.12226780973567404,0.24174086223055294,0.9411194572328568,1.0,-0.001443774439394474,0.355207234621048,0.21284516155719757,512,512,308.4503173828125,371.16497802734375,0.4367292605358841
repl0106_face_reshaping,DF40-cdf-sd2.1,face_reshaping,Celeb-real_id30_0003_408,0.5218144655227661,0.0,0.04450225830078125,0.056747709839557604,0.06181661980631053,0.46356934681981826,0.2713869363963655,-0.00012647290714085102,0.29858461022377014,0.17699454724788666,512,512,308.4503173828125,371.16497802734375,0.4367292605358841
repl0107_smoothing_medium,DF40-cdf-ddim,smoothing_medium,Celeb-real_id29_0004_093,3.086688756942749,2.0,0.4107208251953125,0.6289786797125083,0.6613344271260596,0.3868930415722406,0.3594011219675298,-0.3553004860877991,0.6955060958862305,0.5940226316452026,256,256,129.77371215820312,152.8349151611328,0.30264212475348273
repl0107_whitening_medium,DF40-cdf-ddim,whitening_medium,Celeb-real_id29_0004_093,9.558670043945312,7.071067810058594,0.751800537109375,0.9997584103400374,0.9963084495488105,0.33596509031865235,0.2957986604424599,-0.16796104609966278,0.41175273060798645,0.30581262707710266,256,256,129.77371215820312,152.8349151611328,0.30264212475348273
repl0107_eye_enlarging,DF40-cdf-ddim,eye_enlarging,Celeb-real_id29_0004_093,0.8089541792869568,0.0,0.0865478515625,0.32095186326025243,0.38699753896636585,0.93688293370945,0.9980606488011283,-0.04865795373916626,0.6183668971061707,0.43596962094306946,256,256,129.77371215820312,152.8349151611328,0.30264212475348273
repl0107_face_reshaping,DF40-cdf-ddim,face_reshaping,Celeb-real_id29_0004_093,2.778017997741699,0.0,0.176605224609375,0.3361116144229027,0.48796828001093795,0.48081907724209433,0.6167271470537411,-0.22558334469795227,0.8197493553161621,0.6402550935745239,256,256,129.77371215820312,152.8349151611328,0.30264212475348273
repl0108_smoothing_medium,DF40-cdf-ddim,smoothing_medium,Celeb-real_id54_0000_077,4.348679542541504,3.1622776985168457,0.6426849365234375,0.6747948688316191,0.6856278131305292,0.27726204325838694,0.20976281488164486,-0.3839575946331024,0.7269144654273987,0.6275277733802795,256,256,134.06668090820312,151.2218017578125,0.3093537146397125
repl0108_whitening_medium,DF40-cdf-ddim,whitening_medium,Celeb-real_id54_0000_077,9.265348434448242,8.062257766723633,0.9141693115234375,0.9960129434878077,0.995887009157225,0.2877101033199246,0.2142010649129542,-0.16635257005691528,0.4026399254798889,0.30238860845565796,256,256,134.06668090820312,151.2218017578125,0.3093537146397125
repl0108_eye_enlarging,DF40-cdf-ddim,eye_enlarging,Celeb-real_id54_0000_077,0.5903254151344299,0.0,0.06719970703125,0.2455795677799607,0.3413006363495266,0.9650317892824705,0.9986376021798365,-0.029764534905552864,0.5139812231063843,0.3477374315261841,256,256,134.06668090820312,151.2218017578125,0.3093537146397125
repl0108_face_reshaping,DF40-cdf-ddim,face_reshaping,Celeb-real_id54_0000_077,3.268308639526367,0.0,0.242889404296875,0.32451173003582573,0.39601117491851623,0.35280814172634756,0.32058047493403696,-0.13951228559017181,0.7156016230583191,0.5307109355926514,256,256,134.06668090820312,151.2218017578125,0.3093537146397125
repl0109_smoothing_medium,DF40-cdf-DiT,smoothing_medium,22422,3.544743537902832,3.0,0.5930633544921875,0.6710192697768763,0.6846139107108642,0.2723647310057375,0.18385777137417347,0.030952751636505127,0.768509030342102,0.5564468502998352,256,256,125.24815368652344,148.3660888671875,0.28354764862527304
repl0109_whitening_medium,DF40-cdf-DiT,whitening_medium,22422,18.03594398498535,17.14642906188965,0.9820556640625,1.0,1.0,0.24512119328775636,0.16218147917961467,-0.08872591704130173,0.6519075632095337,0.4617041349411011,256,256,125.24815368652344,148.3660888671875,0.28354764862527304
repl0109_eye_enlarging,DF40-cdf-DiT,eye_enlarging,22422,0.324092835187912,0.0,0.0467681884765625,0.18845081135902636,0.2935428242958421,0.9699836867862969,0.999673735725938,0.0008744698716327548,0.35902297496795654,0.22408273816108704,256,256,125.24815368652344,148.3660888671875,0.28354764862527304
repl0109_face_reshaping,DF40-cdf-DiT,face_reshaping,22422,1.9168555736541748,0.0,0.1826324462890625,0.32644523326572006,0.4863958612761065,0.4302782187317236,0.4241791294176623,-0.006558417342603207,0.5326158404350281,0.35920217633247375,256,256,125.24815368652344,148.3660888671875,0.28354764862527304
repl0110_smoothing_medium,DF40-cdf-sd2.1,smoothing_medium,YouTube-real_00263_031,2.310610055923462,2.2360680103302,0.3952140808105469,0.4336656211918413,0.42984958276491325,0.41906122409582736,0.23418240784533267,-0.7071294188499451,0.9421060681343079,0.9287968277931213,512,512,311.4036865234375,398.2112731933594,0.4730394687179711
repl0110_whitening_medium,DF40-cdf-sd2.1,whitening_medium,YouTube-real_00263_031,20.488075256347656,20.049938201904297,1.0,1.0,1.0,0.38190460205078125,0.21531295776367188,-0.1040433794260025,0.7364528179168701,0.5394346714019775,512,512,311.4036865234375,398.2112731933594,0.4730394687179711
repl0110_eye_enlarging,DF40-cdf-sd2.1,eye_enlarging,YouTube-real_00263_031,0.5531976819038391,0.0,0.07793426513671875,0.1983338993547356,0.36195808160445053,0.9719040626529614,1.0,-0.009871121495962143,0.5666741728782654,0.39414462447166443,512,512,311.4036865234375,398.2112731933594,0.4730394687179711
repl0110_face_reshaping,DF40-cdf-sd2.1,face_reshaping,YouTube-real_00263_031,0.7035430073738098,0.0,0.0586090087890625,0.09783846415086801,0.11721559803695764,0.6375292892475918,0.43061702681593333,-0.014787198044359684,0.44989654421806335,0.30007895827293396,512,512,311.4036865234375,398.2112731933594,0.4730394687179711
repl0111_smoothing_medium,DF40-cdf-sd2.1,smoothing_medium,Celeb-real_id2_0002_081,1.3978980779647827,1.0,0.16072463989257812,0.15426679068246166,0.15540660296795192,0.3582227707497686,0.22891795030023973,-0.05836009979248047,0.832618236541748,0.6186329126358032,512,512,316.4944763183594,382.5658874511719,0.46188350756121466
repl0111_whitening_medium,DF40-cdf-sd2.1,whitening_medium,Celeb-real_id2_0002_081,18.14049530029297,16.0623779296875,1.0,1.0,1.0,0.3732185363769531,0.23675155639648438,-0.016246337443590164,0.8244920372962952,0.6066603064537048,512,512,316.4944763183594,382.5658874511719,0.46188350756121466
repl0111_eye_enlarging,DF40-cdf-sd2.1,eye_enlarging,Celeb-real_id2_0002_081,0.4877031147480011,0.0,0.054080963134765625,0.14454654169690404,0.22842917680421507,0.997531212527333,1.0,-0.0013638499658554792,0.56268310546875,0.38285312056541443,512,512,316.4944763183594,382.5658874511719,0.46188350756121466
repl0111_face_reshaping,DF40-cdf-sd2.1,face_reshaping,Celeb-real_id2_0002_081,0.45775964856147766,0.0,0.034694671630859375,0.04746670482537282,0.09740102798768993,0.5106102253985706,0.6646509070918087,0.0013853732962161303,0.39331817626953125,0.25133588910102844,512,512,316.4944763183594,382.5658874511719,0.46188350756121466
repl0112_smoothing_medium,DF40-cdf-SiT,smoothing_medium,26139,2.857158899307251,2.2360680103302,0.434844970703125,0.6195904695013237,0.6008579200669596,0.40241420450557935,0.20152291388869395,-0.13430336117744446,0.8404070138931274,0.6407578587532043,256,256,134.0960693359375,166.71885681152344,0.341130727884007
repl0112_whitening_medium,DF40-cdf-SiT,whitening_medium,26139,29.718162536621094,30.074905395507812,1.0,1.0,1.0,0.2824249267578125,0.145843505859375,-0.07194159924983978,0.7019201517105103,0.4957537353038788,256,256,134.0960693359375,166.71885681152344,0.341130727884007
repl0112_eye_enlarging,DF40-cdf-SiT,eye_enlarging,26139,0.3437182903289795,0.0,0.0478363037109375,0.158247339132314,0.32423101067168864,0.9342902711323764,0.9885167464114832,-0.014371302910149097,0.4706634283065796,0.3105928897857666,256,256,134.0960693359375,166.71885681152344,0.341130727884007
repl0112_face_reshaping,DF40-cdf-SiT,face_reshaping,26139,2.0565128326416016,0.0,0.151580810546875,0.304230374412448,0.4468508056078678,0.5668411516005637,0.4299375880813368,-0.05672304332256317,0.7426621317863464,0.5479225516319275,256,256,134.0960693359375,166.71885681152344,0.341130727884007
repl0113_smoothing_medium,DF40-cdf-ddim,smoothing_medium,Celeb-real_id34_0002_289,3.69046950340271,2.4494898319244385,0.554901123046875,0.6192794082557862,0.5988680827277809,0.3568443051201672,0.23568718033327835,-0.5649803280830383,0.8079676628112793,0.7783641815185547,256,256,146.71839904785156,170.56434631347656,0.3818500949975068
repl0113_whitening_medium,DF40-cdf-ddim,whitening_medium,Celeb-real_id34_0002_289,20.48195457458496,21.02379608154297,0.992462158203125,1.0,1.0,0.32217643983887334,0.220042434119492,-0.13142447173595428,0.5336723923683167,0.37421101331710815,256,256,146.71839904785156,170.56434631347656,0.3818500949975068
repl0113_eye_enlarging,DF40-cdf-ddim,eye_enlarging,Celeb-real_id34_0002_289,0.5171236395835876,0.0,0.0652923583984375,0.20310188499164877,0.2988401341531582,0.9946249123627016,0.9995326010750175,-0.019049175083637238,0.5111839175224304,0.34277066588401794,256,256,146.71839904785156,170.56434631347656,0.3818500949975068
repl0113_face_reshaping,DF40-cdf-ddim,face_reshaping,Celeb-real_id34_0002_289,1.7405518293380737,0.0,0.1930084228515625,0.3032211882605583,0.4265651201788709,0.5023322001739268,0.4826468495533244,-0.04891359061002731,0.6156377792358398,0.43531274795532227,256,256,146.71839904785156,170.56434631347656,0.3818500949975068
repl0114_smoothing_medium,DF40-cdf-ddim,smoothing_medium,YouTube-real_00159_000,5.134581565856934,3.7416574954986572,0.7000579833984375,0.5954354612983098,0.6464914733016495,0.24111249155386996,0.20161729767431721,-0.7041949033737183,0.7071502208709717,0.8169852495193481,256,256,137.38954162597656,162.47848510742188,0.3406195769194298
repl0114_whitening_medium,DF40-cdf-ddim,whitening_medium,YouTube-real_00159_000,11.460840225219727,10.049875259399414,0.998382568359375,0.9973624717407686,0.99706457925636,0.2831881399969433,0.21803454073055173,-0.16753767430782318,0.3803746700286865,0.2893364131450653,256,256,137.38954162597656,162.47848510742188,0.3406195769194298
repl0114_eye_enlarging,DF40-cdf-ddim,eye_enlarging,YouTube-real_00159_000,0.6054481863975525,0.0,0.0620880126953125,0.21401657874905802,0.28438635728263906,0.9771442614893094,1.0,-0.014043912291526794,0.4450610280036926,0.29446130990982056,256,256,137.38954162597656,162.47848510742188,0.3406195769194298
repl0114_face_reshaping,DF40-cdf-ddim,face_reshaping,YouTube-real_00159_000,3.3936703205108643,0.0,0.240478515625,0.30347723113359887,0.47882303606374055,0.357741116751269,0.43470812182741114,-0.0902009829878807,0.6900215148925781,0.4998863637447357,256,256,137.38954162597656,162.47848510742188,0.3406195769194298
repl0115_smoothing_medium,DF40-cdf-DiT,smoothing_medium,10254,3.838017225265503,3.1622776985168457,0.6414947509765625,0.6088174855221371,0.6045197740112994,0.2325586927047406,0.16797887776218454,-0.27392351627349854,0.8722436428070068,0.695008397102356,256,256,129.488037109375,147.71453857421875,0.29185891193378666
repl0115_whitening_medium,DF40-cdf-DiT,whitening_medium,10254,26.020736694335938,25.039968490600586,1.0,1.0,1.0,0.2450408935546875,0.178253173828125,-0.061497271060943604,0.7678577899932861,0.5537697672843933,256,256,129.488037109375,147.71453857421875,0.29185891193378666
repl0115_eye_enlarging,DF40-cdf-DiT,eye_enlarging,10254,0.3897741436958313,0.0,0.0539093017578125,0.21059841833239928,0.30183187810306455,0.9572601188791395,0.9980186810076422,-0.0033798133954405785,0.4849686026573181,0.3210848271846771,256,256,129.488037109375,147.71453857421875,0.29185891193378666
repl0115_face_reshaping,DF40-cdf-DiT,face_reshaping,10254,2.1806092262268066,0.0,0.21343994140625,0.35500342487078895,0.527050162643383,0.407563625965113,0.44016299685444665,-0.015964645892381668,0.6697832942008972,0.4770503640174866,256,256,129.488037109375,147.71453857421875,0.29185891193378666
repl0116_smoothing_medium,DF40-cdf-pixart,smoothing_medium,YouTube-real_00194_416,0.7148784399032593,0.0,0.06858158111572266,0.08274794852813784,0.07766363534298866,0.2922281089649994,0.19238524328007453,-0.09147953987121582,0.8904457688331604,0.6788090467453003,1024,1024,515.4093017578125,602.9814453125,0.2963850457205126
repl0116_whitening_medium,DF40-cdf-pixart,whitening_medium,YouTube-real_00194_416,27.736690521240234,33.0,1.0,1.0,1.0,0.24219894409179688,0.16988754272460938,0.018007811158895493,0.8877806663513184,0.6720896363258362,1024,1024,515.4093017578125,602.9814453125,0.2963850457205126
repl0116_eye_enlarging,DF40-cdf-pixart,eye_enlarging,YouTube-real_00194_416,0.3203907608985901,0.0,0.046715736389160156,0.1862783701627002,0.27498035253171665,0.9657650301112586,1.0,0.003492188174277544,0.6311438679695129,0.44716396927833557,1024,1024,515.4093017578125,602.9814453125,0.2963850457205126
repl0116_face_reshaping,DF40-cdf-pixart,face_reshaping,YouTube-real_00194_416,0.1566312611103058,0.0,0.014841079711914062,0.03414263438912602,0.05662400359267991,0.5571905924688343,0.6481814676776764,0.0025057278107851744,0.36651211977005005,0.23490221798419952,1024,1024,515.4093017578125,602.9814453125,0.2963850457205126
repl0117_smoothing_medium,DF40-cdf-pixart,smoothing_medium,Celeb-real_id37_0005_103,0.8265013098716736,0.0,0.08668041229248047,0.1265333572866428,0.13044067621561958,0.30221914160918023,0.2223322441165792,-0.0974959135055542,0.8821901082992554,0.6719886660575867,1024,1024,469.49005126953125,570.41552734375,0.25539819257502927
repl0117_whitening_medium,DF40-cdf-pixart,whitening_medium,Celeb-real_id37_0005_103,25.762907028198242,22.045408248901367,1.0,1.0,1.0,0.2070322036743164,0.14774417877197266,0.009151802398264408,0.8635608553886414,0.6476911902427673,1024,1024,469.49005126953125,570.41552734375,0.25539819257502927
repl0117_eye_enlarging,DF40-cdf-pixart,eye_enlarging,Celeb-real_id37_0005_103,0.3008079528808594,0.0,0.038863182067871094,0.18565657403184868,0.2630437448764209,0.9890309440259135,1.0,0.0018427863251417875,0.5952639579772949,0.41500264406204224,1024,1024,469.49005126953125,570.41552734375,0.25539819257502927
repl0117_face_reshaping,DF40-cdf-pixart,face_reshaping,Celeb-real_id37_0005_103,0.20861168205738068,0.0,0.015848159790039062,0.03595299623656657,0.08589539184487578,0.4696714406065712,0.8007582139848357,0.00240484531968832,0.3630692660808563,0.23091788589954376,1024,1024,469.49005126953125,570.41552734375,0.25539819257502927
repl0118_smoothing_medium,DF40-cdf-SiT,smoothing_medium,3404,2.5416743755340576,2.2360680103302,0.4156341552734375,0.5567637206905437,0.5308722639660242,0.3966371746393039,0.2386284371672969,-0.2777228355407715,0.8661408424377441,0.6919827461242676,256,256,143.7271728515625,165.81698608398438,0.36365366547573785
repl0118_whitening_medium,DF40-cdf-SiT,whitening_medium,3404,31.996543884277344,36.0,1.0,1.0,1.0,0.2960968017578125,0.18682861328125,-0.07677694410085678,0.7839131355285645,0.5742989778518677,256,256,143.7271728515625,165.81698608398438,0.36365366547573785
repl0118_eye_enlarging,DF40-cdf-SiT,eye_enlarging,3404,0.37186869978904724,0.0,0.0537261962890625,0.17407884565833548,0.28699771316563216,0.959386537915365,0.9980119284294234,-0.0036306099500507116,0.5501394271850586,0.37507838010787964,256,256,143.7271728515625,165.81698608398438,0.36365366547573785
repl0118_face_reshaping,DF40-cdf-SiT,face_reshaping,3404,1.4506889581680298,0.0,0.142974853515625,0.31002318989951044,0.380921267559621,0.6420490928495197,0.4977588046958378,-0.03126240894198418,0.6994782090187073,0.500446617603302,256,256,143.7271728515625,165.81698608398438,0.36365366547573785
repl0119_smoothing_medium,DF40-cdf-pixart,smoothing_medium,Celeb-real_id22_0000_191,0.7098636031150818,0.0,0.05903911590576172,0.033886001001864126,0.059115409312914716,0.3332741047054453,0.3925888833249875,-0.07112511992454529,0.8782548904418945,0.6654395461082458,1024,1024,778.388916015625,962.9052124023438,0.7147929616047435
repl0119_whitening_medium,DF40-cdf-pixart,whitening_medium,Celeb-real_id22_0000_191,23.651634216308594,20.049938201904297,1.0,1.0,1.0,0.5806589126586914,0.39208221435546875,0.01910622976720333,0.8736011981964111,0.6580021977424622,1024,1024,778.388916015625,962.9052124023438,0.7147929616047435
repl0119_eye_enlarging,DF40-cdf-pixart,eye_enlarging,Celeb-real_id22_0000_191,0.8726654052734375,0.0,0.10593986511230469,0.18161497212025654,0.2701980891595805,0.9954359685288875,1.0,0.007432151585817337,0.7249640822410583,0.5253477096557617,1024,1024,778.388916015625,962.9052124023438,0.7147929616047435
repl0119_face_reshaping,DF40-cdf-pixart,face_reshaping,Celeb-real_id22_0000_191,0.1970362663269043,0.0,0.017246246337890625,0.013377349658791358,0.03962999357864218,0.4503981420039814,0.9009621765096217,0.005260811187326908,0.3481631278991699,0.21928374469280243,1024,1024,778.388916015625,962.9052124023438,0.7147929616047435
repl0120_smoothing_medium,DF40-cdf-pixart,smoothing_medium,Celeb-real_id24_0004_041,0.8489939570426941,1.0,0.07354450225830078,0.07530845781746116,0.08460030976388407,0.2749588287926138,0.20824202186288368,-0.07726886868476868,0.8815303444862366,0.6691840887069702,1024,1024,534.9515991210938,642.831298828125,0.3279529869777633
repl0120_whitening_medium,DF40-cdf-pixart,whitening_medium,Celeb-real_id24_0004_041,20.914382934570312,18.055469512939453,0.9999990463256836,0.9999964483843701,1.0,0.2685177502801421,0.1810285387311351,0.03674900159239769,0.8782041072845459,0.6638262271881104,1024,1024,534.9515991210938,642.831298828125,0.3279529869777633
repl0120_eye_enlarging,DF40-cdf-pixart,eye_enlarging,Celeb-real_id24_0004_041,0.3589383363723755,0.0,0.04387378692626953,0.1630511219553775,0.2423586307171982,0.9979132702967068,1.0,0.0029876690823584795,0.6039566397666931,0.42241647839546204,1024,1024,534.9515991210938,642.831298828125,0.3279529869777633
repl0120_face_reshaping,DF40-cdf-pixart,face_reshaping,Celeb-real_id24_0004_041,0.17178624868392944,0.0,0.01570415496826172,0.0277026019136105,0.07150382990380462,0.4736746219712152,0.8242545697455517,0.0023464523255825043,0.3478388786315918,0.22017541527748108,1024,1024,534.9515991210938,642.831298828125,0.3279529869777633
repl0121_smoothing_medium,DF40-cdf-pixart,smoothing_medium,Celeb-real_id22_0001_099,0.762752890586853,0.0,0.07857894897460938,0.10225251104463419,0.11805461053752625,0.3132069517937764,0.24215981358318364,-0.05637384578585625,0.869895875453949,0.6541591882705688,1024,1024,505.8599853515625,605.9030151367188,0.292303171502617
repl0121_whitening_medium,DF40-cdf-pixart,whitening_medium,Celeb-real_id22_0001_099,18.841718673706055,19.05255889892578,0.9999990463256836,1.0,1.0,0.24069332188923062,0.16118541830579597,0.013878320343792439,0.8598459959030151,0.6434451341629028,1024,1024,505.8599853515625,605.9030151367188,0.292303171502617
repl0121_eye_enlarging,DF40-cdf-pixart,eye_enlarging,Celeb-real_id22_0001_099,0.35034748911857605,0.0,0.039714813232421875,0.16439962755314302,0.24639233204153477,0.9963500144078379,1.0,0.0018231646390631795,0.603234589099884,0.4189436435699463,1024,1024,505.8599853515625,605.9030151367188,0.292303171502617
repl0121_face_reshaping,DF40-cdf-pixart,face_reshaping,Celeb-real_id22_0001_099,0.20282715559005737,0.0,0.015561103820800781,0.028230679319293937,0.06184066502973109,0.43666115094686525,0.640558926273212,0.0047789039090275764,0.3976703882217407,0.25651776790618896,1024,1024,505.8599853515625,605.9030151367188,0.292303171502617
repl0122_smoothing_medium,DF40-cdf-DiT,smoothing_medium,25484,2.6766183376312256,2.0,0.4132080078125,0.4766142684401451,0.4796911715340718,0.3638847858197932,0.26384785819793205,0.10745824128389359,0.8249215483665466,0.6138423681259155,256,256,151.70773315429688,161.48880004882812,0.3738265958437381
repl0122_whitening_medium,DF40-cdf-DiT,whitening_medium,25484,13.516881942749023,12.083045959472656,0.8135223388671875,1.0,1.0,0.38778955265872644,0.2793772859420426,-0.07952213287353516,0.7426196336746216,0.5327520370483398,256,256,151.70773315429688,161.48880004882812,0.3738265958437381
repl0122_eye_enlarging,DF40-cdf-DiT,eye_enlarging,25484,0.42125800251960754,0.0,0.059234619140625,0.1856348246674728,0.2604900973481034,0.988665636269964,0.9994848016486347,-0.002729219850152731,0.5106786489486694,0.3341093957424164,256,256,151.70773315429688,161.48880004882812,0.3738265958437381
repl0122_face_reshaping,DF40-cdf-DiT,face_reshaping,25484,2.532851219177246,0.0,0.1521148681640625,0.21083434099153567,0.3184961396441759,0.43725549202527836,0.47587521316079845,-0.008521812967956066,0.6712210774421692,0.47202634811401367,256,256,151.70773315429688,161.48880004882812,0.3738265958437381
repl0123_smoothing_medium,DF40-cdf-ddim,smoothing_medium,Celeb-real_id46_0001_191,3.962834358215332,2.8284270763397217,0.555999755859375,0.47363592206810945,0.4729906814210833,0.2408474669301279,0.17830287062956254,-0.32906514406204224,0.7613340616226196,0.6238276958465576,256,256,140.2449493408203,162.603271484375,0.3479658137813999
repl0123_whitening_medium,DF40-cdf-ddim,whitening_medium,Celeb-real_id46_0001_191,14.88416576385498,14.03566837310791,0.9978179931640625,0.9996222138269739,0.9994903902154921,0.28324132552413867,0.20994601868701543,-0.146982342004776,0.4181973338127136,0.30334100127220154,256,256,140.2449493408203,162.603271484375,0.3479658137813999
repl0123_eye_enlarging,DF40-cdf-ddim,eye_enlarging,Celeb-real_id46_0001_191,0.5744349360466003,0.0,0.0520477294921875,0.1707593502077824,0.24832556785090273,0.9275872178246849,1.0,-0.0279158353805542,0.5607650876045227,0.3822391927242279,256,256,140.2449493408203,162.603271484375,0.3479658137813999
repl0123_face_reshaping,DF40-cdf-ddim,face_reshaping,Celeb-real_id46_0001_191,2.328859806060791,0.0,0.1922760009765625,0.2935938258945437,0.40848864298194526,0.43171176890722956,0.4452821204666296,-0.07023076713085175,0.6448841691017151,0.4606841206550598,256,256,140.2449493408203,162.603271484375,0.3479658137813999
repl0124_smoothing_medium,DF40-cdf-sd2.1,smoothing_medium,Celeb-real_id4_0004_127,1.5239561796188354,1.0,0.20936203002929688,0.3701711694273152,0.4202955624183887,0.48781954339230726,0.3694768871963996,-0.6945834755897522,0.9382971525192261,0.9201341867446899,512,512,269.374755859375,320.69970703125,0.32954561342512534
repl0124_whitening_medium,DF40-cdf-sd2.1,whitening_medium,Celeb-real_id4_0004_127,18.507537841796875,16.031219482421875,0.9999961853027344,0.999986173713464,0.9999792733226937,0.27589903220761186,0.18404458635172405,-0.1244044080376625,0.7256576418876648,0.5338126420974731,512,512,269.374755859375,320.69970703125,0.32954561342512534
repl0124_eye_enlarging,DF40-cdf-sd2.1,eye_enlarging,Celeb-real_id4_0004_127,0.5934892296791077,0.0,0.06705093383789062,0.24121339490639604,0.36422990030468216,0.9925470785685839,0.9997724298799567,-0.022418074309825897,0.698400616645813,0.5033429265022278,512,512,269.374755859375,320.69970703125,0.32954561342512534
repl0124_face_reshaping,DF40-cdf-sd2.1,face_reshaping,Celeb-real_id4_0004_127,0.807388186454773,0.0,0.054561614990234375,0.10311644498520588,0.176943644164404,0.5214290708243026,0.5968677899741313,-0.0227753147482872,0.5002214312553406,0.3390669822692871,512,512,269.374755859375,320.69970703125,0.32954561342512534
repl0125_smoothing_medium,DF40-cdf-pixart,smoothing_medium,YouTube-real_00166_150,0.8754847049713135,1.0,0.07677745819091797,0.07429565886872348,0.10734172877580742,0.23014147838076193,0.23345796017737588,-0.09335459023714066,0.8862394094467163,0.6748954653739929,1024,1024,517.0518188476562,603.5372924804688,0.2976036594576037
repl0125_whitening_medium,DF40-cdf-pixart,whitening_medium,YouTube-real_00166_150,19.578229904174805,19.02629852294922,0.9955387115478516,1.0,0.9999714440732174,0.23889498782448093,0.16772711510128385,0.024754051119089127,0.8772690892219543,0.6613059043884277,1024,1024,517.0518188476562,603.5372924804688,0.2976036594576037
repl0125_eye_enlarging,DF40-cdf-pixart,eye_enlarging,YouTube-real_00166_150,0.33769822120666504,0.0,0.04563426971435547,0.17181673095893046,0.2732859304948742,0.895446281164448,1.0,0.00433919345960021,0.5757679343223572,0.3992530107498169,1024,1024,517.0518188476562,603.5372924804688,0.2976036594576037
repl0125_face_reshaping,DF40-cdf-pixart,face_reshaping,YouTube-real_00166_150,0.13291102647781372,0.0,0.015794754028320312,0.04099333552541883,0.05153773665724321,0.6172563700036228,0.5448617316749185,0.002025171183049679,0.32906070351600647,0.20659859478473663,1024,1024,517.0518188476562,603.5372924804688,0.2976036594576037
repl0127_smoothing_medium,DF40-cdf-pixart,smoothing_medium,Celeb-real_id36_0008_268,1.0594134330749512,1.0,0.10039901733398438,0.09822471126655341,0.08986596359388074,0.3371993616778753,0.2703465177248376,-0.09579501301050186,0.8742387890815735,0.6604607105255127,1024,1024,624.1242065429688,706.445556640625,0.42048432588971707
repl0127_whitening_medium,DF40-cdf-pixart,whitening_medium,Celeb-real_id36_0008_268,21.8726863861084,20.099750518798828,0.999995231628418,1.0,1.0,0.3446652634871649,0.3020348645919065,0.010209692642092705,0.8610743284225464,0.644151508808136,1024,1024,624.1242065429688,706.445556640625,0.42048432588971707
repl0127_eye_enlarging,DF40-cdf-pixart,eye_enlarging,Celeb-real_id36_0008_268,0.7599602937698364,0.0,0.08217525482177734,0.23590089815885734,0.2720733805907706,0.9894275070502628,1.0,0.0035501248203217983,0.6336697340011597,0.4462226927280426,1024,1024,624.1242065429688,706.445556640625,0.42048432588971707
repl0127_face_reshaping,DF40-cdf-pixart,face_reshaping,Celeb-real_id36_0008_268,0.15688647329807281,0.0,0.015214920043945312,0.02266149427513655,0.04938981070712493,0.5133508837908989,0.9804437758555848,0.002239362569525838,0.2935815751552582,0.17854483425617218,1024,1024,624.1242065429688,706.445556640625,0.42048432588971707
repl0128_smoothing_medium,DF40-cdf-SiT,smoothing_medium,20843,4.088951110839844,2.8284270763397217,0.564971923828125,0.7463477283673142,0.7777887074562266,0.3766812510128018,0.21355263868632854,0.4553331136703491,0.7899160385131836,0.6758773326873779,256,256,133.7548828125,163.06655883789062,0.3328086619262649
repl0128_whitening_medium,DF40-cdf-SiT,whitening_medium,20843,22.02336883544922,25.039968490600586,0.98529052734375,0.984374163857227,0.9732441471571907,0.28487579755931364,0.15322430774948895,-0.10773786157369614,0.5714234709739685,0.3932937681674957,256,256,133.7548828125,163.06655883789062,0.3328086619262649
repl0128_eye_enlarging,DF40-cdf-SiT,eye_enlarging,20843,0.8128622174263,0.0,0.0762481689453125,0.26633488521432014,0.49036002360810543,0.9959975985591355,0.9975985591354813,0.011484980583190918,0.5788342356681824,0.3939661979675293,256,256,133.7548828125,163.06655883789062,0.3328086619262649
repl0128_face_reshaping,DF40-cdf-SiT,face_reshaping,20843,3.6446759700775146,0.0,0.225555419921875,0.385669181784128,0.5348219555380681,0.48755242862941417,0.3678122040319307,-0.05118266120553017,0.6892263293266296,0.4949228763580322,256,256,133.7548828125,163.06655883789062,0.3328086619262649
repl0129_smoothing_medium,DF40-cdf-sd2.1,smoothing_medium,YouTube-real_00090_321,1.4941532611846924,1.4142135381698608,0.18574142456054688,0.20763716414540528,0.21099534761811153,0.3021913700683905,0.19839395370807747,-0.5202592611312866,0.9265782833099365,0.822232723236084,512,512,269.2293701171875,322.0501403808594,0.3307546861301063
repl0129_whitening_medium,DF40-cdf-sd2.1,whitening_medium,YouTube-real_00090_321,20.006959915161133,19.0,1.0,1.0,1.0,0.27032470703125,0.17464828491210938,-0.06571821123361588,0.8109157681465149,0.6032307147979736,512,512,269.2293701171875,322.0501403808594,0.3307546861301063
repl0129_eye_enlarging,DF40-cdf-sd2.1,eye_enlarging,YouTube-real_00090_321,0.30538153648376465,0.0,0.04358673095703125,0.1511486791600813,0.24954677500382239,0.9374234202695606,0.9999124803080693,-0.0017011668533086777,0.560335099697113,0.38426756858825684,512,512,269.2293701171875,322.0501403808594,0.3307546861301063
repl0129_face_reshaping,DF40-cdf-sd2.1,face_reshaping,YouTube-real_00090_321,0.5146394371986389,0.0,0.0540313720703125,0.10383269361029578,0.1570451914466068,0.5194860208980514,0.5076249646992375,-0.015358084812760353,0.4757738709449768,0.3186527192592621,512,512,269.2293701171875,322.0501403808594,0.3307546861301063
repl0130_smoothing_medium,DF40-cdf-DiT,smoothing_medium,12652,2.567460775375366,1.4142135381698608,0.3549652099609375,0.5974578885666687,0.5834080717488789,0.4162403817220479,0.27962859476421786,0.39519065618515015,0.7559815645217896,0.6327041387557983,256,256,123.41586303710938,154.95477294921875,0.2918072057380243
repl0130_whitening_medium,DF40-cdf-DiT,whitening_medium,12652,11.684614181518555,7.0,0.5947418212890625,0.9949404578268649,0.9260089686098655,0.41370551863919747,0.2648998127100598,-0.11657050997018814,0.5776320695877075,0.4041234850883484,256,256,123.41586303710938,154.95477294921875,0.2918072057380243
repl0130_eye_enlarging,DF40-cdf-DiT,eye_enlarging,12652,0.43884921073913574,0.0,0.057464599609375,0.22990066020855185,0.3367713004484305,0.9893786510886883,0.9970791290493892,-0.023004204034805298,0.448119193315506,0.28702765703201294,256,256,123.41586303710938,154.95477294921875,0.2918072057380243
repl0130_face_reshaping,DF40-cdf-DiT,face_reshaping,12652,2.0017600059509277,0.0,0.125335693359375,0.32498303202319984,0.4373991031390135,0.6412223033844655,0.5937423910396883,-0.03366612270474434,0.6011549830436707,0.41774728894233704,256,256,123.41586303710938,154.95477294921875,0.2918072057380243
repl0131_smoothing_medium,DF40-cdf-sd2.1,smoothing_medium,Celeb-real_id31_0008_311,1.6520106792449951,1.0,0.21099472045898438,0.18021353729165746,0.2107852436417903,0.2947876552584477,0.30133246551318904,-0.47366347908973694,0.9058147668838501,0.7917890548706055,512,512,329.151123046875,336.6967468261719,0.42276043832421806
repl0131_whitening_medium,DF40-cdf-sd2.1,whitening_medium,Celeb-real_id31_0008_311,17.64735984802246,17.0,0.9996986389160156,0.9997899995578938,0.9997597096280558,0.34517009138954075,0.30165035391982903,-0.13625958561897278,0.7995986938476562,0.5984310507774353,512,512,329.151123046875,336.6967468261719,0.42276043832421806
repl0131_eye_enlarging,DF40-cdf-sd2.1,eye_enlarging,Celeb-real_id31_0008_311,0.5619788765907288,0.0,0.0705718994140625,0.20176621424466157,0.23396694110356514,0.9867567567567568,1.0,-0.05081407353281975,0.6828760504722595,0.48588064312934875,512,512,329.151123046875,336.6967468261719,0.42276043832421806
repl0131_face_reshaping,DF40-cdf-sd2.1,face_reshaping,Celeb-real_id31_0008_311,0.6550931334495544,0.0,0.04857635498046875,0.06410539811662762,0.12514069633620417,0.45547353541699387,0.7770535574053714,-0.003402771893888712,0.42751646041870117,0.28040245175361633,512,512,329.151123046875,336.6967468261719,0.42276043832421806
repl0132_smoothing_medium,DF40-cdf-ddim,smoothing_medium,Celeb-real_id33_0001_143,3.3262996673583984,2.2360680103302,0.49676513671875,0.5849901113771209,0.5945966172728634,0.3452512593684728,0.24404103698243026,-0.3418586850166321,0.7112689018249512,0.5995359420776367,256,256,141.22735595703125,166.39862060546875,0.35858211094677017
repl0132_whitening_medium,DF40-cdf-ddim,whitening_medium,Celeb-real_id33_0001_143,16.49423599243164,16.155494689941406,0.870513916015625,1.0,0.9891483310881605,0.3367922874671341,0.23167397020157757,-0.17040568590164185,0.4107067584991455,0.3054083585739136,256,256,141.22735595703125,166.39862060546875,0.35858211094677017
repl0132_eye_enlarging,DF40-cdf-ddim,eye_enlarging,Celeb-real_id33_0001_143,0.6060553193092346,0.0,0.067413330078125,0.2117206203809722,0.33048944768747196,0.9207786328655501,0.9995473064735174,-0.015139228664338589,0.4848654866218567,0.3265380263328552,256,256,141.22735595703125,166.39862060546875,0.35858211094677017
repl0132_face_reshaping,DF40-cdf-ddim,face_reshaping,Celeb-real_id33_0001_143,1.7451958656311035,0.0,0.1820220947265625,0.3467783907567399,0.4084717856608292,0.5585547824629056,0.4575404476485875,-0.10349063575267792,0.676596462726593,0.4854394197463989,256,256,141.22735595703125,166.39862060546875,0.35858211094677017
repl0133_smoothing_medium,DF40-cdf-SiT,smoothing_medium,22896,2.793680191040039,2.2360680103302,0.47998046875,0.510899106994287,0.5095387587539242,0.29282171922685657,0.20123346897253305,0.09793953597545624,0.8529313802719116,0.6382733583450317,256,256,133.96832275390625,160.4947967529297,0.32808256121397505
repl0133_whitening_medium,DF40-cdf-SiT,whitening_medium,22896,29.279682159423828,29.068883895874023,1.0,1.0,1.0,0.2751007080078125,0.1895599365234375,-0.04526273533701897,0.7678675055503845,0.5485798716545105,256,256,133.96832275390625,160.4947967529297,0.32808256121397505
repl0133_eye_enlarging,DF40-cdf-SiT,eye_enlarging,22896,0.24113249778747559,0.0,0.03271484375,0.11830939042653503,0.17250261611527007,0.9948694029850746,0.9995335820895522,0.004582035355269909,0.47603872418403625,0.3078305125236511,256,256,133.96832275390625,160.4947967529297,0.32808256121397505
repl0133_face_reshaping,DF40-cdf-SiT,face_reshaping,22896,1.5015623569488525,0.0,0.175750732421875,0.27067502357313217,0.40899943652901877,0.4236846674769925,0.4411356138218441,-0.0016371486708521843,0.6528804302215576,0.45924875140190125,256,256,133.96832275390625,160.4947967529297,0.32808256121397505
repl0134_smoothing_medium,DF40-cdf-SiT,smoothing_medium,372,2.566701650619507,1.7320507764816284,0.3766632080078125,0.5503946916828738,0.54416755551246,0.3897913712781041,0.22734454121936398,0.13995467126369476,0.8298889398574829,0.6251205205917358,256,256,129.1225128173828,163.17587280273438,0.3214977833169357
repl0134_whitening_medium,DF40-cdf-SiT,whitening_medium,372,18.893051147460938,17.0,1.0,1.0,1.0,0.266754150390625,0.1573638916015625,-0.06943682581186295,0.7337706685066223,0.526663064956665,256,256,129.1225128173828,163.17587280273438,0.3214977833169357
repl0134_eye_enlarging,DF40-cdf-SiT,eye_enlarging,372,0.24670936167240143,0.0,0.03302001953125,0.12309804370209358,0.20934742557936584,0.9944547134935305,0.9976894639556377,0.00044745265040546656,0.4221320152282715,0.2664166986942291,256,256,129.1225128173828,163.17587280273438,0.3214977833169357
repl0134_face_reshaping,DF40-cdf-SiT,face_reshaping,372,2.3157615661621094,0.0,0.1530914306640625,0.3027685619494337,0.4741588286628527,0.5275590551181102,0.4873916076946078,0.0013153916224837303,0.6391766667366028,0.4476282298564911,256,256,129.1225128173828,163.17587280273438,0.3214977833169357
repl0135_smoothing_medium,DF40-cdf-SiT,smoothing_medium,3972,2.640920400619507,1.7320507764816284,0.369476318359375,0.5609742866442443,0.5989646525924128,0.42706698604113325,0.3058148178739572,0.11031739413738251,0.8443956971168518,0.6354450583457947,256,256,133.0658416748047,164.5017547607422,0.33400824667694806
repl0135_whitening_medium,DF40-cdf-SiT,whitening_medium,3972,14.994180679321289,12.0,1.0,1.0,1.0,0.281280517578125,0.1886444091796875,-0.06449001282453537,0.7393096685409546,0.5290231108665466,256,256,133.0658416748047,164.5017547607422,0.33400824667694806
repl0135_eye_enlarging,DF40-cdf-SiT,eye_enlarging,3972,0.43255358934402466,0.0,0.052825927734375,0.1760876640989476,0.2798673461134029,0.9376083188908145,0.9994222992489891,-0.0035896445624530315,0.5371447205543518,0.36128556728363037,256,256,133.0658416748047,164.5017547607422,0.33400824667694806
repl0135_face_reshaping,DF40-cdf-SiT,face_reshaping,3972,2.0329198837280273,0.0,0.1396484375,0.27080394922425954,0.41567580684299926,0.5454545454545454,0.5615166083916084,-0.024155594408512115,0.7104910612106323,0.5086653828620911,256,256,133.0658416748047,164.5017547607422,0.33400824667694806
repl0136_smoothing_medium,DF40-cdf-sd2.1,smoothing_medium,Celeb-real_id33_0003_189,1.5686994791030884,1.4142135381698608,0.18257522583007812,0.17381921699470446,0.18721107644661034,0.23729132278890955,0.17176824554438896,-0.900718092918396,0.968230128288269,1.0674210786819458,512,512,267.3373107910156,290.40081787109375,0.2961539218947209
repl0136_whitening_medium,DF40-cdf-sd2.1,whitening_medium,Celeb-real_id33_0003_189,19.975679397583008,19.02629852294922,1.0,1.0,1.0,0.24924468994140625,0.16751480102539062,-0.10610485076904297,0.7590500712394714,0.5602129101753235,512,512,267.3373107910156,290.40081787109375,0.2961539218947209
repl0136_eye_enlarging,DF40-cdf-sd2.1,eye_enlarging,Celeb-real_id33_0003_189,0.2470182329416275,0.0,0.0343017578125,0.13734733233340476,0.20476851957279166,0.9979982206405694,1.0,-0.0013749281642958522,0.5209231376647949,0.3533342778682709,512,512,267.3373107910156,290.40081787109375,0.2961539218947209
repl0136_face_reshaping,DF40-cdf-sd2.1,face_reshaping,Celeb-real_id33_0003_189,0.2348935455083847,0.0,0.027454376220703125,0.046389543604028284,0.055541639150137774,0.421147700430735,0.33889120466861195,-0.009202783927321434,0.39283648133277893,0.2551147937774658,512,512,267.3373107910156,290.40081787109375,0.2961539218947209
repl0137_smoothing_medium,DF40-cdf-ddim,smoothing_medium,YouTube-real_00294_064,3.348524332046509,2.4494898319244385,0.5195465087890625,0.5593842445491399,0.5741575797327212,0.29989133307879823,0.20567417545302358,-0.4243672490119934,0.6543993353843689,0.5967606902122498,256,256,138.58273315429688,161.85789489746094,0.3422654641340799
repl0137_whitening_medium,DF40-cdf-ddim,whitening_medium,YouTube-real_00294_064,12.090357780456543,12.083045959472656,0.9604339599609375,1.0,1.0,0.2900084203167946,0.19377849800613253,-0.15215784311294556,0.382173091173172,0.27906152606010437,256,256,138.58273315429688,161.85789489746094,0.3422654641340799
repl0137_eye_enlarging,DF40-cdf-ddim,eye_enlarging,YouTube-real_00294_064,0.4723929464817047,0.0,0.0439605712890625,0.1436945327051605,0.23612363695990818,0.9104477611940298,0.9996528982992017,-0.011905951425433159,0.4553258419036865,0.29818302392959595,256,256,138.58273315429688,161.85789489746094,0.3422654641340799
repl0137_face_reshaping,DF40-cdf-ddim,face_reshaping,YouTube-real_00294_064,1.8854092359542847,0.0,0.168060302734375,0.26032650377999345,0.3268016725424285,0.43145088069729437,0.36190303250408573,-0.04598402976989746,0.5434004664421082,0.36966586112976074,256,256,138.58273315429688,161.85789489746094,0.3422654641340799
repl0138_smoothing_medium,DF40-cdf-SiT,smoothing_medium,5732,2.584266424179077,2.0,0.4005126953125,0.5370283018867924,0.49960262986778414,0.34699786650411457,0.26344864370618715,0.08388342708349228,0.8412668108940125,0.6288345456123352,256,256,135.06277465820312,156.36277770996094,0.3222471711848627
repl0138_whitening_medium,DF40-cdf-SiT,whitening_medium,5732,14.81999397277832,14.0,0.8511505126953125,1.0,0.9861281699299184,0.30404618059912875,0.24468905182768327,-0.06778772175312042,0.765390157699585,0.5558860898017883,256,256,135.06277465820312,156.36277770996094,0.3222471711848627
repl0138_eye_enlarging,DF40-cdf-SiT,eye_enlarging,5732,0.4132910668849945,0.0,0.055419921875,0.209375,0.2616862943428943,0.9776982378854625,0.9972466960352423,-0.001525199506431818,0.5072662234306335,0.33276569843292236,256,256,135.06277465820312,156.36277770996094,0.3222471711848627
repl0138_face_reshaping,DF40-cdf-SiT,face_reshaping,5732,1.9716514348983765,0.0,0.142120361328125,0.2966391509433962,0.45632541001372734,0.5401546059695083,0.6781189607043161,-0.011644063517451286,0.6696562767028809,0.474559485912323,256,256,135.06277465820312,156.36277770996094,0.3222471711848627
repl0139_smoothing_medium,DF40-cdf-ddim,smoothing_medium,Celeb-real_id37_0004_357,4.530880928039551,3.1622776985168457,0.638214111328125,0.7187515605493133,0.7672750514878205,0.344116100033472,0.2583082293310381,-0.3439440131187439,0.6438391804695129,0.5464193820953369,256,256,145.68359375,160.78257751464844,0.3574124710803517
repl0139_whitening_medium,DF40-cdf-ddim,whitening_medium,Celeb-real_id37_0004_357,23.148147583007812,25.09980010986328,0.9514007568359375,1.0,1.0,0.3211656589308912,0.2258343891838142,-0.15594950318336487,0.3406885266304016,0.2593647539615631,256,256,145.68359375,160.78257751464844,0.3574124710803517
repl0139_eye_enlarging,DF40-cdf-ddim,eye_enlarging,Celeb-real_id37_0004_357,0.5652236938476562,0.0,0.07470703125,0.24139825218476904,0.344932888289184,0.9873366013071896,0.9920343137254902,-0.0020257518626749516,0.284147709608078,0.17124933004379272,256,256,145.68359375,160.78257751464844,0.3574124710803517
repl0139_face_reshaping,DF40-cdf-ddim,face_reshaping,Celeb-real_id37_0004_357,2.659501314163208,0.0,0.2124176025390625,0.32339575530586767,0.46182799517079753,0.46519646577113716,0.4671359816105165,-0.03475704789161682,0.5271183252334595,0.3565059304237366,256,256,145.68359375,160.78257751464844,0.3574124710803517
repl0140_smoothing_medium,DF40-cdf-DiT,smoothing_medium,23157,3.5318050384521484,2.4494898319244385,0.520172119140625,0.7450226126734938,0.687863038826047,0.4204165444411851,0.26400704018773835,0.26558443903923035,0.8115904331207275,0.6277390718460083,256,256,138.92938232421875,167.42315673828125,0.35491936878082697
repl0140_whitening_medium,DF40-cdf-DiT,whitening_medium,23157,30.370832443237305,34.01470184326172,1.0,1.0,1.0,0.2935333251953125,0.19964599609375,-0.1013258621096611,0.6263481378555298,0.4330979883670807,256,256,138.92938232421875,167.42315673828125,0.35491936878082697
repl0140_eye_enlarging,DF40-cdf-DiT,eye_enlarging,23157,0.7142553329467773,0.0,0.0844879150390625,0.2716119977127411,0.41913787832467136,0.9436517970019866,0.9904280296189272,-0.034386489540338516,0.5791437029838562,0.39395952224731445,256,256,138.92938232421875,167.42315673828125,0.35491936878082697
repl0140_face_reshaping,DF40-cdf-DiT,face_reshaping,23157,2.5766851902008057,0.0,0.2037506103515625,0.343088839216094,0.4432895139101192,0.49427095034823637,0.4343593200029956,-0.07057403028011322,0.7219247221946716,0.5174642205238342,256,256,138.92938232421875,167.42315673828125,0.35491936878082697
repl0141_smoothing_medium,DF40-cdf-sd2.1,smoothing_medium,YouTube-real_00170_347,1.7054311037063599,1.0,0.2136688232421875,0.17553179649648684,0.1828431792849181,0.42237377704777546,0.30457759051631794,-0.12915167212486267,0.8688886761665344,0.6616562604904175,512,512,401.5802917480469,441.9756774902344,0.6770657406313667
repl0141_whitening_medium,DF40-cdf-sd2.1,whitening_medium,YouTube-real_00170_347,22.3446102142334,20.124610900878906,1.0,1.0,1.0,0.5141410827636719,0.355926513671875,-0.019762225449085236,0.8227001428604126,0.6038112640380859,512,512,401.5802917480469,441.9756774902344,0.6770657406313667
repl0141_eye_enlarging,DF40-cdf-sd2.1,eye_enlarging,YouTube-real_00170_347,0.7896709442138672,0.0,0.0883331298828125,0.16959615370347011,0.24817799879962274,0.9871307652444291,1.0,0.006267486605793238,0.6301727294921875,0.4382801353931427,512,512,401.5802917480469,441.9756774902344,0.6770657406313667
repl0141_face_reshaping,DF40-cdf-sd2.1,face_reshaping,YouTube-real_00170_347,0.552958071231842,0.0,0.03908538818359375,0.05002262963814837,0.07853896939037984,0.6580128830763224,0.7152059340230333,0.003033020766451955,0.44391995668411255,0.2896418571472168,512,512,401.5802917480469,441.9756774902344,0.6770657406313667
repl0142_smoothing_medium,DF40-cdf-SiT,smoothing_medium,21478,2.9695181846618652,2.2360680103302,0.46405029296875,0.6804304729538374,0.6364662715213096,0.3950085492568723,0.22244508746547415,-0.35130414366722107,0.849144697189331,0.7080243825912476,256,256,130.9139404296875,162.1356201171875,0.3238802019279774
repl0142_whitening_medium,DF40-cdf-SiT,whitening_medium,21478,29.286104202270508,31.016124725341797,1.0,1.0,1.0,0.2693939208984375,0.1621856689453125,-0.06804434210062027,0.715643584728241,0.5124490857124329,256,256,130.9139404296875,162.1356201171875,0.3238802019279774
repl0142_eye_enlarging,DF40-cdf-SiT,eye_enlarging,21478,0.39985713362693787,0.0,0.053558349609375,0.19235344095157178,0.33013453758585004,0.9675213675213675,0.9997150997150998,-0.0107058584690094,0.5181511640548706,0.3519802391529083,256,256,130.9139404296875,162.1356201171875,0.3238802019279774
repl0142_face_reshaping,DF40-cdf-SiT,face_reshaping,21478,1.9183286428451538,0.0,0.16619873046875,0.3787595581988105,0.4859347069338602,0.6139368343738524,0.47420124862284246,-0.02111031301319599,0.6639429330825806,0.4749763011932373,256,256,130.9139404296875,162.1356201171875,0.3238802019279774
repl0143_smoothing_medium,DF40-cdf-DiT,smoothing_medium,14634,3.053495407104492,2.0,0.4053497314453125,0.4888348441300022,0.47875048962005484,0.33291925465838507,0.18403914925654055,-0.2251434028148651,0.8614066243171692,0.6748162508010864,256,256,136.0304412841797,163.53038024902344,0.33943343793707825
repl0143_whitening_medium,DF40-cdf-DiT,whitening_medium,14634,18.502639770507812,16.031219482421875,1.0,1.0,1.0,0.27606201171875,0.15582275390625,-0.10065336525440216,0.6613462567329407,0.46747666597366333,256,256,136.0304412841797,163.53038024902344,0.33943343793707825
repl0143_eye_enlarging,DF40-cdf-DiT,eye_enlarging,14634,0.34219256043434143,0.0,0.0399627685546875,0.1390117178863586,0.25616921269095183,0.9602901870943108,0.9988545246277205,0.00023610651260241866,0.4157746434211731,0.2643498182296753,256,256,136.0304412841797,163.53038024902344,0.33943343793707825
repl0143_face_reshaping,DF40-cdf-DiT,face_reshaping,14634,1.7921743392944336,0.0,0.1388092041015625,0.2695666592969268,0.36594202898550726,0.5361108057601407,0.41079476750577115,-0.04643630608916283,0.7245429158210754,0.5246677994728088,256,256,136.0304412841797,163.53038024902344,0.33943343793707825
repl0144_smoothing_medium,DF40-cdf-ddim,smoothing_medium,Celeb-real_id50_0001_086,5.439047336578369,4.123105525970459,0.75897216796875,0.7601871497742234,0.7662800447177194,0.28092078809811016,0.22048652995577,-0.4894954562187195,0.6876788139343262,0.6634854674339294,256,256,136.8155059814453,160.87484741210938,0.3358485969295586
repl0144_whitening_medium,DF40-cdf-ddim,whitening_medium,Celeb-real_id50_0001_086,12.282844543457031,11.090536117553711,0.987945556640625,0.9977150318263425,0.9972051425377306,0.2832452970067649,0.22043060575170667,-0.16005249321460724,0.3468218147754669,0.2647291421890259,256,256,136.8155059814453,160.87484741210938,0.3358485969295586
repl0144_eye_enlarging,DF40-cdf-ddim,eye_enlarging,Celeb-real_id50_0001_086,0.8197781443595886,0.0,0.0806427001953125,0.2807246613350743,0.36906092789267747,0.9763481551561022,0.9994323557237464,-0.02134978212416172,0.48710736632347107,0.32448872923851013,256,256,136.8155059814453,160.87484741210938,0.3358485969295586
repl0144_face_reshaping,DF40-cdf-ddim,face_reshaping,Celeb-real_id50_0001_086,3.43762469291687,0.0,0.2464752197265625,0.3493281105489364,0.4900083845723868,0.3975112982108587,0.4341608369962236,-0.12031850218772888,0.7160464525222778,0.5279161334037781,256,256,136.8155059814453,160.87484741210938,0.3358485969295586
repl0145_smoothing_medium,DF40-cdf-pixart,smoothing_medium,Celeb-real_id52_0006_190,0.8671055436134338,0.0,0.094146728515625,0.11424248449675022,0.12790436919641018,0.37247771474878444,0.2831037277147488,-0.07219433039426804,0.8827958106994629,0.670489490032196,1024,1024,577.3375854492188,682.7229614257812,0.37590181930570665
repl0145_whitening_medium,DF40-cdf-pixart,whitening_medium,Celeb-real_id52_0006_190,26.44509506225586,30.033315658569336,1.0,1.0,1.0,0.3069572448730469,0.20838451385498047,0.01680491864681244,0.8776479363441467,0.6622588634490967,1024,1024,577.3375854492188,682.7229614257812,0.37590181930570665
repl0145_eye_enlarging,DF40-cdf-pixart,eye_enlarging,Celeb-real_id52_0006_190,0.5635745525360107,0.0,0.062478065490722656,0.20297761815402587,0.2998210583642629,0.9972371895654297,1.0,0.002619821345433593,0.6785743236541748,0.4876644015312195,1024,1024,577.3375854492188,682.7229614257812,0.37590181930570665
repl0145_face_reshaping,DF40-cdf-pixart,face_reshaping,Celeb-real_id52_0006_190,0.2365565448999405,0.0,0.017023086547851562,0.027135347409497062,0.060089608113241225,0.4892997198879552,0.7355742296918768,0.0040363348089158535,0.3548984229564667,0.22472786903381348,1024,1024,577.3375854492188,682.7229614257812,0.37590181930570665
repl0146_smoothing_medium,DF40-cdf-SiT,smoothing_medium,24419,2.954432249069214,2.2360680103302,0.4980316162109375,0.48089336431706686,0.47236428009441384,0.22825454211219706,0.14715524372682987,-0.11611579358577728,0.8563472628593445,0.6498998403549194,256,256,122.50593566894531,150.48861694335938,0.2813072025477865
repl0146_whitening_medium,DF40-cdf-SiT,whitening_medium,24419,24.70743751525879,25.0,1.0,1.0,1.0,0.23638916015625,0.1551513671875,-0.021945249289274216,0.8085027933120728,0.5926698446273804,256,256,122.50593566894531,150.48861694335938,0.2813072025477865
repl0146_eye_enlarging,DF40-cdf-SiT,eye_enlarging,24419,0.22414585947990417,0.0,0.03179931640625,0.13316550477665892,0.20446498819826908,0.9899232245681382,0.9976007677543186,0.0015420812414959073,0.4551728367805481,0.2958488166332245,256,256,122.50593566894531,150.48861694335938,0.2813072025477865
repl0146_face_reshaping,DF40-cdf-SiT,face_reshaping,24419,1.2475206851959229,0.0,0.1655426025390625,0.28808417247611673,0.4482690794649882,0.41137432021384457,0.42013088763941375,-0.006697825156152248,0.6562470197677612,0.4616820216178894,256,256,122.50593566894531,150.48861694335938,0.2813072025477865
repl0147_smoothing_medium,DF40-cdf-pixart,smoothing_medium,Celeb-real_id5_0000_078,0.8026743531227112,0.0,0.08233070373535156,0.07649121489360704,0.08426538547668004,0.3775049229699988,0.23973126375535736,-0.03028324618935585,0.8436902165412903,0.6288341879844666,1024,1024,664.3685302734375,780.2433471679688,0.49435532170640073
repl0147_whitening_medium,DF40-cdf-pixart,whitening_medium,Celeb-real_id5_0000_078,23.52147102355957,21.047565460205078,0.9951887130737305,0.9912853058944473,0.9909325950204597,0.4047306692374256,0.2332254623964214,-0.017433002591133118,0.8457503318786621,0.631681501865387,1024,1024,664.3685302734375,780.2433471679688,0.49435532170640073
repl0147_eye_enlarging,DF40-cdf-pixart,eye_enlarging,Celeb-real_id5_0000_078,0.6787500381469727,0.0,0.0711202621459961,0.17495341053649469,0.30363795525335396,0.9995440831377808,1.0,0.0038650643546134233,0.6102038621902466,0.4272058308124542,1024,1024,664.3685302734375,780.2433471679688,0.49435532170640073
repl0147_face_reshaping,DF40-cdf-pixart,face_reshaping,Celeb-real_id5_0000_078,0.33123475313186646,0.0,0.017993927001953125,0.020098013904079687,0.042816717900694204,0.4538371846512614,0.5573457706169175,0.0031965095549821854,0.34052833914756775,0.21370674669742584,1024,1024,664.3685302734375,780.2433471679688,0.49435532170640073
repl0148_smoothing_medium,DF40-cdf-pixart,smoothing_medium,YouTube-real_00103_167,1.007910966873169,1.0,0.1159963607788086,0.14568780038001564,0.1610614283799016,0.34293066734631794,0.26667543636079616,-0.042960453778505325,0.8657031655311584,0.650738000869751,1024,1024,547.7606201171875,642.460205078125,0.33561172517224236
repl0148_whitening_medium,DF40-cdf-pixart,whitening_medium,YouTube-real_00103_167,19.02712631225586,17.0587215423584,0.9999351501464844,0.9997624902201855,0.9996623450138786,0.27299362522746606,0.19200711868674344,-0.014616147615015507,0.8490311503410339,0.6317092776298523,1024,1024,547.7606201171875,642.460205078125,0.33561172517224236
repl0148_eye_enlarging,DF40-cdf-pixart,eye_enlarging,YouTube-real_00103_167,0.5179400444030762,0.0,0.05606651306152344,0.20347602548340227,0.29192259755994615,0.9909168225888757,1.0,-0.001773339812643826,0.6642948389053345,0.47353941202163696,1024,1024,547.7606201171875,642.460205078125,0.33561172517224236
repl0148_face_reshaping,DF40-cdf-pixart,face_reshaping,YouTube-real_00103_167,0.3858603537082672,0.0,0.018515586853027344,0.032210517491896726,0.0687624448207201,0.4749935616791141,0.7132629410249807,0.015554838813841343,0.4161497950553894,0.26732057332992554,1024,1024,547.7606201171875,642.460205078125,0.33561172517224236
repl0149_smoothing_medium,DF40-cdf-SiT,smoothing_medium,25597,2.55267333984375,2.2360680103302,0.4203338623046875,0.5870112657389,0.5917978458989229,0.3215595164627727,0.25930228337023997,-0.2703331410884857,0.8811319470405579,0.7015394568443298,256,256,127.12206268310547,143.35888671875,0.27807735265565725
repl0149_whitening_medium,DF40-cdf-SiT,whitening_medium,25597,30.261320114135742,32.015621185302734,1.0,1.0,1.0,0.230255126953125,0.184173583984375,-0.03638986125588417,0.8085986971855164,0.5893044471740723,256,256,127.12206268310547,143.35888671875,0.27807735265565725
repl0149_eye_enlarging,DF40-cdf-SiT,eye_enlarging,25597,0.3345169723033905,0.0,0.051605224609375,0.22021206096752816,0.28011599005799503,0.9825547013601419,0.9997043169722057,0.0077048856765031815,0.551399290561676,0.3725854456424713,256,256,127.12206268310547,143.35888671875,0.27807735265565725
repl0149_face_reshaping,DF40-cdf-SiT,face_reshaping,25597,1.680269479751587,0.0,0.1781463623046875,0.3306163021868787,0.4826843413421707,0.42732334047109205,0.4990149892933619,-0.004627510905265808,0.7382948398590088,0.5328187942504883,256,256,127.12206268310547,143.35888671875,0.27807735265565725
repl0150_smoothing_medium,DF40-cdf-pixart,smoothing_medium,Celeb-real_id22_0005_328,0.9497585296630859,0.0,0.12301349639892578,0.12372541835778214,0.12866122776514644,0.20159083332687283,0.126786005008179,-0.03766713663935661,0.8688584566116333,0.6495944857597351,1024,1024,451.857666015625,572.2464599609375,0.2465953348003893
repl0150_whitening_medium,DF40-cdf-pixart,whitening_medium,Celeb-real_id22_0005_328,25.630130767822266,26.038433074951172,0.9904918670654297,1.0,1.0,0.20235488722383657,0.12238423425244992,0.009026642888784409,0.8538227081298828,0.6358257532119751,1024,1024,451.857666015625,572.2464599609375,0.2465953348003893
repl0150_eye_enlarging,DF40-cdf-pixart,eye_enlarging,Celeb-real_id22_0005_328,0.24316243827342987,0.0,0.03388690948486328,0.16732408037417862,0.27954747500177013,0.989671572904061,1.0,0.0012344688875600696,0.5594974756240845,0.38003647327423096,1024,1024,451.857666015625,572.2464599609375,0.2465953348003893
repl0150_face_reshaping,DF40-cdf-pixart,face_reshaping,Celeb-real_id22_0005_328,0.32382091879844666,0.0,0.01604938507080078,0.031070529626439927,0.07768136009251903,0.38802067859052825,0.5867252956206548,0.004191689658910036,0.422126829624176,0.2716071605682373,1024,1024,451.857666015625,572.2464599609375,0.2465953348003893
repl0151_smoothing_medium,DF40-cdf-SiT,smoothing_medium,14517,3.401799201965332,2.8284270763397217,0.56903076171875,0.6187033445012637,0.6302724308404334,0.2822589295291215,0.1606778933819586,-0.045085228979587555,0.8377782106399536,0.6213173270225525,256,256,136.98361206054688,159.81893920898438,0.3340541926350653
repl0151_whitening_medium,DF40-cdf-SiT,whitening_medium,14517,29.506555557250977,31.08053970336914,1.0,1.0,1.0,0.2595977783203125,0.1450653076171875,-0.06980850547552109,0.7006452679634094,0.49527066946029663,256,256,136.98361206054688,159.81893920898438,0.3340541926350653
repl0151_eye_enlarging,DF40-cdf-SiT,eye_enlarging,14517,0.2485027015209198,0.0,0.03509521484375,0.12590372068418268,0.23603660460713158,0.931304347826087,0.9756521739130435,0.00024809950264170766,0.41039103269577026,0.259613037109375,256,256,136.98361206054688,159.81893920898438,0.3340541926350653
repl0151_face_reshaping,DF40-cdf-SiT,face_reshaping,14517,1.5328322649002075,0.0,0.1852874755859375,0.3488508787397872,0.48185547491322184,0.48875895577699086,0.3772543852425266,-0.018388567492365837,0.6013193726539612,0.41621139645576477,256,256,136.98361206054688,159.81893920898438,0.3340541926350653
repl0152_smoothing_medium,DF40-cdf-ddim,smoothing_medium,Celeb-real_id7_0000_153,4.616332530975342,3.464101552963257,0.6651153564453125,0.5505105867420528,0.5076533921390582,0.21890844020280345,0.1795636513799353,-0.018557323142886162,0.7055080533027649,0.5036256313323975,256,256,135.3848876953125,159.54254150390625,0.3295844888936017
repl0152_whitening_medium,DF40-cdf-ddim,whitening_medium,Celeb-real_id7_0000_153,22.094181060791016,21.02379608154297,0.971893310546875,1.0,1.0,0.27212924294282037,0.24206361666719,-0.1710035800933838,0.42280471324920654,0.31416893005371094,256,256,135.3848876953125,159.54254150390625,0.3295844888936017
repl0152_eye_enlarging,DF40-cdf-ddim,eye_enlarging,Celeb-real_id7_0000_153,0.6427079439163208,0.0,0.059478759765625,0.21138868055154908,0.2518484887793488,0.9399692149820421,0.9961518727552591,-0.011485237628221512,0.3953218162059784,0.25142884254455566,256,256,135.3848876953125,159.54254150390625,0.3295844888936017
repl0152_face_reshaping,DF40-cdf-ddim,face_reshaping,Celeb-real_id7_0000_153,3.6046223640441895,0.0,0.1957550048828125,0.29192869093636414,0.409975353482942,0.3944188946917141,0.49271182477200093,-0.038319703191518784,0.6123172044754028,0.4276944398880005,256,256,135.3848876953125,159.54254150390625,0.3295844888936017
repl0153_smoothing_medium,DF40-cdf-DiT,smoothing_medium,16111,2.480457305908203,2.0,0.399017333984375,0.5641982217248026,0.6328242993790905,0.3469980879541109,0.14420650095602294,-0.22344230115413666,0.8625305891036987,0.672976016998291,256,256,129.88238525390625,156.59197998046875,0.3103414897383914
repl0153_whitening_medium,DF40-cdf-DiT,whitening_medium,16111,30.32956314086914,32.0,1.0,1.0,1.0,0.2454071044921875,0.0909271240234375,-0.06090756505727768,0.7806458473205566,0.5672627687454224,256,256,129.88238525390625,156.59197998046875,0.3103414897383914
repl0153_eye_enlarging,DF40-cdf-DiT,eye_enlarging,16111,0.15889325737953186,0.0,0.0228424072265625,0.09140085804887148,0.24920288639033394,0.9819639278557114,0.9919839679358717,-0.005059282761067152,0.44326385855674744,0.28528928756713867,256,256,129.88238525390625,156.59197998046875,0.3103414897383914
repl0153_face_reshaping,DF40-cdf-DiT,face_reshaping,16111,1.3332349061965942,0.0,0.15478515625,0.3623702045638252,0.430776976002685,0.5745268138801262,0.25305599369085174,-0.020557133480906487,0.7821487784385681,0.5724171996116638,256,256,129.88238525390625,156.59197998046875,0.3103414897383914
repl0154_smoothing_medium,DF40-cdf-pixart,smoothing_medium,Celeb-real_id13_0004_203,0.9584460854530334,1.0,0.09485054016113281,0.12018467794312823,0.1002708449742348,0.4279293772245571,0.259818214723803,-0.07737907022237778,0.8887978792190552,0.676118016242981,1024,1024,628.1393432617188,719.2766723632812,0.43087575588392824
repl0154_whitening_medium,DF40-cdf-pixart,whitening_medium,Celeb-real_id13_0004_203,21.99299430847168,20.0,1.0,1.0,1.0,0.3377246856689453,0.2457733154296875,0.037678830325603485,0.8846494555473328,0.6694255471229553,1024,1024,628.1393432617188,719.2766723632812,0.43087575588392824
repl0154_eye_enlarging,DF40-cdf-pixart,eye_enlarging,Celeb-real_id13_0004_203,0.7620764970779419,0.0,0.0774831771850586,0.22915595967582525,0.31526277394921465,0.9988184179108152,1.0,0.004262248519808054,0.659684419631958,0.4715676009654999,1024,1024,628.1393432617188,719.2766723632812,0.43087575588392824
repl0154_face_reshaping,DF40-cdf-pixart,face_reshaping,Celeb-real_id13_0004_203,0.26277992129325867,0.0,0.018143653869628906,0.02657216276508627,0.06338470851182716,0.49461235216819976,0.8586070959264126,0.002786761149764061,0.3247680962085724,0.20290382206439972,1024,1024,628.1393432617188,719.2766723632812,0.43087575588392824
repl0155_smoothing_medium,DF40-cdf-DiT,smoothing_medium,6214,3.301882266998291,2.4494898319244385,0.5159149169921875,0.5115305041126306,0.5042949926670857,0.2998136701073615,0.21356954837183165,-0.0805124044418335,0.8275282382965088,0.6195018291473389,256,256,143.07992553710938,169.24017333984375,0.36948961485828136
repl0155_whitening_medium,DF40-cdf-DiT,whitening_medium,6214,26.99637222290039,26.182052612304688,1.0,1.0,1.0,0.3023834228515625,0.2184906005859375,-0.05678994953632355,0.7570698261260986,0.5410404205322266,256,256,143.07992553710938,169.24017333984375,0.36948961485828136
repl0155_eye_enlarging,DF40-cdf-DiT,eye_enlarging,6214,0.4736461639404297,0.0,0.059417724609375,0.1882726951607206,0.2702702702702703,0.95814072932717,0.9938366718027735,-0.0010703360894694924,0.49860915541648865,0.3297387957572937,256,256,143.07992553710938,169.24017333984375,0.36948961485828136
repl0155_face_reshaping,DF40-cdf-DiT,face_reshaping,6214,2.2341456413269043,0.0,0.191314697265625,0.28480597466821417,0.41099238773657376,0.4501515393204658,0.46937310575849417,-0.01980813778936863,0.667098879814148,0.4742027819156647,256,256,143.07992553710938,169.24017333984375,0.36948961485828136
repl0156_smoothing_medium,DF40-cdf-sd2.1,smoothing_medium,Celeb-real_id11_0007_133,0.9309093356132507,1.0,0.09256744384765625,0.11558004600542451,0.13488443209908005,0.2774664139124701,0.21812412428912883,-0.07296540588140488,0.8324598073959351,0.6159871816635132,512,512,278.7902526855469,312.5081481933594,0.33235254517028423
repl0156_whitening_medium,DF40-cdf-sd2.1,whitening_medium,Celeb-real_id11_0007_133,16.91031265258789,14.0,1.0,1.0,1.0,0.22222137451171875,0.14969253540039062,-0.019406447187066078,0.8257496953010559,0.6094426512718201,512,512,278.7902526855469,312.5081481933594,0.33235254517028423
repl0156_eye_enlarging,DF40-cdf-sd2.1,eye_enlarging,Celeb-real_id11_0007_133,0.2025819569826126,0.0,0.026905059814453125,0.12091873519414975,0.17970999719680947,0.9987239472564866,0.9998582163618318,0.0015682830708101392,0.5222575664520264,0.3498857319355011,512,512,278.7902526855469,312.5081481933594,0.33235254517028423
repl0156_face_reshaping,DF40-cdf-sd2.1,face_reshaping,Celeb-real_id11_0007_133,0.2747783660888672,0.0,0.02709197998046875,0.049644659594190954,0.09732167885629826,0.40720923683469445,0.5377358490566038,0.000398211763240397,0.38114649057388306,0.24117974936962128,512,512,278.7902526855469,312.5081481933594,0.33235254517028423
repl0157_smoothing_medium,DF40-cdf-sd2.1,smoothing_medium,Celeb-real_id5_0009_343,2.586672782897949,2.0,0.378448486328125,0.47943788257608416,0.48031184678831707,0.22421578904927023,0.17139746794613336,-1.1740883588790894,1.0817911624908447,1.3082619905471802,512,512,228.74395751953125,256.3306579589844,0.22367129949616782
repl0157_whitening_medium,DF40-cdf-sd2.1,whitening_medium,Celeb-real_id5_0009_343,22.470561981201172,24.020824432373047,0.9987030029296875,0.9979739632726959,0.9971470538387661,0.17685749644772425,0.13483751203190172,-0.1771891713142395,0.6065496206283569,0.448912650346756,512,512,228.74395751953125,256.3306579589844,0.22367129949616782
repl0157_eye_enlarging,DF40-cdf-sd2.1,eye_enlarging,Celeb-real_id5_0009_343,0.37678262591362,0.0,0.050724029541015625,0.2766617811880335,0.37393367606349925,0.9653305256824848,0.9955629089268256,-0.013997179456055164,0.39999255537986755,0.2579578161239624,512,512,228.74395751953125,256.3306579589844,0.22367129949616782
repl0157_face_reshaping,DF40-cdf-sd2.1,face_reshaping,Celeb-real_id5_0009_343,0.7247422337532043,0.0,0.05397796630859375,0.1560694887490301,0.2582057510875092,0.5117314487632508,0.6460070671378092,-0.0333823561668396,0.47063973546028137,0.3148362636566162,512,512,228.74395751953125,256.3306579589844,0.22367129949616782
repl0158_smoothing_medium,DF40-cdf-SiT,smoothing_medium,15337,2.5497019290924072,2.2360680103302,0.422119140625,0.5019227811105984,0.515349286922891,0.35385338345864664,0.231203007518797,-0.34261131286621094,0.8924100399017334,0.7372989654541016,256,256,138.73287963867188,165.8950653076172,0.3511825581050303
repl0158_whitening_medium,DF40-cdf-SiT,whitening_medium,15337,32.40219497680664,35.0,1.0,1.0,1.0,0.2975921630859375,0.1893768310546875,-0.07320933789014816,0.8165460228919983,0.6100162863731384,256,256,138.73287963867188,165.8950653076172,0.3511825581050303
repl0158_eye_enlarging,DF40-cdf-SiT,eye_enlarging,15337,0.23913079500198364,0.0,0.030914306640625,0.09644670050761421,0.16300056401579244,0.9284304047384008,0.9985192497532083,0.003964085131883621,0.5277630090713501,0.3583762049674988,256,256,138.73287963867188,165.8950653076172,0.3511825581050303
repl0158_face_reshaping,DF40-cdf-SiT,face_reshaping,15337,1.4118692874908447,0.0,0.1385498046875,0.23996308260267651,0.32326162275400855,0.5154185022026432,0.4418502202643172,-0.019156204536557198,0.6940724849700928,0.4996550679206848,256,256,138.73287963867188,165.8950653076172,0.3511825581050303
repl0159_smoothing_medium,DF40-cdf-ddim,smoothing_medium,YouTube-real_00198_220,4.98996639251709,3.7416574954986572,0.6900482177734375,0.6375671423145787,0.6480665383899199,0.25984565376025476,0.2308780930057714,-0.6400432586669922,0.7864053845405579,0.8046397566795349,256,256,143.62570190429688,163.0078887939453,0.35724063787792915
repl0159_whitening_medium,DF40-cdf-ddim,whitening_medium,YouTube-real_00198_220,19.420793533325195,20.02498435974121,0.993011474609375,1.0,1.0,0.28321398936660624,0.24756446110820862,-0.17497000098228455,0.3536570072174072,0.2752290964126587,256,256,143.62570190429688,163.0078887939453,0.35724063787792915
repl0159_eye_enlarging,DF40-cdf-ddim,eye_enlarging,YouTube-real_00198_220,0.7276260852813721,0.0,0.0765533447265625,0.2639574629699962,0.3113400782074359,0.9697030097667929,0.9998006776958341,-0.007385126315057278,0.40920236706733704,0.2616806626319885,256,256,143.62570190429688,163.0078887939453,0.35724063787792915
repl0159_face_reshaping,DF40-cdf-ddim,face_reshaping,YouTube-real_00198_220,3.1727874279022217,0.0,0.2385406494140625,0.32977049536107644,0.49314133200918625,0.38879293801573594,0.508219791466769,-0.0449092760682106,0.5670917630195618,0.39139029383659363,256,256,143.62570190429688,163.0078887939453,0.35724063787792915
repl0160_smoothing_medium,DF40-cdf-SiT,smoothing_medium,22812,3.8332114219665527,3.0,0.60943603515625,0.5836116105830979,0.5611806634378141,0.2844266399599399,0.15375563345017526,-0.08679470419883728,0.7813642621040344,0.5776577591896057,256,256,138.44793701171875,167.06190490722656,0.3529262708687355
repl0160_whitening_medium,DF40-cdf-SiT,whitening_medium,22812,25.56007194519043,27.018512725830078,0.998291015625,1.0,1.0,0.2975207874786011,0.1672627781853754,-0.09816981852054596,0.6759899258613586,0.4752308130264282,256,256,138.44793701171875,167.06190490722656,0.3529262708687355
repl0160_eye_enlarging,DF40-cdf-SiT,eye_enlarging,22812,0.25588148832321167,0.0,0.0351409912109375,0.11610583097867969,0.21045417161655852,0.9813287016934433,1.0,0.0005106571479700506,0.3770597279071808,0.23576557636260986,256,256,138.44793701171875,167.06190490722656,0.3529262708687355
repl0160_face_reshaping,DF40-cdf-SiT,face_reshaping,22812,2.10011625289917,0.0,0.1835174560546875,0.2693552530182379,0.338572603490816,0.4359358110917103,0.3080568720379147,-0.012143322266638279,0.5790717005729675,0.3998769521713257,256,256,138.44793701171875,167.06190490722656,0.3529262708687355
repl0161_smoothing_medium,DF40-cdf-ddim,smoothing_medium,YouTube-real_00104_096,4.562912464141846,3.1622776985168457,0.6441497802734375,0.782487515967948,0.7978796759179452,0.3192230249911169,0.21928224564728177,-0.28910693526268005,0.7263932824134827,0.5829721093177795,256,256,134.7877197265625,152.5567626953125,0.3137630946741865
repl0161_whitening_medium,DF40-cdf-ddim,whitening_medium,YouTube-real_00104_096,18.571252822875977,18.055469512939453,0.965484619140625,0.9995935431424922,0.9993966557490088,0.272070676739261,0.18325062426905206,-0.15189290046691895,0.36772215366363525,0.2718324065208435,256,256,134.7877197265625,152.5567626953125,0.3137630946741865
repl0161_eye_enlarging,DF40-cdf-ddim,eye_enlarging,YouTube-real_00104_096,0.6705092787742615,0.0,0.0728912353515625,0.2726164208570433,0.41156697121186003,0.982834414904752,0.9995813271927988,-0.025184644386172295,0.5515065789222717,0.3718738257884979,256,256,134.7877197265625,152.5567626953125,0.3137630946741865
repl0161_face_reshaping,DF40-cdf-ddim,face_reshaping,YouTube-real_00104_096,2.91459321975708,0.0,0.2167205810546875,0.3896179305539426,0.5344768143423547,0.47243540097162573,0.4365979018517215,-0.08649715036153793,0.6450604200363159,0.46239224076271057,256,256,134.7877197265625,152.5567626953125,0.3137630946741865
repl0162_smoothing_medium,DF40-cdf-ddim,smoothing_medium,Celeb-real_id53_0000_304,3.4224677085876465,2.4494898319244385,0.5275115966796875,0.6036058784909853,0.6220396013976964,0.34572329409042263,0.2780654305631888,-0.1417343020439148,0.6583454012870789,0.4787064790725708,256,256,141.11582946777344,164.12588500976562,0.3534051574750592
repl0162_whitening_medium,DF40-cdf-ddim,whitening_medium,Celeb-real_id53_0000_304,18.6169490814209,22.022714614868164,0.877593994140625,0.9904550275238624,0.9934644752167724,0.3409952359425531,0.2669437006641861,-0.16386237740516663,0.3561519682407379,0.27218469977378845,256,256,141.11582946777344,164.12588500976562,0.3534051574750592
repl0162_eye_enlarging,DF40-cdf-ddim,eye_enlarging,Celeb-real_id53_0000_304,0.901867151260376,0.0,0.0805816650390625,0.2543305893641735,0.34030024589103147,0.9536072713501231,0.9958341223253172,-0.01641867682337761,0.5620730519294739,0.37719547748565674,256,256,141.11582946777344,164.12588500976562,0.3534051574750592
repl0162_face_reshaping,DF40-cdf-ddim,face_reshaping,Celeb-real_id53_0000_304,2.650552272796631,0.0,0.2032470703125,0.3299328316751679,0.4044907467322376,0.4904654654654655,0.4692942942942943,-0.10147883743047714,0.6391588449478149,0.45242318511009216,256,256,141.11582946777344,164.12588500976562,0.3534051574750592
repl0163_smoothing_medium,DF40-cdf-DiT,smoothing_medium,23875,3.001577138900757,2.2360680103302,0.4595489501953125,0.4757326807667657,0.5384615384615384,0.2711093402397317,0.19337915463027525,-0.02003432810306549,0.7190471887588501,0.5202479362487793,256,256,131.45289611816406,152.477783203125,0.3058417693439992
repl0163_whitening_medium,DF40-cdf-DiT,whitening_medium,23875,25.06085777282715,24.0,0.9879608154296875,1.0,1.0,0.2650779186680464,0.16705021082057855,-0.11399271339178085,0.5600728392601013,0.38877981901168823,256,256,131.45289611816406,152.477783203125,0.3058417693439992
repl0163_eye_enlarging,DF40-cdf-DiT,eye_enlarging,23875,0.33558177947998047,0.0,0.0469970703125,0.16488958806735418,0.28365384615384615,0.9188311688311688,0.9961038961038962,0.0014802688965573907,0.27457231283187866,0.15724745392799377,256,256,131.45289611816406,152.477783203125,0.3058417693439992
repl0163_face_reshaping,DF40-cdf-DiT,face_reshaping,23875,1.9992586374282837,0.0,0.1671142578125,0.269241974013867,0.4171597633136095,0.42193206720233745,0.41197954711468227,-0.004809103440493345,0.4214749038219452,0.2661568224430084,256,256,131.45289611816406,152.477783203125,0.3058417693439992
repl0164_smoothing_medium,DF40-cdf-DiT,smoothing_medium,25246,3.4015438556671143,2.8284270763397217,0.568695068359375,0.6396194739787353,0.6479704059188163,0.30668097665682853,0.17389321169841696,-0.23909428715705872,0.8472886085510254,0.6682388782501221,256,256,130.33139038085938,163.48770141601562,0.3251278600421159
repl0164_whitening_medium,DF40-cdf-DiT,whitening_medium,25246,25.581369400024414,27.037012100219727,1.0,1.0,1.0,0.272674560546875,0.152618408203125,-0.05361735820770264,0.7499762177467346,0.5386627316474915,256,256,130.33139038085938,163.48770141601562,0.3251278600421159
repl0164_eye_enlarging,DF40-cdf-DiT,eye_enlarging,25246,0.3595629334449768,0.0,0.0486602783203125,0.17039731393396754,0.3172365526894621,0.9548447789275635,0.9949827532141737,-0.002935269381850958,0.5198168158531189,0.3520748019218445,256,256,130.33139038085938,163.48770141601562,0.3251278600421159
repl0164_face_reshaping,DF40-cdf-DiT,face_reshaping,25246,2.133539915084839,0.0,0.201141357421875,0.32579742585338556,0.4871025794841032,0.44166287361553636,0.3695949021392808,-0.02564518339931965,0.7122216820716858,0.515492856502533,256,256,130.33139038085938,163.48770141601562,0.3251278600421159
repl0165_smoothing_medium,DF40-cdf-pixart,smoothing_medium,YouTube-real_00276_296,0.9814119935035706,1.0,0.0902853012084961,0.10160846172312993,0.12086683530580902,0.3800107741547042,0.33916405234971636,-0.08933518826961517,0.8752858638763428,0.6630452275276184,1024,1024,613.43603515625,714.7760009765625,0.41815696340933073
repl0165_whitening_medium,DF40-cdf-pixart,whitening_medium,YouTube-real_00276_296,21.245052337646484,18.11077117919922,1.0,1.0,1.0,0.3376626968383789,0.25334930419921875,-0.0022404033225029707,0.8678401708602905,0.6521705985069275,1024,1024,613.43603515625,714.7760009765625,0.41815696340933073
repl0165_eye_enlarging,DF40-cdf-pixart,eye_enlarging,YouTube-real_00276_296,0.8064209222793579,0.0,0.07737541198730469,0.22773219606569414,0.30541000391483725,0.9938127049079301,1.0,0.002525951247662306,0.6455386281013489,0.4591265618801117,1024,1024,613.43603515625,714.7760009765625,0.41815696340933073
repl0165_face_reshaping,DF40-cdf-pixart,face_reshaping,YouTube-real_00276_296,0.27534857392311096,0.0,0.017833709716796875,0.023001426291782583,0.06414686662450689,0.4355080213903743,0.911283422459893,0.0029493567999452353,0.3229173719882965,0.20179106295108795,1024,1024,613.43603515625,714.7760009765625,0.41815696340933073
repl0166_smoothing_medium,DF40-cdf-SiT,smoothing_medium,7488,2.7355456352233887,2.2360680103302,0.4344940185546875,0.5659119106699751,0.5465446998231993,0.38444249341527653,0.24969271290605793,0.056068141013383865,0.8330284357070923,0.6226550340652466,256,256,142.39837646484375,163.29556274414062,0.3548129733074745
repl0166_whitening_medium,DF40-cdf-SiT,whitening_medium,7488,28.082006454467773,31.016124725341797,1.0,1.0,1.0,0.295166015625,0.1985015869140625,-0.06615536659955978,0.7502968311309814,0.5423428416252136,256,256,142.39837646484375,163.29556274414062,0.3548129733074745
repl0166_eye_enlarging,DF40-cdf-SiT,eye_enlarging,7488,0.4443477392196655,0.0,0.0548248291015625,0.1797456575682382,0.2743485279421939,0.9677150013915947,0.9933203451155024,-0.0100614158436656,0.5196961164474487,0.3470609188079834,256,256,142.39837646484375,163.29556274414062,0.3548129733074745
repl0166_face_reshaping,DF40-cdf-SiT,face_reshaping,7488,2.4943859577178955,0.0,0.1648101806640625,0.3053143093465674,0.449227457913752,0.546801222109064,0.5410610128691787,-0.012091755867004395,0.6925618052482605,0.4947811961174011,256,256,142.39837646484375,163.29556274414062,0.3548129733074745
repl0167_smoothing_medium,DF40-cdf-pixart,smoothing_medium,Celeb-real_id22_0009_277,0.8796602487564087,0.0,0.11501121520996094,0.17830576837326198,0.1577459069882104,0.2917875918340271,0.18040100167498632,-0.03329085186123848,0.8645130395889282,0.6477019190788269,1024,1024,438.68658447265625,544.0833129882812,0.2276249411043132
repl0167_whitening_medium,DF40-cdf-pixart,whitening_medium,Celeb-real_id22_0009_277,20.78980827331543,15.0,0.9998989105224609,0.9994628886456687,1.0,0.1881274619207035,0.13154215189752688,-0.007347896695137024,0.8427294492721558,0.6249408721923828,1024,1024,438.68658447265625,544.0833129882812,0.2276249411043132
repl0167_eye_enlarging,DF40-cdf-pixart,eye_enlarging,Celeb-real_id22_0009_277,0.3332799971103668,0.0,0.03861713409423828,0.20413778426365073,0.29360199538856424,0.9949127009606599,1.0,0.0008393207681365311,0.5702652931213379,0.38991567492485046,1024,1024,438.68658447265625,544.0833129882812,0.2276249411043132
repl0167_face_reshaping,DF40-cdf-pixart,face_reshaping,Celeb-real_id22_0009_277,0.22138023376464844,0.0,0.0157623291015625,0.04331347034739957,0.09982743369248394,0.5171829622458858,0.8330106485963213,0.0010287963086739182,0.36176857352256775,0.22869190573692322,1024,1024,438.68658447265625,544.0833129882812,0.2276249411043132
repl0168_smoothing_medium,DF40-cdf-SiT,smoothing_medium,5413,3.23645281791687,2.2360680103302,0.45867919921875,0.6358880718551053,0.6069508298916855,0.4286427145708583,0.2591151031270792,0.19441981613636017,0.8361707925796509,0.6345028281211853,256,256,150.47601318359375,164.91851806640625,0.3786663986019789
repl0168_whitening_medium,DF40-cdf-SiT,whitening_medium,5413,28.819419860839844,28.03569221496582,1.0,1.0,1.0,0.3091888427734375,0.1958160400390625,-0.08891821652650833,0.641189694404602,0.44490012526512146,256,256,150.47601318359375,164.91851806640625,0.3786663986019789
repl0168_eye_enlarging,DF40-cdf-SiT,eye_enlarging,5413,0.4893949329853058,0.0,0.061004638671875,0.19143266051423777,0.3110730148835035,0.9702351175587793,0.9984992496248124,0.0011591517832130194,0.4078480303287506,0.2558262348175049,256,256,150.47601318359375,164.91851806640625,0.3786663986019789
repl0168_face_reshaping,DF40-cdf-SiT,face_reshaping,5413,2.227201223373413,0.0,0.1438751220703125,0.28283077530474265,0.3493337489285436,0.6078057058012515,0.47544808569307456,-0.014115294441580772,0.5813315510749817,0.4001101553440094,256,256,150.47601318359375,164.91851806640625,0.3786663986019789
repl0169_smoothing_medium,DF40-cdf-DiT,smoothing_medium,3052,2.6761491298675537,2.2360680103302,0.4221038818359375,0.4549446884207015,0.4299629578817396,0.295846437479666,0.22658424610490546,-0.012084536254405975,0.8236520886421204,0.6050785779953003,256,256,138.7427978515625,157.83529663085938,0.3341447548568226
repl0169_whitening_medium,DF40-cdf-DiT,whitening_medium,3052,13.5143404006958,15.066518783569336,0.8407135009765625,1.0,1.0,0.3264969054576474,0.2645879085975643,-0.06830587983131409,0.7779406309127808,0.5634942650794983,256,256,138.7427978515625,157.83529663085938,0.3341447548568226
repl0169_eye_enlarging,DF40-cdf-DiT,eye_enlarging,3052,0.3720712661743164,0.0,0.0477294921875,0.17321696592362,0.21388393469611744,0.9961636828644501,0.9968030690537084,-0.003575184615328908,0.5065087080001831,0.33006829023361206,256,256,138.7427978515625,157.83529663085938,0.3341447548568226
repl0169_face_reshaping,DF40-cdf-DiT,face_reshaping,3052,2.2975010871887207,0.0,0.195220947265625,0.29579187281116237,0.44649471806832214,0.4158980772236986,0.508754103486009,-0.006131062749773264,0.6565665006637573,0.460484117269516,256,256,138.7427978515625,157.83529663085938,0.3341447548568226
repl0170_smoothing_medium,DF40-cdf-sd2.1,smoothing_medium,Celeb-real_id4_0003_042,2.4780173301696777,2.2360680103302,0.4088478088378906,0.3866767928827167,0.37734291610332316,0.3657874357371451,0.24738516659357884,-0.6036063432693481,0.9222399592399597,0.8642995953559875,512,512,321.1580810546875,379.1748046875,0.46453496039475795
repl0170_whitening_medium,DF40-cdf-sd2.1,whitening_medium,Celeb-real_id4_0003_042,20.49995994567871,19.02629852294922,0.9973182678222656,0.9930957617840551,0.9902511919163168,0.3851232209179126,0.26614035289032706,-0.12674114108085632,0.7450578212738037,0.5480672717094421,512,512,321.1580810546875,379.1748046875,0.46453496039475795
repl0170_eye_enlarging,DF40-cdf-sd2.1,eye_enlarging,Celeb-real_id4_0003_042,0.8879807591438293,0.0,0.08852386474609375,0.22373677098641837,0.3302355368960364,0.9775058174610015,0.9999138153925708,-0.0039917235262691975,0.5659441351890564,0.3917255103588104,512,512,321.1580810546875,379.1748046875,0.46453496039475795
repl0170_face_reshaping,DF40-cdf-sd2.1,face_reshaping,Celeb-real_id4_0003_042,1.3616136312484741,0.0,0.056243896484375,0.06342035961217908,0.12990820465381056,0.4361096039066739,0.6190992946283234,-0.00949147716164589,0.446441650390625,0.29419440031051636,512,512,321.1580810546875,379.1748046875,0.46453496039475795
repl0171_smoothing_medium,DF40-cdf-ddim,smoothing_medium,YouTube-real_00093_398,4.347745895385742,3.1622776985168457,0.603729248046875,0.6467095497278575,0.7006216848229054,0.3633675377849669,0.3104685841378962,-0.352028489112854,0.7639641165733337,0.6386301517486572,256,256,153.27870178222656,174.01351928710938,0.4069910633679896
repl0171_whitening_medium,DF40-cdf-ddim,whitening_medium,YouTube-real_00093_398,26.179563522338867,31.032241821289062,1.0,1.0,1.0,0.3392181396484375,0.2675323486328125,-0.13562126457691193,0.3856651186943054,0.27741408348083496,256,256,153.27870178222656,174.01351928710938,0.4069910633679896
repl0171_eye_enlarging,DF40-cdf-ddim,eye_enlarging,YouTube-real_00093_398,1.025046706199646,0.0,0.099273681640625,0.2769556025369979,0.37090058746364,0.9463572087304027,0.9995388871810637,-0.06055329740047455,0.6578637957572937,0.46978163719177246,256,256,153.27870178222656,174.01351928710938,0.4069910633679896
repl0171_face_reshaping,DF40-cdf-ddim,face_reshaping,YouTube-real_00093_398,3.3329410552978516,0.0,0.2127838134765625,0.30403490621204626,0.4250270917698055,0.4846898529939046,0.5343850842595913,-0.0965108722448349,0.7259511351585388,0.54076087474823,256,256,153.27870178222656,174.01351928710938,0.4069910633679896
repl0172_smoothing_medium,DF40-cdf-ddim,smoothing_medium,Celeb-real_id40_0003_205,3.7539706230163574,2.4494898319244385,0.5267791748046875,0.5160221660040959,0.5646118888807447,0.24815340497639254,0.22312661124467748,-0.7382200360298157,0.7670442461967468,0.8596930503845215,256,256,129.75616455078125,149.3860626220703,0.2957727435788371
repl0172_whitening_medium,DF40-cdf-ddim,whitening_medium,Celeb-real_id40_0003_205,12.462467193603516,13.03840446472168,0.9877777099609375,0.9583182749066378,0.9623250018324415,0.24577122113230865,0.20281146211477563,-0.17737188935279846,0.4149041175842285,0.3142586648464203,256,256,129.75616455078125,149.3860626220703,0.2957727435788371
repl0172_eye_enlarging,DF40-cdf-ddim,eye_enlarging,Celeb-real_id40_0003_205,0.49116483330726624,0.0,0.0553131103515625,0.20744488615829418,0.26541083339441474,0.9500689655172414,0.9988965517241379,-0.04372281953692436,0.5082898139953613,0.33502382040023804,256,256,129.75616455078125,149.3860626220703,0.2957727435788371
repl0172_face_reshaping,DF40-cdf-ddim,face_reshaping,Celeb-real_id40_0003_205,2.644956588745117,0.0,0.219757080078125,0.2943621250451753,0.4479220112878399,0.33932787112900986,0.4243160672128871,-0.11034625768661499,0.7363635301589966,0.5428152680397034,256,256,129.75616455078125,149.3860626220703,0.2957727435788371
repl0173_smoothing_medium,DF40-cdf-sd2.1,smoothing_medium,Celeb-real_id17_0009_287,1.3237961530685425,1.0,0.14320755004882812,0.14164702291111977,0.17859444574642605,0.4449801550305,0.32479156122639247,-0.271472305059433,0.8917651772499084,0.7100129127502441,512,512,335.42169189453125,424.87359619140625,0.54363945188841
repl0173_whitening_medium,DF40-cdf-sd2.1,whitening_medium,Celeb-real_id17_0009_287,17.797534942626953,17.029386520385742,1.0,1.0,1.0,0.44988250732421875,0.26043701171875,-0.029775435104966164,0.8457040786743164,0.6301079988479614,512,512,335.42169189453125,424.87359619140625,0.54363945188841
repl0173_eye_enlarging,DF40-cdf-sd2.1,eye_enlarging,Celeb-real_id17_0009_287,0.4423181414604187,0.0,0.0544281005859375,0.11651432156969152,0.20898757909538318,0.9630641996075133,1.0,0.0022189244627952576,0.6435222029685974,0.4532904624938965,512,512,335.42169189453125,424.87359619140625,0.54363945188841
repl0173_face_reshaping,DF40-cdf-sd2.1,face_reshaping,Celeb-real_id17_0009_287,0.5015528798103333,0.0,0.0399627685546875,0.032806484983126154,0.07429107101007734,0.36932035127911417,0.4841542573501336,0.00021050553186796606,0.5003648996353149,0.33652427792549133,512,512,335.42169189453125,424.87359619140625,0.54363945188841
repl0174_smoothing_medium,DF40-cdf-SiT,smoothing_medium,19084,2.643406867980957,2.2360680103302,0.44525146484375,0.509393506228303,0.5445814895019302,0.34194653872515424,0.1982179575051405,-0.2212074249982834,0.8692744374275208,0.6768801808357239,256,256,150.0208282470703,164.8275146484375,0.3773126261209825
repl0174_whitening_medium,DF40-cdf-SiT,whitening_medium,19084,25.779987335205078,25.01999282836914,1.0,1.0,1.0,0.29888916015625,0.1620635986328125,-0.03572571650147438,0.7992649674415588,0.5814601182937622,256,256,150.0208282470703,164.8275146484375,0.3773126261209825
repl0174_eye_enlarging,DF40-cdf-SiT,eye_enlarging,19084,0.27406981587409973,0.0,0.03814697265625,0.1211455993465387,0.23397043592882028,0.9492,0.994,0.0016604866832494736,0.4980948269367218,0.3337239921092987,256,256,150.0208282470703,164.8275146484375,0.3773126261209825
repl0174_face_reshaping,DF40-cdf-SiT,face_reshaping,19084,1.4312071800231934,0.0,0.169647216796875,0.28920767817030835,0.3347142453629602,0.5095340888649038,0.3197517539125742,-0.014077803120017052,0.6886475086212158,0.49024802446365356,256,256,150.0208282470703,164.8275146484375,0.3773126261209825
repl0175_smoothing_medium,DF40-cdf-sd2.1,smoothing_medium,Celeb-real_id40_0008_049,2.0772340297698975,2.0,0.3236045837402344,0.3208495492147928,0.31642771525086005,0.38679256403908946,0.23961759262533744,-1.2520482540130615,1.0191532373428345,1.3538403511047363,512,512,309.8179931640625,397.1477355957031,0.46937375805630666
repl0175_whitening_medium,DF40-cdf-sd2.1,whitening_medium,Celeb-real_id40_0008_049,16.015544891357422,16.0,1.0,1.0,1.0,0.39011383056640625,0.24505233764648438,-0.14101016521453857,0.7124342322349548,0.5255444049835205,512,512,309.8179931640625,397.1477355957031,0.46937375805630666
repl0175_eye_enlarging,DF40-cdf-sd2.1,eye_enlarging,Celeb-real_id40_0008_049,0.45339253544807434,0.0,0.06439971923828125,0.16382766510863825,0.2627998567848192,0.992417959957351,1.0,-0.012710749171674252,0.59872967004776,0.41870835423469543,512,512,309.8179931640625,397.1477355957031,0.46937375805630666
repl0175_face_reshaping,DF40-cdf-sd2.1,face_reshaping,Celeb-real_id40_0008_049,0.5881581902503967,0.0,0.059093475341796875,0.06724620108344904,0.15102974828375287,0.4439351881737783,0.6262991414369634,-0.014478959143161774,0.4531795084476471,0.304139643907547,512,512,309.8179931640625,397.1477355957031,0.46937375805630666
repl0176_smoothing_medium,DF40-cdf-sd2.1,smoothing_medium,Celeb-real_id6_0004_044,2.019848346710205,1.4142135381698608,0.2768058776855469,0.3522229694388403,0.34593586514241426,0.324807408734479,0.1968358529829252,-0.2391446977853775,0.8705286979675293,0.6822103261947632,512,512,265.14599609375,303.6717529296875,0.30714931265288214
repl0176_whitening_medium,DF40-cdf-sd2.1,whitening_medium,Celeb-real_id6_0004_044,19.046512603759766,18.0,0.9914283752441406,1.0,1.0,0.25746738130874924,0.1588629341623797,-0.05468004569411278,0.779456377029419,0.5683313012123108,512,512,265.14599609375,303.6717529296875,0.30714931265288214
repl0176_eye_enlarging,DF40-cdf-sd2.1,eye_enlarging,Celeb-real_id6_0004_044,0.40180954337120056,0.0,0.04673004150390625,0.18054247926473885,0.2966237163340438,0.986204081632653,0.9997551020408163,-0.0001520890073152259,0.5451616048812866,0.3711753189563751,512,512,265.14599609375,303.6717529296875,0.30714931265288214
repl0176_face_reshaping,DF40-cdf-sd2.1,face_reshaping,Celeb-real_id6_0004_044,0.6119906306266785,0.0,0.0484161376953125,0.09440334753044907,0.1178792869598915,0.49771509612354237,0.38346990230066186,-0.005248012021183968,0.48460736870765686,0.3232003152370453,512,512,265.14599609375,303.6717529296875,0.30714931265288214
repl0177_smoothing_medium,DF40-cdf-pixart,smoothing_medium,YouTube-real_00038_150,0.7579938173294067,0.0,0.087158203125,0.09785920006209235,0.12184679697121567,0.386281074929972,0.3431700805322129,-0.11604687571525574,0.8879738450050354,0.6807462573051453,1024,1024,602.4134521484375,733.5288696289062,0.421416910747233
repl0177_whitening_medium,DF40-cdf-pixart,whitening_medium,YouTube-real_00038_150,29.711421966552734,34.02939987182617,1.0,1.0,1.0,0.3440408706665039,0.24547290802001953,-0.006901283748447895,0.8692499995231628,0.6546343564987183,1024,1024,602.4134521484375,733.5288696289062,0.421416910747233
repl0177_eye_enlarging,DF40-cdf-pixart,eye_enlarging,YouTube-real_00038_150,0.5968446135520935,0.0,0.06082439422607422,0.1706929672102519,0.2477845507134893,0.9654902083757977,1.0,0.00020452705211937428,0.6922597885131836,0.4996046721935272,1024,1024,602.4134521484375,733.5288696289062,0.421416910747233
repl0177_face_reshaping,DF40-cdf-pixart,face_reshaping,YouTube-real_00038_150,0.29539746046066284,0.0,0.017053604125976562,0.022996343758749063,0.058330128167771965,0.4639302091488648,0.8396152555642545,0.0038216407410800457,0.37980958819389343,0.24481280148029327,1024,1024,602.4134521484375,733.5288696289062,0.421416910747233
repl0178_smoothing_medium,DF40-cdf-pixart,smoothing_medium,Celeb-real_id59_0007_096,0.957840085029602,1.0,0.09583473205566406,0.08064240351734245,0.10782313655593016,0.2628321225992636,0.2498258533187382,-0.10028930008411407,0.8830574750900269,0.6708164811134338,1024,1024,582.0718994140625,692.7207641601562,0.38453415962053583
repl0178_whitening_medium,DF40-cdf-pixart,whitening_medium,Celeb-real_id59_0007_096,23.724700927734375,20.02498435974121,1.0,1.0,1.0,0.312347412109375,0.22204875946044922,-0.00178238982334733,0.8716089725494385,0.6543004512786865,1024,1024,582.0718994140625,692.7207641601562,0.38453415962053583
repl0178_eye_enlarging,DF40-cdf-pixart,eye_enlarging,Celeb-real_id59_0007_096,0.5680164098739624,0.0,0.06358051300048828,0.19758793356130924,0.28633581720961193,0.9706760263390781,1.0,0.004672671668231487,0.629952073097229,0.44390642642974854,1024,1024,582.0718994140625,692.7207641601562,0.38453415962053583
repl0178_face_reshaping,DF40-cdf-pixart,face_reshaping,Celeb-real_id59_0007_096,0.2655656933784485,0.0,0.01614856719970703,0.02644113336590132,0.056129877380977945,0.5114273903029587,0.7718065316246383,0.004086660221219063,0.3447725474834442,0.21774165332317352,1024,1024,582.0718994140625,692.7207641601562,0.38453415962053583
repl0179_smoothing_medium,DF40-cdf-sd2.1,smoothing_medium,YouTube-real_00166_015,3.1529083251953125,2.4494898319244385,0.5455780029296875,0.5611569749924676,0.5745242946437822,0.3255628583414907,0.23264578380646064,-1.5805915594100952,1.1102778911590576,1.660523772239685,512,512,301.50860595703125,339.216796875,0.39015496651836656
repl0179_whitening_medium,DF40-cdf-sd2.1,whitening_medium,YouTube-real_00166_015,20.307310104370117,19.02629852294922,0.9997901916503906,0.9999758963543236,1.0,0.3165832980399788,0.22097073894745678,-0.21393883228302002,0.6515738368034363,0.4959050416946411,512,512,301.50860595703125,339.216796875,0.39015496651836656
repl0179_eye_enlarging,DF40-cdf-sd2.1,eye_enlarging,YouTube-real_00166_015,0.7363433241844177,0.0,0.1002044677734375,0.30181379933714975,0.45293020685844526,0.9533653114055124,0.9985914420587787,-0.030875666067004204,0.5477160215377808,0.3778647482395172,512,512,301.50860595703125,339.216796875,0.39015496651836656
repl0179_face_reshaping,DF40-cdf-sd2.1,face_reshaping,YouTube-real_00166_015,0.7770153284072876,0.0,0.06966781616210938,0.10662247664959325,0.18220119487515973,0.48442205552209383,0.5777802113562941,-0.03258252143859863,0.4422939121723175,0.2944537401199341,512,512,301.50860595703125,339.216796875,0.39015496651836656
repl0180_smoothing_medium,DF40-cdf-pixart,smoothing_medium,Celeb-real_id2_0007_242,0.7640464901924133,0.0,0.0720510482788086,0.047461656900669745,0.0686746900390994,0.23093010019721777,0.25014890603698164,-0.07865216583013535,0.8870466947555542,0.6734550595283508,1024,1024,602.8009033203125,730.9598999023438,0.4202111129303532
repl0180_whitening_medium,DF40-cdf-pixart,whitening_medium,Celeb-real_id2_0007_242,23.12432861328125,23.043437957763672,0.9857778549194336,1.0,1.0,0.35563041339392043,0.2662337725158006,0.04064916446805,0.883965790271759,0.6679136753082275,1024,1024,602.8009033203125,730.9598999023438,0.4202111129303532
repl0180_eye_enlarging,DF40-cdf-pixart,eye_enlarging,Celeb-real_id2_0007_242,0.4855773448944092,0.0,0.06318855285644531,0.17194139313714288,0.24076658090960623,0.9539376377192188,1.0,0.004323676694184542,0.6904545426368713,0.4953436553478241,1024,1024,602.8009033203125,730.9598999023438,0.4202111129303532
repl0180_face_reshaping,DF40-cdf-pixart,face_reshaping,Celeb-real_id2_0007_242,0.22529703378677368,0.0,0.014287948608398438,0.018090217137012313,0.0422971264117211,0.4438659725003337,0.7769323187825391,0.006131863221526146,0.3700464367866516,0.2358606457710266,1024,1024,602.8009033203125,730.9598999023438,0.4202111129303532
repl0181_smoothing_medium,DF40-cdf-sd2.1,smoothing_medium,Celeb-real_id35_0005_000,1.4660307168960571,1.0,0.17984771728515625,0.12190493987767101,0.11818387373942929,0.35975480422517286,0.2771603105247529,-0.36478015780448914,0.8983407616615295,0.7378772497177124,512,512,415.2465515136719,450.66473388671875,0.7138709130679572
repl0181_whitening_medium,DF40-cdf-sd2.1,whitening_medium,Celeb-real_id35_0005_000,20.00312614440918,19.05255889892578,1.0,1.0,1.0,0.5307502746582031,0.4217720031738281,-0.0310196615755558,0.8258576989173889,0.6101993918418884,512,512,415.2465515136719,450.66473388671875,0.7138709130679572
repl0181_eye_enlarging,DF40-cdf-sd2.1,eye_enlarging,Celeb-real_id35_0005_000,0.8288283944129944,0.0,0.09505844116210938,0.17897263769199256,0.2253787364898476,0.9992776596171596,1.0,0.004424744285643101,0.6633675694465637,0.46855658292770386,512,512,415.2465515136719,450.66473388671875,0.7138709130679572
repl0181_face_reshaping,DF40-cdf-sd2.1,face_reshaping,Celeb-real_id35_0005_000,0.4664398431777954,0.0,0.047000885009765625,0.04461198996643499,0.08163523719079274,0.5037740443145848,0.7325704082460839,-0.003662283066660166,0.42678767442703247,0.27740228176116943,512,512,415.2465515136719,450.66473388671875,0.7138709130679572
repl0182_smoothing_medium,DF40-cdf-ddim,smoothing_medium,YouTube-real_00012_204,5.0543012619018555,3.605551242828369,0.6609344482421875,0.7433941569448599,0.7711236489701584,0.3442456423871638,0.2618954172919312,-0.9142395257949829,0.7685583233833313,1.0038893222808838,256,256,142.00770568847656,174.07530212402344,0.3771977885690454
repl0182_whitening_medium,DF40-cdf-ddim,whitening_medium,YouTube-real_00012_204,18.353158950805664,17.0587215423584,0.999908447265625,0.9997008674842955,1.0,0.3059972531664886,0.22449259880970548,-0.16877052187919617,0.3746698796749115,0.28425881266593933,256,256,142.00770568847656,174.07530212402344,0.3771977885690454
repl0182_eye_enlarging,DF40-cdf-ddim,eye_enlarging,YouTube-real_00012_204,0.7404503226280212,0.0,0.0880279541015625,0.2645328547213082,0.3920875535313711,0.9197434564049228,0.999826659733056,-0.025521794334053993,0.5255423188209534,0.3554493188858032,256,256,142.00770568847656,174.07530212402344,0.3771977885690454
repl0182_face_reshaping,DF40-cdf-ddim,face_reshaping,YouTube-real_00012_204,2.891338348388672,0.0,0.2188873291015625,0.37017648818426563,0.4965671946162735,0.5176019518996166,0.5092366678285116,-0.11250340938568115,0.7255743145942688,0.5338069200515747,256,256,142.00770568847656,174.07530212402344,0.3771977885690454
repl0183_smoothing_medium,DF40-cdf-pixart,smoothing_medium,Celeb-real_id17_0007_246,0.7913044691085815,0.0,0.08490562438964844,0.08876954882911582,0.09804794828050642,0.36557340222396945,0.30662697966977426,-0.04190925508737564,0.8748869299888611,0.6601384282112122,1024,1024,611.7875366210938,721.94921875,0.4212184277578217
repl0183_whitening_medium,DF40-cdf-pixart,whitening_medium,Celeb-real_id17_0007_246,26.912120819091797,31.08053970336914,1.0,1.0,1.0,0.34966087341308594,0.26552677154541016,0.024833563715219498,0.8748149275779724,0.6594472527503967,1024,1024,611.7875366210938,721.94921875,0.4212184277578217
repl0183_eye_enlarging,DF40-cdf-pixart,eye_enlarging,Celeb-real_id17_0007_246,0.6541375517845154,0.0,0.06992244720458984,0.1914844291223687,0.26333482984645773,0.9575553403619799,1.0,-0.0005617340211756527,0.7148116827011108,0.5188559293746948,1024,1024,611.7875366210938,721.94921875,0.4212184277578217
repl0183_face_reshaping,DF40-cdf-pixart,face_reshaping,Celeb-real_id17_0007_246,0.23556990921497345,0.0,0.01649951934814453,0.025326882060625236,0.04840441770674329,0.5367319808103578,0.7789723137390903,0.0029733958654105663,0.3508009612560272,0.22222411632537842,1024,1024,611.7875366210938,721.94921875,0.4212184277578217
repl0184_smoothing_medium,DF40-cdf-pixart,smoothing_medium,YouTube-real_00231_076,0.9195166826248169,0.0,0.10406303405761719,0.1069742282427615,0.12427315698160793,0.3407228871496912,0.27636137025971885,-0.17091000080108643,0.8875225186347961,0.6853532791137695,1024,1024,595.6419067382812,718.5298461914062,0.40815972102528875
repl0184_whitening_medium,DF40-cdf-pixart,whitening_medium,YouTube-real_00231_076,25.90919303894043,30.01666259765625,1.0,1.0,1.0,0.3314504623413086,0.23141765594482422,-0.024198565632104874,0.864505410194397,0.6492493748664856,1024,1024,595.6419067382812,718.5298461914062,0.40815972102528875
repl0184_eye_enlarging,DF40-cdf-pixart,eye_enlarging,YouTube-real_00231_076,0.651075005531311,0.0,0.0699930191040039,0.20096618913483202,0.3024532368467685,0.9516711402994836,1.0,0.0017589273629710078,0.6731715202331543,0.48304271697998047,1024,1024,595.6419067382812,718.5298461914062,0.40815972102528875
repl0184_face_reshaping,DF40-cdf-pixart,face_reshaping,YouTube-real_00231_076,0.22671279311180115,0.0,0.016897201538085938,0.02691115836236984,0.05152497949797864,0.5278812507054972,0.7056665537871092,0.0003158683539368212,0.35273000597953796,0.22249692678451538,1024,1024,595.6419067382812,718.5298461914062,0.40815972102528875
repl0185_smoothing_medium,DF40-cdf-SiT,smoothing_medium,25990,3.156193256378174,2.2360680103302,0.48944091796875,0.5730029089281719,0.5512762762762763,0.31933532859458785,0.22892505299912708,0.10453493893146515,0.8419047594070435,0.6336222887039185,256,256,135.29864501953125,162.18109130859375,0.33482180636354997
repl0185_whitening_medium,DF40-cdf-SiT,whitening_medium,25990,27.123336791992188,30.01666259765625,1.0,1.0,1.0,0.27276611328125,0.2032470703125,-0.06378356367349625,0.7300019860267639,0.5118672847747803,256,256,135.29864501953125,162.18109130859375,0.33482180636354997
repl0185_eye_enlarging,DF40-cdf-SiT,eye_enlarging,25990,0.44672849774360657,0.0,0.05682373046875,0.20021257552025062,0.27807807807807805,0.9610633727175081,0.9946294307196563,0.0035864724777638912,0.49449247121810913,0.3224043846130371,256,256,135.29864501953125,162.18109130859375,0.33482180636354997
repl0185_face_reshaping,DF40-cdf-SiT,face_reshaping,25990,1.9560644626617432,0.0,0.1585845947265625,0.29251510405012304,0.4493993993993994,0.5031271047820649,0.5759645915520062,-0.01665380224585533,0.6514958739280701,0.45387086272239685,256,256,135.29864501953125,162.18109130859375,0.33482180636354997
repl0186_smoothing_medium,DF40-cdf-SiT,smoothing_medium,13728,2.9536731243133545,2.2360680103302,0.4785919189453125,0.5556142823584684,0.5536677454153183,0.30164195759604656,0.19636537541846008,-0.1036272794008255,0.8438605666160583,0.636745274066925,256,256,133.48394775390625,157.16781616210938,0.3201199426449364
repl0186_whitening_medium,DF40-cdf-SiT,whitening_medium,13728,27.194429397583008,30.01666259765625,1.0,1.0,1.0,0.25982666015625,0.16973876953125,-0.06025107577443123,0.7310195565223694,0.5196354389190674,256,256,133.48394775390625,157.16781616210938,0.3201199426449364
repl0186_eye_enlarging,DF40-cdf-SiT,eye_enlarging,13728,0.289858341217041,0.0,0.038177490234375,0.14534883720930233,0.2237504494786048,0.9892086330935251,0.9948041566746603,0.0046349624171853065,0.46844595670700073,0.3023843765258789,256,256,133.48394775390625,157.16781616210938,0.3201199426449364
repl0186_face_reshaping,DF40-cdf-SiT,face_reshaping,13728,1.467084288597107,0.0,0.1539306640625,0.3126027719050975,0.4718626393383675,0.5276566217287867,0.5203211736716892,-0.012720831669867039,0.6273791193962097,0.438442587852478,256,256,133.48394775390625,157.16781616210938,0.3201199426449364
repl0187_smoothing_medium,DF40-cdf-sd2.1,smoothing_medium,Celeb-real_id61_0000_081,1.777784824371338,1.4142135381698608,0.24631118774414062,0.2839343900149114,0.3137738524251196,0.398116743328842,0.3290278616673636,-0.3197634816169739,0.8446852564811707,0.6786883473396301,512,512,312.45794677734375,345.7327575683594,0.41209010148421754
repl0187_whitening_medium,DF40-cdf-sd2.1,whitening_medium,Celeb-real_id61_0000_081,24.182140350341797,24.041629791259766,0.9993095397949219,1.0,1.0,0.3456022415379271,0.258463981554647,-0.09529322385787964,0.7566105723381042,0.5543182492256165,512,512,312.45794677734375,345.7327575683594,0.41209010148421754
repl0187_eye_enlarging,DF40-cdf-sd2.1,eye_enlarging,Celeb-real_id61_0000_081,0.7314228415489197,0.0,0.08982467651367188,0.25002485226707905,0.3477727890352691,0.961311419713764,1.0,-0.01048202347010374,0.6065077185630798,0.4209691882133484,512,512,312.45794677734375,345.7327575683594,0.41209010148421754
repl0187_face_reshaping,DF40-cdf-sd2.1,face_reshaping,Celeb-real_id61_0000_081,0.6419225335121155,0.0,0.049556732177734375,0.05769039597945546,0.10003249246765522,0.40204757139558156,0.5213609421907475,-0.008882109075784683,0.44170331954956055,0.2896563410758972,512,512,312.45794677734375,345.7327575683594,0.41209010148421754
repl0188_smoothing_medium,DF40-cdf-DiT,smoothing_medium,24114,3.3962388038635254,2.8284270763397217,0.5658721923828125,0.5961427899440757,0.6067370402743226,0.3075637050020224,0.24333288391532965,0.08261863142251968,0.7937684655189514,0.5820434093475342,256,256,142.03602600097656,160.78932189941406,0.3484783371884852
repl0188_whitening_medium,DF40-cdf-DiT,whitening_medium,24114,28.450782775878906,31.08053970336914,1.0,1.0,1.0,0.2919464111328125,0.2269439697265625,-0.06746353209018707,0.7178524732589722,0.508281409740448,256,256,142.03602600097656,160.78932189941406,0.3484783371884852
repl0188_eye_enlarging,DF40-cdf-DiT,eye_enlarging,24114,0.5952333807945251,0.0,0.077728271484375,0.2623216432342027,0.34169300073959524,0.9852767962308598,0.9976442873969376,0.0004328112700022757,0.47429659962654114,0.31026017665863037,256,256,142.03602600097656,160.78932189941406,0.3484783371884852
repl0188_face_reshaping,DF40-cdf-DiT,face_reshaping,24114,2.5008625984191895,0.0,0.215423583984375,0.33774107562849526,0.49088953136556174,0.457713557161071,0.5171412381357132,-0.0005851225578226149,0.6552854180335999,0.45863187313079834,256,256,142.03602600097656,160.78932189941406,0.3484783371884852
repl0189_smoothing_medium,DF40-cdf-ddim,smoothing_medium,Celeb-real_id31_0005_213,4.436743259429932,3.316624879837036,0.6453094482421875,0.601942837890954,0.5993324856961221,0.2534818282849779,0.17833581613109173,-0.23660270869731903,0.7556958794593811,0.5899122953414917,256,256,131.40472412109375,161.8029022216797,0.3244272724675312
repl0189_whitening_medium,DF40-cdf-ddim,whitening_medium,Celeb-real_id31_0005_213,10.336878776550293,10.0,0.9560546875,1.0,0.9935632549268912,0.28423455056179775,0.19954992339121552,-0.18278320133686066,0.3727931082248688,0.2922742962837219,256,256,131.40472412109375,161.8029022216797,0.3244272724675312
repl0189_eye_enlarging,DF40-cdf-ddim,eye_enlarging,Celeb-real_id31_0005_213,0.5516754984855652,0.0,0.0521240234375,0.17642764894154642,0.27050222504767957,0.9197892271662763,0.9964871194379391,-0.031487204134464264,0.516656219959259,0.3461272418498993,256,256,131.40472412109375,161.8029022216797,0.3244272724675312
repl0189_face_reshaping,DF40-cdf-ddim,face_reshaping,Celeb-real_id31_0005_213,2.602226734161377,0.0,0.18804931640625,0.30911336964456176,0.4827558804831532,0.44668938656280427,0.49294060370009735,-0.07869663834571838,0.6656611561775208,0.48135703802108765,256,256,131.40472412109375,161.8029022216797,0.3244272724675312
repl0190_smoothing_medium,DF40-cdf-sd2.1,smoothing_medium,YouTube-real_00021_133,2.549295425415039,2.2360680103302,0.4159965515136719,0.27424764119304207,0.28974405897885025,0.16871922311578985,0.10163134680103805,-0.3281971216201782,0.8630062341690063,0.6959735155105591,512,512,259.1290283203125,315.73431396484375,0.31210298913990187
repl0190_whitening_medium,DF40-cdf-sd2.1,whitening_medium,YouTube-real_00021_133,18.547151565551758,18.055469512939453,0.9809532165527344,0.9997316996825113,0.9997124258189328,0.2608234072587701,0.1487064020750454,-0.11863165348768234,0.7331553101539612,0.5349665284156799,512,512,259.1290283203125,315.73431396484375,0.31210298913990187
repl0190_eye_enlarging,DF40-cdf-sd2.1,eye_enlarging,YouTube-real_00021_133,0.2979678213596344,0.0,0.036121368408203125,0.1379659854819717,0.24754908368408668,0.9775055444080685,1.0,-0.003178380662575364,0.43206554651260376,0.2784329354763031,512,512,259.1290283203125,315.73431396484375,0.31210298913990187
repl0190_face_reshaping,DF40-cdf-sd2.1,face_reshaping,YouTube-real_00021_133,0.4941213130950928,0.0,0.045139312744140625,0.09773584343185918,0.0963634937648689,0.5541282853038114,0.3115017324431674,-0.009532565250992775,0.40347912907600403,0.2597220540046692,512,512,259.1290283203125,315.73431396484375,0.31210298913990187
repl0191_smoothing_medium,DF40-cdf-ddim,smoothing_medium,Celeb-real_id25_0000_148,3.866969585418701,2.4494898319244385,0.515045166015625,0.7652632202285782,0.765057958936283,0.3828583279018783,0.29916454346151566,-0.25478407740592957,0.670163631439209,0.5301235318183899,256,256,131.42518615722656,150.57720947265625,0.3019659085995414
repl0191_whitening_medium,DF40-cdf-ddim,whitening_medium,Celeb-real_id25_0000_148,18.802886962890625,20.0,0.99609375,0.9991117427607035,1.0,0.2584558823529412,0.20219056372549019,-0.15435779094696045,0.32414698600769043,0.2519384026527405,256,256,131.42518615722656,150.57720947265625,0.3019659085995414
repl0191_eye_enlarging,DF40-cdf-ddim,eye_enlarging,Celeb-real_id25_0000_148,0.7887864112854004,0.0,0.0838165283203125,0.3061526618108604,0.41503144177589213,0.9411978882213726,0.9972692517749864,-0.007228596601635218,0.455838680267334,0.29682624340057373,256,256,131.42518615722656,150.57720947265625,0.3019659085995414
repl0191_face_reshaping,DF40-cdf-ddim,face_reshaping,Celeb-real_id25_0000_148,2.3619308471679688,0.0,0.1782379150390625,0.39160300823118377,0.5488294567770285,0.5661330365550895,0.6201523842136804,-0.027815215289592743,0.5173364281654358,0.349121630191803,256,256,131.42518615722656,150.57720947265625,0.3019659085995414
repl0192_smoothing_medium,DF40-cdf-pixart,smoothing_medium,Celeb-real_id5_0007_370,1.0274549722671509,1.0,0.11653614044189453,0.13749931753658004,0.14923186386160497,0.32975441295612823,0.29007258770673583,-0.03812948241829872,0.8708850741386414,0.6544213891029358,1024,1024,558.2849731445312,651.1466064453125,0.34668480462310214
repl0192_whitening_medium,DF40-cdf-pixart,whitening_medium,Celeb-real_id5_0007_370,21.415985107421875,17.0587215423584,1.0,1.0,1.0,0.27947998046875,0.22651958465576172,0.0022708370815962553,0.8582749962806702,0.6412973403930664,1024,1024,558.2849731445312,651.1466064453125,0.34668480462310214
repl0192_eye_enlarging,DF40-cdf-pixart,eye_enlarging,Celeb-real_id5_0007_370,0.7291104793548584,0.0,0.07808113098144531,0.27441171653199387,0.3446992501778775,0.982216576691013,1.0,0.00399228697642684,0.6362859606742859,0.4484579265117645,1024,1024,558.2849731445312,651.1466064453125,0.34668480462310214
repl0192_face_reshaping,DF40-cdf-pixart,face_reshaping,Celeb-real_id5_0007_370,0.19970740377902985,0.0,0.016771316528320312,0.02847237388075999,0.06873439624794231,0.4744683270783578,0.9283520982599796,0.001401776447892189,0.323082834482193,0.20024265348911285,1024,1024,558.2849731445312,651.1466064453125,0.34668480462310214
repl0193_smoothing_medium,DF40-cdf-DiT,smoothing_medium,12112,4.858683109283447,3.605551242828369,0.69366455078125,0.69885531383931,0.7091918193568008,0.28336999560052795,0.20519137703475582,0.341401606798172,0.8089243769645691,0.6428988575935364,256,256,132.43463134765625,163.405029296875,0.33020759300666214
repl0193_whitening_medium,DF40-cdf-DiT,whitening_medium,12112,24.59600830078125,27.018512725830078,0.9982757568359375,0.9999457494710573,0.9996958868699156,0.2817357809944515,0.20098436329731134,-0.10287018865346909,0.5959780812263489,0.41013115644454956,256,256,132.43463134765625,163.405029296875,0.33020759300666214
repl0193_eye_enlarging,DF40-cdf-DiT,eye_enlarging,12112,0.7618913650512695,0.0,0.0736541748046875,0.2560082460803993,0.365163840948833,0.9776258545680547,0.9950279676817899,-0.003025786019861698,0.3973531424999237,0.24841547012329102,256,256,132.43463134765625,163.405029296875,0.33020759300666214
repl0193_face_reshaping,DF40-cdf-DiT,face_reshaping,12112,3.5815184116363525,0.0,0.232330322265625,0.3749796560516465,0.554854405838972,0.45396033101274136,0.47931170366478393,-0.02263774536550045,0.5947350859642029,0.408485472202301,256,256,132.43463134765625,163.405029296875,0.33020759300666214
repl0194_smoothing_medium,DF40-cdf-DiT,smoothing_medium,92,2.871361017227173,2.2360680103302,0.443023681640625,0.47790134017678926,0.5021013809074535,0.28862712681683544,0.20162568023696356,-0.22048330307006836,0.846518874168396,0.6602158546447754,256,256,135.18630981445312,160.19369506835938,0.3304442518895456
repl0194_whitening_medium,DF40-cdf-DiT,whitening_medium,92,16.55797576904297,16.031219482421875,1.0,1.0,1.0,0.2675628662109375,0.1779022216796875,-0.06309818476438522,0.7670409679412842,0.556900143623352,256,256,135.18630981445312,160.19369506835938,0.3304442518895456
repl0194_eye_enlarging,DF40-cdf-DiT,eye_enlarging,92,0.29860401153564453,0.0,0.0406036376953125,0.14319931565440547,0.2281499270949481,0.943630214205186,0.9996242014280345,-0.005115224979817867,0.4754716753959656,0.31061264872550964,256,256,135.18630981445312,160.19369506835938,0.3304442518895456
repl0194_face_reshaping,DF40-cdf-DiT,face_reshaping,92,1.5577116012573242,0.0,0.1711883544921875,0.2562303963501568,0.3889698945021014,0.40048132632141903,0.4042249754880114,-0.02363591641187668,0.6860171556472778,0.49022048711776733,256,256,135.18630981445312,160.19369506835938,0.3304442518895456
repl0195_smoothing_medium,DF40-cdf-SiT,smoothing_medium,22521,3.3403046131134033,2.4494898319244385,0.552490234375,0.5505504440780726,0.5781699597160944,0.28590366769774633,0.1664825452938577,0.010329478420317173,0.8448737859725952,0.6241472959518433,256,256,140.29498291015625,159.82752990722656,0.34214783595133724
repl0195_whitening_medium,DF40-cdf-SiT,whitening_medium,22521,26.812885284423828,26.019224166870117,1.0,1.0,1.0,0.2869110107421875,0.159088134765625,-0.05544044077396393,0.7439683079719543,0.5290910005569458,256,256,140.29498291015625,159.82752990722656,0.34214783595133724
repl0195_eye_enlarging,DF40-cdf-SiT,eye_enlarging,22521,0.24566592276096344,0.0,0.03369140625,0.11710897197255757,0.21081910608095147,0.9972826086956522,0.9954710144927537,-0.0015815931838005781,0.4391328692436218,0.2772337794303894,256,256,140.29498291015625,159.82752990722656,0.34214783595133724
repl0195_face_reshaping,DF40-cdf-SiT,face_reshaping,22521,2.3612911701202393,0.0,0.1888427734375,0.24942828272084241,0.3604450412430462,0.37895927601809953,0.30365223012281833,-0.014339848421514034,0.6785702109336853,0.47932758927345276,256,256,140.29498291015625,159.82752990722656,0.34214783595133724
repl0196_smoothing_medium,DF40-cdf-pixart,smoothing_medium,Celeb-real_id22_0009_309,1.0009781122207642,1.0,0.10364818572998047,0.07329881766529692,0.09682382862826512,0.2727749510042969,0.2669138687743253,-0.10305505990982056,0.8860039710998535,0.675281286239624,1024,1024,623.0690307617188,776.6724853515625,0.4615026213334019
repl0196_whitening_medium,DF40-cdf-pixart,whitening_medium,Celeb-real_id22_0009_309,24.645103454589844,25.01999282836914,0.9998950958251953,0.9997280284037245,0.9996328511445031,0.3856529443968617,0.28565160911274184,0.02512556128203869,0.8750074505805969,0.6599134802818298,1024,1024,623.0690307617188,776.6724853515625,0.4615026213334019
repl0196_eye_enlarging,DF40-cdf-pixart,eye_enlarging,Celeb-real_id22_0009_309,0.8708619475364685,0.0,0.0993509292602539,0.2537321920416166,0.34771333017362804,0.985083079758488,1.0,0.005030554253607988,0.6731706261634827,0.48270753026008606,1024,1024,623.0690307617188,776.6724853515625,0.4615026213334019
repl0196_face_reshaping,DF40-cdf-pixart,face_reshaping,Celeb-real_id22_0009_309,0.3136107921600342,0.0,0.015755653381347656,0.01708723365327083,0.050459603612744736,0.41831608256158825,0.9150777797954119,0.002687160624191165,0.3377431631088257,0.21166133880615234,1024,1024,623.0690307617188,776.6724853515625,0.4615026213334019
repl0197_smoothing_medium,DF40-cdf-pixart,smoothing_medium,YouTube-real_00000_014,0.7607424855232239,0.0,0.07288265228271484,0.10052254196898944,0.11375662680310689,0.36927364798555407,0.3018332177485835,-0.06529160588979721,0.8940377831459045,0.6796084642410278,1024,1024,527.341796875,669.819580078125,0.33686052412076606
repl0197_whitening_medium,DF40-cdf-pixart,whitening_medium,YouTube-real_00000_014,24.336671829223633,24.020824432373047,1.0,1.0,1.0,0.26773738861083984,0.19338130950927734,0.04412161931395531,0.891025960445404,0.6762588620185852,1024,1024,527.341796875,669.819580078125,0.33686052412076606
repl0197_eye_enlarging,DF40-cdf-pixart,eye_enlarging,YouTube-real_00000_014,0.5261557698249817,0.0,0.070556640625,0.26123892670520726,0.3648576007890519,0.9913089316608996,1.0,0.00539806205779314,0.6687651872634888,0.4794398844242096,1024,1024,527.341796875,669.819580078125,0.33686052412076606
repl0197_face_reshaping,DF40-cdf-pixart,face_reshaping,YouTube-real_00000_014,0.27046313881874084,0.0,0.017015457153320312,0.0320471035787179,0.08360498089014919,0.5042596121511042,0.9501737473377424,0.0036275910679250956,0.3587406277656555,0.2285962849855423,1024,1024,527.341796875,669.819580078125,0.33686052412076606
repl0198_smoothing_medium,DF40-cdf-sd2.1,smoothing_medium,Celeb-real_id52_0008_319,1.8319848775863647,1.4142135381698608,0.23302459716796875,0.3030598682163966,0.3460951439196887,0.35086599220770714,0.26356284582392037,-0.8407605886459351,0.9626347422599792,1.019574761390686,512,512,266.19207763671875,317.157470703125,0.32205507684506074
repl0198_whitening_medium,DF40-cdf-sd2.1,whitening_medium,Celeb-real_id52_0008_319,17.728912353515625,17.029386520385742,1.0,1.0,1.0,0.26978302001953125,0.17745590209960938,-0.13036561012268066,0.7214189171791077,0.5298715233802795,512,512,266.19207763671875,317.157470703125,0.32205507684506074
repl0198_eye_enlarging,DF40-cdf-sd2.1,eye_enlarging,Celeb-real_id52_0008_319,0.3822394013404846,0.0,0.049587249755859375,0.18182460903255,0.27943420967776605,0.9892299407646742,1.0,-0.007493129465728998,0.5171816349029541,0.35113048553466797,512,512,266.19207763671875,317.157470703125,0.32205507684506074
repl0198_face_reshaping,DF40-cdf-sd2.1,face_reshaping,Celeb-real_id52_0008_319,0.46505165100097656,0.0,0.05040740966796875,0.08394841774836684,0.14658526623530171,0.4492962009989405,0.5160435901316786,-0.013137568719685078,0.4426823556423187,0.2935338318347931,512,512,266.19207763671875,317.157470703125,0.32205507684506074
repl0199_smoothing_medium,DF40-cdf-SiT,smoothing_medium,11536,2.8715767860412598,2.2360680103302,0.451202392578125,0.6367351161226917,0.6540184453227932,0.41630030436252957,0.2518092661481231,0.021432947367429733,0.854032039642334,0.6399943232536316,256,256,145.00369262695312,163.84442138671875,0.36251901424256516
repl0199_whitening_medium,DF40-cdf-SiT,whitening_medium,11536,30.39986228942871,33.12099075317383,1.0,1.0,1.0,0.2949981689453125,0.1737213134765625,-0.07841744273900986,0.7420927882194519,0.5346238017082214,256,256,145.00369262695312,163.84442138671875,0.36251901424256516
repl0199_eye_enlarging,DF40-cdf-SiT,eye_enlarging,11536,0.4181547462940216,0.0,0.05615234375,0.17860652769875343,0.3218269653052262,0.9383152173913043,0.9956521739130435,0.00012730038724839687,0.532405436038971,0.3593931198120117,256,256,145.00369262695312,163.84442138671875,0.36251901424256516
repl0199_face_reshaping,DF40-cdf-SiT,face_reshaping,11536,1.9030053615570068,0.0,0.180572509765625,0.3615062328660839,0.44655248133509,0.5905864458340375,0.4296095994591854,-0.01565217599272728,0.6830847859382629,0.48781245946884155,256,256,145.00369262695312,163.84442138671875,0.36251901424256516
repl0200_smoothing_medium,DF40-cdf-SiT,smoothing_medium,25463,3.538273334503174,3.0,0.5915679931640625,0.5656307725741606,0.5816515304406323,0.268539296860894,0.17841574453816195,-0.28177013993263245,0.8542495965957642,0.6871958374977112,256,256,139.6915283203125,158.0450439453125,0.3368767354152169
repl0200_whitening_medium,DF40-cdf-SiT,whitening_medium,25463,25.998517990112305,27.0,1.0,1.0,1.0,0.280853271484375,0.18145751953125,-0.05080903321504593,0.7649698257446289,0.5488927364349365,256,256,139.6915283203125,158.0450439453125,0.3368767354152169
repl0200_eye_enlarging,DF40-cdf-SiT,eye_enlarging,25463,0.3313089609146118,0.0,0.04693603515625,0.16625013582527437,0.2584931046081399,0.9947984395318595,0.9993498049414824,-0.0015220127534121275,0.45531895756721497,0.29575225710868835,256,256,139.6915283203125,158.0450439453125,0.3368767354152169
repl0200_face_reshaping,DF40-cdf-SiT,face_reshaping,25463,1.6807442903518677,0.0,0.19793701171875,0.2790394436596762,0.39900773629330644,0.39592969472710454,0.3657878507554733,-0.02102690562605858,0.6818241477012634,0.48948994278907776,256,256,139.6915283203125,158.0450439453125,0.3368767354152169
