source,condition,fake_image_path,fake_orig_resolution,fake_crop_scale,fake_tex_local_variance_std,matched_real_image_path,matched_real_source,matched_real_orig_resolution,matched_real_crop_scale,matched_real_tex_local_variance_std,standardized_distance,caliper,valid_match
aiguard_unseen,resolution_matched,C:\My_Project\AIGC\AIGuard\unseen\fake_425.jpg,65536,0.3240482714552649,417.5821838378906,C:\My_Project\AIGC\AIGuard\unseen\Real_79.jpg,aiguard_unseen_real,65536.0,0.6193729553134679,544.6491088867188,0.0,0.2,True
aiguard_unseen,resolution_matched,C:\My_Project\AIGC\AIGuard\unseen\fake_450.jpg,65536,0.3129931424720666,400.5728149414063,C:\My_Project\AIGC\lfw\Isidro_Pastor\Isidro_Pastor_0001.jpg,lfw,62500.0,0.1656100526970755,788.04931640625,0.03499743616891604,0.2,True
aiguard_unseen,resolution_matched,C:\My_Project\AIGC\AIGuard\unseen\fake_270.jpg,65536,0.262369124699809,280.6663818359375,C:\My_Project\AIGC\lfw\Suzanne_Torrance\Suzanne_Torrance_0001.jpg,lfw,62500.0,0.1417085348952803,1264.533447265625,0.03499743616891604,0.2,True
aiguard_unseen,resolution_matched,C:\My_Project\AIGC\AIGuard\unseen\fake_219.jpg,65536,0.3630762705790126,492.7621154785156,C:\My_Project\AIGC\lfw\Michael_Doleac\Michael_Doleac_0001.jpg,lfw,62500.0,0.159969072523546,890.4072265625,0.03499743616891604,0.2,True
aiguard_unseen,resolution_matched,C:\My_Project\AIGC\AIGuard\unseen\fake_301.jpg,65536,0.3590415754563257,396.17718505859375,C:\My_Project\AIGC\lfw\Fernando_Velardez\Fernando_Velardez_0001.jpg,lfw,62500.0,0.1569704352931049,951.718017578125,0.03499743616891604,0.2,True
aiguard_unseen,resolution_matched,C:\My_Project\AIGC\AIGuard\unseen\fake_162.jpg,65536,0.2621112178956804,585.9560546875,C:\My_Project\AIGC\lfw\Todd_Haynes\Todd_Haynes_0003.jpg,lfw,62500.0,0.1788529063485987,716.2388305664062,0.03499743616891604,0.2,True
aiguard_unseen,resolution_matched,C:\My_Project\AIGC\AIGuard\unseen\fake_318.jpg,65536,0.1926616423480871,605.1008911132812,C:\My_Project\AIGC\lfw\Mack_Brown\Mack_Brown_0002.jpg,lfw,62500.0,0.1981202834012204,1292.4700927734375,0.03499743616891604,0.2,True
aiguard_unseen,resolution_matched,C:\My_Project\AIGC\AIGuard\unseen\fake_233.jpg,65536,0.2829626994243924,809.1231079101562,C:\My_Project\AIGC\lfw\Eric_Lloyd\Eric_Lloyd_0001.jpg,lfw,62500.0,0.1864346103546277,920.3864135742188,0.03499743616891604,0.2,True
aiguard_unseen,resolution_matched,C:\My_Project\AIGC\AIGuard\unseen\fake_255.jpg,65536,0.2957161262998778,252.66143798828125,C:\My_Project\AIGC\lfw\Franco_Frattini\Franco_Frattini_0001.jpg,lfw,62500.0,0.167735687397713,590.1715087890625,0.03499743616891604,0.2,True
aiguard_unseen,resolution_matched,C:\My_Project\AIGC\AIGuard\unseen\fake_216.jpg,65536,0.3089404794704883,426.0506896972656,C:\My_Project\AIGC\lfw\Laura_Schlessinger\Laura_Schlessinger_0001.jpg,lfw,62500.0,0.1915570528637176,639.376708984375,0.03499743616891604,0.2,True
aiguard_unseen,resolution_matched,C:\My_Project\AIGC\AIGuard\unseen\fake_173.jpg,65536,0.2321047351701128,1122.173095703125,C:\My_Project\AIGC\lfw\Cori_Enghusen\Cori_Enghusen_0001.jpg,lfw,62500.0,0.1152937216610604,826.0831298828125,0.03499743616891604,0.2,True
aiguard_unseen,resolution_matched,C:\My_Project\AIGC\AIGuard\unseen\fake_163.jpg,65536,0.3333542213045914,897.5838623046875,C:\My_Project\AIGC\lfw\Wayne_Gretzky\Wayne_Gretzky_0004.jpg,lfw,62500.0,0.1776690283564451,1393.90673828125,0.03499743616891604,0.2,True
aiguard_unseen,resolution_matched,C:\My_Project\AIGC\AIGuard\unseen\fake_209.jpg,65536,0.277987049466798,507.7493896484375,C:\My_Project\AIGC\lfw\Platon_Lebedev\Platon_Lebedev_0001.jpg,lfw,62500.0,0.1650399856504294,589.5450439453125,0.03499743616891604,0.2,True
aiguard_unseen,resolution_matched,C:\My_Project\AIGC\AIGuard\unseen\fake_215.jpg,65536,0.3243723548363533,299.6983337402344,C:\My_Project\AIGC\lfw\Paul_Bremer\Paul_Bremer_0011.jpg,lfw,62500.0,0.1796484887882445,942.8582763671876,0.03499743616891604,0.2,True
aiguard_unseen,resolution_matched,C:\My_Project\AIGC\AIGuard\unseen\fake_151.jpg,65536,0.3131645601521453,1315.88671875,C:\My_Project\AIGC\lfw\Tommy_Shane_Steiner\Tommy_Shane_Steiner_0001.jpg,lfw,62500.0,0.1915035481561573,283.3729858398437,0.03499743616891604,0.2,True
aiguard_unseen,resolution_matched,C:\My_Project\AIGC\AIGuard\unseen\fake_313.jpg,65536,0.3248122046101267,445.99505615234375,C:\My_Project\AIGC\lfw\Janela_Jara\Janela_Jara_0001.jpg,lfw,62500.0,0.1635179814384254,329.9053955078125,0.03499743616891604,0.2,True
aiguard_unseen,resolution_matched,C:\My_Project\AIGC\AIGuard\unseen\fake_208.jpg,65536,0.2813739829877448,486.4841613769531,C:\My_Project\AIGC\lfw\Constance_Marie\Constance_Marie_0002.jpg,lfw,62500.0,0.1783647291454214,976.9891967773438,0.03499743616891604,0.2,True
aiguard_unseen,resolution_matched,C:\My_Project\AIGC\AIGuard\unseen\fake_167.jpg,65536,0.2922770967490476,1169.6732177734375,C:\My_Project\AIGC\lfw\Ray_Sherman\Ray_Sherman_0001.jpg,lfw,62500.0,0.1822232821117715,869.4234008789062,0.03499743616891604,0.2,True
aiguard_unseen,resolution_matched,C:\My_Project\AIGC\AIGuard\unseen\fake_179.jpg,65536,0.3584753906940603,362.6929321289063,C:\My_Project\AIGC\lfw\Jeremy_Shockey\Jeremy_Shockey_0002.jpg,lfw,62500.0,0.1710944471176436,1251.734130859375,0.03499743616891604,0.2,True
aiguard_unseen,resolution_matched,C:\My_Project\AIGC\AIGuard\unseen\fake_128.jpg,65536,0.2419676260996168,594.7684326171875,C:\My_Project\AIGC\lfw\Mufti_Mohammad_Syed\Mufti_Mohammad_Syed_0001.jpg,lfw,62500.0,0.1943458362513065,973.0131225585938,0.03499743616891604,0.2,True
aiguard_unseen,resolution_matched,C:\My_Project\AIGC\AIGuard\unseen\fake_435.jpg,65536,0.3237170706440062,385.4460754394531,C:\My_Project\AIGC\lfw\Jason_Clermont\Jason_Clermont_0001.jpg,lfw,62500.0,0.1853269124883493,884.5951538085938,0.03499743616891604,0.2,True
aiguard_unseen,resolution_matched,C:\My_Project\AIGC\AIGuard\unseen\fake_465.jpg,65536,0.3359966722446965,602.0401000976562,C:\My_Project\AIGC\lfw\Brandon_Jones\Brandon_Jones_0001.jpg,lfw,62500.0,0.2060673379258933,1205.8984375,0.03499743616891604,0.2,True
aiguard_unseen,resolution_matched,C:\My_Project\AIGC\AIGuard\unseen\fake_676.jpg,65536,0.3428660687066118,446.0425109863281,C:\My_Project\AIGC\lfw\Toutai_Kefu\Toutai_Kefu_0001.jpg,lfw,62500.0,0.1537180007785629,936.8301391601562,0.03499743616891604,0.2,True
aiguard_unseen,resolution_matched,C:\My_Project\AIGC\AIGuard\unseen\fake_21.jpg,16384,0.9048256325859958,136.571044921875,,,,,,0.6361686702450698,0.2,False
aiguard_unseen,resolution_matched,C:\My_Project\AIGC\AIGuard\unseen\fake_463.jpg,65536,0.40346186878854,486.0788879394531,C:\My_Project\AIGC\lfw\Jennifer_Renee_Short\Jennifer_Renee_Short_0001.jpg,lfw,62500.0,0.1718587210739408,247.1945953369141,0.03499743616891604,0.2,True
aiguard_unseen,resolution_matched,C:\My_Project\AIGC\AIGuard\unseen\fake_688.jpg,65536,0.4697837685851901,194.7437896728516,C:\My_Project\AIGC\lfw\Atom_Egoyan\Atom_Egoyan_0001.jpg,lfw,62500.0,0.1569996388570871,977.7578735351562,0.03499743616891604,0.2,True
aiguard_unseen,resolution_matched,C:\My_Project\AIGC\AIGuard\unseen\fake_431.jpg,65536,0.413092720577164,471.0755920410156,C:\My_Project\AIGC\lfw\Glen_DaSilva\Glen_DaSilva_0001.jpg,lfw,62500.0,0.1489750681023939,613.6240234375,0.03499743616891604,0.2,True
aiguard_unseen,resolution_matched,C:\My_Project\AIGC\AIGuard\unseen\fake_172.jpg,65536,0.2673222235912568,1301.8165283203125,C:\My_Project\AIGC\lfw\Nastia_Liukin\Nastia_Liukin_0001.jpg,lfw,62500.0,0.1642591433864038,970.908935546875,0.03499743616891604,0.2,True
aiguard_unseen,resolution_matched,C:\My_Project\AIGC\AIGuard\unseen\fake_277.jpg,65536,0.2817029291237601,705.7221069335938,C:\My_Project\AIGC\lfw\Igor_Ivanov\Igor_Ivanov_0001.jpg,lfw,62500.0,0.1818911044904638,561.5258178710938,0.03499743616891604,0.2,True
aiguard_unseen,resolution_matched,C:\My_Project\AIGC\AIGuard\unseen\fake_298.jpg,65536,0.2656020486520177,432.5729675292969,C:\My_Project\AIGC\lfw\Joan_Laporta\Joan_Laporta_0004.jpg,lfw,62500.0,0.1647721615910893,715.208740234375,0.03499743616891604,0.2,True
aiguard_unseen,resolution_matched,C:\My_Project\AIGC\AIGuard\unseen\fake_674.jpg,65536,0.3463167734374461,670.9987182617188,C:\My_Project\AIGC\lfw\Mike_Krzyzewski\Mike_Krzyzewski_0006.jpg,lfw,62500.0,0.1329371675292907,832.0701293945312,0.03499743616891604,0.2,True
aiguard_unseen,resolution_matched,C:\My_Project\AIGC\AIGuard\unseen\fake_194.jpg,65536,0.3510542680959268,277.377685546875,C:\My_Project\AIGC\lfw\Fred_Eckhard\Fred_Eckhard_0001.jpg,lfw,62500.0,0.1443231677349892,578.062255859375,0.03499743616891604,0.2,True
aiguard_unseen,resolution_matched,C:\My_Project\AIGC\AIGuard\unseen\fake_30.jpg,16384,1.0892774515708443,251.21011352539065,,,,,,0.6361686702450698,0.2,False
aiguard_unseen,resolution_matched,C:\My_Project\AIGC\AIGuard\unseen\fake_257.jpg,65536,0.2938132786728211,595.158447265625,C:\My_Project\AIGC\lfw\Kathy_Gannon\Kathy_Gannon_0001.jpg,lfw,62500.0,0.1979088457195182,356.2877197265625,0.03499743616891604,0.2,True
aiguard_unseen,resolution_matched,C:\My_Project\AIGC\AIGuard\unseen\fake_275.jpg,65536,0.2692886634644291,287.9471740722656,C:\My_Project\AIGC\lfw\Craig_Wilson\Craig_Wilson_0001.jpg,lfw,62500.0,0.1847730123341727,1262.4361572265625,0.03499743616891604,0.2,True
aiguard_unseen,resolution_matched,C:\My_Project\AIGC\AIGuard\unseen\fake_466.jpg,65536,0.4063571257594621,619.0418090820312,C:\My_Project\AIGC\lfw\Judy_Locy\Judy_Locy_0001.jpg,lfw,62500.0,0.153128888265609,934.07373046875,0.03499743616891604,0.2,True
aiguard_unseen,resolution_matched,C:\My_Project\AIGC\AIGuard\unseen\fake_157.jpg,65536,0.366569869751719,248.3344573974609,C:\My_Project\AIGC\lfw\Hideki_Sato\Hideki_Sato_0001.jpg,lfw,62500.0,0.1941692715685156,994.4304809570312,0.03499743616891604,0.2,True
aiguard_unseen,resolution_matched,C:\My_Project\AIGC\AIGuard\unseen\fake_146.jpg,65536,0.3079055865446944,381.183349609375,C:\My_Project\AIGC\lfw\Andy_Dick\Andy_Dick_0001.jpg,lfw,62500.0,0.1872863558635925,490.3749084472656,0.03499743616891604,0.2,True
aiguard_unseen,resolution_matched,C:\My_Project\AIGC\AIGuard\unseen\fake_306.jpg,65536,0.2385817965412075,388.0520935058594,C:\My_Project\AIGC\lfw\Manfred_Reyes_Villa\Manfred_Reyes_Villa_0001.jpg,lfw,62500.0,0.1533757716971028,979.2052612304688,0.03499743616891604,0.2,True
aiguard_unseen,resolution_matched,C:\My_Project\AIGC\AIGuard\unseen\fake_158.jpg,65536,0.4052314128067495,350.1301574707031,C:\My_Project\AIGC\lfw\Kwon_Yang-sook\Kwon_Yang-sook_0001.jpg,lfw,62500.0,0.1591916576262519,314.2854309082031,0.03499743616891604,0.2,True
aiguard_unseen,resolution_matched,C:\My_Project\AIGC\AIGuard\unseen\fake_677.jpg,65536,0.3416070970595541,808.621337890625,C:\My_Project\AIGC\lfw\Jim_Greenwood\Jim_Greenwood_0001.jpg,lfw,62500.0,0.218051513566138,600.7500610351562,0.03499743616891604,0.2,True
aiguard_unseen,resolution_matched,C:\My_Project\AIGC\AIGuard\unseen\fake_231.jpg,65536,0.2918313577889788,640.9130859375,C:\My_Project\AIGC\lfw\Jaymon_Crabb\Jaymon_Crabb_0001.jpg,lfw,62500.0,0.1513900392772029,729.30859375,0.03499743616891604,0.2,True
aiguard_unseen,resolution_matched,C:\My_Project\AIGC\AIGuard\unseen\fake_439.jpg,65536,0.3707012819598465,503.8336791992188,C:\My_Project\AIGC\lfw\Mark_Kelly\Mark_Kelly_0001.jpg,lfw,62500.0,0.2233361335585534,299.5162048339844,0.03499743616891604,0.2,True
aiguard_unseen,resolution_matched,C:\My_Project\AIGC\AIGuard\unseen\fake_229.jpg,65536,0.2278840918323144,516.0010986328125,C:\My_Project\AIGC\lfw\Glenn_Plummer\Glenn_Plummer_0001.jpg,lfw,62500.0,0.1803661955050487,407.8361206054688,0.03499743616891604,0.2,True
aiguard_unseen,resolution_matched,C:\My_Project\AIGC\AIGuard\unseen\fake_682.jpg,65536,0.3756674389683061,490.1855773925781,C:\My_Project\AIGC\lfw\Robin_Williams\Robin_Williams_0001.jpg,lfw,62500.0,0.1647262518010419,1698.8560791015625,0.03499743616891604,0.2,True
aiguard_unseen,resolution_matched,C:\My_Project\AIGC\AIGuard\unseen\fake_168.jpg,65536,0.2977104704844876,761.1266479492188,C:\My_Project\AIGC\lfw\Spencer_Abraham\Spencer_Abraham_0010.jpg,lfw,62500.0,0.1631360997275852,562.5260009765625,0.03499743616891604,0.2,True
aiguard_unseen,resolution_matched,C:\My_Project\AIGC\AIGuard\unseen\fake_446.jpg,65536,0.3277561309158118,214.3944396972656,C:\My_Project\AIGC\lfw\Bill_Readdy\Bill_Readdy_0001.jpg,lfw,62500.0,0.1660207857950126,819.0056762695312,0.03499743616891604,0.2,True
aiguard_unseen,resolution_matched,C:\My_Project\AIGC\AIGuard\unseen\fake_315.jpg,65536,0.2203160416297183,1301.1846923828125,C:\My_Project\AIGC\lfw\Dorothy_Wilson\Dorothy_Wilson_0001.jpg,lfw,62500.0,0.211860855219064,492.192626953125,0.03499743616891604,0.2,True
aiguard_unseen,resolution_matched,C:\My_Project\AIGC\AIGuard\unseen\fake_459.jpg,65536,0.3719339624694114,383.1782531738281,C:\My_Project\AIGC\lfw\Andres_Manuel_Lopez_Obrador\Andres_Manuel_Lopez_Obrador_0001.jpg,lfw,62500.0,0.1581236533881045,303.1236267089844,0.03499743616891604,0.2,True
aiguard_unseen,resolution_matched,C:\My_Project\AIGC\AIGuard\unseen\fake_282.jpg,65536,0.3164737116287806,381.7341613769531,C:\My_Project\AIGC\lfw\Chawki_Armali\Chawki_Armali_0001.jpg,lfw,62500.0,0.1567986815179331,690.651611328125,0.03499743616891604,0.2,True
aiguard_unseen,resolution_matched,C:\My_Project\AIGC\AIGuard\unseen\fake_236.jpg,65536,0.2970448334281694,239.2784881591797,C:\My_Project\AIGC\lfw\Aaron_Patterson\Aaron_Patterson_0001.jpg,lfw,62500.0,0.1445150768976573,932.53662109375,0.03499743616891604,0.2,True
aiguard_unseen,resolution_matched,C:\My_Project\AIGC\AIGuard\unseen\fake_230.jpg,65536,0.2903206233261731,639.69970703125,C:\My_Project\AIGC\lfw\Cathy_Chisholm\Cathy_Chisholm_0001.jpg,lfw,62500.0,0.1904317676662546,1140.1279296875,0.03499743616891604,0.2,True
aiguard_unseen,resolution_matched,C:\My_Project\AIGC\AIGuard\unseen\fake_138.jpg,65536,0.3166521956215207,1418.82958984375,C:\My_Project\AIGC\lfw\Markus_Naslund\Markus_Naslund_0002.jpg,lfw,62500.0,0.1781149881591961,643.5966796875,0.03499743616891604,0.2,True
aiguard_unseen,resolution_matched,C:\My_Project\AIGC\AIGuard\unseen\fake_680.jpg,65536,0.3485139757821882,690.8013305664062,C:\My_Project\AIGC\lfw\Greg_Hennigar\Greg_Hennigar_0001.jpg,lfw,62500.0,0.1718324122565676,865.5527954101562,0.03499743616891604,0.2,True
aiguard_unseen,resolution_matched,C:\My_Project\AIGC\AIGuard\unseen\fake_293.jpg,65536,0.3543823569379308,305.5599670410156,C:\My_Project\AIGC\lfw\Van_Hilley\Van_Hilley_0001.jpg,lfw,62500.0,0.1898749108236095,538.2603759765625,0.03499743616891604,0.2,True
aiguard_unseen,resolution_matched,C:\My_Project\AIGC\AIGuard\unseen\fake_429.jpg,65536,0.3611261346052125,313.8340759277344,C:\My_Project\AIGC\lfw\Manuel_Llorente\Manuel_Llorente_0001.jpg,lfw,62500.0,0.2486490175045599,1257.1519775390625,0.03499743616891604,0.2,True
aiguard_unseen,resolution_matched,C:\My_Project\AIGC\AIGuard\unseen\fake_302.jpg,65536,0.3272286837043948,417.0390625,C:\My_Project\AIGC\lfw\Jim_Wall\Jim_Wall_0001.jpg,lfw,62500.0,0.1950264851243492,758.9246215820312,0.03499743616891604,0.2,True
aiguard_unseen,resolution_matched,C:\My_Project\AIGC\AIGuard\unseen\fake_232.jpg,65536,0.2953450275792967,1349.00732421875,C:\My_Project\AIGC\lfw\Allan_Wagner\Allan_Wagner_0001.jpg,lfw,62500.0,0.1577262109330409,1683.60595703125,0.03499743616891604,0.2,True
aiguard_unseen,resolution_matched,C:\My_Project\AIGC\AIGuard\unseen\fake_132.jpg,65536,0.2086747232789999,654.9461059570312,C:\My_Project\AIGC\lfw\Jessica_Capshaw\Jessica_Capshaw_0001.jpg,lfw,62500.0,0.1703798429066781,271.1390686035156,0.03499743616891604,0.2,True
aiguard_unseen,resolution_matched,C:\My_Project\AIGC\AIGuard\unseen\fake_200.jpg,65536,0.3046008957999573,331.3488464355469,C:\My_Project\AIGC\lfw\Charlie_Coles\Charlie_Coles_0001.jpg,lfw,62500.0,0.1817514002470711,105.70791625976562,0.03499743616891604,0.2,True
aiguard_unseen,facesize_matched,C:\My_Project\AIGC\AIGuard\unseen\fake_425.jpg,65536,0.3240482714552649,417.5821838378906,,,,,,1.0631209145990184,0.34641016151377546,False
aiguard_unseen,facesize_matched,C:\My_Project\AIGC\AIGuard\unseen\fake_450.jpg,65536,0.3129931424720666,400.5728149414063,,,,,,1.0867780173127886,0.34641016151377546,False
aiguard_unseen,facesize_matched,C:\My_Project\AIGC\AIGuard\unseen\fake_270.jpg,65536,0.262369124699809,280.6663818359375,C:\My_Project\AIGC\celeba_test\184467.jpg,celeba_test,38804.0,0.2464327537586193,813.640869140625,0.27430152361199966,0.34641016151377546,True
aiguard_unseen,facesize_matched,C:\My_Project\AIGC\AIGuard\unseen\fake_219.jpg,65536,0.3630762705790126,492.7621154785156,,,,,,0.5374808152565599,0.34641016151377546,False
aiguard_unseen,facesize_matched,C:\My_Project\AIGC\AIGuard\unseen\fake_301.jpg,65536,0.3590415754563257,396.17718505859375,,,,,,0.8743737698261999,0.34641016151377546,False
aiguard_unseen,facesize_matched,C:\My_Project\AIGC\AIGuard\unseen\fake_162.jpg,65536,0.2621112178956804,585.9560546875,C:\My_Project\AIGC\celeba_test\182921.jpg,celeba_test,38804.0,0.258918616553051,699.4063720703125,0.05060158013105178,0.34641016151377546,True
aiguard_unseen,facesize_matched,C:\My_Project\AIGC\AIGuard\unseen\fake_318.jpg,65536,0.1926616423480871,605.1008911132812,C:\My_Project\AIGC\celeba_test\183132.jpg,celeba_test,38804.0,0.1980236069889171,1105.3204345703125,0.0971123522798068,0.34641016151377546,True
aiguard_unseen,facesize_matched,C:\My_Project\AIGC\AIGuard\unseen\fake_233.jpg,65536,0.2829626994243924,809.1231079101562,,,,,,0.3769782414739612,0.34641016151377546,False
aiguard_unseen,facesize_matched,C:\My_Project\AIGC\AIGuard\unseen\fake_255.jpg,65536,0.2957161262998778,252.66143798828125,C:\My_Project\AIGC\celeba_test\191760.jpg,celeba_test,38804.0,0.2758009892831027,496.7292175292969,0.29817606569640376,0.34641016151377546,True
aiguard_unseen,facesize_matched,C:\My_Project\AIGC\AIGuard\unseen\fake_216.jpg,65536,0.3089404794704883,426.0506896972656,,,,,,0.5779755946885753,0.34641016151377546,False
aiguard_unseen,facesize_matched,C:\My_Project\AIGC\AIGuard\unseen\fake_173.jpg,65536,0.2321047351701128,1122.173095703125,C:\My_Project\AIGC\lfw\Jim_Greenwood\Jim_Greenwood_0001.jpg,lfw,62500.0,0.218051513566138,600.7500610351562,0.3417549644297758,0.34641016151377546,True
aiguard_unseen,facesize_matched,C:\My_Project\AIGC\AIGuard\unseen\fake_163.jpg,65536,0.3333542213045914,897.5838623046875,,,,,,1.149275065637649,0.34641016151377546,False
aiguard_unseen,facesize_matched,C:\My_Project\AIGC\AIGuard\unseen\fake_209.jpg,65536,0.277987049466798,507.7493896484375,C:\My_Project\AIGC\celeba_test\182787.jpg,celeba_test,38804.0,0.2548706898710812,528.8814086914062,0.33131774817290877,0.34641016151377546,True
aiguard_unseen,facesize_matched,C:\My_Project\AIGC\AIGuard\unseen\fake_215.jpg,65536,0.3243723548363533,299.6983337402344,,,,,,0.6506465110768747,0.34641016151377546,False
aiguard_unseen,facesize_matched,C:\My_Project\AIGC\AIGuard\unseen\fake_151.jpg,65536,0.3131645601521453,1315.88671875,,,,,,0.9504627764243152,0.34641016151377546,False
aiguard_unseen,facesize_matched,C:\My_Project\AIGC\AIGuard\unseen\fake_313.jpg,65536,0.3248122046101267,445.99505615234375,,,,,,0.6029983707673021,0.34641016151377546,False
aiguard_unseen,facesize_matched,C:\My_Project\AIGC\AIGuard\unseen\fake_208.jpg,65536,0.2813739829877448,486.4841613769531,C:\My_Project\AIGC\celeba_test\202438.jpg,celeba_test,38804.0,0.26618529336258,211.39035034179688,0.23317723401558393,0.34641016151377546,True
aiguard_unseen,facesize_matched,C:\My_Project\AIGC\AIGuard\unseen\fake_167.jpg,65536,0.2922770967490476,1169.6732177734375,,,,,,0.7540466087594787,0.34641016151377546,False
aiguard_unseen,facesize_matched,C:\My_Project\AIGC\AIGuard\unseen\fake_179.jpg,65536,0.3584753906940603,362.6929321289063,,,,,,0.3948948841919899,0.34641016151377546,False
aiguard_unseen,facesize_matched,C:\My_Project\AIGC\AIGuard\unseen\fake_128.jpg,65536,0.2419676260996168,594.7684326171875,C:\My_Project\AIGC\celeba_test\192749.jpg,celeba_test,38804.0,0.2372857874995171,507.1786804199219,0.18407938130028093,0.34641016151377546,True
aiguard_unseen,facesize_matched,C:\My_Project\AIGC\AIGuard\unseen\fake_435.jpg,65536,0.3237170706440062,385.4460754394531,,,,,,0.8721968471722236,0.34641016151377546,False
aiguard_unseen,facesize_matched,C:\My_Project\AIGC\AIGuard\unseen\fake_465.jpg,65536,0.3359966722446965,602.0401000976562,,,,,,1.1331367752385848,0.34641016151377546,False
aiguard_unseen,facesize_matched,C:\My_Project\AIGC\AIGuard\unseen\fake_676.jpg,65536,0.3428660687066118,446.0425109863281,C:\My_Project\AIGC\AIGuard\unseen\Real_44.jpg,aiguard_unseen_real,5363856.0,0.3484007895514039,987.0241088867188,0.12372469330149911,0.34641016151377546,True
aiguard_unseen,facesize_matched,C:\My_Project\AIGC\AIGuard\unseen\fake_21.jpg,16384,0.9048256325859958,136.571044921875,,,,,,0.45434870681315265,0.34641016151377546,False
aiguard_unseen,facesize_matched,C:\My_Project\AIGC\AIGuard\unseen\fake_463.jpg,65536,0.40346186878854,486.0788879394531,,,,,,0.4144322020839485,0.34641016151377546,False
aiguard_unseen,facesize_matched,C:\My_Project\AIGC\AIGuard\unseen\fake_688.jpg,65536,0.4697837685851901,194.7437896728516,C:\My_Project\AIGC\AIGuard\unseen\Real_5.jpg,aiguard_unseen_real,139129.0,0.4637298691671117,511.29486083984375,0.057259313249133734,0.34641016151377546,True
aiguard_unseen,facesize_matched,C:\My_Project\AIGC\AIGuard\unseen\fake_431.jpg,65536,0.413092720577164,471.0755920410156,,,,,,0.42494152919661515,0.34641016151377546,False
aiguard_unseen,facesize_matched,C:\My_Project\AIGC\AIGuard\unseen\fake_172.jpg,65536,0.2673222235912568,1301.8165283203125,,,,,,0.4244175729707363,0.34641016151377546,False
aiguard_unseen,facesize_matched,C:\My_Project\AIGC\AIGuard\unseen\fake_277.jpg,65536,0.2817029291237601,705.7221069335938,,,,,,0.6027587003262532,0.34641016151377546,False
aiguard_unseen,facesize_matched,C:\My_Project\AIGC\AIGuard\unseen\fake_298.jpg,65536,0.2656020486520177,432.5729675292969,C:\My_Project\AIGC\celeba_test\195379.jpg,celeba_test,38804.0,0.2492837338872217,1044.0516357421875,0.26957891775537346,0.34641016151377546,True
aiguard_unseen,facesize_matched,C:\My_Project\AIGC\AIGuard\unseen\fake_674.jpg,65536,0.3463167734374461,670.9987182617188,,,,,,0.7041295953536388,0.34641016151377546,False
aiguard_unseen,facesize_matched,C:\My_Project\AIGC\AIGuard\unseen\fake_194.jpg,65536,0.3510542680959268,277.377685546875,,,,,,1.1147110895100678,0.34641016151377546,False
aiguard_unseen,facesize_matched,C:\My_Project\AIGC\AIGuard\unseen\fake_30.jpg,16384,1.0892774515708443,251.21011352539065,,,,,,1.7320967180004392,0.34641016151377546,False
aiguard_unseen,facesize_matched,C:\My_Project\AIGC\AIGuard\unseen\fake_257.jpg,65536,0.2938132786728211,595.158447265625,,,,,,0.7710578506958102,0.34641016151377546,False
aiguard_unseen,facesize_matched,C:\My_Project\AIGC\AIGuard\unseen\fake_275.jpg,65536,0.2692886634644291,287.9471740722656,C:\My_Project\AIGC\celeba_test\202018.jpg,celeba_test,38804.0,0.2550412370930054,628.7609252929688,0.21970718791221938,0.34641016151377546,True
aiguard_unseen,facesize_matched,C:\My_Project\AIGC\AIGuard\unseen\fake_466.jpg,65536,0.4063571257594621,619.0418090820312,C:\My_Project\AIGC\AIGuard\unseen\Real_9.jpg,aiguard_unseen_real,586756.0,0.4253934658878367,488.0540161132813,0.19953267957036494,0.34641016151377546,True
aiguard_unseen,facesize_matched,C:\My_Project\AIGC\AIGuard\unseen\fake_157.jpg,65536,0.366569869751719,248.3344573974609,,,,,,0.3744450095635803,0.34641016151377546,False
aiguard_unseen,facesize_matched,C:\My_Project\AIGC\AIGuard\unseen\fake_146.jpg,65536,0.3079055865446944,381.183349609375,,,,,,0.8414462494457743,0.34641016151377546,False
aiguard_unseen,facesize_matched,C:\My_Project\AIGC\AIGuard\unseen\fake_306.jpg,65536,0.2385817965412075,388.0520935058594,C:\My_Project\AIGC\celeba_test\197133.jpg,celeba_test,38804.0,0.2336520642884978,917.3118896484376,0.22706828612425917,0.34641016151377546,True
aiguard_unseen,facesize_matched,C:\My_Project\AIGC\AIGuard\unseen\fake_158.jpg,65536,0.4052314128067495,350.1301574707031,C:\My_Project\AIGC\AIGuard\unseen\Real_37.jpg,aiguard_unseen_real,73984.0,0.4229778742738949,390.8439331054688,0.18296451404090366,0.34641016151377546,True
aiguard_unseen,facesize_matched,C:\My_Project\AIGC\AIGuard\unseen\fake_677.jpg,65536,0.3416070970595541,808.621337890625,,,,,,0.4391435724335894,0.34641016151377546,False
aiguard_unseen,facesize_matched,C:\My_Project\AIGC\AIGuard\unseen\fake_231.jpg,65536,0.2918313577889788,640.9130859375,C:\My_Project\AIGC\celeba_test\188659.jpg,celeba_test,38804.0,0.2695578258931396,456.02337646484375,0.3453950214070617,0.34641016151377546,True
aiguard_unseen,facesize_matched,C:\My_Project\AIGC\AIGuard\unseen\fake_439.jpg,65536,0.3707012819598465,503.8336791992188,,,,,,0.7331532028345542,0.34641016151377546,False
aiguard_unseen,facesize_matched,C:\My_Project\AIGC\AIGuard\unseen\fake_229.jpg,65536,0.2278840918323144,516.0010986328125,C:\My_Project\AIGC\lfw\Mark_Kelly\Mark_Kelly_0001.jpg,lfw,62500.0,0.2233361335585534,299.5162048339844,0.12678095148612356,0.34641016151377546,True
aiguard_unseen,facesize_matched,C:\My_Project\AIGC\AIGuard\unseen\fake_682.jpg,65536,0.3756674389683061,490.1855773925781,C:\My_Project\AIGC\AIGuard\unseen\Real_67.jpg,aiguard_unseen_real,5396329.0,0.39663989029698,738.7821655273438,0.22077845963360834,0.34641016151377546,True
aiguard_unseen,facesize_matched,C:\My_Project\AIGC\AIGuard\unseen\fake_168.jpg,65536,0.2977104704844876,761.1266479492188,C:\My_Project\AIGC\celeba_test\189078.jpg,celeba_test,38804.0,0.2745438534485641,945.0740966796876,0.3434448302277665,0.34641016151377546,True
aiguard_unseen,facesize_matched,C:\My_Project\AIGC\AIGuard\unseen\fake_446.jpg,65536,0.3277561309158118,214.3944396972656,,,,,,0.5797909204550805,0.34641016151377546,False
aiguard_unseen,facesize_matched,C:\My_Project\AIGC\AIGuard\unseen\fake_315.jpg,65536,0.2203160416297183,1301.1846923828125,,,,,,0.38244435928663695,0.34641016151377546,False
aiguard_unseen,facesize_matched,C:\My_Project\AIGC\AIGuard\unseen\fake_459.jpg,65536,0.3719339624694114,383.1782531738281,,,,,,0.6063684676167074,0.34641016151377546,False
aiguard_unseen,facesize_matched,C:\My_Project\AIGC\AIGuard\unseen\fake_282.jpg,65536,0.3164737116287806,381.7341613769531,,,,,,0.8815431482402656,0.34641016151377546,False
aiguard_unseen,facesize_matched,C:\My_Project\AIGC\AIGuard\unseen\fake_236.jpg,65536,0.2970448334281694,239.2784881591797,,,,,,0.5125327581888015,0.34641016151377546,False
aiguard_unseen,facesize_matched,C:\My_Project\AIGC\AIGuard\unseen\fake_230.jpg,65536,0.2903206233261731,639.69970703125,,,,,,0.6796722740117309,0.34641016151377546,False
aiguard_unseen,facesize_matched,C:\My_Project\AIGC\AIGuard\unseen\fake_138.jpg,65536,0.3166521956215207,1418.82958984375,,,,,,0.6021611208535103,0.34641016151377546,False
aiguard_unseen,facesize_matched,C:\My_Project\AIGC\AIGuard\unseen\fake_680.jpg,65536,0.3485139757821882,690.8013305664062,,,,,,0.5310724098687873,0.34641016151377546,False
aiguard_unseen,facesize_matched,C:\My_Project\AIGC\AIGuard\unseen\fake_293.jpg,65536,0.3543823569379308,305.5599670410156,,,,,,1.0795172053417572,0.34641016151377546,False
aiguard_unseen,facesize_matched,C:\My_Project\AIGC\AIGuard\unseen\fake_429.jpg,65536,0.3611261346052125,313.8340759277344,C:\My_Project\AIGC\AIGuard\unseen\Real_42.jpg,aiguard_unseen_real,1669264.0,0.3911477190106586,759.1005859375,0.32235032830804466,0.34641016151377546,True
aiguard_unseen,facesize_matched,C:\My_Project\AIGC\AIGuard\unseen\fake_302.jpg,65536,0.3272286837043948,417.0390625,,,,,,0.771617973454177,0.34641016151377546,False
aiguard_unseen,facesize_matched,C:\My_Project\AIGC\AIGuard\unseen\fake_232.jpg,65536,0.2953450275792967,1349.00732421875,,,,,,0.8119029079371877,0.34641016151377546,False
aiguard_unseen,facesize_matched,C:\My_Project\AIGC\AIGuard\unseen\fake_132.jpg,65536,0.2086747232789999,654.9461059570312,C:\My_Project\AIGC\lfw\Steven_Feldman\Steven_Feldman_0001.jpg,lfw,62500.0,0.1971225972911757,530.7587280273438,0.2095201880554883,0.34641016151377546,True
aiguard_unseen,facesize_matched,C:\My_Project\AIGC\AIGuard\unseen\fake_200.jpg,65536,0.3046008957999573,331.3488464355469,,,,,,0.6287972283219544,0.34641016151377546,False
aiguard_unseen,joint_matched,C:\My_Project\AIGC\AIGuard\unseen\fake_425.jpg,65536,0.3240482714552649,417.5821838378906,,,,,,0.9954683839869265,0.4,False
aiguard_unseen,joint_matched,C:\My_Project\AIGC\AIGuard\unseen\fake_450.jpg,65536,0.3129931424720666,400.5728149414063,,,,,,0.7611214999467164,0.4,False
aiguard_unseen,joint_matched,C:\My_Project\AIGC\AIGuard\unseen\fake_270.jpg,65536,0.262369124699809,280.6663818359375,,,,,,0.4981584123982191,0.4,False
aiguard_unseen,joint_matched,C:\My_Project\AIGC\AIGuard\unseen\fake_219.jpg,65536,0.3630762705790126,492.7621154785156,,,,,,1.13765842083559,0.4,False
aiguard_unseen,joint_matched,C:\My_Project\AIGC\AIGuard\unseen\fake_301.jpg,65536,0.3590415754563257,396.17718505859375,,,,,,1.0607390724991939,0.4,False
aiguard_unseen,joint_matched,C:\My_Project\AIGC\AIGuard\unseen\fake_162.jpg,65536,0.2621112178956804,585.9560546875,,,,,,0.45830015351620973,0.4,False
aiguard_unseen,joint_matched,C:\My_Project\AIGC\AIGuard\unseen\fake_318.jpg,65536,0.1926616423480871,605.1008911132812,C:\My_Project\AIGC\lfw\Andy_Dick\Andy_Dick_0001.jpg,lfw,62500.0,0.1872863558635925,490.3749084472656,0.2949806882423421,0.4,True
aiguard_unseen,joint_matched,C:\My_Project\AIGC\AIGuard\unseen\fake_233.jpg,65536,0.2829626994243924,809.1231079101562,,,,,,0.6082845323922428,0.4,False
aiguard_unseen,joint_matched,C:\My_Project\AIGC\AIGuard\unseen\fake_255.jpg,65536,0.2957161262998778,252.66143798828125,,,,,,0.7162933903312102,0.4,False
aiguard_unseen,joint_matched,C:\My_Project\AIGC\AIGuard\unseen\fake_216.jpg,65536,0.3089404794704883,426.0506896972656,,,,,,0.8948910713773026,0.4,False
aiguard_unseen,joint_matched,C:\My_Project\AIGC\AIGuard\unseen\fake_173.jpg,65536,0.2321047351701128,1122.173095703125,,,,,,0.4423256743748209,0.4,False
aiguard_unseen,joint_matched,C:\My_Project\AIGC\AIGuard\unseen\fake_163.jpg,65536,0.3333542213045914,897.5838623046875,,,,,,1.0265419267962566,0.4,False
aiguard_unseen,joint_matched,C:\My_Project\AIGC\AIGuard\unseen\fake_209.jpg,65536,0.277987049466798,507.7493896484375,,,,,,0.5373262330839691,0.4,False
aiguard_unseen,joint_matched,C:\My_Project\AIGC\AIGuard\unseen\fake_215.jpg,65536,0.3243723548363533,299.6983337402344,,,,,,0.7874958103626488,0.4,False
aiguard_unseen,joint_matched,C:\My_Project\AIGC\AIGuard\unseen\fake_151.jpg,65536,0.3131645601521453,1315.88671875,,,,,,1.001822148068457,0.4,False
aiguard_unseen,joint_matched,C:\My_Project\AIGC\AIGuard\unseen\fake_313.jpg,65536,0.3248122046101267,445.99505615234375,,,,,,0.9999482481495805,0.4,False
aiguard_unseen,joint_matched,C:\My_Project\AIGC\AIGuard\unseen\fake_208.jpg,65536,0.2813739829877448,486.4841613769531,,,,,,0.5384899887119061,0.4,False
aiguard_unseen,joint_matched,C:\My_Project\AIGC\AIGuard\unseen\fake_167.jpg,65536,0.2922770967490476,1169.6732177734375,,,,,,0.8513667182675704,0.4,False
aiguard_unseen,joint_matched,C:\My_Project\AIGC\AIGuard\unseen\fake_179.jpg,65536,0.3584753906940603,362.6929321289063,,,,,,1.046507764194271,0.4,False
aiguard_unseen,joint_matched,C:\My_Project\AIGC\AIGuard\unseen\fake_128.jpg,65536,0.2419676260996168,594.7684326171875,,,,,,0.42170743152731555,0.4,False
aiguard_unseen,joint_matched,C:\My_Project\AIGC\AIGuard\unseen\fake_435.jpg,65536,0.3237170706440062,385.4460754394531,,,,,,1.086076984191785,0.4,False
aiguard_unseen,joint_matched,C:\My_Project\AIGC\AIGuard\unseen\fake_465.jpg,65536,0.3359966722446965,602.0401000976562,,,,,,1.100999234635819,0.4,False
aiguard_unseen,joint_matched,C:\My_Project\AIGC\AIGuard\unseen\fake_676.jpg,65536,0.3428660687066118,446.0425109863281,,,,,,1.0044540806949642,0.4,False
aiguard_unseen,joint_matched,C:\My_Project\AIGC\AIGuard\unseen\fake_21.jpg,16384,0.9048256325859958,136.571044921875,,,,,,1.359457125306371,0.4,False
aiguard_unseen,joint_matched,C:\My_Project\AIGC\AIGuard\unseen\fake_463.jpg,65536,0.40346186878854,486.0788879394531,,,,,,0.7771995002430306,0.4,False
aiguard_unseen,joint_matched,C:\My_Project\AIGC\AIGuard\unseen\fake_688.jpg,65536,0.4697837685851901,194.7437896728516,C:\My_Project\AIGC\AIGuard\unseen\Real_74.jpg,aiguard_unseen_real,72900.0,0.4768471750207472,715.073974609375,0.10276756525972872,0.4,True
aiguard_unseen,joint_matched,C:\My_Project\AIGC\AIGuard\unseen\fake_431.jpg,65536,0.413092720577164,471.0755920410156,,,,,,0.6661867513990914,0.4,False
aiguard_unseen,joint_matched,C:\My_Project\AIGC\AIGuard\unseen\fake_172.jpg,65536,0.2673222235912568,1301.8165283203125,,,,,,0.5917388655288733,0.4,False
aiguard_unseen,joint_matched,C:\My_Project\AIGC\AIGuard\unseen\fake_277.jpg,65536,0.2817029291237601,705.7221069335938,,,,,,0.743068141649447,0.4,False
aiguard_unseen,joint_matched,C:\My_Project\AIGC\AIGuard\unseen\fake_298.jpg,65536,0.2656020486520177,432.5729675292969,,,,,,0.5579213773000985,0.4,False
aiguard_unseen,joint_matched,C:\My_Project\AIGC\AIGuard\unseen\fake_674.jpg,65536,0.3463167734374461,670.9987182617188,,,,,,0.9000141041151166,0.4,False
aiguard_unseen,joint_matched,C:\My_Project\AIGC\AIGuard\unseen\fake_194.jpg,65536,0.3510542680959268,277.377685546875,,,,,,1.4198553730655574,0.4,False
aiguard_unseen,joint_matched,C:\My_Project\AIGC\AIGuard\unseen\fake_30.jpg,16384,1.0892774515708443,251.21011352539065,,,,,,2.2590644923749994,0.4,False
aiguard_unseen,joint_matched,C:\My_Project\AIGC\AIGuard\unseen\fake_257.jpg,65536,0.2938132786728211,595.158447265625,,,,,,0.9058647673414326,0.4,False
aiguard_unseen,joint_matched,C:\My_Project\AIGC\AIGuard\unseen\fake_275.jpg,65536,0.2692886634644291,287.9471740722656,,,,,,0.508223539654351,0.4,False
aiguard_unseen,joint_matched,C:\My_Project\AIGC\AIGuard\unseen\fake_466.jpg,65536,0.4063571257594621,619.0418090820312,,,,,,0.9682446751314192,0.4,False
aiguard_unseen,joint_matched,C:\My_Project\AIGC\AIGuard\unseen\fake_157.jpg,65536,0.366569869751719,248.3344573974609,,,,,,0.548553634311134,0.4,False
aiguard_unseen,joint_matched,C:\My_Project\AIGC\AIGuard\unseen\fake_146.jpg,65536,0.3079055865446944,381.183349609375,,,,,,0.9313677578781374,0.4,False
aiguard_unseen,joint_matched,C:\My_Project\AIGC\AIGuard\unseen\fake_306.jpg,65536,0.2385817965412075,388.0520935058594,C:\My_Project\AIGC\lfw\Mark_Kelly\Mark_Kelly_0001.jpg,lfw,62500.0,0.2233361335585534,299.5162048339844,0.24443003672108252,0.4,True
aiguard_unseen,joint_matched,C:\My_Project\AIGC\AIGuard\unseen\fake_158.jpg,65536,0.4052314128067495,350.1301574707031,C:\My_Project\AIGC\AIGuard\unseen\Real_37.jpg,aiguard_unseen_real,73984.0,0.4229778742738949,390.8439331054688,0.20366467562713172,0.4,True
aiguard_unseen,joint_matched,C:\My_Project\AIGC\AIGuard\unseen\fake_677.jpg,65536,0.3416070970595541,808.621337890625,,,,,,1.0158652837701863,0.4,False
aiguard_unseen,joint_matched,C:\My_Project\AIGC\AIGuard\unseen\fake_231.jpg,65536,0.2918313577889788,640.9130859375,,,,,,0.8401756932704647,0.4,False
aiguard_unseen,joint_matched,C:\My_Project\AIGC\AIGuard\unseen\fake_439.jpg,65536,0.3707012819598465,503.8336791992188,,,,,,0.9570406302218218,0.4,False
aiguard_unseen,joint_matched,C:\My_Project\AIGC\AIGuard\unseen\fake_229.jpg,65536,0.2278840918323144,516.0010986328125,C:\My_Project\AIGC\lfw\Jim_Greenwood\Jim_Greenwood_0001.jpg,lfw,62500.0,0.218051513566138,600.7500610351562,0.17709900230543751,0.4,True
aiguard_unseen,joint_matched,C:\My_Project\AIGC\AIGuard\unseen\fake_682.jpg,65536,0.3756674389683061,490.1855773925781,,,,,,1.2729282810762679,0.4,False
aiguard_unseen,joint_matched,C:\My_Project\AIGC\AIGuard\unseen\fake_168.jpg,65536,0.2977104704844876,761.1266479492188,,,,,,0.8694810699304792,0.4,False
aiguard_unseen,joint_matched,C:\My_Project\AIGC\AIGuard\unseen\fake_446.jpg,65536,0.3277561309158118,214.3944396972656,,,,,,0.89832530015038,0.4,False
aiguard_unseen,joint_matched,C:\My_Project\AIGC\AIGuard\unseen\fake_315.jpg,65536,0.2203160416297183,1301.1846923828125,C:\My_Project\AIGC\lfw\Mack_Brown\Mack_Brown_0002.jpg,lfw,62500.0,0.1981202834012204,1292.4700927734375,0.3848808667119712,0.4,True
aiguard_unseen,joint_matched,C:\My_Project\AIGC\AIGuard\unseen\fake_459.jpg,65536,0.3719339624694114,383.1782531738281,,,,,,0.9020062470201863,0.4,False
aiguard_unseen,joint_matched,C:\My_Project\AIGC\AIGuard\unseen\fake_282.jpg,65536,0.3164737116287806,381.7341613769531,,,,,,0.882237577270293,0.4,False
aiguard_unseen,joint_matched,C:\My_Project\AIGC\AIGuard\unseen\fake_236.jpg,65536,0.2970448334281694,239.2784881591797,,,,,,0.6420356936758587,0.4,False
aiguard_unseen,joint_matched,C:\My_Project\AIGC\AIGuard\unseen\fake_230.jpg,65536,0.2903206233261731,639.69970703125,,,,,,0.841371525903254,0.4,False
aiguard_unseen,joint_matched,C:\My_Project\AIGC\AIGuard\unseen\fake_138.jpg,65536,0.3166521956215207,1418.82958984375,,,,,,0.7823285073363863,0.4,False
aiguard_unseen,joint_matched,C:\My_Project\AIGC\AIGuard\unseen\fake_680.jpg,65536,0.3485139757821882,690.8013305664062,,,,,,1.0684374950528461,0.4,False
aiguard_unseen,joint_matched,C:\My_Project\AIGC\AIGuard\unseen\fake_293.jpg,65536,0.3543823569379308,305.5599670410156,,,,,,1.2488325488696157,0.4,False
aiguard_unseen,joint_matched,C:\My_Project\AIGC\AIGuard\unseen\fake_429.jpg,65536,0.3611261346052125,313.8340759277344,,,,,,1.2862937764508293,0.4,False
aiguard_unseen,joint_matched,C:\My_Project\AIGC\AIGuard\unseen\fake_302.jpg,65536,0.3272286837043948,417.0390625,,,,,,1.0295797232663777,0.4,False
aiguard_unseen,joint_matched,C:\My_Project\AIGC\AIGuard\unseen\fake_232.jpg,65536,0.2953450275792967,1349.00732421875,,,,,,0.8746501197849932,0.4,False
aiguard_unseen,joint_matched,C:\My_Project\AIGC\AIGuard\unseen\fake_132.jpg,65536,0.2086747232789999,654.9461059570312,C:\My_Project\AIGC\lfw\Steven_Feldman\Steven_Feldman_0001.jpg,lfw,62500.0,0.1971225972911757,530.7587280273438,0.21242299720417407,0.4,True
aiguard_unseen,joint_matched,C:\My_Project\AIGC\AIGuard\unseen\fake_200.jpg,65536,0.3046008957999573,331.3488464355469,,,,,,0.9506740402550182,0.4,False
stylegan2_ood,resolution_matched,C:\My_Project\AIGC\stylegan2_test\fake\U5EFG056M1.jpg,65536,0.3526606856182671,455.3009033203125,C:\My_Project\AIGC\AIGuard\unseen\Real_79.jpg,aiguard_unseen_real,65536.0,0.6193729553134679,544.6491088867188,0.0,0.2,True
stylegan2_ood,resolution_matched,C:\My_Project\AIGC\stylegan2_test\fake\4XFOYTTUPB.jpg,65536,0.3718356266210138,552.4851684570312,C:\My_Project\AIGC\lfw\Isidro_Pastor\Isidro_Pastor_0001.jpg,lfw,62500.0,0.1656100526970755,788.04931640625,0.03521749013725434,0.2,True
stylegan2_ood,resolution_matched,C:\My_Project\AIGC\stylegan2_test\fake\7CBS9F90L7.jpg,65536,0.3627642005260504,402.2077941894531,C:\My_Project\AIGC\lfw\Suzanne_Torrance\Suzanne_Torrance_0001.jpg,lfw,62500.0,0.1417085348952803,1264.533447265625,0.03521749013725434,0.2,True
stylegan2_ood,resolution_matched,C:\My_Project\AIGC\stylegan2_test\fake\Z73VI0WTVM.jpg,65536,0.3658045122002611,648.8761596679688,C:\My_Project\AIGC\lfw\Michael_Doleac\Michael_Doleac_0001.jpg,lfw,62500.0,0.159969072523546,890.4072265625,0.03521749013725434,0.2,True
stylegan2_ood,resolution_matched,C:\My_Project\AIGC\stylegan2_test\fake\123FWZN0VE.jpg,65536,0.4113738521031289,445.3239135742188,C:\My_Project\AIGC\lfw\Fernando_Velardez\Fernando_Velardez_0001.jpg,lfw,62500.0,0.1569704352931049,951.718017578125,0.03521749013725434,0.2,True
stylegan2_ood,resolution_matched,C:\My_Project\AIGC\stylegan2_test\fake\CD1FX6IY80.jpg,65536,0.3000674092383009,660.7344970703125,C:\My_Project\AIGC\lfw\Todd_Haynes\Todd_Haynes_0003.jpg,lfw,62500.0,0.1788529063485987,716.2388305664062,0.03521749013725434,0.2,True
stylegan2_ood,resolution_matched,C:\My_Project\AIGC\stylegan2_test\fake\OTNVNGWUCW.jpg,65536,0.369635199696306,241.75999450683597,C:\My_Project\AIGC\lfw\Mack_Brown\Mack_Brown_0002.jpg,lfw,62500.0,0.1981202834012204,1292.4700927734375,0.03521749013725434,0.2,True
stylegan2_ood,resolution_matched,C:\My_Project\AIGC\stylegan2_test\fake\14V3XRNJ7Q.jpg,65536,0.3681724002810824,696.0706176757812,C:\My_Project\AIGC\lfw\Eric_Lloyd\Eric_Lloyd_0001.jpg,lfw,62500.0,0.1864346103546277,920.3864135742188,0.03521749013725434,0.2,True
stylegan2_ood,resolution_matched,C:\My_Project\AIGC\stylegan2_test\fake\EEMVMRAM90.jpg,65536,0.3615060622932122,539.0711059570312,C:\My_Project\AIGC\lfw\Franco_Frattini\Franco_Frattini_0001.jpg,lfw,62500.0,0.167735687397713,590.1715087890625,0.03521749013725434,0.2,True
stylegan2_ood,resolution_matched,C:\My_Project\AIGC\stylegan2_test\fake\DV7Z4Z4AJR.jpg,65536,0.3807211745921033,416.2032470703125,C:\My_Project\AIGC\lfw\Laura_Schlessinger\Laura_Schlessinger_0001.jpg,lfw,62500.0,0.1915570528637176,639.376708984375,0.03521749013725434,0.2,True
stylegan2_ood,resolution_matched,C:\My_Project\AIGC\stylegan2_test\fake\43IWZM2P98.jpg,65536,0.3761893983024447,599.9822998046875,C:\My_Project\AIGC\lfw\Cori_Enghusen\Cori_Enghusen_0001.jpg,lfw,62500.0,0.1152937216610604,826.0831298828125,0.03521749013725434,0.2,True
stylegan2_ood,resolution_matched,C:\My_Project\AIGC\stylegan2_test\fake\TPB2O0VS4E.jpg,65536,0.3868764503488857,539.7800903320312,C:\My_Project\AIGC\lfw\Wayne_Gretzky\Wayne_Gretzky_0004.jpg,lfw,62500.0,0.1776690283564451,1393.90673828125,0.03521749013725434,0.2,True
stylegan2_ood,resolution_matched,C:\My_Project\AIGC\stylegan2_test\fake\F4ZB49CPAA.jpg,65536,0.3915141580735349,730.1857299804688,C:\My_Project\AIGC\lfw\Platon_Lebedev\Platon_Lebedev_0001.jpg,lfw,62500.0,0.1650399856504294,589.5450439453125,0.03521749013725434,0.2,True
stylegan2_ood,resolution_matched,C:\My_Project\AIGC\stylegan2_test\fake\08NKI2D7QQ.jpg,65536,0.3341563939913783,437.1141662597656,C:\My_Project\AIGC\lfw\Paul_Bremer\Paul_Bremer_0011.jpg,lfw,62500.0,0.1796484887882445,942.8582763671876,0.03521749013725434,0.2,True
stylegan2_ood,resolution_matched,C:\My_Project\AIGC\stylegan2_test\fake\F1MB4QAQJ8.jpg,65536,0.3654670157128521,266.62353515625,C:\My_Project\AIGC\lfw\Tommy_Shane_Steiner\Tommy_Shane_Steiner_0001.jpg,lfw,62500.0,0.1915035481561573,283.3729858398437,0.03521749013725434,0.2,True
stylegan2_ood,resolution_matched,C:\My_Project\AIGC\stylegan2_test\fake\0NUWGD5JNA.jpg,65536,0.2947351923318706,557.0101318359375,C:\My_Project\AIGC\lfw\Janela_Jara\Janela_Jara_0001.jpg,lfw,62500.0,0.1635179814384254,329.9053955078125,0.03521749013725434,0.2,True
stylegan2_ood,resolution_matched,C:\My_Project\AIGC\stylegan2_test\fake\XW2LC4I8ED.jpg,65536,0.3823425434624872,242.146728515625,C:\My_Project\AIGC\lfw\Constance_Marie\Constance_Marie_0002.jpg,lfw,62500.0,0.1783647291454214,976.9891967773438,0.03521749013725434,0.2,True
stylegan2_ood,resolution_matched,C:\My_Project\AIGC\stylegan2_test\fake\IYDTDJ5XFQ.jpg,65536,0.3457161742861733,328.316650390625,C:\My_Project\AIGC\lfw\Ray_Sherman\Ray_Sherman_0001.jpg,lfw,62500.0,0.1822232821117715,869.4234008789062,0.03521749013725434,0.2,True
stylegan2_ood,resolution_matched,C:\My_Project\AIGC\stylegan2_test\fake\AG15F9LFOL.jpg,65536,0.4329175694971577,457.2185363769531,C:\My_Project\AIGC\lfw\Jeremy_Shockey\Jeremy_Shockey_0002.jpg,lfw,62500.0,0.1710944471176436,1251.734130859375,0.03521749013725434,0.2,True
stylegan2_ood,resolution_matched,C:\My_Project\AIGC\stylegan2_test\fake\Z282JCP1SK.jpg,65536,0.329057938611854,481.6206665039063,C:\My_Project\AIGC\lfw\Mufti_Mohammad_Syed\Mufti_Mohammad_Syed_0001.jpg,lfw,62500.0,0.1943458362513065,973.0131225585938,0.03521749013725434,0.2,True
stylegan2_ood,resolution_matched,C:\My_Project\AIGC\stylegan2_test\fake\OWQU9KWSDE.jpg,65536,0.3596271268445434,786.5538940429688,C:\My_Project\AIGC\lfw\Jason_Clermont\Jason_Clermont_0001.jpg,lfw,62500.0,0.1853269124883493,884.5951538085938,0.03521749013725434,0.2,True
stylegan2_ood,resolution_matched,C:\My_Project\AIGC\stylegan2_test\fake\9WK8LPHD3E.jpg,65536,0.3282031006456747,398.5408020019531,C:\My_Project\AIGC\lfw\Brandon_Jones\Brandon_Jones_0001.jpg,lfw,62500.0,0.2060673379258933,1205.8984375,0.03521749013725434,0.2,True
stylegan2_ood,resolution_matched,C:\My_Project\AIGC\stylegan2_test\fake\WUT5EY2JIY.jpg,65536,0.3204780398814457,482.1136474609375,C:\My_Project\AIGC\lfw\Toutai_Kefu\Toutai_Kefu_0001.jpg,lfw,62500.0,0.1537180007785629,936.8301391601562,0.03521749013725434,0.2,True
stylegan2_ood,resolution_matched,C:\My_Project\AIGC\stylegan2_test\fake\IC85O7PHBL.jpg,65536,0.3967548380358451,252.85104370117188,C:\My_Project\AIGC\lfw\Jennifer_Renee_Short\Jennifer_Renee_Short_0001.jpg,lfw,62500.0,0.1718587210739408,247.1945953369141,0.03521749013725434,0.2,True
stylegan2_ood,resolution_matched,C:\My_Project\AIGC\stylegan2_test\fake\BHGQ1Z0DTF.jpg,65536,0.3496455691415217,236.40382385253903,C:\My_Project\AIGC\lfw\Atom_Egoyan\Atom_Egoyan_0001.jpg,lfw,62500.0,0.1569996388570871,977.7578735351562,0.03521749013725434,0.2,True
stylegan2_ood,resolution_matched,C:\My_Project\AIGC\stylegan2_test\fake\T813CVV5NU.jpg,65536,0.3149824870611294,362.0030517578125,C:\My_Project\AIGC\lfw\Glen_DaSilva\Glen_DaSilva_0001.jpg,lfw,62500.0,0.1489750681023939,613.6240234375,0.03521749013725434,0.2,True
stylegan2_ood,resolution_matched,C:\My_Project\AIGC\stylegan2_test\fake\DB6A5M5QA3.jpg,65536,0.3574608411281761,697.8291625976562,C:\My_Project\AIGC\lfw\Nastia_Liukin\Nastia_Liukin_0001.jpg,lfw,62500.0,0.1642591433864038,970.908935546875,0.03521749013725434,0.2,True
stylegan2_ood,resolution_matched,C:\My_Project\AIGC\stylegan2_test\fake\G4JR7EAO9V.jpg,65536,0.3906700942526515,511.1435852050781,C:\My_Project\AIGC\lfw\Igor_Ivanov\Igor_Ivanov_0001.jpg,lfw,62500.0,0.1818911044904638,561.5258178710938,0.03521749013725434,0.2,True
stylegan2_ood,resolution_matched,C:\My_Project\AIGC\stylegan2_test\fake\X8OHRJVFH7.jpg,65536,0.3661240837199033,406.7095947265625,C:\My_Project\AIGC\lfw\Joan_Laporta\Joan_Laporta_0004.jpg,lfw,62500.0,0.1647721615910893,715.208740234375,0.03521749013725434,0.2,True
stylegan2_ood,resolution_matched,C:\My_Project\AIGC\stylegan2_test\fake\ZGW1WZBEWF.jpg,65536,0.3459176693434317,807.973876953125,C:\My_Project\AIGC\lfw\Mike_Krzyzewski\Mike_Krzyzewski_0006.jpg,lfw,62500.0,0.1329371675292907,832.0701293945312,0.03521749013725434,0.2,True
stylegan2_ood,resolution_matched,C:\My_Project\AIGC\stylegan2_test\fake\JNL9S7I5PB.jpg,65536,0.3375393845675895,673.281494140625,C:\My_Project\AIGC\lfw\Fred_Eckhard\Fred_Eckhard_0001.jpg,lfw,62500.0,0.1443231677349892,578.062255859375,0.03521749013725434,0.2,True
stylegan2_ood,resolution_matched,C:\My_Project\AIGC\stylegan2_test\fake\R4I7TCE1QT.jpg,65536,0.3667322303803557,378.9813232421875,C:\My_Project\AIGC\lfw\Kathy_Gannon\Kathy_Gannon_0001.jpg,lfw,62500.0,0.1979088457195182,356.2877197265625,0.03521749013725434,0.2,True
stylegan2_ood,resolution_matched,C:\My_Project\AIGC\stylegan2_test\fake\6Q9J0FPV3U.jpg,65536,0.3585178106271978,317.4736022949219,C:\My_Project\AIGC\lfw\Craig_Wilson\Craig_Wilson_0001.jpg,lfw,62500.0,0.1847730123341727,1262.4361572265625,0.03521749013725434,0.2,True
stylegan2_ood,resolution_matched,C:\My_Project\AIGC\stylegan2_test\fake\21LE3J0NRR.jpg,65536,0.3527465415593231,463.7940368652344,C:\My_Project\AIGC\lfw\Judy_Locy\Judy_Locy_0001.jpg,lfw,62500.0,0.153128888265609,934.07373046875,0.03521749013725434,0.2,True
stylegan2_ood,resolution_matched,C:\My_Project\AIGC\stylegan2_test\fake\3Q88DA8XO0.jpg,65536,0.3462024098691057,429.2706604003906,C:\My_Project\AIGC\lfw\Hideki_Sato\Hideki_Sato_0001.jpg,lfw,62500.0,0.1941692715685156,994.4304809570312,0.03521749013725434,0.2,True
stylegan2_ood,resolution_matched,C:\My_Project\AIGC\stylegan2_test\fake\9CHOGUSZA4.jpg,65536,0.3643497474607395,288.0500793457031,C:\My_Project\AIGC\lfw\Andy_Dick\Andy_Dick_0001.jpg,lfw,62500.0,0.1872863558635925,490.3749084472656,0.03521749013725434,0.2,True
stylegan2_ood,resolution_matched,C:\My_Project\AIGC\stylegan2_test\fake\BNW2FQUOCA.jpg,65536,0.4001025530834218,217.6626434326172,C:\My_Project\AIGC\lfw\Manfred_Reyes_Villa\Manfred_Reyes_Villa_0001.jpg,lfw,62500.0,0.1533757716971028,979.2052612304688,0.03521749013725434,0.2,True
stylegan2_ood,resolution_matched,C:\My_Project\AIGC\stylegan2_test\fake\FOOBIXNLCF.jpg,65536,0.3768985800416022,373.5950012207031,C:\My_Project\AIGC\lfw\Kwon_Yang-sook\Kwon_Yang-sook_0001.jpg,lfw,62500.0,0.1591916576262519,314.2854309082031,0.03521749013725434,0.2,True
stylegan2_ood,resolution_matched,C:\My_Project\AIGC\stylegan2_test\fake\KR1PDLGPT6.jpg,65536,0.369567038636196,509.5392761230469,C:\My_Project\AIGC\lfw\Jim_Greenwood\Jim_Greenwood_0001.jpg,lfw,62500.0,0.218051513566138,600.7500610351562,0.03521749013725434,0.2,True
stylegan2_ood,resolution_matched,C:\My_Project\AIGC\stylegan2_test\fake\JK7XJBBIRU.jpg,65536,0.3643623126928286,356.6390075683594,C:\My_Project\AIGC\lfw\Jaymon_Crabb\Jaymon_Crabb_0001.jpg,lfw,62500.0,0.1513900392772029,729.30859375,0.03521749013725434,0.2,True
stylegan2_ood,resolution_matched,C:\My_Project\AIGC\stylegan2_test\fake\C7SFGOBPOE.jpg,65536,0.320751030715689,907.4457397460938,C:\My_Project\AIGC\lfw\Mark_Kelly\Mark_Kelly_0001.jpg,lfw,62500.0,0.2233361335585534,299.5162048339844,0.03521749013725434,0.2,True
stylegan2_ood,resolution_matched,C:\My_Project\AIGC\stylegan2_test\fake\DXBQIV6WR7.jpg,65536,0.4318453294001663,264.90771484375,C:\My_Project\AIGC\lfw\Glenn_Plummer\Glenn_Plummer_0001.jpg,lfw,62500.0,0.1803661955050487,407.8361206054688,0.03521749013725434,0.2,True
stylegan2_ood,resolution_matched,C:\My_Project\AIGC\stylegan2_test\fake\ENDDH8SOIC.jpg,65536,0.3673152408342893,490.4269409179688,C:\My_Project\AIGC\lfw\Robin_Williams\Robin_Williams_0001.jpg,lfw,62500.0,0.1647262518010419,1698.8560791015625,0.03521749013725434,0.2,True
stylegan2_ood,resolution_matched,C:\My_Project\AIGC\stylegan2_test\fake\BPZ34ZCMOI.jpg,65536,0.3519599916921532,509.3615417480469,C:\My_Project\AIGC\lfw\Spencer_Abraham\Spencer_Abraham_0010.jpg,lfw,62500.0,0.1631360997275852,562.5260009765625,0.03521749013725434,0.2,True
stylegan2_ood,resolution_matched,C:\My_Project\AIGC\stylegan2_test\fake\AGQHHVHVQO.jpg,65536,0.3970167992624088,496.8655090332031,C:\My_Project\AIGC\lfw\Bill_Readdy\Bill_Readdy_0001.jpg,lfw,62500.0,0.1660207857950126,819.0056762695312,0.03521749013725434,0.2,True
stylegan2_ood,resolution_matched,C:\My_Project\AIGC\stylegan2_test\fake\0TJJ8VSLE6.jpg,65536,0.3271008068755767,569.7301025390625,C:\My_Project\AIGC\lfw\Dorothy_Wilson\Dorothy_Wilson_0001.jpg,lfw,62500.0,0.211860855219064,492.192626953125,0.03521749013725434,0.2,True
stylegan2_ood,resolution_matched,C:\My_Project\AIGC\stylegan2_test\fake\J803OZCIS8.jpg,65536,0.4343693079961166,548.1018676757812,C:\My_Project\AIGC\lfw\Andres_Manuel_Lopez_Obrador\Andres_Manuel_Lopez_Obrador_0001.jpg,lfw,62500.0,0.1581236533881045,303.1236267089844,0.03521749013725434,0.2,True
stylegan2_ood,resolution_matched,C:\My_Project\AIGC\stylegan2_test\fake\GD5BHSHZ1W.jpg,65536,0.368878574312886,403.4851989746094,C:\My_Project\AIGC\lfw\Chawki_Armali\Chawki_Armali_0001.jpg,lfw,62500.0,0.1567986815179331,690.651611328125,0.03521749013725434,0.2,True
stylegan2_ood,resolution_matched,C:\My_Project\AIGC\stylegan2_test\fake\RZAQBOINCZ.jpg,65536,0.3912120732371588,454.9384460449219,C:\My_Project\AIGC\lfw\Aaron_Patterson\Aaron_Patterson_0001.jpg,lfw,62500.0,0.1445150768976573,932.53662109375,0.03521749013725434,0.2,True
stylegan2_ood,resolution_matched,C:\My_Project\AIGC\stylegan2_test\fake\N6L4I52XCG.jpg,65536,0.3214749353424381,751.9048461914062,C:\My_Project\AIGC\lfw\Cathy_Chisholm\Cathy_Chisholm_0001.jpg,lfw,62500.0,0.1904317676662546,1140.1279296875,0.03521749013725434,0.2,True
stylegan2_ood,resolution_matched,C:\My_Project\AIGC\stylegan2_test\fake\B2JFHURJJL.jpg,65536,0.3847898511606789,656.4627685546875,C:\My_Project\AIGC\lfw\Markus_Naslund\Markus_Naslund_0002.jpg,lfw,62500.0,0.1781149881591961,643.5966796875,0.03521749013725434,0.2,True
stylegan2_ood,resolution_matched,C:\My_Project\AIGC\stylegan2_test\fake\BU5S67SCHL.jpg,65536,0.3412133683189736,377.7996215820313,C:\My_Project\AIGC\lfw\Greg_Hennigar\Greg_Hennigar_0001.jpg,lfw,62500.0,0.1718324122565676,865.5527954101562,0.03521749013725434,0.2,True
stylegan2_ood,resolution_matched,C:\My_Project\AIGC\stylegan2_test\fake\BGPMI5IK8M.jpg,65536,0.3715943702515545,658.8528442382812,C:\My_Project\AIGC\lfw\Van_Hilley\Van_Hilley_0001.jpg,lfw,62500.0,0.1898749108236095,538.2603759765625,0.03521749013725434,0.2,True
stylegan2_ood,resolution_matched,C:\My_Project\AIGC\stylegan2_test\fake\7CJB23SRL2.jpg,65536,0.3075289089157869,335.6023864746094,C:\My_Project\AIGC\lfw\Manuel_Llorente\Manuel_Llorente_0001.jpg,lfw,62500.0,0.2486490175045599,1257.1519775390625,0.03521749013725434,0.2,True
stylegan2_ood,resolution_matched,C:\My_Project\AIGC\stylegan2_test\fake\80KZK3ARVK.jpg,65536,0.3517671821486487,479.4049682617188,C:\My_Project\AIGC\lfw\Jim_Wall\Jim_Wall_0001.jpg,lfw,62500.0,0.1950264851243492,758.9246215820312,0.03521749013725434,0.2,True
stylegan2_ood,resolution_matched,C:\My_Project\AIGC\stylegan2_test\fake\2VV0I3CU5G.jpg,65536,0.3616888743037358,260.4948425292969,C:\My_Project\AIGC\lfw\Allan_Wagner\Allan_Wagner_0001.jpg,lfw,62500.0,0.1577262109330409,1683.60595703125,0.03521749013725434,0.2,True
stylegan2_ood,resolution_matched,C:\My_Project\AIGC\stylegan2_test\fake\U3XK8CM0B5.jpg,65536,0.3800822131398903,307.9939880371094,C:\My_Project\AIGC\lfw\Jessica_Capshaw\Jessica_Capshaw_0001.jpg,lfw,62500.0,0.1703798429066781,271.1390686035156,0.03521749013725434,0.2,True
stylegan2_ood,resolution_matched,C:\My_Project\AIGC\stylegan2_test\fake\YYYOQH6HG8.jpg,65536,0.3372868832135376,469.5354309082031,C:\My_Project\AIGC\lfw\Charlie_Coles\Charlie_Coles_0001.jpg,lfw,62500.0,0.1817514002470711,105.70791625976562,0.03521749013725434,0.2,True
stylegan2_ood,resolution_matched,C:\My_Project\AIGC\stylegan2_test\fake\EGAAMEUOW0.jpg,65536,0.3390042729583093,381.2391662597656,C:\My_Project\AIGC\lfw\Pupi_Avati\Pupi_Avati_0002.jpg,lfw,62500.0,0.208316921972169,525.1023559570312,0.03521749013725434,0.2,True
stylegan2_ood,resolution_matched,C:\My_Project\AIGC\stylegan2_test\fake\IAR80VVKIM.jpg,65536,0.2997407271092683,299.9780578613281,C:\My_Project\AIGC\lfw\Carlos_Queiroz\Carlos_Queiroz_0001.jpg,lfw,62500.0,0.1913391311539327,443.2216796875,0.03521749013725434,0.2,True
stylegan2_ood,facesize_matched,C:\My_Project\AIGC\stylegan2_test\fake\U5EFG056M1.jpg,65536,0.3526606856182671,455.3009033203125,,,,,,1.3914234772881127,0.34641016151377546,False
stylegan2_ood,facesize_matched,C:\My_Project\AIGC\stylegan2_test\fake\4XFOYTTUPB.jpg,65536,0.3718356266210138,552.4851684570312,,,,,,1.0701890688258302,0.34641016151377546,False
stylegan2_ood,facesize_matched,C:\My_Project\AIGC\stylegan2_test\fake\7CBS9F90L7.jpg,65536,0.3627642005260504,402.2077941894531,,,,,,1.022214499801886,0.34641016151377546,False
stylegan2_ood,facesize_matched,C:\My_Project\AIGC\stylegan2_test\fake\Z73VI0WTVM.jpg,65536,0.3658045122002611,648.8761596679688,,,,,,1.2018751764928504,0.34641016151377546,False
stylegan2_ood,facesize_matched,C:\My_Project\AIGC\stylegan2_test\fake\123FWZN0VE.jpg,65536,0.4113738521031289,445.3239135742188,C:\My_Project\AIGC\AIGuard\unseen\Real_54.jpg,aiguard_unseen_real,5569600.0,0.4447256169921523,254.47183227539065,0.345767471785323,0.34641016151377546,True
stylegan2_ood,facesize_matched,C:\My_Project\AIGC\stylegan2_test\fake\CD1FX6IY80.jpg,65536,0.3000674092383009,660.7344970703125,,,,,,0.7055012390007579,0.34641016151377546,False
stylegan2_ood,facesize_matched,C:\My_Project\AIGC\stylegan2_test\fake\OTNVNGWUCW.jpg,65536,0.369635199696306,241.75999450683597,,,,,,0.778082605033375,0.34641016151377546,False
stylegan2_ood,facesize_matched,C:\My_Project\AIGC\stylegan2_test\fake\14V3XRNJ7Q.jpg,65536,0.3681724002810824,696.0706176757812,,,,,,0.47942862051925683,0.34641016151377546,False
stylegan2_ood,facesize_matched,C:\My_Project\AIGC\stylegan2_test\fake\EEMVMRAM90.jpg,65536,0.3615060622932122,539.0711059570312,,,,,,0.6552507332124706,0.34641016151377546,False
stylegan2_ood,facesize_matched,C:\My_Project\AIGC\stylegan2_test\fake\DV7Z4Z4AJR.jpg,65536,0.3807211745921033,416.2032470703125,,,,,,0.5303839160450823,0.34641016151377546,False
stylegan2_ood,facesize_matched,C:\My_Project\AIGC\stylegan2_test\fake\43IWZM2P98.jpg,65536,0.3761893983024447,599.9822998046875,,,,,,0.3729892307577005,0.34641016151377546,False
stylegan2_ood,facesize_matched,C:\My_Project\AIGC\stylegan2_test\fake\TPB2O0VS4E.jpg,65536,0.3868764503488857,539.7800903320312,,,,,,1.0438547902050166,0.34641016151377546,False
stylegan2_ood,facesize_matched,C:\My_Project\AIGC\stylegan2_test\fake\F4ZB49CPAA.jpg,65536,0.3915141580735349,730.1857299804688,,,,,,0.5456866871902099,0.34641016151377546,False
stylegan2_ood,facesize_matched,C:\My_Project\AIGC\stylegan2_test\fake\08NKI2D7QQ.jpg,65536,0.3341563939913783,437.1141662597656,,,,,,1.2347338160874022,0.34641016151377546,False
stylegan2_ood,facesize_matched,C:\My_Project\AIGC\stylegan2_test\fake\F1MB4QAQJ8.jpg,65536,0.3654670157128521,266.62353515625,,,,,,1.0446805846270582,0.34641016151377546,False
stylegan2_ood,facesize_matched,C:\My_Project\AIGC\stylegan2_test\fake\0NUWGD5JNA.jpg,65536,0.2947351923318706,557.0101318359375,,,,,,0.565055009973064,0.34641016151377546,False
stylegan2_ood,facesize_matched,C:\My_Project\AIGC\stylegan2_test\fake\XW2LC4I8ED.jpg,65536,0.3823425434624872,242.146728515625,,,,,,0.9655300224223408,0.34641016151377546,False
stylegan2_ood,facesize_matched,C:\My_Project\AIGC\stylegan2_test\fake\IYDTDJ5XFQ.jpg,65536,0.3457161742861733,328.316650390625,,,,,,0.8259179966086286,0.34641016151377546,False
stylegan2_ood,facesize_matched,C:\My_Project\AIGC\stylegan2_test\fake\AG15F9LFOL.jpg,65536,0.4329175694971577,457.2185363769531,,,,,,0.598644539046403,0.34641016151377546,False
stylegan2_ood,facesize_matched,C:\My_Project\AIGC\stylegan2_test\fake\Z282JCP1SK.jpg,65536,0.329057938611854,481.6206665039063,,,,,,0.780651658970522,0.34641016151377546,False
stylegan2_ood,facesize_matched,C:\My_Project\AIGC\stylegan2_test\fake\OWQU9KWSDE.jpg,65536,0.3596271268445434,786.5538940429688,,,,,,1.3903092768902099,0.34641016151377546,False
stylegan2_ood,facesize_matched,C:\My_Project\AIGC\stylegan2_test\fake\9WK8LPHD3E.jpg,65536,0.3282031006456747,398.5408020019531,,,,,,0.8501971159125564,0.34641016151377546,False
stylegan2_ood,facesize_matched,C:\My_Project\AIGC\stylegan2_test\fake\WUT5EY2JIY.jpg,65536,0.3204780398814457,482.1136474609375,,,,,,0.750509000189952,0.34641016151377546,False
stylegan2_ood,facesize_matched,C:\My_Project\AIGC\stylegan2_test\fake\IC85O7PHBL.jpg,65536,0.3967548380358451,252.85104370117188,,,,,,0.8229044560961695,0.34641016151377546,False
stylegan2_ood,facesize_matched,C:\My_Project\AIGC\stylegan2_test\fake\BHGQ1Z0DTF.jpg,65536,0.3496455691415217,236.40382385253903,,,,,,1.2308206116843377,0.34641016151377546,False
stylegan2_ood,facesize_matched,C:\My_Project\AIGC\stylegan2_test\fake\T813CVV5NU.jpg,65536,0.3149824870611294,362.0030517578125,,,,,,0.6069358073723106,0.34641016151377546,False
stylegan2_ood,facesize_matched,C:\My_Project\AIGC\stylegan2_test\fake\DB6A5M5QA3.jpg,65536,0.3574608411281761,697.8291625976562,,,,,,0.44969876108201046,0.34641016151377546,False
stylegan2_ood,facesize_matched,C:\My_Project\AIGC\stylegan2_test\fake\G4JR7EAO9V.jpg,65536,0.3906700942526515,511.1435852050781,,,,,,0.7591874672174933,0.34641016151377546,False
stylegan2_ood,facesize_matched,C:\My_Project\AIGC\stylegan2_test\fake\X8OHRJVFH7.jpg,65536,0.3661240837199033,406.7095947265625,,,,,,1.0056983523151959,0.34641016151377546,False
stylegan2_ood,facesize_matched,C:\My_Project\AIGC\stylegan2_test\fake\ZGW1WZBEWF.jpg,65536,0.3459176693434317,807.973876953125,C:\My_Project\AIGC\AIGuard\unseen\Real_44.jpg,aiguard_unseen_real,5363856.0,0.3484007895514039,987.0241088867188,0.030586778379271776,0.34641016151377546,True
stylegan2_ood,facesize_matched,C:\My_Project\AIGC\stylegan2_test\fake\JNL9S7I5PB.jpg,65536,0.3375393845675895,673.281494140625,,,,,,1.2454583128270147,0.34641016151377546,False
stylegan2_ood,facesize_matched,C:\My_Project\AIGC\stylegan2_test\fake\R4I7TCE1QT.jpg,65536,0.3667322303803557,378.9813232421875,,,,,,1.1643895111687181,0.34641016151377546,False
stylegan2_ood,facesize_matched,C:\My_Project\AIGC\stylegan2_test\fake\6Q9J0FPV3U.jpg,65536,0.3585178106271978,317.4736022949219,,,,,,1.298774202663513,0.34641016151377546,False
stylegan2_ood,facesize_matched,C:\My_Project\AIGC\stylegan2_test\fake\21LE3J0NRR.jpg,65536,0.3527465415593231,463.7940368652344,,,,,,1.007758883540492,0.34641016151377546,False
stylegan2_ood,facesize_matched,C:\My_Project\AIGC\stylegan2_test\fake\3Q88DA8XO0.jpg,65536,0.3462024098691057,429.2706604003906,,,,,,1.404177077822206,0.34641016151377546,False
stylegan2_ood,facesize_matched,C:\My_Project\AIGC\stylegan2_test\fake\9CHOGUSZA4.jpg,65536,0.3643497474607395,288.0500793457031,C:\My_Project\AIGC\AIGuard\unseen\Real_8.JPG,aiguard_unseen_real,707281.0,0.377665366721485,174.33119201660156,0.2312665827748008,0.34641016151377546,True
stylegan2_ood,facesize_matched,C:\My_Project\AIGC\stylegan2_test\fake\BNW2FQUOCA.jpg,65536,0.4001025530834218,217.6626434326172,C:\My_Project\AIGC\AIGuard\unseen\Real_37.jpg,aiguard_unseen_real,73984.0,0.4229778742738949,390.8439331054688,0.243976102257254,0.34641016151377546,True
stylegan2_ood,facesize_matched,C:\My_Project\AIGC\stylegan2_test\fake\FOOBIXNLCF.jpg,65536,0.3768985800416022,373.5950012207031,,,,,,0.916965184695904,0.34641016151377546,False
stylegan2_ood,facesize_matched,C:\My_Project\AIGC\stylegan2_test\fake\KR1PDLGPT6.jpg,65536,0.369567038636196,509.5392761230469,,,,,,0.48918986532110337,0.34641016151377546,False
stylegan2_ood,facesize_matched,C:\My_Project\AIGC\stylegan2_test\fake\JK7XJBBIRU.jpg,65536,0.3643623126928286,356.6390075683594,,,,,,1.0546518475611424,0.34641016151377546,False
stylegan2_ood,facesize_matched,C:\My_Project\AIGC\stylegan2_test\fake\C7SFGOBPOE.jpg,65536,0.320751030715689,907.4457397460938,,,,,,0.6641835289599696,0.34641016151377546,False
stylegan2_ood,facesize_matched,C:\My_Project\AIGC\stylegan2_test\fake\DXBQIV6WR7.jpg,65536,0.4318453294001663,264.90771484375,C:\My_Project\AIGC\AIGuard\unseen\Real_1.jpg,aiguard_unseen_real,48841.0,0.4585198770442261,626.1259155273438,0.27251582342730063,0.34641016151377546,True
stylegan2_ood,facesize_matched,C:\My_Project\AIGC\stylegan2_test\fake\ENDDH8SOIC.jpg,65536,0.3673152408342893,490.4269409179688,,,,,,1.1282721679459242,0.34641016151377546,False
stylegan2_ood,facesize_matched,C:\My_Project\AIGC\stylegan2_test\fake\BPZ34ZCMOI.jpg,65536,0.3519599916921532,509.3615417480469,,,,,,0.9600019314670633,0.34641016151377546,False
stylegan2_ood,facesize_matched,C:\My_Project\AIGC\stylegan2_test\fake\AGQHHVHVQO.jpg,65536,0.3970167992624088,496.8655090332031,,,,,,0.7836023257854758,0.34641016151377546,False
stylegan2_ood,facesize_matched,C:\My_Project\AIGC\stylegan2_test\fake\0TJJ8VSLE6.jpg,65536,0.3271008068755767,569.7301025390625,,,,,,0.9340413561989582,0.34641016151377546,False
stylegan2_ood,facesize_matched,C:\My_Project\AIGC\stylegan2_test\fake\J803OZCIS8.jpg,65536,0.4343693079961166,548.1018676757812,C:\My_Project\AIGC\AIGuard\unseen\Real_28.jpg,aiguard_unseen_real,5731236.0,0.4662996849196741,681.2940063476562,0.32255877628849294,0.34641016151377546,True
stylegan2_ood,facesize_matched,C:\My_Project\AIGC\stylegan2_test\fake\GD5BHSHZ1W.jpg,65536,0.368878574312886,403.4851989746094,,,,,,1.1492553391971632,0.34641016151377546,False
stylegan2_ood,facesize_matched,C:\My_Project\AIGC\stylegan2_test\fake\RZAQBOINCZ.jpg,65536,0.3912120732371588,454.9384460449219,,,,,,0.3642681717963044,0.34641016151377546,False
stylegan2_ood,facesize_matched,C:\My_Project\AIGC\stylegan2_test\fake\N6L4I52XCG.jpg,65536,0.3214749353424381,751.9048461914062,,,,,,1.1657754516581063,0.34641016151377546,False
stylegan2_ood,facesize_matched,C:\My_Project\AIGC\stylegan2_test\fake\B2JFHURJJL.jpg,65536,0.3847898511606789,656.4627685546875,C:\My_Project\AIGC\AIGuard\unseen\Real_42.jpg,aiguard_unseen_real,1669264.0,0.3911477190106586,759.1005859375,0.0730502784991415,0.34641016151377546,True
stylegan2_ood,facesize_matched,C:\My_Project\AIGC\stylegan2_test\fake\BU5S67SCHL.jpg,65536,0.3412133683189736,377.7996215820313,,,,,,1.191855572950894,0.34641016151377546,False
stylegan2_ood,facesize_matched,C:\My_Project\AIGC\stylegan2_test\fake\BGPMI5IK8M.jpg,65536,0.3715943702515545,658.8528442382812,,,,,,0.8963844417794878,0.34641016151377546,False
stylegan2_ood,facesize_matched,C:\My_Project\AIGC\stylegan2_test\fake\7CJB23SRL2.jpg,65536,0.3075289089157869,335.6023864746094,,,,,,0.4653759072158718,0.34641016151377546,False
stylegan2_ood,facesize_matched,C:\My_Project\AIGC\stylegan2_test\fake\80KZK3ARVK.jpg,65536,0.3517671821486487,479.4049682617188,,,,,,1.3442308195885684,0.34641016151377546,False
stylegan2_ood,facesize_matched,C:\My_Project\AIGC\stylegan2_test\fake\2VV0I3CU5G.jpg,65536,0.3616888743037358,260.4948425292969,,,,,,1.216911977863413,0.34641016151377546,False
stylegan2_ood,facesize_matched,C:\My_Project\AIGC\stylegan2_test\fake\U3XK8CM0B5.jpg,65536,0.3800822131398903,307.9939880371094,C:\My_Project\AIGC\AIGuard\unseen\Real_67.jpg,aiguard_unseen_real,5396329.0,0.39663989029698,738.7821655273438,0.1809328004250012,0.34641016151377546,True
stylegan2_ood,facesize_matched,C:\My_Project\AIGC\stylegan2_test\fake\YYYOQH6HG8.jpg,65536,0.3372868832135376,469.5354309082031,,,,,,1.2181879509714812,0.34641016151377546,False
stylegan2_ood,facesize_matched,C:\My_Project\AIGC\stylegan2_test\fake\EGAAMEUOW0.jpg,65536,0.3390042729583093,381.2391662597656,,,,,,1.0833404525938946,0.34641016151377546,False
stylegan2_ood,facesize_matched,C:\My_Project\AIGC\stylegan2_test\fake\IAR80VVKIM.jpg,65536,0.2997407271092683,299.9780578613281,,,,,,0.7651066015186019,0.34641016151377546,False
stylegan2_ood,joint_matched,C:\My_Project\AIGC\stylegan2_test\fake\U5EFG056M1.jpg,65536,0.3526606856182671,455.3009033203125,,,,,,1.4605454520850396,0.4,False
stylegan2_ood,joint_matched,C:\My_Project\AIGC\stylegan2_test\fake\4XFOYTTUPB.jpg,65536,0.3718356266210138,552.4851684570312,,,,,,1.3803742138559227,0.4,False
stylegan2_ood,joint_matched,C:\My_Project\AIGC\stylegan2_test\fake\7CBS9F90L7.jpg,65536,0.3627642005260504,402.2077941894531,,,,,,1.4691961146038721,0.4,False
stylegan2_ood,joint_matched,C:\My_Project\AIGC\stylegan2_test\fake\Z73VI0WTVM.jpg,65536,0.3658045122002611,648.8761596679688,,,,,,1.4248046775438281,0.4,False
stylegan2_ood,joint_matched,C:\My_Project\AIGC\stylegan2_test\fake\123FWZN0VE.jpg,65536,0.4113738521031289,445.3239135742188,,,,,,0.7280614392593395,0.4,False
stylegan2_ood,joint_matched,C:\My_Project\AIGC\stylegan2_test\fake\CD1FX6IY80.jpg,65536,0.3000674092383009,660.7344970703125,,,,,,0.7063796924057005,0.4,False
stylegan2_ood,joint_matched,C:\My_Project\AIGC\stylegan2_test\fake\OTNVNGWUCW.jpg,65536,0.369635199696306,241.75999450683597,,,,,,1.344833062509304,0.4,False
stylegan2_ood,joint_matched,C:\My_Project\AIGC\stylegan2_test\fake\14V3XRNJ7Q.jpg,65536,0.3681724002810824,696.0706176757812,,,,,,1.1809089181799477,0.4,False
stylegan2_ood,joint_matched,C:\My_Project\AIGC\stylegan2_test\fake\EEMVMRAM90.jpg,65536,0.3615060622932122,539.0711059570312,,,,,,1.5030741682376791,0.4,False
stylegan2_ood,joint_matched,C:\My_Project\AIGC\stylegan2_test\fake\DV7Z4Z4AJR.jpg,65536,0.3807211745921033,416.2032470703125,,,,,,1.4828383093959454,0.4,False
stylegan2_ood,joint_matched,C:\My_Project\AIGC\stylegan2_test\fake\43IWZM2P98.jpg,65536,0.3761893983024447,599.9822998046875,,,,,,0.5894302230231122,0.4,False
stylegan2_ood,joint_matched,C:\My_Project\AIGC\stylegan2_test\fake\TPB2O0VS4E.jpg,65536,0.3868764503488857,539.7800903320312,,,,,,1.1066103955474091,0.4,False
stylegan2_ood,joint_matched,C:\My_Project\AIGC\stylegan2_test\fake\F4ZB49CPAA.jpg,65536,0.3915141580735349,730.1857299804688,C:\My_Project\AIGC\AIGuard\unseen\Real_37.jpg,aiguard_unseen_real,73984.0,0.4229778742738949,390.8439331054688,0.3475324505095055,0.4,True
stylegan2_ood,joint_matched,C:\My_Project\AIGC\stylegan2_test\fake\08NKI2D7QQ.jpg,65536,0.3341563939913783,437.1141662597656,,,,,,1.351053985199276,0.4,False
stylegan2_ood,joint_matched,C:\My_Project\AIGC\stylegan2_test\fake\F1MB4QAQJ8.jpg,65536,0.3654670157128521,266.62353515625,,,,,,1.0841695407964118,0.4,False
stylegan2_ood,joint_matched,C:\My_Project\AIGC\stylegan2_test\fake\0NUWGD5JNA.jpg,65536,0.2947351923318706,557.0101318359375,,,,,,0.8653682530445078,0.4,False
stylegan2_ood,joint_matched,C:\My_Project\AIGC\stylegan2_test\fake\XW2LC4I8ED.jpg,65536,0.3823425434624872,242.146728515625,,,,,,1.0198534164035662,0.4,False
stylegan2_ood,joint_matched,C:\My_Project\AIGC\stylegan2_test\fake\IYDTDJ5XFQ.jpg,65536,0.3457161742861733,328.316650390625,,,,,,1.3149718287979275,0.4,False
stylegan2_ood,joint_matched,C:\My_Project\AIGC\stylegan2_test\fake\AG15F9LFOL.jpg,65536,0.4329175694971577,457.2185363769531,,,,,,0.7320954518510988,0.4,False
stylegan2_ood,joint_matched,C:\My_Project\AIGC\stylegan2_test\fake\Z282JCP1SK.jpg,65536,0.329057938611854,481.6206665039063,,,,,,1.1212652402103656,0.4,False
stylegan2_ood,joint_matched,C:\My_Project\AIGC\stylegan2_test\fake\OWQU9KWSDE.jpg,65536,0.3596271268445434,786.5538940429688,,,,,,1.4259719756168856,0.4,False
stylegan2_ood,joint_matched,C:\My_Project\AIGC\stylegan2_test\fake\9WK8LPHD3E.jpg,65536,0.3282031006456747,398.5408020019531,,,,,,1.2152674583683059,0.4,False
stylegan2_ood,joint_matched,C:\My_Project\AIGC\stylegan2_test\fake\WUT5EY2JIY.jpg,65536,0.3204780398814457,482.1136474609375,,,,,,1.2574626076662159,0.4,False
stylegan2_ood,joint_matched,C:\My_Project\AIGC\stylegan2_test\fake\IC85O7PHBL.jpg,65536,0.3967548380358451,252.85104370117188,,,,,,0.6838015591338134,0.4,False
stylegan2_ood,joint_matched,C:\My_Project\AIGC\stylegan2_test\fake\BHGQ1Z0DTF.jpg,65536,0.3496455691415217,236.40382385253903,,,,,,1.5150201816481825,0.4,False
stylegan2_ood,joint_matched,C:\My_Project\AIGC\stylegan2_test\fake\T813CVV5NU.jpg,65536,0.3149824870611294,362.0030517578125,,,,,,1.0948458945645758,0.4,False
stylegan2_ood,joint_matched,C:\My_Project\AIGC\stylegan2_test\fake\DB6A5M5QA3.jpg,65536,0.3574608411281761,697.8291625976562,,,,,,1.5126639693766923,0.4,False
stylegan2_ood,joint_matched,C:\My_Project\AIGC\stylegan2_test\fake\G4JR7EAO9V.jpg,65536,0.3906700942526515,511.1435852050781,,,,,,0.7970339817022313,0.4,False
stylegan2_ood,joint_matched,C:\My_Project\AIGC\stylegan2_test\fake\X8OHRJVFH7.jpg,65536,0.3661240837199033,406.7095947265625,,,,,,1.3659366786886176,0.4,False
stylegan2_ood,joint_matched,C:\My_Project\AIGC\stylegan2_test\fake\ZGW1WZBEWF.jpg,65536,0.3459176693434317,807.973876953125,,,,,,1.4969868146139753,0.4,False
stylegan2_ood,joint_matched,C:\My_Project\AIGC\stylegan2_test\fake\JNL9S7I5PB.jpg,65536,0.3375393845675895,673.281494140625,,,,,,1.439158282286857,0.4,False
stylegan2_ood,joint_matched,C:\My_Project\AIGC\stylegan2_test\fake\R4I7TCE1QT.jpg,65536,0.3667322303803557,378.9813232421875,,,,,,1.271384274329578,0.4,False
stylegan2_ood,joint_matched,C:\My_Project\AIGC\stylegan2_test\fake\6Q9J0FPV3U.jpg,65536,0.3585178106271978,317.4736022949219,,,,,,1.4963926393047005,0.4,False
stylegan2_ood,joint_matched,C:\My_Project\AIGC\stylegan2_test\fake\21LE3J0NRR.jpg,65536,0.3527465415593231,463.7940368652344,,,,,,1.0802704111979837,0.4,False
stylegan2_ood,joint_matched,C:\My_Project\AIGC\stylegan2_test\fake\3Q88DA8XO0.jpg,65536,0.3462024098691057,429.2706604003906,,,,,,1.1157425828476708,0.4,False
stylegan2_ood,joint_matched,C:\My_Project\AIGC\stylegan2_test\fake\9CHOGUSZA4.jpg,65536,0.3643497474607395,288.0500793457031,,,,,,1.393433279477371,0.4,False
stylegan2_ood,joint_matched,C:\My_Project\AIGC\stylegan2_test\fake\BNW2FQUOCA.jpg,65536,0.4001025530834218,217.6626434326172,,,,,,1.2174365579319224,0.4,False
stylegan2_ood,joint_matched,C:\My_Project\AIGC\stylegan2_test\fake\FOOBIXNLCF.jpg,65536,0.3768985800416022,373.5950012207031,,,,,,1.5999319581195452,0.4,False
stylegan2_ood,joint_matched,C:\My_Project\AIGC\stylegan2_test\fake\KR1PDLGPT6.jpg,65536,0.369567038636196,509.5392761230469,,,,,,1.6062676324526395,0.4,False
stylegan2_ood,joint_matched,C:\My_Project\AIGC\stylegan2_test\fake\JK7XJBBIRU.jpg,65536,0.3643623126928286,356.6390075683594,,,,,,1.2427121209489402,0.4,False
stylegan2_ood,joint_matched,C:\My_Project\AIGC\stylegan2_test\fake\C7SFGOBPOE.jpg,65536,0.320751030715689,907.4457397460938,,,,,,1.2287804591786944,0.4,False
stylegan2_ood,joint_matched,C:\My_Project\AIGC\stylegan2_test\fake\DXBQIV6WR7.jpg,65536,0.4318453294001663,264.90771484375,,,,,,0.5134153260881901,0.4,False
stylegan2_ood,joint_matched,C:\My_Project\AIGC\stylegan2_test\fake\ENDDH8SOIC.jpg,65536,0.3673152408342893,490.4269409179688,,,,,,1.4409332288472256,0.4,False
stylegan2_ood,joint_matched,C:\My_Project\AIGC\stylegan2_test\fake\BPZ34ZCMOI.jpg,65536,0.3519599916921532,509.3615417480469,,,,,,1.413513703737487,0.4,False
stylegan2_ood,joint_matched,C:\My_Project\AIGC\stylegan2_test\fake\AGQHHVHVQO.jpg,65536,0.3970167992624088,496.8655090332031,,,,,,0.8275524699445426,0.4,False
stylegan2_ood,joint_matched,C:\My_Project\AIGC\stylegan2_test\fake\0TJJ8VSLE6.jpg,65536,0.3271008068755767,569.7301025390625,,,,,,1.2864664666233703,0.4,False
stylegan2_ood,joint_matched,C:\My_Project\AIGC\stylegan2_test\fake\J803OZCIS8.jpg,65536,0.4343693079961166,548.1018676757812,,,,,,0.4386964654913336,0.4,False
stylegan2_ood,joint_matched,C:\My_Project\AIGC\stylegan2_test\fake\GD5BHSHZ1W.jpg,65536,0.368878574312886,403.4851989746094,,,,,,1.7796949024335447,0.4,False
stylegan2_ood,joint_matched,C:\My_Project\AIGC\stylegan2_test\fake\RZAQBOINCZ.jpg,65536,0.3912120732371588,454.9384460449219,,,,,,1.1599227813993869,0.4,False
stylegan2_ood,joint_matched,C:\My_Project\AIGC\stylegan2_test\fake\N6L4I52XCG.jpg,65536,0.3214749353424381,751.9048461914062,,,,,,1.3104927588753537,0.4,False
stylegan2_ood,joint_matched,C:\My_Project\AIGC\stylegan2_test\fake\B2JFHURJJL.jpg,65536,0.3847898511606789,656.4627685546875,,,,,,1.1045116740065533,0.4,False
stylegan2_ood,joint_matched,C:\My_Project\AIGC\stylegan2_test\fake\BU5S67SCHL.jpg,65536,0.3412133683189736,377.7996215820313,,,,,,1.3206559729198262,0.4,False
stylegan2_ood,joint_matched,C:\My_Project\AIGC\stylegan2_test\fake\BGPMI5IK8M.jpg,65536,0.3715943702515545,658.8528442382812,,,,,,1.7393987504745296,0.4,False
stylegan2_ood,joint_matched,C:\My_Project\AIGC\stylegan2_test\fake\7CJB23SRL2.jpg,65536,0.3075289089157869,335.6023864746094,,,,,,0.9680749800933798,0.4,False
stylegan2_ood,joint_matched,C:\My_Project\AIGC\stylegan2_test\fake\80KZK3ARVK.jpg,65536,0.3517671821486487,479.4049682617188,,,,,,1.530916865969453,0.4,False
stylegan2_ood,joint_matched,C:\My_Project\AIGC\stylegan2_test\fake\2VV0I3CU5G.jpg,65536,0.3616888743037358,260.4948425292969,,,,,,1.4748776470299725,0.4,False
stylegan2_ood,joint_matched,C:\My_Project\AIGC\stylegan2_test\fake\U3XK8CM0B5.jpg,65536,0.3800822131398903,307.9939880371094,,,,,,1.609124245945101,0.4,False
stylegan2_ood,joint_matched,C:\My_Project\AIGC\stylegan2_test\fake\YYYOQH6HG8.jpg,65536,0.3372868832135376,469.5354309082031,,,,,,1.3269773401822003,0.4,False
stylegan2_ood,joint_matched,C:\My_Project\AIGC\stylegan2_test\fake\EGAAMEUOW0.jpg,65536,0.3390042729583093,381.2391662597656,,,,,,1.317046571968186,0.4,False
stylegan2_ood,joint_matched,C:\My_Project\AIGC\stylegan2_test\fake\IAR80VVKIM.jpg,65536,0.2997407271092683,299.9780578613281,,,,,,0.985087935213515,0.4,False
df40_dit,resolution_matched,C:\My_Project\AIGC\DiT\cdf\Fake_from_Celeb-real\id53_0000\26587.png,65536,0.3107438203274258,80.09520721435547,C:\My_Project\AIGC\AIGuard\unseen\Real_79.jpg,aiguard_unseen_real,65536.0,0.6193729553134679,544.6491088867188,0.0,0.2,True
df40_dit,resolution_matched,C:\My_Project\AIGC\DiT\cdf\Fake_from_Celeb-real\id16_0012\17946.png,65536,0.3582324481862162,212.478271484375,C:\My_Project\AIGC\lfw\Isidro_Pastor\Isidro_Pastor_0001.jpg,lfw,62500.0,0.1656100526970755,788.04931640625,0.03426065378367654,0.2,True
df40_dit,resolution_matched,C:\My_Project\AIGC\DiT\cdf\Fake_from_Celeb-real\id60_0002\21572.png,65536,0.3144803974637775,131.45713806152344,C:\My_Project\AIGC\lfw\Suzanne_Torrance\Suzanne_Torrance_0001.jpg,lfw,62500.0,0.1417085348952803,1264.533447265625,0.03426065378367654,0.2,True
df40_dit,resolution_matched,C:\My_Project\AIGC\DiT\cdf\Fake_from_Youtube-real\00014\6566.png,65536,0.3237070841645066,136.48208618164062,C:\My_Project\AIGC\lfw\Michael_Doleac\Michael_Doleac_0001.jpg,lfw,62500.0,0.159969072523546,890.4072265625,0.03426065378367654,0.2,True
df40_dit,resolution_matched,C:\My_Project\AIGC\DiT\cdf\Fake_from_Celeb-real\id31_0007\22629.png,65536,0.3032790739396251,90.8931655883789,C:\My_Project\AIGC\lfw\Fernando_Velardez\Fernando_Velardez_0001.jpg,lfw,62500.0,0.1569704352931049,951.718017578125,0.03426065378367654,0.2,True
df40_dit,resolution_matched,C:\My_Project\AIGC\DiT\cdf\Fake_from_Celeb-real\id23_0007\11307.png,65536,0.3380164657873102,330.9805603027344,C:\My_Project\AIGC\lfw\Todd_Haynes\Todd_Haynes_0003.jpg,lfw,62500.0,0.1788529063485987,716.2388305664062,0.03426065378367654,0.2,True
df40_dit,resolution_matched,C:\My_Project\AIGC\DiT\ff\220\18228.png,65536,0.3346255505523978,820.5338134765625,C:\My_Project\AIGC\lfw\Mack_Brown\Mack_Brown_0002.jpg,lfw,62500.0,0.1981202834012204,1292.4700927734375,0.03426065378367654,0.2,True
df40_dit,resolution_matched,C:\My_Project\AIGC\DiT\cdf\Fake_from_Celeb-real\id59_0008\9333.png,65536,0.3323654586876313,118.63446044921876,C:\My_Project\AIGC\lfw\Eric_Lloyd\Eric_Lloyd_0001.jpg,lfw,62500.0,0.1864346103546277,920.3864135742188,0.03426065378367654,0.2,True
df40_dit,resolution_matched,C:\My_Project\AIGC\DiT\cdf\Fake_from_Youtube-real\00289\27470.png,65536,0.3321914819419975,119.83858489990234,C:\My_Project\AIGC\lfw\Franco_Frattini\Franco_Frattini_0001.jpg,lfw,62500.0,0.167735687397713,590.1715087890625,0.03426065378367654,0.2,True
df40_dit,resolution_matched,C:\My_Project\AIGC\DiT\cdf\Fake_from_Celeb-real\id29_0006\20335.png,65536,0.3322417304484031,160.4130096435547,C:\My_Project\AIGC\lfw\Laura_Schlessinger\Laura_Schlessinger_0001.jpg,lfw,62500.0,0.1915570528637176,639.376708984375,0.03426065378367654,0.2,True
df40_dit,resolution_matched,C:\My_Project\AIGC\DiT\cdf\Fake_from_Celeb-real\id26_0007\11812.png,65536,0.3352437977319099,245.497802734375,C:\My_Project\AIGC\lfw\Cori_Enghusen\Cori_Enghusen_0001.jpg,lfw,62500.0,0.1152937216610604,826.0831298828125,0.03426065378367654,0.2,True
df40_dit,resolution_matched,C:\My_Project\AIGC\DiT\cdf\Fake_from_Celeb-real\id35_0009\23504.png,65536,0.305740910092884,664.8048095703125,C:\My_Project\AIGC\lfw\Wayne_Gretzky\Wayne_Gretzky_0004.jpg,lfw,62500.0,0.1776690283564451,1393.90673828125,0.03426065378367654,0.2,True
df40_dit,resolution_matched,C:\My_Project\AIGC\DiT\ff\220\5253.png,65536,0.3636421511726982,258.3764343261719,C:\My_Project\AIGC\lfw\Platon_Lebedev\Platon_Lebedev_0001.jpg,lfw,62500.0,0.1650399856504294,589.5450439453125,0.03426065378367654,0.2,True
df40_dit,resolution_matched,C:\My_Project\AIGC\DiT\ff\695\8806.png,65536,0.2927319808138435,209.2110290527344,C:\My_Project\AIGC\lfw\Paul_Bremer\Paul_Bremer_0011.jpg,lfw,62500.0,0.1796484887882445,942.8582763671876,0.03426065378367654,0.2,True
df40_dit,resolution_matched,C:\My_Project\AIGC\DiT\cdf\Fake_from_Celeb-real\id33_0008\24852.png,65536,0.3243421363048796,96.04944610595705,C:\My_Project\AIGC\lfw\Tommy_Shane_Steiner\Tommy_Shane_Steiner_0001.jpg,lfw,62500.0,0.1915035481561573,283.3729858398437,0.03426065378367654,0.2,True
df40_dit,resolution_matched,C:\My_Project\AIGC\DiT\cdf\Fake_from_Celeb-real\id11_0006\24016.png,65536,0.3381922609140168,51.1395378112793,C:\My_Project\AIGC\lfw\Janela_Jara\Janela_Jara_0001.jpg,lfw,62500.0,0.1635179814384254,329.9053955078125,0.03426065378367654,0.2,True
df40_dit,resolution_matched,C:\My_Project\AIGC\DiT\cdf\Fake_from_Youtube-real\00023\12195.png,65536,0.3293802663879049,137.10232543945312,C:\My_Project\AIGC\lfw\Constance_Marie\Constance_Marie_0002.jpg,lfw,62500.0,0.1783647291454214,976.9891967773438,0.03426065378367654,0.2,True
df40_dit,resolution_matched,C:\My_Project\AIGC\DiT\cdf\Fake_from_Celeb-real\id55_0007\3851.png,65536,0.3441286663600656,242.77967834472656,C:\My_Project\AIGC\lfw\Ray_Sherman\Ray_Sherman_0001.jpg,lfw,62500.0,0.1822232821117715,869.4234008789062,0.03426065378367654,0.2,True
df40_dit,resolution_matched,C:\My_Project\AIGC\DiT\cdf\Fake_from_Celeb-real\id16_0006\18374.png,65536,0.3458068060389507,345.24517822265625,C:\My_Project\AIGC\lfw\Jeremy_Shockey\Jeremy_Shockey_0002.jpg,lfw,62500.0,0.1710944471176436,1251.734130859375,0.03426065378367654,0.2,True
df40_dit,resolution_matched,C:\My_Project\AIGC\DiT\cdf\Fake_from_Youtube-real\00070\22616.png,65536,0.3556477487200735,64.94190216064453,C:\My_Project\AIGC\lfw\Mufti_Mohammad_Syed\Mufti_Mohammad_Syed_0001.jpg,lfw,62500.0,0.1943458362513065,973.0131225585938,0.03426065378367654,0.2,True
df40_dit,resolution_matched,C:\My_Project\AIGC\DiT\ff\423\297.png,65536,0.3336822827760398,147.66741943359375,C:\My_Project\AIGC\lfw\Jason_Clermont\Jason_Clermont_0001.jpg,lfw,62500.0,0.1853269124883493,884.5951538085938,0.03426065378367654,0.2,True
df40_dit,resolution_matched,C:\My_Project\AIGC\DiT\cdf\Fake_from_Youtube-real\00151\16112.png,65536,0.3421263163000366,49.872215270996094,C:\My_Project\AIGC\lfw\Brandon_Jones\Brandon_Jones_0001.jpg,lfw,62500.0,0.2060673379258933,1205.8984375,0.03426065378367654,0.2,True
df40_dit,resolution_matched,C:\My_Project\AIGC\DiT\cdf\Fake_from_Youtube-real\00274\18511.png,65536,0.2104788885196218,194.6158905029297,C:\My_Project\AIGC\lfw\Toutai_Kefu\Toutai_Kefu_0001.jpg,lfw,62500.0,0.1537180007785629,936.8301391601562,0.03426065378367654,0.2,True
df40_dit,resolution_matched,C:\My_Project\AIGC\DiT\cdf\Fake_from_Youtube-real\00220\7427.png,65536,0.3388888545700923,197.294189453125,C:\My_Project\AIGC\lfw\Jennifer_Renee_Short\Jennifer_Renee_Short_0001.jpg,lfw,62500.0,0.1718587210739408,247.1945953369141,0.03426065378367654,0.2,True
df40_dit,resolution_matched,C:\My_Project\AIGC\DiT\cdf\Fake_from_Youtube-real\00101\17088.png,65536,0.312689278511688,146.4683074951172,C:\My_Project\AIGC\lfw\Atom_Egoyan\Atom_Egoyan_0001.jpg,lfw,62500.0,0.1569996388570871,977.7578735351562,0.03426065378367654,0.2,True
df40_dit,resolution_matched,C:\My_Project\AIGC\DiT\cdf\Fake_from_Celeb-real\id13_0015\13664.png,65536,0.3022123272350946,68.44974517822266,C:\My_Project\AIGC\lfw\Glen_DaSilva\Glen_DaSilva_0001.jpg,lfw,62500.0,0.1489750681023939,613.6240234375,0.03426065378367654,0.2,True
df40_dit,resolution_matched,C:\My_Project\AIGC\DiT\cdf\Fake_from_Youtube-real\00220\19406.png,65536,0.3471491825812336,290.0689392089844,C:\My_Project\AIGC\lfw\Nastia_Liukin\Nastia_Liukin_0001.jpg,lfw,62500.0,0.1642591433864038,970.908935546875,0.03426065378367654,0.2,True
df40_dit,resolution_matched,C:\My_Project\AIGC\DiT\cdf\Fake_from_Youtube-real\00231\20788.png,65536,0.3532748112797217,482.3463439941406,C:\My_Project\AIGC\lfw\Igor_Ivanov\Igor_Ivanov_0001.jpg,lfw,62500.0,0.1818911044904638,561.5258178710938,0.03426065378367654,0.2,True
df40_dit,resolution_matched,C:\My_Project\AIGC\DiT\cdf\Fake_from_Celeb-real\id45_0009\24057.png,65536,0.3417887009671185,101.47225189208984,C:\My_Project\AIGC\lfw\Joan_Laporta\Joan_Laporta_0004.jpg,lfw,62500.0,0.1647721615910893,715.208740234375,0.03426065378367654,0.2,True
df40_dit,resolution_matched,C:\My_Project\AIGC\DiT\cdf\Fake_from_Celeb-real\id57_0000\8083.png,65536,0.3306431233016414,128.31094360351562,C:\My_Project\AIGC\lfw\Mike_Krzyzewski\Mike_Krzyzewski_0006.jpg,lfw,62500.0,0.1329371675292907,832.0701293945312,0.03426065378367654,0.2,True
df40_dit,resolution_matched,C:\My_Project\AIGC\DiT\cdf\Fake_from_Youtube-real\00274\19823.png,65536,0.3661726042475066,131.45196533203125,C:\My_Project\AIGC\lfw\Fred_Eckhard\Fred_Eckhard_0001.jpg,lfw,62500.0,0.1443231677349892,578.062255859375,0.03426065378367654,0.2,True
df40_dit,resolution_matched,C:\My_Project\AIGC\DiT\cdf\Fake_from_Celeb-real\id45_0000\10677.png,65536,0.3563483893707463,401.6720275878906,C:\My_Project\AIGC\lfw\Kathy_Gannon\Kathy_Gannon_0001.jpg,lfw,62500.0,0.1979088457195182,356.2877197265625,0.03426065378367654,0.2,True
df40_dit,resolution_matched,C:\My_Project\AIGC\DiT\cdf\Fake_from_Celeb-real\id7_0007\2351.png,65536,0.3362350501792501,63.12865829467773,C:\My_Project\AIGC\lfw\Craig_Wilson\Craig_Wilson_0001.jpg,lfw,62500.0,0.1847730123341727,1262.4361572265625,0.03426065378367654,0.2,True
df40_dit,resolution_matched,C:\My_Project\AIGC\DiT\cdf\Fake_from_Celeb-real\id52_0001\9750.png,65536,0.359509846410436,63.53661346435547,C:\My_Project\AIGC\lfw\Judy_Locy\Judy_Locy_0001.jpg,lfw,62500.0,0.153128888265609,934.07373046875,0.03426065378367654,0.2,True
df40_dit,resolution_matched,C:\My_Project\AIGC\DiT\cdf\Fake_from_Celeb-real\id10_0009\11187.png,65536,0.3306108573786666,97.46941375732422,C:\My_Project\AIGC\lfw\Hideki_Sato\Hideki_Sato_0001.jpg,lfw,62500.0,0.1941692715685156,994.4304809570312,0.03426065378367654,0.2,True
df40_dit,resolution_matched,C:\My_Project\AIGC\DiT\cdf\Fake_from_Youtube-real\00143\15293.png,65536,0.3333815917733573,231.9813232421875,C:\My_Project\AIGC\lfw\Andy_Dick\Andy_Dick_0001.jpg,lfw,62500.0,0.1872863558635925,490.3749084472656,0.03426065378367654,0.2,True
df40_dit,resolution_matched,C:\My_Project\AIGC\DiT\cdf\Fake_from_Celeb-real\id52_0005\11990.png,65536,0.3212659111901281,119.85922241210938,C:\My_Project\AIGC\lfw\Manfred_Reyes_Villa\Manfred_Reyes_Villa_0001.jpg,lfw,62500.0,0.1533757716971028,979.2052612304688,0.03426065378367654,0.2,True
df40_dit,resolution_matched,C:\My_Project\AIGC\DiT\ff\682\7562.png,65536,0.3465490432772158,236.44427490234372,C:\My_Project\AIGC\lfw\Kwon_Yang-sook\Kwon_Yang-sook_0001.jpg,lfw,62500.0,0.1591916576262519,314.2854309082031,0.03426065378367654,0.2,True
df40_dit,resolution_matched,C:\My_Project\AIGC\DiT\cdf\Fake_from_Celeb-real\id17_0001\15227.png,65536,0.319759170801006,1499.7723388671875,C:\My_Project\AIGC\lfw\Jim_Greenwood\Jim_Greenwood_0001.jpg,lfw,62500.0,0.218051513566138,600.7500610351562,0.03426065378367654,0.2,True
df40_dit,resolution_matched,C:\My_Project\AIGC\DiT\ff\154\7237.png,65536,0.300508387130565,398.0311584472656,C:\My_Project\AIGC\lfw\Jaymon_Crabb\Jaymon_Crabb_0001.jpg,lfw,62500.0,0.1513900392772029,729.30859375,0.03426065378367654,0.2,True
df40_dit,resolution_matched,C:\My_Project\AIGC\DiT\cdf\Fake_from_Celeb-real\id44_0002\997.png,65536,0.3285851112600725,99.78956604003906,C:\My_Project\AIGC\lfw\Mark_Kelly\Mark_Kelly_0001.jpg,lfw,62500.0,0.2233361335585534,299.5162048339844,0.03426065378367654,0.2,True
df40_dit,resolution_matched,C:\My_Project\AIGC\DiT\cdf\Fake_from_Celeb-real\id24_0002\22211.png,65536,0.3219753348638459,156.4136505126953,C:\My_Project\AIGC\lfw\Glenn_Plummer\Glenn_Plummer_0001.jpg,lfw,62500.0,0.1803661955050487,407.8361206054688,0.03426065378367654,0.2,True
df40_dit,resolution_matched,C:\My_Project\AIGC\DiT\ff\429\1633.png,65536,0.3234052172132768,234.1411590576172,C:\My_Project\AIGC\lfw\Robin_Williams\Robin_Williams_0001.jpg,lfw,62500.0,0.1647262518010419,1698.8560791015625,0.03426065378367654,0.2,True
df40_dit,resolution_matched,C:\My_Project\AIGC\DiT\cdf\Fake_from_Celeb-real\id7_0008\13967.png,65536,0.3191448081548905,296.718994140625,C:\My_Project\AIGC\lfw\Spencer_Abraham\Spencer_Abraham_0010.jpg,lfw,62500.0,0.1631360997275852,562.5260009765625,0.03426065378367654,0.2,True
df40_dit,facesize_matched,C:\My_Project\AIGC\DiT\cdf\Fake_from_Celeb-real\id53_0000\26587.png,65536,0.3107438203274258,80.09520721435547,,,,,,0.5267140235469909,0.34641016151377546,False
df40_dit,facesize_matched,C:\My_Project\AIGC\DiT\cdf\Fake_from_Celeb-real\id16_0012\17946.png,65536,0.3582324481862162,212.478271484375,,,,,,0.902214111071299,0.34641016151377546,False
df40_dit,facesize_matched,C:\My_Project\AIGC\DiT\cdf\Fake_from_Celeb-real\id60_0002\21572.png,65536,0.3144803974637775,131.45713806152344,,,,,,0.6023517448960719,0.34641016151377546,False
df40_dit,facesize_matched,C:\My_Project\AIGC\DiT\cdf\Fake_from_Youtube-real\00014\6566.png,65536,0.3237070841645066,136.48208618164062,,,,,,1.0166889360061315,0.34641016151377546,False
df40_dit,facesize_matched,C:\My_Project\AIGC\DiT\cdf\Fake_from_Celeb-real\id31_0007\22629.png,65536,0.3032790739396251,90.8931655883789,,,,,,0.8415859031036367,0.34641016151377546,False
df40_dit,facesize_matched,C:\My_Project\AIGC\DiT\cdf\Fake_from_Celeb-real\id23_0007\11307.png,65536,0.3380164657873102,330.9805603027344,,,,,,0.6604403332040981,0.34641016151377546,False
df40_dit,facesize_matched,C:\My_Project\AIGC\DiT\ff\220\18228.png,65536,0.3346255505523978,820.5338134765625,,,,,,0.7081662388482357,0.34641016151377546,False
df40_dit,facesize_matched,C:\My_Project\AIGC\DiT\cdf\Fake_from_Celeb-real\id59_0008\9333.png,65536,0.3323654586876313,118.63446044921876,,,,,,1.315069162866758,0.34641016151377546,False
df40_dit,facesize_matched,C:\My_Project\AIGC\DiT\cdf\Fake_from_Youtube-real\00289\27470.png,65536,0.3321914819419975,119.83858489990234,,,,,,0.754513892035032,0.34641016151377546,False
df40_dit,facesize_matched,C:\My_Project\AIGC\DiT\cdf\Fake_from_Celeb-real\id29_0006\20335.png,65536,0.3322417304484031,160.4130096435547,,,,,,1.2216737837243614,0.34641016151377546,False
df40_dit,facesize_matched,C:\My_Project\AIGC\DiT\cdf\Fake_from_Celeb-real\id26_0007\11812.png,65536,0.3352437977319099,245.497802734375,,,,,,1.215053231409625,0.34641016151377546,False
df40_dit,facesize_matched,C:\My_Project\AIGC\DiT\cdf\Fake_from_Celeb-real\id35_0009\23504.png,65536,0.305740910092884,664.8048095703125,,,,,,0.9996025447127582,0.34641016151377546,False
df40_dit,facesize_matched,C:\My_Project\AIGC\DiT\ff\220\5253.png,65536,0.3636421511726982,258.3764343261719,,,,,,0.6747006015796567,0.34641016151377546,False
df40_dit,facesize_matched,C:\My_Project\AIGC\DiT\ff\695\8806.png,65536,0.2927319808138435,209.2110290527344,C:\My_Project\AIGC\celeba_test\188659.jpg,celeba_test,38804.0,0.2695578258931396,456.02337646484375,0.3462432212526176,0.34641016151377546,True
df40_dit,facesize_matched,C:\My_Project\AIGC\DiT\cdf\Fake_from_Celeb-real\id33_0008\24852.png,65536,0.3243421363048796,96.04944610595705,,,,,,1.0055277032073864,0.34641016151377546,False
df40_dit,facesize_matched,C:\My_Project\AIGC\DiT\cdf\Fake_from_Celeb-real\id11_0006\24016.png,65536,0.3381922609140168,51.1395378112793,,,,,,0.9121380408930899,0.34641016151377546,False
df40_dit,facesize_matched,C:\My_Project\AIGC\DiT\cdf\Fake_from_Youtube-real\00023\12195.png,65536,0.3293802663879049,137.10232543945312,,,,,,1.2292580000028828,0.34641016151377546,False
df40_dit,facesize_matched,C:\My_Project\AIGC\DiT\cdf\Fake_from_Celeb-real\id55_0007\3851.png,65536,0.3441286663600656,242.77967834472656,,,,,,0.530269497901533,0.34641016151377546,False
df40_dit,facesize_matched,C:\My_Project\AIGC\DiT\cdf\Fake_from_Celeb-real\id16_0006\18374.png,65536,0.3458068060389507,345.24517822265625,,,,,,0.9213353697085981,0.34641016151377546,False
df40_dit,facesize_matched,C:\My_Project\AIGC\DiT\cdf\Fake_from_Youtube-real\00070\22616.png,65536,0.3556477487200735,64.94190216064453,,,,,,0.6285847632931149,0.34641016151377546,False
df40_dit,facesize_matched,C:\My_Project\AIGC\DiT\ff\423\297.png,65536,0.3336822827760398,147.66741943359375,,,,,,0.9430054958707205,0.34641016151377546,False
df40_dit,facesize_matched,C:\My_Project\AIGC\DiT\cdf\Fake_from_Youtube-real\00151\16112.png,65536,0.3421263163000366,49.872215270996094,,,,,,0.7705583886565076,0.34641016151377546,False
df40_dit,facesize_matched,C:\My_Project\AIGC\DiT\cdf\Fake_from_Youtube-real\00274\18511.png,65536,0.2104788885196218,194.6158905029297,C:\My_Project\AIGC\lfw\Dorothy_Wilson\Dorothy_Wilson_0001.jpg,lfw,62500.0,0.211860855219064,492.192626953125,0.061503058823422004,0.34641016151377546,True
df40_dit,facesize_matched,C:\My_Project\AIGC\DiT\cdf\Fake_from_Youtube-real\00220\7427.png,65536,0.3388888545700923,197.294189453125,,,,,,0.6636407286257551,0.34641016151377546,False
df40_dit,facesize_matched,C:\My_Project\AIGC\DiT\cdf\Fake_from_Youtube-real\00101\17088.png,65536,0.312689278511688,146.4683074951172,,,,,,0.9625800294048569,0.34641016151377546,False
df40_dit,facesize_matched,C:\My_Project\AIGC\DiT\cdf\Fake_from_Celeb-real\id13_0015\13664.png,65536,0.3022123272350946,68.44974517822266,,,,,,0.7719814484665392,0.34641016151377546,False
df40_dit,facesize_matched,C:\My_Project\AIGC\DiT\cdf\Fake_from_Youtube-real\00220\19406.png,65536,0.3471491825812336,290.0689392089844,C:\My_Project\AIGC\AIGuard\unseen\Real_44.jpg,aiguard_unseen_real,5363856.0,0.3484007895514039,987.0241088867188,0.014469583088062123,0.34641016151377546,True
df40_dit,facesize_matched,C:\My_Project\AIGC\DiT\cdf\Fake_from_Youtube-real\00231\20788.png,65536,0.3532748112797217,482.3463439941406,,,,,,0.9798659469829174,0.34641016151377546,False
df40_dit,facesize_matched,C:\My_Project\AIGC\DiT\cdf\Fake_from_Celeb-real\id45_0009\24057.png,65536,0.3417887009671185,101.47225189208984,,,,,,1.2266236750743242,0.34641016151377546,False
df40_dit,facesize_matched,C:\My_Project\AIGC\DiT\cdf\Fake_from_Celeb-real\id57_0000\8083.png,65536,0.3306431233016414,128.31094360351562,,,,,,1.1996854849363368,0.34641016151377546,False
df40_dit,facesize_matched,C:\My_Project\AIGC\DiT\cdf\Fake_from_Youtube-real\00274\19823.png,65536,0.3661726042475066,131.45196533203125,,,,,,0.6185331472990756,0.34641016151377546,False
df40_dit,facesize_matched,C:\My_Project\AIGC\DiT\cdf\Fake_from_Celeb-real\id45_0000\10677.png,65536,0.3563483893707463,401.6720275878906,,,,,,0.9358981579992133,0.34641016151377546,False
df40_dit,facesize_matched,C:\My_Project\AIGC\DiT\cdf\Fake_from_Celeb-real\id7_0007\2351.png,65536,0.3362350501792501,63.12865829467773,,,,,,0.9853686870575225,0.34641016151377546,False
df40_dit,facesize_matched,C:\My_Project\AIGC\DiT\cdf\Fake_from_Celeb-real\id52_0001\9750.png,65536,0.359509846410436,63.53661346435547,,,,,,0.4857220929669836,0.34641016151377546,False
df40_dit,facesize_matched,C:\My_Project\AIGC\DiT\cdf\Fake_from_Celeb-real\id10_0009\11187.png,65536,0.3306108573786666,97.46941375732422,,,,,,0.9965946585085362,0.34641016151377546,False
df40_dit,facesize_matched,C:\My_Project\AIGC\DiT\cdf\Fake_from_Youtube-real\00143\15293.png,65536,0.3333815917733573,231.9813232421875,,,,,,0.9089886566578307,0.34641016151377546,False
df40_dit,facesize_matched,C:\My_Project\AIGC\DiT\cdf\Fake_from_Celeb-real\id52_0005\11990.png,65536,0.3212659111901281,119.85922241210938,,,,,,0.8596656240177072,0.34641016151377546,False
df40_dit,facesize_matched,C:\My_Project\AIGC\DiT\ff\682\7562.png,65536,0.3465490432772158,236.44427490234372,,,,,,0.4018461468635766,0.34641016151377546,False
df40_dit,facesize_matched,C:\My_Project\AIGC\DiT\cdf\Fake_from_Celeb-real\id17_0001\15227.png,65536,0.319759170801006,1499.7723388671875,,,,,,0.851307542713372,0.34641016151377546,False
df40_dit,facesize_matched,C:\My_Project\AIGC\DiT\ff\154\7237.png,65536,0.300508387130565,398.0311584472656,,,,,,0.9076868124993244,0.34641016151377546,False
df40_dit,facesize_matched,C:\My_Project\AIGC\DiT\cdf\Fake_from_Celeb-real\id44_0002\997.png,65536,0.3285851112600725,99.78956604003906,,,,,,1.173053862870944,0.34641016151377546,False
df40_dit,facesize_matched,C:\My_Project\AIGC\DiT\cdf\Fake_from_Celeb-real\id24_0002\22211.png,65536,0.3219753348638459,156.4136505126953,,,,,,0.8148704971824816,0.34641016151377546,False
df40_dit,facesize_matched,C:\My_Project\AIGC\DiT\ff\429\1633.png,65536,0.3234052172132768,234.1411590576172,,,,,,1.0044217394761168,0.34641016151377546,False
df40_dit,facesize_matched,C:\My_Project\AIGC\DiT\cdf\Fake_from_Celeb-real\id7_0008\13967.png,65536,0.3191448081548905,296.718994140625,,,,,,1.0156286928597915,0.34641016151377546,False
df40_dit,joint_matched,C:\My_Project\AIGC\DiT\cdf\Fake_from_Celeb-real\id53_0000\26587.png,65536,0.3107438203274258,80.09520721435547,,,,,,1.0435490158784533,0.4,False
df40_dit,joint_matched,C:\My_Project\AIGC\DiT\cdf\Fake_from_Celeb-real\id16_0012\17946.png,65536,0.3582324481862162,212.478271484375,,,,,,1.084220099114375,0.4,False
df40_dit,joint_matched,C:\My_Project\AIGC\DiT\cdf\Fake_from_Celeb-real\id60_0002\21572.png,65536,0.3144803974637775,131.45713806152344,,,,,,1.0844525467133392,0.4,False
df40_dit,joint_matched,C:\My_Project\AIGC\DiT\cdf\Fake_from_Youtube-real\00014\6566.png,65536,0.3237070841645066,136.48208618164062,,,,,,1.17858290608996,0.4,False
df40_dit,joint_matched,C:\My_Project\AIGC\DiT\cdf\Fake_from_Celeb-real\id31_0007\22629.png,65536,0.3032790739396251,90.8931655883789,,,,,,1.009577377649919,0.4,False
df40_dit,joint_matched,C:\My_Project\AIGC\DiT\cdf\Fake_from_Celeb-real\id23_0007\11307.png,65536,0.3380164657873102,330.9805603027344,,,,,,0.9842622364197244,0.4,False
df40_dit,joint_matched,C:\My_Project\AIGC\DiT\ff\220\18228.png,65536,0.3346255505523978,820.5338134765625,,,,,,0.9735729306725417,0.4,False
df40_dit,joint_matched,C:\My_Project\AIGC\DiT\cdf\Fake_from_Celeb-real\id59_0008\9333.png,65536,0.3323654586876313,118.63446044921876,,,,,,1.3732485066623124,0.4,False
df40_dit,joint_matched,C:\My_Project\AIGC\DiT\cdf\Fake_from_Youtube-real\00289\27470.png,65536,0.3321914819419975,119.83858489990234,,,,,,1.1385856705429862,0.4,False
df40_dit,joint_matched,C:\My_Project\AIGC\DiT\cdf\Fake_from_Celeb-real\id29_0006\20335.png,65536,0.3322417304484031,160.4130096435547,,,,,,1.2298989005372503,0.4,False
df40_dit,joint_matched,C:\My_Project\AIGC\DiT\cdf\Fake_from_Celeb-real\id26_0007\11812.png,65536,0.3352437977319099,245.497802734375,,,,,,1.1184754453377277,0.4,False
df40_dit,joint_matched,C:\My_Project\AIGC\DiT\cdf\Fake_from_Celeb-real\id35_0009\23504.png,65536,0.305740910092884,664.8048095703125,,,,,,1.0398306146768252,0.4,False
df40_dit,joint_matched,C:\My_Project\AIGC\DiT\ff\220\5253.png,65536,0.3636421511726982,258.3764343261719,,,,,,1.179193198402831,0.4,False
df40_dit,joint_matched,C:\My_Project\AIGC\DiT\ff\695\8806.png,65536,0.2927319808138435,209.2110290527344,,,,,,0.8960663425433615,0.4,False
df40_dit,joint_matched,C:\My_Project\AIGC\DiT\cdf\Fake_from_Celeb-real\id33_0008\24852.png,65536,0.3243421363048796,96.04944610595705,,,,,,1.1710649468366716,0.4,False
df40_dit,joint_matched,C:\My_Project\AIGC\DiT\cdf\Fake_from_Celeb-real\id11_0006\24016.png,65536,0.3381922609140168,51.1395378112793,,,,,,0.9875659712560321,0.4,False
df40_dit,joint_matched,C:\My_Project\AIGC\DiT\cdf\Fake_from_Youtube-real\00023\12195.png,65536,0.3293802663879049,137.10232543945312,,,,,,1.2074206119699176,0.4,False
df40_dit,joint_matched,C:\My_Project\AIGC\DiT\cdf\Fake_from_Celeb-real\id55_0007\3851.png,65536,0.3441286663600656,242.77967834472656,,,,,,0.9172483022233338,0.4,False
df40_dit,joint_matched,C:\My_Project\AIGC\DiT\cdf\Fake_from_Celeb-real\id16_0006\18374.png,65536,0.3458068060389507,345.24517822265625,,,,,,1.3652630358967577,0.4,False
df40_dit,joint_matched,C:\My_Project\AIGC\DiT\cdf\Fake_from_Youtube-real\00070\22616.png,65536,0.3556477487200735,64.94190216064453,,,,,,1.1450775440795917,0.4,False
df40_dit,joint_matched,C:\My_Project\AIGC\DiT\ff\423\297.png,65536,0.3336822827760398,147.66741943359375,,,,,,1.0555727447066803,0.4,False
df40_dit,joint_matched,C:\My_Project\AIGC\DiT\cdf\Fake_from_Youtube-real\00151\16112.png,65536,0.3421263163000366,49.872215270996094,,,,,,1.080487473259313,0.4,False
df40_dit,joint_matched,C:\My_Project\AIGC\DiT\cdf\Fake_from_Youtube-real\00274\18511.png,65536,0.2104788885196218,194.6158905029297,C:\My_Project\AIGC\lfw\Dorothy_Wilson\Dorothy_Wilson_0001.jpg,lfw,62500.0,0.211860855219064,492.192626953125,0.07040183692434634,0.4,True
df40_dit,joint_matched,C:\My_Project\AIGC\DiT\cdf\Fake_from_Youtube-real\00220\7427.png,65536,0.3388888545700923,197.294189453125,,,,,,1.1626327087114594,0.4,False
df40_dit,joint_matched,C:\My_Project\AIGC\DiT\cdf\Fake_from_Youtube-real\00101\17088.png,65536,0.312689278511688,146.4683074951172,,,,,,1.131154325087846,0.4,False
df40_dit,joint_matched,C:\My_Project\AIGC\DiT\cdf\Fake_from_Celeb-real\id13_0015\13664.png,65536,0.3022123272350946,68.44974517822266,,,,,,0.7727413209957009,0.4,False
df40_dit,joint_matched,C:\My_Project\AIGC\DiT\cdf\Fake_from_Youtube-real\00220\19406.png,65536,0.3471491825812336,290.0689392089844,,,,,,1.39325247160113,0.4,False
df40_dit,joint_matched,C:\My_Project\AIGC\DiT\cdf\Fake_from_Youtube-real\00231\20788.png,65536,0.3532748112797217,482.3463439941406,,,,,,1.2860008459037078,0.4,False
df40_dit,joint_matched,C:\My_Project\AIGC\DiT\cdf\Fake_from_Celeb-real\id45_0009\24057.png,65536,0.3417887009671185,101.47225189208984,,,,,,1.02336880867776,0.4,False
df40_dit,joint_matched,C:\My_Project\AIGC\DiT\cdf\Fake_from_Celeb-real\id57_0000\8083.png,65536,0.3306431233016414,128.31094360351562,,,,,,1.1465701075735748,0.4,False
df40_dit,joint_matched,C:\My_Project\AIGC\DiT\cdf\Fake_from_Youtube-real\00274\19823.png,65536,0.3661726042475066,131.45196533203125,,,,,,1.2075575400248773,0.4,False
df40_dit,joint_matched,C:\My_Project\AIGC\DiT\cdf\Fake_from_Celeb-real\id45_0000\10677.png,65536,0.3563483893707463,401.6720275878906,,,,,,0.7280582042225653,0.4,False
df40_dit,joint_matched,C:\My_Project\AIGC\DiT\cdf\Fake_from_Celeb-real\id7_0007\2351.png,65536,0.3362350501792501,63.12865829467773,,,,,,1.11711571469261,0.4,False
df40_dit,joint_matched,C:\My_Project\AIGC\DiT\cdf\Fake_from_Celeb-real\id52_0001\9750.png,65536,0.359509846410436,63.53661346435547,,,,,,0.6404493984494873,0.4,False
df40_dit,joint_matched,C:\My_Project\AIGC\DiT\cdf\Fake_from_Celeb-real\id10_0009\11187.png,65536,0.3306108573786666,97.46941375732422,,,,,,1.2380433553883397,0.4,False
df40_dit,joint_matched,C:\My_Project\AIGC\DiT\cdf\Fake_from_Youtube-real\00143\15293.png,65536,0.3333815917733573,231.9813232421875,,,,,,1.0072041430395238,0.4,False
df40_dit,joint_matched,C:\My_Project\AIGC\DiT\cdf\Fake_from_Celeb-real\id52_0005\11990.png,65536,0.3212659111901281,119.85922241210938,,,,,,1.0636594395073626,0.4,False
df40_dit,joint_matched,C:\My_Project\AIGC\DiT\ff\682\7562.png,65536,0.3465490432772158,236.44427490234372,,,,,,0.9780632344952247,0.4,False
df40_dit,joint_matched,C:\My_Project\AIGC\DiT\cdf\Fake_from_Celeb-real\id17_0001\15227.png,65536,0.319759170801006,1499.7723388671875,,,,,,1.1498454004465042,0.4,False
df40_dit,joint_matched,C:\My_Project\AIGC\DiT\ff\154\7237.png,65536,0.300508387130565,398.0311584472656,,,,,,1.025771068805788,0.4,False
df40_dit,joint_matched,C:\My_Project\AIGC\DiT\cdf\Fake_from_Celeb-real\id44_0002\997.png,65536,0.3285851112600725,99.78956604003906,,,,,,1.1302489077908962,0.4,False
df40_dit,joint_matched,C:\My_Project\AIGC\DiT\cdf\Fake_from_Celeb-real\id24_0002\22211.png,65536,0.3219753348638459,156.4136505126953,,,,,,1.11370057935427,0.4,False
df40_dit,joint_matched,C:\My_Project\AIGC\DiT\ff\429\1633.png,65536,0.3234052172132768,234.1411590576172,,,,,,1.1131931116669238,0.4,False
df40_dit,joint_matched,C:\My_Project\AIGC\DiT\cdf\Fake_from_Celeb-real\id7_0008\13967.png,65536,0.3191448081548905,296.718994140625,,,,,,1.1531452903912704,0.4,False
df40_sit,resolution_matched,C:\My_Project\AIGC\SiT\cdf\Fake_from_Celeb-real\id4_0001\16138.png,65536,0.3217105930894827,256.132568359375,C:\My_Project\AIGC\AIGuard\unseen\Real_79.jpg,aiguard_unseen_real,65536.0,0.6193729553134679,544.6491088867188,0.0,0.2,True
df40_sit,resolution_matched,C:\My_Project\AIGC\SiT\cdf\Fake_from_Youtube-real\00246\26026.png,65536,0.3074610833704047,607.042724609375,C:\My_Project\AIGC\lfw\Isidro_Pastor\Isidro_Pastor_0001.jpg,lfw,62500.0,0.1656100526970755,788.04931640625,0.03432119638647213,0.2,True
df40_sit,resolution_matched,C:\My_Project\AIGC\SiT\cdf\Fake_from_Youtube-real\00108\6511.png,65536,0.3427898473490851,92.2612762451172,C:\My_Project\AIGC\lfw\Suzanne_Torrance\Suzanne_Torrance_0001.jpg,lfw,62500.0,0.1417085348952803,1264.533447265625,0.03432119638647213,0.2,True
df40_sit,resolution_matched,C:\My_Project\AIGC\SiT\cdf\Fake_from_Celeb-real\id33_0002\17162.png,65536,0.3168770736321527,68.21839904785156,C:\My_Project\AIGC\lfw\Michael_Doleac\Michael_Doleac_0001.jpg,lfw,62500.0,0.159969072523546,890.4072265625,0.03432119638647213,0.2,True
df40_sit,resolution_matched,C:\My_Project\AIGC\SiT\cdf\Fake_from_Youtube-real\00079\11544.png,65536,0.3012932733790725,317.77032470703125,C:\My_Project\AIGC\lfw\Fernando_Velardez\Fernando_Velardez_0001.jpg,lfw,62500.0,0.1569704352931049,951.718017578125,0.03432119638647213,0.2,True
df40_sit,resolution_matched,C:\My_Project\AIGC\SiT\cdf\Fake_from_Celeb-real\id31_0006\12782.png,65536,0.3893500601722795,170.2788543701172,C:\My_Project\AIGC\lfw\Todd_Haynes\Todd_Haynes_0003.jpg,lfw,62500.0,0.1788529063485987,716.2388305664062,0.03432119638647213,0.2,True
df40_sit,resolution_matched,C:\My_Project\AIGC\SiT\cdf\Fake_from_Youtube-real\00141\25130.png,65536,0.3167425584834393,154.22015380859375,C:\My_Project\AIGC\lfw\Mack_Brown\Mack_Brown_0002.jpg,lfw,62500.0,0.1981202834012204,1292.4700927734375,0.03432119638647213,0.2,True
df40_sit,resolution_matched,C:\My_Project\AIGC\SiT\cdf\Fake_from_Celeb-real\id37_0004\531.png,65536,0.3279646669994558,37.88796615600586,C:\My_Project\AIGC\lfw\Eric_Lloyd\Eric_Lloyd_0001.jpg,lfw,62500.0,0.1864346103546277,920.3864135742188,0.03432119638647213,0.2,True
df40_sit,resolution_matched,C:\My_Project\AIGC\SiT\cdf\Fake_from_Celeb-real\id45_0003\23273.png,65536,0.3338547216228748,48.99943161010742,C:\My_Project\AIGC\lfw\Franco_Frattini\Franco_Frattini_0001.jpg,lfw,62500.0,0.167735687397713,590.1715087890625,0.03432119638647213,0.2,True
df40_sit,resolution_matched,C:\My_Project\AIGC\SiT\cdf\Fake_from_Celeb-real\id40_0009\14601.png,65536,0.3232426118313609,44.65218734741211,C:\My_Project\AIGC\lfw\Laura_Schlessinger\Laura_Schlessinger_0001.jpg,lfw,62500.0,0.1915570528637176,639.376708984375,0.03432119638647213,0.2,True
df40_sit,resolution_matched,C:\My_Project\AIGC\SiT\cdf\Fake_from_Celeb-real\id46_0005\5325.png,65536,0.337861213603771,140.01124572753906,C:\My_Project\AIGC\lfw\Cori_Enghusen\Cori_Enghusen_0001.jpg,lfw,62500.0,0.1152937216610604,826.0831298828125,0.03432119638647213,0.2,True
df40_sit,resolution_matched,C:\My_Project\AIGC\SiT\cdf\Fake_from_Celeb-real\id37_0007\8328.png,65536,0.3446347958814102,146.09109497070312,C:\My_Project\AIGC\lfw\Wayne_Gretzky\Wayne_Gretzky_0004.jpg,lfw,62500.0,0.1776690283564451,1393.90673828125,0.03432119638647213,0.2,True
df40_sit,resolution_matched,C:\My_Project\AIGC\SiT\cdf\Fake_from_Celeb-real\id52_0008\23776.png,65536,0.320803988852514,278.20526123046875,C:\My_Project\AIGC\lfw\Platon_Lebedev\Platon_Lebedev_0001.jpg,lfw,62500.0,0.1650399856504294,589.5450439453125,0.03432119638647213,0.2,True
df40_sit,resolution_matched,C:\My_Project\AIGC\SiT\cdf\Fake_from_Youtube-real\00024\14044.png,65536,0.332535653417311,200.29379272460935,C:\My_Project\AIGC\lfw\Paul_Bremer\Paul_Bremer_0011.jpg,lfw,62500.0,0.1796484887882445,942.8582763671876,0.03432119638647213,0.2,True
df40_sit,resolution_matched,C:\My_Project\AIGC\SiT\cdf\Fake_from_Celeb-real\id32_0003\23872.png,65536,0.3541740509808327,138.66734313964844,C:\My_Project\AIGC\lfw\Tommy_Shane_Steiner\Tommy_Shane_Steiner_0001.jpg,lfw,62500.0,0.1915035481561573,283.3729858398437,0.03432119638647213,0.2,True
df40_sit,resolution_matched,C:\My_Project\AIGC\SiT\ff\812\2332.png,65536,0.3224329415815137,174.76829528808594,C:\My_Project\AIGC\lfw\Janela_Jara\Janela_Jara_0001.jpg,lfw,62500.0,0.1635179814384254,329.9053955078125,0.03432119638647213,0.2,True
df40_sit,resolution_matched,C:\My_Project\AIGC\SiT\cdf\Fake_from_Celeb-real\id59_0005\21102.png,65536,0.3573992080782031,81.60911560058594,C:\My_Project\AIGC\lfw\Constance_Marie\Constance_Marie_0002.jpg,lfw,62500.0,0.1783647291454214,976.9891967773438,0.03432119638647213,0.2,True
df40_sit,resolution_matched,C:\My_Project\AIGC\SiT\cdf\Fake_from_Celeb-real\id32_0002\5867.png,65536,0.3085424420918831,82.32939147949219,C:\My_Project\AIGC\lfw\Ray_Sherman\Ray_Sherman_0001.jpg,lfw,62500.0,0.1822232821117715,869.4234008789062,0.03432119638647213,0.2,True
df40_sit,resolution_matched,C:\My_Project\AIGC\SiT\cdf\Fake_from_Celeb-real\id34_0002\17902.png,65536,0.3680320248817421,188.3524932861328,C:\My_Project\AIGC\lfw\Jeremy_Shockey\Jeremy_Shockey_0002.jpg,lfw,62500.0,0.1710944471176436,1251.734130859375,0.03432119638647213,0.2,True
df40_sit,resolution_matched,C:\My_Project\AIGC\SiT\ff\358\19680.png,65536,0.3373498738466423,258.3162841796875,C:\My_Project\AIGC\lfw\Mufti_Mohammad_Syed\Mufti_Mohammad_Syed_0001.jpg,lfw,62500.0,0.1943458362513065,973.0131225585938,0.03432119638647213,0.2,True
df40_sit,resolution_matched,C:\My_Project\AIGC\SiT\cdf\Fake_from_Youtube-real\00201\25994.png,65536,0.285526779692374,577.0989990234375,C:\My_Project\AIGC\lfw\Jason_Clermont\Jason_Clermont_0001.jpg,lfw,62500.0,0.1853269124883493,884.5951538085938,0.03432119638647213,0.2,True
df40_sit,resolution_matched,C:\My_Project\AIGC\SiT\cdf\Fake_from_Celeb-real\id48_0007\25694.png,65536,0.3226663158594067,690.2859497070312,C:\My_Project\AIGC\lfw\Brandon_Jones\Brandon_Jones_0001.jpg,lfw,62500.0,0.2060673379258933,1205.8984375,0.03432119638647213,0.2,True
df40_sit,resolution_matched,C:\My_Project\AIGC\SiT\cdf\Fake_from_Celeb-real\id13_0000\9293.png,65536,0.328644306625763,207.58302307128903,C:\My_Project\AIGC\lfw\Toutai_Kefu\Toutai_Kefu_0001.jpg,lfw,62500.0,0.1537180007785629,936.8301391601562,0.03432119638647213,0.2,True
df40_sit,resolution_matched,C:\My_Project\AIGC\SiT\ff\288\14161.png,65536,0.3355269623490149,115.70354461669922,C:\My_Project\AIGC\lfw\Jennifer_Renee_Short\Jennifer_Renee_Short_0001.jpg,lfw,62500.0,0.1718587210739408,247.1945953369141,0.03432119638647213,0.2,True
df40_sit,resolution_matched,C:\My_Project\AIGC\SiT\cdf\Fake_from_Celeb-real\id28_0003\27321.png,65536,0.3435739300419819,123.70877838134766,C:\My_Project\AIGC\lfw\Atom_Egoyan\Atom_Egoyan_0001.jpg,lfw,62500.0,0.1569996388570871,977.7578735351562,0.03432119638647213,0.2,True
df40_sit,resolution_matched,C:\My_Project\AIGC\SiT\cdf\Fake_from_Youtube-real\00259\25961.png,65536,0.3394403290344042,453.2733154296875,C:\My_Project\AIGC\lfw\Glen_DaSilva\Glen_DaSilva_0001.jpg,lfw,62500.0,0.1489750681023939,613.6240234375,0.03432119638647213,0.2,True
df40_sit,resolution_matched,C:\My_Project\AIGC\SiT\cdf\Fake_from_Celeb-real\id42_0000\7624.png,65536,0.3175249359546797,100.7919464111328,C:\My_Project\AIGC\lfw\Nastia_Liukin\Nastia_Liukin_0001.jpg,lfw,62500.0,0.1642591433864038,970.908935546875,0.03432119638647213,0.2,True
df40_sit,resolution_matched,C:\My_Project\AIGC\SiT\cdf\Fake_from_Youtube-real\00018\3017.png,65536,0.332020342487247,79.2709732055664,C:\My_Project\AIGC\lfw\Igor_Ivanov\Igor_Ivanov_0001.jpg,lfw,62500.0,0.1818911044904638,561.5258178710938,0.03432119638647213,0.2,True
df40_sit,resolution_matched,C:\My_Project\AIGC\SiT\ff\725\17584.png,65536,0.3035755021969716,1452.3585205078125,C:\My_Project\AIGC\lfw\Joan_Laporta\Joan_Laporta_0004.jpg,lfw,62500.0,0.1647721615910893,715.208740234375,0.03432119638647213,0.2,True
df40_sit,resolution_matched,C:\My_Project\AIGC\SiT\cdf\Fake_from_Celeb-real\id5_0001\27913.png,65536,0.3181845700139616,225.516357421875,C:\My_Project\AIGC\lfw\Mike_Krzyzewski\Mike_Krzyzewski_0006.jpg,lfw,62500.0,0.1329371675292907,832.0701293945312,0.03432119638647213,0.2,True
df40_sit,resolution_matched,C:\My_Project\AIGC\SiT\cdf\Fake_from_Youtube-real\00187\22302.png,65536,0.2898012941423818,503.3989562988281,C:\My_Project\AIGC\lfw\Fred_Eckhard\Fred_Eckhard_0001.jpg,lfw,62500.0,0.1443231677349892,578.062255859375,0.03432119638647213,0.2,True
df40_sit,resolution_matched,C:\My_Project\AIGC\SiT\cdf\Fake_from_Youtube-real\00220\16224.png,65536,0.3421397323542083,428.6326904296875,C:\My_Project\AIGC\lfw\Kathy_Gannon\Kathy_Gannon_0001.jpg,lfw,62500.0,0.1979088457195182,356.2877197265625,0.03432119638647213,0.2,True
df40_sit,resolution_matched,C:\My_Project\AIGC\SiT\cdf\Fake_from_Celeb-real\id44_0001\18769.png,65536,0.337477599863318,36.66775131225586,C:\My_Project\AIGC\lfw\Craig_Wilson\Craig_Wilson_0001.jpg,lfw,62500.0,0.1847730123341727,1262.4361572265625,0.03432119638647213,0.2,True
df40_sit,resolution_matched,C:\My_Project\AIGC\SiT\cdf\Fake_from_Celeb-real\id10_0002\5135.png,65536,0.342004854304605,147.2218475341797,C:\My_Project\AIGC\lfw\Judy_Locy\Judy_Locy_0001.jpg,lfw,62500.0,0.153128888265609,934.07373046875,0.03432119638647213,0.2,True
df40_sit,resolution_matched,C:\My_Project\AIGC\SiT\cdf\Fake_from_Youtube-real\00064\1599.png,65536,0.3393488120026828,244.33419799804688,C:\My_Project\AIGC\lfw\Hideki_Sato\Hideki_Sato_0001.jpg,lfw,62500.0,0.1941692715685156,994.4304809570312,0.03432119638647213,0.2,True
df40_sit,resolution_matched,C:\My_Project\AIGC\SiT\cdf\Fake_from_Youtube-real\00090\11379.png,65536,0.3221618217482607,150.666748046875,C:\My_Project\AIGC\lfw\Andy_Dick\Andy_Dick_0001.jpg,lfw,62500.0,0.1872863558635925,490.3749084472656,0.03432119638647213,0.2,True
df40_sit,resolution_matched,C:\My_Project\AIGC\SiT\cdf\Fake_from_Youtube-real\00019\23446.png,65536,0.3389850251208242,101.92039489746094,C:\My_Project\AIGC\lfw\Manfred_Reyes_Villa\Manfred_Reyes_Villa_0001.jpg,lfw,62500.0,0.1533757716971028,979.2052612304688,0.03432119638647213,0.2,True
df40_sit,resolution_matched,C:\My_Project\AIGC\SiT\cdf\Fake_from_Celeb-real\id48_0005\20017.png,65536,0.3442606489977189,128.4221954345703,C:\My_Project\AIGC\lfw\Kwon_Yang-sook\Kwon_Yang-sook_0001.jpg,lfw,62500.0,0.1591916576262519,314.2854309082031,0.03432119638647213,0.2,True
df40_sit,resolution_matched,C:\My_Project\AIGC\SiT\cdf\Fake_from_Celeb-real\id24_0002\22211.png,65536,0.3539570526670947,302.6810302734375,C:\My_Project\AIGC\lfw\Jim_Greenwood\Jim_Greenwood_0001.jpg,lfw,62500.0,0.218051513566138,600.7500610351562,0.03432119638647213,0.2,True
df40_sit,resolution_matched,C:\My_Project\AIGC\SiT\cdf\Fake_from_Celeb-real\id56_0007\26102.png,65536,0.3290075754329202,82.74559783935547,C:\My_Project\AIGC\lfw\Jaymon_Crabb\Jaymon_Crabb_0001.jpg,lfw,62500.0,0.1513900392772029,729.30859375,0.03432119638647213,0.2,True
df40_sit,resolution_matched,C:\My_Project\AIGC\SiT\cdf\Fake_from_Celeb-real\id9_0008\20713.png,65536,0.3375843755211277,141.9125213623047,C:\My_Project\AIGC\lfw\Mark_Kelly\Mark_Kelly_0001.jpg,lfw,62500.0,0.2233361335585534,299.5162048339844,0.03432119638647213,0.2,True
df40_sit,resolution_matched,C:\My_Project\AIGC\SiT\cdf\Fake_from_Youtube-real\00260\27721.png,65536,0.3388680462363221,119.28361511230467,C:\My_Project\AIGC\lfw\Glenn_Plummer\Glenn_Plummer_0001.jpg,lfw,62500.0,0.1803661955050487,407.8361206054688,0.03432119638647213,0.2,True
df40_sit,resolution_matched,C:\My_Project\AIGC\SiT\cdf\Fake_from_Celeb-real\id23_0003\6209.png,65536,0.4159986147563391,270.67730712890625,C:\My_Project\AIGC\lfw\Robin_Williams\Robin_Williams_0001.jpg,lfw,62500.0,0.1647262518010419,1698.8560791015625,0.03432119638647213,0.2,True
df40_sit,resolution_matched,C:\My_Project\AIGC\SiT\cdf\Fake_from_Celeb-real\id20_0003\6700.png,65536,0.3009162872696267,96.45195770263672,C:\My_Project\AIGC\lfw\Spencer_Abraham\Spencer_Abraham_0010.jpg,lfw,62500.0,0.1631360997275852,562.5260009765625,0.03432119638647213,0.2,True
df40_sit,resolution_matched,C:\My_Project\AIGC\SiT\cdf\Fake_from_Celeb-real\id5_0005\27711.png,65536,0.3605518753376788,963.2333984375,C:\My_Project\AIGC\lfw\Bill_Readdy\Bill_Readdy_0001.jpg,lfw,62500.0,0.1660207857950126,819.0056762695312,0.03432119638647213,0.2,True
df40_sit,facesize_matched,C:\My_Project\AIGC\SiT\cdf\Fake_from_Celeb-real\id4_0001\16138.png,65536,0.3217105930894827,256.132568359375,,,,,,0.5035167146959452,0.34641016151377546,False
df40_sit,facesize_matched,C:\My_Project\AIGC\SiT\cdf\Fake_from_Youtube-real\00246\26026.png,65536,0.3074610833704047,607.042724609375,,,,,,1.0213781952292138,0.34641016151377546,False
df40_sit,facesize_matched,C:\My_Project\AIGC\SiT\cdf\Fake_from_Youtube-real\00108\6511.png,65536,0.3427898473490851,92.2612762451172,,,,,,0.5471882884688192,0.34641016151377546,False
df40_sit,facesize_matched,C:\My_Project\AIGC\SiT\cdf\Fake_from_Celeb-real\id33_0002\17162.png,65536,0.3168770736321527,68.21839904785156,,,,,,0.7159816192312761,0.34641016151377546,False
df40_sit,facesize_matched,C:\My_Project\AIGC\SiT\cdf\Fake_from_Youtube-real\00079\11544.png,65536,0.3012932733790725,317.77032470703125,,,,,,0.9264214914693896,0.34641016151377546,False
df40_sit,facesize_matched,C:\My_Project\AIGC\SiT\cdf\Fake_from_Celeb-real\id31_0006\12782.png,65536,0.3893500601722795,170.2788543701172,,,,,,0.3580937934969973,0.34641016151377546,False
df40_sit,facesize_matched,C:\My_Project\AIGC\SiT\cdf\Fake_from_Youtube-real\00141\25130.png,65536,0.3167425584834393,154.22015380859375,,,,,,0.6602423595507306,0.34641016151377546,False
df40_sit,facesize_matched,C:\My_Project\AIGC\SiT\cdf\Fake_from_Celeb-real\id37_0004\531.png,65536,0.3279646669994558,37.88796615600586,,,,,,0.9538055169015144,0.34641016151377546,False
df40_sit,facesize_matched,C:\My_Project\AIGC\SiT\cdf\Fake_from_Celeb-real\id45_0003\23273.png,65536,0.3338547216228748,48.99943161010742,,,,,,1.0555460004856378,0.34641016151377546,False
df40_sit,facesize_matched,C:\My_Project\AIGC\SiT\cdf\Fake_from_Celeb-real\id40_0009\14601.png,65536,0.3232426118313609,44.65218734741211,,,,,,0.7214319338415854,0.34641016151377546,False
df40_sit,facesize_matched,C:\My_Project\AIGC\SiT\cdf\Fake_from_Celeb-real\id46_0005\5325.png,65536,0.337861213603771,140.01124572753906,,,,,,1.2518537436697064,0.34641016151377546,False
df40_sit,facesize_matched,C:\My_Project\AIGC\SiT\cdf\Fake_from_Celeb-real\id37_0007\8328.png,65536,0.3446347958814102,146.09109497070312,,,,,,0.6943671440985898,0.34641016151377546,False
df40_sit,facesize_matched,C:\My_Project\AIGC\SiT\cdf\Fake_from_Celeb-real\id52_0008\23776.png,65536,0.320803988852514,278.20526123046875,,,,,,1.1470833542911771,0.34641016151377546,False
df40_sit,facesize_matched,C:\My_Project\AIGC\SiT\cdf\Fake_from_Youtube-real\00024\14044.png,65536,0.332535653417311,200.29379272460935,,,,,,1.1459903375563607,0.34641016151377546,False
df40_sit,facesize_matched,C:\My_Project\AIGC\SiT\cdf\Fake_from_Celeb-real\id32_0003\23872.png,65536,0.3541740509808327,138.66734313964844,,,,,,0.48720679476316225,0.34641016151377546,False
df40_sit,facesize_matched,C:\My_Project\AIGC\SiT\ff\812\2332.png,65536,0.3224329415815137,174.76829528808594,,,,,,0.7992305639671148,0.34641016151377546,False
df40_sit,facesize_matched,C:\My_Project\AIGC\SiT\cdf\Fake_from_Celeb-real\id59_0005\21102.png,65536,0.3573992080782031,81.60911560058594,,,,,,0.7928872356541135,0.34641016151377546,False
df40_sit,facesize_matched,C:\My_Project\AIGC\SiT\cdf\Fake_from_Celeb-real\id32_0002\5867.png,65536,0.3085424420918831,82.32939147949219,,,,,,0.89497708833618,0.34641016151377546,False
df40_sit,facesize_matched,C:\My_Project\AIGC\SiT\cdf\Fake_from_Celeb-real\id34_0002\17902.png,65536,0.3680320248817421,188.3524932861328,,,,,,0.46636079173686523,0.34641016151377546,False
df40_sit,facesize_matched,C:\My_Project\AIGC\SiT\ff\358\19680.png,65536,0.3373498738466423,258.3162841796875,,,,,,0.7979892684590745,0.34641016151377546,False
df40_sit,facesize_matched,C:\My_Project\AIGC\SiT\cdf\Fake_from_Youtube-real\00201\25994.png,65536,0.285526779692374,577.0989990234375,,,,,,0.7825079118647638,0.34641016151377546,False
df40_sit,facesize_matched,C:\My_Project\AIGC\SiT\cdf\Fake_from_Celeb-real\id48_0007\25694.png,65536,0.3226663158594067,690.2859497070312,,,,,,1.0001030987223818,0.34641016151377546,False
df40_sit,facesize_matched,C:\My_Project\AIGC\SiT\cdf\Fake_from_Celeb-real\id13_0000\9293.png,65536,0.328644306625763,207.58302307128903,,,,,,1.1972127888212145,0.34641016151377546,False
df40_sit,facesize_matched,C:\My_Project\AIGC\SiT\ff\288\14161.png,65536,0.3355269623490149,115.70354461669922,,,,,,1.1647270522678952,0.34641016151377546,False
df40_sit,facesize_matched,C:\My_Project\AIGC\SiT\cdf\Fake_from_Celeb-real\id28_0003\27321.png,65536,0.3435739300419819,123.70877838134766,,,,,,1.2063606064537427,0.34641016151377546,False
df40_sit,facesize_matched,C:\My_Project\AIGC\SiT\cdf\Fake_from_Youtube-real\00259\25961.png,65536,0.3394403290344042,453.2733154296875,,,,,,0.729874275150605,0.34641016151377546,False
df40_sit,facesize_matched,C:\My_Project\AIGC\SiT\cdf\Fake_from_Celeb-real\id42_0000\7624.png,65536,0.3175249359546797,100.7919464111328,,,,,,1.0636869316991198,0.34641016151377546,False
df40_sit,facesize_matched,C:\My_Project\AIGC\SiT\cdf\Fake_from_Youtube-real\00018\3017.png,65536,0.332020342487247,79.2709732055664,,,,,,1.202275341452716,0.34641016151377546,False
df40_sit,facesize_matched,C:\My_Project\AIGC\SiT\ff\725\17584.png,65536,0.3035755021969716,1452.3585205078125,,,,,,0.9680349818344623,0.34641016151377546,False
df40_sit,facesize_matched,C:\My_Project\AIGC\SiT\cdf\Fake_from_Celeb-real\id5_0001\27913.png,65536,0.3181845700139616,225.516357421875,,,,,,0.6214624032858324,0.34641016151377546,False
df40_sit,facesize_matched,C:\My_Project\AIGC\SiT\cdf\Fake_from_Youtube-real\00187\22302.png,65536,0.2898012941423818,503.3989562988281,,,,,,0.5686346630954611,0.34641016151377546,False
df40_sit,facesize_matched,C:\My_Project\AIGC\SiT\cdf\Fake_from_Youtube-real\00220\16224.png,65536,0.3421397323542083,428.6326904296875,,,,,,0.9208107440395468,0.34641016151377546,False
df40_sit,facesize_matched,C:\My_Project\AIGC\SiT\cdf\Fake_from_Celeb-real\id44_0001\18769.png,65536,0.337477599863318,36.66775131225586,,,,,,0.9615277661746409,0.34641016151377546,False
df40_sit,facesize_matched,C:\My_Project\AIGC\SiT\cdf\Fake_from_Celeb-real\id10_0002\5135.png,65536,0.342004854304605,147.2218475341797,,,,,,0.6125818455142114,0.34641016151377546,False
df40_sit,facesize_matched,C:\My_Project\AIGC\SiT\cdf\Fake_from_Youtube-real\00064\1599.png,65536,0.3393488120026828,244.33419799804688,C:\My_Project\AIGC\AIGuard\unseen\Real_44.jpg,aiguard_unseen_real,5363856.0,0.3484007895514039,987.0241088867188,0.10554095819304975,0.34641016151377546,True
df40_sit,facesize_matched,C:\My_Project\AIGC\SiT\cdf\Fake_from_Youtube-real\00090\11379.png,65536,0.3221618217482607,150.666748046875,,,,,,0.7050975209358036,0.34641016151377546,False
df40_sit,facesize_matched,C:\My_Project\AIGC\SiT\cdf\Fake_from_Youtube-real\00019\23446.png,65536,0.3389850251208242,101.92039489746094,,,,,,0.49014271693670314,0.34641016151377546,False
df40_sit,facesize_matched,C:\My_Project\AIGC\SiT\cdf\Fake_from_Celeb-real\id48_0005\20017.png,65536,0.3442606489977189,128.4221954345703,,,,,,1.0842563995659245,0.34641016151377546,False
df40_sit,facesize_matched,C:\My_Project\AIGC\SiT\cdf\Fake_from_Celeb-real\id24_0002\22211.png,65536,0.3539570526670947,302.6810302734375,,,,,,0.9550453409145038,0.34641016151377546,False
df40_sit,facesize_matched,C:\My_Project\AIGC\SiT\cdf\Fake_from_Celeb-real\id56_0007\26102.png,65536,0.3290075754329202,82.74559783935547,,,,,,0.9995169302501868,0.34641016151377546,False
df40_sit,facesize_matched,C:\My_Project\AIGC\SiT\cdf\Fake_from_Celeb-real\id9_0008\20713.png,65536,0.3375843755211277,141.9125213623047,,,,,,1.2634684783013876,0.34641016151377546,False
df40_sit,facesize_matched,C:\My_Project\AIGC\SiT\cdf\Fake_from_Youtube-real\00260\27721.png,65536,0.3388680462363221,119.28361511230467,,,,,,0.8350918413308682,0.34641016151377546,False
df40_sit,facesize_matched,C:\My_Project\AIGC\SiT\cdf\Fake_from_Celeb-real\id23_0003\6209.png,65536,0.4159986147563391,270.67730712890625,C:\My_Project\AIGC\AIGuard\unseen\Real_35.jpg,aiguard_unseen_real,3283344.0,0.4411583846800688,324.8052978515625,0.28001345057030913,0.34641016151377546,True
df40_sit,facesize_matched,C:\My_Project\AIGC\SiT\cdf\Fake_from_Celeb-real\id20_0003\6700.png,65536,0.3009162872696267,96.45195770263672,,,,,,0.8148870781587427,0.34641016151377546,False
df40_sit,facesize_matched,C:\My_Project\AIGC\SiT\cdf\Fake_from_Celeb-real\id5_0005\27711.png,65536,0.3605518753376788,963.2333984375,,,,,,1.0381221231928464,0.34641016151377546,False
df40_sit,joint_matched,C:\My_Project\AIGC\SiT\cdf\Fake_from_Celeb-real\id4_0001\16138.png,65536,0.3217105930894827,256.132568359375,,,,,,1.0519598107256514,0.4,False
df40_sit,joint_matched,C:\My_Project\AIGC\SiT\cdf\Fake_from_Youtube-real\00246\26026.png,65536,0.3074610833704047,607.042724609375,,,,,,1.064372463710099,0.4,False
df40_sit,joint_matched,C:\My_Project\AIGC\SiT\cdf\Fake_from_Youtube-real\00108\6511.png,65536,0.3427898473490851,92.2612762451172,,,,,,1.08482539939354,0.4,False
df40_sit,joint_matched,C:\My_Project\AIGC\SiT\cdf\Fake_from_Celeb-real\id33_0002\17162.png,65536,0.3168770736321527,68.21839904785156,,,,,,1.2130091010855428,0.4,False
df40_sit,joint_matched,C:\My_Project\AIGC\SiT\cdf\Fake_from_Youtube-real\00079\11544.png,65536,0.3012932733790725,317.77032470703125,,,,,,1.0426364762955953,0.4,False
df40_sit,joint_matched,C:\My_Project\AIGC\SiT\cdf\Fake_from_Celeb-real\id31_0006\12782.png,65536,0.3893500601722795,170.2788543701172,C:\My_Project\AIGC\AIGuard\unseen\Real_37.jpg,aiguard_unseen_real,73984.0,0.4229778742738949,390.8439331054688,0.3686843526765792,0.4,True
df40_sit,joint_matched,C:\My_Project\AIGC\SiT\cdf\Fake_from_Youtube-real\00141\25130.png,65536,0.3167425584834393,154.22015380859375,,,,,,1.0124957035719424,0.4,False
df40_sit,joint_matched,C:\My_Project\AIGC\SiT\cdf\Fake_from_Celeb-real\id37_0004\531.png,65536,0.3279646669994558,37.88796615600586,,,,,,1.0880339233218905,0.4,False
df40_sit,joint_matched,C:\My_Project\AIGC\SiT\cdf\Fake_from_Celeb-real\id45_0003\23273.png,65536,0.3338547216228748,48.99943161010742,,,,,,1.3061651124626898,0.4,False
df40_sit,joint_matched,C:\My_Project\AIGC\SiT\cdf\Fake_from_Celeb-real\id40_0009\14601.png,65536,0.3232426118313609,44.65218734741211,,,,,,1.0989370172910868,0.4,False
df40_sit,joint_matched,C:\My_Project\AIGC\SiT\cdf\Fake_from_Celeb-real\id46_0005\5325.png,65536,0.337861213603771,140.01124572753906,,,,,,1.210938104541289,0.4,False
df40_sit,joint_matched,C:\My_Project\AIGC\SiT\cdf\Fake_from_Celeb-real\id37_0007\8328.png,65536,0.3446347958814102,146.09109497070312,,,,,,0.9495861770429158,0.4,False
df40_sit,joint_matched,C:\My_Project\AIGC\SiT\cdf\Fake_from_Celeb-real\id52_0008\23776.png,65536,0.320803988852514,278.20526123046875,,,,,,1.1270531859405484,0.4,False
df40_sit,joint_matched,C:\My_Project\AIGC\SiT\cdf\Fake_from_Youtube-real\00024\14044.png,65536,0.332535653417311,200.29379272460935,,,,,,1.1059057133909898,0.4,False
df40_sit,joint_matched,C:\My_Project\AIGC\SiT\cdf\Fake_from_Celeb-real\id32_0003\23872.png,65536,0.3541740509808327,138.66734313964844,,,,,,1.2886173796991462,0.4,False
df40_sit,joint_matched,C:\My_Project\AIGC\SiT\ff\812\2332.png,65536,0.3224329415815137,174.76829528808594,,,,,,1.136522544144342,0.4,False
df40_sit,joint_matched,C:\My_Project\AIGC\SiT\cdf\Fake_from_Celeb-real\id59_0005\21102.png,65536,0.3573992080782031,81.60911560058594,,,,,,1.0907806730592642,0.4,False
df40_sit,joint_matched,C:\My_Project\AIGC\SiT\cdf\Fake_from_Celeb-real\id32_0002\5867.png,65536,0.3085424420918831,82.32939147949219,,,,,,1.0377617814698563,0.4,False
df40_sit,joint_matched,C:\My_Project\AIGC\SiT\cdf\Fake_from_Celeb-real\id34_0002\17902.png,65536,0.3680320248817421,188.3524932861328,,,,,,0.6501521076249062,0.4,False
df40_sit,joint_matched,C:\My_Project\AIGC\SiT\ff\358\19680.png,65536,0.3373498738466423,258.3162841796875,,,,,,1.1202855084271628,0.4,False
df40_sit,joint_matched,C:\My_Project\AIGC\SiT\cdf\Fake_from_Youtube-real\00201\25994.png,65536,0.285526779692374,577.0989990234375,,,,,,0.5148503533223217,0.4,False
df40_sit,joint_matched,C:\My_Project\AIGC\SiT\cdf\Fake_from_Celeb-real\id48_0007\25694.png,65536,0.3226663158594067,690.2859497070312,,,,,,1.2068400391897705,0.4,False
df40_sit,joint_matched,C:\My_Project\AIGC\SiT\cdf\Fake_from_Celeb-real\id13_0000\9293.png,65536,0.328644306625763,207.58302307128903,,,,,,1.2907696885538833,0.4,False
df40_sit,joint_matched,C:\My_Project\AIGC\SiT\ff\288\14161.png,65536,0.3355269623490149,115.70354461669922,,,,,,1.1775792779408876,0.4,False
df40_sit,joint_matched,C:\My_Project\AIGC\SiT\cdf\Fake_from_Celeb-real\id28_0003\27321.png,65536,0.3435739300419819,123.70877838134766,,,,,,1.3968499651644581,0.4,False
df40_sit,joint_matched,C:\My_Project\AIGC\SiT\cdf\Fake_from_Youtube-real\00259\25961.png,65536,0.3394403290344042,453.2733154296875,,,,,,0.9770966064204252,0.4,False
df40_sit,joint_matched,C:\My_Project\AIGC\SiT\cdf\Fake_from_Celeb-real\id42_0000\7624.png,65536,0.3175249359546797,100.7919464111328,,,,,,1.1762883532026784,0.4,False
df40_sit,joint_matched,C:\My_Project\AIGC\SiT\cdf\Fake_from_Youtube-real\00018\3017.png,65536,0.332020342487247,79.2709732055664,,,,,,1.2489824547988087,0.4,False
df40_sit,joint_matched,C:\My_Project\AIGC\SiT\ff\725\17584.png,65536,0.3035755021969716,1452.3585205078125,,,,,,1.0833290472950283,0.4,False
df40_sit,joint_matched,C:\My_Project\AIGC\SiT\cdf\Fake_from_Celeb-real\id5_0001\27913.png,65536,0.3181845700139616,225.516357421875,,,,,,0.9996657198220615,0.4,False
df40_sit,joint_matched,C:\My_Project\AIGC\SiT\cdf\Fake_from_Youtube-real\00187\22302.png,65536,0.2898012941423818,503.3989562988281,,,,,,0.944021943246191,0.4,False
df40_sit,joint_matched,C:\My_Project\AIGC\SiT\cdf\Fake_from_Youtube-real\00220\16224.png,65536,0.3421397323542083,428.6326904296875,,,,,,1.1309166183447474,0.4,False
df40_sit,joint_matched,C:\My_Project\AIGC\SiT\cdf\Fake_from_Celeb-real\id44_0001\18769.png,65536,0.337477599863318,36.66775131225586,,,,,,1.0336020789885842,0.4,False
df40_sit,joint_matched,C:\My_Project\AIGC\SiT\cdf\Fake_from_Celeb-real\id10_0002\5135.png,65536,0.342004854304605,147.2218475341797,,,,,,1.014640364518573,0.4,False
df40_sit,joint_matched,C:\My_Project\AIGC\SiT\cdf\Fake_from_Youtube-real\00064\1599.png,65536,0.3393488120026828,244.33419799804688,,,,,,1.046908689972473,0.4,False
df40_sit,joint_matched,C:\My_Project\AIGC\SiT\cdf\Fake_from_Youtube-real\00090\11379.png,65536,0.3221618217482607,150.666748046875,,,,,,1.2105377122065415,0.4,False
df40_sit,joint_matched,C:\My_Project\AIGC\SiT\cdf\Fake_from_Youtube-real\00019\23446.png,65536,0.3389850251208242,101.92039489746094,,,,,,0.8462061948413151,0.4,False
df40_sit,joint_matched,C:\My_Project\AIGC\SiT\cdf\Fake_from_Celeb-real\id48_0005\20017.png,65536,0.3442606489977189,128.4221954345703,,,,,,1.3855000980035024,0.4,False
df40_sit,joint_matched,C:\My_Project\AIGC\SiT\cdf\Fake_from_Celeb-real\id24_0002\22211.png,65536,0.3539570526670947,302.6810302734375,,,,,,1.1679455753207115,0.4,False
df40_sit,joint_matched,C:\My_Project\AIGC\SiT\cdf\Fake_from_Celeb-real\id56_0007\26102.png,65536,0.3290075754329202,82.74559783935547,,,,,,1.2385523111384136,0.4,False
df40_sit,joint_matched,C:\My_Project\AIGC\SiT\cdf\Fake_from_Celeb-real\id9_0008\20713.png,65536,0.3375843755211277,141.9125213623047,,,,,,1.1234526040220436,0.4,False
df40_sit,joint_matched,C:\My_Project\AIGC\SiT\cdf\Fake_from_Youtube-real\00260\27721.png,65536,0.3388680462363221,119.28361511230467,,,,,,0.9953260122202925,0.4,False
df40_sit,joint_matched,C:\My_Project\AIGC\SiT\cdf\Fake_from_Celeb-real\id23_0003\6209.png,65536,0.4159986147563391,270.67730712890625,,,,,,0.8244581621085368,0.4,False
df40_sit,joint_matched,C:\My_Project\AIGC\SiT\cdf\Fake_from_Celeb-real\id20_0003\6700.png,65536,0.3009162872696267,96.45195770263672,,,,,,1.0117955464093316,0.4,False
df40_sit,joint_matched,C:\My_Project\AIGC\SiT\cdf\Fake_from_Celeb-real\id5_0005\27711.png,65536,0.3605518753376788,963.2333984375,,,,,,1.2432855360664306,0.4,False
df40_ddim,resolution_matched,C:\My_Project\AIGC\ddim\cdf\Fake_from_Celeb-real\id2_0001\YouTube-real_00022_181.png,65536,0.273683949921075,355.05877685546875,C:\My_Project\AIGC\AIGuard\unseen\Real_79.jpg,aiguard_unseen_real,65536.0,0.6193729553134679,544.6491088867188,0.0,0.2,True
df40_ddim,resolution_matched,C:\My_Project\AIGC\ddim\cdf\Fake_from_Youtube-real\00271\YouTube-real_00189_290.png,65536,0.3545798602055458,275.95513916015625,C:\My_Project\AIGC\lfw\Isidro_Pastor\Isidro_Pastor_0001.jpg,lfw,62500.0,0.1656100526970755,788.04931640625,0.03432119638647213,0.2,True
df40_ddim,resolution_matched,C:\My_Project\AIGC\ddim\cdf\Fake_from_Youtube-real\00042\Celeb-real_id26_0005_291.png,65536,0.325135228056051,133.5607452392578,C:\My_Project\AIGC\lfw\Suzanne_Torrance\Suzanne_Torrance_0001.jpg,lfw,62500.0,0.1417085348952803,1264.533447265625,0.03432119638647213,0.2,True
df40_ddim,resolution_matched,C:\My_Project\AIGC\ddim\cdf\Fake_from_Youtube-real\00050\Celeb-real_id50_0000_063.png,65536,0.3337158233316215,187.6464080810547,C:\My_Project\AIGC\lfw\Michael_Doleac\Michael_Doleac_0001.jpg,lfw,62500.0,0.159969072523546,890.4072265625,0.03432119638647213,0.2,True
df40_ddim,resolution_matched,C:\My_Project\AIGC\ddim\cdf\Fake_from_Youtube-real\00069\Celeb-real_id47_0009_132.png,65536,0.3376201192209729,265.31671142578125,C:\My_Project\AIGC\lfw\Fernando_Velardez\Fernando_Velardez_0001.jpg,lfw,62500.0,0.1569704352931049,951.718017578125,0.03432119638647213,0.2,True
df40_ddim,resolution_matched,C:\My_Project\AIGC\ddim\cdf\Fake_from_Celeb-real\id52_0001\Celeb-real_id46_0003_000.png,65536,0.3150827327089355,228.5750732421875,C:\My_Project\AIGC\lfw\Todd_Haynes\Todd_Haynes_0003.jpg,lfw,62500.0,0.1788529063485987,716.2388305664062,0.03432119638647213,0.2,True
df40_ddim,resolution_matched,C:\My_Project\AIGC\ddim\cdf\Fake_from_Celeb-real\id39_0000\Celeb-real_id49_0009_088.png,65536,0.3310615225051878,308.6534423828125,C:\My_Project\AIGC\lfw\Mack_Brown\Mack_Brown_0002.jpg,lfw,62500.0,0.1981202834012204,1292.4700927734375,0.03432119638647213,0.2,True
df40_ddim,resolution_matched,C:\My_Project\AIGC\ddim\cdf\Fake_from_Celeb-real\id46_0009\Celeb-real_id6_0003_167.png,65536,0.3384264402493465,302.1522827148437,C:\My_Project\AIGC\lfw\Eric_Lloyd\Eric_Lloyd_0001.jpg,lfw,62500.0,0.1864346103546277,920.3864135742188,0.03432119638647213,0.2,True
df40_ddim,resolution_matched,C:\My_Project\AIGC\ddim\cdf\Fake_from_Celeb-real\id32_0000\Celeb-real_id13_0000_273.png,65536,0.3150270793012818,309.2843322753906,C:\My_Project\AIGC\lfw\Franco_Frattini\Franco_Frattini_0001.jpg,lfw,62500.0,0.167735687397713,590.1715087890625,0.03432119638647213,0.2,True
df40_ddim,resolution_matched,C:\My_Project\AIGC\ddim\cdf\Fake_from_Celeb-real\id4_0008\Celeb-real_id5_0005_299.png,65536,0.3097113420909184,390.5809631347656,C:\My_Project\AIGC\lfw\Laura_Schlessinger\Laura_Schlessinger_0001.jpg,lfw,62500.0,0.1915570528637176,639.376708984375,0.03432119638647213,0.2,True
df40_ddim,resolution_matched,C:\My_Project\AIGC\ddim\cdf\Fake_from_Celeb-real\id59_0004\YouTube-real_00018_420.png,65536,0.3640750827523289,305.50616455078125,C:\My_Project\AIGC\lfw\Cori_Enghusen\Cori_Enghusen_0001.jpg,lfw,62500.0,0.1152937216610604,826.0831298828125,0.03432119638647213,0.2,True
df40_ddim,resolution_matched,C:\My_Project\AIGC\ddim\cdf\Fake_from_Youtube-real\00053\YouTube-real_00071_490.png,65536,0.3730400701527244,297.0946044921875,C:\My_Project\AIGC\lfw\Wayne_Gretzky\Wayne_Gretzky_0004.jpg,lfw,62500.0,0.1776690283564451,1393.90673828125,0.03432119638647213,0.2,True
df40_ddim,resolution_matched,C:\My_Project\AIGC\ddim\cdf\Fake_from_Celeb-real\id40_0009\Celeb-real_id52_0005_373.png,65536,0.3108030053934002,286.984375,C:\My_Project\AIGC\lfw\Platon_Lebedev\Platon_Lebedev_0001.jpg,lfw,62500.0,0.1650399856504294,589.5450439453125,0.03432119638647213,0.2,True
df40_ddim,resolution_matched,C:\My_Project\AIGC\ddim\cdf\Fake_from_Celeb-real\id12_0004\YouTube-real_00067_045.png,65536,0.3108851107750671,222.19146728515625,C:\My_Project\AIGC\lfw\Paul_Bremer\Paul_Bremer_0011.jpg,lfw,62500.0,0.1796484887882445,942.8582763671876,0.03432119638647213,0.2,True
df40_ddim,resolution_matched,C:\My_Project\AIGC\ddim\ff\379\800_097.png,65536,0.3483378740203458,505.4064331054688,C:\My_Project\AIGC\lfw\Tommy_Shane_Steiner\Tommy_Shane_Steiner_0001.jpg,lfw,62500.0,0.1915035481561573,283.3729858398437,0.03432119638647213,0.2,True
df40_ddim,resolution_matched,C:\My_Project\AIGC\ddim\cdf\Fake_from_Celeb-real\id0_0007\Celeb-real_id33_0004_067.png,65536,0.3935309537278842,366.4083862304688,C:\My_Project\AIGC\lfw\Janela_Jara\Janela_Jara_0001.jpg,lfw,62500.0,0.1635179814384254,329.9053955078125,0.03432119638647213,0.2,True
df40_ddim,resolution_matched,C:\My_Project\AIGC\ddim\cdf\Fake_from_Youtube-real\00259\Celeb-real_id25_0002_087.png,65536,0.3504642050529907,289.9867858886719,C:\My_Project\AIGC\lfw\Constance_Marie\Constance_Marie_0002.jpg,lfw,62500.0,0.1783647291454214,976.9891967773438,0.03432119638647213,0.2,True
df40_ddim,resolution_matched,C:\My_Project\AIGC\ddim\cdf\Fake_from_Celeb-real\id37_0003\Celeb-real_id34_0005_153.png,65536,0.3643251589674866,210.2638702392578,C:\My_Project\AIGC\lfw\Ray_Sherman\Ray_Sherman_0001.jpg,lfw,62500.0,0.1822232821117715,869.4234008789062,0.03432119638647213,0.2,True
df40_ddim,resolution_matched,C:\My_Project\AIGC\ddim\cdf\Fake_from_Celeb-real\id40_0007\YouTube-real_00186_016.png,65536,0.3676533028357036,232.4351959228516,C:\My_Project\AIGC\lfw\Jeremy_Shockey\Jeremy_Shockey_0002.jpg,lfw,62500.0,0.1710944471176436,1251.734130859375,0.03432119638647213,0.2,True
df40_ddim,resolution_matched,C:\My_Project\AIGC\ddim\cdf\Fake_from_Youtube-real\00128\Celeb-real_id13_0003_306.png,65536,0.2780379110331407,252.8090362548828,C:\My_Project\AIGC\lfw\Mufti_Mohammad_Syed\Mufti_Mohammad_Syed_0001.jpg,lfw,62500.0,0.1943458362513065,973.0131225585938,0.03432119638647213,0.2,True
df40_ddim,resolution_matched,C:\My_Project\AIGC\ddim\cdf\Fake_from_Celeb-real\id9_0006\Celeb-real_id58_0000_315.png,65536,0.3297108189447427,309.4116516113281,C:\My_Project\AIGC\lfw\Jason_Clermont\Jason_Clermont_0001.jpg,lfw,62500.0,0.1853269124883493,884.5951538085938,0.03432119638647213,0.2,True
df40_ddim,resolution_matched,C:\My_Project\AIGC\ddim\cdf\Fake_from_Celeb-real\id13_0004\Celeb-real_id48_0003_021.png,65536,0.4001496540039101,247.52638244628903,C:\My_Project\AIGC\lfw\Brandon_Jones\Brandon_Jones_0001.jpg,lfw,62500.0,0.2060673379258933,1205.8984375,0.03432119638647213,0.2,True
df40_ddim,resolution_matched,C:\My_Project\AIGC\ddim\cdf\Fake_from_Celeb-real\id30_0005\Celeb-real_id59_0000_525.png,65536,0.3493234526668771,117.66597747802734,C:\My_Project\AIGC\lfw\Toutai_Kefu\Toutai_Kefu_0001.jpg,lfw,62500.0,0.1537180007785629,936.8301391601562,0.03432119638647213,0.2,True
df40_ddim,resolution_matched,C:\My_Project\AIGC\ddim\cdf\Fake_from_Youtube-real\00176\YouTube-real_00184_315.png,65536,0.3589573299818778,141.66307067871094,C:\My_Project\AIGC\lfw\Jennifer_Renee_Short\Jennifer_Renee_Short_0001.jpg,lfw,62500.0,0.1718587210739408,247.1945953369141,0.03432119638647213,0.2,True
df40_ddim,resolution_matched,C:\My_Project\AIGC\ddim\cdf\Fake_from_Celeb-real\id45_0000\Celeb-real_id53_0004_368.png,65536,0.3398296454428705,192.15843200683597,C:\My_Project\AIGC\lfw\Atom_Egoyan\Atom_Egoyan_0001.jpg,lfw,62500.0,0.1569996388570871,977.7578735351562,0.03432119638647213,0.2,True
df40_ddim,resolution_matched,C:\My_Project\AIGC\ddim\cdf\Fake_from_Celeb-real\id44_0002\Celeb-real_id56_0002_337.png,65536,0.3362568719170649,321.0436096191406,C:\My_Project\AIGC\lfw\Glen_DaSilva\Glen_DaSilva_0001.jpg,lfw,62500.0,0.1489750681023939,613.6240234375,0.03432119638647213,0.2,True
df40_ddim,resolution_matched,C:\My_Project\AIGC\ddim\cdf\Fake_from_Celeb-real\id48_0002\YouTube-real_00062_292.png,65536,0.3545879910416933,97.09862518310548,C:\My_Project\AIGC\lfw\Nastia_Liukin\Nastia_Liukin_0001.jpg,lfw,62500.0,0.1642591433864038,970.908935546875,0.03432119638647213,0.2,True
df40_ddim,resolution_matched,C:\My_Project\AIGC\ddim\cdf\Fake_from_Celeb-real\id13_0009\Celeb-real_id30_0003_272.png,65536,0.3164974422125725,249.2499542236328,C:\My_Project\AIGC\lfw\Igor_Ivanov\Igor_Ivanov_0001.jpg,lfw,62500.0,0.1818911044904638,561.5258178710938,0.03432119638647213,0.2,True
df40_ddim,resolution_matched,C:\My_Project\AIGC\ddim\cdf\Fake_from_Youtube-real\00124\Celeb-real_id47_0004_252.png,65536,0.3255972576496443,156.8734588623047,C:\My_Project\AIGC\lfw\Joan_Laporta\Joan_Laporta_0004.jpg,lfw,62500.0,0.1647721615910893,715.208740234375,0.03432119638647213,0.2,True
df40_ddim,resolution_matched,C:\My_Project\AIGC\ddim\cdf\Fake_from_Celeb-real\id23_0006\YouTube-real_00267_234.png,65536,0.3298634913516698,96.04690551757812,C:\My_Project\AIGC\lfw\Mike_Krzyzewski\Mike_Krzyzewski_0006.jpg,lfw,62500.0,0.1329371675292907,832.0701293945312,0.03432119638647213,0.2,True
df40_ddim,resolution_matched,C:\My_Project\AIGC\ddim\cdf\Fake_from_Youtube-real\00129\YouTube-real_00090_240.png,65536,0.3473149133850773,255.32742309570312,C:\My_Project\AIGC\lfw\Fred_Eckhard\Fred_Eckhard_0001.jpg,lfw,62500.0,0.1443231677349892,578.062255859375,0.03432119638647213,0.2,True
df40_ddim,resolution_matched,C:\My_Project\AIGC\ddim\cdf\Fake_from_Youtube-real\00202\Celeb-real_id33_0006_025.png,65536,0.3416330497526982,66.47705841064453,C:\My_Project\AIGC\lfw\Kathy_Gannon\Kathy_Gannon_0001.jpg,lfw,62500.0,0.1979088457195182,356.2877197265625,0.03432119638647213,0.2,True
df40_ddim,resolution_matched,C:\My_Project\AIGC\ddim\cdf\Fake_from_Celeb-real\id9_0002\Celeb-real_id3_0004_465.png,65536,0.3749639858523753,80.09117126464844,C:\My_Project\AIGC\lfw\Craig_Wilson\Craig_Wilson_0001.jpg,lfw,62500.0,0.1847730123341727,1262.4361572265625,0.03432119638647213,0.2,True
df40_ddim,resolution_matched,C:\My_Project\AIGC\ddim\cdf\Fake_from_Celeb-real\id4_0008\Celeb-real_id20_0009_290.png,65536,0.3350034150691977,267.71875,C:\My_Project\AIGC\lfw\Judy_Locy\Judy_Locy_0001.jpg,lfw,62500.0,0.153128888265609,934.07373046875,0.03432119638647213,0.2,True
df40_ddim,resolution_matched,C:\My_Project\AIGC\ddim\cdf\Fake_from_Celeb-real\id48_0003\Celeb-real_id26_0001_205.png,65536,0.3711640836081207,296.19512939453125,C:\My_Project\AIGC\lfw\Hideki_Sato\Hideki_Sato_0001.jpg,lfw,62500.0,0.1941692715685156,994.4304809570312,0.03432119638647213,0.2,True
df40_ddim,resolution_matched,C:\My_Project\AIGC\ddim\cdf\Fake_from_Celeb-real\id16_0013\YouTube-real_00251_246.png,65536,0.3542741910479324,345.6709289550781,C:\My_Project\AIGC\lfw\Andy_Dick\Andy_Dick_0001.jpg,lfw,62500.0,0.1872863558635925,490.3749084472656,0.03432119638647213,0.2,True
df40_ddim,resolution_matched,C:\My_Project\AIGC\ddim\cdf\Fake_from_Celeb-real\id59_0005\YouTube-real_00232_409.png,65536,0.3467296796736335,193.4602813720703,C:\My_Project\AIGC\lfw\Manfred_Reyes_Villa\Manfred_Reyes_Villa_0001.jpg,lfw,62500.0,0.1533757716971028,979.2052612304688,0.03432119638647213,0.2,True
df40_ddim,resolution_matched,C:\My_Project\AIGC\ddim\cdf\Fake_from_Celeb-real\id52_0005\Celeb-real_id45_0006_040.png,65536,0.4457365314244522,483.105224609375,C:\My_Project\AIGC\lfw\Kwon_Yang-sook\Kwon_Yang-sook_0001.jpg,lfw,62500.0,0.1591916576262519,314.2854309082031,0.03432119638647213,0.2,True
df40_ddim,resolution_matched,C:\My_Project\AIGC\ddim\cdf\Fake_from_Youtube-real\00083\Celeb-real_id2_0009_144.png,65536,0.318174715279186,104.16769409179688,C:\My_Project\AIGC\lfw\Jim_Greenwood\Jim_Greenwood_0001.jpg,lfw,62500.0,0.218051513566138,600.7500610351562,0.03432119638647213,0.2,True
df40_ddim,resolution_matched,C:\My_Project\AIGC\ddim\cdf\Fake_from_Youtube-real\00262\Celeb-real_id60_0004_030.png,65536,0.3805380218981327,146.4521484375,C:\My_Project\AIGC\lfw\Jaymon_Crabb\Jaymon_Crabb_0001.jpg,lfw,62500.0,0.1513900392772029,729.30859375,0.03432119638647213,0.2,True
df40_ddim,resolution_matched,C:\My_Project\AIGC\ddim\cdf\Fake_from_Celeb-real\id37_0005\Celeb-real_id43_0005_139.png,65536,0.3192156777322383,181.6665802001953,C:\My_Project\AIGC\lfw\Mark_Kelly\Mark_Kelly_0001.jpg,lfw,62500.0,0.2233361335585534,299.5162048339844,0.03432119638647213,0.2,True
df40_ddim,resolution_matched,C:\My_Project\AIGC\ddim\cdf\Fake_from_Celeb-real\id7_0003\Celeb-real_id53_0002_196.png,65536,0.3500253933235209,299.4886779785156,C:\My_Project\AIGC\lfw\Glenn_Plummer\Glenn_Plummer_0001.jpg,lfw,62500.0,0.1803661955050487,407.8361206054688,0.03432119638647213,0.2,True
df40_ddim,resolution_matched,C:\My_Project\AIGC\ddim\cdf\Fake_from_Celeb-real\id27_0003\Celeb-real_id37_0005_309.png,65536,0.4366811106902243,152.68936157226562,C:\My_Project\AIGC\lfw\Robin_Williams\Robin_Williams_0001.jpg,lfw,62500.0,0.1647262518010419,1698.8560791015625,0.03432119638647213,0.2,True
df40_ddim,resolution_matched,C:\My_Project\AIGC\ddim\cdf\Fake_from_Celeb-real\id13_0000\YouTube-real_00056_481.png,65536,0.3102699789364145,304.68896484375,C:\My_Project\AIGC\lfw\Spencer_Abraham\Spencer_Abraham_0010.jpg,lfw,62500.0,0.1631360997275852,562.5260009765625,0.03432119638647213,0.2,True
df40_ddim,resolution_matched,C:\My_Project\AIGC\ddim\cdf\Fake_from_Celeb-real\id16_0006\Celeb-real_id26_0003_224.png,65536,0.2654408585428685,299.2655639648437,C:\My_Project\AIGC\lfw\Bill_Readdy\Bill_Readdy_0001.jpg,lfw,62500.0,0.1660207857950126,819.0056762695312,0.03432119638647213,0.2,True
df40_ddim,facesize_matched,C:\My_Project\AIGC\ddim\cdf\Fake_from_Celeb-real\id2_0001\YouTube-real_00022_181.png,65536,0.273683949921075,355.05877685546875,,,,,,0.4924429312028532,0.34641016151377546,False
df40_ddim,facesize_matched,C:\My_Project\AIGC\ddim\cdf\Fake_from_Youtube-real\00271\YouTube-real_00189_290.png,65536,0.3545798602055458,275.95513916015625,,,,,,1.101348046273186,0.34641016151377546,False
df40_ddim,facesize_matched,C:\My_Project\AIGC\ddim\cdf\Fake_from_Youtube-real\00042\Celeb-real_id26_0005_291.png,65536,0.325135228056051,133.5607452392578,,,,,,1.0682300074627356,0.34641016151377546,False
df40_ddim,facesize_matched,C:\My_Project\AIGC\ddim\cdf\Fake_from_Youtube-real\00050\Celeb-real_id50_0000_063.png,65536,0.3337158233316215,187.6464080810547,,,,,,1.2505609723915287,0.34641016151377546,False
df40_ddim,facesize_matched,C:\My_Project\AIGC\ddim\cdf\Fake_from_Youtube-real\00069\Celeb-real_id47_0009_132.png,65536,0.3376201192209729,265.31671142578125,,,,,,0.9078541380655513,0.34641016151377546,False
df40_ddim,facesize_matched,C:\My_Project\AIGC\ddim\cdf\Fake_from_Celeb-real\id52_0001\Celeb-real_id46_0003_000.png,65536,0.3150827327089355,228.5750732421875,,,,,,0.6273317808699111,0.34641016151377546,False
df40_ddim,facesize_matched,C:\My_Project\AIGC\ddim\cdf\Fake_from_Celeb-real\id39_0000\Celeb-real_id49_0009_088.png,65536,0.3310615225051878,308.6534423828125,,,,,,0.8166873197607156,0.34641016151377546,False
df40_ddim,facesize_matched,C:\My_Project\AIGC\ddim\cdf\Fake_from_Celeb-real\id46_0009\Celeb-real_id6_0003_167.png,65536,0.3384264402493465,302.1522827148437,C:\My_Project\AIGC\AIGuard\unseen\Real_44.jpg,aiguard_unseen_real,5363856.0,0.3484007895514039,987.0241088867188,0.12254170868572002,0.34641016151377546,True
df40_ddim,facesize_matched,C:\My_Project\AIGC\ddim\cdf\Fake_from_Celeb-real\id32_0000\Celeb-real_id13_0000_273.png,65536,0.3150270793012818,309.2843322753906,,,,,,0.583552239372607,0.34641016151377546,False
df40_ddim,facesize_matched,C:\My_Project\AIGC\ddim\cdf\Fake_from_Celeb-real\id4_0008\Celeb-real_id5_0005_299.png,65536,0.3097113420909184,390.5809631347656,,,,,,0.5638097446734264,0.34641016151377546,False
df40_ddim,facesize_matched,C:\My_Project\AIGC\ddim\cdf\Fake_from_Celeb-real\id59_0004\YouTube-real_00018_420.png,65536,0.3640750827523289,305.50616455078125,,,,,,1.0532326088236965,0.34641016151377546,False
df40_ddim,facesize_matched,C:\My_Project\AIGC\ddim\cdf\Fake_from_Youtube-real\00053\YouTube-real_00071_490.png,65536,0.3730400701527244,297.0946044921875,,,,,,0.7559305728098044,0.34641016151377546,False
df40_ddim,facesize_matched,C:\My_Project\AIGC\ddim\cdf\Fake_from_Celeb-real\id40_0009\Celeb-real_id52_0005_373.png,65536,0.3108030053934002,286.984375,,,,,,0.9214496013579241,0.34641016151377546,False
df40_ddim,facesize_matched,C:\My_Project\AIGC\ddim\cdf\Fake_from_Celeb-real\id12_0004\YouTube-real_00067_045.png,65536,0.3108851107750671,222.19146728515625,,,,,,0.81398162664706,0.34641016151377546,False
df40_ddim,facesize_matched,C:\My_Project\AIGC\ddim\ff\379\800_097.png,65536,0.3483378740203458,505.4064331054688,,,,,,1.009028600058061,0.34641016151377546,False
df40_ddim,facesize_matched,C:\My_Project\AIGC\ddim\cdf\Fake_from_Celeb-real\id0_0007\Celeb-real_id33_0004_067.png,65536,0.3935309537278842,366.4083862304688,C:\My_Project\AIGC\AIGuard\unseen\Real_55.jpg,aiguard_unseen_real,1795600.0,0.4144550651545491,328.1111145019531,0.2220547059665725,0.34641016151377546,True
df40_ddim,facesize_matched,C:\My_Project\AIGC\ddim\cdf\Fake_from_Youtube-real\00259\Celeb-real_id25_0002_087.png,65536,0.3504642050529907,289.9867858886719,,,,,,0.6330738697820322,0.34641016151377546,False
df40_ddim,facesize_matched,C:\My_Project\AIGC\ddim\cdf\Fake_from_Celeb-real\id37_0003\Celeb-real_id34_0005_153.png,65536,0.3643251589674866,210.2638702392578,,,,,,0.35262511328956136,0.34641016151377546,False
df40_ddim,facesize_matched,C:\My_Project\AIGC\ddim\cdf\Fake_from_Celeb-real\id40_0007\YouTube-real_00186_016.png,65536,0.3676533028357036,232.4351959228516,,,,,,0.5980897881516856,0.34641016151377546,False
df40_ddim,facesize_matched,C:\My_Project\AIGC\ddim\cdf\Fake_from_Youtube-real\00128\Celeb-real_id13_0003_306.png,65536,0.2780379110331407,252.8090362548828,C:\My_Project\AIGC\celeba_test\197780.jpg,celeba_test,38804.0,0.2640721832099606,232.1994781494141,0.22426236578108508,0.34641016151377546,True
df40_ddim,facesize_matched,C:\My_Project\AIGC\ddim\cdf\Fake_from_Celeb-real\id9_0006\Celeb-real_id58_0000_315.png,65536,0.3297108189447427,309.4116516113281,,,,,,1.1774751007724613,0.34641016151377546,False
df40_ddim,facesize_matched,C:\My_Project\AIGC\ddim\cdf\Fake_from_Celeb-real\id13_0004\Celeb-real_id48_0003_021.png,65536,0.4001496540039101,247.52638244628903,,,,,,0.6546623254328436,0.34641016151377546,False
df40_ddim,facesize_matched,C:\My_Project\AIGC\ddim\cdf\Fake_from_Celeb-real\id30_0005\Celeb-real_id59_0000_525.png,65536,0.3493234526668771,117.66597747802734,,,,,,1.2122283096688562,0.34641016151377546,False
df40_ddim,facesize_matched,C:\My_Project\AIGC\ddim\cdf\Fake_from_Youtube-real\00176\YouTube-real_00184_315.png,65536,0.3589573299818778,141.66307067871094,,,,,,0.7646349776396919,0.34641016151377546,False
df40_ddim,facesize_matched,C:\My_Project\AIGC\ddim\cdf\Fake_from_Celeb-real\id45_0000\Celeb-real_id53_0004_368.png,65536,0.3398296454428705,192.15843200683597,,,,,,1.0584571569603893,0.34641016151377546,False
df40_ddim,facesize_matched,C:\My_Project\AIGC\ddim\cdf\Fake_from_Celeb-real\id44_0002\Celeb-real_id56_0002_337.png,65536,0.3362568719170649,321.0436096191406,,,,,,1.1847144706215513,0.34641016151377546,False
df40_ddim,facesize_matched,C:\My_Project\AIGC\ddim\cdf\Fake_from_Celeb-real\id48_0002\YouTube-real_00062_292.png,65536,0.3545879910416933,97.09862518310548,,,,,,0.6363222352564702,0.34641016151377546,False
df40_ddim,facesize_matched,C:\My_Project\AIGC\ddim\cdf\Fake_from_Celeb-real\id13_0009\Celeb-real_id30_0003_272.png,65536,0.3164974422125725,249.2499542236328,,,,,,0.9689434814522221,0.34641016151377546,False
df40_ddim,facesize_matched,C:\My_Project\AIGC\ddim\cdf\Fake_from_Youtube-real\00124\Celeb-real_id47_0004_252.png,65536,0.3255972576496443,156.8734588623047,,,,,,1.0250349389596813,0.34641016151377546,False
df40_ddim,facesize_matched,C:\My_Project\AIGC\ddim\cdf\Fake_from_Celeb-real\id23_0006\YouTube-real_00267_234.png,65536,0.3298634913516698,96.04690551757812,,,,,,0.9894903180360535,0.34641016151377546,False
df40_ddim,facesize_matched,C:\My_Project\AIGC\ddim\cdf\Fake_from_Youtube-real\00129\YouTube-real_00090_240.png,65536,0.3473149133850773,255.32742309570312,,,,,,1.1871106947970278,0.34641016151377546,False
df40_ddim,facesize_matched,C:\My_Project\AIGC\ddim\cdf\Fake_from_Youtube-real\00202\Celeb-real_id33_0006_025.png,65536,0.3416330497526982,66.47705841064453,,,,,,0.8095425002414549,0.34641016151377546,False
df40_ddim,facesize_matched,C:\My_Project\AIGC\ddim\cdf\Fake_from_Celeb-real\id9_0002\Celeb-real_id3_0004_465.png,65536,0.3749639858523753,80.09117126464844,,,,,,0.3848210458380085,0.34641016151377546,False
df40_ddim,facesize_matched,C:\My_Project\AIGC\ddim\cdf\Fake_from_Celeb-real\id4_0008\Celeb-real_id20_0009_290.png,65536,0.3350034150691977,267.71875,,,,,,0.788508211887043,0.34641016151377546,False
df40_ddim,facesize_matched,C:\My_Project\AIGC\ddim\cdf\Fake_from_Celeb-real\id48_0003\Celeb-real_id26_0001_205.png,65536,0.3711640836081207,296.19512939453125,,,,,,0.5827258560106383,0.34641016151377546,False
df40_ddim,facesize_matched,C:\My_Project\AIGC\ddim\cdf\Fake_from_Celeb-real\id16_0013\YouTube-real_00251_246.png,65536,0.3542741910479324,345.6709289550781,,,,,,0.3522334507369721,0.34641016151377546,False
df40_ddim,facesize_matched,C:\My_Project\AIGC\ddim\cdf\Fake_from_Celeb-real\id59_0005\YouTube-real_00232_409.png,65536,0.3467296796736335,193.4602813720703,,,,,,0.565515747439892,0.34641016151377546,False
df40_ddim,facesize_matched,C:\My_Project\AIGC\ddim\cdf\Fake_from_Celeb-real\id52_0005\Celeb-real_id45_0006_040.png,65536,0.4457365314244522,483.105224609375,C:\My_Project\AIGC\AIGuard\unseen\Real_77.jpg,aiguard_unseen_real,748225.0,0.4612019951267781,308.55059814453125,0.15646869127973478,0.34641016151377546,True
df40_ddim,facesize_matched,C:\My_Project\AIGC\ddim\cdf\Fake_from_Youtube-real\00083\Celeb-real_id2_0009_144.png,65536,0.318174715279186,104.16769409179688,,,,,,0.9207074648482748,0.34641016151377546,False
df40_ddim,facesize_matched,C:\My_Project\AIGC\ddim\cdf\Fake_from_Youtube-real\00262\Celeb-real_id60_0004_030.png,65536,0.3805380218981327,146.4521484375,,,,,,0.6462495891543198,0.34641016151377546,False
df40_ddim,facesize_matched,C:\My_Project\AIGC\ddim\cdf\Fake_from_Celeb-real\id37_0005\Celeb-real_id43_0005_139.png,65536,0.3192156777322383,181.6665802001953,,,,,,0.6994251208434495,0.34641016151377546,False
df40_ddim,facesize_matched,C:\My_Project\AIGC\ddim\cdf\Fake_from_Celeb-real\id7_0003\Celeb-real_id53_0002_196.png,65536,0.3500253933235209,299.4886779785156,,,,,,0.4601239276201305,0.34641016151377546,False
df40_ddim,facesize_matched,C:\My_Project\AIGC\ddim\cdf\Fake_from_Celeb-real\id27_0003\Celeb-real_id37_0005_309.png,65536,0.4366811106902243,152.68936157226562,C:\My_Project\AIGC\AIGuard\unseen\Real_64.jpg,aiguard_unseen_real,4721929.0,0.4563852779549985,194.59027099609372,0.19924959812689624,0.34641016151377546,True
df40_ddim,facesize_matched,C:\My_Project\AIGC\ddim\cdf\Fake_from_Celeb-real\id13_0000\YouTube-real_00056_481.png,65536,0.3102699789364145,304.68896484375,,,,,,0.712370994211225,0.34641016151377546,False
df40_ddim,facesize_matched,C:\My_Project\AIGC\ddim\cdf\Fake_from_Celeb-real\id16_0006\Celeb-real_id26_0003_224.png,65536,0.2654408585428685,299.2655639648437,,,,,,0.3895544547670675,0.34641016151377546,False
df40_ddim,joint_matched,C:\My_Project\AIGC\ddim\cdf\Fake_from_Celeb-real\id2_0001\YouTube-real_00022_181.png,65536,0.273683949921075,355.05877685546875,,,,,,0.6215284812913943,0.4,False
df40_ddim,joint_matched,C:\My_Project\AIGC\ddim\cdf\Fake_from_Youtube-real\00271\YouTube-real_00189_290.png,65536,0.3545798602055458,275.95513916015625,,,,,,1.411892512374246,0.4,False
df40_ddim,joint_matched,C:\My_Project\AIGC\ddim\cdf\Fake_from_Youtube-real\00042\Celeb-real_id26_0005_291.png,65536,0.325135228056051,133.5607452392578,,,,,,1.1278571512944882,0.4,False
df40_ddim,joint_matched,C:\My_Project\AIGC\ddim\cdf\Fake_from_Youtube-real\00050\Celeb-real_id50_0000_063.png,65536,0.3337158233316215,187.6464080810547,,,,,,1.287102168319133,0.4,False
df40_ddim,joint_matched,C:\My_Project\AIGC\ddim\cdf\Fake_from_Youtube-real\00069\Celeb-real_id47_0009_132.png,65536,0.3376201192209729,265.31671142578125,,,,,,1.1230781934557823,0.4,False
df40_ddim,joint_matched,C:\My_Project\AIGC\ddim\cdf\Fake_from_Celeb-real\id52_0001\Celeb-real_id46_0003_000.png,65536,0.3150827327089355,228.5750732421875,,,,,,0.9262779374496828,0.4,False
df40_ddim,joint_matched,C:\My_Project\AIGC\ddim\cdf\Fake_from_Celeb-real\id39_0000\Celeb-real_id49_0009_088.png,65536,0.3310615225051878,308.6534423828125,,,,,,1.247103810294701,0.4,False
df40_ddim,joint_matched,C:\My_Project\AIGC\ddim\cdf\Fake_from_Celeb-real\id46_0009\Celeb-real_id6_0003_167.png,65536,0.3384264402493465,302.1522827148437,,,,,,1.0159186665987168,0.4,False
df40_ddim,joint_matched,C:\My_Project\AIGC\ddim\cdf\Fake_from_Celeb-real\id32_0000\Celeb-real_id13_0000_273.png,65536,0.3150270793012818,309.2843322753906,,,,,,0.783824556730967,0.4,False
df40_ddim,joint_matched,C:\My_Project\AIGC\ddim\cdf\Fake_from_Celeb-real\id4_0008\Celeb-real_id5_0005_299.png,65536,0.3097113420909184,390.5809631347656,,,,,,0.9562210563142282,0.4,False
df40_ddim,joint_matched,C:\My_Project\AIGC\ddim\cdf\Fake_from_Celeb-real\id59_0004\YouTube-real_00018_420.png,65536,0.3640750827523289,305.50616455078125,,,,,,1.1584394824913609,0.4,False
df40_ddim,joint_matched,C:\My_Project\AIGC\ddim\cdf\Fake_from_Youtube-real\00053\YouTube-real_00071_490.png,65536,0.3730400701527244,297.0946044921875,,,,,,0.9677704294138247,0.4,False
df40_ddim,joint_matched,C:\My_Project\AIGC\ddim\cdf\Fake_from_Celeb-real\id40_0009\Celeb-real_id52_0005_373.png,65536,0.3108030053934002,286.984375,,,,,,1.0324923050419221,0.4,False
df40_ddim,joint_matched,C:\My_Project\AIGC\ddim\cdf\Fake_from_Celeb-real\id12_0004\YouTube-real_00067_045.png,65536,0.3108851107750671,222.19146728515625,,,,,,0.9910580158523211,0.4,False
df40_ddim,joint_matched,C:\My_Project\AIGC\ddim\ff\379\800_097.png,65536,0.3483378740203458,505.4064331054688,,,,,,1.187074637496905,0.4,False
df40_ddim,joint_matched,C:\My_Project\AIGC\ddim\cdf\Fake_from_Celeb-real\id0_0007\Celeb-real_id33_0004_067.png,65536,0.3935309537278842,366.4083862304688,,,,,,0.6992537411305277,0.4,False
df40_ddim,joint_matched,C:\My_Project\AIGC\ddim\cdf\Fake_from_Youtube-real\00259\Celeb-real_id25_0002_087.png,65536,0.3504642050529907,289.9867858886719,,,,,,1.1678490022627015,0.4,False
df40_ddim,joint_matched,C:\My_Project\AIGC\ddim\cdf\Fake_from_Celeb-real\id37_0003\Celeb-real_id34_0005_153.png,65536,0.3643251589674866,210.2638702392578,,,,,,1.2844174459746693,0.4,False
df40_ddim,joint_matched,C:\My_Project\AIGC\ddim\cdf\Fake_from_Celeb-real\id40_0007\YouTube-real_00186_016.png,65536,0.3676533028357036,232.4351959228516,,,,,,0.6044901832609081,0.4,False
df40_ddim,joint_matched,C:\My_Project\AIGC\ddim\cdf\Fake_from_Youtube-real\00128\Celeb-real_id13_0003_306.png,65536,0.2780379110331407,252.8090362548828,,,,,,0.611175302382432,0.4,False
df40_ddim,joint_matched,C:\My_Project\AIGC\ddim\cdf\Fake_from_Celeb-real\id9_0006\Celeb-real_id58_0000_315.png,65536,0.3297108189447427,309.4116516113281,,,,,,1.305393558090299,0.4,False
df40_ddim,joint_matched,C:\My_Project\AIGC\ddim\cdf\Fake_from_Celeb-real\id13_0004\Celeb-real_id48_0003_021.png,65536,0.4001496540039101,247.52638244628903,,,,,,0.8110961400267142,0.4,False
df40_ddim,joint_matched,C:\My_Project\AIGC\ddim\cdf\Fake_from_Celeb-real\id30_0005\Celeb-real_id59_0000_525.png,65536,0.3493234526668771,117.66597747802734,,,,,,1.1377795086984153,0.4,False
df40_ddim,joint_matched,C:\My_Project\AIGC\ddim\cdf\Fake_from_Youtube-real\00176\YouTube-real_00184_315.png,65536,0.3589573299818778,141.66307067871094,,,,,,1.223524861530918,0.4,False
df40_ddim,joint_matched,C:\My_Project\AIGC\ddim\cdf\Fake_from_Celeb-real\id45_0000\Celeb-real_id53_0004_368.png,65536,0.3398296454428705,192.15843200683597,,,,,,1.1489338153382136,0.4,False
df40_ddim,joint_matched,C:\My_Project\AIGC\ddim\cdf\Fake_from_Celeb-real\id44_0002\Celeb-real_id56_0002_337.png,65536,0.3362568719170649,321.0436096191406,,,,,,1.1945382716901183,0.4,False
df40_ddim,joint_matched,C:\My_Project\AIGC\ddim\cdf\Fake_from_Celeb-real\id48_0002\YouTube-real_00062_292.png,65536,0.3545879910416933,97.09862518310548,,,,,,1.1432765661506228,0.4,False
df40_ddim,joint_matched,C:\My_Project\AIGC\ddim\cdf\Fake_from_Celeb-real\id13_0009\Celeb-real_id30_0003_272.png,65536,0.3164974422125725,249.2499542236328,,,,,,1.109431539351481,0.4,False
df40_ddim,joint_matched,C:\My_Project\AIGC\ddim\cdf\Fake_from_Youtube-real\00124\Celeb-real_id47_0004_252.png,65536,0.3255972576496443,156.8734588623047,,,,,,1.1325808477668742,0.4,False
df40_ddim,joint_matched,C:\My_Project\AIGC\ddim\cdf\Fake_from_Celeb-real\id23_0006\YouTube-real_00267_234.png,65536,0.3298634913516698,96.04690551757812,,,,,,1.1784440377922445,0.4,False
df40_ddim,joint_matched,C:\My_Project\AIGC\ddim\cdf\Fake_from_Youtube-real\00129\YouTube-real_00090_240.png,65536,0.3473149133850773,255.32742309570312,,,,,,1.0469824103572858,0.4,False
df40_ddim,joint_matched,C:\My_Project\AIGC\ddim\cdf\Fake_from_Youtube-real\00202\Celeb-real_id33_0006_025.png,65536,0.3416330497526982,66.47705841064453,,,,,,1.2379385667338794,0.4,False
df40_ddim,joint_matched,C:\My_Project\AIGC\ddim\cdf\Fake_from_Celeb-real\id9_0002\Celeb-real_id3_0004_465.png,65536,0.3749639858523753,80.09117126464844,,,,,,0.6011788660827226,0.4,False
df40_ddim,joint_matched,C:\My_Project\AIGC\ddim\cdf\Fake_from_Celeb-real\id4_0008\Celeb-real_id20_0009_290.png,65536,0.3350034150691977,267.71875,,,,,,1.168923923106277,0.4,False
df40_ddim,joint_matched,C:\My_Project\AIGC\ddim\cdf\Fake_from_Celeb-real\id48_0003\Celeb-real_id26_0001_205.png,65536,0.3711640836081207,296.19512939453125,,,,,,1.3608540091560926,0.4,False
df40_ddim,joint_matched,C:\My_Project\AIGC\ddim\cdf\Fake_from_Celeb-real\id16_0013\YouTube-real_00251_246.png,65536,0.3542741910479324,345.6709289550781,,,,,,1.062266360504745,0.4,False
df40_ddim,joint_matched,C:\My_Project\AIGC\ddim\cdf\Fake_from_Celeb-real\id59_0005\YouTube-real_00232_409.png,65536,0.3467296796736335,193.4602813720703,,,,,,1.0555682976040963,0.4,False
df40_ddim,joint_matched,C:\My_Project\AIGC\ddim\cdf\Fake_from_Celeb-real\id52_0005\Celeb-real_id45_0006_040.png,65536,0.4457365314244522,483.105224609375,C:\My_Project\AIGC\AIGuard\unseen\Real_74.jpg,aiguard_unseen_real,72900.0,0.4768471750207472,715.073974609375,0.31536024910442456,0.4,True
df40_ddim,joint_matched,C:\My_Project\AIGC\ddim\cdf\Fake_from_Youtube-real\00083\Celeb-real_id2_0009_144.png,65536,0.318174715279186,104.16769409179688,,,,,,0.9213469381013517,0.4,False
df40_ddim,joint_matched,C:\My_Project\AIGC\ddim\cdf\Fake_from_Youtube-real\00262\Celeb-real_id60_0004_030.png,65536,0.3805380218981327,146.4521484375,,,,,,1.2661052310220278,0.4,False
df40_ddim,joint_matched,C:\My_Project\AIGC\ddim\cdf\Fake_from_Celeb-real\id37_0005\Celeb-real_id43_0005_139.png,65536,0.3192156777322383,181.6665802001953,,,,,,1.193511181012117,0.4,False
df40_ddim,joint_matched,C:\My_Project\AIGC\ddim\cdf\Fake_from_Celeb-real\id7_0003\Celeb-real_id53_0002_196.png,65536,0.3500253933235209,299.4886779785156,,,,,,0.9624576389511493,0.4,False
df40_ddim,joint_matched,C:\My_Project\AIGC\ddim\cdf\Fake_from_Celeb-real\id27_0003\Celeb-real_id37_0005_309.png,65536,0.4366811106902243,152.68936157226562,,,,,,0.47576759252922873,0.4,False
df40_ddim,joint_matched,C:\My_Project\AIGC\ddim\cdf\Fake_from_Celeb-real\id13_0000\YouTube-real_00056_481.png,65536,0.3102699789364145,304.68896484375,,,,,,1.0348564645111524,0.4,False
df40_ddim,joint_matched,C:\My_Project\AIGC\ddim\cdf\Fake_from_Celeb-real\id16_0006\Celeb-real_id26_0003_224.png,65536,0.2654408585428685,299.2655639648437,,,,,,0.5624998123652534,0.4,False
df40_pixart,resolution_matched,C:\My_Project\AIGC\pixart\cdf\Fake_from_Celeb-real\id60_0003\Celeb-real_id56_0001_149.png,1048576,0.2927465891690394,112.76744842529295,C:\My_Project\AIGC\AIGuard\unseen\Real_94.jpeg,aiguard_unseen_real,1078800.0,0.1037431201671816,1243.856201171875,0.017652033904645092,0.2,True
df40_pixart,resolution_matched,C:\My_Project\AIGC\pixart\cdf\Fake_from_Celeb-real\id17_0002\YouTube-real_00081_218.png,1048576,0.3537308218548152,200.6190490722656,C:\My_Project\AIGC\AIGuard\unseen\Real_93.jpg,aiguard_unseen_real,960000.0,0.1084467203532438,597.6739501953125,0.054823581547086775,0.2,True
df40_pixart,resolution_matched,C:\My_Project\AIGC\pixart\cdf\Fake_from_Celeb-real\id56_0003\YouTube-real_00197_360.png,1048576,0.3266793484011105,145.08938598632812,C:\My_Project\AIGC\AIGuard\unseen\Real_82.jpg,aiguard_unseen_real,937024.0,0.5664580022918406,245.4823760986328,0.06987164727897821,0.2,True
df40_pixart,resolution_matched,C:\My_Project\AIGC\pixart\cdf\Fake_from_Celeb-real\id53_0008\YouTube-real_00122_349.png,1048576,0.3328738175507925,95.45658111572266,C:\My_Project\AIGC\AIGuard\unseen\Real_6.jpg,aiguard_unseen_real,1177225.0,0.5554104703247716,293.2361755371094,0.07188896769467013,0.2,True
df40_pixart,resolution_matched,C:\My_Project\AIGC\pixart\cdf\Fake_from_Celeb-real\id42_0004\Celeb-real_id53_0006_171.png,1048576,0.2902352503869159,167.64849853515625,C:\My_Project\AIGC\AIGuard\unseen\Real_21.jpg,aiguard_unseen_real,1181569.0,0.5028728627632192,398.04876708984375,0.0741769788550648,0.2,True
df40_pixart,resolution_matched,C:\My_Project\AIGC\pixart\cdf\Fake_from_Celeb-real\id41_0005\YouTube-real_00192_015.png,1048576,0.195914310357763,383.2612609863281,C:\My_Project\AIGC\AIGuard\unseen\Real_39.jpg,aiguard_unseen_real,879844.0,0.5939141245992882,339.8829345703125,0.10898473188202273,0.2,True
df40_pixart,resolution_matched,C:\My_Project\AIGC\pixart\ff\494\870_252.png,1048576,0.3297135412150491,469.1653442382813,,,,,,0.6253774003267478,0.2,False
df40_pixart,resolution_matched,C:\My_Project\AIGC\pixart\cdf\Fake_from_Celeb-real\id3_0003\YouTube-real_00029_327.png,1048576,0.598296194825279,248.7129821777344,C:\My_Project\AIGC\AIGuard\unseen\Real_43.jpg,aiguard_unseen_real,1320201.0,0.5527699943138425,314.23150634765625,0.14309282144678792,0.2,True
df40_pixart,resolution_matched,C:\My_Project\AIGC\pixart\cdf\Fake_from_Youtube-real\00025\Celeb-real_id5_0002_447.png,1048576,0.3284449789792255,144.03195190429688,C:\My_Project\AIGC\AIGuard\unseen\Real_86.jpg,aiguard_unseen_real,801025.0,0.4879409290772447,525.849609375,0.16728539802281417,0.2,True
df40_pixart,resolution_matched,C:\My_Project\AIGC\pixart\cdf\Fake_from_Celeb-real\id22_0001\Celeb-real_id32_0009_370.png,1048576,0.3202493265560264,436.4238586425781,C:\My_Project\AIGC\AIGuard\unseen\Real_32.jpg,aiguard_unseen_real,770884.0,0.5611656589434465,874.445068359375,0.1911108603226097,0.2,True
df40_pixart,resolution_matched,C:\My_Project\AIGC\pixart\cdf\Fake_from_Youtube-real\00096\YouTube-real_00142_231.png,1048576,0.2995597476927795,217.11203002929688,,,,,,0.7900031527967004,0.2,False
df40_pixart,resolution_matched,C:\My_Project\AIGC\pixart\cdf\Fake_from_Celeb-real\id26_0003\Celeb-real_id54_0008_325.png,1048576,0.3736811992299363,159.9233856201172,,,,,,0.7904155438668116,0.2,False
df40_pixart,resolution_matched,C:\My_Project\AIGC\pixart\cdf\Fake_from_Youtube-real\00218\Celeb-real_id36_0007_434.png,1048576,0.3215756317863655,507.97119140625,,,,,,0.2446018668243113,0.2,False
df40_pixart,resolution_matched,C:\My_Project\AIGC\pixart\cdf\Fake_from_Celeb-real\id35_0008\YouTube-real_00081_145.png,1048576,0.3083686045608156,192.7028961181641,,,,,,0.6293980825056604,0.2,False
df40_pixart,resolution_matched,C:\My_Project\AIGC\pixart\cdf\Fake_from_Celeb-real\id17_0009\Celeb-real_id57_0007_227.png,1048576,0.2903211707121613,242.8706512451172,,,,,,0.3341445479102483,0.2,False
df40_pixart,resolution_matched,C:\My_Project\AIGC\pixart\cdf\Fake_from_Celeb-real\id22_0008\Celeb-real_id19_0008_072.png,1048576,0.3916254096753124,221.4300079345703,,,,,,0.3498070653574943,0.2,False
df40_pixart,resolution_matched,C:\My_Project\AIGC\pixart\cdf\Fake_from_Youtube-real\00271\YouTube-real_00286_461.png,1048576,0.5068753242267312,167.5508270263672,,,,,,0.36065285620790477,0.2,False
df40_pixart,resolution_matched,C:\My_Project\AIGC\pixart\cdf\Fake_from_Youtube-real\00206\Celeb-real_id59_0009_000.png,1048576,0.3488497051078099,539.2096557617188,,,,,,0.8539005408077552,0.2,False
df40_pixart,resolution_matched,C:\My_Project\AIGC\pixart\cdf\Fake_from_Celeb-real\id8_0003\Celeb-real_id1_0005_054.png,1048576,0.384214218314871,165.61471557617188,,,,,,0.4958843390783729,0.2,False
df40_pixart,resolution_matched,C:\My_Project\AIGC\pixart\cdf\Fake_from_Youtube-real\00061\Celeb-real_id57_0003_322.png,1048576,0.388575281319859,179.3041229248047,,,,,,0.687611117017283,0.2,False
df40_pixart,resolution_matched,C:\My_Project\AIGC\pixart\cdf\Fake_from_Celeb-real\id16_0004\Celeb-real_id23_0002_071.png,1048576,0.4747297076573074,264.6283569335937,,,,,,0.4767628069997092,0.2,False
df40_pixart,resolution_matched,C:\My_Project\AIGC\pixart\cdf\Fake_from_Celeb-real\id5_0004\Celeb-real_id33_0002_290.png,1048576,0.2430724499188777,260.332763671875,,,,,,0.4684691199321107,0.2,False
df40_pixart,resolution_matched,C:\My_Project\AIGC\pixart\cdf\Fake_from_Celeb-real\id23_0006\Celeb-real_id16_0006_194.png,1048576,0.3080047113640872,103.71439361572266,,,,,,0.28400705973495777,0.2,False
df40_pixart,resolution_matched,C:\My_Project\AIGC\pixart\cdf\Fake_from_Youtube-real\00236\Celeb-real_id28_0001_053.png,1048576,0.3493309951740838,246.8471221923828,,,,,,0.28882439694143014,0.2,False
df40_pixart,resolution_matched,C:\My_Project\AIGC\pixart\cdf\Fake_from_Celeb-real\id24_0009\Celeb-real_id40_0007_095.png,1048576,0.4643833048675773,117.17163848876952,,,,,,0.795008487023606,0.2,False
df40_pixart,resolution_matched,C:\My_Project\AIGC\pixart\cdf\Fake_from_Youtube-real\00248\Celeb-real_id44_0000_000.png,1048576,0.3825526502879136,104.09630584716795,,,,,,0.5061698534656816,0.2,False
df40_pixart,resolution_matched,C:\My_Project\AIGC\pixart\cdf\Fake_from_Celeb-real\id37_0002\YouTube-real_00172_136.png,1048576,0.6334395066543225,169.4496307373047,,,,,,0.7744726523831811,0.2,False
df40_pixart,resolution_matched,C:\My_Project\AIGC\pixart\cdf\Fake_from_Celeb-real\id47_0000\Celeb-real_id56_0000_241.png,1048576,0.3841618241117042,215.3856964111328,,,,,,0.49227273854389375,0.2,False
df40_pixart,resolution_matched,C:\My_Project\AIGC\pixart\cdf\Fake_from_Celeb-real\id55_0008\YouTube-real_00115_240.png,1048576,0.334837965213657,237.52035522460935,,,,,,0.7090500464293492,0.2,False
df40_pixart,resolution_matched,C:\My_Project\AIGC\pixart\cdf\Fake_from_Celeb-real\id40_0009\Celeb-real_id27_0007_298.png,1048576,0.5023495790528985,267.0181884765625,,,,,,0.44625304380155073,0.2,False
df40_pixart,resolution_matched,C:\My_Project\AIGC\pixart\cdf\Fake_from_Celeb-real\id37_0007\YouTube-real_00229_394.png,1048576,0.3487139400545481,242.8304748535156,,,,,,0.8242169641935926,0.2,False
df40_pixart,resolution_matched,C:\My_Project\AIGC\pixart\cdf\Fake_from_Celeb-real\id33_0009\Celeb-real_id31_0008_356.png,1048576,0.5272327273673001,137.85060119628906,C:\My_Project\AIGC\AIGuard\unseen\Real_18.jpg,aiguard_unseen_real,868624.0,0.4688899137228423,519.1276245117188,0.11695731352297223,0.2,True
df40_pixart,resolution_matched,C:\My_Project\AIGC\pixart\cdf\Fake_from_Celeb-real\id4_0003\Celeb-real_id16_0006_000.png,1048576,0.455241232883191,109.91434478759766,,,,,,0.499506469075368,0.2,False
df40_pixart,resolution_matched,C:\My_Project\AIGC\pixart\cdf\Fake_from_Celeb-real\id39_0000\YouTube-real_00182_477.png,1048576,0.2689683268848727,140.71714782714844,,,,,,0.5363207094794183,0.2,False
df40_pixart,resolution_matched,C:\My_Project\AIGC\pixart\cdf\Fake_from_Youtube-real\00155\YouTube-real_00037_439.png,1048576,0.4321853198900611,192.03903198242188,,,,,,0.40020175658844326,0.2,False
df40_pixart,resolution_matched,C:\My_Project\AIGC\pixart\cdf\Fake_from_Celeb-real\id30_0005\Celeb-real_id12_0002_046.png,1048576,0.3753520911042187,339.5699462890625,,,,,,0.8323764078820135,0.2,False
df40_pixart,resolution_matched,C:\My_Project\AIGC\pixart\cdf\Fake_from_Celeb-real\id19_0005\Celeb-real_id45_0005_042.png,1048576,0.4699216088883719,125.00790405273438,,,,,,0.2096436953303309,0.2,False
df40_pixart,resolution_matched,C:\My_Project\AIGC\pixart\cdf\Fake_from_Youtube-real\00081\Celeb-real_id33_0003_031.png,1048576,0.4223284946954191,142.13241577148438,,,,,,0.8964445653457589,0.2,False
df40_pixart,resolution_matched,C:\My_Project\AIGC\pixart\cdf\Fake_from_Youtube-real\00137\Celeb-real_id36_0005_169.png,1048576,0.3383895618864179,298.1366577148437,,,,,,0.898800923963845,0.2,False
df40_pixart,resolution_matched,C:\My_Project\AIGC\pixart\cdf\Fake_from_Youtube-real\00170\YouTube-real_00162_201.png,1048576,0.3862115082167228,310.4115600585937,,,,,,0.9347642948935522,0.2,False
df40_pixart,resolution_matched,C:\My_Project\AIGC\pixart\cdf\Fake_from_Celeb-real\id26_0000\YouTube-real_00056_171.png,1048576,0.4443101817270886,145.99989318847656,,,,,,0.9791300425858274,0.2,False
df40_pixart,resolution_matched,C:\My_Project\AIGC\pixart\cdf\Fake_from_Youtube-real\00190\YouTube-real_00202_417.png,1048576,0.4540739499964463,248.96017456054688,,,,,,1.0139453423374136,0.2,False
df40_pixart,resolution_matched,C:\My_Project\AIGC\pixart\cdf\Fake_from_Celeb-real\id6_0007\Celeb-real_id59_0009_315.png,1048576,0.3381405577055936,251.86697387695312,,,,,,1.0176947428820515,0.2,False
df40_pixart,resolution_matched,C:\My_Project\AIGC\pixart\cdf\Fake_from_Celeb-real\id9_0009\YouTube-real_00207_016.png,1048576,0.3595396948752065,159.90988159179688,,,,,,1.0373271903669519,0.2,False
df40_pixart,resolution_matched,C:\My_Project\AIGC\pixart\cdf\Fake_from_Youtube-real\00190\Celeb-real_id12_0003_378.png,1048576,0.5366142392776079,212.39366149902344,,,,,,1.0550983179772757,0.2,False
df40_pixart,facesize_matched,C:\My_Project\AIGC\pixart\cdf\Fake_from_Celeb-real\id60_0003\Celeb-real_id56_0001_149.png,1048576,0.2927465891690394,112.76744842529295,,,,,,0.7610216769941396,0.34641016151377546,False
df40_pixart,facesize_matched,C:\My_Project\AIGC\pixart\cdf\Fake_from_Celeb-real\id17_0002\YouTube-real_00081_218.png,1048576,0.3537308218548152,200.6190490722656,C:\My_Project\AIGC\AIGuard\unseen\Real_8.JPG,aiguard_unseen_real,707281.0,0.377665366721485,174.33119201660156,0.34348596193166026,0.34641016151377546,True
df40_pixart,facesize_matched,C:\My_Project\AIGC\pixart\cdf\Fake_from_Celeb-real\id56_0003\YouTube-real_00197_360.png,1048576,0.3266793484011105,145.08938598632812,,,,,,0.918604351605417,0.34641016151377546,False
df40_pixart,facesize_matched,C:\My_Project\AIGC\pixart\cdf\Fake_from_Celeb-real\id53_0008\YouTube-real_00122_349.png,1048576,0.3328738175507925,95.45658111572266,,,,,,1.0786075915702822,0.34641016151377546,False
df40_pixart,facesize_matched,C:\My_Project\AIGC\pixart\cdf\Fake_from_Celeb-real\id42_0004\Celeb-real_id53_0006_171.png,1048576,0.2902352503869159,167.64849853515625,,,,,,0.7718181768320481,0.34641016151377546,False
df40_pixart,facesize_matched,C:\My_Project\AIGC\pixart\cdf\Fake_from_Celeb-real\id41_0005\YouTube-real_00192_015.png,1048576,0.195914310357763,383.2612609863281,C:\My_Project\AIGC\lfw\Mufti_Mohammad_Syed\Mufti_Mohammad_Syed_0001.jpg,lfw,62500.0,0.1943458362513065,973.0131225585938,0.046096727912284606,0.34641016151377546,True
df40_pixart,facesize_matched,C:\My_Project\AIGC\pixart\ff\494\870_252.png,1048576,0.3297135412150491,469.1653442382813,,,,,,0.8960822298645955,0.34641016151377546,False
df40_pixart,facesize_matched,C:\My_Project\AIGC\pixart\cdf\Fake_from_Celeb-real\id3_0003\YouTube-real_00029_327.png,1048576,0.598296194825279,248.7129821777344,C:\My_Project\AIGC\AIGuard\unseen\Real_92.jpg,aiguard_unseen_real,550564.0,0.5883093647074895,377.0509643554688,0.1018985300302953,0.34641016151377546,True
df40_pixart,facesize_matched,C:\My_Project\AIGC\pixart\cdf\Fake_from_Youtube-real\00025\Celeb-real_id5_0002_447.png,1048576,0.3284449789792255,144.03195190429688,,,,,,0.8488594730253662,0.34641016151377546,False
df40_pixart,facesize_matched,C:\My_Project\AIGC\pixart\cdf\Fake_from_Celeb-real\id22_0001\Celeb-real_id32_0009_370.png,1048576,0.3202493265560264,436.4238586425781,,,,,,0.9230351752799812,0.34641016151377546,False
df40_pixart,facesize_matched,C:\My_Project\AIGC\pixart\cdf\Fake_from_Youtube-real\00096\YouTube-real_00142_231.png,1048576,0.2995597476927795,217.11203002929688,,,,,,0.6873298606297008,0.34641016151377546,False
df40_pixart,facesize_matched,C:\My_Project\AIGC\pixart\cdf\Fake_from_Celeb-real\id26_0003\Celeb-real_id54_0008_325.png,1048576,0.3736811992299363,159.9233856201172,C:\My_Project\AIGC\AIGuard\unseen\Real_67.jpg,aiguard_unseen_real,5396329.0,0.39663989029698,738.7821655273438,0.25711814867367033,0.34641016151377546,True
df40_pixart,facesize_matched,C:\My_Project\AIGC\pixart\cdf\Fake_from_Youtube-real\00218\Celeb-real_id36_0007_434.png,1048576,0.3215756317863655,507.97119140625,,,,,,0.7090314012852575,0.34641016151377546,False
df40_pixart,facesize_matched,C:\My_Project\AIGC\pixart\cdf\Fake_from_Celeb-real\id35_0008\YouTube-real_00081_145.png,1048576,0.3083686045608156,192.7028961181641,,,,,,0.6952357755435328,0.34641016151377546,False
df40_pixart,facesize_matched,C:\My_Project\AIGC\pixart\cdf\Fake_from_Celeb-real\id17_0009\Celeb-real_id57_0007_227.png,1048576,0.2903211707121613,242.8706512451172,,,,,,0.6145348450916894,0.34641016151377546,False
df40_pixart,facesize_matched,C:\My_Project\AIGC\pixart\cdf\Fake_from_Celeb-real\id22_0008\Celeb-real_id19_0008_072.png,1048576,0.3916254096753124,221.4300079345703,,,,,,0.6545714963639288,0.34641016151377546,False
df40_pixart,facesize_matched,C:\My_Project\AIGC\pixart\cdf\Fake_from_Youtube-real\00271\YouTube-real_00286_461.png,1048576,0.5068753242267312,167.5508270263672,C:\My_Project\AIGC\AIGuard\unseen\Real_61.jpg,aiguard_unseen_real,3740356.0,0.504932227093514,381.8955078125,0.04016589212650963,0.34641016151377546,True
df40_pixart,facesize_matched,C:\My_Project\AIGC\pixart\cdf\Fake_from_Youtube-real\00206\Celeb-real_id59_0009_000.png,1048576,0.3488497051078099,539.2096557617188,C:\My_Project\AIGC\AIGuard\unseen\Real_44.jpg,aiguard_unseen_real,5363856.0,0.3484007895514039,987.0241088867188,0.06921136090325111,0.34641016151377546,True
df40_pixart,facesize_matched,C:\My_Project\AIGC\pixart\cdf\Fake_from_Celeb-real\id8_0003\Celeb-real_id1_0005_054.png,1048576,0.384214218314871,165.61471557617188,C:\My_Project\AIGC\AIGuard\unseen\Real_55.jpg,aiguard_unseen_real,1795600.0,0.4144550651545491,328.1111145019531,0.32387319138189896,0.34641016151377546,True
df40_pixart,facesize_matched,C:\My_Project\AIGC\pixart\cdf\Fake_from_Youtube-real\00061\Celeb-real_id57_0003_322.png,1048576,0.388575281319859,179.3041229248047,C:\My_Project\AIGC\AIGuard\unseen\Real_51.jpg,aiguard_unseen_real,4456321.0,0.3979064657066901,529.4262084960938,0.09995804325475813,0.34641016151377546,True
df40_pixart,facesize_matched,C:\My_Project\AIGC\pixart\cdf\Fake_from_Celeb-real\id16_0004\Celeb-real_id23_0002_071.png,1048576,0.4747297076573074,264.6283569335937,C:\My_Project\AIGC\AIGuard\unseen\Real_57.jpg,aiguard_unseen_real,51984.0,0.4788214018792726,322.7724609375,0.03876859672314885,0.34641016151377546,True
df40_pixart,facesize_matched,C:\My_Project\AIGC\pixart\cdf\Fake_from_Celeb-real\id5_0004\Celeb-real_id33_0002_290.png,1048576,0.2430724499188777,260.332763671875,C:\My_Project\AIGC\celeba_test\197133.jpg,celeba_test,38804.0,0.2336520642884978,917.3118896484376,0.2800458610753579,0.34641016151377546,True
df40_pixart,facesize_matched,C:\My_Project\AIGC\pixart\cdf\Fake_from_Celeb-real\id23_0006\Celeb-real_id16_0006_194.png,1048576,0.3080047113640872,103.71439361572266,,,,,,0.6457423225725367,0.34641016151377546,False
df40_pixart,facesize_matched,C:\My_Project\AIGC\pixart\cdf\Fake_from_Youtube-real\00236\Celeb-real_id28_0001_053.png,1048576,0.3493309951740838,246.8471221923828,,,,,,0.7293241655867397,0.34641016151377546,False
df40_pixart,facesize_matched,C:\My_Project\AIGC\pixart\cdf\Fake_from_Celeb-real\id24_0009\Celeb-real_id40_0007_095.png,1048576,0.4643833048675773,117.17163848876952,C:\My_Project\AIGC\AIGuard\unseen\Real_71.jpg,aiguard_unseen_real,474721.0,0.4640473672087057,671.2322387695312,0.029109779647891548,0.34641016151377546,True
df40_pixart,facesize_matched,C:\My_Project\AIGC\pixart\cdf\Fake_from_Youtube-real\00248\Celeb-real_id44_0000_000.png,1048576,0.3825526502879136,104.09630584716795,,,,,,0.6423582527625826,0.34641016151377546,False
df40_pixart,facesize_matched,C:\My_Project\AIGC\pixart\cdf\Fake_from_Celeb-real\id37_0002\YouTube-real_00172_136.png,1048576,0.6334395066543225,169.4496307373047,C:\My_Project\AIGC\AIGuard\unseen\Real_79.jpg,aiguard_unseen_real,65536.0,0.6193729553134679,544.6491088867188,0.14261976069508095,0.34641016151377546,True
df40_pixart,facesize_matched,C:\My_Project\AIGC\pixart\cdf\Fake_from_Celeb-real\id47_0000\Celeb-real_id56_0000_241.png,1048576,0.3841618241117042,215.3856964111328,,,,,,0.507061776237451,0.34641016151377546,False
df40_pixart,facesize_matched,C:\My_Project\AIGC\pixart\cdf\Fake_from_Celeb-real\id55_0008\YouTube-real_00115_240.png,1048576,0.334837965213657,237.52035522460935,,,,,,1.0093124564251634,0.34641016151377546,False
df40_pixart,facesize_matched,C:\My_Project\AIGC\pixart\cdf\Fake_from_Celeb-real\id40_0009\Celeb-real_id27_0007_298.png,1048576,0.5023495790528985,267.0181884765625,C:\My_Project\AIGC\AIGuard\unseen\Real_50.jpg,aiguard_unseen_real,293764.0,0.4929350890358645,372.2781372070313,0.15054159760793562,0.34641016151377546,True
df40_pixart,facesize_matched,C:\My_Project\AIGC\pixart\cdf\Fake_from_Celeb-real\id37_0007\YouTube-real_00229_394.png,1048576,0.3487139400545481,242.8304748535156,,,,,,0.7876516356689235,0.34641016151377546,False
df40_pixart,facesize_matched,C:\My_Project\AIGC\pixart\cdf\Fake_from_Celeb-real\id33_0009\Celeb-real_id31_0008_356.png,1048576,0.5272327273673001,137.85060119628906,C:\My_Project\AIGC\AIGuard\unseen\Real_7.JPG,aiguard_unseen_real,442225.0,0.5178566769886808,269.5901184082031,0.09883677104816907,0.34641016151377546,True
df40_pixart,facesize_matched,C:\My_Project\AIGC\pixart\cdf\Fake_from_Celeb-real\id4_0003\Celeb-real_id16_0006_000.png,1048576,0.455241232883191,109.91434478759766,C:\My_Project\AIGC\AIGuard\unseen\Real_30.jpg,aiguard_unseen_real,40804.0,0.4590417162630502,545.6834716796875,0.036168923968185086,0.34641016151377546,True
df40_pixart,facesize_matched,C:\My_Project\AIGC\pixart\cdf\Fake_from_Celeb-real\id39_0000\YouTube-real_00182_477.png,1048576,0.2689683268848727,140.71714782714844,C:\My_Project\AIGC\lfw\Manuel_Llorente\Manuel_Llorente_0001.jpg,lfw,62500.0,0.2486490175045599,1257.1519775390625,0.2773019383015679,0.34641016151377546,True
df40_pixart,facesize_matched,C:\My_Project\AIGC\pixart\cdf\Fake_from_Youtube-real\00155\YouTube-real_00037_439.png,1048576,0.4321853198900611,192.03903198242188,C:\My_Project\AIGC\AIGuard\unseen\Real_49.jpg,aiguard_unseen_real,3952144.0,0.4424749856078919,373.8109130859375,0.10432413857526693,0.34641016151377546,True
df40_pixart,facesize_matched,C:\My_Project\AIGC\pixart\cdf\Fake_from_Celeb-real\id30_0005\Celeb-real_id12_0002_046.png,1048576,0.3753520911042187,339.5699462890625,,,,,,0.3797924627745551,0.34641016151377546,False
df40_pixart,facesize_matched,C:\My_Project\AIGC\pixart\cdf\Fake_from_Celeb-real\id19_0005\Celeb-real_id45_0005_042.png,1048576,0.4699216088883719,125.00790405273438,C:\My_Project\AIGC\AIGuard\unseen\Real_78.jpg,aiguard_unseen_real,45796.0,0.4730615992814544,769.9039306640625,0.04621903243874338,0.34641016151377546,True
df40_pixart,facesize_matched,C:\My_Project\AIGC\pixart\cdf\Fake_from_Youtube-real\00081\Celeb-real_id33_0003_031.png,1048576,0.4223284946954191,142.13241577148438,C:\My_Project\AIGC\AIGuard\unseen\Real_9.jpg,aiguard_unseen_real,586756.0,0.4253934658878367,488.0540161132813,0.05057236710747119,0.34641016151377546,True
df40_pixart,facesize_matched,C:\My_Project\AIGC\pixart\cdf\Fake_from_Youtube-real\00137\Celeb-real_id36_0005_169.png,1048576,0.3383895618864179,298.1366577148437,,,,,,0.8917796420408418,0.34641016151377546,False
df40_pixart,facesize_matched,C:\My_Project\AIGC\pixart\cdf\Fake_from_Youtube-real\00170\YouTube-real_00162_201.png,1048576,0.3862115082167228,310.4115600585937,,,,,,0.40424120974461797,0.34641016151377546,False
df40_pixart,facesize_matched,C:\My_Project\AIGC\pixart\cdf\Fake_from_Celeb-real\id26_0000\YouTube-real_00056_171.png,1048576,0.4443101817270886,145.99989318847656,C:\My_Project\AIGC\AIGuard\unseen\Real_1.jpg,aiguard_unseen_real,48841.0,0.4585198770442261,626.1259155273438,0.13558271172076947,0.34641016151377546,True
df40_pixart,facesize_matched,C:\My_Project\AIGC\pixart\cdf\Fake_from_Youtube-real\00190\YouTube-real_00202_417.png,1048576,0.4540739499964463,248.96017456054688,C:\My_Project\AIGC\AIGuard\unseen\Real_77.jpg,aiguard_unseen_real,748225.0,0.4612019951267781,308.55059814453125,0.06804023693903127,0.34641016151377546,True
df40_pixart,facesize_matched,C:\My_Project\AIGC\pixart\cdf\Fake_from_Celeb-real\id6_0007\Celeb-real_id59_0009_315.png,1048576,0.3381405577055936,251.86697387695312,,,,,,0.8324669793175328,0.34641016151377546,False
df40_pixart,facesize_matched,C:\My_Project\AIGC\pixart\cdf\Fake_from_Celeb-real\id9_0009\YouTube-real_00207_016.png,1048576,0.3595396948752065,159.90988159179688,,,,,,0.3493242414187759,0.34641016151377546,False
df40_pixart,facesize_matched,C:\My_Project\AIGC\pixart\cdf\Fake_from_Youtube-real\00190\Celeb-real_id12_0003_378.png,1048576,0.5366142392776079,212.39366149902344,C:\My_Project\AIGC\AIGuard\unseen\Real_19.jpg,aiguard_unseen_real,177241.0,0.5411404142941241,1071.1109619140625,0.1058720009146784,0.34641016151377546,True
df40_pixart,joint_matched,C:\My_Project\AIGC\pixart\cdf\Fake_from_Celeb-real\id60_0003\Celeb-real_id56_0001_149.png,1048576,0.2927465891690394,112.76744842529295,,,,,,1.9975030497203836,0.4,False
df40_pixart,joint_matched,C:\My_Project\AIGC\pixart\cdf\Fake_from_Celeb-real\id17_0002\YouTube-real_00081_218.png,1048576,0.3537308218548152,200.6190490722656,,,,,,1.1791612683091053,0.4,False
df40_pixart,joint_matched,C:\My_Project\AIGC\pixart\cdf\Fake_from_Celeb-real\id56_0003\YouTube-real_00197_360.png,1048576,0.3266793484011105,145.08938598632812,,,,,,1.5715141563938,0.4,False
df40_pixart,joint_matched,C:\My_Project\AIGC\pixart\cdf\Fake_from_Celeb-real\id53_0008\YouTube-real_00122_349.png,1048576,0.3328738175507925,95.45658111572266,,,,,,1.5581458943973212,0.4,False
df40_pixart,joint_matched,C:\My_Project\AIGC\pixart\cdf\Fake_from_Celeb-real\id42_0004\Celeb-real_id53_0006_171.png,1048576,0.2902352503869159,167.64849853515625,,,,,,1.8355729427514849,0.4,False
df40_pixart,joint_matched,C:\My_Project\AIGC\pixart\cdf\Fake_from_Celeb-real\id41_0005\YouTube-real_00192_015.png,1048576,0.195914310357763,383.2612609863281,,,,,,1.7523894102107012,0.4,False
df40_pixart,joint_matched,C:\My_Project\AIGC\pixart\ff\494\870_252.png,1048576,0.3297135412150491,469.1653442382813,,,,,,1.864272470297846,0.4,False
df40_pixart,joint_matched,C:\My_Project\AIGC\pixart\cdf\Fake_from_Celeb-real\id3_0003\YouTube-real_00029_327.png,1048576,0.598296194825279,248.7129821777344,,,,,,0.4129706483502315,0.4,False
df40_pixart,joint_matched,C:\My_Project\AIGC\pixart\cdf\Fake_from_Youtube-real\00025\Celeb-real_id5_0002_447.png,1048576,0.3284449789792255,144.03195190429688,,,,,,0.6186147533266151,0.4,False
df40_pixart,joint_matched,C:\My_Project\AIGC\pixart\cdf\Fake_from_Celeb-real\id22_0001\Celeb-real_id32_0009_370.png,1048576,0.3202493265560264,436.4238586425781,,,,,,1.2449027555470327,0.4,False
df40_pixart,joint_matched,C:\My_Project\AIGC\pixart\cdf\Fake_from_Youtube-real\00096\YouTube-real_00142_231.png,1048576,0.2995597476927795,217.11203002929688,,,,,,2.1050463310423835,0.4,False
df40_pixart,joint_matched,C:\My_Project\AIGC\pixart\cdf\Fake_from_Celeb-real\id26_0003\Celeb-real_id54_0008_325.png,1048576,0.3736811992299363,159.9233856201172,,,,,,1.1061635201245839,0.4,False
df40_pixart,joint_matched,C:\My_Project\AIGC\pixart\cdf\Fake_from_Youtube-real\00218\Celeb-real_id36_0007_434.png,1048576,0.3215756317863655,507.97119140625,,,,,,1.306634810379889,0.4,False
df40_pixart,joint_matched,C:\My_Project\AIGC\pixart\cdf\Fake_from_Celeb-real\id35_0008\YouTube-real_00081_145.png,1048576,0.3083686045608156,192.7028961181641,,,,,,1.119130175588791,0.4,False
df40_pixart,joint_matched,C:\My_Project\AIGC\pixart\cdf\Fake_from_Celeb-real\id17_0009\Celeb-real_id57_0007_227.png,1048576,0.2903211707121613,242.8706512451172,,,,,,2.0453656819014254,0.4,False
df40_pixart,joint_matched,C:\My_Project\AIGC\pixart\cdf\Fake_from_Celeb-real\id22_0008\Celeb-real_id19_0008_072.png,1048576,0.3916254096753124,221.4300079345703,,,,,,0.8687785268776884,0.4,False
df40_pixart,joint_matched,C:\My_Project\AIGC\pixart\cdf\Fake_from_Youtube-real\00271\YouTube-real_00286_461.png,1048576,0.5068753242267312,167.5508270263672,,,,,,0.5519951620208031,0.4,False
df40_pixart,joint_matched,C:\My_Project\AIGC\pixart\cdf\Fake_from_Youtube-real\00206\Celeb-real_id59_0009_000.png,1048576,0.3488497051078099,539.2096557617188,,,,,,1.453195640752712,0.4,False
df40_pixart,joint_matched,C:\My_Project\AIGC\pixart\cdf\Fake_from_Celeb-real\id8_0003\Celeb-real_id1_0005_054.png,1048576,0.384214218314871,165.61471557617188,,,,,,1.1986487924336469,0.4,False
df40_pixart,joint_matched,C:\My_Project\AIGC\pixart\cdf\Fake_from_Youtube-real\00061\Celeb-real_id57_0003_322.png,1048576,0.388575281319859,179.3041229248047,,,,,,1.3731086598246927,0.4,False
df40_pixart,joint_matched,C:\My_Project\AIGC\pixart\cdf\Fake_from_Celeb-real\id16_0004\Celeb-real_id23_0002_071.png,1048576,0.4747297076573074,264.6283569335937,C:\My_Project\AIGC\AIGuard\unseen\Real_86.jpg,aiguard_unseen_real,801025.0,0.4879409290772447,525.849609375,0.23756510870198674,0.4,True
df40_pixart,joint_matched,C:\My_Project\AIGC\pixart\cdf\Fake_from_Celeb-real\id5_0004\Celeb-real_id33_0002_290.png,1048576,0.2430724499188777,260.332763671875,,,,,,1.817234380656666,0.4,False
df40_pixart,joint_matched,C:\My_Project\AIGC\pixart\cdf\Fake_from_Celeb-real\id23_0006\Celeb-real_id16_0006_194.png,1048576,0.3080047113640872,103.71439361572266,,,,,,2.100280116473723,0.4,False
df40_pixart,joint_matched,C:\My_Project\AIGC\pixart\cdf\Fake_from_Youtube-real\00236\Celeb-real_id28_0001_053.png,1048576,0.3493309951740838,246.8471221923828,,,,,,0.9786370784892575,0.4,False
df40_pixart,joint_matched,C:\My_Project\AIGC\pixart\cdf\Fake_from_Celeb-real\id24_0009\Celeb-real_id40_0007_095.png,1048576,0.4643833048675773,117.17163848876952,,,,,,0.660365798743588,0.4,False
df40_pixart,joint_matched,C:\My_Project\AIGC\pixart\cdf\Fake_from_Youtube-real\00248\Celeb-real_id44_0000_000.png,1048576,0.3825526502879136,104.09630584716795,,,,,,0.4704751994590926,0.4,False
df40_pixart,joint_matched,C:\My_Project\AIGC\pixart\cdf\Fake_from_Celeb-real\id37_0002\YouTube-real_00172_136.png,1048576,0.6334395066543225,169.4496307373047,,,,,,0.4787602895041489,0.4,False
df40_pixart,joint_matched,C:\My_Project\AIGC\pixart\cdf\Fake_from_Celeb-real\id47_0000\Celeb-real_id56_0000_241.png,1048576,0.3841618241117042,215.3856964111328,,,,,,1.3313916215581219,0.4,False
df40_pixart,joint_matched,C:\My_Project\AIGC\pixart\cdf\Fake_from_Celeb-real\id55_0008\YouTube-real_00115_240.png,1048576,0.334837965213657,237.52035522460935,,,,,,1.7089405319780557,0.4,False
df40_pixart,joint_matched,C:\My_Project\AIGC\pixart\cdf\Fake_from_Celeb-real\id40_0009\Celeb-real_id27_0007_298.png,1048576,0.5023495790528985,267.0181884765625,,,,,,0.5628822346309792,0.4,False
df40_pixart,joint_matched,C:\My_Project\AIGC\pixart\cdf\Fake_from_Celeb-real\id37_0007\YouTube-real_00229_394.png,1048576,0.3487139400545481,242.8304748535156,,,,,,0.5408093929256694,0.4,False
df40_pixart,joint_matched,C:\My_Project\AIGC\pixart\cdf\Fake_from_Celeb-real\id33_0009\Celeb-real_id31_0008_356.png,1048576,0.5272327273673001,137.85060119628906,C:\My_Project\AIGC\AIGuard\unseen\Real_6.jpg,aiguard_unseen_real,1177225.0,0.5554104703247716,293.2361755371094,0.26974652353649203,0.4,True
df40_pixart,joint_matched,C:\My_Project\AIGC\pixart\cdf\Fake_from_Celeb-real\id4_0003\Celeb-real_id16_0006_000.png,1048576,0.455241232883191,109.91434478759766,,,,,,0.45600786193369713,0.4,False
df40_pixart,joint_matched,C:\My_Project\AIGC\pixart\cdf\Fake_from_Celeb-real\id39_0000\YouTube-real_00182_477.png,1048576,0.2689683268848727,140.71714782714844,,,,,,1.90264360325632,0.4,False
df40_pixart,joint_matched,C:\My_Project\AIGC\pixart\cdf\Fake_from_Youtube-real\00155\YouTube-real_00037_439.png,1048576,0.4321853198900611,192.03903198242188,,,,,,1.0476761669997958,0.4,False
df40_pixart,joint_matched,C:\My_Project\AIGC\pixart\cdf\Fake_from_Celeb-real\id30_0005\Celeb-real_id12_0002_046.png,1048576,0.3753520911042187,339.5699462890625,,,,,,0.5163402925923795,0.4,False
df40_pixart,joint_matched,C:\My_Project\AIGC\pixart\cdf\Fake_from_Celeb-real\id19_0005\Celeb-real_id45_0005_042.png,1048576,0.4699216088883719,125.00790405273438,,,,,,0.6968181511417133,0.4,False
df40_pixart,joint_matched,C:\My_Project\AIGC\pixart\cdf\Fake_from_Youtube-real\00081\Celeb-real_id33_0003_031.png,1048576,0.4223284946954191,142.13241577148438,,,,,,0.5907542343769384,0.4,False
df40_pixart,joint_matched,C:\My_Project\AIGC\pixart\cdf\Fake_from_Youtube-real\00137\Celeb-real_id36_0005_169.png,1048576,0.3383895618864179,298.1366577148437,,,,,,1.3645381698848171,0.4,False
df40_pixart,joint_matched,C:\My_Project\AIGC\pixart\cdf\Fake_from_Youtube-real\00170\YouTube-real_00162_201.png,1048576,0.3862115082167228,310.4115600585937,,,,,,0.910960811815213,0.4,False
df40_pixart,joint_matched,C:\My_Project\AIGC\pixart\cdf\Fake_from_Celeb-real\id26_0000\YouTube-real_00056_171.png,1048576,0.4443101817270886,145.99989318847656,C:\My_Project\AIGC\AIGuard\unseen\Real_77.jpg,aiguard_unseen_real,748225.0,0.4612019951267781,308.55059814453125,0.3035724919367934,0.4,True
df40_pixart,joint_matched,C:\My_Project\AIGC\pixart\cdf\Fake_from_Youtube-real\00190\YouTube-real_00202_417.png,1048576,0.4540739499964463,248.96017456054688,C:\My_Project\AIGC\AIGuard\unseen\Real_48.jpg,aiguard_unseen_real,1656369.0,0.4774712400315688,578.2828369140625,0.36232020946333876,0.4,True
df40_pixart,joint_matched,C:\My_Project\AIGC\pixart\cdf\Fake_from_Celeb-real\id6_0007\Celeb-real_id59_0009_315.png,1048576,0.3381405577055936,251.86697387695312,,,,,,1.8235959156207389,0.4,False
df40_pixart,joint_matched,C:\My_Project\AIGC\pixart\cdf\Fake_from_Celeb-real\id9_0009\YouTube-real_00207_016.png,1048576,0.3595396948752065,159.90988159179688,,,,,,0.782280755827135,0.4,False
df40_pixart,joint_matched,C:\My_Project\AIGC\pixart\cdf\Fake_from_Youtube-real\00190\Celeb-real_id12_0003_378.png,1048576,0.5366142392776079,212.39366149902344,C:\My_Project\AIGC\AIGuard\unseen\Real_82.jpg,aiguard_unseen_real,937024.0,0.5664580022918406,245.4823760986328,0.26939192926446454,0.4,True
df40_sd21,resolution_matched,C:\My_Project\AIGC\sd2.1\cdf\Celeb-real\id31_0005\Celeb-real_id28_0007_174.png,262144,0.4075677049188643,46.5943489074707,,,,,,0.5740430303690943,0.2,False
df40_sd21,resolution_matched,C:\My_Project\AIGC\sd2.1\ff\280\963_334.png,262144,0.5036527854813775,304.98394775390625,C:\My_Project\AIGC\AIGuard\unseen\Real_17.JPG,aiguard_unseen_real,274576.0,0.5530925240013875,448.31842041015625,0.032957698138691205,0.2,True
df40_sd21,resolution_matched,C:\My_Project\AIGC\sd2.1\ff\062\256_281.png,262144,0.2760705883546442,263.7642822265625,C:\My_Project\AIGC\AIGuard\unseen\Real_60.jpg,aiguard_unseen_real,291600.0,0.4748602980907951,209.02911376953125,0.07574619703463592,0.2,True
df40_sd21,resolution_matched,C:\My_Project\AIGC\sd2.1\cdf\Celeb-real\id51_0004\Celeb-real_id2_0001_278.png,262144,0.6242390589040836,117.22400665283205,C:\My_Project\AIGC\AIGuard\unseen\Real_50.jpg,aiguard_unseen_real,293764.0,0.4929350890358645,372.2781372070313,0.08100539098171977,0.2,True
df40_sd21,resolution_matched,C:\My_Project\AIGC\sd2.1\ff\702\630_013.png,262144,0.6314655009674554,141.161865234375,,,,,,0.9233020760674745,0.2,False
df40_sd21,resolution_matched,C:\My_Project\AIGC\sd2.1\ff\629\901_522.png,262144,0.3302683096577098,179.67738342285156,,,,,,0.7988964605077293,0.2,False
df40_sd21,resolution_matched,C:\My_Project\AIGC\sd2.1\ff\572\503_651.png,262144,0.6423402600475571,112.22608947753906,,,,,,0.27839316632252203,0.2,False
df40_sd21,resolution_matched,C:\My_Project\AIGC\sd2.1\ff\360\768_116.png,262144,0.305504529377985,537.015380859375,,,,,,0.45060642773629184,0.2,False
df40_sd21,resolution_matched,C:\My_Project\AIGC\sd2.1\cdf\Celeb-real\id50_0003\YouTube-real_00018_364.png,262144,0.4371735847872083,44.275489807128906,,,,,,0.7945265863006966,0.2,False
df40_sd21,resolution_matched,C:\My_Project\AIGC\sd2.1\ff\258\670_092.png,262144,0.3658976836054836,225.97579956054688,,,,,,0.7059946165267647,0.2,False
df40_sd21,resolution_matched,C:\My_Project\AIGC\sd2.1\cdf\Celeb-real\id39_0002\Celeb-real_id19_0000_231.png,262144,0.4448124406003058,87.96832275390625,,,,,,0.2653799911577778,0.2,False
df40_sd21,resolution_matched,C:\My_Project\AIGC\sd2.1\cdf\Celeb-real\id51_0002\Celeb-real_id43_0005_042.png,262144,0.3074415940515759,233.69630432128903,,,,,,0.47509198760741234,0.2,False
df40_sd21,resolution_matched,C:\My_Project\AIGC\sd2.1\cdf\Celeb-real\id11_0009\YouTube-real_00219_186.png,262144,0.2373401480083882,486.1475830078125,,,,,,0.527823459062334,0.2,False
df40_sd21,resolution_matched,C:\My_Project\AIGC\sd2.1\ff\221\857_494.png,262144,0.4344015390134719,95.07050323486328,,,,,,0.8612843274726097,0.2,False
df40_sd21,resolution_matched,C:\My_Project\AIGC\sd2.1\cdf\Celeb-real\id22_0004\YouTube-real_00114_218.png,262144,0.1986192288512757,612.3490600585938,,,,,,0.7672450104492318,0.2,False
df40_sd21,resolution_matched,C:\My_Project\AIGC\sd2.1\cdf\YouTube-real\00073\YouTube-real_00234_000.png,262144,0.5536425491003201,609.7589721679688,,,,,,0.573109309636698,0.2,False
df40_sd21,resolution_matched,C:\My_Project\AIGC\sd2.1\ff\079\098_182.png,262144,0.5919839608350814,115.60096740722656,,,,,,0.42790471712829403,0.2,False
df40_sd21,resolution_matched,C:\My_Project\AIGC\sd2.1\ff\075\054_272.png,262144,0.4693512385353407,263.524169921875,C:\My_Project\AIGC\AIGuard\unseen\Real_20.jpeg,aiguard_unseen_real,265225.0,0.5591110484153562,59.99580764770508,0.008311281726629649,0.2,True
df40_sd21,resolution_matched,C:\My_Project\AIGC\sd2.1\ff\236\825_369.png,262144,0.6431160151900013,417.6377258300781,,,,,,0.47367629019867274,0.2,False
df40_sd21,resolution_matched,C:\My_Project\AIGC\sd2.1\ff\561\036_000.png,262144,0.3737024064793359,368.9631042480469,,,,,,0.2699839121419082,0.2,False
df40_sd21,resolution_matched,C:\My_Project\AIGC\sd2.1\ff\599\821_163.png,262144,0.3763912272512592,284.247802734375,,,,,,1.0198177239768589,0.2,False
df40_sd21,resolution_matched,C:\My_Project\AIGC\sd2.1\cdf\YouTube-real\00246\Celeb-real_id11_0003_211.png,262144,0.2791464045512572,184.58572387695312,,,,,,0.73693043571553,0.2,False
df40_sd21,resolution_matched,C:\My_Project\AIGC\sd2.1\cdf\Celeb-real\id24_0008\Celeb-real_id46_0004_079.png,262144,0.2081714034709908,1250.9793701171875,,,,,,0.8521552458190115,0.2,False
df40_sd21,resolution_matched,C:\My_Project\AIGC\sd2.1\ff\065\324_241.png,262144,0.4431937422345176,279.5343933105469,,,,,,0.9060711429793072,0.2,False
df40_sd21,resolution_matched,C:\My_Project\AIGC\sd2.1\cdf\Celeb-real\id16_0008\Celeb-real_id44_0001_222.png,262144,0.6267112765169713,57.56908798217773,,,,,,0.41826119332256473,0.2,False
df40_sd21,resolution_matched,C:\My_Project\AIGC\sd2.1\ff\506\353_299.png,262144,0.402507217686027,113.91439819335938,,,,,,0.43543177353724216,0.2,False
df40_sd21,resolution_matched,C:\My_Project\AIGC\sd2.1\cdf\Celeb-real\id47_0001\YouTube-real_00218_046.png,262144,0.4367366674574628,154.90191650390625,,,,,,0.42239669141644354,0.2,False
df40_sd21,resolution_matched,C:\My_Project\AIGC\sd2.1\cdf\Celeb-real\id33_0006\Celeb-real_id5_0006_157.png,262144,0.3940134217710647,164.47006225585938,,,,,,0.8998331339186061,0.2,False
df40_sd21,resolution_matched,C:\My_Project\AIGC\sd2.1\cdf\Celeb-real\id11_0008\YouTube-real_00248_077.png,262144,0.2522258955024408,255.0509490966797,,,,,,0.4141136383658772,0.2,False
df40_sd21,resolution_matched,C:\My_Project\AIGC\sd2.1\cdf\YouTube-real\00068\YouTube-real_00236_436.png,262144,0.3190798944364527,39.55683517456055,,,,,,0.910332150888795,0.2,False
df40_sd21,resolution_matched,C:\My_Project\AIGC\sd2.1\ff\564\705_274.png,262144,0.5984990148116304,288.939208984375,C:\My_Project\AIGC\AIGuard\unseen\Real_40.jpg,aiguard_unseen_real,301401.0,0.7427828108536312,362.6002807617188,0.09926095294435455,0.2,True
df40_sd21,resolution_matched,C:\My_Project\AIGC\sd2.1\cdf\YouTube-real\00130\Celeb-real_id31_0004_179.png,262144,0.910900926312534,120.1794891357422,,,,,,0.986078347923431,0.2,False
df40_sd21,resolution_matched,C:\My_Project\AIGC\sd2.1\cdf\Celeb-real\id22_0002\Celeb-real_id46_0008_029.png,262144,0.5654956097207686,119.6642074584961,,,,,,0.3719591366248647,0.2,False
df40_sd21,resolution_matched,C:\My_Project\AIGC\sd2.1\ff\709\071_408.png,262144,0.5169981003599661,327.1272888183594,,,,,,1.0062909799321007,0.2,False
df40_sd21,resolution_matched,C:\My_Project\AIGC\sd2.1\cdf\Celeb-real\id8_0006\Celeb-real_id5_0001_268.png,262144,0.9350231858442511,379.6897277832031,,,,,,1.0198177239768589,0.2,False
df40_sd21,resolution_matched,C:\My_Project\AIGC\sd2.1\ff\015\209_227.png,262144,0.4100899995496228,382.79681396484375,,,,,,1.0198177239768589,0.2,False
df40_sd21,resolution_matched,C:\My_Project\AIGC\sd2.1\cdf\Celeb-real\id54_0009\Celeb-real_id51_0005_382.png,262144,0.8010629401744452,43.23779296875,,,,,,1.0198177239768589,0.2,False
df40_sd21,resolution_matched,C:\My_Project\AIGC\sd2.1\cdf\Celeb-real\id7_0009\Celeb-real_id25_0004_147.png,262144,0.2934490859855992,157.82826232910156,,,,,,1.0198177239768589,0.2,False
df40_sd21,resolution_matched,C:\My_Project\AIGC\sd2.1\ff\413\996_100.png,262144,0.3923851736274336,367.0435791015625,,,,,,1.0198177239768589,0.2,False
df40_sd21,resolution_matched,C:\My_Project\AIGC\sd2.1\cdf\Celeb-real\id43_0001\Celeb-real_id24_0007_207.png,262144,0.4320481581523157,81.1587905883789,,,,,,1.0198177239768589,0.2,False
df40_sd21,resolution_matched,C:\My_Project\AIGC\sd2.1\cdf\YouTube-real\00075\Celeb-real_id41_0001_000.png,262144,0.2738327305033782,79.48281860351562,,,,,,1.0198177239768589,0.2,False
df40_sd21,resolution_matched,C:\My_Project\AIGC\sd2.1\ff\875\166_706.png,262144,0.757124834905371,184.6698455810547,,,,,,1.0198177239768589,0.2,False
df40_sd21,resolution_matched,C:\My_Project\AIGC\sd2.1\ff\708\439_267.png,262144,0.4961820853272722,196.91651916503903,,,,,,1.0198177239768589,0.2,False
df40_sd21,resolution_matched,C:\My_Project\AIGC\sd2.1\ff\405\485_413.png,262144,0.5099354334980787,215.96234130859372,,,,,,0.7460238086255776,0.2,False
df40_sd21,facesize_matched,C:\My_Project\AIGC\sd2.1\cdf\Celeb-real\id31_0005\Celeb-real_id28_0007_174.png,262144,0.4075677049188643,46.5943489074707,C:\My_Project\AIGC\AIGuard\unseen\Real_55.jpg,aiguard_unseen_real,1795600.0,0.4144550651545491,328.1111145019531,0.07749272223307886,0.34641016151377546,True
df40_sd21,facesize_matched,C:\My_Project\AIGC\sd2.1\ff\280\963_334.png,262144,0.5036527854813775,304.98394775390625,C:\My_Project\AIGC\AIGuard\unseen\Real_7.JPG,aiguard_unseen_real,442225.0,0.5178566769886808,269.5901184082031,0.1692895435865426,0.34641016151377546,True
df40_sd21,facesize_matched,C:\My_Project\AIGC\sd2.1\ff\062\256_281.png,262144,0.2760705883546442,263.7642822265625,,,,,,0.35289772775551953,0.34641016151377546,False
df40_sd21,facesize_matched,C:\My_Project\AIGC\sd2.1\cdf\Celeb-real\id51_0004\Celeb-real_id2_0001_278.png,262144,0.6242390589040836,117.22400665283205,C:\My_Project\AIGC\AIGuard\unseen\Real_3.JPG,aiguard_unseen_real,380689.0,0.6088848824910071,453.7420043945313,0.12786470265487965,0.34641016151377546,True
df40_sd21,facesize_matched,C:\My_Project\AIGC\sd2.1\ff\702\630_013.png,262144,0.6314655009674554,141.161865234375,C:\My_Project\AIGC\AIGuard\unseen\Real_89.jpg,aiguard_unseen_real,4439449.0,0.6101726018355828,303.3612976074219,0.1608639279052621,0.34641016151377546,True
df40_sd21,facesize_matched,C:\My_Project\AIGC\sd2.1\ff\629\901_522.png,262144,0.3302683096577098,179.67738342285156,C:\My_Project\AIGC\AIGuard\unseen\Real_44.jpg,aiguard_unseen_real,5363856.0,0.3484007895514039,987.0241088867188,0.21382193567940375,0.34641016151377546,True
df40_sd21,facesize_matched,C:\My_Project\AIGC\sd2.1\ff\572\503_651.png,262144,0.6423402600475571,112.22608947753906,,,,,,0.45251954250990556,0.34641016151377546,False
df40_sd21,facesize_matched,C:\My_Project\AIGC\sd2.1\ff\360\768_116.png,262144,0.305504529377985,537.015380859375,,,,,,0.4368147368082533,0.34641016151377546,False
df40_sd21,facesize_matched,C:\My_Project\AIGC\sd2.1\cdf\Celeb-real\id50_0003\YouTube-real_00018_364.png,262144,0.4371735847872083,44.275489807128906,C:\My_Project\AIGC\AIGuard\unseen\Real_1.jpg,aiguard_unseen_real,48841.0,0.4585198770442261,626.1259155273438,0.20698176361922788,0.34641016151377546,True
df40_sd21,facesize_matched,C:\My_Project\AIGC\sd2.1\ff\258\670_092.png,262144,0.3658976836054836,225.97579956054688,C:\My_Project\AIGC\AIGuard\unseen\Real_8.JPG,aiguard_unseen_real,707281.0,0.377665366721485,174.33119201660156,0.3087560753572464,0.34641016151377546,True
df40_sd21,facesize_matched,C:\My_Project\AIGC\sd2.1\cdf\Celeb-real\id39_0002\Celeb-real_id19_0000_231.png,262144,0.4448124406003058,87.96832275390625,C:\My_Project\AIGC\AIGuard\unseen\Real_64.jpg,aiguard_unseen_real,4721929.0,0.4563852779549985,194.59027099609372,0.10878321111472944,0.34641016151377546,True
df40_sd21,facesize_matched,C:\My_Project\AIGC\sd2.1\cdf\Celeb-real\id51_0002\Celeb-real_id43_0005_042.png,262144,0.3074415940515759,233.69630432128903,C:\My_Project\AIGC\celeba_test\201536.jpg,celeba_test,38804.0,0.2882901028840525,288.2821655273437,0.3395542859948658,0.34641016151377546,True
df40_sd21,facesize_matched,C:\My_Project\AIGC\sd2.1\cdf\Celeb-real\id11_0009\YouTube-real_00219_186.png,262144,0.2373401480083882,486.1475830078125,C:\My_Project\AIGC\celeba_test\197133.jpg,celeba_test,38804.0,0.2336520642884978,917.3118896484376,0.1247969383737384,0.34641016151377546,True
df40_sd21,facesize_matched,C:\My_Project\AIGC\sd2.1\ff\221\857_494.png,262144,0.4344015390134719,95.07050323486328,C:\My_Project\AIGC\AIGuard\unseen\Real_49.jpg,aiguard_unseen_real,3952144.0,0.4424749856078919,373.8109130859375,0.1402450262443853,0.34641016151377546,True
df40_sd21,facesize_matched,C:\My_Project\AIGC\sd2.1\cdf\Celeb-real\id22_0004\YouTube-real_00114_218.png,262144,0.1986192288512757,612.3490600585938,C:\My_Project\AIGC\lfw\Mack_Brown\Mack_Brown_0002.jpg,lfw,62500.0,0.1981202834012204,1292.4700927734375,0.03269678383588119,0.34641016151377546,True
df40_sd21,facesize_matched,C:\My_Project\AIGC\sd2.1\cdf\YouTube-real\00073\YouTube-real_00234_000.png,262144,0.5536425491003201,609.7589721679688,C:\My_Project\AIGC\AIGuard\unseen\Real_58.jpg,aiguard_unseen_real,61504.0,0.5512981586488029,702.2266235351562,0.028671222687728842,0.34641016151377546,True
df40_sd21,facesize_matched,C:\My_Project\AIGC\sd2.1\ff\079\098_182.png,262144,0.5919839608350814,115.60096740722656,C:\My_Project\AIGC\AIGuard\unseen\Real_23.jpg,aiguard_unseen_real,142129.0,0.5972179438511935,360.7977600097656,0.048554510848632534,0.34641016151377546,True
df40_sd21,facesize_matched,C:\My_Project\AIGC\sd2.1\ff\075\054_272.png,262144,0.4693512385353407,263.524169921875,C:\My_Project\AIGC\AIGuard\unseen\Real_5.jpg,aiguard_unseen_real,139129.0,0.4637298691671117,511.29486083984375,0.05789201913942976,0.34641016151377546,True
df40_sd21,facesize_matched,C:\My_Project\AIGC\sd2.1\ff\236\825_369.png,262144,0.6431160151900013,417.6377258300781,C:\My_Project\AIGC\AIGuard\unseen\Real_79.jpg,aiguard_unseen_real,65536.0,0.6193729553134679,544.6491088867188,0.1762889134991763,0.34641016151377546,True
df40_sd21,facesize_matched,C:\My_Project\AIGC\sd2.1\ff\561\036_000.png,262144,0.3737024064793359,368.9631042480469,C:\My_Project\AIGC\AIGuard\unseen\Real_51.jpg,aiguard_unseen_real,4456321.0,0.3979064657066901,529.4262084960938,0.25274295459342005,0.34641016151377546,True
df40_sd21,facesize_matched,C:\My_Project\AIGC\sd2.1\ff\599\821_163.png,262144,0.3763912272512592,284.247802734375,C:\My_Project\AIGC\AIGuard\unseen\Real_67.jpg,aiguard_unseen_real,5396329.0,0.39663989029698,738.7821655273438,0.19260057746052528,0.34641016151377546,True
df40_sd21,facesize_matched,C:\My_Project\AIGC\sd2.1\cdf\YouTube-real\00246\Celeb-real_id11_0003_211.png,262144,0.2791464045512572,184.58572387695312,C:\My_Project\AIGC\celeba_test\188659.jpg,celeba_test,38804.0,0.2695578258931396,456.02337646484375,0.32180360800359203,0.34641016151377546,True
df40_sd21,facesize_matched,C:\My_Project\AIGC\sd2.1\cdf\Celeb-real\id24_0008\Celeb-real_id46_0004_079.png,262144,0.2081714034709908,1250.9793701171875,C:\My_Project\AIGC\lfw\Brandon_Jones\Brandon_Jones_0001.jpg,lfw,62500.0,0.2060673379258933,1205.8984375,0.06488845981037208,0.34641016151377546,True
df40_sd21,facesize_matched,C:\My_Project\AIGC\sd2.1\ff\065\324_241.png,262144,0.4431937422345176,279.5343933105469,C:\My_Project\AIGC\AIGuard\unseen\Real_35.jpg,aiguard_unseen_real,3283344.0,0.4411583846800688,324.8052978515625,0.09159061345098224,0.34641016151377546,True
df40_sd21,facesize_matched,C:\My_Project\AIGC\sd2.1\cdf\Celeb-real\id16_0008\Celeb-real_id44_0001_222.png,262144,0.6267112765169713,57.56908798217773,C:\My_Project\AIGC\AIGuard\unseen\Real_39.jpg,aiguard_unseen_real,879844.0,0.5939141245992882,339.8829345703125,0.246736274353056,0.34641016151377546,True
df40_sd21,facesize_matched,C:\My_Project\AIGC\sd2.1\ff\506\353_299.png,262144,0.402507217686027,113.91439819335938,C:\My_Project\AIGC\AIGuard\unseen\Real_37.jpg,aiguard_unseen_real,73984.0,0.4229778742738949,390.8439331054688,0.2151815252369866,0.34641016151377546,True
df40_sd21,facesize_matched,C:\My_Project\AIGC\sd2.1\cdf\Celeb-real\id47_0001\YouTube-real_00218_046.png,262144,0.4367366674574628,154.90191650390625,C:\My_Project\AIGC\AIGuard\unseen\Real_54.jpg,aiguard_unseen_real,5569600.0,0.4447256169921523,254.47183227539065,0.12416056235353493,0.34641016151377546,True
df40_sd21,facesize_matched,C:\My_Project\AIGC\sd2.1\cdf\Celeb-real\id33_0006\Celeb-real_id5_0006_157.png,262144,0.3940134217710647,164.47006225585938,C:\My_Project\AIGC\AIGuard\unseen\Real_38.jpg,aiguard_unseen_real,1841449.0,0.4103456904709147,359.5414123535156,0.168557093494738,0.34641016151377546,True
df40_sd21,facesize_matched,C:\My_Project\AIGC\sd2.1\cdf\Celeb-real\id11_0008\YouTube-real_00248_077.png,262144,0.2522258955024408,255.0509490966797,C:\My_Project\AIGC\celeba_test\192749.jpg,celeba_test,38804.0,0.2372857874995171,507.1786804199219,0.34103643759277974,0.34641016151377546,True
df40_sd21,facesize_matched,C:\My_Project\AIGC\sd2.1\cdf\YouTube-real\00068\YouTube-real_00236_436.png,262144,0.3190798944364527,39.55683517456055,,,,,,0.48963110897768747,0.34641016151377546,False
df40_sd21,facesize_matched,C:\My_Project\AIGC\sd2.1\ff\564\705_274.png,262144,0.5984990148116304,288.939208984375,C:\My_Project\AIGC\AIGuard\unseen\Real_92.jpg,aiguard_unseen_real,550564.0,0.5883093647074895,377.0509643554688,0.10475673644055042,0.34641016151377546,True
df40_sd21,facesize_matched,C:\My_Project\AIGC\sd2.1\cdf\YouTube-real\00130\Celeb-real_id31_0004_179.png,262144,0.910900926312534,120.1794891357422,,,,,,0.47179687979063945,0.34641016151377546,False
df40_sd21,facesize_matched,C:\My_Project\AIGC\sd2.1\cdf\Celeb-real\id22_0002\Celeb-real_id46_0008_029.png,262144,0.5654956097207686,119.6642074584961,C:\My_Project\AIGC\AIGuard\unseen\Real_32.jpg,aiguard_unseen_real,770884.0,0.5611656589434465,874.445068359375,0.05646835921958664,0.34641016151377546,True
df40_sd21,facesize_matched,C:\My_Project\AIGC\sd2.1\ff\709\071_408.png,262144,0.5169981003599661,327.1272888183594,C:\My_Project\AIGC\AIGuard\unseen\Real_11.jpg,aiguard_unseen_real,511225.0,0.516003038301301,345.1483459472656,0.05304196513216555,0.34641016151377546,True
df40_sd21,facesize_matched,C:\My_Project\AIGC\sd2.1\cdf\Celeb-real\id8_0006\Celeb-real_id5_0001_268.png,262144,0.9350231858442511,379.6897277832031,,,,,,0.5515144406170299,0.34641016151377546,False
df40_sd21,facesize_matched,C:\My_Project\AIGC\sd2.1\ff\015\209_227.png,262144,0.4100899995496228,382.79681396484375,C:\My_Project\AIGC\AIGuard\unseen\Real_9.jpg,aiguard_unseen_real,586756.0,0.4253934658878367,488.0540161132813,0.23514687239165818,0.34641016151377546,True
df40_sd21,facesize_matched,C:\My_Project\AIGC\sd2.1\cdf\Celeb-real\id54_0009\Celeb-real_id51_0005_382.png,262144,0.8010629401744452,43.23779296875,,,,,,0.42413612054080924,0.34641016151377546,False
df40_sd21,facesize_matched,C:\My_Project\AIGC\sd2.1\cdf\Celeb-real\id7_0009\Celeb-real_id25_0004_147.png,262144,0.2934490859855992,157.82826232910156,C:\My_Project\AIGC\celeba_test\189078.jpg,celeba_test,38804.0,0.2745438534485641,945.0740966796876,0.3454387180398106,0.34641016151377546,True
df40_sd21,facesize_matched,C:\My_Project\AIGC\sd2.1\ff\413\996_100.png,262144,0.3923851736274336,367.0435791015625,C:\My_Project\AIGC\AIGuard\unseen\Real_42.jpg,aiguard_unseen_real,1669264.0,0.3911477190106586,759.1005859375,0.012768812585551547,0.34641016151377546,True
df40_sd21,facesize_matched,C:\My_Project\AIGC\sd2.1\cdf\Celeb-real\id43_0001\Celeb-real_id24_0007_207.png,262144,0.4320481581523157,81.1587905883789,C:\My_Project\AIGC\AIGuard\unseen\Real_46.jpg,aiguard_unseen_real,469225.0,0.4303921652215017,288.9297180175781,0.14909287096616164,0.34641016151377546,True
df40_sd21,facesize_matched,C:\My_Project\AIGC\sd2.1\cdf\YouTube-real\00075\Celeb-real_id41_0001_000.png,262144,0.2738327305033782,79.48281860351562,C:\My_Project\AIGC\celeba_test\190453.jpg,celeba_test,38804.0,0.262404311156266,527.5353393554688,0.27325402132907145,0.34641016151377546,True
df40_sd21,facesize_matched,C:\My_Project\AIGC\sd2.1\ff\875\166_706.png,262144,0.757124834905371,184.6698455810547,,,,,,0.9474934526322699,0.34641016151377546,False
df40_sd21,facesize_matched,C:\My_Project\AIGC\sd2.1\ff\708\439_267.png,262144,0.4961820853272722,196.91651916503903,C:\My_Project\AIGC\AIGuard\unseen\Real_50.jpg,aiguard_unseen_real,293764.0,0.4929350890358645,372.2781372070313,0.029017684690226385,0.34641016151377546,True
df40_sd21,facesize_matched,C:\My_Project\AIGC\sd2.1\ff\405\485_413.png,262144,0.5099354334980787,215.96234130859372,C:\My_Project\AIGC\AIGuard\unseen\Real_61.jpg,aiguard_unseen_real,3740356.0,0.504932227093514,381.8955078125,0.041748661217495736,0.34641016151377546,True
df40_sd21,joint_matched,C:\My_Project\AIGC\sd2.1\cdf\Celeb-real\id31_0005\Celeb-real_id28_0007_174.png,262144,0.4075677049188643,46.5943489074707,,,,,,0.8878641133307118,0.4,False
df40_sd21,joint_matched,C:\My_Project\AIGC\sd2.1\ff\280\963_334.png,262144,0.5036527854813775,304.98394775390625,,,,,,0.4086716883837864,0.4,False
df40_sd21,joint_matched,C:\My_Project\AIGC\sd2.1\ff\062\256_281.png,262144,0.2760705883546442,263.7642822265625,,,,,,1.0791501269018826,0.4,False
df40_sd21,joint_matched,C:\My_Project\AIGC\sd2.1\cdf\Celeb-real\id51_0004\Celeb-real_id2_0001_278.png,262144,0.6242390589040836,117.22400665283205,C:\My_Project\AIGC\AIGuard\unseen\Real_3.JPG,aiguard_unseen_real,380689.0,0.6088848824910071,453.7420043945313,0.29457753120685054,0.4,True
df40_sd21,joint_matched,C:\My_Project\AIGC\sd2.1\ff\702\630_013.png,262144,0.6314655009674554,141.161865234375,,,,,,0.6249160605225478,0.4,False
df40_sd21,joint_matched,C:\My_Project\AIGC\sd2.1\ff\629\901_522.png,262144,0.3302683096577098,179.67738342285156,,,,,,1.4585245594987943,0.4,False
df40_sd21,joint_matched,C:\My_Project\AIGC\sd2.1\ff\572\503_651.png,262144,0.6423402600475571,112.22608947753906,,,,,,0.9344763954495465,0.4,False
df40_sd21,joint_matched,C:\My_Project\AIGC\sd2.1\ff\360\768_116.png,262144,0.305504529377985,537.015380859375,,,,,,1.4140541884079565,0.4,False
df40_sd21,joint_matched,C:\My_Project\AIGC\sd2.1\cdf\Celeb-real\id50_0003\YouTube-real_00018_364.png,262144,0.4371735847872083,44.275489807128906,,,,,,0.9093534131208445,0.4,False
df40_sd21,joint_matched,C:\My_Project\AIGC\sd2.1\ff\258\670_092.png,262144,0.3658976836054836,225.97579956054688,,,,,,0.7705574038543677,0.4,False
df40_sd21,joint_matched,C:\My_Project\AIGC\sd2.1\cdf\Celeb-real\id39_0002\Celeb-real_id19_0000_231.png,262144,0.4448124406003058,87.96832275390625,,,,,,0.5627251004101426,0.4,False
df40_sd21,joint_matched,C:\My_Project\AIGC\sd2.1\cdf\Celeb-real\id51_0002\Celeb-real_id43_0005_042.png,262144,0.3074415940515759,233.69630432128903,,,,,,1.418756202657767,0.4,False
df40_sd21,joint_matched,C:\My_Project\AIGC\sd2.1\cdf\Celeb-real\id11_0009\YouTube-real_00219_186.png,262144,0.2373401480083882,486.1475830078125,,,,,,1.080285332550954,0.4,False
df40_sd21,joint_matched,C:\My_Project\AIGC\sd2.1\ff\221\857_494.png,262144,0.4344015390134719,95.07050323486328,C:\My_Project\AIGC\AIGuard\unseen\Real_15.jpg,aiguard_unseen_real,383161.0,0.4643224053119407,629.75732421875,0.39885701530660383,0.4,True
df40_sd21,joint_matched,C:\My_Project\AIGC\sd2.1\cdf\Celeb-real\id22_0004\YouTube-real_00114_218.png,262144,0.1986192288512757,612.3490600585938,,,,,,1.0203417416780276,0.4,False
df40_sd21,joint_matched,C:\My_Project\AIGC\sd2.1\cdf\YouTube-real\00073\YouTube-real_00234_000.png,262144,0.5536425491003201,609.7589721679688,,,,,,0.5203486257912858,0.4,False
df40_sd21,joint_matched,C:\My_Project\AIGC\sd2.1\ff\079\098_182.png,262144,0.5919839608350814,115.60096740722656,,,,,,0.8128709141797827,0.4,False
df40_sd21,joint_matched,C:\My_Project\AIGC\sd2.1\ff\075\054_272.png,262144,0.4693512385353407,263.524169921875,C:\My_Project\AIGC\AIGuard\unseen\Real_60.jpg,aiguard_unseen_real,291600.0,0.4748602980907951,209.02911376953125,0.1515697333803003,0.4,True
df40_sd21,joint_matched,C:\My_Project\AIGC\sd2.1\ff\236\825_369.png,262144,0.6431160151900013,417.6377258300781,,,,,,1.0753173578979471,0.4,False
df40_sd21,joint_matched,C:\My_Project\AIGC\sd2.1\ff\561\036_000.png,262144,0.3737024064793359,368.9631042480469,,,,,,1.4203363058739276,0.4,False
df40_sd21,joint_matched,C:\My_Project\AIGC\sd2.1\ff\599\821_163.png,262144,0.3763912272512592,284.247802734375,,,,,,1.0100900884043507,0.4,False
df40_sd21,joint_matched,C:\My_Project\AIGC\sd2.1\cdf\YouTube-real\00246\Celeb-real_id11_0003_211.png,262144,0.2791464045512572,184.58572387695312,,,,,,1.2542204979743716,0.4,False
df40_sd21,joint_matched,C:\My_Project\AIGC\sd2.1\cdf\Celeb-real\id24_0008\Celeb-real_id46_0004_079.png,262144,0.2081714034709908,1250.9793701171875,,,,,,1.0218799843200292,0.4,False
df40_sd21,joint_matched,C:\My_Project\AIGC\sd2.1\ff\065\324_241.png,262144,0.4431937422345176,279.5343933105469,,,,,,0.5232633800454016,0.4,False
df40_sd21,joint_matched,C:\My_Project\AIGC\sd2.1\cdf\Celeb-real\id16_0008\Celeb-real_id44_0001_222.png,262144,0.6267112765169713,57.56908798217773,,,,,,0.49149603336709274,0.4,False
df40_sd21,joint_matched,C:\My_Project\AIGC\sd2.1\ff\506\353_299.png,262144,0.402507217686027,113.91439819335938,,,,,,0.485420198689704,0.4,False
df40_sd21,joint_matched,C:\My_Project\AIGC\sd2.1\cdf\Celeb-real\id47_0001\YouTube-real_00218_046.png,262144,0.4367366674574628,154.90191650390625,,,,,,0.4839479228716973,0.4,False
df40_sd21,joint_matched,C:\My_Project\AIGC\sd2.1\cdf\Celeb-real\id33_0006\Celeb-real_id5_0006_157.png,262144,0.3940134217710647,164.47006225585938,,,,,,1.1150969706693001,0.4,False
df40_sd21,joint_matched,C:\My_Project\AIGC\sd2.1\cdf\Celeb-real\id11_0008\YouTube-real_00248_077.png,262144,0.2522258955024408,255.0509490966797,,,,,,1.1215371396739637,0.4,False
df40_sd21,joint_matched,C:\My_Project\AIGC\sd2.1\cdf\YouTube-real\00068\YouTube-real_00236_436.png,262144,0.3190798944364527,39.55683517456055,,,,,,1.4205625670024258,0.4,False
df40_sd21,joint_matched,C:\My_Project\AIGC\sd2.1\ff\564\705_274.png,262144,0.5984990148116304,288.939208984375,C:\My_Project\AIGC\AIGuard\unseen\Real_17.JPG,aiguard_unseen_real,274576.0,0.5530925240013875,448.31842041015625,0.3996126869169976,0.4,True
df40_sd21,joint_matched,C:\My_Project\AIGC\sd2.1\cdf\YouTube-real\00130\Celeb-real_id31_0004_179.png,262144,0.910900926312534,120.1794891357422,,,,,,0.8750192928524856,0.4,False
df40_sd21,joint_matched,C:\My_Project\AIGC\sd2.1\cdf\Celeb-real\id22_0002\Celeb-real_id46_0008_029.png,262144,0.5654956097207686,119.6642074584961,C:\My_Project\AIGC\AIGuard\unseen\Real_20.jpeg,aiguard_unseen_real,265225.0,0.5591110484153562,59.99580764770508,0.07318354920948421,0.4,True
df40_sd21,joint_matched,C:\My_Project\AIGC\sd2.1\ff\709\071_408.png,262144,0.5169981003599661,327.1272888183594,C:\My_Project\AIGC\AIGuard\unseen\Real_19.jpg,aiguard_unseen_real,177241.0,0.5411404142941241,1071.1109619140625,0.3391037621979399,0.4,True
df40_sd21,joint_matched,C:\My_Project\AIGC\sd2.1\cdf\Celeb-real\id8_0006\Celeb-real_id5_0001_268.png,262144,0.9350231858442511,379.6897277832031,,,,,,0.796048728988652,0.4,False
df40_sd21,joint_matched,C:\My_Project\AIGC\sd2.1\ff\015\209_227.png,262144,0.4100899995496228,382.79681396484375,,,,,,1.082276821330352,0.4,False
df40_sd21,joint_matched,C:\My_Project\AIGC\sd2.1\cdf\Celeb-real\id54_0009\Celeb-real_id51_0005_382.png,262144,0.8010629401744452,43.23779296875,,,,,,1.6295717713026958,0.4,False
df40_sd21,joint_matched,C:\My_Project\AIGC\sd2.1\cdf\Celeb-real\id7_0009\Celeb-real_id25_0004_147.png,262144,0.2934490859855992,157.82826232910156,,,,,,1.3979516754315655,0.4,False
df40_sd21,joint_matched,C:\My_Project\AIGC\sd2.1\ff\413\996_100.png,262144,0.3923851736274336,367.0435791015625,,,,,,0.6491235496146442,0.4,False
df40_sd21,joint_matched,C:\My_Project\AIGC\sd2.1\cdf\Celeb-real\id43_0001\Celeb-real_id24_0007_207.png,262144,0.4320481581523157,81.1587905883789,,,,,,0.5406438813205098,0.4,False
df40_sd21,joint_matched,C:\My_Project\AIGC\sd2.1\cdf\YouTube-real\00075\Celeb-real_id41_0001_000.png,262144,0.2738327305033782,79.48281860351562,,,,,,1.2793302417163803,0.4,False
df40_sd21,joint_matched,C:\My_Project\AIGC\sd2.1\ff\875\166_706.png,262144,0.757124834905371,184.6698455810547,C:\My_Project\AIGC\AIGuard\unseen\Real_40.jpg,aiguard_unseen_real,301401.0,0.7427828108536312,362.6002807617188,0.17161221505187987,0.4,True
df40_sd21,joint_matched,C:\My_Project\AIGC\sd2.1\ff\708\439_267.png,262144,0.4961820853272722,196.91651916503903,C:\My_Project\AIGC\AIGuard\unseen\Real_50.jpg,aiguard_unseen_real,293764.0,0.4929350890358645,372.2781372070313,0.08604591444619951,0.4,True
df40_sd21,joint_matched,C:\My_Project\AIGC\sd2.1\ff\405\485_413.png,262144,0.5099354334980787,215.96234130859372,,,,,,0.48215466478054525,0.4,False
midjourney,resolution_matched,C:\My_Project\AIGC\MidJourney\fake\13592447708_Single_person_white_male_looking_at_the_camera_faci_0e1a03e9-4975-4319-97fe-8516ed1363ab.png,1048576,0.1478128637258151,927.8602294921876,C:\My_Project\AIGC\AIGuard\unseen\Real_94.jpeg,aiguard_unseen_real,1078800.0,0.1037431201671816,1243.856201171875,0.017652033904645092,0.2,True
midjourney,resolution_matched,C:\My_Project\AIGC\MidJourney\fake\13592447708_Single_person_East_Asian_woman_looking_at_the_camer_4a5f6427-65b2-45f6-b5ba-0df093d97458.png,1048576,0.0743384468279721,679.0125122070312,C:\My_Project\AIGC\AIGuard\unseen\Real_93.jpg,aiguard_unseen_real,960000.0,0.1084467203532438,597.6739501953125,0.054823581547086775,0.2,True
midjourney,resolution_matched,C:\My_Project\AIGC\MidJourney\fake\13592447708_Caucasian_male_face_face_only_shown_close-up_of_fac_e24e6632-cc25-41b7-afe1-68fbc3b73826.png,1048576,0.6141380883994478,400.0456237792969,C:\My_Project\AIGC\AIGuard\unseen\Real_82.jpg,aiguard_unseen_real,937024.0,0.5664580022918406,245.4823760986328,0.06987164727897821,0.2,True
midjourney,resolution_matched,C:\My_Project\AIGC\MidJourney\fake\13592447708_Single_person_white_female_looking_at_the_camera_fa_9a43fb95-7dba-4532-9b38-b1484e4f3467.png,1048576,0.0994305729511304,731.9163818359375,C:\My_Project\AIGC\AIGuard\unseen\Real_6.jpg,aiguard_unseen_real,1177225.0,0.5554104703247716,293.2361755371094,0.07188896769467013,0.2,True
midjourney,resolution_matched,C:\My_Project\AIGC\MidJourney\fake\13592447708_Single_person_white_male_looking_at_the_camera_faci_089d22a2-9793-4e25-9604-533acc43d362.png,1048576,0.1486749372030475,863.7908325195312,C:\My_Project\AIGC\AIGuard\unseen\Real_21.jpg,aiguard_unseen_real,1181569.0,0.5028728627632192,398.04876708984375,0.0741769788550648,0.2,True
midjourney,resolution_matched,C:\My_Project\AIGC\MidJourney\fake\13592447708_Caucasian_male_face_face_close-up_outdoor_during_da_fda24ec1-11a9-41a7-bc34-c0ac22439e8e.png,1048576,0.469558520022274,910.8682250976562,C:\My_Project\AIGC\AIGuard\unseen\Real_39.jpg,aiguard_unseen_real,879844.0,0.5939141245992882,339.8829345703125,0.10898473188202273,0.2,True
midjourney,resolution_matched,C:\My_Project\AIGC\MidJourney\fake\13592447708_Clean_East_Asian_female_face_face_only_shown_face_c_9a291ec4-afb9-4bb5-ae51-b6c6a0eb0231.png,1048576,0.142271544639366,561.6455078125,,,,,,0.6253774003267478,0.2,False
midjourney,resolution_matched,C:\My_Project\AIGC\MidJourney\fake\13592447708_Single_person_black_male_looking_at_the_camera_faci_21838c51-b7a6-41b3-9dd1-3eccd82adea1.png,1048576,0.0911531370122586,794.5767211914062,C:\My_Project\AIGC\AIGuard\unseen\Real_43.jpg,aiguard_unseen_real,1320201.0,0.5527699943138425,314.23150634765625,0.14309282144678792,0.2,True
midjourney,resolution_matched,C:\My_Project\AIGC\MidJourney\fake\13592447708_black_male_face_face_only_face_close-up_face_close-_524a2bd2-dac3-4b78-aeab-19043a1c99fa.png,1048576,0.371202192808984,648.1461791992188,C:\My_Project\AIGC\AIGuard\unseen\Real_86.jpg,aiguard_unseen_real,801025.0,0.4879409290772447,525.849609375,0.16728539802281417,0.2,True
midjourney,resolution_matched,C:\My_Project\AIGC\MidJourney\fake\13592447708_Clean_East_Asian_male_face_face_only_shown_face_clo_17f4f100-58f9-49cd-a569-d247a3fc1c37.png,1048576,0.4421628509090259,568.3285522460938,C:\My_Project\AIGC\AIGuard\unseen\Real_32.jpg,aiguard_unseen_real,770884.0,0.5611656589434465,874.445068359375,0.1911108603226097,0.2,True
midjourney,resolution_matched,C:\My_Project\AIGC\MidJourney\fake\13592447708_Single_person_white_male_looking_at_the_camera_faci_5fa05ada-60c9-4810-9143-ee1b5d423d64.png,1048576,0.1079623472603381,598.0363159179688,,,,,,0.7900031527967004,0.2,False
midjourney,resolution_matched,C:\My_Project\AIGC\MidJourney\fake\13592447708_Clean_East_Asian_female_face_face_only_shown_face_c_24cb4e88-02c8-4dce-a6cd-1aa9a833a4d0.png,1048576,0.5462076573333864,263.0206604003906,,,,,,0.7904155438668116,0.2,False
midjourney,resolution_matched,C:\My_Project\AIGC\MidJourney\fake\13592447708_Single_person_East_Asian_male_looking_at_the_camera_26db4747-b59d-42f6-a16a-e68f30dad01e.png,1048576,0.1195166140103431,687.431640625,,,,,,0.2446018668243113,0.2,False
midjourney,resolution_matched,C:\My_Project\AIGC\MidJourney\fake\13592447708_Clean_caucasian_female_face_face_only_shown_face_cl_40f9a095-ea4f-4a06-a0b7-58e99ad7e54d.png,1048576,0.3490389390340714,482.8609619140625,,,,,,0.6293980825056604,0.2,False
midjourney,resolution_matched,C:\My_Project\AIGC\MidJourney\fake\13592447708_Single_person_black_male_looking_at_the_camera_faci_03fe0672-9ca3-43b2-afc6-2fb3d1ef9799.png,1048576,0.1365691265672727,516.558349609375,,,,,,0.3341445479102483,0.2,False
midjourney,resolution_matched,C:\My_Project\AIGC\MidJourney\fake\13592447708_Clean_East_Asian_female_face_face_only_shown_face_c_6c7493f7-56c8-48c3-b67f-5926a803f83f.png,1048576,0.3864770281680373,317.40447998046875,,,,,,0.3498070653574943,0.2,False
midjourney,resolution_matched,C:\My_Project\AIGC\MidJourney\fake\13592447708_Single_person_white_male_looking_at_the_camera_faci_d9b73734-c8c8-4718-a032-f4a140f48eb7.png,1048576,0.1649788150889307,559.4801635742188,,,,,,0.36065285620790477,0.2,False
midjourney,resolution_matched,C:\My_Project\AIGC\MidJourney\fake\13592447708_Clean_East_Asian_male_face_only_face_shown_close-up_58515eef-f2a6-4cd4-a082-4750db682a89.png,1048576,0.1445469732738859,759.7266235351562,,,,,,0.8539005408077552,0.2,False
midjourney,resolution_matched,C:\My_Project\AIGC\MidJourney\fake\13592447708_Single_person_white_male_looking_at_the_camera_faci_fb080280-8cc5-4e53-9de9-99a26ddbc86d.png,1048576,0.1220095584496717,1057.4805908203125,,,,,,0.4958843390783729,0.2,False
midjourney,resolution_matched,C:\My_Project\AIGC\MidJourney\fake\13592447708_Single_person_East_Asian_male_looking_at_the_camera_073766ad-fae6-4ed9-9a3b-147c85e37a2a.png,1048576,0.1044036461539388,560.5867309570312,,,,,,0.687611117017283,0.2,False
midjourney,resolution_matched,C:\My_Project\AIGC\MidJourney\fake\13592447708_Single_person_white_female_looking_at_the_camera_fa_96baba09-ca39-4f71-9045-34d26ccc506b.png,1048576,0.118035444523138,677.7237548828125,,,,,,0.4767628069997092,0.2,False
midjourney,resolution_matched,C:\My_Project\AIGC\MidJourney\fake\13592447708_Single_person_black_male_looking_at_the_camera_faci_83fe5862-e20e-4f72-8a54-072c59fcacc9.png,1048576,0.1915392695414734,613.3446044921875,,,,,,0.4684691199321107,0.2,False
midjourney,resolution_matched,C:\My_Project\AIGC\MidJourney\fake\13592447708_Single_person_Caucasian_n_looking_at_camera_facing__0b44eb57-770b-4b74-a0d8-b6cf74daf3c4.png,1048576,0.1862353420584969,374.8263244628906,,,,,,0.28400705973495777,0.2,False
midjourney,resolution_matched,C:\My_Project\AIGC\MidJourney\fake\13592447708_Clean_East_Asian_female_face_face_only_shown_face_c_1d2e44fb-de7a-49c1-ba4f-3dc5771a38c3.png,1048576,0.220845968015995,502.9427185058594,,,,,,0.28882439694143014,0.2,False
midjourney,resolution_matched,C:\My_Project\AIGC\MidJourney\fake\13592447708_Clean_caucasian_female_face_face_only_shown_face_cl_4978a4dd-8b80-4ec7-8d49-cdec9a8764f7.png,1048576,0.1521152817746594,894.8295288085938,,,,,,0.795008487023606,0.2,False
midjourney,resolution_matched,C:\My_Project\AIGC\MidJourney\fake\13592447708_Single_person_East_Asian_woman_looking_at_the_camer_b30c15a3-0dbf-4ac4-95bc-c713bc901813.png,1048576,0.1176905909479223,497.66802978515625,,,,,,0.5061698534656816,0.2,False
midjourney,resolution_matched,C:\My_Project\AIGC\MidJourney\fake\13592447708_Single_person_black_male_looking_at_the_camera_faci_aaee316d-91f5-4f73-867e-a53b55c2b0a4.png,1048576,0.122961603218175,633.9268798828125,,,,,,0.7744726523831811,0.2,False
midjourney,resolution_matched,C:\My_Project\AIGC\MidJourney\fake\13592447708_Caucasian_male_face_face_only_shown_face_close-up_f_863eaf4d-e67a-4603-b654-2609e4e39dfd.png,1048576,0.9215296398617115,289.1903076171875,,,,,,0.49227273854389375,0.2,False
midjourney,resolution_matched,C:\My_Project\AIGC\MidJourney\fake\13592447708_Clean_caucasian_female_face_face_only_shown_face_cl_937e5090-46ad-41bc-86a1-683cc00c311c.png,1048576,0.5526146524494777,386.353271484375,,,,,,0.7090500464293492,0.2,False
midjourney,resolution_matched,C:\My_Project\AIGC\MidJourney\fake\13592447708_Single_person_East_Asian_male_looking_at_the_camera_8ee8d914-dc3f-4abd-b0b1-40ed942294d4.png,1048576,0.0504071430418082,648.8214721679688,,,,,,0.44625304380155073,0.2,False
midjourney,resolution_matched,C:\My_Project\AIGC\MidJourney\fake\13592447708_Clean_East_Asian_male_face_face_only_shown_face_clo_f0658755-362d-41a3-b2ce-3ee5f405c26e.png,1048576,0.5590437317606691,436.4217529296875,,,,,,0.8242169641935926,0.2,False
midjourney,resolution_matched,C:\My_Project\AIGC\MidJourney\fake\13592447708_Clean_caucasian_female_face_face_only_shown_face_cl_371aa179-9997-4f8e-971b-d379834f6fba.png,1048576,0.3633622803402516,514.0783081054688,C:\My_Project\AIGC\AIGuard\unseen\Real_18.jpg,aiguard_unseen_real,868624.0,0.4688899137228423,519.1276245117188,0.11695731352297223,0.2,True
midjourney,resolution_matched,C:\My_Project\AIGC\MidJourney\fake\13592447708_Single_person_black_male_looking_at_the_camera_faci_98af1a10-6ac8-4ca8-b1c5-ea25c727725d.png,1048576,0.1414985074595722,624.6915893554688,,,,,,0.499506469075368,0.2,False
midjourney,resolution_matched,C:\My_Project\AIGC\MidJourney\fake\13592447708_Single_person_East_Asian_male_looking_at_the_camera_25391f41-f39f-4bb3-a375-6a400698b202.png,1048576,0.1013850278360856,587.5074462890625,,,,,,0.5363207094794183,0.2,False
midjourney,resolution_matched,C:\My_Project\AIGC\MidJourney\fake\13592447708_Single_person_black_male_looking_at_the_camera_faci_6c52c0ad-2573-43cf-94c4-68a3678ac4b3.png,1048576,0.1639679588248903,452.6802368164063,,,,,,0.40020175658844326,0.2,False
midjourney,resolution_matched,C:\My_Project\AIGC\MidJourney\fake\13592447708_Caucasian_male_face_close-up_of_face_studio_lights__fb5f5bb2-630c-4b3f-9c94-e73b4b3d2301.png,1048576,0.4114994270068917,333.1394958496094,,,,,,0.8323764078820135,0.2,False
midjourney,resolution_matched,C:\My_Project\AIGC\MidJourney\fake\13592447708_Face_of_clean_caucasian_male_face_only_shown_close-_dfb549f4-7306-4f1c-aaa7-da4a4dad7105.png,1048576,0.5497143631936766,497.7198486328125,,,,,,0.2096436953303309,0.2,False
midjourney,resolution_matched,C:\My_Project\AIGC\MidJourney\fake\13592447708_Single_person_East_Asian_male_looking_at_the_camera_c4069f36-c57e-4a77-a3aa-2dd16ddd57e0.png,1048576,0.1349678953588548,682.9725341796875,,,,,,0.8964445653457589,0.2,False
midjourney,resolution_matched,C:\My_Project\AIGC\MidJourney\fake\13592447708_Single_person_East_Asian_woman_looking_at_the_camer_77845836-0438-4211-80f8-57975f4c3ed3.png,1048576,0.0956671039859002,453.60552978515625,,,,,,0.898800923963845,0.2,False
midjourney,resolution_matched,C:\My_Project\AIGC\MidJourney\fake\13592447708_Clean_East_Asian_male_face_face_only_shown_face_clo_c74641a3-5ee5-4d91-a444-5f1bb07857a2.png,1048576,0.2250533925750613,477.6123352050781,,,,,,0.9347642948935522,0.2,False
midjourney,resolution_matched,C:\My_Project\AIGC\MidJourney\fake\13592447708_Single_person_black_male_looking_at_the_camera_faci_bfd21ca6-515c-476a-a95d-01576486244b.png,1048576,0.1001373156252449,556.9614868164062,,,,,,0.9791300425858274,0.2,False
midjourney,resolution_matched,C:\My_Project\AIGC\MidJourney\fake\13592447708_Single_person_black_male_looking_at_the_camera_faci_e9e35641-008c-4138-9a17-2a39edcd9493.png,1048576,0.1547001427582157,659.8924560546875,,,,,,1.0139453423374136,0.2,False
midjourney,resolution_matched,C:\My_Project\AIGC\MidJourney\fake\13592447708_Single_person_East_Asian_male_looking_at_the_camera_78f40ad6-2361-4e4e-be75-f7932e116674.png,1048576,0.0959124025716684,699.8380737304688,,,,,,1.0176947428820515,0.2,False
midjourney,resolution_matched,C:\My_Project\AIGC\MidJourney\fake\13592447708_Clean_East_Asian_female_face_face_only_shown_face_c_afae212c-def3-4f9b-a9df-9c1516c30d45.png,1048576,0.1591337138469595,665.5962524414062,,,,,,1.0373271903669519,0.2,False
midjourney,resolution_matched,C:\My_Project\AIGC\MidJourney\fake\13592447708_Single_person_black_male_looking_at_the_camera_faci_fac2ed21-b50c-4d5f-9d75-19458980c379.png,1048576,0.1640048475686672,715.2177734375,,,,,,1.0550983179772757,0.2,False
midjourney,facesize_matched,C:\My_Project\AIGC\MidJourney\fake\13592447708_Single_person_white_male_looking_at_the_camera_faci_0e1a03e9-4975-4319-97fe-8516ed1363ab.png,1048576,0.1478128637258151,927.8602294921876,C:\My_Project\AIGC\lfw\Manfred_Reyes_Villa\Manfred_Reyes_Villa_0001.jpg,lfw,62500.0,0.1533757716971028,979.2052612304688,0.11037269832897825,0.34641016151377546,True
midjourney,facesize_matched,C:\My_Project\AIGC\MidJourney\fake\13592447708_Single_person_East_Asian_woman_looking_at_the_camer_4a5f6427-65b2-45f6-b5ba-0df093d97458.png,1048576,0.0743384468279721,679.0125122070312,,,,,,1.0055318165202436,0.34641016151377546,False
midjourney,facesize_matched,C:\My_Project\AIGC\MidJourney\fake\13592447708_Caucasian_male_face_face_only_shown_close-up_of_fac_e24e6632-cc25-41b7-afe1-68fbc3b73826.png,1048576,0.6141380883994478,400.0456237792969,C:\My_Project\AIGC\AIGuard\unseen\Real_89.jpg,aiguard_unseen_real,4439449.0,0.6101726018355828,303.3612976074219,0.030499469240160546,0.34641016151377546,True
midjourney,facesize_matched,C:\My_Project\AIGC\MidJourney\fake\13592447708_Single_person_white_female_looking_at_the_camera_fa_9a43fb95-7dba-4532-9b38-b1484e4f3467.png,1048576,0.0994305729511304,731.9163818359375,,,,,,1.3413858509644836,0.34641016151377546,False
midjourney,facesize_matched,C:\My_Project\AIGC\MidJourney\fake\13592447708_Single_person_white_male_looking_at_the_camera_faci_089d22a2-9793-4e25-9604-533acc43d362.png,1048576,0.1486749372030475,863.7908325195312,C:\My_Project\AIGC\lfw\Toutai_Kefu\Toutai_Kefu_0001.jpg,lfw,62500.0,0.1537180007785629,936.8301391601562,0.09318470379223234,0.34641016151377546,True
midjourney,facesize_matched,C:\My_Project\AIGC\MidJourney\fake\13592447708_Caucasian_male_face_face_close-up_outdoor_during_da_fda24ec1-11a9-41a7-bc34-c0ac22439e8e.png,1048576,0.469558520022274,910.8682250976562,C:\My_Project\AIGC\AIGuard\unseen\Real_28.jpg,aiguard_unseen_real,5731236.0,0.4662996849196741,681.2940063476562,0.04057064798297179,0.34641016151377546,True
midjourney,facesize_matched,C:\My_Project\AIGC\MidJourney\fake\13592447708_Clean_East_Asian_female_face_face_only_shown_face_c_9a291ec4-afb9-4bb5-ae51-b6c6a0eb0231.png,1048576,0.142271544639366,561.6455078125,C:\My_Project\AIGC\lfw\Glen_DaSilva\Glen_DaSilva_0001.jpg,lfw,62500.0,0.1489750681023939,613.6240234375,0.12837471791673358,0.34641016151377546,True
midjourney,facesize_matched,C:\My_Project\AIGC\MidJourney\fake\13592447708_Single_person_black_male_looking_at_the_camera_faci_21838c51-b7a6-41b3-9dd1-3eccd82adea1.png,1048576,0.0911531370122586,794.5767211914062,,,,,,1.6031674627713308,0.34641016151377546,False
midjourney,facesize_matched,C:\My_Project\AIGC\MidJourney\fake\13592447708_black_male_face_face_only_face_close-up_face_close-_524a2bd2-dac3-4b78-aeab-19043a1c99fa.png,1048576,0.371202192808984,648.1461791992188,C:\My_Project\AIGC\AIGuard\unseen\Real_51.jpg,aiguard_unseen_real,4456321.0,0.3979064657066901,529.4262084960938,0.255125200343829,0.34641016151377546,True
midjourney,facesize_matched,C:\My_Project\AIGC\MidJourney\fake\13592447708_Clean_East_Asian_male_face_face_only_shown_face_clo_17f4f100-58f9-49cd-a569-d247a3fc1c37.png,1048576,0.4421628509090259,568.3285522460938,C:\My_Project\AIGC\AIGuard\unseen\Real_49.jpg,aiguard_unseen_real,3952144.0,0.4424749856078919,373.8109130859375,0.030410037929486797,0.34641016151377546,True
midjourney,facesize_matched,C:\My_Project\AIGC\MidJourney\fake\13592447708_Single_person_white_male_looking_at_the_camera_faci_5fa05ada-60c9-4810-9143-ee1b5d423d64.png,1048576,0.1079623472603381,598.0363159179688,,,,,,0.5941876301172706,0.34641016151377546,False
midjourney,facesize_matched,C:\My_Project\AIGC\MidJourney\fake\13592447708_Clean_East_Asian_female_face_face_only_shown_face_c_24cb4e88-02c8-4dce-a6cd-1aa9a833a4d0.png,1048576,0.5462076573333864,263.0206604003906,C:\My_Project\AIGC\AIGuard\unseen\Real_19.jpg,aiguard_unseen_real,177241.0,0.5411404142941241,1071.1109619140625,0.08914399370990825,0.34641016151377546,True
midjourney,facesize_matched,C:\My_Project\AIGC\MidJourney\fake\13592447708_Single_person_East_Asian_male_looking_at_the_camera_26db4747-b59d-42f6-a16a-e68f30dad01e.png,1048576,0.1195166140103431,687.431640625,,,,,,0.6548637078906013,0.34641016151377546,False
midjourney,facesize_matched,C:\My_Project\AIGC\MidJourney\fake\13592447708_Clean_caucasian_female_face_face_only_shown_face_cl_40f9a095-ea4f-4a06-a0b7-58e99ad7e54d.png,1048576,0.3490389390340714,482.8609619140625,C:\My_Project\AIGC\AIGuard\unseen\Real_44.jpg,aiguard_unseen_real,5363856.0,0.3484007895514039,987.0241088867188,0.08909526008645452,0.34641016151377546,True
midjourney,facesize_matched,C:\My_Project\AIGC\MidJourney\fake\13592447708_Single_person_black_male_looking_at_the_camera_faci_03fe0672-9ca3-43b2-afc6-2fb3d1ef9799.png,1048576,0.1365691265672727,516.558349609375,C:\My_Project\AIGC\lfw\Aaron_Patterson\Aaron_Patterson_0001.jpg,lfw,62500.0,0.1445150768976573,932.53662109375,0.15682790545005815,0.34641016151377546,True
midjourney,facesize_matched,C:\My_Project\AIGC\MidJourney\fake\13592447708_Clean_East_Asian_female_face_face_only_shown_face_c_6c7493f7-56c8-48c3-b67f-5926a803f83f.png,1048576,0.3864770281680373,317.40447998046875,C:\My_Project\AIGC\AIGuard\unseen\Real_42.jpg,aiguard_unseen_real,1669264.0,0.3911477190106586,759.1005859375,0.08530240674700984,0.34641016151377546,True
midjourney,facesize_matched,C:\My_Project\AIGC\MidJourney\fake\13592447708_Single_person_white_male_looking_at_the_camera_faci_d9b73734-c8c8-4718-a032-f4a140f48eb7.png,1048576,0.1649788150889307,559.4801635742188,C:\My_Project\AIGC\lfw\Robin_Williams\Robin_Williams_0001.jpg,lfw,62500.0,0.1647262518010419,1698.8560791015625,0.01840981778942234,0.34641016151377546,True
midjourney,facesize_matched,C:\My_Project\AIGC\MidJourney\fake\13592447708_Clean_East_Asian_male_face_only_face_shown_close-up_58515eef-f2a6-4cd4-a082-4750db682a89.png,1048576,0.1445469732738859,759.7266235351562,C:\My_Project\AIGC\lfw\Kwon_Yang-sook\Kwon_Yang-sook_0001.jpg,lfw,62500.0,0.1591916576262519,314.2854309082031,0.2703303953343567,0.34641016151377546,True
midjourney,facesize_matched,C:\My_Project\AIGC\MidJourney\fake\13592447708_Single_person_white_male_looking_at_the_camera_faci_fb080280-8cc5-4e53-9de9-99a26ddbc86d.png,1048576,0.1220095584496717,1057.4805908203125,,,,,,0.6991123800442635,0.34641016151377546,False
midjourney,facesize_matched,C:\My_Project\AIGC\MidJourney\fake\13592447708_Single_person_East_Asian_male_looking_at_the_camera_073766ad-fae6-4ed9-9a3b-147c85e37a2a.png,1048576,0.1044036461539388,560.5867309570312,,,,,,1.1556062899429083,0.34641016151377546,False
midjourney,facesize_matched,C:\My_Project\AIGC\MidJourney\fake\13592447708_Single_person_white_female_looking_at_the_camera_fa_96baba09-ca39-4f71-9045-34d26ccc506b.png,1048576,0.118035444523138,677.7237548828125,,,,,,0.5030991670571977,0.34641016151377546,False
midjourney,facesize_matched,C:\My_Project\AIGC\MidJourney\fake\13592447708_Single_person_black_male_looking_at_the_camera_faci_83fe5862-e20e-4f72-8a54-072c59fcacc9.png,1048576,0.1915392695414734,613.3446044921875,C:\My_Project\AIGC\lfw\Cathy_Chisholm\Cathy_Chisholm_0001.jpg,lfw,62500.0,0.1904317676662546,1140.1279296875,0.01788336133349294,0.34641016151377546,True
midjourney,facesize_matched,C:\My_Project\AIGC\MidJourney\fake\13592447708_Single_person_Caucasian_n_looking_at_camera_facing__0b44eb57-770b-4b74-a0d8-b6cf74daf3c4.png,1048576,0.1862353420584969,374.8263244628906,C:\My_Project\AIGC\lfw\Craig_Wilson\Craig_Wilson_0001.jpg,lfw,62500.0,0.1847730123341727,1262.4361572265625,0.03291730981006137,0.34641016151377546,True
midjourney,facesize_matched,C:\My_Project\AIGC\MidJourney\fake\13592447708_Clean_East_Asian_female_face_face_only_shown_face_c_1d2e44fb-de7a-49c1-ba4f-3dc5771a38c3.png,1048576,0.220845968015995,502.9427185058594,C:\My_Project\AIGC\lfw\Jim_Greenwood\Jim_Greenwood_0001.jpg,lfw,62500.0,0.218051513566138,600.7500610351562,0.07672444059150918,0.34641016151377546,True
midjourney,facesize_matched,C:\My_Project\AIGC\MidJourney\fake\13592447708_Clean_caucasian_female_face_face_only_shown_face_cl_4978a4dd-8b80-4ec7-8d49-cdec9a8764f7.png,1048576,0.1521152817746594,894.8295288085938,C:\My_Project\AIGC\lfw\Andres_Manuel_Lopez_Obrador\Andres_Manuel_Lopez_Obrador_0001.jpg,lfw,62500.0,0.1581236533881045,303.1236267089844,0.10921031305846927,0.34641016151377546,True
midjourney,facesize_matched,C:\My_Project\AIGC\MidJourney\fake\13592447708_Single_person_East_Asian_woman_looking_at_the_camer_b30c15a3-0dbf-4ac4-95bc-c713bc901813.png,1048576,0.1176905909479223,497.66802978515625,,,,,,0.6365764488717429,0.34641016151377546,False
midjourney,facesize_matched,C:\My_Project\AIGC\MidJourney\fake\13592447708_Single_person_black_male_looking_at_the_camera_faci_aaee316d-91f5-4f73-867e-a53b55c2b0a4.png,1048576,0.122961603218175,633.9268798828125,,,,,,0.4228542911148302,0.34641016151377546,False
midjourney,facesize_matched,C:\My_Project\AIGC\MidJourney\fake\13592447708_Caucasian_male_face_face_only_shown_face_close-up_f_863eaf4d-e67a-4603-b654-2609e4e39dfd.png,1048576,0.9215296398617115,289.1903076171875,,,,,,0.5094546118403466,0.34641016151377546,False
midjourney,facesize_matched,C:\My_Project\AIGC\MidJourney\fake\13592447708_Clean_caucasian_female_face_face_only_shown_face_cl_937e5090-46ad-41bc-86a1-683cc00c311c.png,1048576,0.5526146524494777,386.353271484375,C:\My_Project\AIGC\AIGuard\unseen\Real_20.jpeg,aiguard_unseen_real,265225.0,0.5591110484153562,59.99580764770508,0.06036794522627683,0.34641016151377546,True
midjourney,facesize_matched,C:\My_Project\AIGC\MidJourney\fake\13592447708_Single_person_East_Asian_male_looking_at_the_camera_8ee8d914-dc3f-4abd-b0b1-40ed942294d4.png,1048576,0.0504071430418082,648.8214721679688,,,,,,2.2312624897331848,0.34641016151377546,False
midjourney,facesize_matched,C:\My_Project\AIGC\MidJourney\fake\13592447708_Clean_East_Asian_male_face_face_only_shown_face_clo_f0658755-362d-41a3-b2ce-3ee5f405c26e.png,1048576,0.5590437317606691,436.4217529296875,C:\My_Project\AIGC\AIGuard\unseen\Real_32.jpg,aiguard_unseen_real,770884.0,0.5611656589434465,874.445068359375,0.05894790073980902,0.34641016151377546,True
midjourney,facesize_matched,C:\My_Project\AIGC\MidJourney\fake\13592447708_Clean_caucasian_female_face_face_only_shown_face_cl_371aa179-9997-4f8e-971b-d379834f6fba.png,1048576,0.3633622803402516,514.0783081054688,C:\My_Project\AIGC\AIGuard\unseen\Real_8.JPG,aiguard_unseen_real,707281.0,0.377665366721485,174.33119201660156,0.22059395002279356,0.34641016151377546,True
midjourney,facesize_matched,C:\My_Project\AIGC\MidJourney\fake\13592447708_Single_person_black_male_looking_at_the_camera_faci_98af1a10-6ac8-4ca8-b1c5-ea25c727725d.png,1048576,0.1414985074595722,624.6915893554688,,,,,,0.39823977824985146,0.34641016151377546,False
midjourney,facesize_matched,C:\My_Project\AIGC\MidJourney\fake\13592447708_Single_person_East_Asian_male_looking_at_the_camera_25391f41-f39f-4bb3-a375-6a400698b202.png,1048576,0.1013850278360856,587.5074462890625,,,,,,1.2145587071551556,0.34641016151377546,False
midjourney,facesize_matched,C:\My_Project\AIGC\MidJourney\fake\13592447708_Single_person_black_male_looking_at_the_camera_faci_6c52c0ad-2573-43cf-94c4-68a3678ac4b3.png,1048576,0.1639679588248903,452.6802368164063,C:\My_Project\AIGC\lfw\Nastia_Liukin\Nastia_Liukin_0001.jpg,lfw,62500.0,0.1642591433864038,970.908935546875,0.013790805988935272,0.34641016151377546,True
midjourney,facesize_matched,C:\My_Project\AIGC\MidJourney\fake\13592447708_Caucasian_male_face_close-up_of_face_studio_lights__fb5f5bb2-630c-4b3f-9c94-e73b4b3d2301.png,1048576,0.4114994270068917,333.1394958496094,C:\My_Project\AIGC\AIGuard\unseen\Real_55.jpg,aiguard_unseen_real,1795600.0,0.4144550651545491,328.1111145019531,0.04766994423524219,0.34641016151377546,True
midjourney,facesize_matched,C:\My_Project\AIGC\MidJourney\fake\13592447708_Face_of_clean_caucasian_male_face_only_shown_close-_dfb549f4-7306-4f1c-aaa7-da4a4dad7105.png,1048576,0.5497143631936766,497.7198486328125,C:\My_Project\AIGC\AIGuard\unseen\Real_6.jpg,aiguard_unseen_real,1177225.0,0.5554104703247716,293.2361755371094,0.047045291928407854,0.34641016151377546,True
midjourney,facesize_matched,C:\My_Project\AIGC\MidJourney\fake\13592447708_Single_person_East_Asian_male_looking_at_the_camera_c4069f36-c57e-4a77-a3aa-2dd16ddd57e0.png,1048576,0.1349678953588548,682.9725341796875,,,,,,0.3519576978630535,0.34641016151377546,False
midjourney,facesize_matched,C:\My_Project\AIGC\MidJourney\fake\13592447708_Single_person_East_Asian_woman_looking_at_the_camer_77845836-0438-4211-80f8-57975f4c3ed3.png,1048576,0.0956671039859002,453.60552978515625,,,,,,1.1239477652648715,0.34641016151377546,False
midjourney,facesize_matched,C:\My_Project\AIGC\MidJourney\fake\13592447708_Clean_East_Asian_male_face_face_only_shown_face_clo_c74641a3-5ee5-4d91-a444-5f1bb07857a2.png,1048576,0.2250533925750613,477.6123352050781,C:\My_Project\AIGC\lfw\Mark_Kelly\Mark_Kelly_0001.jpg,lfw,62500.0,0.2233361335585534,299.5162048339844,0.05957835297865702,0.34641016151377546,True
midjourney,facesize_matched,C:\My_Project\AIGC\MidJourney\fake\13592447708_Single_person_black_male_looking_at_the_camera_faci_bfd21ca6-515c-476a-a95d-01576486244b.png,1048576,0.1001373156252449,556.9614868164062,,,,,,0.39938563779493574,0.34641016151377546,False
midjourney,facesize_matched,C:\My_Project\AIGC\MidJourney\fake\13592447708_Single_person_black_male_looking_at_the_camera_faci_e9e35641-008c-4138-9a17-2a39edcd9493.png,1048576,0.1547001427582157,659.8924560546875,C:\My_Project\AIGC\lfw\Allan_Wagner\Allan_Wagner_0001.jpg,lfw,62500.0,0.1577262109330409,1683.60595703125,0.05502475754692818,0.34641016151377546,True
midjourney,facesize_matched,C:\My_Project\AIGC\MidJourney\fake\13592447708_Single_person_East_Asian_male_looking_at_the_camera_78f40ad6-2361-4e4e-be75-f7932e116674.png,1048576,0.0959124025716684,699.8380737304688,,,,,,1.3658552488845244,0.34641016151377546,False
midjourney,facesize_matched,C:\My_Project\AIGC\MidJourney\fake\13592447708_Clean_East_Asian_female_face_face_only_shown_face_c_afae212c-def3-4f9b-a9df-9c1516c30d45.png,1048576,0.1591337138469595,665.5962524414062,C:\My_Project\AIGC\lfw\Michael_Doleac\Michael_Doleac_0001.jpg,lfw,62500.0,0.159969072523546,890.4072265625,0.03721763100249176,0.34641016151377546,True
midjourney,facesize_matched,C:\My_Project\AIGC\MidJourney\fake\13592447708_Single_person_black_male_looking_at_the_camera_faci_fac2ed21-b50c-4d5f-9d75-19458980c379.png,1048576,0.1640048475686672,715.2177734375,C:\My_Project\AIGC\lfw\Joan_Laporta\Joan_Laporta_0004.jpg,lfw,62500.0,0.1647721615910893,715.208740234375,0.014270865247358551,0.34641016151377546,True
midjourney,joint_matched,C:\My_Project\AIGC\MidJourney\fake\13592447708_Single_person_white_male_looking_at_the_camera_faci_0e1a03e9-4975-4319-97fe-8516ed1363ab.png,1048576,0.1478128637258151,927.8602294921876,,,,,,1.7641548541314853,0.4,False
midjourney,joint_matched,C:\My_Project\AIGC\MidJourney\fake\13592447708_Single_person_East_Asian_woman_looking_at_the_camer_4a5f6427-65b2-45f6-b5ba-0df093d97458.png,1048576,0.0743384468279721,679.0125122070312,,,,,,2.361833145018504,0.4,False
midjourney,joint_matched,C:\My_Project\AIGC\MidJourney\fake\13592447708_Caucasian_male_face_face_only_shown_close-up_of_fac_e24e6632-cc25-41b7-afe1-68fbc3b73826.png,1048576,0.6141380883994478,400.0456237792969,C:\My_Project\AIGC\AIGuard\unseen\Real_39.jpg,aiguard_unseen_real,879844.0,0.5939141245992882,339.8829345703125,0.2602900463246731,0.4,True
midjourney,joint_matched,C:\My_Project\AIGC\MidJourney\fake\13592447708_Single_person_white_female_looking_at_the_camera_fa_9a43fb95-7dba-4532-9b38-b1484e4f3467.png,1048576,0.0994305729511304,731.9163818359375,,,,,,2.028937580082411,0.4,False
midjourney,joint_matched,C:\My_Project\AIGC\MidJourney\fake\13592447708_Single_person_white_male_looking_at_the_camera_faci_089d22a2-9793-4e25-9604-533acc43d362.png,1048576,0.1486749372030475,863.7908325195312,,,,,,1.7692195667694908,0.4,False
midjourney,joint_matched,C:\My_Project\AIGC\MidJourney\fake\13592447708_Caucasian_male_face_face_close-up_outdoor_during_da_fda24ec1-11a9-41a7-bc34-c0ac22439e8e.png,1048576,0.469558520022274,910.8682250976562,C:\My_Project\AIGC\AIGuard\unseen\Real_86.jpg,aiguard_unseen_real,801025.0,0.4879409290772447,525.849609375,0.3000010402487074,0.4,True
midjourney,joint_matched,C:\My_Project\AIGC\MidJourney\fake\13592447708_Clean_East_Asian_female_face_face_only_shown_face_c_9a291ec4-afb9-4bb5-ae51-b6c6a0eb0231.png,1048576,0.142271544639366,561.6455078125,,,,,,1.7732977537445438,0.4,False
midjourney,joint_matched,C:\My_Project\AIGC\MidJourney\fake\13592447708_Single_person_black_male_looking_at_the_camera_faci_21838c51-b7a6-41b3-9dd1-3eccd82adea1.png,1048576,0.0911531370122586,794.5767211914062,,,,,,2.1261091861798542,0.4,False
midjourney,joint_matched,C:\My_Project\AIGC\MidJourney\fake\13592447708_black_male_face_face_only_face_close-up_face_close-_524a2bd2-dac3-4b78-aeab-19043a1c99fa.png,1048576,0.371202192808984,648.1461791992188,,,,,,0.5173245185707308,0.4,False
midjourney,joint_matched,C:\My_Project\AIGC\MidJourney\fake\13592447708_Clean_East_Asian_male_face_face_only_shown_face_clo_17f4f100-58f9-49cd-a569-d247a3fc1c37.png,1048576,0.4421628509090259,568.3285522460938,C:\My_Project\AIGC\AIGuard\unseen\Real_77.jpg,aiguard_unseen_real,748225.0,0.4612019951267781,308.55059814453125,0.273819031502827,0.4,True
midjourney,joint_matched,C:\My_Project\AIGC\MidJourney\fake\13592447708_Single_person_white_male_looking_at_the_camera_faci_5fa05ada-60c9-4810-9143-ee1b5d423d64.png,1048576,0.1079623472603381,598.0363159179688,,,,,,1.952710646739017,0.4,False
midjourney,joint_matched,C:\My_Project\AIGC\MidJourney\fake\13592447708_Clean_East_Asian_female_face_face_only_shown_face_c_24cb4e88-02c8-4dce-a6cd-1aa9a833a4d0.png,1048576,0.5462076573333864,263.0206604003906,C:\My_Project\AIGC\AIGuard\unseen\Real_32.jpg,aiguard_unseen_real,770884.0,0.5611656589434465,874.445068359375,0.2257549832313938,0.4,True
midjourney,joint_matched,C:\My_Project\AIGC\MidJourney\fake\13592447708_Single_person_East_Asian_male_looking_at_the_camera_26db4747-b59d-42f6-a16a-e68f30dad01e.png,1048576,0.1195166140103431,687.431640625,,,,,,1.88286713957959,0.4,False
midjourney,joint_matched,C:\My_Project\AIGC\MidJourney\fake\13592447708_Clean_caucasian_female_face_face_only_shown_face_cl_40f9a095-ea4f-4a06-a0b7-58e99ad7e54d.png,1048576,0.3490389390340714,482.8609619140625,,,,,,0.5163546806668727,0.4,False
midjourney,joint_matched,C:\My_Project\AIGC\MidJourney\fake\13592447708_Single_person_black_male_looking_at_the_camera_faci_03fe0672-9ca3-43b2-afc6-2fb3d1ef9799.png,1048576,0.1365691265672727,516.558349609375,,,,,,1.7976442701072224,0.4,False
midjourney,joint_matched,C:\My_Project\AIGC\MidJourney\fake\13592447708_Clean_East_Asian_female_face_face_only_shown_face_c_6c7493f7-56c8-48c3-b67f-5926a803f83f.png,1048576,0.3864770281680373,317.40447998046875,,,,,,0.41422143653306676,0.4,False
midjourney,joint_matched,C:\My_Project\AIGC\MidJourney\fake\13592447708_Single_person_white_male_looking_at_the_camera_faci_d9b73734-c8c8-4718-a032-f4a140f48eb7.png,1048576,0.1649788150889307,559.4801635742188,,,,,,1.7518797498930767,0.4,False
midjourney,joint_matched,C:\My_Project\AIGC\MidJourney\fake\13592447708_Clean_East_Asian_male_face_only_face_shown_close-up_58515eef-f2a6-4cd4-a082-4750db682a89.png,1048576,0.1445469732738859,759.7266235351562,,,,,,1.772518620307279,0.4,False
midjourney,joint_matched,C:\My_Project\AIGC\MidJourney\fake\13592447708_Single_person_white_male_looking_at_the_camera_faci_fb080280-8cc5-4e53-9de9-99a26ddbc86d.png,1048576,0.1220095584496717,1057.4805908203125,,,,,,1.8678292837163422,0.4,False
midjourney,joint_matched,C:\My_Project\AIGC\MidJourney\fake\13592447708_Single_person_East_Asian_male_looking_at_the_camera_073766ad-fae6-4ed9-9a3b-147c85e37a2a.png,1048576,0.1044036461539388,560.5867309570312,,,,,,2.0053664929696198,0.4,False
midjourney,joint_matched,C:\My_Project\AIGC\MidJourney\fake\13592447708_Single_person_white_female_looking_at_the_camera_fa_96baba09-ca39-4f71-9045-34d26ccc506b.png,1048576,0.118035444523138,677.7237548828125,,,,,,1.8834882144248568,0.4,False
midjourney,joint_matched,C:\My_Project\AIGC\MidJourney\fake\13592447708_Single_person_black_male_looking_at_the_camera_faci_83fe5862-e20e-4f72-8a54-072c59fcacc9.png,1048576,0.1915392695414734,613.3446044921875,,,,,,1.7518742966625698,0.4,False
midjourney,joint_matched,C:\My_Project\AIGC\MidJourney\fake\13592447708_Single_person_Caucasian_n_looking_at_camera_facing__0b44eb57-770b-4b74-a0d8-b6cf74daf3c4.png,1048576,0.1862353420584969,374.8263244628906,,,,,,1.7520922595512831,0.4,False
midjourney,joint_matched,C:\My_Project\AIGC\MidJourney\fake\13592447708_Clean_East_Asian_female_face_face_only_shown_face_c_1d2e44fb-de7a-49c1-ba4f-3dc5771a38c3.png,1048576,0.220845968015995,502.9427185058594,,,,,,1.7534623966536804,0.4,False
midjourney,joint_matched,C:\My_Project\AIGC\MidJourney\fake\13592447708_Clean_caucasian_female_face_face_only_shown_face_cl_4978a4dd-8b80-4ec7-8d49-cdec9a8764f7.png,1048576,0.1521152817746594,894.8295288085938,,,,,,1.760044538996278,0.4,False
midjourney,joint_matched,C:\My_Project\AIGC\MidJourney\fake\13592447708_Single_person_East_Asian_woman_looking_at_the_camer_b30c15a3-0dbf-4ac4-95bc-c713bc901813.png,1048576,0.1176905909479223,497.66802978515625,,,,,,1.9013929233705855,0.4,False
midjourney,joint_matched,C:\My_Project\AIGC\MidJourney\fake\13592447708_Single_person_black_male_looking_at_the_camera_faci_aaee316d-91f5-4f73-867e-a53b55c2b0a4.png,1048576,0.122961603218175,633.9268798828125,,,,,,1.885557892914129,0.4,False
midjourney,joint_matched,C:\My_Project\AIGC\MidJourney\fake\13592447708_Caucasian_male_face_face_only_shown_face_close-up_f_863eaf4d-e67a-4603-b654-2609e4e39dfd.png,1048576,0.9215296398617115,289.1903076171875,,,,,,1.4546122892768196,0.4,False
midjourney,joint_matched,C:\My_Project\AIGC\MidJourney\fake\13592447708_Clean_caucasian_female_face_face_only_shown_face_cl_937e5090-46ad-41bc-86a1-683cc00c311c.png,1048576,0.5526146524494777,386.353271484375,C:\My_Project\AIGC\AIGuard\unseen\Real_6.jpg,aiguard_unseen_real,1177225.0,0.5554104703247716,293.2361755371094,0.09103412469882113,0.4,True
midjourney,joint_matched,C:\My_Project\AIGC\MidJourney\fake\13592447708_Single_person_East_Asian_male_looking_at_the_camera_8ee8d914-dc3f-4abd-b0b1-40ed942294d4.png,1048576,0.0504071430418082,648.8214721679688,,,,,,2.8330360287747816,0.4,False
midjourney,joint_matched,C:\My_Project\AIGC\MidJourney\fake\13592447708_Clean_East_Asian_male_face_face_only_shown_face_clo_f0658755-362d-41a3-b2ce-3ee5f405c26e.png,1048576,0.5590437317606691,436.4217529296875,C:\My_Project\AIGC\AIGuard\unseen\Real_82.jpg,aiguard_unseen_real,937024.0,0.5664580022918406,245.4823760986328,0.09355427224317493,0.4,True
midjourney,joint_matched,C:\My_Project\AIGC\MidJourney\fake\13592447708_Clean_caucasian_female_face_face_only_shown_face_cl_371aa179-9997-4f8e-971b-d379834f6fba.png,1048576,0.3633622803402516,514.0783081054688,C:\My_Project\AIGC\AIGuard\unseen\Real_8.JPG,aiguard_unseen_real,707281.0,0.377665366721485,174.33119201660156,0.32938087989529213,0.4,True
midjourney,joint_matched,C:\My_Project\AIGC\MidJourney\fake\13592447708_Single_person_black_male_looking_at_the_camera_faci_98af1a10-6ac8-4ca8-b1c5-ea25c727725d.png,1048576,0.1414985074595722,624.6915893554688,,,,,,1.7810457360050704,0.4,False
midjourney,joint_matched,C:\My_Project\AIGC\MidJourney\fake\13592447708_Single_person_East_Asian_male_looking_at_the_camera_25391f41-f39f-4bb3-a375-6a400698b202.png,1048576,0.1013850278360856,587.5074462890625,,,,,,1.9919055441179614,0.4,False
midjourney,joint_matched,C:\My_Project\AIGC\MidJourney\fake\13592447708_Single_person_black_male_looking_at_the_camera_faci_6c52c0ad-2573-43cf-94c4-68a3678ac4b3.png,1048576,0.1639679588248903,452.6802368164063,,,,,,1.7518372992444855,0.4,False
midjourney,joint_matched,C:\My_Project\AIGC\MidJourney\fake\13592447708_Caucasian_male_face_close-up_of_face_studio_lights__fb5f5bb2-630c-4b3f-9c94-e73b4b3d2301.png,1048576,0.4114994270068917,333.1394958496094,,,,,,0.4209664209223673,0.4,False
midjourney,joint_matched,C:\My_Project\AIGC\MidJourney\fake\13592447708_Face_of_clean_caucasian_male_face_only_shown_close-_dfb549f4-7306-4f1c-aaa7-da4a4dad7105.png,1048576,0.5497143631936766,497.7198486328125,C:\My_Project\AIGC\AIGuard\unseen\Real_43.jpg,aiguard_unseen_real,1320201.0,0.5527699943138425,314.23150634765625,0.3077017293267474,0.4,True
midjourney,joint_matched,C:\My_Project\AIGC\MidJourney\fake\13592447708_Single_person_East_Asian_male_looking_at_the_camera_c4069f36-c57e-4a77-a3aa-2dd16ddd57e0.png,1048576,0.1349678953588548,682.9725341796875,,,,,,1.8080300047576108,0.4,False
midjourney,joint_matched,C:\My_Project\AIGC\MidJourney\fake\13592447708_Single_person_East_Asian_woman_looking_at_the_camer_77845836-0438-4211-80f8-57975f4c3ed3.png,1048576,0.0956671039859002,453.60552978515625,,,,,,2.0813462748274945,0.4,False
midjourney,joint_matched,C:\My_Project\AIGC\MidJourney\fake\13592447708_Clean_East_Asian_male_face_face_only_shown_face_clo_c74641a3-5ee5-4d91-a444-5f1bb07857a2.png,1048576,0.2250533925750613,477.6123352050781,,,,,,1.7375979699882194,0.4,False
midjourney,joint_matched,C:\My_Project\AIGC\MidJourney\fake\13592447708_Single_person_black_male_looking_at_the_camera_faci_bfd21ca6-515c-476a-a95d-01576486244b.png,1048576,0.1001373156252449,556.9614868164062,,,,,,0.8101829050698511,0.4,False
midjourney,joint_matched,C:\My_Project\AIGC\MidJourney\fake\13592447708_Single_person_black_male_looking_at_the_camera_faci_e9e35641-008c-4138-9a17-2a39edcd9493.png,1048576,0.1547001427582157,659.8924560546875,,,,,,1.7593518017922434,0.4,False
midjourney,joint_matched,C:\My_Project\AIGC\MidJourney\fake\13592447708_Single_person_East_Asian_male_looking_at_the_camera_78f40ad6-2361-4e4e-be75-f7932e116674.png,1048576,0.0959124025716684,699.8380737304688,,,,,,0.5479552788132446,0.4,False
midjourney,joint_matched,C:\My_Project\AIGC\MidJourney\fake\13592447708_Clean_East_Asian_female_face_face_only_shown_face_c_afae212c-def3-4f9b-a9df-9c1516c30d45.png,1048576,0.1591337138469595,665.5962524414062,,,,,,1.755475849892511,0.4,False
midjourney,joint_matched,C:\My_Project\AIGC\MidJourney\fake\13592447708_Single_person_black_male_looking_at_the_camera_faci_fac2ed21-b50c-4d5f-9d75-19458980c379.png,1048576,0.1640048475686672,715.2177734375,,,,,,1.7518411441364474,0.4,False
