image_path,class,source,orig_width,orig_height,orig_resolution,freq_spectral_entropy,freq_band_ratio_high_mid,freq_band_ratio_high_low,freq_band_ratio_mid_low,freq_high_energy_frac,freq_radial_powerlaw_slope,freq_powerlaw_residual_std,freq_logmag_mean,tex_local_variance_mean,tex_local_variance_std,tex_lbp_entropy,tex_lbp_uniformity,tex_glcm_contrast,tex_glcm_homogeneity,tex_glcm_energy,tex_highpass_energy,tex_autocorr_peak_sharpness,lm_symmetry_score,lm_interocular_over_facewidth,lm_mouthwidth_over_interocular,lm_pose_yaw_proxy,face_bbox_x0,face_bbox_x1,face_bbox_y0,face_bbox_y1,face_size_confound,boundary_margin_px,bnd_boundary_edge_contrast,bnd_ring_texture_diff,bnd_ring_mean_diff,v811_fake_prob,face_bbox_width,face_bbox_height,crop_scale,log_resolution,log_fbw,log_fbh,fake_label,source_group
C:\My_Project\AIGC\AIGuard\unseen\fake_425.jpg,fake,aiguard_unseen,256,256,65536,0.0970926134304575,0.177277386188507,0.0181086435914039,0.10214863717556,0.0008859189692884,-2.9198383271225268,0.2284147725645929,1.733676195144653,211.80386352539065,417.5821838378906,2.1636499042874617,0.1279589721730529,6.5684562557710064,0.5957151031434117,0.1881977100373007,6.30992603302002,55.23036193847656,0.1008103042840957,0.442434087530592,0.8000903666590748,0.1488107591867447,45.82526016235352,166.19691467285156,64.1444320678711,199.22146606445312,0.3240482714552649,24.778533935546875,74.8317642211914,1.6111984252929688,43.38856506347656,0.8391369086088787,120.37165451049805,135.07703399658203,0.3240482714552649,11.090354888959125,4.79058407750361,4.905845237892395,1,aiguard_unseen
C:\My_Project\AIGC\AIGuard\unseen\fake_450.jpg,fake,aiguard_unseen,256,256,65536,0.099285793688835,0.1664197295904159,0.0126838088035583,0.0762157812714576,0.0007736111874692,-3.0806219525841163,0.2270976018990401,1.5065561532974243,182.82310485839844,400.5728149414063,2.193271078202484,0.1224950101662556,5.669011138042473,0.6132877442795439,0.1632273490750649,5.772401809692383,43.44416809082031,0.010289791971445,0.4761262559410645,1.0026763601281212,0.0302003603428602,55.11820602416992,168.21630859375,61.935394287109375,200.7948760986328,0.3129931424720666,23.205123901367188,66.49581146240234,4.018230438232422,51.340965270996094,0.8168235191292936,113.09810256958008,138.85948181152344,0.3129931424720666,11.090354888959125,4.728255606408226,4.933462499584933,1,aiguard_unseen
C:\My_Project\AIGC\AIGuard\unseen\fake_270.jpg,fake,aiguard_unseen,256,256,65536,0.1876439492193959,0.1383968442678451,0.012064223177731,0.087171234190464,0.001290404703468,-3.6644300377348697,0.9495485672663648,1.1641218662261963,138.729736328125,280.6663818359375,2.101435383566109,0.1450497985928816,4.485103301015689,0.5867166102503524,0.1208006559344419,5.088795185089111,30.0206356048584,0.1804339736700058,0.4009443822150529,1.042145080832032,-0.1396912038326263,53.60767364501953,166.349365234375,47.12205123901367,163.89015197753906,0.262369124699809,47.12205123901367,58.84523391723633,7.67108154296875,37.401588439941406,0.8180255425719771,112.74169158935547,116.76810073852539,0.262369124699809,11.090354888959125,4.725099286881432,4.7601899229774025,1,aiguard_unseen
C:\My_Project\AIGC\AIGuard\unseen\fake_219.jpg,fake,aiguard_unseen,256,256,65536,0.196485310393573,0.0477920211851596,0.0027205788064748,0.0569253750145435,0.000382612721296,-4.175571900026529,0.7876230174575722,0.6389853954315186,188.0234375,492.7621154785156,1.9912152464743,0.1693685580074464,6.245501500461667,0.6337192528837873,0.1322250673628254,4.789381980895996,16.905471801757812,0.3448611795902252,0.3132536338593044,0.7528587487067366,0.9312048554420472,41.45957946777344,163.63348388671875,29.655391693115234,178.76837158203125,0.3630762705790126,29.655391693115234,48.1353874206543,18.210498809814453,25.77678680419922,0.8374325713047881,122.17390441894531,149.11297988891602,0.3630762705790126,11.090354888959125,4.805445475806376,5.004704272903941,1,aiguard_unseen
C:\My_Project\AIGC\AIGuard\unseen\fake_301.jpg,fake,aiguard_unseen,256,256,65536,0.1584061350007126,0.0766791552305221,0.0089833717793226,0.1171553283929824,0.000823366921395,-3.706973528684314,0.7349907583989282,1.0543276071548462,137.23678588867188,396.17718505859375,2.0529180202228807,0.1544518611769733,4.409496479686055,0.640539322053247,0.1517757476858967,4.474552154541016,34.461334228515625,0.3172472715377807,0.3832702160937446,1.0493559381285409,0.6201857328414917,52.00243377685547,178.80401611328125,33.13455581665039,175.20904541015625,0.3590415754563257,33.13455581665039,37.08200073242188,7.927772521972656,12.124748229980469,0.8218773605778011,126.80158233642578,142.07448959350586,0.3590415754563257,11.090354888959125,4.842623520919158,4.956351494662257,1,aiguard_unseen
C:\My_Project\AIGC\AIGuard\unseen\fake_162.jpg,fake,aiguard_unseen,256,256,65536,0.1725738367181142,0.0910195559263229,0.012859346345067,0.1412811279296875,0.0013010607799515,-3.490681015380679,0.6850373582230916,1.635464429855347,316.52520751953125,585.9560546875,2.135618140986105,0.1395907960102886,9.958637753924272,0.4927380580729964,0.0828014437202237,8.667112350463867,30.818735122680664,0.1669101417064666,0.4020819891302032,1.1079207943368747,0.4747184216976166,40.08021926879883,156.8563690185547,49.11122512817383,161.7343292236328,0.2621112178956804,40.08021926879883,53.830352783203125,13.94743537902832,5.0732269287109375,0.7213738880755045,116.77614974975586,112.62310409545898,0.2621112178956804,11.090354888959125,4.760258852195029,4.724046882006204,1,aiguard_unseen
C:\My_Project\AIGC\AIGuard\unseen\fake_318.jpg,fake,aiguard_unseen,256,256,65536,0.1163541250990159,0.1045682057738304,0.0252984315156936,0.2419323474168777,0.0016118721105158,-3.2105714450256366,0.6811496061650103,1.8035383224487305,325.9300537109375,605.1008911132812,2.1668784132379053,0.1319160334322165,9.72180747922435,0.467524571483596,0.0876441979045896,9.214515686035156,35.97758483886719,0.0453065745532512,0.3944094724284303,0.8325194274794088,-0.0598880797624588,63.99728393554688,162.91226196289062,67.24607849121094,164.97637939453125,0.1926616423480871,59.02362060546875,61.69329071044922,8.956720352172852,11.93083953857422,0.8208314905886027,98.91497802734375,97.73030090332031,0.1926616423480871,11.090354888959125,4.5942606733432845,4.5822116532708,1,aiguard_unseen
C:\My_Project\AIGC\AIGuard\unseen\fake_233.jpg,fake,aiguard_unseen,256,256,65536,0.3079173360345325,0.0452520698308944,0.0032842038199305,0.0725757628679275,0.0007646224694326,-4.098912345387323,0.7944494333357898,0.9719728231430054,253.58084106445312,809.1231079101562,1.8608856153907696,0.2041994028913632,8.27579437903968,0.7147132185284382,0.2732196581351842,4.854357719421387,17.319740295410156,0.1754916459321975,0.4097000947284395,0.8922220775791087,0.3413149714469909,52.7611198425293,169.49632263183594,41.5037727355957,163.12892150878906,0.2829626994243924,41.5037727355957,61.33395004272461,19.1295166015625,3.819469451904297,0.8118684896817285,116.73520278930664,121.62514877319336,0.2829626994243924,11.090354888959125,4.75990814581246,4.800943763717699,1,aiguard_unseen
C:\My_Project\AIGC\AIGuard\unseen\fake_255.jpg,fake,aiguard_unseen,256,256,65536,0.1747995968121934,0.1091459095478057,0.0087214270606637,0.0799061357975006,0.0009340066462755,-3.680136884479917,0.756937815959155,1.0799897909164429,134.5364990234375,252.66143798828125,2.0936481756858147,0.1474755289950802,4.372242613111723,0.584511797338432,0.1223415732307273,4.961753845214844,36.999942779541016,0.1590143591165542,0.3991146744970089,1.1081482943493637,-0.1583714485168457,51.44212341308594,169.12083435058594,40.72197723388672,166.80979919433594,0.2957161262998778,40.72197723388672,57.21086502075195,11.974143981933594,34.03819274902344,0.8204794702256422,117.6787109375,126.08782196044922,0.2957161262998778,11.090354888959125,4.767958122269047,4.8369786638461125,1,aiguard_unseen
C:\My_Project\AIGC\AIGuard\unseen\fake_216.jpg,fake,aiguard_unseen,256,256,65536,0.14813368416717,0.137134701013565,0.0158153623342514,0.1153272092342376,0.0010504849487915,-3.382109093503721,0.6182170658993195,1.4218618869781494,171.65513610839844,426.0506896972656,2.2283051913428014,0.1160739277462719,5.287638215604796,0.5760874558683536,0.1422288334641764,6.269247055053711,36.24486923217773,0.1952885240316391,0.4044312934841493,1.0818014198354156,0.2649150788784027,53.74837875366211,173.6751708984375,39.51469802856445,168.77186584472656,0.3089404794704883,39.51469802856445,57.5569953918457,10.308895111083984,21.287391662597656,0.8289936032364125,119.92679214477539,129.2571678161621,0.3089404794704883,11.090354888959125,4.786881491156189,4.861803968842439,1,aiguard_unseen
C:\My_Project\AIGC\AIGuard\unseen\fake_173.jpg,fake,aiguard_unseen,256,256,65536,0.1540966091471949,0.0969771891832351,0.0727574974298477,0.7502537369728088,0.0051082703284919,-2.915059134253355,0.9479377083477566,2.3716208934783936,944.4093627929688,1122.173095703125,2.234842073247078,0.1145123581447386,28.22367584256696,0.3927934448270522,0.0898149333729323,18.16431999206543,55.80440521240234,0.0345125347375869,0.461275807270069,0.9484823148925342,-0.0371847935020923,66.33953857421875,162.46038818359375,39.79875564575195,160.9596405029297,0.2321047351701128,39.79875564575195,171.63711547851562,12.794727325439451,1.5943832397460938,0.5387873715171239,96.120849609375,121.16088485717773,0.2321047351701128,11.090354888959125,4.56560624987805,4.797119289344466,1,aiguard_unseen
C:\My_Project\AIGC\AIGuard\unseen\fake_163.jpg,fake,aiguard_unseen,256,256,65536,0.1525493643332279,0.0697328299283981,0.0125698763877153,0.1802576631307602,0.0008570909849368,-3.4800989997466885,0.7059618318355587,1.6847890615463257,368.1339721679688,897.5838623046875,2.2026558931760296,0.1215199339841614,11.675479570637112,0.540702511101474,0.101065928192169,8.549263000488281,34.62752151489258,0.295727014541626,0.2889204011742779,0.5691134612485023,-0.933731198310852,60.17912292480469,181.0907440185547,41.330204010009766,179.66580200195312,0.3333542213045914,41.330204010009766,66.58663940429688,16.015918731689453,1.1294403076171875,0.7274079064219592,120.91162109375,138.33559799194336,0.3333542213045914,11.090354888959125,4.7950598745377615,4.929682602454681,1,aiguard_unseen
C:\My_Project\AIGC\AIGuard\unseen\fake_209.jpg,fake,aiguard_unseen,256,256,65536,0.1439658001957094,0.09603051841259,0.0152250276878476,0.1585436463356018,0.0010928815463557,-3.3638985002557336,0.5920819620907455,1.5509862899780271,241.4243927001953,507.7493896484375,2.167563996317475,0.1317464414610062,7.504261311172652,0.5226993877370874,0.1007263536016009,7.449910163879394,25.908849716186523,0.1810757368803024,0.3711881090523702,1.013348011235553,-0.0714524090290069,49.14337921142578,168.4874267578125,47.031837463378906,163.90635681152344,0.277987049466798,47.031837463378906,78.68052673339844,9.735553741455078,47.19036865234375,0.8345614094906608,119.34404754638672,116.87451934814453,0.277987049466798,11.090354888959125,4.782010477610525,4.76110087507115,1,aiguard_unseen
C:\My_Project\AIGC\AIGuard\unseen\fake_215.jpg,fake,aiguard_unseen,256,256,65536,0.1492109885315468,0.1323122382164001,0.0166957266628742,0.1261842995882034,0.0011863313848152,-3.3035758932945924,0.625534942813771,1.3760707378387451,134.81912231445312,299.6983337402344,2.2116712817346804,0.1195172393684434,4.183420475530927,0.6001507339764449,0.1340244924163119,5.7187933921813965,58.73334884643555,0.0745558366179466,0.415922703177527,0.8084135008993646,-0.0476820096373558,55.17649459838867,181.60821533203125,39.17134094238281,167.9025421142578,0.3243723548363533,39.17134094238281,52.106964111328125,17.648300170898438,24.13026428222656,0.0324070102059828,126.43172073364258,128.731201171875,0.3243723548363533,11.090354888959125,4.839702405399998,4.857726518567768,1,aiguard_unseen
C:\My_Project\AIGC\AIGuard\unseen\fake_151.jpg,fake,aiguard_unseen,256,256,65536,0.1109848073688718,0.0681548044085502,0.0770150646567344,1.1300020217895508,0.0030908666085451,-2.972041478934428,1.18113641974102,2.3292829990386963,1330.2100830078125,1315.88671875,2.252763795233353,0.1105411597859209,41.60110255078485,0.3264015449069441,0.063000308767462,22.793947219848636,26.277875900268555,0.0380140617489814,0.42482068499602,0.91159632234296,-0.0584037080407142,52.1636962890625,168.6947784423828,32.606544494628906,167.44906616210938,0.3131645601521453,32.606544494628906,123.29732513427734,11.818561553955078,19.147964477539062,0.7463823553059328,116.53108215332031,134.84252166748047,0.3131645601521453,11.090354888959125,4.7581580370203875,4.904107591373734,1,aiguard_unseen
C:\My_Project\AIGC\AIGuard\unseen\fake_313.jpg,fake,aiguard_unseen,256,256,65536,0.1147950951517829,0.083057515323162,0.0067004906013607,0.0806729048490524,0.00056627986487,-3.5836822424452217,0.7034649824672766,1.1248973608016968,157.048583984375,445.99505615234375,2.103132344336211,0.1427657513854802,5.157263677285311,0.6564033256010855,0.1262893284649229,4.7569451332092285,30.24539566040039,0.0588472597301006,0.3776174712471793,1.1519752659769456,0.0460004098713398,49.19444274902344,171.74630737304688,33.5433464050293,166.53012084960938,0.3248122046101267,33.5433464050293,42.779396057128906,17.356101989746094,13.256492614746094,0.8179179724841852,122.55186462402344,132.98677444458008,0.3248122046101267,11.090354888959125,4.808534325068681,4.890249683010928,1,aiguard_unseen
C:\My_Project\AIGC\AIGuard\unseen\fake_208.jpg,fake,aiguard_unseen,256,256,65536,0.1017280918389984,0.088113822042942,0.0118294646963477,0.1342520862817764,0.0006166319362819,-3.5279334198702377,0.6967685580555523,1.399773120880127,208.2618560791016,486.4841613769531,2.160276818624172,0.1325652421588254,6.648601108033235,0.5756361011089257,0.1090867409573354,6.352749347686768,36.145469665527344,0.1372410356998443,0.3788704120147936,1.0165065830227331,-0.2659699916839599,51.71645736694336,171.68638610839844,45.67850112915039,163.35983276367188,0.2813739829877448,45.67850112915039,44.72311401367188,7.453445434570312,30.22998809814453,0.8210684167890179,119.96992874145508,117.68133163452148,0.2813739829877448,11.090354888959125,4.7872411175569605,4.76798039195419,1,aiguard_unseen
C:\My_Project\AIGC\AIGuard\unseen\fake_167.jpg,fake,aiguard_unseen,256,256,65536,0.1253674390774445,0.0940921828150749,0.0094745615497231,0.1006944626569747,0.0007127050193957,-3.71238905763053,0.9040162493820594,1.493700623512268,349.4518127441406,1169.6732177734375,2.2013661815978933,0.1218889118084953,11.306891447368397,0.5686901149137,0.1183562848546258,7.407641887664795,47.78212738037109,0.2953324019908905,0.4254629027808747,0.8352691861272745,-0.5874380469322205,57.98963928222656,170.15951538085938,35.15135192871094,165.8931884765625,0.2922770967490476,35.15135192871094,81.53411865234375,33.61740493774414,18.43785095214844,0.8014735890856954,112.16987609863281,130.74183654785156,0.2922770967490476,11.090354888959125,4.720014473070918,4.873224665415365,1,aiguard_unseen
C:\My_Project\AIGC\AIGuard\unseen\fake_179.jpg,fake,aiguard_unseen,256,256,65536,0.1018417577972277,0.0888586118817329,0.0084943743422627,0.0955942720174789,0.0005200495943427,-3.679514936307572,0.7802928201305669,1.2165858745574951,183.0497283935547,362.6929321289063,2.0933216192961503,0.148045703899061,6.002401027239145,0.554216883858539,0.1099146772464413,6.099630355834961,31.29599952697754,0.279991865158081,0.3982840531465054,1.0902510724125605,-0.572573184967041,20.06281280517578,155.81466674804688,34.3259162902832,166.82400512695312,0.3584753906940603,20.06281280517578,59.4716796875,9.322025299072266,31.183387756347656,0.8021879441948521,135.7518539428711,132.49808883666992,0.3584753906940603,11.090354888959125,4.910828615758513,4.886568221448062,1,aiguard_unseen
C:\My_Project\AIGC\AIGuard\unseen\fake_128.jpg,fake,aiguard_unseen,256,256,65536,0.1671062948585622,0.1027481257915496,0.0231935512274503,0.2257321178913116,0.0018792538903653,-3.267376443682941,0.6715278505776948,1.6885056495666504,295.85943603515625,594.7684326171875,2.185471654663712,0.1265560636317814,8.872714681440435,0.5107676084127674,0.0917184475679318,8.492595672607422,35.38850784301758,0.2537197470664978,0.4359666643652392,0.8066852792077969,0.4575601518154144,56.66936111450195,159.83909606933594,46.97861099243164,164.6581573486328,0.2419676260996168,46.97861099243164,96.78617095947266,3.9365234375,37.88599395751953,0.8178258613673961,103.16973495483398,117.67954635620117,0.2419676260996168,11.090354888959125,4.636375544095066,4.767965221392832,1,aiguard_unseen
C:\My_Project\AIGC\AIGuard\unseen\fake_435.jpg,fake,aiguard_unseen,256,256,65536,0.0868023196848673,0.1093894988298416,0.0087279686704278,0.0797879919409751,0.0004002305795438,-3.437233792581337,0.5582562260200468,1.1985019445419312,136.81463623046875,385.4460754394531,2.1041604848697784,0.1399838210443117,4.390248730378577,0.705304322047618,0.2345018876637286,4.163630485534668,33.71589660644531,0.0492005161941051,0.4584255638499896,1.0105033636202412,0.0955889970064163,50.00946807861328,168.3313751220703,62.39443206787109,199.6710205078125,0.3237170706440062,24.3289794921875,46.12590408325195,27.435104370117188,18.901168823242188,0.7723352835206931,118.32190704345703,137.2765884399414,0.3237170706440062,11.090354888959125,4.7734089359489325,4.921997784323206,1,aiguard_unseen
C:\My_Project\AIGC\AIGuard\unseen\fake_465.jpg,fake,aiguard_unseen,256,256,65536,0.2276357305857565,0.1125785335898399,0.0138812456279993,0.1233027800917625,0.0017098655225709,-3.277148865485052,0.4783247608013311,1.525218844413757,228.63751220703125,602.0401000976562,2.149061143669104,0.1321698077168875,7.077212026777454,0.6642075907462348,0.3001392669755417,5.883828163146973,33.471195220947266,0.2262099981307983,0.4283637275722305,0.7552795473996423,0.376248300075531,40.21030807495117,158.9431610107422,60.97444152832031,202.9652099609375,0.3359966722446965,21.0347900390625,70.41911315917969,13.63546371459961,10.104469299316406,0.8186488771019391,118.73285293579102,141.9907684326172,0.3359966722446965,11.090354888959125,4.7768760361584155,4.9557620444500445,1,aiguard_unseen
C:\My_Project\AIGC\AIGuard\unseen\fake_676.jpg,fake,aiguard_unseen,256,256,65536,0.1411287000811341,0.1748475581407547,0.02622633241117,0.1499954164028167,0.0017433412140235,-2.830364452480138,0.2113572132639838,1.6287167072296145,166.57386779785156,446.0425109863281,2.082485861985363,0.1552325943418961,4.99722876269621,0.7048075749821386,0.361822680320543,5.017338275909424,37.675689697265625,0.3263720870018005,0.3772308619898951,0.7359271792431172,0.6414018273353577,30.80105972290039,150.08547973632812,59.88831329345703,204.1120758056641,0.3428660687066118,19.887924194335938,60.79275894165039,8.8975830078125,20.535675048828125,0.7992861270792844,119.28442001342773,144.22376251220706,0.3428660687066118,11.090354888959125,4.781510725549845,4.971365999847568,1,aiguard_unseen
C:\My_Project\AIGC\AIGuard\unseen\fake_463.jpg,fake,aiguard_unseen,256,256,65536,0.1257974422436491,0.1268810033798217,0.0118705835193395,0.0935568213462829,0.0010491261491551,-3.2570950902266675,0.4200328701481924,1.5840072631835938,258.7625427246094,486.0788879394531,2.12379685967679,0.1443531794232261,8.25051015697137,0.51432640131389,0.0910775169836995,7.310831546783447,27.594112396240234,0.3003081679344177,0.4058712589609666,1.0666660869593163,0.622256875038147,28.80208778381348,158.55130004882812,60.620113372802734,216.6449737548828,0.40346186878854,7.3550262451171875,,,,0.8071344988082103,129.74921226501465,156.02486038208008,0.40346186878854,11.090354888959125,4.865603450852344,5.050015355976445,1,aiguard_unseen
C:\My_Project\AIGC\AIGuard\unseen\fake_688.jpg,fake,aiguard_unseen,256,256,65536,0.1445448797906575,0.1683696955442428,0.019125236198306,0.1135907247662544,0.0010016522137448,-2.9794015255966206,0.2597859059939163,1.2578970193862915,88.17044830322266,194.7437896728516,2.2280372852327224,0.1143589941276604,2.8128517428439523,0.6694345503875635,0.14382976026388,4.173952579498291,31.907997131347656,0.3462278842926025,0.3534530747306973,0.967232837108716,0.7824071645736694,14.529829978942873,156.06353759765625,51.727500915527344,218.2734832763672,0.4697837685851901,5.7265167236328125,,,,0.6044494099468665,141.53370761871338,166.54598236083984,0.4697837685851901,11.090354888959125,4.952537905100941,5.115271441627866,1,aiguard_unseen
C:\My_Project\AIGC\AIGuard\unseen\fake_431.jpg,fake,aiguard_unseen,256,256,65536,0.1827759842753605,0.1551985144615173,0.012650248594582,0.0815101116895675,0.0011490997858345,-3.1439876059336034,0.3105510998279859,1.499987244606018,176.08847045898438,471.0755920410156,2.2111720913573087,0.1179309973663113,5.47512696214219,0.6520925009373849,0.1756248263800261,5.21605110168457,44.02428436279297,0.2867715656757355,0.4007464823999666,0.8977623329591435,0.5418129563331604,28.808439254760746,159.62625122070312,58.00928497314453,216.45361328125,0.413092720577164,7.54638671875,,,,0.8185183241761962,130.81781196594238,158.44432830810547,0.413092720577164,11.090354888959125,4.873805606861489,5.065403290659456,1,aiguard_unseen
C:\My_Project\AIGC\AIGuard\unseen\fake_172.jpg,fake,aiguard_unseen,256,256,65536,0.1228035998566357,0.0722018256783485,0.0086291506886482,0.1195143014192581,0.0005922758136875,-3.727586212715496,0.9057991101165822,1.5379759073257446,402.675537109375,1301.8165283203125,2.202512866163241,0.1211795060151023,12.753136830563228,0.5977434936233378,0.1464874792194952,7.609748840332031,39.87833404541016,0.2500863969326019,0.4107321666728822,0.9981404422862102,0.5447474718093872,57.28881454467773,167.22268676757812,37.50424575805664,159.51541137695312,0.2673222235912568,37.50424575805664,76.32562255859375,27.84121322631836,30.607704162597656,0.7822606122409184,109.93387222290039,122.01116561889648,0.2673222235912568,11.090354888959125,4.699879023412327,4.804112562011787,1,aiguard_unseen
C:\My_Project\AIGC\AIGuard\unseen\fake_277.jpg,fake,aiguard_unseen,256,256,65536,0.2677806966562889,0.1224447935819625,0.0205546617507934,0.1678688079118728,0.0027844605501741,-3.3076480559242385,0.6366989672834162,1.664443850517273,255.39414978027344,705.7221069335938,2.188013634161573,0.1227281825436199,7.942163838873489,0.6256898343470755,0.1659688745954631,6.727929592132568,33.57526779174805,0.0594961307942867,0.4390728307065981,0.9867079875854938,0.1100323796272277,58.44842529296875,170.619384765625,42.782859802246094,168.79342651367188,0.2817029291237601,42.782859802246094,39.02545928955078,12.682270050048828,9.379486083984377,0.8155313249189895,112.17095947265625,126.01056671142578,0.2817029291237601,11.090354888959125,4.720024131357343,4.836365766224285,1,aiguard_unseen
C:\My_Project\AIGC\AIGuard\unseen\fake_298.jpg,fake,aiguard_unseen,256,256,65536,0.1297145892442677,0.0601895973086357,0.007314306218177,0.1215211004018783,0.0004551073070615,-3.752383171604816,0.7642694073269667,0.9864916801452636,146.30221557617188,432.5729675292969,2.144311957258145,0.1330042199163028,4.850416955216986,0.6667901623633595,0.1566131946756076,4.843764781951904,22.165048599243164,0.2742664813995361,0.4025516161176308,0.8582731568156448,0.4481447339057922,53.85993957519531,164.89718627929688,39.44537353515625,159.466796875,0.2656020486520177,39.44537353515625,36.70741271972656,8.580591201782227,10.701004028320312,0.8098496427932531,111.03724670410156,120.02142333984375,0.2656020486520177,11.090354888959125,4.709865700918853,4.78767025467988,1,aiguard_unseen
C:\My_Project\AIGC\AIGuard\unseen\fake_674.jpg,fake,aiguard_unseen,256,256,65536,0.1461553127443882,0.2550142705440521,0.0652588307857513,0.2559026777744293,0.004529315046966,-2.431100221467108,0.1487399997299545,2.218319892883301,377.4457092285156,670.9987182617188,2.2422042386661443,0.1127674844750559,10.469494171283474,0.506903063460882,0.0876145709641282,9.71401309967041,34.33231735229492,0.0142971314489841,0.441232368404276,0.996298767389996,0.0357466340065002,49.2721061706543,172.6754608154297,64.23155975341797,205.0445098876953,0.3463167734374461,18.955490112304688,68.62255859375,11.752243041992188,18.572437286376957,0.8186582153095756,123.40335464477539,140.81295013427734,0.3463167734374461,11.090354888959125,4.815458296229618,4.947432414879958,1,aiguard_unseen
C:\My_Project\AIGC\AIGuard\unseen\fake_194.jpg,fake,aiguard_unseen,256,256,65536,0.1783897999848973,0.113487921655178,0.0125564932823181,0.110641673207283,0.0013499925844371,-3.609469904153989,0.8569753741160516,1.0004603862762451,111.11943817138672,277.377685546875,2.134223302097967,0.136432914622671,3.5941176131117234,0.6272500105039711,0.1247590238031465,4.59259843826294,29.72201919555664,0.3405650854110718,0.3412979667999099,0.7959645963246953,0.7428655028343201,43.92461395263672,160.8299102783203,40.23512268066406,190.90835571289065,0.3510542680959268,33.091644287109375,45.59845352172852,11.713272094726562,6.060089111328125,0.8164902758416304,116.9052963256836,150.6732330322266,0.3510542680959268,11.090354888959125,4.761364173916075,5.0151134722867505,1,aiguard_unseen
C:\My_Project\AIGC\AIGuard\unseen\fake_257.jpg,fake,aiguard_unseen,256,256,65536,0.1384606009804223,0.0982177481055259,0.0082621863111853,0.0841211080551147,0.0007294316892512,-3.748999559484445,0.8433923037429496,1.2066106796264648,210.7558441162109,595.158447265625,2.182039691212162,0.1254306286387223,6.836222876269606,0.6502301290205077,0.1202394551678708,5.661738872528076,59.28339385986328,0.0679383128881454,0.4240879593016781,1.140146917506757,-0.043951366096735,58.47006988525391,170.0602569580078,34.074832916259766,166.18658447265625,0.2938132786728211,34.074832916259766,44.33076858520508,12.513877868652344,20.14613342285156,0.8174957536591059,111.5901870727539,132.11175155639648,0.2938132786728211,11.090354888959125,4.714833116625579,4.8836481671204135,1,aiguard_unseen
C:\My_Project\AIGC\AIGuard\unseen\fake_275.jpg,fake,aiguard_unseen,256,256,65536,0.1792450371932838,0.1051911786198616,0.0126149710267782,0.1199242323637008,0.0011276697041466,-3.4901045885945337,0.7060803141755622,1.2071195840835571,135.68382263183594,287.9471740722656,2.127416862396559,0.1394610097139192,4.42268294090489,0.5830273837965226,0.1191256452836344,5.492000102996826,30.410892486572266,0.186749592423439,0.3994728530210451,1.0637336159243551,0.121889479458332,50.03773498535156,165.50328063964844,44.80157470703125,161.82200622558594,0.2692886634644291,44.80157470703125,49.2728385925293,9.77202606201172,31.132492065429688,0.8121060522553876,115.46554565429688,117.02043151855469,0.2692886634644291,11.090354888959125,4.748972179436352,4.762348547915714,1,aiguard_unseen
C:\My_Project\AIGC\AIGuard\unseen\fake_466.jpg,fake,aiguard_unseen,256,256,65536,0.1850397651919017,0.1027496829628944,0.009071322157979,0.0882856473326683,0.0007335643749684,-3.5406692281260823,0.5264742060824368,1.195760726928711,178.50320434570312,619.0418090820312,2.1291899896303783,0.1381822957043248,5.8700302977839245,0.6314243846637536,0.1287414522910947,4.943611145019531,30.818777084350582,0.0232213139533996,0.4070013021954946,0.8750327408726307,0.0218685194849967,43.30768966674805,177.0303497314453,57.89267349243164,210.3677673339844,0.4063571257594621,13.632232666015623,52.83302307128906,13.169677734375,10.562820434570312,0.8260701673335724,133.72266006469727,152.47509384155276,0.4063571257594621,11.090354888959125,4.89576795415016,5.027001263637669,1,aiguard_unseen
C:\My_Project\AIGC\AIGuard\unseen\fake_157.jpg,fake,aiguard_unseen,256,256,65536,0.2106443439802452,0.1272820234298706,0.0061224182136356,0.0481012016534805,0.0008705651853233,-3.879703456343963,0.9664298939582422,0.767315685749054,116.35870361328124,248.3344573974609,1.986298257357666,0.1746796524956642,3.861898084025851,0.6027276939531462,0.1418627989832548,4.0272369384765625,87.06748962402344,0.1287597119808197,0.4264900765836293,1.0649599048704026,-0.2128561735153198,37.04021453857422,168.81497192382812,30.677143096923828,170.2563018798828,0.366569869751719,30.677143096923828,42.82152557373047,15.618755340576172,12.303955078125,0.82882647248735,131.7747573852539,139.57915878295898,0.366569869751719,11.090354888959125,4.8810940816107875,4.938631886797374,1,aiguard_unseen
C:\My_Project\AIGC\AIGuard\unseen\fake_146.jpg,fake,aiguard_unseen,256,256,65536,0.2332942907315072,0.0722620859742164,0.0133183309808373,0.1843059360980987,0.0015722094103693,-3.527375162610374,0.7414006218674436,1.2561503648757937,168.61856079101562,381.183349609375,2.168302547042275,0.1273602640961468,5.327235687903964,0.6326107229305756,0.198930498011283,5.808725357055664,29.162315368652344,0.141645148396492,0.4284488648027199,0.6327752384741967,-0.2637585699558258,58.841094970703125,174.39633178710938,7.719479084014893,141.4171905517578,0.3079055865446944,7.719479084014893,,,,0.7836694568948488,115.55523681640625,133.69771146774292,0.3079055865446944,11.090354888959125,4.749748656475833,4.895581367041005,1,aiguard_unseen
C:\My_Project\AIGC\AIGuard\unseen\fake_306.jpg,fake,aiguard_unseen,256,256,65536,0.0874452262398871,0.1224606558680534,0.0425738953053951,0.3476536571979522,0.0014859104994684,-3.00184061840194,0.683265549421617,1.6623904705047607,206.7989044189453,388.0520935058594,2.222946126397584,0.116812267883377,6.395787453831945,0.5442994364486873,0.1063684159045773,7.570015907287598,352.85223388671875,0.0530701577663421,0.4659765302060237,1.0714919600470154,-0.0996271446347236,60.72615814208984,161.56202697753906,39.91366958618164,158.63214111328125,0.2385817965412075,39.91366958618164,59.8531608581543,3.3903961181640625,2.547088623046875,0.8009074415504784,100.83586883544922,118.71847152709961,0.2385817965412075,11.090354888959125,4.613494133962174,4.77675490473292,1,aiguard_unseen
C:\My_Project\AIGC\AIGuard\unseen\fake_158.jpg,fake,aiguard_unseen,256,256,65536,0.2153783769424911,0.1176711469888687,0.0067234514281153,0.0571376383304595,0.0009703282266855,-3.684391654384808,0.7911687962841706,1.130070686340332,150.80873107910156,350.1301574707031,2.078435004860386,0.1531467048489317,4.85063798476454,0.5855488626765782,0.1362959926081378,5.011730194091797,46.73581314086914,0.2364293932914734,0.3203124920173235,0.8785281570724104,-0.4875877201557159,51.94621276855469,186.74896240234372,30.94970703125,181.7841033935547,0.4052314128067495,30.94970703125,39.19377517700195,17.307659149169922,33.43492889404297,0.830839215247483,134.80274963378903,150.8343963623047,0.4052314128067495,11.090354888959125,4.903812596146946,5.016182522152923,1,aiguard_unseen
C:\My_Project\AIGC\AIGuard\unseen\fake_677.jpg,fake,aiguard_unseen,256,256,65536,0.1919321516916025,0.1115787699818611,0.0179604161530733,0.1609662473201751,0.0022244246210902,-3.0366087875284853,0.2876276181684206,1.9435818195343015,423.5109558105469,808.621337890625,2.219886936135931,0.1179359051546719,13.392479801477323,0.4551828421696358,0.0826612441421334,10.338727951049805,25.95598602294922,0.1538356840610504,0.419788202037709,0.9265655791512856,-0.2777473628520965,59.13794708251953,182.32037353515625,68.2643051147461,207.41140747070312,0.3416070970595541,16.588592529296875,70.97991180419922,1.9918632507324217,31.95531463623047,0.8051861847656703,123.18242645263672,139.14710235595703,0.3416070970595541,11.090354888959125,4.813666398495124,4.93553166386688,1,aiguard_unseen
C:\My_Project\AIGC\AIGuard\unseen\fake_231.jpg,fake,aiguard_unseen,256,256,65536,0.1138987531608275,0.0652458518743515,0.0063985125161707,0.0980677232146263,0.0003263510006945,-3.662517241053693,0.6302607822101464,1.2125593423843384,208.48977661132807,640.9130859375,2.1495786321192365,0.1300452175561411,6.84932334949214,0.7127015799984611,0.1554926835249765,5.039023399353027,37.02410507202149,0.0045095402747392,0.4899833700591246,0.888750349040227,-0.0097646927461028,54.98908996582031,167.1873016357422,38.45434188842773,168.9638214111328,0.2918313577889788,38.45434188842773,63.82469177246094,8.789875030517578,46.08680725097656,0.8313137036556917,112.19821166992188,130.50947952270508,0.2918313577889788,11.090354888959125,4.720267054190822,4.871445864145318,1,aiguard_unseen
C:\My_Project\AIGC\AIGuard\unseen\fake_439.jpg,fake,aiguard_unseen,256,256,65536,0.0671137841758506,0.1225126683712005,0.0077437181025743,0.0632074847817421,0.0003306014696136,-3.269585636858875,0.2290076974677361,1.3270121812820437,169.5360107421875,503.8336791992188,2.1556842044295266,0.1292804160350464,5.447399007386888,0.7100823476130735,0.2954963096172834,4.519448280334473,34.49478530883789,0.0401862040162086,0.4212330332166762,0.9272814510639754,0.0696307048201561,46.63211441040039,173.0681915283203,59.28726959228516,206.3996124267578,0.3707012819598465,17.600387573242188,41.609073638916016,21.562294006347656,6.657730102539063,0.8237457099234682,126.43607711791992,147.11234283447266,0.3707012819598465,11.090354888959125,4.839736861224859,4.991196531867566,1,aiguard_unseen
C:\My_Project\AIGC\AIGuard\unseen\fake_229.jpg,fake,aiguard_unseen,256,256,65536,0.1361943418816523,0.1157859340310096,0.0119794812053442,0.103462316095829,0.0007057340699248,-3.553315213087397,0.7363634943351461,1.3139629364013672,178.8954620361328,516.0010986328125,2.21252981312642,0.1186548905886992,5.666709949215134,0.606679955554192,0.1159341311865892,5.835768222808838,33.55213928222656,0.0630117282271385,0.4500555734323994,0.8563759703177087,-0.1424282491207122,63.06483459472656,161.1136474609375,41.57820892333984,158.19677734375,0.2278840918323144,41.57820892333984,56.20185089111328,10.716766357421877,17.471221923828125,0.7993064352261285,98.04881286621094,116.61856842041016,0.2278840918323144,11.090354888959125,4.585465445136229,4.758908510126228,1,aiguard_unseen
C:\My_Project\AIGC\AIGuard\unseen\fake_682.jpg,fake,aiguard_unseen,256,256,65536,0.1834893483046818,0.0752998366951942,0.005420105997473,0.0719803124666214,0.0007453675498254,-3.624643684616576,0.5503528980397032,1.297853708267212,284.0588073730469,490.1855773925781,1.957476997518528,0.1899492239167619,9.147448638042462,0.4608937642208846,0.0758394130309206,7.220724105834961,20.89022445678711,0.2884479165077209,0.3921585438194591,0.8050373841029482,-0.4982948303222656,65.84029388427734,193.18023681640625,59.47681427001953,207.50177001953125,0.3756674389683061,16.49822998046875,74.70238494873047,3.2756881713867188,46.43235778808594,0.8280915712984047,127.3399429321289,148.02495574951172,0.3756674389683061,11.090354888959125,4.846860226435244,4.997380879478506,1,aiguard_unseen
C:\My_Project\AIGC\AIGuard\unseen\fake_168.jpg,fake,aiguard_unseen,256,256,65536,0.1579066546189547,0.1379906833171844,0.0179998707026243,0.130442664027214,0.0017229382647201,-3.195180097252708,0.5454099736215269,1.8498904705047607,335.4683837890625,761.1266479492188,2.1430855728928995,0.1357197290855068,10.085585468605714,0.5458107963034768,0.0947499710313996,7.842618942260742,50.21422958374024,0.1551019996404647,0.4095361639386685,1.1187745178387862,-0.1932608187198639,53.97705459594727,169.46038818359375,36.96327972412109,166.31459045410156,0.2977104704844876,36.96327972412109,72.68452453613281,4.148414611816406,46.11983489990234,0.8026663865533834,115.48333358764648,129.35131072998047,0.2977104704844876,11.090354888959125,4.749126221607444,4.86253204178503,1,aiguard_unseen
C:\My_Project\AIGC\AIGuard\unseen\fake_446.jpg,fake,aiguard_unseen,256,256,65536,0.0587022003779417,0.1747918576002121,0.0166624933481216,0.0953276306390762,0.000624721404165,-3.049417771432481,0.2810038726037392,1.4008421897888184,126.1286392211914,214.3944396972656,2.162092466523927,0.132183084483943,3.9131149007386927,0.5598687153601386,0.1196211320776924,5.467743396759033,33.8372688293457,0.0394517295062541,0.4329516247529793,0.9620641957048456,-0.0665963664650917,52.89952850341797,174.91647338867188,63.25082778930664,198.03121948242188,0.3277561309158118,25.968780517578125,50.6596794128418,12.561214447021484,31.98423767089844,0.7950796741882229,122.0169448852539,134.78039169311523,0.3277561309158118,11.090354888959125,4.804159927590667,4.903646725680306,1,aiguard_unseen
C:\My_Project\AIGC\AIGuard\unseen\fake_315.jpg,fake,aiguard_unseen,256,256,65536,0.1517480743984274,0.1079054847359657,0.0101473731920123,0.0940394550561904,0.0010897050378844,-3.428116230766597,0.576116783889088,1.7835025787353516,410.1476135253906,1301.1846923828125,2.2078451597446787,0.119796773584025,12.739398372576158,0.5885195001697505,0.1024270186860695,7.905360221862793,33.890625,0.076889157295227,0.3984948471328545,1.091224156660793,-0.1131066009402275,64.94119262695312,157.85626220703125,37.08028030395508,156.05535888671875,0.2203160416297183,37.08028030395508,82.3970718383789,31.60477828979492,16.787887573242188,0.7892317355160117,92.91506958007812,118.97507858276367,0.2203160416297183,11.090354888959125,4.531685845582656,4.778914047505075,1,aiguard_unseen
C:\My_Project\AIGC\AIGuard\unseen\fake_459.jpg,fake,aiguard_unseen,256,256,65536,0.1845542617579144,0.1347012966871261,0.0087581304833292,0.0650188997387886,0.0011403075186535,-3.45882572108913,0.4954679467862533,1.2911608219146729,190.3340606689453,383.1782531738281,2.132735482696841,0.1412409075793004,6.181203543397958,0.541000007169663,0.0974723191007427,6.059920787811279,25.93790626525879,0.0091984933242201,0.4308978140838067,1.0730842196044217,-0.0189328305423259,49.66542816162109,174.8469696044922,63.46844100952149,212.5491943359375,0.3719339624694114,11.4508056640625,58.38179016113281,18.54696273803711,55.46718597412109,0.7845400665825153,125.1815414428711,149.08075332641602,0.3719339624694114,11.090354888959125,4.829765015231822,5.004488127767166,1,aiguard_unseen
C:\My_Project\AIGC\AIGuard\unseen\fake_282.jpg,fake,aiguard_unseen,256,256,65536,0.1539075954350657,0.0983127430081367,0.0107792410999536,0.1096423491835594,0.0009670158033259,-3.702029155322932,0.9235821291388134,1.1831996440887451,198.77821350097656,381.7341613769531,2.106939044429045,0.1441310761819924,6.363330736380414,0.5676663386932691,0.1234992282929884,6.386985778808594,50.7224006652832,0.2316523492336273,0.442227639648283,1.0108383838990986,0.4455186128616333,57.70512390136719,170.59725952148438,38.35547637939453,179.01527404785156,0.3164737116287806,38.35547637939453,62.862640380859375,17.84607696533203,26.79517364501953,0.740287862872151,112.89213562011719,140.65979766845703,0.3164737116287806,11.090354888959125,4.726432810803059,4.946344192434767,1,aiguard_unseen
C:\My_Project\AIGC\AIGuard\unseen\fake_236.jpg,fake,aiguard_unseen,256,256,65536,0.0820865096226108,0.1151846274733543,0.015524448826909,0.1347788274288177,0.0006959602469578,-3.514691289470082,0.8762168472122992,1.1744604110717771,118.73062133789062,239.2784881591797,2.156831378425046,0.1323665617307689,3.896296745152352,0.5875259618475557,0.1211769675364515,5.366045475006104,44.62845993041992,0.2073103934526443,0.4142720775119877,0.7115730509555277,0.3035406470298767,47.57183074951172,175.90704345703125,40.869895935058594,157.00732421875,0.2970448334281694,40.869895935058594,48.2546501159668,15.380573272705078,5.8035430908203125,0.6652050182365699,128.33521270751953,116.1374282836914,0.2970448334281694,11.090354888959125,4.854645689986623,4.754774216455165,1,aiguard_unseen
C:\My_Project\AIGC\AIGuard\unseen\fake_230.jpg,fake,aiguard_unseen,256,256,65536,0.1141411524252374,0.0667136311531066,0.0065388805232942,0.098014160990715,0.0003336562076583,-3.687486611889489,0.6667320030060191,1.2131808996200562,208.36245727539065,639.69970703125,2.1481830430155417,0.1304370748256951,6.845597299168963,0.711831631360894,0.1553049015094538,5.038996696472168,36.87680816650391,0.0037024416960775,0.4880139724304096,0.8809408511943281,-0.0187488663941621,55.35812377929688,167.56298828125,38.83375930786133,168.65992736816406,0.2903206233261731,38.83375930786133,64.03577423095703,10.00055694580078,45.269134521484375,0.8291540366206789,112.20486450195312,129.82616806030273,0.2903206233261731,11.090354888959125,4.720326347781149,4.866196386880763,1,aiguard_unseen
C:\My_Project\AIGC\AIGuard\unseen\fake_138.jpg,fake,aiguard_unseen,256,256,65536,0.2231512340527396,0.1163899526000022,0.0102204922586679,0.0878124982118606,0.0021311726886779,-3.4236987826162357,0.6329634530677807,1.9142664670944212,520.0506591796875,1418.82958984375,2.219260486401894,0.1181057259123904,16.5197336680517,0.510815540603287,0.0874448534666588,9.699066162109377,51.65164566040039,0.1115392223000526,0.4085181915640868,0.9954008619957182,0.142570748925209,34.98690414428711,159.93096923828125,37.89698028564453,165.06060791015625,0.3166521956215207,34.98690414428711,78.55389404296875,28.14529800415039,19.57660675048828,0.7160600443416456,124.94406509399414,127.16362762451172,0.3166521956215207,11.090354888959125,4.827866157905538,4.8454746636673915,1,aiguard_unseen
C:\My_Project\AIGC\AIGuard\unseen\fake_680.jpg,fake,aiguard_unseen,256,256,65536,0.0997275819883056,0.0959429070353508,0.0125504620373249,0.1308117806911468,0.0007537960191257,-3.307835397526558,0.4784687914876267,1.6432104110717771,319.3902587890625,690.8013305664062,2.156563695972189,0.1322848611154043,10.021294725300082,0.5616278208905768,0.1175471110386499,7.632257461547852,42.48554611206055,0.1402045786380767,0.4552380358382302,0.9372333745889754,-0.2497386783361435,59.20285034179688,180.62591552734372,57.61231994628906,201.62974548339844,0.3485139757821882,22.37025451660156,71.4007339477539,11.46403694152832,14.506317138671877,0.7991280770834521,121.42306518554685,144.01742553710938,0.3485139757821882,11.090354888959125,4.799280853870118,4.96993430292917,1,aiguard_unseen
C:\My_Project\AIGC\AIGuard\unseen\fake_293.jpg,fake,aiguard_unseen,256,256,65536,0.1969596234580292,0.0758017525076866,0.0088026775047183,0.1161276176571846,0.0010096911573782,-3.680303042964508,0.7213456696295732,1.0695759057998655,157.59783935546875,305.5599670410156,2.1051010638881023,0.1436578622712338,5.169427804709137,0.5999478802617977,0.1534870079579494,5.521810054779053,30.811885833740234,0.3479972779750824,0.3545360562497257,0.9400911911298008,-0.7230058908462524,56.80495834350586,177.79449462890625,8.54212760925293,155.50929260253906,0.3543823569379308,8.54212760925293,,,,0.370770577024988,120.98953628540039,146.96716499328613,0.3543823569379308,11.090354888959125,4.7957040648772296,4.990209194435914,1,aiguard_unseen
C:\My_Project\AIGC\AIGuard\unseen\fake_429.jpg,fake,aiguard_unseen,256,256,65536,0.1299559862216429,0.1390688270330429,0.0141404718160629,0.1016796678304672,0.0011993383523076,-3.0179470978591776,0.2159626560276871,1.3808882236480713,143.560302734375,313.8340759277344,2.1693014595592564,0.1267422179985125,4.515595279316712,0.6433280935644647,0.187807093197023,5.0421061515808105,28.303003311157227,0.1758013516664505,0.4275325773167988,0.989044578640594,0.2979617118835449,37.888710021972656,163.57142639160156,60.99723815917969,205.16873168945312,0.3611261346052125,18.831268310546875,55.62013626098633,4.874713897705078,5.9327545166015625,0.7945947500629487,125.6827163696289,144.17149353027344,0.3611261346052125,11.090354888959125,4.833760607094042,4.971003518278188,1,aiguard_unseen
C:\My_Project\AIGC\AIGuard\unseen\fake_302.jpg,fake,aiguard_unseen,256,256,65536,0.1626274375668838,0.0804196298122406,0.0097031807526946,0.1206568703055381,0.0009453517268411,-3.678219521731686,0.7521212535294987,1.1111289262771606,142.82090759277344,417.0390625,2.0459328140427595,0.1562511558485051,4.638983148661124,0.6379317846972308,0.1506170218324061,4.534708023071289,34.079952239990234,0.3136979341506958,0.3759729608827022,1.082555010938445,0.6336539387702942,45.0886344909668,166.58407592773438,33.384910583496094,168.5260009765625,0.3272286837043948,33.384910583496094,38.03493881225586,8.255023956298828,11.406524658203123,0.8282497967644247,121.49544143676758,135.1410903930664,0.3272286837043948,11.090354888959125,4.799876743037796,4.906319346709698,1,aiguard_unseen
C:\My_Project\AIGC\AIGuard\unseen\fake_232.jpg,fake,aiguard_unseen,256,256,65536,0.2560911000687217,0.104973666369915,0.0133001580834388,0.1266999393701553,0.002637252677232,-3.379940742067938,0.6474859618696474,1.9962282180786133,580.1663818359375,1349.00732421875,2.044483567402775,0.1593995537175977,17.938982571560437,0.6574101255519066,0.2346302465628419,9.193511962890623,31.749122619628903,0.3382098078727722,0.3199381705392493,0.8764093852202208,0.7907282114028931,51.87577819824219,163.93006896972656,34.58910369873047,166.83956909179688,0.2953450275792967,34.58910369873047,61.44028091430664,13.616722106933594,21.34662628173828,0.8214824734958768,112.05429077148438,132.2504653930664,0.2953450275792967,11.090354888959125,4.718983492878194,4.884697589772417,1,aiguard_unseen
C:\My_Project\AIGC\AIGuard\unseen\fake_132.jpg,fake,aiguard_unseen,256,256,65536,0.1808141671098672,0.1366629302501678,0.0292411800473928,0.2139656990766525,0.0033380221575498,-2.9061921277319254,0.3999580531643839,2.0483527183532715,441.9346008300781,654.9461059570312,2.2270938120429675,0.1166294380705935,13.462837315327764,0.4002085508574948,0.0706749755333213,11.694031715393066,50.86354446411133,0.2716637253761291,0.4046031377781412,0.8990853966462108,-0.5955595374107361,68.22008514404297,158.14065551757812,47.94236373901367,164.38360595703125,0.2086747232789999,47.94236373901367,95.82925415039062,4.833461761474609,12.807647705078123,0.1464920623599219,89.92057037353516,116.44124221801758,0.2086747232789999,11.090354888959125,4.4989267292473185,4.757386787130526,1,aiguard_unseen
C:\My_Project\AIGC\AIGuard\unseen\fake_200.jpg,fake,aiguard_unseen,256,256,65536,0.1736045072000158,0.1283188313245773,0.0081818206235766,0.0637616589665412,0.0007882065256126,-3.551901906297547,0.6939132196253617,1.2181869745254517,155.7220916748047,331.3488464355469,2.135474793029371,0.1377356472436411,4.995407433056322,0.5790745337892637,0.114928518033922,5.33266544342041,121.4009780883789,0.0888245850801467,0.4180990814565689,1.1480734265924757,0.1136071383953094,53.67759323120117,169.65550231933594,36.20711517333984,167.98785400390625,0.3046008957999573,36.20711517333984,54.39389419555664,10.232406616210938,55.12472534179688,0.8027955976956491,115.97790908813477,131.7807388305664,0.3046008957999573,11.090354888959125,4.7533997340751855,4.881139472015461,1,aiguard_unseen
C:\My_Project\AIGC\AIGuard\unseen\Real_79.jpg,real,aiguard_unseen_real,256,256,65536,0.1368459055532581,0.1651223301887512,0.0137525415048003,0.0832869932055473,0.0011381439398974,-3.2863939613990616,0.5568936125930243,1.632097840309143,241.04139709472656,544.6491088867188,2.15314522102562,0.132325548571579,7.249193501846708,0.582980297468862,0.2057214149898603,6.5290117263793945,65.57010650634766,0.1223329380154609,0.4187011888466195,1.170021130623754,-0.2042601853609085,44.76434326171875,206.07049560546875,35.78204345703125,228.44461059570312,0.6193729553134679,-4.444610595703125,,,,,161.30615234375,192.66256713867188,0.6193729553134679,11.090354888959125,5.083304126646482,5.260940301950929,0,aiguard_unseen
C:\My_Project\AIGC\lfw\Isidro_Pastor\Isidro_Pastor_0001.jpg,real,lfw,250,250,62500,0.2857501391814478,0.06634072214365,0.0061792843043804,0.0931446552276611,0.0011471647303551,-3.7781954655008825,0.8122194680875623,1.141132950782776,192.0778045654297,788.04931640625,1.9873940539678936,0.1767385809285498,6.178763561865182,0.7173220793540191,0.3028536134230156,4.7243170738220215,38.64775466918945,0.1850103139877319,0.4256085979726068,0.9460850673291984,0.3466579020023346,63.82373046875,151.42791748046875,75.02478790283203,169.8792724609375,0.1656100526970755,54.1207275390625,62.74987411499024,26.65119171142578,19.982742309570312,,87.60418701171875,94.85448455810547,0.1656100526970755,11.042921835724492,4.472828793737537,4.552343975791595,0,aiguard_unseen
C:\My_Project\AIGC\lfw\Suzanne_Torrance\Suzanne_Torrance_0001.jpg,real,lfw,250,250,62500,0.2224256222961362,0.065635472536087,0.0041984366253018,0.0639659613370895,0.0009639395284466,-4.234997506429525,1.2156505045095711,1.1095328330993652,493.3544616699219,1264.533447265625,1.9887037101373533,0.1736471246848847,15.650330967220652,0.5164799935774126,0.1460303613189268,8.897444725036621,45.118106842041016,0.033476959913969,0.4753017692970743,0.9447866473741198,0.0828971788287162,72.66468811035156,151.7158203125,72.10796356201172,162.0543975830078,0.1417085348952803,61.94560241699219,85.17086029052734,3.151802062988281,39.031394958496094,,79.05113220214844,89.9464340209961,0.1417085348952803,11.042921835724492,4.370094886160737,4.499214315597313,0,aiguard_unseen
C:\My_Project\AIGC\lfw\Michael_Doleac\Michael_Doleac_0001.jpg,real,lfw,250,250,62500,0.3051789116292379,0.0826784819364547,0.0055657452903687,0.0673179402947425,0.0013469171244651,-3.790922893299784,0.7053282343442199,1.0229281187057495,264.3271484375,890.4072265625,2.031156303325639,0.155198258888915,8.713908991228037,0.6715156960947355,0.2973352602844238,5.090821743011475,21.28413772583008,0.1514111012220382,0.4160888796383083,0.7088743519957073,-0.2014482319355011,78.02314758300781,159.0416259765625,71.43004608154297,170.50137329101562,0.159969072523546,53.498626708984375,59.138790130615234,15.42987060546875,21.087974548339844,,81.01847839355469,99.07132720947266,0.159969072523546,11.042921835724492,4.394677256970621,4.595840067579091,0,aiguard_unseen
C:\My_Project\AIGC\lfw\Fernando_Velardez\Fernando_Velardez_0001.jpg,real,lfw,250,250,62500,0.1959889470143518,0.0619702711701393,0.0040003010071814,0.0645519345998764,0.000602375366725,-4.27956529372497,1.1891698702501357,0.5260888338088989,299.9261169433594,951.718017578125,1.845571895497516,0.1959086731541708,10.217929939981522,0.6525129820242689,0.2099265386221866,5.6622633934021,30.20270156860352,0.2616223096847534,0.4072702886601758,0.7863074977832976,-0.4355112612247467,85.4256820678711,164.8477783203125,69.78704833984375,168.9552764892578,0.1569704352931049,55.04472351074219,61.9531478881836,0.2843132019042969,7.1966094970703125,,79.4220962524414,99.16822814941406,0.1569704352931049,11.042921835724492,4.374776619870533,4.596817682238119,0,aiguard_unseen
C:\My_Project\AIGC\lfw\Todd_Haynes\Todd_Haynes_0003.jpg,real,lfw,250,250,62500,0.1523992746033063,0.0879316627979278,0.0072169974446296,0.0820750743150711,0.0007298637065105,-4.050547451223504,1.0661807922019235,0.8747352957725525,261.5115661621094,716.2388305664062,1.9352344312727685,0.1766363340137104,8.640652412280682,0.6609086519903029,0.1947745393258803,5.349404335021973,19.933258056640625,0.0246736966073513,0.4620147981834877,0.818326334432622,-0.0298957470804452,69.12833404541016,156.11070251464844,70.42706298828125,173.59881591796875,0.1788529063485987,50.40118408203125,85.04766845703125,20.05867958068848,52.836570739746094,,86.98236846923828,103.1717529296875,0.1788529063485987,11.042921835724492,4.46570543684289,4.6363951036598845,0,aiguard_unseen
C:\My_Project\AIGC\lfw\Mack_Brown\Mack_Brown_0002.jpg,real,lfw,250,250,62500,0.1826693343263745,0.0968744605779647,0.0116368578746914,0.1201230660080909,0.0015919723082333,-3.930487121136193,1.18464061425334,1.3724453449249268,412.1922912597656,1292.4700927734375,2.0638753283076907,0.1494064354886615,13.137644275161536,0.6338971889537797,0.1216556569654365,7.318446636199951,26.565427780151367,0.0736816227436065,0.3986724916811429,0.7613337544292215,-0.0779699459671974,70.45852661132812,160.27447509765625,66.40042114257812,177.08102416992188,0.1981202834012204,46.918975830078125,62.40994644165039,10.306537628173828,35.98572540283203,,89.81594848632812,110.68060302734375,0.1981202834012204,11.042921835724492,4.497762559609598,4.706648603289714,0,aiguard_unseen
C:\My_Project\AIGC\lfw\Eric_Lloyd\Eric_Lloyd_0001.jpg,real,lfw,250,250,62500,0.1446482695532446,0.0803634226322174,0.010470169596374,0.1302852630615234,0.0010494665475562,-4.046160981418265,1.3267355567754275,0.8479613661766052,300.6001892089844,920.3864135742188,1.846174239392281,0.2178723304681805,9.5542656394275,0.4910965562338669,0.0797778661824785,7.239018440246582,35.117130279541016,0.030946746468544,0.4342271083287649,1.0215905894116082,0.0685972496867179,66.02958679199219,155.82159423828125,73.23881530761719,177.4189453125,0.1864346103546277,46.5810546875,64.6999282836914,18.890626907348636,54.099082946777344,,89.79200744628906,104.18013000488281,0.1864346103546277,11.042921835724492,4.497495967408193,4.6461214202034125,0,aiguard_unseen
C:\My_Project\AIGC\lfw\Franco_Frattini\Franco_Frattini_0001.jpg,real,lfw,250,250,62500,0.2827569356147424,0.0643481016159057,0.0069427471607923,0.1078935787081718,0.0011831898009404,-3.9973458120963032,1.02626578254802,0.9831509590148926,191.23501586914065,590.1715087890625,2.0741826837868094,0.1463315996315418,6.393683921975981,0.6652618296052321,0.2230034164813507,5.034965515136719,35.79803466796875,0.0299138091504573,0.4211818663158372,0.852515271009513,-0.0562996976077556,72.0537338256836,158.1487274169922,68.65898132324219,166.41502380371094,0.167735687397713,57.58497619628906,71.7255630493164,18.15062713623047,9.034530639648438,,86.0949935913086,97.75604248046875,0.167735687397713,11.042921835724492,4.455451263300707,4.582475012611935,0,aiguard_unseen
C:\My_Project\AIGC\lfw\Laura_Schlessinger\Laura_Schlessinger_0001.jpg,real,lfw,250,250,62500,0.17522076663552,0.0416504479944705,0.0050717503763735,0.1217693984508514,0.0004816549189854,-4.162277910502644,1.1301789196897742,0.966098964214325,256.7963256835937,639.376708984375,2.043314474416834,0.1534458193765089,8.599025277008291,0.6207150766930691,0.2103956410879482,6.240592002868652,34.42380142211914,0.1630154699087143,0.415291725596182,1.2185077265138855,0.2918994724750519,58.71875381469727,149.67127990722656,67.74092102050781,173.41766357421875,0.1915570528637176,50.58233642578125,89.45902252197266,27.495391845703125,26.76387023925781,,90.9525260925293,105.67674255371094,0.1915570528637176,11.042921835724492,4.510337679097715,4.660384836061029,0,aiguard_unseen
C:\My_Project\AIGC\lfw\Cori_Enghusen\Cori_Enghusen_0001.jpg,real,lfw,250,250,62500,0.2517194764756209,0.0648684725165367,0.0046263765543699,0.0713193416595459,0.0007996115018613,-4.426749897812502,1.377167416252201,0.4920524954795837,230.80630493164065,826.0831298828125,1.872976590833785,0.1935420252789263,7.867836161126476,0.6879374664302198,0.2962412167631119,4.757943153381348,21.153478622436523,0.330668568611145,0.3132816652849266,0.6605682892463731,-0.902007520198822,129.93992614746094,198.33740234375,78.6492691040039,163.22808837890625,0.1152937216610604,25.66259765625,48.83109664916992,9.001296997070312,0.2584762573242187,,68.39747619628906,84.57881927490234,0.1152937216610604,11.042921835724492,4.225335926232695,4.437683872085261,0,aiguard_unseen
C:\My_Project\AIGC\lfw\Wayne_Gretzky\Wayne_Gretzky_0004.jpg,real,lfw,250,250,62500,0.1471039498874437,0.1028670743107795,0.0123617714270949,0.1201722845435142,0.0011639379663392,-3.804590982687128,1.051685433629239,1.4812575578689575,472.89306640625,1393.90673828125,2.1034511514580503,0.1405944832162726,15.331840951061857,0.625847598415532,0.2722415866243599,7.894045352935791,27.36842918395996,0.1256123930215835,0.4197430528971749,1.0535278411773283,-0.1903588324785232,73.92186737060547,159.78538513183594,67.8013687133789,171.6256866455078,0.1776690283564451,52.37431335449219,108.84378814697266,46.55728530883789,10.026222229003906,,85.86351776123047,103.8243179321289,0.1776690283564451,11.042921835724492,4.452759032854294,4.642700220096047,0,aiguard_unseen
C:\My_Project\AIGC\lfw\Platon_Lebedev\Platon_Lebedev_0001.jpg,real,lfw,250,250,62500,0.2387420401756582,0.0481890216469764,0.0049340515397489,0.1023895293474197,0.0005144368624314,-4.089510207330687,0.9208229312654852,0.90633362531662,225.29281616210935,589.5450439453125,2.0361899788577404,0.1560756066897073,7.370718490304696,0.6520711316323397,0.2546673588500481,5.602987289428711,22.39111328125,0.0738781094551086,0.4288146267530464,0.9042584024466354,-0.1155961453914642,73.1976547241211,156.83074951171875,69.3826675415039,168.3990478515625,0.1650399856504294,55.6009521484375,100.68184661865234,14.961341857910156,13.829330444335938,,83.63309478759766,99.0163803100586,0.1650399856504294,11.042921835724492,4.426439312419581,4.595285294125338,0,aiguard_unseen
C:\My_Project\AIGC\lfw\Paul_Bremer\Paul_Bremer_0011.jpg,real,lfw,250,250,62500,0.1602176862099925,0.093498446047306,0.0090492079034447,0.0967845767736435,0.0011774533195421,-3.909040089387454,1.0715296964346557,1.1230669021606443,282.124755859375,942.8582763671876,2.066992088903776,0.1491964579323637,9.280643755770992,0.5997772477886836,0.1551838183553096,6.662333011627197,27.630189895629883,0.1015405058860778,0.4314239285243681,0.8515577397402496,-0.129695326089859,72.56629943847656,158.68226623535156,67.60468292236328,172.27798461914062,0.1796484887882445,51.722015380859375,51.19282150268555,13.507431030273438,15.939666748046877,,86.115966796875,104.67330169677734,0.1796484887882445,11.042921835724492,4.45569483903622,4.650844087238382,0,aiguard_unseen
C:\My_Project\AIGC\lfw\Tommy_Shane_Steiner\Tommy_Shane_Steiner_0001.jpg,real,lfw,250,250,62500,0.2270437644432184,0.0342858098447322,0.0023535743821412,0.0686457306146621,0.0002802464296109,-4.234201119141633,0.8453285060073333,0.3145108222961426,114.40901184082033,283.3729858398437,1.9698393297940868,0.170884865217038,3.906909048938132,0.6688273363743732,0.2588598752571477,4.019526958465576,23.51854705810547,0.0251328200101852,0.4482143121296245,0.94500997464593,0.0378567837178707,66.01918029785156,155.59136962890625,68.71864318847656,175.99392700195312,0.1915035481561573,48.00607299804688,56.97008895874024,12.807706832885742,19.213607788085938,,89.57218933105469,107.27528381347656,0.1915035481561573,11.042921835724492,4.4950448848706985,4.675398276536885,0,aiguard_unseen
C:\My_Project\AIGC\lfw\Janela_Jara\Janela_Jara_0001.jpg,real,lfw,250,250,62500,0.0435197986863355,0.098047100007534,0.0085938861593604,0.0876505896449089,0.0002701394259929,-3.869606733799764,1.0107883898731662,0.4849188029766083,108.06806182861328,329.9053955078125,1.8684144678167247,0.2055297805487439,3.6693513388734953,0.5876647484757265,0.1337249833539712,4.382804393768311,18.87220764160156,0.1137349605560302,0.4502534498600647,0.7290969114256793,0.1931117326021194,62.98787689208984,149.7799835205078,72.40644073486328,166.93898010253906,0.1635179814384254,57.06101989746094,47.65109634399414,7.073749542236328,9.394912719726562,,86.79210662841797,94.53253936767578,0.1635179814384254,11.042921835724492,4.46351568007062,4.548944107164139,0,aiguard_unseen
C:\My_Project\AIGC\lfw\Constance_Marie\Constance_Marie_0002.jpg,real,lfw,250,250,62500,0.1542389559344193,0.1023959815502166,0.0059519452042877,0.0581267438828945,0.0006925612105987,-4.0371795707715545,1.1009057462781933,0.925538182258606,332.55029296875,976.9891967773438,1.9437088669403784,0.176734590669415,11.004796860572467,0.6033898244405151,0.2046698305955799,6.113613605499268,23.885292053222656,0.1428183019161224,0.4662954995348646,1.099926752768345,-0.2446204274892807,74.76370239257812,161.60166931152344,71.59278106689453,174.65402221679688,0.1783647291454214,49.345977783203125,94.2531967163086,14.520305633544922,34.64270782470703,,86.83796691894531,103.06124114990234,0.1783647291454214,11.042921835724492,4.464043932932085,4.635323385811284,0,aiguard_unseen
C:\My_Project\AIGC\lfw\Ray_Sherman\Ray_Sherman_0001.jpg,real,lfw,250,250,62500,0.3113156618178649,0.0740815252065658,0.0061173397116363,0.0825757756829261,0.0016910794656723,-3.8354099931254,0.8577279394475585,1.1700550317764282,260.7453308105469,869.4234008789062,1.873170626870989,0.2241607270405621,8.459722991689736,0.7707202935059294,0.3872982085549601,5.124155521392822,32.672576904296875,0.024573840200901,0.4480634342738441,0.9726580460176624,-0.0282227490097284,69.9433822631836,155.81301879882812,69.94095611572266,176.41905212402344,0.1822232821117715,47.58094787597656,47.73810577392578,14.172178268432615,7.556087493896484,,85.86963653564453,106.47809600830078,0.1822232821117715,11.042921835724492,4.452830291947411,4.66793929271268,0,aiguard_unseen
C:\My_Project\AIGC\lfw\Jeremy_Shockey\Jeremy_Shockey_0002.jpg,real,lfw,250,250,62500,0.199818432448929,0.0501645915210247,0.0035651139914989,0.0710683315992355,0.0006270974990911,-4.142300381668908,1.0220504440931684,1.044265627861023,399.2014465332031,1251.734130859375,2.011429447139064,0.1634046982745735,13.115983668051676,0.6800975812580372,0.2153931280925694,6.820482730865479,32.23231887817383,0.1038888171315193,0.39038982493903,1.0472751282427504,-0.1622923165559768,73.58879089355469,160.56809997558594,72.16143798828125,170.86117553710938,0.1710944471176436,53.13882446289063,82.2885513305664,5.577735900878906,26.75090789794922,,86.97930908203125,98.69973754882812,0.1710944471176436,11.042921835724492,4.4656702637260235,4.592082287356145,0,aiguard_unseen
C:\My_Project\AIGC\lfw\Mufti_Mohammad_Syed\Mufti_Mohammad_Syed_0001.jpg,real,lfw,250,250,62500,0.2591997759131478,0.042277131229639,0.0027830149047076,0.0658279061317443,0.0006043668836355,-4.222399460492818,0.9905235047703396,1.0616105794906616,366.8635559082031,973.0131225585938,1.944041448306167,0.18034595869224,11.97953572252996,0.6060588030099111,0.2722928153695481,6.911743640899658,27.31734848022461,0.0890066102147102,0.4115693476636624,0.8049226642028724,0.1509542912244796,63.6104621887207,154.55197143554688,71.67823791503906,178.90646362304688,0.1943458362513065,45.093536376953125,86.3403549194336,16.150127410888672,4.290283203125,,90.94150924682617,107.22822570800781,0.1943458362513065,11.042921835724492,4.510216544331574,4.674959513494466,0,aiguard_unseen
C:\My_Project\AIGC\lfw\Jason_Clermont\Jason_Clermont_0001.jpg,real,lfw,250,250,62500,0.2140759324761603,0.0398640409111976,0.0034574046730995,0.0867299064993858,0.0004912000149488,-4.449145929930896,1.1905197177182654,0.6798505187034607,477.6809692382813,884.5951538085938,1.9347982585213184,0.1845491187664828,15.834267659279789,0.5613099294075418,0.1623514479348612,8.360487937927246,8.016992568969727,0.2680121660232544,0.4092034369627145,0.9617074959388724,-0.489565908908844,81.96641540527344,168.0724334716797,68.46381378173828,176.45816040039062,0.1853269124883493,47.541839599609375,77.89757537841797,23.71438980102539,10.696380615234377,,86.10601806640625,107.99434661865234,0.1853269124883493,11.042921835724492,4.455579305232709,4.682078879630524,0,aiguard_unseen
C:\My_Project\AIGC\lfw\Brandon_Jones\Brandon_Jones_0001.jpg,real,lfw,250,250,62500,0.2153472289454105,0.0387991815805435,0.0055168247781693,0.1421892046928405,0.0006526607321575,-4.315773792788184,1.2987517679860523,0.9582012891769408,468.4514465332031,1205.8984375,1.97385699811055,0.1801269520128433,15.606637523083974,0.5525822576817038,0.1065503279905216,8.244484901428223,9.211750030517578,0.0303746573626995,0.4151114186144237,1.0619015113430812,0.065603069961071,63.74544525146485,158.60833740234375,67.31957244873047,176.3151397705078,0.2060673379258933,47.68486022949219,70.3071060180664,23.954666137695312,2.966064453125,,94.8628921508789,108.99556732177734,0.2060673379258933,11.042921835724492,4.552432608608733,4.691307214629544,0,aiguard_unseen
C:\My_Project\AIGC\lfw\Toutai_Kefu\Toutai_Kefu_0001.jpg,real,lfw,250,250,62500,0.1495088329930233,0.1074752062559127,0.010562714189291,0.0982804745435714,0.0013588017318397,-3.8576339030858864,1.131592523532624,1.3579888343811035,347.9898681640625,936.8301391601562,2.154838022844611,0.1290022124354415,11.347195579409023,0.6720827435292648,0.1938723444792493,6.94020414352417,29.438539505004883,0.1236165687441825,0.4336051973032635,0.7943372534419808,-0.2111551761627197,76.64990234375,156.97073364257812,76.2791748046875,172.30599975585938,0.1537180007785629,51.69400024414063,98.64808654785156,14.078571319580078,3.4217681884765625,,80.32083129882812,96.02682495117188,0.1537180007785629,11.042921835724492,4.3860290057258675,4.564627579010209,0,aiguard_unseen
C:\My_Project\AIGC\lfw\Jennifer_Renee_Short\Jennifer_Renee_Short_0001.jpg,real,lfw,250,250,62500,0.1374502736210836,0.1129619479179382,0.0093315206468105,0.0826076492667198,0.0008124555461108,-3.998920266869626,1.244217322012866,0.5016936659812927,101.43621826171876,247.1945953369141,2.0082322268894024,0.1679387630794704,3.3605672899353625,0.5869396530019101,0.151661672605082,4.6010026931762695,28.14146041870117,0.0710128545761108,0.4297862417718851,1.051117298216402,0.1315724849700927,66.86721801757812,152.80642700195312,71.94891357421875,172.28941345214844,0.1718587210739408,51.71058654785156,68.4384765625,18.58050537109375,52.99919128417969,,85.939208984375,100.34049987792969,0.1718587210739408,11.042921835724492,4.453640174026796,4.608569400884735,0,aiguard_unseen
C:\My_Project\AIGC\lfw\Atom_Egoyan\Atom_Egoyan_0001.jpg,real,lfw,250,250,62500,0.236609680016248,0.0915849432349205,0.0077192210592329,0.0842848271131515,0.0012798033421859,-3.6029889384045233,0.6014062988839296,1.247338891029358,367.9344787597656,977.7578735351562,2.0123477650672315,0.1622160633918097,12.188020544782995,0.614614450719793,0.1660183099892739,6.846361637115479,19.913463592529297,0.3000293970108032,0.3878441281985377,0.9213758255078144,0.4998796284198761,64.45783233642578,147.89125061035156,74.68991088867188,169.10787963867188,0.1569996388570871,54.892120361328125,57.78737258911133,17.955646514892578,32.368141174316406,,83.43341827392578,94.41796875,0.1569996388570871,11.042921835724492,4.424048927834532,4.547731401965743,0,aiguard_unseen
C:\My_Project\AIGC\lfw\Glen_DaSilva\Glen_DaSilva_0001.jpg,real,lfw,250,250,62500,0.1160646183439715,0.1192812994122505,0.016794478520751,0.1407972425222396,0.0016306951874867,-4.061668405986829,1.5329290475833337,0.63225257396698,288.8482666015625,613.6240234375,1.9172146699568309,0.1956927733637799,9.57088988919667,0.4880577023199332,0.0963393580943532,7.672364711761475,25.98554229736328,0.0457072369754314,0.4453729154250428,0.8533466290403305,-0.0864411443471908,73.69496154785156,154.78189086914062,71.0524673461914,163.23715209960938,0.1489750681023939,60.76284790039063,79.09956359863281,9.995243072509766,7.468048095703125,,81.08692932128906,92.18468475341797,0.1489750681023939,11.042921835724492,4.3955217807008005,4.523794007799828,0,aiguard_unseen
C:\My_Project\AIGC\lfw\Nastia_Liukin\Nastia_Liukin_0001.jpg,real,lfw,250,250,62500,0.1921323007025466,0.0807287916541099,0.0069317575544118,0.0858647525310516,0.0008684700587764,-3.796569361421744,0.7721335305089483,1.196184754371643,369.0603942871094,970.908935546875,1.9461161248470504,0.1862441225381555,12.16006867497688,0.5606680339392756,0.1030908658152525,7.072405815124512,24.473953247070312,0.1092746332287788,0.4469973174197578,0.8691805223656771,-0.1894664317369461,75.36937713623047,160.07540893554688,70.23294830322266,167.5325927734375,0.1642591433864038,56.4674072265625,55.537376403808594,17.415987014770508,5.7261505126953125,,84.7060317993164,97.29964447021484,0.1642591433864038,11.042921835724492,4.439186812809759,4.5777953352306575,0,aiguard_unseen
C:\My_Project\AIGC\lfw\Igor_Ivanov\Igor_Ivanov_0001.jpg,real,lfw,250,250,62500,0.2124550691287821,0.0500750206410884,0.0026152692735195,0.0522270239889621,0.0004053518059663,-4.394975856458396,1.0362397585586565,0.4060641229152679,230.9470672607422,561.5258178710938,1.7171291330764322,0.248314205679681,7.68931584718373,0.4774904172198193,0.0884442936335595,6.014115810394287,16.77884864807129,0.1389665454626083,0.4202004712932908,0.8405531523355121,-0.2380895018577575,73.68152618408203,165.6248779296875,71.5197525024414,170.78269958496094,0.1818911044904638,53.21730041503906,61.97074508666992,23.305583953857425,29.54183959960937,,91.94335174560547,99.26294708251953,0.1818911044904638,11.042921835724492,4.521172645506554,4.597772360253695,0,aiguard_unseen
C:\My_Project\AIGC\lfw\Joan_Laporta\Joan_Laporta_0004.jpg,real,lfw,250,250,62500,0.1608161286687552,0.063922218978405,0.0042443638667464,0.0663988813757896,0.0005006566643714,-4.30808546661316,1.1553659912446936,0.8902121782302856,335.2024841308594,715.208740234375,1.994329663681297,0.1660736390621847,11.010218432594623,0.5785211889790496,0.2289007640423746,6.9319353103637695,22.7005615234375,0.080813355743885,0.4307119481721519,0.9214637699854348,0.1318573802709579,66.79451751708984,151.0620574951172,69.99308776855469,168.10450744628906,0.1647721615910893,55.89549255371094,90.1436996459961,28.9692325592041,21.974891662597656,,84.26753997802734,98.11141967773438,0.1647721615910893,11.042921835724492,4.43399673721419,4.586103768335965,0,aiguard_unseen
C:\My_Project\AIGC\lfw\Mike_Krzyzewski\Mike_Krzyzewski_0006.jpg,real,lfw,250,250,62500,0.2788248203934617,0.0350695326924324,0.002600597217679,0.0741554573178291,0.0005310322158038,-4.376953260497976,1.0823606761790607,0.6137846112251282,264.0129699707031,832.0701293945312,1.9885465184056668,0.1668674202076547,8.558912742382248,0.6580720699885414,0.2510176396224318,5.53062915802002,26.13973999023437,0.308411180973053,0.3605034310328999,0.906704836868447,0.5549144744873047,58.60693359375,131.0811004638672,78.74380493164062,170.78012084960938,0.1329371675292907,53.21987915039063,85.76521301269531,15.718231201171877,11.347198486328123,,72.47416687011719,92.03631591796875,0.1329371675292907,11.042921835724492,4.283230179331052,4.522183237399189,0,aiguard_unseen
C:\My_Project\AIGC\lfw\Fred_Eckhard\Fred_Eckhard_0001.jpg,real,lfw,250,250,62500,0.2187340559632012,0.0522496402263641,0.0040450845845043,0.0774184241890907,0.0005014428170397,-3.8809596247210503,0.7051344995422718,0.8867299556732178,163.40765380859375,578.062255859375,1.9266245293841604,0.1863600767835484,5.423519736842104,0.7191964884733527,0.2773961844333761,4.337883472442627,30.59423446655273,0.1478423178195953,0.4115276703051203,0.828819262149746,-0.228232055902481,78.70337677001953,158.8312530517578,76.90473937988281,167.27976989746094,0.1443231677349892,56.72023010253906,58.1700553894043,13.109466552734377,22.35132598876953,,80.12787628173828,90.37503051757812,0.1443231677349892,11.042921835724492,4.383623812028528,4.503968018156085,0,aiguard_unseen
C:\My_Project\AIGC\lfw\Kathy_Gannon\Kathy_Gannon_0001.jpg,real,lfw,250,250,62500,0.209813238759696,0.0598472356796264,0.0079279681667685,0.1324700713157653,0.0008088716422207,-4.035204736133832,1.0994639324937587,0.8098936080932617,164.21971130371094,356.2877197265625,2.0727887867818797,0.1515183828116356,5.548413550323168,0.5750577238357752,0.1300031710304779,5.721923351287842,23.75321578979492,0.0735087320208549,0.4284923410741634,1.1365531399380258,-0.1284718662500381,69.93645477294922,162.33885192871094,68.87359619140625,176.34130859375,0.1979088457195182,47.65869140625,81.8439712524414,4.105098724365234,19.58507537841797,,92.40239715576172,107.46771240234375,0.1979088457195182,11.042921835724492,4.526152921555293,4.67719045270806,0,aiguard_unseen
C:\My_Project\AIGC\lfw\Craig_Wilson\Craig_Wilson_0001.jpg,real,lfw,250,250,62500,0.1761400180444132,0.0847583785653114,0.0060010156594216,0.0708014443516731,0.0009318580268882,-3.9350293149120232,0.9624815422671984,1.1124287843704224,421.1943054199219,1262.4361572265625,1.951881411933123,0.1798170575098611,13.69423995844874,0.5719813587834923,0.1130105997826653,7.302420616149902,30.91279983520508,0.1239989325404167,0.4103538325261374,0.8414533986225917,0.1911881268024444,63.79335784912109,151.5938262939453,66.4430160522461,172.03665161132812,0.1847730123341727,51.96334838867188,48.0948371887207,8.699443817138672,19.05848693847656,,87.80046844482422,105.59363555908203,0.1847730123341727,11.042921835724492,4.475066835989301,4.659598100129018,0,aiguard_unseen
C:\My_Project\AIGC\lfw\Judy_Locy\Judy_Locy_0001.jpg,real,lfw,250,250,62500,0.1718604616746495,0.0823343321681022,0.0070171682164072,0.0852277278900146,0.0007263025618158,-3.697313251157037,0.6874124307634489,1.16947603225708,252.7484130859375,934.07373046875,2.008016989990313,0.1614874538308826,8.21293830794089,0.6575065543902208,0.1436132102231022,5.319960117340088,30.86249542236328,0.2017998695373535,0.4401676070617687,1.0696113290052345,-0.3187865912914276,82.84837341308594,163.15936279296875,71.15925598144531,166.8297882080078,0.153128888265609,57.17021179199219,64.4905014038086,12.418624877929688,13.949577331542969,,80.31098937988281,95.6705322265625,0.153128888265609,11.042921835724492,4.3859064656349185,4.560910332824623,0,aiguard_unseen
C:\My_Project\AIGC\lfw\Hideki_Sato\Hideki_Sato_0001.jpg,real,lfw,250,250,62500,0.129554509686428,0.0738595202565193,0.0073535125702619,0.0995607897639274,0.0007209836039692,-4.179095606784955,1.2955063959864563,0.8942650556564331,321.2527770996094,994.4304809570312,2.042842146869618,0.1544922785379647,10.225537569252063,0.6521307042246798,0.1575448222054404,6.3258585929870605,23.128820419311523,0.2049638330936432,0.4308073253784569,1.0065412374860092,-0.3235556185245514,75.5586166381836,164.9951171875,69.57225799560547,178.50582885742188,0.1941692715685156,45.494171142578125,60.28659439086914,27.406543731689453,10.2421875,,89.4365005493164,108.9335708618164,0.1941692715685156,11.042921835724492,4.49352888240382,4.690738254809392,0,aiguard_unseen
C:\My_Project\AIGC\lfw\Andy_Dick\Andy_Dick_0001.jpg,real,lfw,250,250,62500,0.2779682504737432,0.0449241064488887,0.0045479424297809,0.1012361198663711,0.0007556580821983,-4.307590120904872,1.18312759461126,0.7633392810821533,245.34490966796875,490.3749084472656,2.040192139402857,0.1538479593285715,8.134180228531845,0.6080575517134019,0.2907984344759727,6.313828945159912,20.255739212036133,0.276705652475357,0.3026139661457584,0.7774277375927876,0.5876522064208984,41.365718841552734,134.7061767578125,65.98916625976562,166.6666259765625,0.1872863558635925,41.365718841552734,68.99260711669922,6.875778198242188,11.790916442871094,,93.34045791625977,100.67745971679688,0.1872863558635925,11.042921835724492,4.536253646404855,4.611921938689335,0,aiguard_unseen
C:\My_Project\AIGC\lfw\Manfred_Reyes_Villa\Manfred_Reyes_Villa_0001.jpg,real,lfw,250,250,62500,0.187911438702105,0.0849242284893989,0.0089481528848409,0.1053663119673729,0.0011164437746629,-4.346056462894773,1.649618419045406,0.6790155172348022,337.2181396484375,979.2052612304688,1.938431107043954,0.1838524773536946,11.317042070637092,0.6128881765607221,0.1355019576490738,6.307397842407227,26.48699378967285,0.3090899288654327,0.3839327577898402,0.8200536224594076,0.5574222803115845,55.35948944091797,135.0089874267578,70.67951965332031,167.3001251220703,0.1533757716971028,55.35948944091797,74.424072265625,23.461997985839844,9.204963684082031,,79.64949798583984,96.62060546875,0.1533757716971028,11.042921835724492,4.377635733584655,4.5707920256016585,0,aiguard_unseen
C:\My_Project\AIGC\lfw\Kwon_Yang-sook\Kwon_Yang-sook_0001.jpg,real,lfw,250,250,62500,0.2072603145548373,0.0785436928272247,0.0071176048368215,0.0906196907162666,0.0007054166053421,-3.99202786418422,1.0100397433008976,0.7645292282104492,137.76046752929688,314.2854309082031,2.111010115891003,0.1406245368662003,4.560476685133886,0.6230261542833685,0.1987855187647849,4.927238941192627,35.40900039672852,0.1398248821496963,0.4301477156442955,0.99291820185414,0.240372821688652,65.02728271484375,148.7216796875,72.10810852050781,167.54580688476562,0.1591916576262519,56.454193115234375,77.92105865478516,9.214397430419922,47.01058197021485,,83.69439697265625,95.43769836425781,0.1591916576262519,11.042921835724492,4.4271720334704545,4.558473661449596,0,aiguard_unseen
C:\My_Project\AIGC\lfw\Jim_Greenwood\Jim_Greenwood_0001.jpg,real,lfw,250,250,62500,0.1961957485678125,0.0442535355687141,0.0028437515720725,0.0642604380846023,0.0004549849545583,-4.271324641092437,1.0743307987446382,0.2393088489770889,168.1324462890625,600.7500610351562,1.932269419075508,0.1751477187099877,5.55762753924284,0.697827461722037,0.2074903329831007,4.3056159019470215,26.62606239318848,0.2131069451570511,0.416766731543806,0.7443205496087282,0.3274047970771789,52.464839935302734,149.64791870117188,56.96844482421875,169.54928588867188,0.218051513566138,52.464839935302734,41.8538703918457,22.950056076049805,5.407966613769531,,97.18307876586914,112.58084106445312,0.218051513566138,11.042921835724492,4.576596609540639,4.723671550823866,0,aiguard_unseen
C:\My_Project\AIGC\lfw\Jaymon_Crabb\Jaymon_Crabb_0001.jpg,real,lfw,250,250,62500,0.157269178036552,0.0856501758098602,0.0051203137263655,0.0597817078232765,0.0007334504043683,-4.307778469708735,1.383301356681445,0.7777004837989807,240.2823638916016,729.30859375,1.8911987238023829,0.1900883340577391,7.928528393351783,0.6119769164735813,0.1498818393711403,5.180218696594238,26.20781135559082,0.2523015737533569,0.4124917393712327,0.8526091260045592,0.4401503205299377,60.54778289794922,140.93482971191406,72.98631286621094,167.48097229003906,0.1513900392772029,56.51902770996094,66.07992553710938,27.958927154541016,8.013015747070312,,80.38704681396484,94.49465942382812,0.1513900392772029,11.042921835724492,4.386853053926383,4.548543318869154,0,aiguard_unseen
C:\My_Project\AIGC\lfw\Mark_Kelly\Mark_Kelly_0001.jpg,real,lfw,250,250,62500,0.1745680685071606,0.0724290162324905,0.0075893052853643,0.1047826632857322,0.0006168495165184,-4.019872125408929,1.0371984239347392,0.5811585187911987,120.69319152832033,299.5162048339844,1.9743984863468496,0.1757762302015782,4.0868034395198505,0.623765353500676,0.1401039482399696,4.489048004150391,22.45005226135254,0.2247390896081924,0.4296805950261246,0.8253467524708797,0.3714269995689392,50.07884216308594,148.79652404785156,63.82565307617188,177.34243774414062,0.2233361335585534,46.657562255859375,46.64589691162109,21.126876831054688,31.465133666992188,,98.71768188476562,113.51678466796875,0.2233361335585534,11.042921835724492,4.59226407816304,4.7319507085250825,0,aiguard_unseen
C:\My_Project\AIGC\lfw\Glenn_Plummer\Glenn_Plummer_0001.jpg,real,lfw,250,250,62500,0.1691065513839605,0.0665178969502449,0.0040490552783012,0.060871671885252,0.0004977792268618,-4.275850168290877,1.1022183445743172,0.2694751322269439,135.01724243164062,407.8361206054688,1.9191674214900776,0.1872875065865093,4.588802804709135,0.626808341614474,0.1438625972236289,4.135251045227051,19.609561920166016,0.3188019096851349,0.3978542549916655,0.8532923263708853,-0.5796561241149902,87.213134765625,172.52459716796875,71.0124740600586,177.09498596191406,0.1803661955050487,46.90501403808594,53.67571640014648,24.07260513305664,18.89585876464844,,85.31146240234375,106.08251190185547,0.1803661955050487,11.042921835724492,4.446308822988468,4.664217205473336,0,aiguard_unseen
C:\My_Project\AIGC\lfw\Robin_Williams\Robin_Williams_0001.jpg,real,lfw,250,250,62500,0.1868277130922197,0.0617927722632885,0.006016903091222,0.0973722785711288,0.0008542358409613,-4.006272877932081,1.05208761518413,1.2343392372131348,582.6625366210938,1698.8560791015625,2.0423258511859874,0.155877402105812,18.903345452446885,0.5423182743659802,0.1797175673578282,10.082549095153809,22.92075538635254,0.2016056925058365,0.4305471306371988,0.9143549197417552,-0.3329863250255584,81.39580535888672,163.26280212402344,68.89742279052734,169.85757446289062,0.1647262518010419,54.142425537109375,75.11804962158203,4.439079284667969,12.351806640625,,81.86699676513672,100.96015167236328,0.1647262518010419,11.042921835724492,4.405095939744184,4.614725901093313,0,aiguard_unseen
C:\My_Project\AIGC\lfw\Spencer_Abraham\Spencer_Abraham_0010.jpg,real,lfw,250,250,62500,0.2966316280795494,0.0518664084374904,0.0045743831433355,0.0881954878568649,0.0008422018727287,-4.1868617097871645,1.087273789027849,0.7154789566993713,168.3203125,562.5260009765625,1.8780568400930289,0.2057265615721436,5.568071618190203,0.749122880766359,0.3407546764359221,3.9857144355773926,29.438920974731445,0.1610943377017974,0.4109312195662949,0.8657742511110095,0.2787094414234161,62.19644927978516,147.00637817382812,73.66058349609375,170.17660522460938,0.1631360997275852,53.82339477539063,57.07305145263672,21.68736267089844,31.998550415039062,,84.80992889404297,96.51602172851562,0.1631360997275852,11.042921835724492,4.440412621958482,4.569709022838545,0,aiguard_unseen
C:\My_Project\AIGC\lfw\Bill_Readdy\Bill_Readdy_0001.jpg,real,lfw,250,250,62500,0.2647744964005611,0.0475397519767284,0.0025624830741435,0.0539019033312797,0.0004808082303497,-4.0311968372259255,0.6671996969934263,0.9285412430763244,254.93006896972656,819.0056762695312,1.9689312509204453,0.1706697717402091,8.392307248384094,0.6538992160824063,0.2186264650977607,5.294654846191406,34.899810791015625,0.3154222071170807,0.3750967113423035,0.8908019032903919,0.6330402493476868,55.85058975219727,138.00779724121094,70.45574951171875,171.84988403320312,0.1660207857950126,52.15011596679688,68.8275146484375,7.094852447509766,25.95496368408203,,82.15720748901367,101.39413452148438,0.1660207857950126,11.042921835724492,4.408634576350046,4.6190152445282235,0,aiguard_unseen
C:\My_Project\AIGC\lfw\Dorothy_Wilson\Dorothy_Wilson_0001.jpg,real,lfw,250,250,62500,0.1870563226492941,0.0827260911464691,0.0045390864834189,0.0548688657581806,0.0005394382751546,-4.0938056234121465,0.99929378221977,0.751660168170929,194.30067443847656,492.192626953125,1.9627803088142304,0.1785645077795547,6.508075080794077,0.5993219100019547,0.1344244567142635,5.119216442108154,35.84664535522461,0.2426368594169616,0.4255577766395752,0.8972847164287399,-0.3871726095676422,77.46521759033203,173.92918395996094,67.17945861816406,177.3794708251953,0.211860855219064,46.62052917480469,66.33275604248047,28.163631439208984,49.503074645996094,,96.4639663696289,110.20001220703125,0.211860855219064,11.042921835724492,4.569169533115675,4.702297007490416,0,aiguard_unseen
C:\My_Project\AIGC\lfw\Andres_Manuel_Lopez_Obrador\Andres_Manuel_Lopez_Obrador_0001.jpg,real,lfw,250,250,62500,0.1349124277783195,0.1212424635887146,0.020975723862648,0.1730064302682876,0.0012469631619751,-4.108170103500444,1.6029032004601245,0.3948799967765808,119.84817504882812,303.1236267089844,2.018677310023105,0.160539268007481,4.099952100646351,0.6595710048205796,0.1317828445556805,4.486313819885254,20.232637405395508,0.0691611841320991,0.4225482898653982,0.6375367185734421,-0.0915212705731391,73.9093017578125,155.72991943359375,68.55294036865234,165.5213165283203,0.1581236533881045,58.47868347167969,53.71979522705078,13.850963592529297,4.537193298339844,,81.82061767578125,96.96837615966797,0.1581236533881045,11.042921835724492,4.404529261675657,4.574384906375149,0,aiguard_unseen
C:\My_Project\AIGC\lfw\Chawki_Armali\Chawki_Armali_0001.jpg,real,lfw,250,250,62500,0.219684686666183,0.0362190380692482,0.0044021182693541,0.1215415596961975,0.0004909236449748,-4.163953460493624,0.9870338307979092,0.8728611469268799,252.4193420410156,690.651611328125,2.081643850302408,0.1456720192498934,8.362384579870703,0.6393506307450834,0.1631323834276292,6.065504550933838,17.504804611206055,0.2199195325374603,0.42328226465183,0.8966872970587227,-0.3615337312221527,81.58726501464844,161.0095977783203,69.44878387451172,168.50820922851562,0.1567986815179331,55.491790771484375,88.54296112060547,33.433223724365234,28.5341796875,,79.42233276367188,99.0594253540039,0.1567986815179331,11.042921835724492,4.37477959776824,4.595719926154006,0,aiguard_unseen
C:\My_Project\AIGC\lfw\Aaron_Patterson\Aaron_Patterson_0001.jpg,real,lfw,250,250,62500,0.1552326629516099,0.1500295251607895,0.0159300379455089,0.1061793565750122,0.0016373858088627,-3.2910140465601905,0.5572764309765169,1.1219205856323242,201.56329345703125,932.53662109375,2.015114681891652,0.1593823184673114,6.486546341181892,0.6942318488542185,0.2158251245050797,4.436845779418945,26.227022171020508,0.1354758292436599,0.4574977295290082,0.7737362229237957,-0.2329891473054886,77.63469696044922,156.82986450195312,72.7304458618164,164.29144287109375,0.1445150768976573,59.70855712890625,43.70047378540039,0.7191543579101562,18.20067596435547,,79.1951675415039,91.56099700927734,0.1445150768976573,11.042921835724492,4.371915281068733,4.517005384160918,0,aiguard_unseen
C:\My_Project\AIGC\lfw\Cathy_Chisholm\Cathy_Chisholm_0001.jpg,real,lfw,250,250,62500,0.2436784470057825,0.0548107698559761,0.0074537377804517,0.1359903961420059,0.0013116978807374,-3.749104502331153,0.7684084946652628,1.415015697479248,462.1088562011719,1140.1279296875,2.077580831127429,0.152156061651507,15.265872576177244,0.5272561471388588,0.1103734024137952,8.883967399597168,17.221525192260742,0.2210186421871185,0.4393912273693209,0.9940953461070058,0.3990421891212463,54.24613952636719,146.57098388671875,70.22904968261719,173.72344970703125,0.1904317676662546,50.27655029296875,70.69808197021484,24.691059112548828,37.27069854736328,,92.32484436035156,103.49440002441406,0.1904317676662546,11.042921835724492,4.525313274957099,4.639517505197331,0,aiguard_unseen
C:\My_Project\AIGC\lfw\Markus_Naslund\Markus_Naslund_0002.jpg,real,lfw,250,250,62500,0.164382849688073,0.0589996948838233,0.0086082089692354,0.1459026038646698,0.0009871589718386,-4.032098282597784,1.150980735181449,1.225469946861267,355.3746032714844,643.5966796875,2.0055327692742733,0.1755698171073026,11.623505597876257,0.4768956029192771,0.0878562894266034,8.760533332824707,24.80967903137207,0.0295172780752182,0.4059218029387092,1.0542961814906444,0.0766801238059997,66.66242218017578,154.49961853027344,69.1956558227539,170.9418182373047,0.1781149881591961,53.05818176269531,73.41454315185547,13.44122314453125,0.5311126708984375,,87.83719635009766,101.74616241455078,0.1781149881591961,11.042921835724492,4.475485059561695,4.622481107783934,0,aiguard_unseen
C:\My_Project\AIGC\lfw\Greg_Hennigar\Greg_Hennigar_0001.jpg,real,lfw,250,250,62500,0.1072903663445514,0.098580352962017,0.0120426472276449,0.1221607252955436,0.0008467595907859,-3.921209654566464,1.1909574323434535,1.0569849014282229,273.2982177734375,865.5527954101562,1.9873851074881583,0.1696055689140043,8.708876096491226,0.7341989524839359,0.3134929794144865,5.6252760887146,23.408056259155277,0.1673640757799148,0.4138693946206276,0.918278293512044,-0.2745782136917114,79.6439437866211,163.6693572998047,68.45857238769531,171.06875610351562,0.1718324122565676,52.931243896484375,54.1976318359375,7.294818878173828,4.328948974609375,,84.0254135131836,102.61018371582031,0.1718324122565676,11.042921835724492,4.431119294910379,4.630937184300547,0,aiguard_unseen
C:\My_Project\AIGC\lfw\Van_Hilley\Van_Hilley_0001.jpg,real,lfw,250,250,62500,0.2334134857896427,0.0751687064766883,0.0082131745293736,0.1092632114887237,0.0013110056752339,-3.797425217300427,0.9180996685181504,1.036569595336914,180.852783203125,538.2603759765625,2.076393880226828,0.1471984010098229,5.953527239150498,0.6356306831931849,0.1782306659735636,5.343069076538086,32.627525329589844,0.0973868370056152,0.404992089828816,0.8313942946136004,-0.1612869352102279,69.80360412597656,160.9883575439453,67.16494750976562,171.6469268798828,0.1898749108236095,52.35307312011719,53.7606201171875,0.4530410766601562,14.825973510742188,,91.18475341796875,104.48197937011719,0.1898749108236095,11.042921835724492,4.512887705670027,4.649014610315333,0,aiguard_unseen
C:\My_Project\AIGC\lfw\Manuel_Llorente\Manuel_Llorente_0001.jpg,real,lfw,250,250,62500,0.1370117124655821,0.0837974324822425,0.0059237815439701,0.0706916823983192,0.0006651353323832,-3.84001129995009,0.9002999513047482,1.1414142847061155,402.1891479492188,1257.1519775390625,2.0156811014039127,0.1608046754505772,12.928039012003673,0.6633867867234191,0.2030216056858404,7.078944206237793,28.365154266357425,0.2638770937919616,0.4150028865489185,0.8950772790429642,0.4742262661457062,48.993263244628906,149.44227600097656,68.97840881347656,193.18284606933597,0.2486490175045599,30.817153930664062,64.59703826904297,15.607166290283203,12.18829345703125,,100.44901275634766,124.2044372558594,0.2486490175045599,11.042921835724492,4.609650263003066,4.821928895558936,0,aiguard_unseen
C:\My_Project\AIGC\lfw\Jim_Wall\Jim_Wall_0001.jpg,real,lfw,250,250,62500,0.1273268551597116,0.0754458755254745,0.0073644844815135,0.0976128131151199,0.0005948497564531,-4.126175185342364,1.22433361444111,0.8177196979522705,262.3251647949219,758.9246215820312,2.0304776398976982,0.1632561808772406,8.450277008310236,0.5878128755417724,0.1098416021181558,6.410955429077148,30.57253837585449,0.0963596627116203,0.4123479526511172,1.185202053574959,-0.1632087081670761,69.52908325195312,164.1217041015625,68.58670806884766,172.0371551513672,0.1950264851243492,51.96284484863281,48.04652786254883,16.56929588317871,9.471633911132812,,94.59262084960938,103.45044708251953,0.1950264851243492,11.042921835724492,4.5495794693114675,4.639092725907873,0,aiguard_unseen
C:\My_Project\AIGC\lfw\Allan_Wagner\Allan_Wagner_0001.jpg,real,lfw,250,250,62500,0.2257621807641828,0.0533999241888523,0.004645908717066,0.087002158164978,0.0007040044292807,-4.13360136554548,1.0239083101651267,1.1769919395446775,509.43310546875,1683.60595703125,2.0170672101619127,0.1620406858228932,16.86323984302857,0.6333792323964444,0.1993375728566656,8.011308670043945,27.201396942138672,0.2493508905172348,0.3914148935861859,0.8440362498714807,-0.3896673023700714,83.5604019165039,165.75057983398438,70.19461059570312,166.48434448242188,0.1577262109330409,57.515655517578125,88.6138687133789,17.115161895751953,14.003639221191406,,82.19017791748047,96.28973388671875,0.1577262109330409,11.042921835724492,4.409035804867647,4.567361707583598,0,aiguard_unseen
C:\My_Project\AIGC\lfw\Jessica_Capshaw\Jessica_Capshaw_0001.jpg,real,lfw,250,250,62500,0.2017385280398319,0.0986222103238105,0.0086078271269798,0.0872808173298835,0.0010661139385774,-4.005256714852268,1.129061051904046,0.5466508269309998,94.6434555053711,271.1390686035156,2.013268455418831,0.158345982314447,3.2200839681440425,0.6970415902574225,0.2023010163117031,3.508552312850952,18.245548248291016,0.096616230905056,0.4279868910017924,0.9143075069641984,-0.1756127476692199,72.36414337158203,158.48602294921875,68.572998046875,167.83905029296875,0.1703798429066781,56.16094970703125,50.46064758300781,8.326858520507812,14.805442810058594,,86.12187957763672,99.26605224609375,0.1703798429066781,11.042921835724492,4.455763497358285,4.597803641966543,0,aiguard_unseen
C:\My_Project\AIGC\lfw\Charlie_Coles\Charlie_Coles_0001.jpg,real,lfw,250,250,62500,0.1216816331414237,0.0763405114412307,0.0030388506129384,0.0398065261542797,0.0001773199037415,-4.06885683104021,0.7356453531766484,-0.1818197071552276,51.924598693847656,105.70791625976562,1.8284577136741784,0.2086003322196176,1.858763561865188,0.6771621543873092,0.1531558620431811,2.5971133708953857,33.296661376953125,0.1530589312314987,0.4018866649612573,0.920322014962974,-0.235635295510292,75.1982192993164,163.2996063232422,68.52250671386719,172.0345916748047,0.1817514002470711,51.96540832519531,33.27265930175781,8.176750183105469,9.705924987792969,,88.10138702392578,103.5120849609375,0.1817514002470711,11.042921835724492,4.4784882765631036,4.639688368796775,0,aiguard_unseen
C:\My_Project\AIGC\stylegan2_test\fake\U5EFG056M1.jpg,fake,stylegan2_ood,256,256,65536,0.1848423917450539,0.1656234264373779,0.0135484524071216,0.0818027555942535,0.0014357174513861,-3.091426327172369,0.2483527488606236,1.5748519897460938,203.9421844482422,455.3009033203125,2.2057715024492337,0.1202892571973184,6.337794321329631,0.5977985676217485,0.1442994874604871,5.9875688552856445,45.52433776855469,0.1575576514005661,0.4457535823869329,0.9762665596695214,-0.2830327451229095,60.26482391357422,181.95706176757807,59.53849029541016,204.94712829589844,0.3526606856182671,19.05287170410156,64.05764770507812,18.515499114990234,46.485084533691406,0.8355112747151345,121.69223785400385,145.40863800048828,0.3526606856182671,11.090354888959125,4.801495216973389,4.979547971866358,1,stylegan2_ood
C:\My_Project\AIGC\stylegan2_test\fake\4XFOYTTUPB.jpg,fake,stylegan2_ood,256,256,65536,0.1298186068130194,0.1209249943494796,0.0115998154506087,0.0959257036447525,0.0009341477416455,-3.311620760471891,0.4346903185726821,1.5013846158981323,237.98660278320312,552.4851684570312,2.106354520855164,0.1468299975349525,7.659018351800553,0.5368926286038951,0.0867001933672175,6.525376319885254,44.08991622924805,0.0883272141218185,0.4225371104706146,0.99262826095267,-0.1599892228841781,52.62990188598633,182.05364990234372,65.39778137207031,209.55389404296875,0.3718356266210138,14.44610595703125,79.80193328857422,17.313587188720703,22.95404052734375,0.8287827267512426,129.4237480163574,144.15611267089844,0.3718356266210138,11.090354888959125,4.863091889311448,4.970896828117005,1,stylegan2_ood
C:\My_Project\AIGC\stylegan2_test\fake\7CBS9F90L7.jpg,fake,stylegan2_ood,256,256,65536,0.2382277017146705,0.1364029794931411,0.0196791160851717,0.144271895289421,0.0026351092383265,-3.074109563181456,0.4058513929617751,1.5741374492645264,193.3531188964844,402.2077941894531,2.1911136443252475,0.1244124976956114,6.092380251615877,0.5472036252510961,0.1439426520348543,6.43092679977417,39.241886138916016,0.048056349158287,0.4282224894390281,1.0144028283068125,-0.0707630217075347,52.780574798583984,178.01287841796875,59.525489807128906,204.871826171875,0.3627642005260504,19.128173828125,77.86734008789062,5.329463958740234,40.71988296508789,0.8055158881987339,125.23230361938477,145.3463363647461,0.3627642005260504,11.090354888959125,4.8301704415148325,4.979119421078316,1,stylegan2_ood
C:\My_Project\AIGC\stylegan2_test\fake\Z73VI0WTVM.jpg,fake,stylegan2_ood,256,256,65536,0.0997649639904597,0.1472664624452591,0.014268877916038,0.0968915671110153,0.0008286876254715,-3.151783067302912,0.321546349632386,1.6262893676757812,238.5355987548828,648.8761596679688,2.221772310017516,0.1177960300088077,7.489981821329632,0.5520556481223158,0.1097559767783028,7.02907133102417,31.934946060180664,0.0363139361143112,0.4226052304318826,0.9061921012696688,-0.0432332642376422,52.35558319091797,176.5770263671875,64.58970642089844,212.34686279296875,0.3658045122002611,11.65313720703125,50.39520263671875,26.17413711547852,3.643104553222656,0.8151247377242612,124.22144317626953,147.7571563720703,0.3658045122002611,11.090354888959125,4.822065804969559,4.995570090795609,1,stylegan2_ood
C:\My_Project\AIGC\stylegan2_test\fake\123FWZN0VE.jpg,fake,stylegan2_ood,256,256,65536,0.107022998017418,0.1099334135651588,0.0111020719632506,0.1009890660643577,0.0007278931443579,-3.1942854972727006,0.2859277845610792,1.5335928201675415,220.50457763671875,445.3239135742188,2.062389760211096,0.1575296100900849,6.916660318559551,0.5271185855616866,0.0918850958120145,6.410274505615234,28.36785316467285,0.2645325362682342,0.4018582213466769,0.906240523675601,-0.4900688827037811,63.31058120727539,195.4463806152344,54.261680603027344,210.472900390625,0.4113738521031289,13.527099609375,67.119384765625,13.988395690917969,41.76740264892578,0.8218281353381087,132.135799407959,156.21121978759766,0.4113738521031289,11.090354888959125,4.883830177145038,5.051209064452067,1,stylegan2_ood
C:\My_Project\AIGC\stylegan2_test\fake\CD1FX6IY80.jpg,fake,stylegan2_ood,256,256,65536,0.1607899810927052,0.1015379428863525,0.0084691476076841,0.083408698439598,0.0010215345537289,-3.3288326397712,0.3677103059868395,1.641341209411621,347.3591003417969,660.7344970703125,2.067452326109809,0.1620742737477345,10.943049976915953,0.4388518566981486,0.0821372663452213,8.968456268310547,50.3246955871582,0.0814883932471275,0.4768037272177392,0.8183872421783522,0.1434162408113479,52.2925033569336,162.45103454589844,60.312232971191406,196.98963928222656,0.3000674092383009,27.01036071777344,83.7354736328125,8.378376007080078,13.52057647705078,0.8530175732249745,110.15853118896484,136.67740631103516,0.3000674092383009,11.090354888959125,4.7019205208980015,4.9176234507064525,1,stylegan2_ood
C:\My_Project\AIGC\stylegan2_test\fake\OTNVNGWUCW.jpg,fake,stylegan2_ood,256,256,65536,0.0914272961078296,0.2526490986347198,0.0213823243975639,0.0846324935555458,0.001403589034453,-2.7024388568366486,0.2109408724516933,1.6522350311279297,157.9658203125,241.75999450683597,2.214719521116188,0.1196804547101346,4.763053728070176,0.5188768709412915,0.0997463055425368,6.544825553894043,59.74622344970703,0.0963231399655342,0.425327569723325,1.0476807011229208,-0.1793831586837768,54.42591094970703,181.14529418945312,61.2270622253418,207.58837890625,0.369635199696306,16.41162109375,48.49363327026367,25.38625144958496,46.59422302246094,0.8097204559881561,126.7193832397461,146.3613166809082,0.369635199696306,11.090354888959125,4.841975060943682,4.986078336290564,1,stylegan2_ood
C:\My_Project\AIGC\stylegan2_test\fake\14V3XRNJ7Q.jpg,fake,stylegan2_ood,256,256,65536,0.1008842542688646,0.1537015438079834,0.0199451465159654,0.1297654211521148,0.001147242845036,-2.9414877559727106,0.2158812363699727,1.9097447395324707,328.7223815917969,696.0706176757812,2.1843794982925373,0.1253343706873743,9.826133714219752,0.5601270589282776,0.1188609778573665,7.984643936157227,42.90321350097656,0.2867734730243683,0.3970364159021268,0.8131894856728012,0.5370244383811951,28.914459228515625,157.14617919921875,61.37305450439453,205.4358367919922,0.3681724002810824,18.56416320800781,74.42666625976562,17.161457061767578,49.025634765625,0.803563095595738,128.23171997070312,144.06278228759766,0.3681724002810824,11.090354888959125,4.853838939550398,4.970249192669119,1,stylegan2_ood
C:\My_Project\AIGC\stylegan2_test\fake\EEMVMRAM90.jpg,fake,stylegan2_ood,256,256,65536,0.1030759255896183,0.1110727787017822,0.0125822713598608,0.1132795214653015,0.0006737159565091,-3.275881606951406,0.4360155425681424,1.590510368347168,252.14833068847656,539.0711059570312,2.1228004253402077,0.1398385058636965,7.9851142659279635,0.582376071978319,0.1050909444291499,6.549642086029053,48.06342315673828,0.0465081334114074,0.4327334010406151,0.9931209268848992,-0.0997240766882896,51.29689407348633,178.4998321533203,65.88967895507812,208.48802185058597,0.3615060622932122,15.511978149414062,64.75584411621094,11.356365203857422,33.81339263916016,0.8197555959791387,127.20293807983398,142.59834289550784,0.3615060622932122,11.090354888959125,4.845783748751167,4.960031887264063,1,stylegan2_ood
C:\My_Project\AIGC\stylegan2_test\fake\DV7Z4Z4AJR.jpg,fake,stylegan2_ood,256,256,65536,0.1642208426551666,0.1570619791746139,0.0162147935479879,0.1032381877303123,0.0014473242918029,-3.098263268868162,0.3383207162167266,1.5295217037200928,177.83697509765625,416.2032470703125,2.183854655334877,0.1266113004799636,5.504273141735915,0.5216148558204742,0.0974436297605366,6.290702819824219,36.59285354614258,0.0356838479638099,0.41032323255467,0.9774360167777634,0.0698169097304344,45.655311584472656,173.77207946777344,63.75085067749024,212.85752868652344,0.3807211745921033,11.142471313476562,55.79725646972656,18.796283721923828,25.05760955810547,0.811051937760876,128.11676788330078,149.1066780090332,0.3807211745921033,11.090354888959125,4.8529420971615895,5.0046620095606835,1,stylegan2_ood
C:\My_Project\AIGC\stylegan2_test\fake\43IWZM2P98.jpg,fake,stylegan2_ood,256,256,65536,0.1526979891820987,0.2024025022983551,0.0286541990935802,0.1415703743696212,0.0025602537207305,-2.729931485122863,0.1607059717467339,2.0117297172546387,304.7754821777344,599.9822998046875,2.2045674677862244,0.1211941896603039,8.854990766389655,0.5410603655752879,0.1084508139625082,8.029019355773926,65.45124816894531,0.3231932818889618,0.3800553354008814,0.8354483325988509,0.6464630961418152,24.78835678100586,156.093994140625,62.40137481689453,206.15513610839844,0.3761893983024447,17.844863891601562,75.4906005859375,8.47884750366211,10.109024047851562,0.7968301371259869,131.30563735961914,143.7537612915039,0.3761893983024447,11.090354888959125,4.877527715342282,4.9681018448412635,1,stylegan2_ood
C:\My_Project\AIGC\stylegan2_test\fake\TPB2O0VS4E.jpg,fake,stylegan2_ood,256,256,65536,0.15411005741609,0.1912929266691208,0.0219329353421926,0.114656277000904,0.0022606421262025,-2.7977595082729128,0.1508147564875118,1.9370574951171875,295.276123046875,539.7800903320312,2.1881713893845327,0.1265440642560635,8.822153739612178,0.4644918723180367,0.0745644046043191,8.537137031555176,40.57111358642578,0.3159532248973846,0.38801143902109,1.021740466711896,0.6465025544166565,28.860801696777344,153.2755889892578,61.65788650512695,217.68365478515625,0.3868764503488857,6.31634521484375,,,,0.816729335356797,124.41478729248047,156.0257682800293,0.3868764503488857,11.090354888959125,4.823621042151345,5.05002117489085,1,stylegan2_ood
C:\My_Project\AIGC\stylegan2_test\fake\F4ZB49CPAA.jpg,fake,stylegan2_ood,256,256,65536,0.1490477479145975,0.1150705069303512,0.0129353906959295,0.1124127358198165,0.0012923561735078,-3.2986841767264865,0.400138975650074,1.737886667251587,389.2413635253906,730.1857299804688,2.1041805415554045,0.1481927572216207,12.443371133425652,0.4580237644643035,0.0714342330202066,9.10543727874756,16.855695724487305,0.0641044974327087,0.4036052316277226,0.9488250634028924,0.0946255698800087,40.94991683959961,174.8402557373047,65.96541595458984,212.6870880126953,0.3915141580735349,11.312911987304688,74.39656066894531,13.313720703125,38.43761444091797,0.8125933110650578,133.89033889770508,146.72167205810547,0.3915141580735349,11.090354888959125,4.897021098471258,4.9885374046952995,1,stylegan2_ood
C:\My_Project\AIGC\stylegan2_test\fake\08NKI2D7QQ.jpg,fake,stylegan2_ood,256,256,65536,0.0963413937908228,0.1238384321331977,0.0089763076975941,0.072484016418457,0.0004959327634423,-3.327367861935999,0.3875231145613542,1.306487202644348,163.26710510253906,437.1141662597656,2.157040635928901,0.1280529700632345,5.3822648314866095,0.6825845878389571,0.2047678627997535,4.5916619300842285,54.65357208251953,0.1087557524442672,0.4439832753741762,0.9164765028523651,0.1995407044887542,46.505821228027344,165.45887756347656,61.75817489624024,202.7098388671875,0.3341563939913783,21.2901611328125,46.4783821105957,10.277595520019531,3.4725494384765625,0.7953789691957169,118.95305633544922,140.95166397094727,0.3341563939913783,11.090354888959125,4.778728930705963,4.948417022889142,1,stylegan2_ood
C:\My_Project\AIGC\stylegan2_test\fake\F1MB4QAQJ8.jpg,fake,stylegan2_ood,256,256,65536,0.0835407234757072,0.1127441525459289,0.0128792952746152,0.1142347082495689,0.000532989972271,-3.2719255344589877,0.4464684053182926,1.1348867416381836,104.0881118774414,266.62353515625,2.21621955891157,0.1168179319382508,3.477442289935361,0.6726112180399185,0.1818633792465029,4.363563060760498,39.705345153808594,0.0948797911405563,0.4170588271526082,0.7950736041248858,0.1590873003005981,42.35784912109375,170.0265655517578,66.7183609008789,210.35317993164065,0.3654670157128521,13.646820068359377,46.58708572387695,8.855167388916016,17.05139923095703,0.7895467391714384,127.66871643066406,143.63481903076175,0.3654670157128521,11.090354888959125,4.8494387559763155,4.967274099581518,1,stylegan2_ood
C:\My_Project\AIGC\stylegan2_test\fake\0NUWGD5JNA.jpg,fake,stylegan2_ood,256,256,65536,0.1359462262769011,0.1461022496223449,0.0161865316331386,0.1107890754938125,0.0011643763864412,-3.020553903337145,0.3194907133383363,1.6660887002944946,221.1918792724609,557.0101318359375,2.156906415551075,0.1331971433449665,6.9228220221606485,0.5622944592881159,0.1021846866322466,6.407197952270508,40.54508972167969,0.0416053459048271,0.4561625830347791,0.83322134897437,-0.0767168626189231,55.75388717651367,173.21994018554688,65.87742614746094,191.7745056152344,0.2947351923318706,32.225494384765625,54.10558319091797,25.33838653564453,28.994178771972656,0.789123777517851,117.4660530090332,125.89707946777347,0.2947351923318706,11.090354888959125,4.766149381280098,4.8354647435435405,1,stylegan2_ood
C:\My_Project\AIGC\stylegan2_test\fake\XW2LC4I8ED.jpg,fake,stylegan2_ood,256,256,65536,0.0662969477778679,0.139252096414566,0.0136909857392311,0.0983179882168769,0.0003797014651354,-3.4064769028355832,0.6508361117092575,0.966925859451294,92.45933532714844,242.146728515625,2.1236652025055625,0.1385532627002441,3.155721664358261,0.649963419891176,0.1325102788225183,3.876781225204468,33.644264221191406,0.0315308757126331,0.4111658493608704,1.0120580254670928,-0.0490700230002403,49.41033172607422,178.90318298339844,62.33286285400391,210.4832763671875,0.3823425434624872,13.5167236328125,45.17013168334961,15.720695495605469,8.703536987304688,0.8158447591584377,129.49285125732422,148.1504135131836,0.3823425434624872,11.090354888959125,4.8636256769697255,4.998228065194779,1,stylegan2_ood
C:\My_Project\AIGC\stylegan2_test\fake\IYDTDJ5XFQ.jpg,fake,stylegan2_ood,256,256,65536,0.1191142804089216,0.1524955332279205,0.0141394361853599,0.0927203297615051,0.0009590000845491,-3.025473239278037,0.1826651339384187,1.5344767570495603,179.76417541503906,328.316650390625,2.164756005653646,0.1318414712736677,5.694300554016617,0.5480536410128015,0.1000336978745513,6.303706169128418,30.43349838256836,0.0841324105858802,0.428656070935832,1.1217250778226269,0.1497226804494857,44.66619491577149,168.1020965576172,63.04922103881836,203.58090209960935,0.3457161742861733,20.419097900390625,57.68593215942383,19.404815673828125,42.18739318847656,0.7808446489267951,123.4359016418457,140.531681060791,0.3457161742861733,11.090354888959125,4.815722006287317,4.945432951332368,1,stylegan2_ood
C:\My_Project\AIGC\stylegan2_test\fake\AG15F9LFOL.jpg,fake,stylegan2_ood,256,256,65536,0.1654603082504551,0.1592285484075546,0.0133766829967498,0.0840093195438385,0.0012258130591362,-3.083568039481364,0.3001987156482536,1.518080234527588,194.77040100097656,457.2185363769531,2.1191811466005905,0.1434116474741054,6.180580274699903,0.5645747490183884,0.0933475795125667,5.807491779327393,30.053791046142575,0.2891606390476227,0.378142756720332,1.0093144517845267,0.5503243207931519,20.258281707763672,160.0373077392578,59.20966720581055,214.61260986328125,0.4329175694971577,9.38739013671875,,,,0.7818674549382933,139.77902603149414,155.4029426574707,0.4329175694971577,11.090354888959125,4.940062790157302,5.046021373774023,1,stylegan2_ood
C:\My_Project\AIGC\stylegan2_test\fake\Z282JCP1SK.jpg,fake,stylegan2_ood,256,256,65536,0.155295267341782,0.1210216283798217,0.0171133894473314,0.141407698392868,0.0016509023262187,-3.034766513683872,0.2840650039782266,1.844010591506958,321.98797607421875,481.6206665039063,2.193795996879507,0.125042222232334,10.140541320406257,0.4538935478277476,0.078979105091596,9.519025802612305,36.51605224609375,0.0553263090550899,0.4315750673270083,0.7078881192723964,-0.0799060761928558,51.927825927734375,178.14584350585938,59.32448196411133,190.1363220214844,0.329057938611854,33.863677978515625,82.28783416748047,28.00330352783203,43.57392883300781,0.8190327913481497,126.218017578125,130.81184005737308,0.329057938611854,11.090354888959125,4.838010709949128,4.87375995524269,1,stylegan2_ood
C:\My_Project\AIGC\stylegan2_test\fake\OWQU9KWSDE.jpg,fake,stylegan2_ood,256,256,65536,0.1453873846494594,0.1433795094490051,0.0067544719204306,0.0471090488135814,0.0009701969102025,-3.214374856961072,0.2250531914971176,1.6451817750930786,309.4281005859375,786.5538940429688,2.062263456275626,0.1569393806187424,9.960696849030445,0.574395457794451,0.1056625675036409,6.170166015625,72.08059692382812,0.0299655348062515,0.4243765336658978,0.9627532626714826,-0.0498296543955802,51.35258483886719,175.92034912109375,61.64103698730469,206.4991455078125,0.3596271268445434,17.5008544921875,65.1680679321289,35.918540954589844,32.016448974609375,0.8090266272033126,124.56776428222656,144.8581085205078,0.3596271268445434,11.090354888959125,4.824849859255419,4.975754701388738,1,stylegan2_ood
C:\My_Project\AIGC\stylegan2_test\fake\9WK8LPHD3E.jpg,fake,stylegan2_ood,256,256,65536,0.0528370259191654,0.1274471879005432,0.0125179225578904,0.0982204675674438,0.0004721400036942,-3.022414143692843,0.2419353909414092,1.47752583026886,200.5792388916016,398.5408020019531,2.187805136745321,0.1254933074036026,6.525224492151434,0.5663860048046011,0.1369161744334525,6.487789630889893,25.70442771911621,0.0951211899518966,0.4381205857818054,1.0480670325595618,-0.1772867143154144,56.59739685058594,178.21286010742188,65.85110473632812,201.26084899902344,0.3282031006456747,22.73915100097656,70.03389739990234,7.617671966552734,17.199249267578125,0.7998089840348293,121.61546325683594,135.4097442626953,0.3282031006456747,11.090354888959125,4.800864126388376,4.908305324378337,1,stylegan2_ood
C:\My_Project\AIGC\stylegan2_test\fake\WUT5EY2JIY.jpg,fake,stylegan2_ood,256,256,65536,0.1207777024057764,0.1312632262706756,0.0134579567238688,0.1025264784693718,0.000906741071958,-3.2132781246418216,0.3210947825184518,1.5963010787963867,246.8070068359375,482.1136474609375,2.1099674934700734,0.144739272543809,7.752337546168062,0.5416667297894315,0.1142871529724442,6.810144424438477,84.68295288085938,0.2589147984981537,0.4094656324505885,0.765581848495733,0.4279098212718963,40.507904052734375,155.00460815429688,64.93099212646484,205.3743896484375,0.3204780398814457,18.6256103515625,85.79907989501953,17.419883728027344,21.051307678222656,0.8188050772525557,114.4967041015625,140.44339752197266,0.3204780398814457,11.090354888959125,4.740546037440802,4.944804542989757,1,stylegan2_ood
C:\My_Project\AIGC\stylegan2_test\fake\IC85O7PHBL.jpg,fake,stylegan2_ood,256,256,65536,0.1934891330081929,0.1611580699682235,0.0148003166541457,0.0918372571468353,0.0016311970539391,-3.1859076419254264,0.3821979056083444,1.3104172945022583,124.58747100830078,252.85104370117188,2.1634578330935432,0.1323974582365481,4.011626269621421,0.5708021338112296,0.1192609476725653,5.164470672607422,59.32633590698242,0.2144195139408111,0.4185697567060677,1.0161102658523036,0.3871814608573913,33.27987289428711,163.09487915039062,58.05158233642578,211.40496826171875,0.3967548380358451,12.59503173828125,46.83191680908203,10.201053619384766,39.30424118041992,0.8031738136728421,129.81500625610352,153.35338592529297,0.3967548380358451,11.090354888959125,4.866110408189321,5.032744970038014,1,stylegan2_ood
C:\My_Project\AIGC\stylegan2_test\fake\BHGQ1Z0DTF.jpg,fake,stylegan2_ood,256,256,65536,0.1841373984645943,0.2371796220541,0.0258650928735733,0.109052762389183,0.0029368833638727,-2.799700795958446,0.2120369704044755,1.655692219734192,155.017822265625,236.40382385253903,2.2165363274713767,0.1192567079378038,4.584936518928901,0.5165954994528099,0.1021326833811283,6.58566427230835,66.38633728027344,0.0158697795122861,0.4604093021250852,1.0830680035961222,0.0308520942926406,50.48640060424805,170.7936553955078,62.906646728515625,208.7317352294922,0.3496455691415217,15.268264770507812,49.66793823242188,1.7083053588867188,34.94120788574219,0.7662945845262072,120.30725479125977,145.82508850097656,0.3496455691415217,11.090354888959125,4.790048926991568,4.982407879538036,1,stylegan2_ood
C:\My_Project\AIGC\stylegan2_test\fake\T813CVV5NU.jpg,fake,stylegan2_ood,256,256,65536,0.1299564818580886,0.1736039221286773,0.0216926969587802,0.1249551102519035,0.00165431573987,-2.923955427657288,0.2306034939836266,1.7332658767700195,223.4757080078125,362.0030517578125,2.1956616434779783,0.1244155354720262,6.877680343951973,0.4939249255382621,0.0853574412327072,7.799793243408203,42.28536605834961,0.0436076410114765,0.4454879291963196,0.8840630976725379,-0.0790829211473465,54.01009368896485,175.4042510986328,62.845001220703125,193.037109375,0.3149824870611294,30.962890625,63.650386810302734,10.176395416259766,31.278060913085938,0.8048812634660543,121.39415740966797,130.19210815429688,0.3149824870611294,11.090354888959125,4.799042750693528,4.869011114683163,1,stylegan2_ood
C:\My_Project\AIGC\stylegan2_test\fake\DB6A5M5QA3.jpg,fake,stylegan2_ood,256,256,65536,0.1737271937415581,0.1002746224403381,0.0150919007137417,0.1505056917667389,0.0016278888797387,-3.247262894661211,0.4140626704111271,1.734418869018555,373.35491943359375,697.8291625976562,2.1646607737194543,0.1316029041422153,11.66398718836562,0.4480873356913717,0.0770319748281015,9.460478782653809,21.916263580322266,0.1466478109359741,0.4305928916196672,0.9313382155237632,0.2490092366933822,41.25823211669922,164.68463134765625,61.735130310058594,207.05213928222656,0.3574608411281761,16.947860717773438,73.72148895263672,18.19257354736328,19.46166229248047,0.8285653201440937,123.42639923095703,145.31700897216797,0.3574608411281761,11.090354888959125,4.815645020770616,4.978917624786158,1,stylegan2_ood
C:\My_Project\AIGC\stylegan2_test\fake\G4JR7EAO9V.jpg,fake,stylegan2_ood,256,256,65536,0.1266517542640035,0.1936059743165969,0.0220450107008218,0.1138653457164764,0.0017777470638975,-2.780375250394516,0.1306875812027721,1.943533182144165,304.2525329589844,511.1435852050781,2.1676173015728684,0.1308319523949168,9.114128289473683,0.5027232296736741,0.0893083650834314,8.259123802185059,39.34965896606445,0.2444241046905517,0.4186128603919192,0.9457847291018624,0.4378354847431183,31.73457717895508,160.6244354248047,54.6864128112793,206.77178955078125,0.3906700942526515,17.22821044921875,65.03904724121094,17.627986907958984,40.61378479003906,0.8211912499453433,128.8898582458496,152.08537673950195,0.3906700942526515,11.090354888959125,4.8589582276088805,5.024442052233684,1,stylegan2_ood
C:\My_Project\AIGC\stylegan2_test\fake\X8OHRJVFH7.jpg,fake,stylegan2_ood,256,256,65536,0.1135771952489568,0.1381319314241409,0.0094511955976486,0.0684215128421783,0.0006709035951644,-3.184623470188924,0.3024177305234566,1.4033997058868408,159.76397705078125,406.7095947265625,2.1509015298155325,0.1323859529761362,5.108365939519851,0.6328685691904617,0.1306352145098149,4.9102277755737305,37.03298568725586,0.1446451544761657,0.4223635774903142,0.9272981592432658,-0.2455854266881942,57.28175354003906,182.84375,61.78770446777344,208.0950469970703,0.3661240837199033,15.904953002929688,48.9288215637207,18.74100685119629,24.744186401367188,0.7968603726139563,125.56199645996094,146.30734252929688,0.3661240837199033,11.090354888959125,4.832799632293033,4.985709494936871,1,stylegan2_ood
C:\My_Project\AIGC\stylegan2_test\fake\ZGW1WZBEWF.jpg,fake,stylegan2_ood,256,256,65536,0.1453438567553778,0.1241384372115135,0.0084543516859412,0.0681042224168777,0.0008858594228513,-3.5345316523855828,0.6330153280878577,1.5232878923416138,321.5990905761719,807.973876953125,2.167557263897817,0.1268173330577896,10.220050496306536,0.6247128033862472,0.1597097084306276,6.790894985198975,27.661651611328125,0.1770075261592865,0.4411681585551478,0.8875969266105516,0.2994316220283508,43.17206573486328,161.14633178710938,62.23815155029297,209.3614654541016,0.3459176693434317,14.638534545898438,81.72936248779297,14.527420043945312,0.3693771362304687,0.8113040053266936,117.9742660522461,147.12331390380862,0.3459176693434317,11.090354888959125,4.770466516378826,4.991271105217804,1,stylegan2_ood
C:\My_Project\AIGC\stylegan2_test\fake\JNL9S7I5PB.jpg,fake,stylegan2_ood,256,256,65536,0.1449743983345595,0.1105524078011512,0.008365518413484,0.0756701603531837,0.0005760638159699,-3.5200560428995336,0.5483639183938326,1.395075798034668,233.35215759277344,673.281494140625,2.200264822338809,0.1202950539165911,7.575587488457968,0.6126714794654282,0.1753973982556636,5.946273326873779,32.61024475097656,0.0190909914672374,0.4416833882459842,0.751143327430278,-0.0287436321377754,53.43173599243164,171.91659545898438,63.88850402832031,206.82977294921875,0.3375393845675895,17.17022705078125,66.00830841064453,20.2641716003418,4.810882568359375,0.8213829725029953,118.48485946655273,142.94126892089844,0.3375393845675895,11.090354888959125,4.774785184197388,4.962433839049886,1,stylegan2_ood
C:\My_Project\AIGC\stylegan2_test\fake\R4I7TCE1QT.jpg,fake,stylegan2_ood,256,256,65536,0.1271839136087523,0.1190379410982132,0.0119752567261457,0.1006003320217132,0.0007451290730386,-3.12418445874564,0.2341929672913758,1.3710557222366333,151.97557067871094,378.9813232421875,2.1147066460400428,0.1433282269879412,4.7555219875346255,0.5833304494989928,0.1038412417547547,5.230749607086182,33.83427047729492,0.1599406599998474,0.4314535306774216,0.8614920633814562,-0.2578979134559631,58.504276275634766,183.199462890625,62.51108551025391,210.08018493652344,0.3667322303803557,13.919815063476562,56.95611953735352,25.103519439697266,48.55802154541016,0.8129330713574383,124.69518661499023,147.56909942626953,0.3667322303803557,11.090354888959125,4.825872252221598,4.9942965367683145,1,stylegan2_ood
C:\My_Project\AIGC\stylegan2_test\fake\6Q9J0FPV3U.jpg,fake,stylegan2_ood,256,256,65536,0.0560943926973217,0.150712102651596,0.0198824163526296,0.1319231688976287,0.0004392739501781,-3.0763971180868466,0.3923510377806668,1.3900364637374878,129.97755432128906,317.4736022949219,2.192929353569798,0.1219364652431095,4.041909048938133,0.652804858115189,0.1422810262855988,4.891721248626709,32.737213134765625,0.0743867456912994,0.437914930506271,0.8491183402704394,0.1152237877249717,45.657936096191406,169.18173217773438,59.88720703125,205.51898193359372,0.3585178106271978,18.48101806640625,52.9725456237793,12.528751373291016,22.814239501953125,0.767825916149171,123.52379608154297,145.63177490234372,0.3585178106271978,11.090354888959125,4.816433818329677,4.981081346172356,1,stylegan2_ood
C:\My_Project\AIGC\stylegan2_test\fake\21LE3J0NRR.jpg,fake,stylegan2_ood,256,256,65536,0.1224287885622032,0.1664566695690155,0.0210053548216819,0.1261911243200302,0.0015685043763369,-2.92597933688626,0.1979318796240902,1.5783967971801758,168.49766540527344,463.7940368652344,2.157244844467065,0.1319742063739209,5.2098972760849485,0.609660497252403,0.1429346483571041,5.546779632568359,30.287181854248047,0.1081408113241195,0.4165747445029511,0.7088068328524929,-0.183194950222969,52.95397567749024,183.01600646972656,63.03842544555664,199.122802734375,0.3527465415593231,24.877197265625,40.59809112548828,13.117740631103516,6.582847595214844,0.7783927220893894,130.06203079223633,136.08437728881836,0.3527465415593231,11.090354888959125,4.868011496591258,4.913275114595673,1,stylegan2_ood
C:\My_Project\AIGC\stylegan2_test\fake\3Q88DA8XO0.jpg,fake,stylegan2_ood,256,256,65536,0.130791276816623,0.1773739606142044,0.0145951425656676,0.0822845846414566,0.0011310669360682,-3.171986326079644,0.4539498548943353,1.5215678215026855,180.0589599609375,429.2706604003906,2.2133329244803237,0.1176211886582698,5.709482052169896,0.6278358318189156,0.1131284457185788,5.655506134033203,55.929664611816406,0.0941487476229667,0.4605972324916817,0.9834021828014788,0.1809006631374359,46.98974609375,165.2228240966797,60.12802505493164,207.0501251220703,0.3462024098691057,16.949874877929688,55.52874755859375,6.209400177001953,3.357391357421875,0.8228260558482141,118.23307800292969,146.92210006713867,0.3462024098691057,11.090354888959125,4.772657913562445,4.989902514799341,1,stylegan2_ood
C:\My_Project\AIGC\stylegan2_test\fake\9CHOGUSZA4.jpg,fake,stylegan2_ood,256,256,65536,0.0936501539751653,0.1394967585802078,0.0125297689810395,0.0898212194442749,0.0005317258182913,-3.2376518272546964,0.428658163765512,1.2663806676864624,115.39990997314452,288.0500793457031,2.0779421761228662,0.1481284841007612,3.713242728531852,0.6733585335214765,0.1311110219998641,3.956681251525879,44.41790390014648,0.3121446371078491,0.3916737252358064,0.8458610210139251,0.5842375755310059,27.71556854248047,155.26666259765625,60.61545944213867,203.94322204589844,0.3643497474607395,20.05677795410156,39.27788925170898,20.10617446899414,0.2897186279296875,0.8074637279750689,127.55109405517578,143.32776260375977,0.3643497474607395,11.090354888959125,4.848517022012232,4.965134053709049,1,stylegan2_ood
C:\My_Project\AIGC\stylegan2_test\fake\BNW2FQUOCA.jpg,fake,stylegan2_ood,256,256,65536,0.0951848867224124,0.1763809025287628,0.013810128904879,0.0782971903681755,0.0005424797418527,-3.286183630319335,0.4642522657019637,1.0562018156051636,81.44789123535156,217.6626434326172,2.128634646972472,0.1385576056719124,2.649216008771928,0.6586405788240017,0.1226907915724308,3.560612916946411,51.96714782714844,0.3390471935272217,0.3379067144443867,0.80940228984357,0.7068391442298889,15.582016944885254,149.7743377685547,57.93834686279297,207.5411376953125,0.4001025530834218,15.582016944885254,36.66267013549805,19.68238067626953,0.6832199096679688,0.7775859849683542,134.19232082366943,149.60279083251953,0.4001025530834218,11.090354888959125,4.89927400102009,5.007983720663959,1,stylegan2_ood
C:\My_Project\AIGC\stylegan2_test\fake\FOOBIXNLCF.jpg,fake,stylegan2_ood,256,256,65536,0.1325287358843322,0.0986138209700584,0.0061371796764433,0.0622344799339771,0.0005110613419674,-3.833402019022947,0.8142973165968577,0.9167327284812928,159.20640563964844,373.5950012207031,1.9617232240385956,0.1842285674197233,5.26191510849492,0.5752732842401618,0.0930813122333007,4.67604923248291,44.50948333740234,0.1737695783376693,0.4207839555274029,1.0779820154037822,0.32041996717453,37.1618537902832,165.266357421875,62.26300048828125,209.88671875,0.3768985800416022,14.11328125,52.28714370727539,32.004669189453125,49.10747528076172,0.8295546751890868,128.1045036315918,147.62371826171875,0.3768985800416022,11.090354888959125,4.852846365439974,4.994666592086735,1,stylegan2_ood
C:\My_Project\AIGC\stylegan2_test\fake\KR1PDLGPT6.jpg,fake,stylegan2_ood,256,256,65536,0.196363648167352,0.0890553966164588,0.0052940491586923,0.0594466999173164,0.0006728301523253,-3.541659639007124,0.47890145015113,1.2156912088394165,174.44422912597656,509.5392761230469,2.091511103965838,0.1486308182442699,5.642535780240074,0.611989074604112,0.1138511231819354,4.770610809326172,36.78116989135742,0.0977257415652275,0.4329722802713757,1.129625807699267,-0.1656001359224319,55.71504211425781,179.86361694335938,59.16886901855469,208.53341674804688,0.369567038636196,15.466583251953123,53.69256591796875,18.73324203491211,53.95924377441406,0.8238165154982262,124.14857482910156,149.3645477294922,0.369567038636196,11.090354888959125,4.821479032460993,5.006389946878477,1,stylegan2_ood
C:\My_Project\AIGC\stylegan2_test\fake\JK7XJBBIRU.jpg,fake,stylegan2_ood,256,256,65536,0.1848215309577587,0.1469793617725372,0.0171659775078296,0.1167917400598526,0.0015011911746114,-3.098912727729187,0.3043055213689325,1.5105843544006348,175.0243682861328,356.6390075683594,2.1782184952679144,0.1284683510344607,5.511850184672195,0.5501715598631256,0.1046272789284829,6.106815814971924,33.837440490722656,0.1672215014696121,0.4292524898882631,1.1189049170572205,0.3161806166172027,40.66905212402344,163.7389678955078,62.38596725463867,210.93765258789065,0.3643623126928286,13.062347412109377,66.46334075927734,22.731388092041016,49.97428894042969,0.8184734398118962,123.06991577148438,148.55168533325198,0.3643623126928286,11.090354888959125,4.812752614788824,5.000932947069787,1,stylegan2_ood
C:\My_Project\AIGC\stylegan2_test\fake\C7SFGOBPOE.jpg,fake,stylegan2_ood,256,256,65536,0.1443046723407521,0.1033346280455589,0.0118664801120758,0.1148354634642601,0.0009765150025486,-3.2092494821707778,0.3185236800785936,1.8105438947677608,380.8614807128906,907.4457397460938,2.1471884676405044,0.130570658342583,12.06974838411818,0.6261745236797722,0.2421465456237105,7.483055114746094,28.97125816345215,0.0292186085134744,0.4543081684051447,1.1097110828038217,-0.0602230541408062,55.27510833740234,172.8707733154297,65.02233123779297,201.8811492919922,0.320751030715689,22.11885070800781,71.5133056640625,35.165000915527344,18.477310180664062,0.8112135435412711,117.59566497802734,136.85881805419922,0.320751030715689,11.090354888959125,4.76725217235335,4.918949869320168,1,stylegan2_ood
C:\My_Project\AIGC\stylegan2_test\fake\DXBQIV6WR7.jpg,fake,stylegan2_ood,256,256,65536,0.1286194970385595,0.1419582813978195,0.0153457485139369,0.1081004068255424,0.0013339997967705,-3.349890266688081,0.6245241187491717,1.0497145652770996,87.28791809082031,264.90771484375,2.138395904587144,0.135378420923909,2.807443732686981,0.6594284280423846,0.1457675053081823,3.7422685623168954,34.51714324951172,0.3241994678974151,0.3862583208668729,1.06727824507904,0.7324065566062927,22.24960327148437,156.15765380859375,55.83486175537109,217.6494140625,0.4318453294001663,6.3505859375,,,,0.8216707157816678,133.90805053710938,161.8145523071289,0.4318453294001663,11.090354888959125,4.897153374393212,5.086450940673528,1,stylegan2_ood
C:\My_Project\AIGC\stylegan2_test\fake\ENDDH8SOIC.jpg,fake,stylegan2_ood,256,256,65536,0.1021103486942607,0.1044941619038581,0.0076343608088791,0.0730601698160171,0.0003529167734086,-3.5328628207136976,0.5859155732547314,1.1974401473999023,164.7188262939453,490.4269409179688,2.166671418999789,0.1287794379282375,5.255996652816243,0.6273260666357192,0.1376606592250601,5.0691447257995605,30.98898696899414,0.0367280505597591,0.4297332977168194,0.8462276857921154,-0.0743221193552017,51.60414505004883,176.09481811523438,58.350830078125,206.3973388671875,0.3673152408342893,17.6026611328125,52.0074577331543,16.075653076171875,2.1910400390625,0.8201607177397996,124.49067306518555,148.0465087890625,0.3673152408342893,11.090354888959125,4.8242307979594115,4.99752647297312,1,stylegan2_ood
C:\My_Project\AIGC\stylegan2_test\fake\BPZ34ZCMOI.jpg,fake,stylegan2_ood,256,256,65536,0.103575119603652,0.192534327507019,0.0285814683884382,0.1484486907720565,0.0017925257561728,-2.8192292585001364,0.2864013600532595,1.848222255706787,268.9415283203125,509.3615417480469,2.2033440517335574,0.1199315566412859,8.042255886426593,0.5640332885213395,0.1838530431149,7.58330488204956,42.13660430908203,0.0892728492617607,0.4281494518216549,1.0909630601528657,0.1809910386800766,44.892669677734375,169.84962463378906,68.42781829833984,209.75604248046875,0.3519599916921532,14.24395751953125,80.2296371459961,17.0245361328125,34.16078186035156,0.801748169205041,124.95695495605469,141.3282241821289,0.3519599916921532,11.090354888959125,4.827969317645097,4.951085016255686,1,stylegan2_ood
C:\My_Project\AIGC\stylegan2_test\fake\AGQHHVHVQO.jpg,fake,stylegan2_ood,256,256,65536,0.111307312497061,0.1068354323506355,0.0119605511426925,0.1119530349969863,0.0008341133361682,-3.1660602118486825,0.2783103394795668,1.553705811500549,239.48760986328125,496.8655090332031,2.134882529003907,0.1392936214016457,7.754261599722973,0.5021913385680525,0.0847291729337947,7.406795501708984,25.02391624450684,0.1791556030511856,0.4223183680717823,1.0889814402203783,0.3332544267177582,37.25244140625,164.95053100585938,59.99708557128906,215.99562072753903,0.3970167992624088,8.004379272460938,,,,0.8081600886598181,127.69808959960938,155.99853515624997,0.3970167992624088,11.090354888959125,4.849668802860885,5.049846617181412,1,stylegan2_ood
C:\My_Project\AIGC\stylegan2_test\fake\0TJJ8VSLE6.jpg,fake,stylegan2_ood,256,256,65536,0.2040885937545096,0.2049829810857772,0.0164859760552644,0.0804260671138763,0.0022323045413941,-2.910300796162695,0.272237097142648,1.8515000343322756,245.51373291015625,569.7301025390625,2.2462043798576574,0.1117993775430891,7.394264773776532,0.5765618455669785,0.1249240933407609,6.937380313873291,55.753448486328125,0.0075069717131555,0.441872734202697,1.1433382757018085,-0.0010561750968918,52.05670547485352,170.50941467285156,67.110107421875,205.6684417724609,0.3271008068755767,18.331558227539062,51.574954986572266,2.402393341064453,59.151145935058594,0.7866014501761498,118.45270919799805,138.5583343505859,0.3271008068755767,11.090354888959125,4.774513802424263,4.931291423600025,1,stylegan2_ood
C:\My_Project\AIGC\stylegan2_test\fake\J803OZCIS8.jpg,fake,stylegan2_ood,256,256,65536,0.2573478798971825,0.1104189604520797,0.0174782536923885,0.1582903265953064,0.0023827494587749,-3.0658744103120865,0.3269401343365559,1.606154203414917,210.1586761474609,548.1018676757812,2.147182447255048,0.1328677773624596,6.45565645198522,0.6182481565612852,0.2133526845021264,5.6781907081604,57.49938583374024,0.1926109194755554,0.3986241361739945,0.9695029666713756,-0.3263542652130127,56.177207946777344,191.06228637695312,57.22642517089844,218.8077850341797,0.4343693079961166,5.1922149658203125,,,,0.8076703285179399,134.88507843017578,161.58135986328125,0.4343693079961166,11.090354888959125,4.904423145014022,5.085008792053289,1,stylegan2_ood
C:\My_Project\AIGC\stylegan2_test\fake\GD5BHSHZ1W.jpg,fake,stylegan2_ood,256,256,65536,0.1654822484237878,0.1299771219491958,0.0059199756942689,0.0455462858080863,0.0007094479515217,-3.5445260606278945,0.5542786815796371,1.1835788488388062,171.9791717529297,403.4851989746094,2.1392329009140587,0.1364795529112523,5.561945694829173,0.606543092167489,0.1129329549121186,5.056308746337891,41.56234359741211,0.0875074714422226,0.433500056349959,1.080854895635562,0.1681523472070694,45.31626892089844,168.04086303710938,58.258888244628906,209.07504272460935,0.368878574312886,14.924957275390623,48.59536743164063,15.993831634521484,38.895782470703125,0.815815580699919,122.72459411621094,150.81615447998044,0.368878574312886,11.090354888959125,4.809942772676157,5.01606157503517,1,stylegan2_ood
C:\My_Project\AIGC\stylegan2_test\fake\RZAQBOINCZ.jpg,fake,stylegan2_ood,256,256,65536,0.1973926995701975,0.0862153843045234,0.0078803123906254,0.0914026275277137,0.0009730051970109,-3.4702327683268783,0.559765050401109,1.3148856163024902,187.52232360839844,454.9384460449219,2.0904939927616883,0.1485971810667776,6.165863919667586,0.6048438588903103,0.1896211730703244,5.327512264251709,40.34415817260742,0.2796030044555664,0.3945099392668956,0.9663690644896856,-0.5655826926231384,65.573486328125,197.51608276367188,55.176544189453125,203.94924926757807,0.3912120732371588,20.050750732421875,54.40300369262695,6.280635833740234,51.660423278808594,0.7819915337632466,131.94259643554688,148.77270507812494,0.3912120732371588,11.090354888959125,4.882366952512322,5.002419671958236,1,stylegan2_ood
C:\My_Project\AIGC\stylegan2_test\fake\N6L4I52XCG.jpg,fake,stylegan2_ood,256,256,65536,0.1139671950469163,0.1497082859277725,0.0117267286404967,0.0783305242657661,0.0007719898712821,-3.192618844019213,0.3131511538203831,1.6278152465820312,252.1112823486328,751.9048461914062,2.040098483598093,0.1609671051330439,7.894273141735903,0.6849296376432001,0.2529964338341718,5.361651420593262,45.51146697998047,0.2990665733814239,0.3755710170734057,0.769428400144236,0.5272412300109863,37.69924545288086,151.8770294189453,63.6239013671875,204.89767456054688,0.3214749353424381,19.102325439453125,59.23649978637695,31.10943984985352,0.071502685546875,0.8091968368191971,114.17778396606445,141.27377319335938,0.3214749353424381,11.090354888959125,4.737756742098203,4.950699661658414,1,stylegan2_ood
C:\My_Project\AIGC\stylegan2_test\fake\B2JFHURJJL.jpg,fake,stylegan2_ood,256,256,65536,0.2797083309075434,0.1384524405002594,0.0118546606972813,0.0856226161122322,0.0024482200387865,-3.23644164189284,0.3787010867707038,1.7270346879959106,302.8954162597656,656.4627685546875,2.173014713293676,0.1290371214434883,9.40813740766387,0.5518345846546397,0.209652435552688,7.412986755371094,35.18623733520508,0.2260415107011795,0.4015147242893633,0.9969269982848492,0.4240407645702362,31.627052307128903,161.64804077148438,59.47481155395508,207.96788024902344,0.3847898511606789,16.032119750976562,70.64608764648438,3.723308563232422,52.16250991821289,0.8376796708516885,130.02098846435547,148.49306869506836,0.3847898511606789,11.090354888959125,4.8676958871497895,5.0005382816993365,1,stylegan2_ood
C:\My_Project\AIGC\stylegan2_test\fake\BU5S67SCHL.jpg,fake,stylegan2_ood,256,256,65536,0.1796913082490528,0.1958441287279129,0.013077619485557,0.0667756497859954,0.0016922237118706,-3.0305645032600954,0.2866549100984481,1.711904525756836,222.3251800537109,377.7996215820313,2.2145197618987127,0.1197021536805241,6.848580332409961,0.5025186930542536,0.0792014626795891,7.35520601272583,38.216773986816406,0.0845598950982093,0.44094122078102,1.03463960634562,0.1622506827116012,45.19621276855469,167.77027893066406,62.5445556640625,202.2210998535156,0.3412133683189736,21.77890014648437,54.09785461425781,18.6193962097168,43.575828552246094,0.8179090705990788,122.57406616210938,139.6765441894531,0.3412133683189736,11.090354888959125,4.808715469006211,4.939329350873526,1,stylegan2_ood
C:\My_Project\AIGC\stylegan2_test\fake\BGPMI5IK8M.jpg,fake,stylegan2_ood,256,256,65536,0.1991686420543847,0.1735399216413498,0.019844327121973,0.114350214600563,0.0019957986660301,-2.9245357171476845,0.2271246839668126,1.8995405435562132,312.0280456542969,658.8528442382812,2.205481500427364,0.1206006674109176,9.452620036934428,0.5342208715367278,0.1113840203489954,7.9933648109436035,51.5091438293457,0.0756827443838119,0.425951621860073,0.9817087510981852,-0.1284789443016052,53.42398834228516,178.61561584472656,61.14001083374024,210.07264709472656,0.3715943702515545,13.927352905273438,70.76168823242188,24.99205780029297,18.326927185058597,0.8191875565528051,125.1916275024414,148.93263626098633,0.3715943702515545,11.090354888959125,4.829845583446206,5.00349409808393,1,stylegan2_ood
C:\My_Project\AIGC\stylegan2_test\fake\7CJB23SRL2.jpg,fake,stylegan2_ood,256,256,65536,0.0685478531609624,0.1006376147270202,0.0096105365082621,0.0954964607954025,0.000390191678889,-3.324516132906136,0.3090924492698266,1.2947678565979004,168.98353576660156,335.6023864746094,2.0731376451352133,0.153907766346135,5.456154778393344,0.5788837414280315,0.1218781672120067,5.489188194274902,36.35244369506836,0.0722638145089149,0.4454374862638778,0.740385045234858,0.1037881076335907,48.83725357055664,167.76226806640625,64.94426727294922,194.69468688964844,0.3075289089157869,29.30531311035156,60.1927604675293,9.413236618041992,26.40882873535156,0.7416242802023021,118.92501449584961,129.75041961669922,0.3075289089157869,11.090354888959125,4.778493164209022,4.865612756080839,1,stylegan2_ood
C:\My_Project\AIGC\stylegan2_test\fake\80KZK3ARVK.jpg,fake,stylegan2_ood,256,256,65536,0.1804249603302209,0.2938677668571472,0.0487502999603748,0.1658919602632522,0.003494432196021,-2.44628084236914,0.2311825611391399,1.926888465881348,218.69772338867188,479.4049682617188,2.1786577065760744,0.1254606147648542,6.275282779316704,0.651606815470826,0.2997285442133226,6.4136061668396,40.64944839477539,0.3387657403945923,0.371830941457282,0.7759844830768192,-0.6427364349365234,75.72271728515625,196.4155120849609,57.7463493347168,203.98764038085935,0.3517671821486487,20.012359619140625,65.20050811767578,17.089000701904297,39.067359924316406,0.8117101369670436,120.69279479980466,146.24129104614255,0.3517671821486487,11.090354888959125,4.7932484312081955,4.9852579359364455,1,stylegan2_ood
C:\My_Project\AIGC\stylegan2_test\fake\2VV0I3CU5G.jpg,fake,stylegan2_ood,256,256,65536,0.1796624181513361,0.1360010504722595,0.0128799127414822,0.0947045087814331,0.001333357184194,-3.2269255113841,0.4006696130214884,1.2220379114151,110.2168960571289,260.4948425292969,2.159362667453157,0.1319930018210897,3.5861850761772827,0.6117699967165007,0.1285581569677604,4.509613513946533,43.48876953125,0.0277642663568258,0.4309252574837574,1.0764470941425912,0.0488191731274127,47.2939682006836,172.6375732421875,62.492820739746094,207.27963256835935,0.3616888743037358,16.720367431640625,44.5216178894043,5.444232940673828,50.08903884887695,0.8161058824905041,125.3436050415039,144.78681182861325,0.3616888743037358,11.090354888959125,4.83105880648203,4.975262397272038,1,stylegan2_ood
C:\My_Project\AIGC\stylegan2_test\fake\U3XK8CM0B5.jpg,fake,stylegan2_ood,256,256,65536,0.0569989842815634,0.1627509742975235,0.0195174887776374,0.119922399520874,0.0005120713612996,-2.900955146204551,0.1709345580942788,1.556783676147461,165.8072052001953,307.9939880371094,2.1301788771015264,0.1352703288315435,5.214444252077561,0.6196156764936749,0.209136100335116,5.486049175262451,43.61543655395508,0.0295627526938915,0.4113991543148784,1.138769292337322,0.0511526092886924,45.7943115234375,174.30941772460938,60.910526275634766,209.3055725097656,0.3800822131398903,14.694427490234377,48.69253158569336,17.454116821289062,13.272674560546877,0.8277761362603542,128.51510620117188,148.39504623413083,0.3800822131398903,11.090354888959125,4.856046455411649,4.999877949004492,1,stylegan2_ood
C:\My_Project\AIGC\stylegan2_test\fake\YYYOQH6HG8.jpg,fake,stylegan2_ood,256,256,65536,0.2324037311657524,0.1165141463279724,0.0123813664540648,0.1062649190425872,0.0016353569226339,-3.133880360118696,0.2835424370532569,1.473675012588501,176.2205810546875,469.5354309082031,2.200471983543806,0.1212832154159196,5.543759233610327,0.6371900972493285,0.1935912675197352,5.301371097564697,23.605060577392575,0.0620731897652149,0.4437855053593958,0.971592194330388,0.1077732965350151,46.95199966430664,168.68882751464844,61.32123565673828,200.34002685546875,0.3372868832135376,23.65997314453125,44.0160026550293,12.273109436035156,24.14069366455078,0.8203639885024927,121.7368278503418,139.01879119873047,0.3372868832135376,11.090354888959125,4.801861565968794,4.934609112473628,1,stylegan2_ood
C:\My_Project\AIGC\stylegan2_test\fake\EGAAMEUOW0.jpg,fake,stylegan2_ood,256,256,65536,0.0753507442397725,0.1220420375466346,0.0105216531082987,0.0862133577466011,0.0006095253047533,-3.156974047373577,0.2603523642561861,1.5248240232467651,230.20974731445312,381.2391662597656,2.0027028743325666,0.1749848409872758,7.409668455678664,0.4671288278334987,0.0850993783687844,6.958552837371826,34.46541213989258,0.0548289529979229,0.4438633489871268,1.0299041125361632,0.103859044611454,47.2939338684082,170.12904357910156,61.7519760131836,200.22930908203125,0.3390042729583093,23.77069091796875,53.86124801635742,16.606685638427734,18.563247680664062,0.8110008054176099,122.83510971069336,138.47733306884766,0.3390042729583093,11.090354888959125,4.810842884544853,4.930706652080884,1,stylegan2_ood
C:\My_Project\AIGC\stylegan2_test\fake\IAR80VVKIM.jpg,fake,stylegan2_ood,256,256,65536,0.0758013824033358,0.0870935320854187,0.009054847061634,0.1039669290184974,0.0003363676078151,-3.483419712937274,0.5285155229696502,1.0754958391189575,134.88223266601562,299.9780578613281,2.1401856120435783,0.1357363415280763,4.479497633887346,0.621443193411799,0.1401214293822282,5.127004623413086,34.93217086791992,0.0991220697760582,0.4694266084705878,0.7271932616676634,0.1654653996229171,49.33100891113281,163.8550567626953,71.17253875732422,202.4968414306641,0.2997407271092683,21.503158569335938,62.29839324951172,12.16208267211914,14.64190673828125,0.8052457865067026,114.5240478515625,131.32430267333987,0.2997407271092683,11.090354888959125,4.740784825846628,4.877669856895144,1,stylegan2_ood
C:\My_Project\AIGC\AIGuard\unseen\Real_79.jpg,real,aiguard_unseen_real,256,256,65536,0.1368459055532581,0.1651223301887512,0.0137525415048003,0.0832869932055473,0.0011381439398974,-3.2863939613990616,0.5568936125930243,1.632097840309143,241.04139709472656,544.6491088867188,2.15314522102562,0.132325548571579,7.249193501846708,0.582980297468862,0.2057214149898603,6.5290117263793945,65.57010650634766,0.1223329380154609,0.4187011888466195,1.170021130623754,-0.2042601853609085,44.76434326171875,206.07049560546875,35.78204345703125,228.44461059570312,0.6193729553134679,-4.444610595703125,,,,,161.30615234375,192.66256713867188,0.6193729553134679,11.090354888959125,5.083304126646482,5.260940301950929,0,stylegan2_ood
C:\My_Project\AIGC\lfw\Isidro_Pastor\Isidro_Pastor_0001.jpg,real,lfw,250,250,62500,0.2857501391814478,0.06634072214365,0.0061792843043804,0.0931446552276611,0.0011471647303551,-3.7781954655008825,0.8122194680875623,1.141132950782776,192.0778045654297,788.04931640625,1.9873940539678936,0.1767385809285498,6.178763561865182,0.7173220793540191,0.3028536134230156,4.7243170738220215,38.64775466918945,0.1850103139877319,0.4256085979726068,0.9460850673291984,0.3466579020023346,63.82373046875,151.42791748046875,75.02478790283203,169.8792724609375,0.1656100526970755,54.1207275390625,62.74987411499024,26.65119171142578,19.982742309570312,,87.60418701171875,94.85448455810547,0.1656100526970755,11.042921835724492,4.472828793737537,4.552343975791595,0,stylegan2_ood
C:\My_Project\AIGC\lfw\Suzanne_Torrance\Suzanne_Torrance_0001.jpg,real,lfw,250,250,62500,0.2224256222961362,0.065635472536087,0.0041984366253018,0.0639659613370895,0.0009639395284466,-4.234997506429525,1.2156505045095711,1.1095328330993652,493.3544616699219,1264.533447265625,1.9887037101373533,0.1736471246848847,15.650330967220652,0.5164799935774126,0.1460303613189268,8.897444725036621,45.118106842041016,0.033476959913969,0.4753017692970743,0.9447866473741198,0.0828971788287162,72.66468811035156,151.7158203125,72.10796356201172,162.0543975830078,0.1417085348952803,61.94560241699219,85.17086029052734,3.151802062988281,39.031394958496094,,79.05113220214844,89.9464340209961,0.1417085348952803,11.042921835724492,4.370094886160737,4.499214315597313,0,stylegan2_ood
C:\My_Project\AIGC\lfw\Michael_Doleac\Michael_Doleac_0001.jpg,real,lfw,250,250,62500,0.3051789116292379,0.0826784819364547,0.0055657452903687,0.0673179402947425,0.0013469171244651,-3.790922893299784,0.7053282343442199,1.0229281187057495,264.3271484375,890.4072265625,2.031156303325639,0.155198258888915,8.713908991228037,0.6715156960947355,0.2973352602844238,5.090821743011475,21.28413772583008,0.1514111012220382,0.4160888796383083,0.7088743519957073,-0.2014482319355011,78.02314758300781,159.0416259765625,71.43004608154297,170.50137329101562,0.159969072523546,53.498626708984375,59.138790130615234,15.42987060546875,21.087974548339844,,81.01847839355469,99.07132720947266,0.159969072523546,11.042921835724492,4.394677256970621,4.595840067579091,0,stylegan2_ood
C:\My_Project\AIGC\lfw\Fernando_Velardez\Fernando_Velardez_0001.jpg,real,lfw,250,250,62500,0.1959889470143518,0.0619702711701393,0.0040003010071814,0.0645519345998764,0.000602375366725,-4.27956529372497,1.1891698702501357,0.5260888338088989,299.9261169433594,951.718017578125,1.845571895497516,0.1959086731541708,10.217929939981522,0.6525129820242689,0.2099265386221866,5.6622633934021,30.20270156860352,0.2616223096847534,0.4072702886601758,0.7863074977832976,-0.4355112612247467,85.4256820678711,164.8477783203125,69.78704833984375,168.9552764892578,0.1569704352931049,55.04472351074219,61.9531478881836,0.2843132019042969,7.1966094970703125,,79.4220962524414,99.16822814941406,0.1569704352931049,11.042921835724492,4.374776619870533,4.596817682238119,0,stylegan2_ood
C:\My_Project\AIGC\lfw\Todd_Haynes\Todd_Haynes_0003.jpg,real,lfw,250,250,62500,0.1523992746033063,0.0879316627979278,0.0072169974446296,0.0820750743150711,0.0007298637065105,-4.050547451223504,1.0661807922019235,0.8747352957725525,261.5115661621094,716.2388305664062,1.9352344312727685,0.1766363340137104,8.640652412280682,0.6609086519903029,0.1947745393258803,5.349404335021973,19.933258056640625,0.0246736966073513,0.4620147981834877,0.818326334432622,-0.0298957470804452,69.12833404541016,156.11070251464844,70.42706298828125,173.59881591796875,0.1788529063485987,50.40118408203125,85.04766845703125,20.05867958068848,52.836570739746094,,86.98236846923828,103.1717529296875,0.1788529063485987,11.042921835724492,4.46570543684289,4.6363951036598845,0,stylegan2_ood
C:\My_Project\AIGC\lfw\Mack_Brown\Mack_Brown_0002.jpg,real,lfw,250,250,62500,0.1826693343263745,0.0968744605779647,0.0116368578746914,0.1201230660080909,0.0015919723082333,-3.930487121136193,1.18464061425334,1.3724453449249268,412.1922912597656,1292.4700927734375,2.0638753283076907,0.1494064354886615,13.137644275161536,0.6338971889537797,0.1216556569654365,7.318446636199951,26.565427780151367,0.0736816227436065,0.3986724916811429,0.7613337544292215,-0.0779699459671974,70.45852661132812,160.27447509765625,66.40042114257812,177.08102416992188,0.1981202834012204,46.918975830078125,62.40994644165039,10.306537628173828,35.98572540283203,,89.81594848632812,110.68060302734375,0.1981202834012204,11.042921835724492,4.497762559609598,4.706648603289714,0,stylegan2_ood
C:\My_Project\AIGC\lfw\Eric_Lloyd\Eric_Lloyd_0001.jpg,real,lfw,250,250,62500,0.1446482695532446,0.0803634226322174,0.010470169596374,0.1302852630615234,0.0010494665475562,-4.046160981418265,1.3267355567754275,0.8479613661766052,300.6001892089844,920.3864135742188,1.846174239392281,0.2178723304681805,9.5542656394275,0.4910965562338669,0.0797778661824785,7.239018440246582,35.117130279541016,0.030946746468544,0.4342271083287649,1.0215905894116082,0.0685972496867179,66.02958679199219,155.82159423828125,73.23881530761719,177.4189453125,0.1864346103546277,46.5810546875,64.6999282836914,18.890626907348636,54.099082946777344,,89.79200744628906,104.18013000488281,0.1864346103546277,11.042921835724492,4.497495967408193,4.6461214202034125,0,stylegan2_ood
C:\My_Project\AIGC\lfw\Franco_Frattini\Franco_Frattini_0001.jpg,real,lfw,250,250,62500,0.2827569356147424,0.0643481016159057,0.0069427471607923,0.1078935787081718,0.0011831898009404,-3.9973458120963032,1.02626578254802,0.9831509590148926,191.23501586914065,590.1715087890625,2.0741826837868094,0.1463315996315418,6.393683921975981,0.6652618296052321,0.2230034164813507,5.034965515136719,35.79803466796875,0.0299138091504573,0.4211818663158372,0.852515271009513,-0.0562996976077556,72.0537338256836,158.1487274169922,68.65898132324219,166.41502380371094,0.167735687397713,57.58497619628906,71.7255630493164,18.15062713623047,9.034530639648438,,86.0949935913086,97.75604248046875,0.167735687397713,11.042921835724492,4.455451263300707,4.582475012611935,0,stylegan2_ood
C:\My_Project\AIGC\lfw\Laura_Schlessinger\Laura_Schlessinger_0001.jpg,real,lfw,250,250,62500,0.17522076663552,0.0416504479944705,0.0050717503763735,0.1217693984508514,0.0004816549189854,-4.162277910502644,1.1301789196897742,0.966098964214325,256.7963256835937,639.376708984375,2.043314474416834,0.1534458193765089,8.599025277008291,0.6207150766930691,0.2103956410879482,6.240592002868652,34.42380142211914,0.1630154699087143,0.415291725596182,1.2185077265138855,0.2918994724750519,58.71875381469727,149.67127990722656,67.74092102050781,173.41766357421875,0.1915570528637176,50.58233642578125,89.45902252197266,27.495391845703125,26.76387023925781,,90.9525260925293,105.67674255371094,0.1915570528637176,11.042921835724492,4.510337679097715,4.660384836061029,0,stylegan2_ood
C:\My_Project\AIGC\lfw\Cori_Enghusen\Cori_Enghusen_0001.jpg,real,lfw,250,250,62500,0.2517194764756209,0.0648684725165367,0.0046263765543699,0.0713193416595459,0.0007996115018613,-4.426749897812502,1.377167416252201,0.4920524954795837,230.80630493164065,826.0831298828125,1.872976590833785,0.1935420252789263,7.867836161126476,0.6879374664302198,0.2962412167631119,4.757943153381348,21.153478622436523,0.330668568611145,0.3132816652849266,0.6605682892463731,-0.902007520198822,129.93992614746094,198.33740234375,78.6492691040039,163.22808837890625,0.1152937216610604,25.66259765625,48.83109664916992,9.001296997070312,0.2584762573242187,,68.39747619628906,84.57881927490234,0.1152937216610604,11.042921835724492,4.225335926232695,4.437683872085261,0,stylegan2_ood
C:\My_Project\AIGC\lfw\Wayne_Gretzky\Wayne_Gretzky_0004.jpg,real,lfw,250,250,62500,0.1471039498874437,0.1028670743107795,0.0123617714270949,0.1201722845435142,0.0011639379663392,-3.804590982687128,1.051685433629239,1.4812575578689575,472.89306640625,1393.90673828125,2.1034511514580503,0.1405944832162726,15.331840951061857,0.625847598415532,0.2722415866243599,7.894045352935791,27.36842918395996,0.1256123930215835,0.4197430528971749,1.0535278411773283,-0.1903588324785232,73.92186737060547,159.78538513183594,67.8013687133789,171.6256866455078,0.1776690283564451,52.37431335449219,108.84378814697266,46.55728530883789,10.026222229003906,,85.86351776123047,103.8243179321289,0.1776690283564451,11.042921835724492,4.452759032854294,4.642700220096047,0,stylegan2_ood
C:\My_Project\AIGC\lfw\Platon_Lebedev\Platon_Lebedev_0001.jpg,real,lfw,250,250,62500,0.2387420401756582,0.0481890216469764,0.0049340515397489,0.1023895293474197,0.0005144368624314,-4.089510207330687,0.9208229312654852,0.90633362531662,225.29281616210935,589.5450439453125,2.0361899788577404,0.1560756066897073,7.370718490304696,0.6520711316323397,0.2546673588500481,5.602987289428711,22.39111328125,0.0738781094551086,0.4288146267530464,0.9042584024466354,-0.1155961453914642,73.1976547241211,156.83074951171875,69.3826675415039,168.3990478515625,0.1650399856504294,55.6009521484375,100.68184661865234,14.961341857910156,13.829330444335938,,83.63309478759766,99.0163803100586,0.1650399856504294,11.042921835724492,4.426439312419581,4.595285294125338,0,stylegan2_ood
C:\My_Project\AIGC\lfw\Paul_Bremer\Paul_Bremer_0011.jpg,real,lfw,250,250,62500,0.1602176862099925,0.093498446047306,0.0090492079034447,0.0967845767736435,0.0011774533195421,-3.909040089387454,1.0715296964346557,1.1230669021606443,282.124755859375,942.8582763671876,2.066992088903776,0.1491964579323637,9.280643755770992,0.5997772477886836,0.1551838183553096,6.662333011627197,27.630189895629883,0.1015405058860778,0.4314239285243681,0.8515577397402496,-0.129695326089859,72.56629943847656,158.68226623535156,67.60468292236328,172.27798461914062,0.1796484887882445,51.722015380859375,51.19282150268555,13.507431030273438,15.939666748046877,,86.115966796875,104.67330169677734,0.1796484887882445,11.042921835724492,4.45569483903622,4.650844087238382,0,stylegan2_ood
C:\My_Project\AIGC\lfw\Tommy_Shane_Steiner\Tommy_Shane_Steiner_0001.jpg,real,lfw,250,250,62500,0.2270437644432184,0.0342858098447322,0.0023535743821412,0.0686457306146621,0.0002802464296109,-4.234201119141633,0.8453285060073333,0.3145108222961426,114.40901184082033,283.3729858398437,1.9698393297940868,0.170884865217038,3.906909048938132,0.6688273363743732,0.2588598752571477,4.019526958465576,23.51854705810547,0.0251328200101852,0.4482143121296245,0.94500997464593,0.0378567837178707,66.01918029785156,155.59136962890625,68.71864318847656,175.99392700195312,0.1915035481561573,48.00607299804688,56.97008895874024,12.807706832885742,19.213607788085938,,89.57218933105469,107.27528381347656,0.1915035481561573,11.042921835724492,4.4950448848706985,4.675398276536885,0,stylegan2_ood
C:\My_Project\AIGC\lfw\Janela_Jara\Janela_Jara_0001.jpg,real,lfw,250,250,62500,0.0435197986863355,0.098047100007534,0.0085938861593604,0.0876505896449089,0.0002701394259929,-3.869606733799764,1.0107883898731662,0.4849188029766083,108.06806182861328,329.9053955078125,1.8684144678167247,0.2055297805487439,3.6693513388734953,0.5876647484757265,0.1337249833539712,4.382804393768311,18.87220764160156,0.1137349605560302,0.4502534498600647,0.7290969114256793,0.1931117326021194,62.98787689208984,149.7799835205078,72.40644073486328,166.93898010253906,0.1635179814384254,57.06101989746094,47.65109634399414,7.073749542236328,9.394912719726562,,86.79210662841797,94.53253936767578,0.1635179814384254,11.042921835724492,4.46351568007062,4.548944107164139,0,stylegan2_ood
C:\My_Project\AIGC\lfw\Constance_Marie\Constance_Marie_0002.jpg,real,lfw,250,250,62500,0.1542389559344193,0.1023959815502166,0.0059519452042877,0.0581267438828945,0.0006925612105987,-4.0371795707715545,1.1009057462781933,0.925538182258606,332.55029296875,976.9891967773438,1.9437088669403784,0.176734590669415,11.004796860572467,0.6033898244405151,0.2046698305955799,6.113613605499268,23.885292053222656,0.1428183019161224,0.4662954995348646,1.099926752768345,-0.2446204274892807,74.76370239257812,161.60166931152344,71.59278106689453,174.65402221679688,0.1783647291454214,49.345977783203125,94.2531967163086,14.520305633544922,34.64270782470703,,86.83796691894531,103.06124114990234,0.1783647291454214,11.042921835724492,4.464043932932085,4.635323385811284,0,stylegan2_ood
C:\My_Project\AIGC\lfw\Ray_Sherman\Ray_Sherman_0001.jpg,real,lfw,250,250,62500,0.3113156618178649,0.0740815252065658,0.0061173397116363,0.0825757756829261,0.0016910794656723,-3.8354099931254,0.8577279394475585,1.1700550317764282,260.7453308105469,869.4234008789062,1.873170626870989,0.2241607270405621,8.459722991689736,0.7707202935059294,0.3872982085549601,5.124155521392822,32.672576904296875,0.024573840200901,0.4480634342738441,0.9726580460176624,-0.0282227490097284,69.9433822631836,155.81301879882812,69.94095611572266,176.41905212402344,0.1822232821117715,47.58094787597656,47.73810577392578,14.172178268432615,7.556087493896484,,85.86963653564453,106.47809600830078,0.1822232821117715,11.042921835724492,4.452830291947411,4.66793929271268,0,stylegan2_ood
C:\My_Project\AIGC\lfw\Jeremy_Shockey\Jeremy_Shockey_0002.jpg,real,lfw,250,250,62500,0.199818432448929,0.0501645915210247,0.0035651139914989,0.0710683315992355,0.0006270974990911,-4.142300381668908,1.0220504440931684,1.044265627861023,399.2014465332031,1251.734130859375,2.011429447139064,0.1634046982745735,13.115983668051676,0.6800975812580372,0.2153931280925694,6.820482730865479,32.23231887817383,0.1038888171315193,0.39038982493903,1.0472751282427504,-0.1622923165559768,73.58879089355469,160.56809997558594,72.16143798828125,170.86117553710938,0.1710944471176436,53.13882446289063,82.2885513305664,5.577735900878906,26.75090789794922,,86.97930908203125,98.69973754882812,0.1710944471176436,11.042921835724492,4.4656702637260235,4.592082287356145,0,stylegan2_ood
C:\My_Project\AIGC\lfw\Mufti_Mohammad_Syed\Mufti_Mohammad_Syed_0001.jpg,real,lfw,250,250,62500,0.2591997759131478,0.042277131229639,0.0027830149047076,0.0658279061317443,0.0006043668836355,-4.222399460492818,0.9905235047703396,1.0616105794906616,366.8635559082031,973.0131225585938,1.944041448306167,0.18034595869224,11.97953572252996,0.6060588030099111,0.2722928153695481,6.911743640899658,27.31734848022461,0.0890066102147102,0.4115693476636624,0.8049226642028724,0.1509542912244796,63.6104621887207,154.55197143554688,71.67823791503906,178.90646362304688,0.1943458362513065,45.093536376953125,86.3403549194336,16.150127410888672,4.290283203125,,90.94150924682617,107.22822570800781,0.1943458362513065,11.042921835724492,4.510216544331574,4.674959513494466,0,stylegan2_ood
C:\My_Project\AIGC\lfw\Jason_Clermont\Jason_Clermont_0001.jpg,real,lfw,250,250,62500,0.2140759324761603,0.0398640409111976,0.0034574046730995,0.0867299064993858,0.0004912000149488,-4.449145929930896,1.1905197177182654,0.6798505187034607,477.6809692382813,884.5951538085938,1.9347982585213184,0.1845491187664828,15.834267659279789,0.5613099294075418,0.1623514479348612,8.360487937927246,8.016992568969727,0.2680121660232544,0.4092034369627145,0.9617074959388724,-0.489565908908844,81.96641540527344,168.0724334716797,68.46381378173828,176.45816040039062,0.1853269124883493,47.541839599609375,77.89757537841797,23.71438980102539,10.696380615234377,,86.10601806640625,107.99434661865234,0.1853269124883493,11.042921835724492,4.455579305232709,4.682078879630524,0,stylegan2_ood
C:\My_Project\AIGC\lfw\Brandon_Jones\Brandon_Jones_0001.jpg,real,lfw,250,250,62500,0.2153472289454105,0.0387991815805435,0.0055168247781693,0.1421892046928405,0.0006526607321575,-4.315773792788184,1.2987517679860523,0.9582012891769408,468.4514465332031,1205.8984375,1.97385699811055,0.1801269520128433,15.606637523083974,0.5525822576817038,0.1065503279905216,8.244484901428223,9.211750030517578,0.0303746573626995,0.4151114186144237,1.0619015113430812,0.065603069961071,63.74544525146485,158.60833740234375,67.31957244873047,176.3151397705078,0.2060673379258933,47.68486022949219,70.3071060180664,23.954666137695312,2.966064453125,,94.8628921508789,108.99556732177734,0.2060673379258933,11.042921835724492,4.552432608608733,4.691307214629544,0,stylegan2_ood
C:\My_Project\AIGC\lfw\Toutai_Kefu\Toutai_Kefu_0001.jpg,real,lfw,250,250,62500,0.1495088329930233,0.1074752062559127,0.010562714189291,0.0982804745435714,0.0013588017318397,-3.8576339030858864,1.131592523532624,1.3579888343811035,347.9898681640625,936.8301391601562,2.154838022844611,0.1290022124354415,11.347195579409023,0.6720827435292648,0.1938723444792493,6.94020414352417,29.438539505004883,0.1236165687441825,0.4336051973032635,0.7943372534419808,-0.2111551761627197,76.64990234375,156.97073364257812,76.2791748046875,172.30599975585938,0.1537180007785629,51.69400024414063,98.64808654785156,14.078571319580078,3.4217681884765625,,80.32083129882812,96.02682495117188,0.1537180007785629,11.042921835724492,4.3860290057258675,4.564627579010209,0,stylegan2_ood
C:\My_Project\AIGC\lfw\Jennifer_Renee_Short\Jennifer_Renee_Short_0001.jpg,real,lfw,250,250,62500,0.1374502736210836,0.1129619479179382,0.0093315206468105,0.0826076492667198,0.0008124555461108,-3.998920266869626,1.244217322012866,0.5016936659812927,101.43621826171876,247.1945953369141,2.0082322268894024,0.1679387630794704,3.3605672899353625,0.5869396530019101,0.151661672605082,4.6010026931762695,28.14146041870117,0.0710128545761108,0.4297862417718851,1.051117298216402,0.1315724849700927,66.86721801757812,152.80642700195312,71.94891357421875,172.28941345214844,0.1718587210739408,51.71058654785156,68.4384765625,18.58050537109375,52.99919128417969,,85.939208984375,100.34049987792969,0.1718587210739408,11.042921835724492,4.453640174026796,4.608569400884735,0,stylegan2_ood
C:\My_Project\AIGC\lfw\Atom_Egoyan\Atom_Egoyan_0001.jpg,real,lfw,250,250,62500,0.236609680016248,0.0915849432349205,0.0077192210592329,0.0842848271131515,0.0012798033421859,-3.6029889384045233,0.6014062988839296,1.247338891029358,367.9344787597656,977.7578735351562,2.0123477650672315,0.1622160633918097,12.188020544782995,0.614614450719793,0.1660183099892739,6.846361637115479,19.913463592529297,0.3000293970108032,0.3878441281985377,0.9213758255078144,0.4998796284198761,64.45783233642578,147.89125061035156,74.68991088867188,169.10787963867188,0.1569996388570871,54.892120361328125,57.78737258911133,17.955646514892578,32.368141174316406,,83.43341827392578,94.41796875,0.1569996388570871,11.042921835724492,4.424048927834532,4.547731401965743,0,stylegan2_ood
C:\My_Project\AIGC\lfw\Glen_DaSilva\Glen_DaSilva_0001.jpg,real,lfw,250,250,62500,0.1160646183439715,0.1192812994122505,0.016794478520751,0.1407972425222396,0.0016306951874867,-4.061668405986829,1.5329290475833337,0.63225257396698,288.8482666015625,613.6240234375,1.9172146699568309,0.1956927733637799,9.57088988919667,0.4880577023199332,0.0963393580943532,7.672364711761475,25.98554229736328,0.0457072369754314,0.4453729154250428,0.8533466290403305,-0.0864411443471908,73.69496154785156,154.78189086914062,71.0524673461914,163.23715209960938,0.1489750681023939,60.76284790039063,79.09956359863281,9.995243072509766,7.468048095703125,,81.08692932128906,92.18468475341797,0.1489750681023939,11.042921835724492,4.3955217807008005,4.523794007799828,0,stylegan2_ood
C:\My_Project\AIGC\lfw\Nastia_Liukin\Nastia_Liukin_0001.jpg,real,lfw,250,250,62500,0.1921323007025466,0.0807287916541099,0.0069317575544118,0.0858647525310516,0.0008684700587764,-3.796569361421744,0.7721335305089483,1.196184754371643,369.0603942871094,970.908935546875,1.9461161248470504,0.1862441225381555,12.16006867497688,0.5606680339392756,0.1030908658152525,7.072405815124512,24.473953247070312,0.1092746332287788,0.4469973174197578,0.8691805223656771,-0.1894664317369461,75.36937713623047,160.07540893554688,70.23294830322266,167.5325927734375,0.1642591433864038,56.4674072265625,55.537376403808594,17.415987014770508,5.7261505126953125,,84.7060317993164,97.29964447021484,0.1642591433864038,11.042921835724492,4.439186812809759,4.5777953352306575,0,stylegan2_ood
C:\My_Project\AIGC\lfw\Igor_Ivanov\Igor_Ivanov_0001.jpg,real,lfw,250,250,62500,0.2124550691287821,0.0500750206410884,0.0026152692735195,0.0522270239889621,0.0004053518059663,-4.394975856458396,1.0362397585586565,0.4060641229152679,230.9470672607422,561.5258178710938,1.7171291330764322,0.248314205679681,7.68931584718373,0.4774904172198193,0.0884442936335595,6.014115810394287,16.77884864807129,0.1389665454626083,0.4202004712932908,0.8405531523355121,-0.2380895018577575,73.68152618408203,165.6248779296875,71.5197525024414,170.78269958496094,0.1818911044904638,53.21730041503906,61.97074508666992,23.305583953857425,29.54183959960937,,91.94335174560547,99.26294708251953,0.1818911044904638,11.042921835724492,4.521172645506554,4.597772360253695,0,stylegan2_ood
C:\My_Project\AIGC\lfw\Joan_Laporta\Joan_Laporta_0004.jpg,real,lfw,250,250,62500,0.1608161286687552,0.063922218978405,0.0042443638667464,0.0663988813757896,0.0005006566643714,-4.30808546661316,1.1553659912446936,0.8902121782302856,335.2024841308594,715.208740234375,1.994329663681297,0.1660736390621847,11.010218432594623,0.5785211889790496,0.2289007640423746,6.9319353103637695,22.7005615234375,0.080813355743885,0.4307119481721519,0.9214637699854348,0.1318573802709579,66.79451751708984,151.0620574951172,69.99308776855469,168.10450744628906,0.1647721615910893,55.89549255371094,90.1436996459961,28.9692325592041,21.974891662597656,,84.26753997802734,98.11141967773438,0.1647721615910893,11.042921835724492,4.43399673721419,4.586103768335965,0,stylegan2_ood
C:\My_Project\AIGC\lfw\Mike_Krzyzewski\Mike_Krzyzewski_0006.jpg,real,lfw,250,250,62500,0.2788248203934617,0.0350695326924324,0.002600597217679,0.0741554573178291,0.0005310322158038,-4.376953260497976,1.0823606761790607,0.6137846112251282,264.0129699707031,832.0701293945312,1.9885465184056668,0.1668674202076547,8.558912742382248,0.6580720699885414,0.2510176396224318,5.53062915802002,26.13973999023437,0.308411180973053,0.3605034310328999,0.906704836868447,0.5549144744873047,58.60693359375,131.0811004638672,78.74380493164062,170.78012084960938,0.1329371675292907,53.21987915039063,85.76521301269531,15.718231201171877,11.347198486328123,,72.47416687011719,92.03631591796875,0.1329371675292907,11.042921835724492,4.283230179331052,4.522183237399189,0,stylegan2_ood
C:\My_Project\AIGC\lfw\Fred_Eckhard\Fred_Eckhard_0001.jpg,real,lfw,250,250,62500,0.2187340559632012,0.0522496402263641,0.0040450845845043,0.0774184241890907,0.0005014428170397,-3.8809596247210503,0.7051344995422718,0.8867299556732178,163.40765380859375,578.062255859375,1.9266245293841604,0.1863600767835484,5.423519736842104,0.7191964884733527,0.2773961844333761,4.337883472442627,30.59423446655273,0.1478423178195953,0.4115276703051203,0.828819262149746,-0.228232055902481,78.70337677001953,158.8312530517578,76.90473937988281,167.27976989746094,0.1443231677349892,56.72023010253906,58.1700553894043,13.109466552734377,22.35132598876953,,80.12787628173828,90.37503051757812,0.1443231677349892,11.042921835724492,4.383623812028528,4.503968018156085,0,stylegan2_ood
C:\My_Project\AIGC\lfw\Kathy_Gannon\Kathy_Gannon_0001.jpg,real,lfw,250,250,62500,0.209813238759696,0.0598472356796264,0.0079279681667685,0.1324700713157653,0.0008088716422207,-4.035204736133832,1.0994639324937587,0.8098936080932617,164.21971130371094,356.2877197265625,2.0727887867818797,0.1515183828116356,5.548413550323168,0.5750577238357752,0.1300031710304779,5.721923351287842,23.75321578979492,0.0735087320208549,0.4284923410741634,1.1365531399380258,-0.1284718662500381,69.93645477294922,162.33885192871094,68.87359619140625,176.34130859375,0.1979088457195182,47.65869140625,81.8439712524414,4.105098724365234,19.58507537841797,,92.40239715576172,107.46771240234375,0.1979088457195182,11.042921835724492,4.526152921555293,4.67719045270806,0,stylegan2_ood
C:\My_Project\AIGC\lfw\Craig_Wilson\Craig_Wilson_0001.jpg,real,lfw,250,250,62500,0.1761400180444132,0.0847583785653114,0.0060010156594216,0.0708014443516731,0.0009318580268882,-3.9350293149120232,0.9624815422671984,1.1124287843704224,421.1943054199219,1262.4361572265625,1.951881411933123,0.1798170575098611,13.69423995844874,0.5719813587834923,0.1130105997826653,7.302420616149902,30.91279983520508,0.1239989325404167,0.4103538325261374,0.8414533986225917,0.1911881268024444,63.79335784912109,151.5938262939453,66.4430160522461,172.03665161132812,0.1847730123341727,51.96334838867188,48.0948371887207,8.699443817138672,19.05848693847656,,87.80046844482422,105.59363555908203,0.1847730123341727,11.042921835724492,4.475066835989301,4.659598100129018,0,stylegan2_ood
C:\My_Project\AIGC\lfw\Judy_Locy\Judy_Locy_0001.jpg,real,lfw,250,250,62500,0.1718604616746495,0.0823343321681022,0.0070171682164072,0.0852277278900146,0.0007263025618158,-3.697313251157037,0.6874124307634489,1.16947603225708,252.7484130859375,934.07373046875,2.008016989990313,0.1614874538308826,8.21293830794089,0.6575065543902208,0.1436132102231022,5.319960117340088,30.86249542236328,0.2017998695373535,0.4401676070617687,1.0696113290052345,-0.3187865912914276,82.84837341308594,163.15936279296875,71.15925598144531,166.8297882080078,0.153128888265609,57.17021179199219,64.4905014038086,12.418624877929688,13.949577331542969,,80.31098937988281,95.6705322265625,0.153128888265609,11.042921835724492,4.3859064656349185,4.560910332824623,0,stylegan2_ood
C:\My_Project\AIGC\lfw\Hideki_Sato\Hideki_Sato_0001.jpg,real,lfw,250,250,62500,0.129554509686428,0.0738595202565193,0.0073535125702619,0.0995607897639274,0.0007209836039692,-4.179095606784955,1.2955063959864563,0.8942650556564331,321.2527770996094,994.4304809570312,2.042842146869618,0.1544922785379647,10.225537569252063,0.6521307042246798,0.1575448222054404,6.3258585929870605,23.128820419311523,0.2049638330936432,0.4308073253784569,1.0065412374860092,-0.3235556185245514,75.5586166381836,164.9951171875,69.57225799560547,178.50582885742188,0.1941692715685156,45.494171142578125,60.28659439086914,27.406543731689453,10.2421875,,89.4365005493164,108.9335708618164,0.1941692715685156,11.042921835724492,4.49352888240382,4.690738254809392,0,stylegan2_ood
C:\My_Project\AIGC\lfw\Andy_Dick\Andy_Dick_0001.jpg,real,lfw,250,250,62500,0.2779682504737432,0.0449241064488887,0.0045479424297809,0.1012361198663711,0.0007556580821983,-4.307590120904872,1.18312759461126,0.7633392810821533,245.34490966796875,490.3749084472656,2.040192139402857,0.1538479593285715,8.134180228531845,0.6080575517134019,0.2907984344759727,6.313828945159912,20.255739212036133,0.276705652475357,0.3026139661457584,0.7774277375927876,0.5876522064208984,41.365718841552734,134.7061767578125,65.98916625976562,166.6666259765625,0.1872863558635925,41.365718841552734,68.99260711669922,6.875778198242188,11.790916442871094,,93.34045791625977,100.67745971679688,0.1872863558635925,11.042921835724492,4.536253646404855,4.611921938689335,0,stylegan2_ood
C:\My_Project\AIGC\lfw\Manfred_Reyes_Villa\Manfred_Reyes_Villa_0001.jpg,real,lfw,250,250,62500,0.187911438702105,0.0849242284893989,0.0089481528848409,0.1053663119673729,0.0011164437746629,-4.346056462894773,1.649618419045406,0.6790155172348022,337.2181396484375,979.2052612304688,1.938431107043954,0.1838524773536946,11.317042070637092,0.6128881765607221,0.1355019576490738,6.307397842407227,26.48699378967285,0.3090899288654327,0.3839327577898402,0.8200536224594076,0.5574222803115845,55.35948944091797,135.0089874267578,70.67951965332031,167.3001251220703,0.1533757716971028,55.35948944091797,74.424072265625,23.461997985839844,9.204963684082031,,79.64949798583984,96.62060546875,0.1533757716971028,11.042921835724492,4.377635733584655,4.5707920256016585,0,stylegan2_ood
C:\My_Project\AIGC\lfw\Kwon_Yang-sook\Kwon_Yang-sook_0001.jpg,real,lfw,250,250,62500,0.2072603145548373,0.0785436928272247,0.0071176048368215,0.0906196907162666,0.0007054166053421,-3.99202786418422,1.0100397433008976,0.7645292282104492,137.76046752929688,314.2854309082031,2.111010115891003,0.1406245368662003,4.560476685133886,0.6230261542833685,0.1987855187647849,4.927238941192627,35.40900039672852,0.1398248821496963,0.4301477156442955,0.99291820185414,0.240372821688652,65.02728271484375,148.7216796875,72.10810852050781,167.54580688476562,0.1591916576262519,56.454193115234375,77.92105865478516,9.214397430419922,47.01058197021485,,83.69439697265625,95.43769836425781,0.1591916576262519,11.042921835724492,4.4271720334704545,4.558473661449596,0,stylegan2_ood
C:\My_Project\AIGC\lfw\Jim_Greenwood\Jim_Greenwood_0001.jpg,real,lfw,250,250,62500,0.1961957485678125,0.0442535355687141,0.0028437515720725,0.0642604380846023,0.0004549849545583,-4.271324641092437,1.0743307987446382,0.2393088489770889,168.1324462890625,600.7500610351562,1.932269419075508,0.1751477187099877,5.55762753924284,0.697827461722037,0.2074903329831007,4.3056159019470215,26.62606239318848,0.2131069451570511,0.416766731543806,0.7443205496087282,0.3274047970771789,52.464839935302734,149.64791870117188,56.96844482421875,169.54928588867188,0.218051513566138,52.464839935302734,41.8538703918457,22.950056076049805,5.407966613769531,,97.18307876586914,112.58084106445312,0.218051513566138,11.042921835724492,4.576596609540639,4.723671550823866,0,stylegan2_ood
C:\My_Project\AIGC\lfw\Jaymon_Crabb\Jaymon_Crabb_0001.jpg,real,lfw,250,250,62500,0.157269178036552,0.0856501758098602,0.0051203137263655,0.0597817078232765,0.0007334504043683,-4.307778469708735,1.383301356681445,0.7777004837989807,240.2823638916016,729.30859375,1.8911987238023829,0.1900883340577391,7.928528393351783,0.6119769164735813,0.1498818393711403,5.180218696594238,26.20781135559082,0.2523015737533569,0.4124917393712327,0.8526091260045592,0.4401503205299377,60.54778289794922,140.93482971191406,72.98631286621094,167.48097229003906,0.1513900392772029,56.51902770996094,66.07992553710938,27.958927154541016,8.013015747070312,,80.38704681396484,94.49465942382812,0.1513900392772029,11.042921835724492,4.386853053926383,4.548543318869154,0,stylegan2_ood
C:\My_Project\AIGC\lfw\Mark_Kelly\Mark_Kelly_0001.jpg,real,lfw,250,250,62500,0.1745680685071606,0.0724290162324905,0.0075893052853643,0.1047826632857322,0.0006168495165184,-4.019872125408929,1.0371984239347392,0.5811585187911987,120.69319152832033,299.5162048339844,1.9743984863468496,0.1757762302015782,4.0868034395198505,0.623765353500676,0.1401039482399696,4.489048004150391,22.45005226135254,0.2247390896081924,0.4296805950261246,0.8253467524708797,0.3714269995689392,50.07884216308594,148.79652404785156,63.82565307617188,177.34243774414062,0.2233361335585534,46.657562255859375,46.64589691162109,21.126876831054688,31.465133666992188,,98.71768188476562,113.51678466796875,0.2233361335585534,11.042921835724492,4.59226407816304,4.7319507085250825,0,stylegan2_ood
C:\My_Project\AIGC\lfw\Glenn_Plummer\Glenn_Plummer_0001.jpg,real,lfw,250,250,62500,0.1691065513839605,0.0665178969502449,0.0040490552783012,0.060871671885252,0.0004977792268618,-4.275850168290877,1.1022183445743172,0.2694751322269439,135.01724243164062,407.8361206054688,1.9191674214900776,0.1872875065865093,4.588802804709135,0.626808341614474,0.1438625972236289,4.135251045227051,19.609561920166016,0.3188019096851349,0.3978542549916655,0.8532923263708853,-0.5796561241149902,87.213134765625,172.52459716796875,71.0124740600586,177.09498596191406,0.1803661955050487,46.90501403808594,53.67571640014648,24.07260513305664,18.89585876464844,,85.31146240234375,106.08251190185547,0.1803661955050487,11.042921835724492,4.446308822988468,4.664217205473336,0,stylegan2_ood
C:\My_Project\AIGC\lfw\Robin_Williams\Robin_Williams_0001.jpg,real,lfw,250,250,62500,0.1868277130922197,0.0617927722632885,0.006016903091222,0.0973722785711288,0.0008542358409613,-4.006272877932081,1.05208761518413,1.2343392372131348,582.6625366210938,1698.8560791015625,2.0423258511859874,0.155877402105812,18.903345452446885,0.5423182743659802,0.1797175673578282,10.082549095153809,22.92075538635254,0.2016056925058365,0.4305471306371988,0.9143549197417552,-0.3329863250255584,81.39580535888672,163.26280212402344,68.89742279052734,169.85757446289062,0.1647262518010419,54.142425537109375,75.11804962158203,4.439079284667969,12.351806640625,,81.86699676513672,100.96015167236328,0.1647262518010419,11.042921835724492,4.405095939744184,4.614725901093313,0,stylegan2_ood
C:\My_Project\AIGC\lfw\Spencer_Abraham\Spencer_Abraham_0010.jpg,real,lfw,250,250,62500,0.2966316280795494,0.0518664084374904,0.0045743831433355,0.0881954878568649,0.0008422018727287,-4.1868617097871645,1.087273789027849,0.7154789566993713,168.3203125,562.5260009765625,1.8780568400930289,0.2057265615721436,5.568071618190203,0.749122880766359,0.3407546764359221,3.9857144355773926,29.438920974731445,0.1610943377017974,0.4109312195662949,0.8657742511110095,0.2787094414234161,62.19644927978516,147.00637817382812,73.66058349609375,170.17660522460938,0.1631360997275852,53.82339477539063,57.07305145263672,21.68736267089844,31.998550415039062,,84.80992889404297,96.51602172851562,0.1631360997275852,11.042921835724492,4.440412621958482,4.569709022838545,0,stylegan2_ood
C:\My_Project\AIGC\lfw\Bill_Readdy\Bill_Readdy_0001.jpg,real,lfw,250,250,62500,0.2647744964005611,0.0475397519767284,0.0025624830741435,0.0539019033312797,0.0004808082303497,-4.0311968372259255,0.6671996969934263,0.9285412430763244,254.93006896972656,819.0056762695312,1.9689312509204453,0.1706697717402091,8.392307248384094,0.6538992160824063,0.2186264650977607,5.294654846191406,34.899810791015625,0.3154222071170807,0.3750967113423035,0.8908019032903919,0.6330402493476868,55.85058975219727,138.00779724121094,70.45574951171875,171.84988403320312,0.1660207857950126,52.15011596679688,68.8275146484375,7.094852447509766,25.95496368408203,,82.15720748901367,101.39413452148438,0.1660207857950126,11.042921835724492,4.408634576350046,4.6190152445282235,0,stylegan2_ood
C:\My_Project\AIGC\lfw\Dorothy_Wilson\Dorothy_Wilson_0001.jpg,real,lfw,250,250,62500,0.1870563226492941,0.0827260911464691,0.0045390864834189,0.0548688657581806,0.0005394382751546,-4.0938056234121465,0.99929378221977,0.751660168170929,194.30067443847656,492.192626953125,1.9627803088142304,0.1785645077795547,6.508075080794077,0.5993219100019547,0.1344244567142635,5.119216442108154,35.84664535522461,0.2426368594169616,0.4255577766395752,0.8972847164287399,-0.3871726095676422,77.46521759033203,173.92918395996094,67.17945861816406,177.3794708251953,0.211860855219064,46.62052917480469,66.33275604248047,28.163631439208984,49.503074645996094,,96.4639663696289,110.20001220703125,0.211860855219064,11.042921835724492,4.569169533115675,4.702297007490416,0,stylegan2_ood
C:\My_Project\AIGC\lfw\Andres_Manuel_Lopez_Obrador\Andres_Manuel_Lopez_Obrador_0001.jpg,real,lfw,250,250,62500,0.1349124277783195,0.1212424635887146,0.020975723862648,0.1730064302682876,0.0012469631619751,-4.108170103500444,1.6029032004601245,0.3948799967765808,119.84817504882812,303.1236267089844,2.018677310023105,0.160539268007481,4.099952100646351,0.6595710048205796,0.1317828445556805,4.486313819885254,20.232637405395508,0.0691611841320991,0.4225482898653982,0.6375367185734421,-0.0915212705731391,73.9093017578125,155.72991943359375,68.55294036865234,165.5213165283203,0.1581236533881045,58.47868347167969,53.71979522705078,13.850963592529297,4.537193298339844,,81.82061767578125,96.96837615966797,0.1581236533881045,11.042921835724492,4.404529261675657,4.574384906375149,0,stylegan2_ood
C:\My_Project\AIGC\lfw\Chawki_Armali\Chawki_Armali_0001.jpg,real,lfw,250,250,62500,0.219684686666183,0.0362190380692482,0.0044021182693541,0.1215415596961975,0.0004909236449748,-4.163953460493624,0.9870338307979092,0.8728611469268799,252.4193420410156,690.651611328125,2.081643850302408,0.1456720192498934,8.362384579870703,0.6393506307450834,0.1631323834276292,6.065504550933838,17.504804611206055,0.2199195325374603,0.42328226465183,0.8966872970587227,-0.3615337312221527,81.58726501464844,161.0095977783203,69.44878387451172,168.50820922851562,0.1567986815179331,55.491790771484375,88.54296112060547,33.433223724365234,28.5341796875,,79.42233276367188,99.0594253540039,0.1567986815179331,11.042921835724492,4.37477959776824,4.595719926154006,0,stylegan2_ood
C:\My_Project\AIGC\lfw\Aaron_Patterson\Aaron_Patterson_0001.jpg,real,lfw,250,250,62500,0.1552326629516099,0.1500295251607895,0.0159300379455089,0.1061793565750122,0.0016373858088627,-3.2910140465601905,0.5572764309765169,1.1219205856323242,201.56329345703125,932.53662109375,2.015114681891652,0.1593823184673114,6.486546341181892,0.6942318488542185,0.2158251245050797,4.436845779418945,26.227022171020508,0.1354758292436599,0.4574977295290082,0.7737362229237957,-0.2329891473054886,77.63469696044922,156.82986450195312,72.7304458618164,164.29144287109375,0.1445150768976573,59.70855712890625,43.70047378540039,0.7191543579101562,18.20067596435547,,79.1951675415039,91.56099700927734,0.1445150768976573,11.042921835724492,4.371915281068733,4.517005384160918,0,stylegan2_ood
C:\My_Project\AIGC\lfw\Cathy_Chisholm\Cathy_Chisholm_0001.jpg,real,lfw,250,250,62500,0.2436784470057825,0.0548107698559761,0.0074537377804517,0.1359903961420059,0.0013116978807374,-3.749104502331153,0.7684084946652628,1.415015697479248,462.1088562011719,1140.1279296875,2.077580831127429,0.152156061651507,15.265872576177244,0.5272561471388588,0.1103734024137952,8.883967399597168,17.221525192260742,0.2210186421871185,0.4393912273693209,0.9940953461070058,0.3990421891212463,54.24613952636719,146.57098388671875,70.22904968261719,173.72344970703125,0.1904317676662546,50.27655029296875,70.69808197021484,24.691059112548828,37.27069854736328,,92.32484436035156,103.49440002441406,0.1904317676662546,11.042921835724492,4.525313274957099,4.639517505197331,0,stylegan2_ood
C:\My_Project\AIGC\lfw\Markus_Naslund\Markus_Naslund_0002.jpg,real,lfw,250,250,62500,0.164382849688073,0.0589996948838233,0.0086082089692354,0.1459026038646698,0.0009871589718386,-4.032098282597784,1.150980735181449,1.225469946861267,355.3746032714844,643.5966796875,2.0055327692742733,0.1755698171073026,11.623505597876257,0.4768956029192771,0.0878562894266034,8.760533332824707,24.80967903137207,0.0295172780752182,0.4059218029387092,1.0542961814906444,0.0766801238059997,66.66242218017578,154.49961853027344,69.1956558227539,170.9418182373047,0.1781149881591961,53.05818176269531,73.41454315185547,13.44122314453125,0.5311126708984375,,87.83719635009766,101.74616241455078,0.1781149881591961,11.042921835724492,4.475485059561695,4.622481107783934,0,stylegan2_ood
C:\My_Project\AIGC\lfw\Greg_Hennigar\Greg_Hennigar_0001.jpg,real,lfw,250,250,62500,0.1072903663445514,0.098580352962017,0.0120426472276449,0.1221607252955436,0.0008467595907859,-3.921209654566464,1.1909574323434535,1.0569849014282229,273.2982177734375,865.5527954101562,1.9873851074881583,0.1696055689140043,8.708876096491226,0.7341989524839359,0.3134929794144865,5.6252760887146,23.408056259155277,0.1673640757799148,0.4138693946206276,0.918278293512044,-0.2745782136917114,79.6439437866211,163.6693572998047,68.45857238769531,171.06875610351562,0.1718324122565676,52.931243896484375,54.1976318359375,7.294818878173828,4.328948974609375,,84.0254135131836,102.61018371582031,0.1718324122565676,11.042921835724492,4.431119294910379,4.630937184300547,0,stylegan2_ood
C:\My_Project\AIGC\lfw\Van_Hilley\Van_Hilley_0001.jpg,real,lfw,250,250,62500,0.2334134857896427,0.0751687064766883,0.0082131745293736,0.1092632114887237,0.0013110056752339,-3.797425217300427,0.9180996685181504,1.036569595336914,180.852783203125,538.2603759765625,2.076393880226828,0.1471984010098229,5.953527239150498,0.6356306831931849,0.1782306659735636,5.343069076538086,32.627525329589844,0.0973868370056152,0.404992089828816,0.8313942946136004,-0.1612869352102279,69.80360412597656,160.9883575439453,67.16494750976562,171.6469268798828,0.1898749108236095,52.35307312011719,53.7606201171875,0.4530410766601562,14.825973510742188,,91.18475341796875,104.48197937011719,0.1898749108236095,11.042921835724492,4.512887705670027,4.649014610315333,0,stylegan2_ood
C:\My_Project\AIGC\lfw\Manuel_Llorente\Manuel_Llorente_0001.jpg,real,lfw,250,250,62500,0.1370117124655821,0.0837974324822425,0.0059237815439701,0.0706916823983192,0.0006651353323832,-3.84001129995009,0.9002999513047482,1.1414142847061155,402.1891479492188,1257.1519775390625,2.0156811014039127,0.1608046754505772,12.928039012003673,0.6633867867234191,0.2030216056858404,7.078944206237793,28.365154266357425,0.2638770937919616,0.4150028865489185,0.8950772790429642,0.4742262661457062,48.993263244628906,149.44227600097656,68.97840881347656,193.18284606933597,0.2486490175045599,30.817153930664062,64.59703826904297,15.607166290283203,12.18829345703125,,100.44901275634766,124.2044372558594,0.2486490175045599,11.042921835724492,4.609650263003066,4.821928895558936,0,stylegan2_ood
C:\My_Project\AIGC\lfw\Jim_Wall\Jim_Wall_0001.jpg,real,lfw,250,250,62500,0.1273268551597116,0.0754458755254745,0.0073644844815135,0.0976128131151199,0.0005948497564531,-4.126175185342364,1.22433361444111,0.8177196979522705,262.3251647949219,758.9246215820312,2.0304776398976982,0.1632561808772406,8.450277008310236,0.5878128755417724,0.1098416021181558,6.410955429077148,30.57253837585449,0.0963596627116203,0.4123479526511172,1.185202053574959,-0.1632087081670761,69.52908325195312,164.1217041015625,68.58670806884766,172.0371551513672,0.1950264851243492,51.96284484863281,48.04652786254883,16.56929588317871,9.471633911132812,,94.59262084960938,103.45044708251953,0.1950264851243492,11.042921835724492,4.5495794693114675,4.639092725907873,0,stylegan2_ood
C:\My_Project\AIGC\lfw\Allan_Wagner\Allan_Wagner_0001.jpg,real,lfw,250,250,62500,0.2257621807641828,0.0533999241888523,0.004645908717066,0.087002158164978,0.0007040044292807,-4.13360136554548,1.0239083101651267,1.1769919395446775,509.43310546875,1683.60595703125,2.0170672101619127,0.1620406858228932,16.86323984302857,0.6333792323964444,0.1993375728566656,8.011308670043945,27.201396942138672,0.2493508905172348,0.3914148935861859,0.8440362498714807,-0.3896673023700714,83.5604019165039,165.75057983398438,70.19461059570312,166.48434448242188,0.1577262109330409,57.515655517578125,88.6138687133789,17.115161895751953,14.003639221191406,,82.19017791748047,96.28973388671875,0.1577262109330409,11.042921835724492,4.409035804867647,4.567361707583598,0,stylegan2_ood
C:\My_Project\AIGC\lfw\Jessica_Capshaw\Jessica_Capshaw_0001.jpg,real,lfw,250,250,62500,0.2017385280398319,0.0986222103238105,0.0086078271269798,0.0872808173298835,0.0010661139385774,-4.005256714852268,1.129061051904046,0.5466508269309998,94.6434555053711,271.1390686035156,2.013268455418831,0.158345982314447,3.2200839681440425,0.6970415902574225,0.2023010163117031,3.508552312850952,18.245548248291016,0.096616230905056,0.4279868910017924,0.9143075069641984,-0.1756127476692199,72.36414337158203,158.48602294921875,68.572998046875,167.83905029296875,0.1703798429066781,56.16094970703125,50.46064758300781,8.326858520507812,14.805442810058594,,86.12187957763672,99.26605224609375,0.1703798429066781,11.042921835724492,4.455763497358285,4.597803641966543,0,stylegan2_ood
C:\My_Project\AIGC\lfw\Charlie_Coles\Charlie_Coles_0001.jpg,real,lfw,250,250,62500,0.1216816331414237,0.0763405114412307,0.0030388506129384,0.0398065261542797,0.0001773199037415,-4.06885683104021,0.7356453531766484,-0.1818197071552276,51.924598693847656,105.70791625976562,1.8284577136741784,0.2086003322196176,1.858763561865188,0.6771621543873092,0.1531558620431811,2.5971133708953857,33.296661376953125,0.1530589312314987,0.4018866649612573,0.920322014962974,-0.235635295510292,75.1982192993164,163.2996063232422,68.52250671386719,172.0345916748047,0.1817514002470711,51.96540832519531,33.27265930175781,8.176750183105469,9.705924987792969,,88.10138702392578,103.5120849609375,0.1817514002470711,11.042921835724492,4.4784882765631036,4.639688368796775,0,stylegan2_ood
C:\My_Project\AIGC\lfw\Pupi_Avati\Pupi_Avati_0002.jpg,real,lfw,250,250,62500,0.1809581660185775,0.0365513637661933,0.0038276554550975,0.1047199070453643,0.0003632918233051,-4.188449448401943,0.97079097552103,0.7545773386955261,220.8202972412109,525.1023559570312,2.016911906784813,0.1657787372250697,7.389827158356416,0.5545845752524989,0.1299422154806133,6.208117485046387,20.22023200988769,0.0330669395625591,0.4042766657163384,0.8694757969305035,0.0467559397220611,59.56837463378906,159.89285278320312,66.3708724975586,170.5579071044922,0.208316921972169,53.44209289550781,63.01760482788086,29.98572158813477,46.11897277832031,,100.32447814941406,104.1870346069336,0.208316921972169,11.042921835724492,4.608409714538795,4.646187693620975,0,stylegan2_ood
C:\My_Project\AIGC\lfw\Carlos_Queiroz\Carlos_Queiroz_0001.jpg,real,lfw,250,250,62500,0.1008664884558196,0.0791824758052825,0.0041448632255196,0.0523457154631614,0.0003176299505867,-4.266713899794788,1.1919787260919843,0.588854193687439,199.18893432617188,443.2216796875,2.0172586546636837,0.1613548791989442,6.658644967682363,0.6257061334284828,0.1597821687172519,5.164192199707031,35.90217208862305,0.1253240257501602,0.4258548350754064,1.0742007651226635,-0.18591970205307,72.43154907226562,164.07601928710938,69.32460021972656,174.08413696289062,0.1913391311539327,49.915863037109375,55.08697128295898,12.073648452758787,12.772575378417969,,91.64447021484375,104.75953674316406,0.1913391311539327,11.042921835724492,4.51791663656629,4.651667597552262,0,stylegan2_ood
C:\My_Project\AIGC\DiT\cdf\Fake_from_Celeb-real\id53_0000\26587.png,fake,df40_dit,256,256,65536,0.1220284685120285,0.1052089259028434,0.002671293914318,0.02539037540555,0.0002225333300884,-3.90921415979702,0.6506109263446263,-0.2855099737644195,33.20855712890625,80.09520721435547,1.897390521309261,0.1832784400885923,1.2362280701754371,0.7464746350806388,0.2037449377761757,1.8082609176635744,150.78604125976562,0.1918719708919525,0.4457926133039617,0.6743633496425064,-0.3246898949146271,65.7286605834961,182.4905548095703,72.33381652832031,205.86952209472656,0.3107438203274258,18.13047790527344,23.380529403686523,2.503314971923828,20.81185913085937,0.8107951974889716,116.76189422607422,133.53570556640625,0.3107438203274258,11.090354888959125,4.760136769099216,4.894368899506207,1,df40_dit
C:\My_Project\AIGC\DiT\cdf\Fake_from_Celeb-real\id16_0012\17946.png,fake,df40_dit,256,256,65536,0.1158435755033025,0.093145728111267,0.0044041154906153,0.0472819916903972,0.0002317545731784,-4.081341976829834,0.8910819558875701,0.0301332157105207,75.87882995605469,212.478271484375,1.901839307992784,0.1837022035432725,2.63723309095106,0.7167978610795548,0.1419194369841157,2.6805880069732666,26.00147819519043,0.0706513151526451,0.4291451690090807,0.7195078865483894,0.1210182160139083,44.87397766113281,168.41285705566406,61.00727844238281,206.50537109375,0.3582324481862162,17.49462890625,38.761138916015625,10.942710876464844,3.157310485839844,0.8002624190027774,123.53887939453125,145.4980926513672,0.3582324481862162,11.090354888959125,4.816555919436029,4.980162977600313,1,df40_dit
C:\My_Project\AIGC\DiT\cdf\Fake_from_Celeb-real\id60_0002\21572.png,fake,df40_dit,256,256,65536,0.1528152567651673,0.0418920069932937,0.0026062177494168,0.0622127652168273,0.0001653869403526,-4.057985730146112,0.6315477088371061,-0.0969428271055221,55.72481536865234,131.45713806152344,1.9105125400185168,0.1856143122064923,1.9711042820867937,0.6894797643438835,0.1490809758231344,2.780726909637451,13.952653884887695,0.0207927450537681,0.4066431694673123,0.7920038477718627,0.0269466713070869,51.19451522827149,169.07260131835938,64.1695785522461,198.0313415527344,0.3144803974637775,25.968658447265625,38.21860885620117,2.0691452026367188,21.51714324951172,0.8047752216576498,117.87808609008789,133.8617630004883,0.3144803974637775,11.090354888959125,4.769650921650887,4.896807648066031,1,df40_dit
C:\My_Project\AIGC\DiT\cdf\Fake_from_Youtube-real\00014\6566.png,fake,df40_dit,256,256,65536,0.2268826495559143,0.0629034116864204,0.0030096874106675,0.0478461682796478,0.0003104188363067,-4.135613739110658,0.8127568905560247,-0.2462854534387588,54.379486083984375,136.48208618164062,1.726925469008933,0.2266998839149967,1.8901364843028587,0.7482542077901706,0.358133674329013,2.210988044738769,22.20378875732422,0.2898744940757751,0.4161087301360028,0.753327864529237,0.5096052885055542,30.770112991333008,149.84910583496094,67.12930297851562,203.5289001464844,0.3237070841645066,20.471099853515625,40.20820999145508,1.2954139709472656,34.09857177734375,0.8463219341990857,119.07899284362793,136.39959716796878,0.3237070841645066,11.090354888959125,4.779787078298808,4.915588792090989,1,df40_dit
C:\My_Project\AIGC\DiT\cdf\Fake_from_Celeb-real\id31_0007\22629.png,fake,df40_dit,256,256,65536,0.1849274209308611,0.1039367988705635,0.002490933984518,0.0239658523350954,0.0002513310755603,-3.9832669960855274,0.6581828564054812,-0.2864563167095184,37.427127838134766,90.8931655883789,1.8646952917488009,0.1902907815192054,1.368540223915051,0.7435329579324754,0.2066784358300412,1.8446695804595947,56.44269943237305,0.0844102799892425,0.4562629525320389,0.7741782482829602,0.1331860423088073,49.10411071777344,162.74920654296875,65.03398132324219,198.9362030029297,0.3032790739396251,25.063796997070312,30.511993408203125,9.11687469482422,27.60318374633789,0.8224759589177175,113.64509582519531,133.9022216796875,0.3032790739396251,11.090354888959125,4.733080397807403,4.897109844640791,1,df40_dit
C:\My_Project\AIGC\DiT\cdf\Fake_from_Celeb-real\id23_0007\11307.png,fake,df40_dit,256,256,65536,0.1175091562722322,0.1057436540722847,0.0029526972211897,0.0279231630265712,0.0001619088143343,-4.263660656692905,1.0317463203112744,-0.1029098555445671,104.63155364990234,330.9805603027344,1.7905094588841473,0.2050920841545921,3.5519208795013792,0.7316954074786353,0.3072364927269131,2.5415942668914795,40.34954833984375,0.2973368763923645,0.402035959161402,0.7965626377557002,0.5057610273361206,29.774757385253903,149.56614685058594,62.1862907409668,203.76837158203125,0.3380164657873102,20.23162841796875,42.20559310913086,27.636178970336918,11.69147491455078,0.8410070096284983,119.79138946533203,141.58208084106445,0.3380164657873102,11.090354888959125,4.785751808852295,4.952879625519183,1,df40_dit
C:\My_Project\AIGC\DiT\ff\220\18228.png,fake,df40_dit,256,256,65536,0.1442716739676073,0.0243237372487783,0.0016420374158769,0.0675076097249984,0.0001163796769105,-4.282789735563426,0.8025144558237544,0.7532997727394104,225.6616668701172,820.5338134765625,1.948300433528761,0.1731800943650289,7.55069078947368,0.6945878719765054,0.1608326549065748,4.3329854011535645,23.02169609069824,0.0360843501985073,0.4290113324219122,0.8256355596283023,-0.0330874025821685,52.625125885009766,174.27613830566406,63.43502426147461,201.4541931152344,0.3346255505523978,22.545806884765625,59.75179672241211,35.72430419921875,29.05077362060547,0.8228667977885351,121.6510124206543,138.0191688537598,0.3346255505523978,11.090354888959125,4.801156391600608,4.927392580248225,1,df40_dit
C:\My_Project\AIGC\DiT\cdf\Fake_from_Celeb-real\id59_0008\9333.png,fake,df40_dit,256,256,65536,0.0907758480847277,0.0519932769238948,0.0017507635056972,0.033672884106636,5.996981053613126e-05,-4.062929814724906,0.5154228330433898,-0.2745116353034973,40.9412727355957,118.63446044921876,1.875840936894863,0.184931088963532,1.472306671283472,0.7673664351563472,0.2117517431040801,1.9245871305465696,30.380990982055664,0.2153808176517486,0.430992818168052,0.8580489029006636,-0.3471814095973968,68.15505981445312,183.4321136474609,60.54058456420898,205.2074432373047,0.3323654586876313,18.792556762695312,31.057655334472656,9.862030029296877,19.538116455078125,0.8140179086947512,115.27705383300778,144.6668586730957,0.3323654586876313,11.090354888959125,4.747338394746091,4.974433572664795,1,df40_dit
C:\My_Project\AIGC\DiT\cdf\Fake_from_Youtube-real\00289\27470.png,fake,df40_dit,256,256,65536,0.1517482175822895,0.0641196370124816,0.0038847434334456,0.0605858601629734,0.0002964403538499,-3.9968310529036826,0.7449491062720742,-0.1849122196435928,38.53957748413086,119.83858489990234,1.8662561630833143,0.1887878019181156,1.3707897622345324,0.7702312065562079,0.2716642561561397,2.0172674655914307,18.420284271240234,0.2101951390504837,0.4086072608993548,0.7892693394508644,0.3417441844940185,36.72384643554688,158.45274353027344,64.51914978027344,201.4467010498047,0.3321914819419975,22.553298950195312,29.38423728942871,0.1810321807861328,6.948612213134766,0.807843974490531,121.72889709472656,136.92755126953125,0.3321914819419975,11.090354888959125,4.801796417121909,4.919451963101869,1,df40_dit
C:\My_Project\AIGC\DiT\cdf\Fake_from_Celeb-real\id29_0006\20335.png,fake,df40_dit,256,256,65536,0.2161352908941806,0.1033693850040435,0.0055032516829669,0.0532387010753154,0.0007550129666924,-4.094367984222807,1.085849375211147,-0.2043299376964569,49.01891708374024,160.4130096435547,1.7974363783538314,0.2034638812769358,1.7055831602031395,0.7692500836060157,0.3381260090502428,2.016263008117676,18.59004211425781,0.0986721962690353,0.4365347521150147,0.8295193196108248,0.1605802476406097,46.09599304199219,164.21849060058594,61.934303283691406,203.0637359619141,0.3322417304484031,20.936264038085938,27.48178482055664,3.5127944946289062,18.573680877685547,0.8241557403465194,118.12249755859375,141.12943267822268,0.3322417304484031,11.090354888959125,4.771722200900355,4.949677431565378,1,df40_dit
C:\My_Project\AIGC\DiT\cdf\Fake_from_Celeb-real\id26_0007\11812.png,fake,df40_dit,256,256,65536,0.187351193292096,0.1284372210502624,0.0092003671452403,0.0716331824660301,0.0013908601831644,-4.054793660374296,1.3046266250856318,0.0678172707557678,61.4919319152832,245.497802734375,1.9558033959425245,0.1683711290657396,2.1483745960295453,0.7571493191389727,0.2298445267071428,2.4250197410583496,22.327465057373047,0.3159459829330444,0.337671664848699,0.8747824407116588,-0.5499892830848694,76.85057067871094,195.249267578125,68.46043395996094,210.5328826904297,0.3352437977319099,13.467117309570312,34.55132293701172,14.53226089477539,8.948638916015625,0.8292733018080867,118.39869689941406,142.07244873046875,0.3352437977319099,11.090354888959125,4.774057716472229,4.956337129819551,1,df40_dit
C:\My_Project\AIGC\DiT\cdf\Fake_from_Celeb-real\id35_0009\23504.png,fake,df40_dit,256,256,65536,0.1061961442561591,0.0747331753373146,0.0032757883891463,0.0438331216573715,0.0002240858593722,-4.370857169245996,1.1971090268646214,0.4091385304927826,228.48175048828125,664.8048095703125,1.738258691253502,0.2320766409254729,7.654118767313008,0.7186456511293364,0.3006720796803424,4.1212477684021,35.846317291259766,0.1037476807832717,0.4462227377573895,0.750359911471812,0.1580161601305008,49.29828643798828,161.32777404785156,62.731727600097656,199.6676025390625,0.305740910092884,24.3323974609375,66.6229019165039,17.190776824951172,19.22600555419922,0.8181525389597155,112.02948760986328,136.93587493896484,0.305740910092884,11.090354888959125,4.718762118873332,4.919512750112033,1,df40_dit
C:\My_Project\AIGC\DiT\ff\220\5253.png,fake,df40_dit,256,256,65536,0.0795562029608939,0.1091555878520011,0.0078957881778478,0.0723351761698722,0.0002864373091142,-4.088424507105744,1.1979272765751623,0.2295965105295181,85.1024398803711,258.3764343261719,1.9641175539030853,0.1703517036803411,2.906367151431208,0.7003009381415101,0.1589208010597812,3.076791286468506,18.01186752319336,0.1399164795875549,0.4097141261130946,0.8049292679019147,0.2353927940130233,39.72993469238281,164.9718017578125,59.55304718017578,205.24002075195312,0.3636421511726982,18.759979248046875,38.50722503662109,29.10636711120605,14.574722290039062,0.8294906995630669,125.24186706542969,145.68697357177734,0.3636421511726982,11.090354888959125,4.830246804247352,4.981460303382514,1,df40_dit
C:\My_Project\AIGC\DiT\ff\695\8806.png,fake,df40_dit,256,256,65536,0.0537467666153715,0.0274847466498613,0.0037428513169288,0.1361792087554931,0.0001203429928864,-4.074302009114142,0.8490476112341407,0.4167859852313995,101.85803985595705,209.2110290527344,1.9171264797749303,0.1919068920766249,3.502797495383194,0.6119366265574597,0.1601380527078343,4.362545967102051,19.24448013305664,0.104474201798439,0.4505084968576766,0.6923850289684302,0.1702632009983062,48.91118621826172,161.87867736816406,67.0748291015625,197.09559631347656,0.2927319808138435,26.90440368652344,49.60378646850586,1.2238311767578125,3.447547912597656,0.8177389781596105,112.96749114990234,130.02076721191406,0.2927319808138435,11.090354888959125,4.727100088383022,4.867694185481218,1,df40_dit
C:\My_Project\AIGC\DiT\cdf\Fake_from_Celeb-real\id33_0008\24852.png,fake,df40_dit,256,256,65536,0.1729839042850556,0.0580257251858711,0.0017950348556041,0.0309351570904254,0.0001735954574542,-4.039221114691769,0.5201494866799644,-0.129128560423851,48.22973251342773,96.04944610595705,1.8834754657822088,0.1924011170094532,1.7206174976915976,0.6821212449189097,0.1594744732740229,2.4967591762542725,25.580150604248047,0.0337780527770519,0.4222915094712494,0.7003754924405001,0.0347577184438705,51.107051849365234,169.00692749023438,66.02127075195312,204.0552673339844,0.3243421363048796,19.944732666015625,34.74351501464844,8.186649322509766,20.696990966796875,0.7950866188573436,117.89987564086914,138.03399658203128,0.3243421363048796,11.090354888959125,4.7698357527579445,4.927500006861227,1,df40_dit
C:\My_Project\AIGC\DiT\cdf\Fake_from_Celeb-real\id11_0006\24016.png,fake,df40_dit,256,256,65536,0.0971887228443635,0.1132059246301651,0.0063363998197019,0.0559723377227783,0.0003759667451959,-3.70172455454224,0.6797116724569351,-0.4552710056304931,13.986665725708008,51.1395378112793,1.9054532772958463,0.1779539735056072,0.5848586103416433,0.8338169458315408,0.2776711766060741,1.2608267068862915,17.698774337768555,0.3339304327964782,0.3395374981790596,0.881062255643216,-0.7383338212966919,83.38095092773438,208.42599487304688,66.17008972167969,201.874267578125,0.3381922609140168,15.574005126953123,13.45421314239502,1.7617053985595703,2.2799835205078125,0.8275730788500368,125.0450439453125,135.7041778564453,0.3381922609140168,11.090354888959125,4.82867402395377,4.91047735381307,1,df40_dit
C:\My_Project\AIGC\DiT\cdf\Fake_from_Youtube-real\00023\12195.png,fake,df40_dit,256,256,65536,0.1698485081291311,0.095539815723896,0.0042462348937988,0.0444446615874767,0.0003523802151903,-3.988079585483255,0.8774336400327177,-0.2055927515029907,47.097774505615234,137.10232543945312,1.914794945651486,0.1765737950628075,1.6447201061865182,0.7665221292162232,0.2704002424698499,2.0219926834106445,20.467079162597656,0.0143057759851217,0.4419729167073264,0.7942812193810473,-0.0079457340762019,52.91065216064453,170.5509033203125,67.57434844970703,208.0618438720703,0.3293802663879049,15.938156127929688,31.84174346923828,17.176658630371094,24.13599395751953,0.8144963060316002,117.64025115966797,140.48749542236328,0.3293802663879049,11.090354888959125,4.767631248668792,4.945118484260441,1,df40_dit
C:\My_Project\AIGC\DiT\cdf\Fake_from_Celeb-real\id55_0007\3851.png,fake,df40_dit,256,256,65536,0.0710279683719379,0.1264024823904037,0.0077335252426564,0.0611817464232444,0.0003821637365035,-4.12895187684081,1.3208891252146673,0.0099784722551703,72.70637512207031,242.77967834472656,1.9437895607348776,0.171019944584603,2.5248381232686974,0.7487436815084011,0.2377224779494801,2.573261022567749,26.50551986694336,0.2834694981575012,0.37739375992811,0.8116731464868897,0.4634172320365906,29.4899845123291,151.62582397460938,62.76689910888672,204.14227294921875,0.3441286663600656,19.85772705078125,25.55534172058105,16.185441970825195,0.1161575317382812,0.833919715255405,122.13583946228027,141.37537384033203,0.3441286663600656,11.090354888959125,4.805133863536081,4.9514185787499025,1,df40_dit
C:\My_Project\AIGC\DiT\cdf\Fake_from_Celeb-real\id16_0006\18374.png,fake,df40_dit,256,256,65536,0.1444771978804521,0.1091005578637123,0.0054767346009612,0.050198957324028,0.000390846398659,-4.231387590033023,1.2221023623548095,0.0623697713017463,114.79150390625,345.24517822265625,1.8630840866122025,0.1954175026801068,3.925663088642657,0.6616229511644268,0.1413072726979394,3.256559371948242,25.94439125061035,0.043762844055891,0.4225976909976604,0.8173603620513735,-0.0645530894398689,54.90615463256836,175.7665252685547,60.24340057373047,203.80743408203125,0.3458068060389507,20.19256591796875,42.542510986328125,11.447654724121094,2.6162185668945312,0.817741090781027,120.86037063598633,143.56403350830078,0.3458068060389507,11.090354888959125,4.794635917584232,4.966781162208902,1,df40_dit
C:\My_Project\AIGC\DiT\cdf\Fake_from_Youtube-real\00070\22616.png,fake,df40_dit,256,256,65536,0.1640858312873395,0.1315395981073379,0.0025281512644141,0.0192196983844041,0.0002007526054512,-3.905216259985707,0.6433120639867884,-0.4191747009754181,33.05381393432617,64.94190216064453,1.8247485382751776,0.2062823261036966,1.231624826869805,0.7221370171939429,0.194442785934622,1.7820017337799072,29.15065193176269,0.0247501824051141,0.4653450325013018,0.7790314387950309,-0.0204780641943216,49.74737930297852,174.4871063232422,63.00535583496094,206.0630798339844,0.3556477487200735,17.936920166015625,27.057493209838867,0.036834716796875,22.26391220092773,0.8234783394809106,124.73972702026367,143.05772399902347,0.3556477487200735,11.090354888959125,4.826229382705841,4.963248213138216,1,df40_dit
C:\My_Project\AIGC\DiT\ff\423\297.png,fake,df40_dit,256,256,65536,0.0575141543103657,0.1287628561258316,0.0068721058778464,0.0533702485263347,0.0002023233973886,-3.994818367421491,1.0694027752565802,-0.1532101780176162,38.09321975708008,147.66741943359375,1.810353628626344,0.2018153076616737,1.3536469875346264,0.8161502322186471,0.2916042767275737,1.6509158611297607,21.43649101257324,0.104882575571537,0.4077938982495117,0.8324972770977441,-0.1439152359962463,59.122535705566406,178.6675262451172,63.98579025268555,204.04052734375,0.3336822827760398,19.95947265625,22.94244956970215,7.93535041809082,5.9315948486328125,0.8359723921477737,119.54499053955078,140.05473709106445,0.3336822827760398,11.090354888959125,4.7836927903877555,4.942033325418734,1,df40_dit
C:\My_Project\AIGC\DiT\cdf\Fake_from_Youtube-real\00151\16112.png,fake,df40_dit,256,256,65536,0.1508801929536022,0.1123867332935333,0.0030288724228739,0.0269504431635141,0.0002169357176171,-3.83958182286896,0.577195247859543,-0.3157636225223541,25.53678131103516,49.872215270996094,1.8729565353510813,0.1911727979946811,0.9961839219759924,0.7421827293382581,0.1834158851696837,1.663783311843872,683.4882202148438,0.2122125625610351,0.4170256019102202,0.8335448759935479,0.3361046910285949,34.88895034790039,159.3663330078125,67.21797180175781,205.12680053710935,0.3421263163000366,18.873199462890625,25.70731544494629,3.1202964782714844,22.909008026123047,0.8172946134839094,124.47738265991211,137.90882873535153,0.3421263163000366,11.090354888959125,4.824124034019376,4.926592805486303,1,df40_dit
C:\My_Project\AIGC\DiT\cdf\Fake_from_Youtube-real\00274\18511.png,fake,df40_dit,256,256,65536,0.2431412872400031,0.0293983053416013,0.0022764678578823,0.0774353444576263,0.0003503320622257,-4.087828580929367,0.6794250605503255,0.1099553182721138,62.627716064453125,194.6158905029297,1.9204032880867228,0.1780232823128404,2.15915801015697,0.7601801539668419,0.27769891171397,2.634247064590454,24.070362091064453,0.0325577370822429,0.4398347171000479,0.7590454426364139,-0.0541103556752204,63.56383895874024,160.58213806152344,77.14604187011719,186.00167846679688,0.2104788885196218,37.998321533203125,38.550872802734375,4.417442321777344,12.872322082519531,0.6130889100174954,97.0182991027832,108.85563659667969,0.2104788885196218,11.090354888959125,4.574899611255264,4.690022569497224,1,df40_dit
C:\My_Project\AIGC\DiT\cdf\Fake_from_Youtube-real\00220\7427.png,fake,df40_dit,256,256,65536,0.0756285980312697,0.0845383256673812,0.0054606567136943,0.0645938590168953,0.0002273025311296,-4.07271008367257,1.0143090230102083,0.0327434204518795,72.3242416381836,197.294189453125,1.9131487843805632,0.1785525346189575,2.5023254270544784,0.7149203620641884,0.1839513144681163,2.732272148132324,14.54593563079834,0.0109341358765959,0.4391192277803561,0.7419483643114495,0.0051245875656604,51.62036895751953,170.73484802246094,63.159629821777344,205.91378784179688,0.3388888545700923,18.086212158203125,31.24172592163086,0.4561920166015625,7.241050720214844,0.8132701492720287,119.1144790649414,142.75415802001953,0.3388888545700923,11.090354888959125,4.780085039626561,4.961123976098034,1,df40_dit
C:\My_Project\AIGC\DiT\cdf\Fake_from_Youtube-real\00101\17088.png,fake,df40_dit,256,256,65536,0.2306630779965038,0.0783363431692123,0.0020518824458122,0.0261932369321584,0.0002471949555911,-4.112638346107881,0.6903537853897244,-0.2621841132640838,55.95339584350586,146.4683074951172,1.867833704183963,0.1862590588017932,1.9604443674976908,0.7444915950433916,0.2627817138046875,2.115868330001831,77.44255828857422,0.0713139176368713,0.4640075196055096,0.7072462025691082,-0.1227126494050026,59.19893646240234,174.7126007080078,63.47774887084961,199.30148315429688,0.312689278511688,24.698516845703125,44.51280975341797,6.703258514404297,45.8388557434082,0.8165911958429106,115.51366424560547,135.82373428344727,0.312689278511688,11.090354888959125,4.749388828121102,4.911357973663796,1,df40_dit
C:\My_Project\AIGC\DiT\cdf\Fake_from_Celeb-real\id13_0015\13664.png,fake,df40_dit,256,256,65536,0.0954159193909994,0.0792336240410804,0.0042192842811346,0.0532511882483959,0.0001923262025229,-3.868245458775251,0.6640992358961291,-0.3591539859771728,25.731618881225582,68.44974517822266,1.8911729406881816,0.1830020103788236,0.9712632733148658,0.798498822837002,0.2389214886757393,1.683379292488098,18.73924827575684,0.3338249623775482,0.39340675102875,0.7741753660436521,0.6563155055046082,34.61446762084961,140.81028747558594,69.73524475097656,212.52622985839844,0.3022123272350946,11.473770141601562,22.39997100830078,4.438175201416016,8.443046569824219,0.4540642520582878,106.19581985473633,142.79098510742188,0.3022123272350946,11.090354888959125,4.665284746966658,4.9613819184128864,1,df40_dit
C:\My_Project\AIGC\DiT\cdf\Fake_from_Youtube-real\00220\19406.png,fake,df40_dit,256,256,65536,0.155940486866882,0.0496615804731845,0.0025213237386196,0.050770103931427,0.0002069249749183,-4.2044903921464805,0.8299323986747649,0.0163421258330345,94.13912963867188,290.0689392089844,1.920415392453477,0.177979918531158,3.2705139081255705,0.7194003163360962,0.1696698743779153,2.8440279960632324,12.943670272827148,0.2714821398258209,0.4137670110242324,0.9694631347155044,-0.4561205506324768,71.90219116210938,189.90040588378903,64.25602722167969,211.87315368652344,0.3471491825812336,12.126846313476562,47.09799575805664,11.347892761230469,24.44857788085937,0.8239439106239992,117.99821472167966,147.61712646484375,0.3471491825812336,11.090354888959125,4.770669494873922,4.994621938394715,1,df40_dit
C:\My_Project\AIGC\DiT\cdf\Fake_from_Youtube-real\00231\20788.png,fake,df40_dit,256,256,65536,0.1853419271975279,0.0602980814874172,0.0047811600379645,0.0792920738458633,0.0005790235591121,-4.144661449733193,1.0188266439396132,0.5707873702049255,166.2668914794922,482.3463439941406,1.8964975443094612,0.1948629043242277,5.713154143582637,0.6174956153070323,0.119407824020719,4.6640496253967285,16.73286247253418,0.2574916779994964,0.4012921120861666,0.8513297408732746,-0.4392232000827789,69.32870483398438,190.52281188964844,64.22089385986328,210.4814453125,0.3532748112797217,13.5185546875,51.5516242980957,2.4952125549316406,13.129440307617188,0.7947262181072574,121.19410705566406,146.26055145263672,0.3532748112797217,11.090354888959125,4.7973934508002065,4.985389630194215,1,df40_dit
C:\My_Project\AIGC\DiT\cdf\Fake_from_Celeb-real\id45_0009\24057.png,fake,df40_dit,256,256,65536,0.1175601847978598,0.0718189775943756,0.0028718886896967,0.0399878807365894,0.000174464774318,-3.921150895637171,0.6338026426358977,-0.2809900045394897,33.68644714355469,101.47225189208984,1.9192840803124376,0.1749754353197154,1.2399748961218842,0.7736175122600348,0.2331773816591191,1.8342889547348025,19.956512451171875,0.3225358128547668,0.3343826863731282,0.8640838419995317,-0.545563817024231,77.52618408203125,196.1212921142578,66.58004760742188,211.18626403808597,0.3417887009671185,12.813735961914062,28.642553329467773,11.30153465270996,15.188827514648438,0.8010673909340369,118.59510803222656,144.6062164306641,0.3417887009671185,11.090354888959125,4.77571523809257,4.974014299330778,1,df40_dit
C:\My_Project\AIGC\DiT\cdf\Fake_from_Celeb-real\id57_0000\8083.png,fake,df40_dit,256,256,65536,0.1775508526943617,0.0331090204417705,0.0021256795153021,0.0642024278640747,0.000181562398211,-4.056027077314636,0.5684476213837166,-0.1035462394356727,42.544921875,128.31094360351562,1.889511822896745,0.1827213759225689,1.4986265004616808,0.7668594749658925,0.2704843444726099,2.0906801223754883,21.743553161621094,0.2004856467247009,0.4057739412098735,0.8957843476564851,0.3274545967578888,39.894901275634766,158.49024963378906,62.69640350341797,202.5867919921875,0.3306431233016414,21.4132080078125,23.82344055175781,1.640228271484375,16.069168090820312,0.836692754821847,118.5953483581543,139.89038848876953,0.3306431233016414,11.090354888959125,4.775717264530996,4.940859176586274,1,df40_dit
C:\My_Project\AIGC\DiT\cdf\Fake_from_Youtube-real\00274\19823.png,fake,df40_dit,256,256,65536,0.1495526031982562,0.092718593776226,0.004483544267714,0.0483564771711826,0.0003123797941952,-3.968108309382267,0.7979716502701368,-0.2772154211997986,37.88249206542969,131.45196533203125,1.8821517079586103,0.1841987020420263,1.3533688250230833,0.762630288731093,0.2530749215142618,1.95096492767334,18.60313034057617,0.1225731521844863,0.4287092857420785,0.8232630688940922,0.2005579173564911,38.81208801269531,165.7366943359375,63.17433166503906,207.9301605224609,0.3661726042475066,16.069839477539062,27.22372817993164,0.1738853454589843,21.050445556640625,0.8427328350682721,126.92460632324219,144.75582885742185,0.3661726042475066,11.090354888959125,4.843593259179975,4.975048384087408,1,df40_dit
C:\My_Project\AIGC\DiT\cdf\Fake_from_Celeb-real\id45_0000\10677.png,fake,df40_dit,256,256,65536,0.1102720270891421,0.0818149670958519,0.0062760077416896,0.0767097771167755,0.0004192782216705,-4.084532748832776,1.12630068716999,0.5282540321350098,119.6756820678711,401.6720275878906,1.915291827632056,0.1788473601939031,3.962467682363804,0.7106838844966636,0.1870408472788768,3.3662240505218506,17.334077835083008,0.1195719689130783,0.4205467644010707,0.7651157817044604,-0.1575085222721099,56.97640228271485,183.1500701904297,64.76506042480469,206.4755859375,0.3563483893707463,17.5244140625,45.53533935546875,7.010421752929688,28.79389190673828,0.806017723966491,126.17366790771484,141.7105255126953,0.3563483893707463,11.090354888959125,4.837659274672793,4.953786424196958,1,df40_dit
C:\My_Project\AIGC\DiT\cdf\Fake_from_Celeb-real\id7_0007\2351.png,fake,df40_dit,256,256,65536,0.1394963599965006,0.1380212306976318,0.0047259628772735,0.0342408418655395,0.0002862974943127,-3.834701826916026,0.785946091314776,-0.3230810463428497,25.471498489379883,63.12865829467773,1.9072708385795425,0.1799939150415029,0.9766187673130194,0.7668305591106155,0.222781655874291,1.5971721410751345,37.91344833374024,0.1440434008836746,0.418582716933792,0.8201254782051707,-0.2485242933034896,60.795204162597656,183.1387176513672,66.57494354248047,204.4729766845703,0.3362350501792501,19.527023315429688,23.66088485717773,1.308879852294922,17.206275939941406,0.825641686201326,122.34351348876953,137.89803314208984,0.3362350501792501,11.090354888959125,4.806832772453609,4.9265145217685316,1,df40_dit
C:\My_Project\AIGC\DiT\cdf\Fake_from_Celeb-real\id52_0001\9750.png,fake,df40_dit,256,256,65536,0.1067800039892731,0.1157948523759841,0.0035906520206481,0.0310087371617555,0.0001908127451315,-3.90161592308748,0.6930509248825955,-0.351989209651947,30.19117546081543,63.53661346435547,1.826939429682268,0.2055671720492844,1.1389467913204063,0.7218033669334727,0.1698536603736659,1.8405145406723025,55.70595550537109,0.2785234749317169,0.4305317132708481,0.6852536325675345,0.4356997907161712,26.962648391723636,156.18829345703125,66.01197052001953,205.6031951904297,0.359509846410436,18.396804809570312,30.86053466796875,1.339599609375,11.782913208007812,0.833739522210962,129.22564506530762,139.59122467041016,0.359509846410436,11.090354888959125,4.861560062869278,4.938718327825319,1,df40_dit
C:\My_Project\AIGC\DiT\cdf\Fake_from_Celeb-real\id10_0009\11187.png,fake,df40_dit,256,256,65536,0.1219128971070188,0.105868674814701,0.0037432131357491,0.0353571325540542,0.0003018574207089,-3.955982075932549,0.7681866309472513,-0.2776538431644439,37.135501861572266,97.46941375732422,1.865405984212103,0.1867193041717643,1.3490143120960283,0.7508738656537235,0.2425885460279367,1.857713222503662,40.385372161865234,0.0386407263576984,0.4484799960266672,0.7809129832302508,0.0434086546301841,50.78590393066406,168.6597442626953,63.81753540039063,204.5504608154297,0.3306108573786666,19.449539184570312,27.66216278076172,6.093841552734375,12.652198791503906,0.8274221250802754,117.87384033203125,140.73292541503906,0.3306108573786666,11.090354888959125,4.7696149027888435,4.9468639482225285,1,df40_dit
C:\My_Project\AIGC\DiT\cdf\Fake_from_Youtube-real\00143\15293.png,fake,df40_dit,256,256,65536,0.2004451812558167,0.079135775566101,0.0052836039103567,0.0667663142085075,0.0006258017383515,-4.135281829301256,1.1105871368856213,0.0757180824875831,85.66451263427734,231.9813232421875,1.8518824900794209,0.1934586969428835,2.899282952446905,0.7088603688190277,0.2759756718102429,2.996165990829468,25.12078857421875,0.0175792723894119,0.392908808526254,0.8941377028730373,-0.0227494202554225,55.347389221191406,170.2070770263672,65.19282531738281,210.82925415039065,0.3333815917733573,13.170745849609377,47.67550659179688,8.023792266845703,6.107795715332031,0.8099138995456912,114.85968780517578,145.63642883300784,0.3333815917733573,11.090354888959125,4.743711277385929,4.981113302497178,1,df40_dit
C:\My_Project\AIGC\DiT\cdf\Fake_from_Celeb-real\id52_0005\11990.png,fake,df40_dit,256,256,65536,0.2111969235465597,0.1124891564249992,0.0042168777436017,0.0374869666993618,0.0003609595587477,-3.979541690326522,0.8413530854685353,-0.3349885046482086,36.96977996826172,119.85922241210938,1.8302329051308217,0.1966251435254028,1.3407332063711903,0.771316623494416,0.2496732224966935,1.6939752101898191,21.76512908935547,0.1587836146354675,0.4474077532948409,0.6314124632006832,0.241928368806839,40.39139938354492,161.43301391601562,69.8448715209961,203.0208740234375,0.3212659111901281,20.9791259765625,36.82394790649414,6.50689697265625,41.65307235717773,0.8335262253783426,121.0416145324707,133.1760025024414,0.3212659111901281,11.090354888959125,4.796134408225167,4.891671580482193,1,df40_dit
C:\My_Project\AIGC\DiT\ff\682\7562.png,fake,df40_dit,256,256,65536,0.1953446636914272,0.0790541246533393,0.0062447260133922,0.0789930447936058,0.0005376070621423,-3.8750648586502527,0.8334048504096402,0.5116575956344604,85.79580688476562,236.44427490234372,1.9155346432367588,0.1832318502582643,2.911096202677744,0.6867663672404759,0.2055588895468455,3.192164421081543,28.86139678955078,0.2085037529468536,0.4309884444276828,0.8021280733715014,0.3480674624443054,34.67300033569336,158.68896484375,66.04357147216797,206.25491333007807,0.3465490432772158,17.745086669921875,42.35555648803711,26.524179458618164,44.283599853515625,0.8096086790083632,124.01596450805664,140.2113418579101,0.3465490432772158,11.090354888959125,4.820410303350693,4.943150869031087,1,df40_dit
C:\My_Project\AIGC\DiT\cdf\Fake_from_Celeb-real\id17_0001\15227.png,fake,df40_dit,256,256,65536,0.1470511040281817,0.0621574036777019,0.0031312585342675,0.0503762774169445,0.000325257948134,-4.392865378926226,1.2661863497366102,0.5082452893257141,358.99188232421875,1499.7723388671875,1.752629959933106,0.2272267434955487,11.741919148199422,0.784045147150864,0.3408324664099996,4.542150974273682,27.28448867797852,0.0357938297092914,0.4458703748756128,0.8388392599575296,0.0397369638085365,50.477684020996094,168.0607452392578,68.96819305419922,205.41842651367188,0.319759170801006,18.581573486328125,47.535404205322266,52.38267517089844,30.807029724121094,0.7815680612224938,117.58306121826172,136.45023345947266,0.319759170801006,11.090354888959125,4.767144987830485,4.915959958105414,1,df40_dit
C:\My_Project\AIGC\DiT\ff\154\7237.png,fake,df40_dit,256,256,65536,0.088352477739721,0.0724743902683258,0.004817547276616,0.0664724111557006,0.0002743339573498,-4.041531564372321,0.9463806121763646,0.7591572999954224,158.34255981445312,398.0311584472656,1.906749747015939,0.196059398976826,5.295644621421975,0.5954646035416249,0.1118988720870455,4.611985683441162,47.5289421081543,0.1823417544364929,0.4424498805251191,0.7661750112004759,0.3074504733085632,44.4037971496582,155.5516815185547,66.64614868164062,202.3060302734375,0.300508387130565,21.6939697265625,62.88396835327149,8.187110900878906,39.590431213378906,0.8274805624623554,111.14788436889648,135.65988159179688,0.300508387130565,11.090354888959125,4.710861606211031,4.910150882686923,1,df40_dit
C:\My_Project\AIGC\DiT\cdf\Fake_from_Celeb-real\id44_0002\997.png,fake,df40_dit,256,256,65536,0.1919999988139564,0.1657721698284149,0.0072729033417999,0.043872881680727,0.0007220156840048,-3.9355539882633703,1.0696017205290589,-0.1410859674215316,36.420501708984375,99.78956604003906,1.81930194358175,0.1962460188605496,1.3189805517082185,0.7686123468669528,0.2756563139823353,1.669058322906494,185.5726776123047,0.2892009913921356,0.4064227447560065,0.8551332741381384,0.5422224998474121,29.522937774658203,148.18582153320312,60.84187316894531,199.7824249267578,0.3285851112600725,24.217575073242188,31.0111083984375,3.3042144775390625,26.609020233154297,0.8236286438512366,118.66288375854492,138.9405517578125,0.3285851112600725,11.090354888959125,4.776286563236565,4.9340461564517,1,df40_dit
C:\My_Project\AIGC\DiT\cdf\Fake_from_Celeb-real\id24_0002\22211.png,fake,df40_dit,256,256,65536,0.1581392512958818,0.0849476978182792,0.0027077689301222,0.0318757183849811,0.000310714560328,-4.152419635792034,0.8774586786596635,-0.0766986757516861,84.79266357421875,156.4136505126953,1.7441935237875152,0.236694964306,2.9454576408125552,0.6206727032695347,0.1266890884591626,3.1556873321533203,49.643192291259766,0.0575898438692092,0.4380990946663773,0.8151877359941132,0.0967189744114875,47.93824005126953,167.18997192382812,70.17167663574219,205.64505004882807,0.3219753348638459,18.354949951171875,52.29819107055664,5.596946716308594,8.150253295898438,0.8330545302472565,119.2517318725586,135.47337341308588,0.3219753348638459,11.090354888959125,4.781236652703316,4.908775114833399,1,df40_dit
C:\My_Project\AIGC\DiT\ff\429\1633.png,fake,df40_dit,256,256,65536,0.0759721897366905,0.0524925664067268,0.0038551180623471,0.0734412223100662,0.0002115287206834,-4.222687363126466,1.0552217332535725,0.0617998763918876,138.991943359375,234.1411590576172,1.7860493743513848,0.2234670328428625,4.79421110341643,0.5849885919381713,0.1327246571807592,5.197513103485107,11.07779312133789,0.0951409116387367,0.4018117872394258,0.7869134616324354,0.1343632042407989,46.82386016845703,164.81375122070312,65.51416015625,203.0444183349609,0.3234052172132768,20.955581665039062,34.187599182128906,11.210988998413086,15.83000946044922,0.8220637896309491,117.9898910522461,137.5302581787109,0.3234052172132768,11.090354888959125,4.7705989517471,4.923843952378624,1,df40_dit
C:\My_Project\AIGC\DiT\cdf\Fake_from_Celeb-real\id7_0008\13967.png,fake,df40_dit,256,256,65536,0.1134109697991897,0.1012016534805297,0.0082252211868762,0.0812755599617958,0.0005074404762126,-3.953885348434983,1.027724820727732,0.2902330458164215,78.25109100341797,296.718994140625,1.9347304901129887,0.1797735340542616,2.654201869806092,0.6761197314694689,0.1574369508824871,3.208430051803589,26.10404586791992,0.2877377867698669,0.4101207542551002,0.7936659446068942,-0.4921563863754272,75.77473449707031,192.115234375,66.37258911132812,204.01519775390625,0.3191448081548905,19.98480224609375,31.0325927734375,5.421802520751953,3.9912261962890634,0.8254535922373663,116.34049987792969,137.64260864257812,0.3191448081548905,11.090354888959125,4.75652123517211,4.924660533398461,1,df40_dit
C:\My_Project\AIGC\AIGuard\unseen\Real_79.jpg,real,aiguard_unseen_real,256,256,65536,0.1368459055532581,0.1651223301887512,0.0137525415048003,0.0832869932055473,0.0011381439398974,-3.2863939613990616,0.5568936125930243,1.632097840309143,241.04139709472656,544.6491088867188,2.15314522102562,0.132325548571579,7.249193501846708,0.582980297468862,0.2057214149898603,6.5290117263793945,65.57010650634766,0.1223329380154609,0.4187011888466195,1.170021130623754,-0.2042601853609085,44.76434326171875,206.07049560546875,35.78204345703125,228.44461059570312,0.6193729553134679,-4.444610595703125,,,,,161.30615234375,192.66256713867188,0.6193729553134679,11.090354888959125,5.083304126646482,5.260940301950929,0,df40_dit
C:\My_Project\AIGC\lfw\Isidro_Pastor\Isidro_Pastor_0001.jpg,real,lfw,250,250,62500,0.2857501391814478,0.06634072214365,0.0061792843043804,0.0931446552276611,0.0011471647303551,-3.7781954655008825,0.8122194680875623,1.141132950782776,192.0778045654297,788.04931640625,1.9873940539678936,0.1767385809285498,6.178763561865182,0.7173220793540191,0.3028536134230156,4.7243170738220215,38.64775466918945,0.1850103139877319,0.4256085979726068,0.9460850673291984,0.3466579020023346,63.82373046875,151.42791748046875,75.02478790283203,169.8792724609375,0.1656100526970755,54.1207275390625,62.74987411499024,26.65119171142578,19.982742309570312,,87.60418701171875,94.85448455810547,0.1656100526970755,11.042921835724492,4.472828793737537,4.552343975791595,0,df40_dit
C:\My_Project\AIGC\lfw\Suzanne_Torrance\Suzanne_Torrance_0001.jpg,real,lfw,250,250,62500,0.2224256222961362,0.065635472536087,0.0041984366253018,0.0639659613370895,0.0009639395284466,-4.234997506429525,1.2156505045095711,1.1095328330993652,493.3544616699219,1264.533447265625,1.9887037101373533,0.1736471246848847,15.650330967220652,0.5164799935774126,0.1460303613189268,8.897444725036621,45.118106842041016,0.033476959913969,0.4753017692970743,0.9447866473741198,0.0828971788287162,72.66468811035156,151.7158203125,72.10796356201172,162.0543975830078,0.1417085348952803,61.94560241699219,85.17086029052734,3.151802062988281,39.031394958496094,,79.05113220214844,89.9464340209961,0.1417085348952803,11.042921835724492,4.370094886160737,4.499214315597313,0,df40_dit
C:\My_Project\AIGC\lfw\Michael_Doleac\Michael_Doleac_0001.jpg,real,lfw,250,250,62500,0.3051789116292379,0.0826784819364547,0.0055657452903687,0.0673179402947425,0.0013469171244651,-3.790922893299784,0.7053282343442199,1.0229281187057495,264.3271484375,890.4072265625,2.031156303325639,0.155198258888915,8.713908991228037,0.6715156960947355,0.2973352602844238,5.090821743011475,21.28413772583008,0.1514111012220382,0.4160888796383083,0.7088743519957073,-0.2014482319355011,78.02314758300781,159.0416259765625,71.43004608154297,170.50137329101562,0.159969072523546,53.498626708984375,59.138790130615234,15.42987060546875,21.087974548339844,,81.01847839355469,99.07132720947266,0.159969072523546,11.042921835724492,4.394677256970621,4.595840067579091,0,df40_dit
C:\My_Project\AIGC\lfw\Fernando_Velardez\Fernando_Velardez_0001.jpg,real,lfw,250,250,62500,0.1959889470143518,0.0619702711701393,0.0040003010071814,0.0645519345998764,0.000602375366725,-4.27956529372497,1.1891698702501357,0.5260888338088989,299.9261169433594,951.718017578125,1.845571895497516,0.1959086731541708,10.217929939981522,0.6525129820242689,0.2099265386221866,5.6622633934021,30.20270156860352,0.2616223096847534,0.4072702886601758,0.7863074977832976,-0.4355112612247467,85.4256820678711,164.8477783203125,69.78704833984375,168.9552764892578,0.1569704352931049,55.04472351074219,61.9531478881836,0.2843132019042969,7.1966094970703125,,79.4220962524414,99.16822814941406,0.1569704352931049,11.042921835724492,4.374776619870533,4.596817682238119,0,df40_dit
C:\My_Project\AIGC\lfw\Todd_Haynes\Todd_Haynes_0003.jpg,real,lfw,250,250,62500,0.1523992746033063,0.0879316627979278,0.0072169974446296,0.0820750743150711,0.0007298637065105,-4.050547451223504,1.0661807922019235,0.8747352957725525,261.5115661621094,716.2388305664062,1.9352344312727685,0.1766363340137104,8.640652412280682,0.6609086519903029,0.1947745393258803,5.349404335021973,19.933258056640625,0.0246736966073513,0.4620147981834877,0.818326334432622,-0.0298957470804452,69.12833404541016,156.11070251464844,70.42706298828125,173.59881591796875,0.1788529063485987,50.40118408203125,85.04766845703125,20.05867958068848,52.836570739746094,,86.98236846923828,103.1717529296875,0.1788529063485987,11.042921835724492,4.46570543684289,4.6363951036598845,0,df40_dit
C:\My_Project\AIGC\lfw\Mack_Brown\Mack_Brown_0002.jpg,real,lfw,250,250,62500,0.1826693343263745,0.0968744605779647,0.0116368578746914,0.1201230660080909,0.0015919723082333,-3.930487121136193,1.18464061425334,1.3724453449249268,412.1922912597656,1292.4700927734375,2.0638753283076907,0.1494064354886615,13.137644275161536,0.6338971889537797,0.1216556569654365,7.318446636199951,26.565427780151367,0.0736816227436065,0.3986724916811429,0.7613337544292215,-0.0779699459671974,70.45852661132812,160.27447509765625,66.40042114257812,177.08102416992188,0.1981202834012204,46.918975830078125,62.40994644165039,10.306537628173828,35.98572540283203,,89.81594848632812,110.68060302734375,0.1981202834012204,11.042921835724492,4.497762559609598,4.706648603289714,0,df40_dit
C:\My_Project\AIGC\lfw\Eric_Lloyd\Eric_Lloyd_0001.jpg,real,lfw,250,250,62500,0.1446482695532446,0.0803634226322174,0.010470169596374,0.1302852630615234,0.0010494665475562,-4.046160981418265,1.3267355567754275,0.8479613661766052,300.6001892089844,920.3864135742188,1.846174239392281,0.2178723304681805,9.5542656394275,0.4910965562338669,0.0797778661824785,7.239018440246582,35.117130279541016,0.030946746468544,0.4342271083287649,1.0215905894116082,0.0685972496867179,66.02958679199219,155.82159423828125,73.23881530761719,177.4189453125,0.1864346103546277,46.5810546875,64.6999282836914,18.890626907348636,54.099082946777344,,89.79200744628906,104.18013000488281,0.1864346103546277,11.042921835724492,4.497495967408193,4.6461214202034125,0,df40_dit
C:\My_Project\AIGC\lfw\Franco_Frattini\Franco_Frattini_0001.jpg,real,lfw,250,250,62500,0.2827569356147424,0.0643481016159057,0.0069427471607923,0.1078935787081718,0.0011831898009404,-3.9973458120963032,1.02626578254802,0.9831509590148926,191.23501586914065,590.1715087890625,2.0741826837868094,0.1463315996315418,6.393683921975981,0.6652618296052321,0.2230034164813507,5.034965515136719,35.79803466796875,0.0299138091504573,0.4211818663158372,0.852515271009513,-0.0562996976077556,72.0537338256836,158.1487274169922,68.65898132324219,166.41502380371094,0.167735687397713,57.58497619628906,71.7255630493164,18.15062713623047,9.034530639648438,,86.0949935913086,97.75604248046875,0.167735687397713,11.042921835724492,4.455451263300707,4.582475012611935,0,df40_dit
C:\My_Project\AIGC\lfw\Laura_Schlessinger\Laura_Schlessinger_0001.jpg,real,lfw,250,250,62500,0.17522076663552,0.0416504479944705,0.0050717503763735,0.1217693984508514,0.0004816549189854,-4.162277910502644,1.1301789196897742,0.966098964214325,256.7963256835937,639.376708984375,2.043314474416834,0.1534458193765089,8.599025277008291,0.6207150766930691,0.2103956410879482,6.240592002868652,34.42380142211914,0.1630154699087143,0.415291725596182,1.2185077265138855,0.2918994724750519,58.71875381469727,149.67127990722656,67.74092102050781,173.41766357421875,0.1915570528637176,50.58233642578125,89.45902252197266,27.495391845703125,26.76387023925781,,90.9525260925293,105.67674255371094,0.1915570528637176,11.042921835724492,4.510337679097715,4.660384836061029,0,df40_dit
C:\My_Project\AIGC\lfw\Cori_Enghusen\Cori_Enghusen_0001.jpg,real,lfw,250,250,62500,0.2517194764756209,0.0648684725165367,0.0046263765543699,0.0713193416595459,0.0007996115018613,-4.426749897812502,1.377167416252201,0.4920524954795837,230.80630493164065,826.0831298828125,1.872976590833785,0.1935420252789263,7.867836161126476,0.6879374664302198,0.2962412167631119,4.757943153381348,21.153478622436523,0.330668568611145,0.3132816652849266,0.6605682892463731,-0.902007520198822,129.93992614746094,198.33740234375,78.6492691040039,163.22808837890625,0.1152937216610604,25.66259765625,48.83109664916992,9.001296997070312,0.2584762573242187,,68.39747619628906,84.57881927490234,0.1152937216610604,11.042921835724492,4.225335926232695,4.437683872085261,0,df40_dit
C:\My_Project\AIGC\lfw\Wayne_Gretzky\Wayne_Gretzky_0004.jpg,real,lfw,250,250,62500,0.1471039498874437,0.1028670743107795,0.0123617714270949,0.1201722845435142,0.0011639379663392,-3.804590982687128,1.051685433629239,1.4812575578689575,472.89306640625,1393.90673828125,2.1034511514580503,0.1405944832162726,15.331840951061857,0.625847598415532,0.2722415866243599,7.894045352935791,27.36842918395996,0.1256123930215835,0.4197430528971749,1.0535278411773283,-0.1903588324785232,73.92186737060547,159.78538513183594,67.8013687133789,171.6256866455078,0.1776690283564451,52.37431335449219,108.84378814697266,46.55728530883789,10.026222229003906,,85.86351776123047,103.8243179321289,0.1776690283564451,11.042921835724492,4.452759032854294,4.642700220096047,0,df40_dit
C:\My_Project\AIGC\lfw\Platon_Lebedev\Platon_Lebedev_0001.jpg,real,lfw,250,250,62500,0.2387420401756582,0.0481890216469764,0.0049340515397489,0.1023895293474197,0.0005144368624314,-4.089510207330687,0.9208229312654852,0.90633362531662,225.29281616210935,589.5450439453125,2.0361899788577404,0.1560756066897073,7.370718490304696,0.6520711316323397,0.2546673588500481,5.602987289428711,22.39111328125,0.0738781094551086,0.4288146267530464,0.9042584024466354,-0.1155961453914642,73.1976547241211,156.83074951171875,69.3826675415039,168.3990478515625,0.1650399856504294,55.6009521484375,100.68184661865234,14.961341857910156,13.829330444335938,,83.63309478759766,99.0163803100586,0.1650399856504294,11.042921835724492,4.426439312419581,4.595285294125338,0,df40_dit
C:\My_Project\AIGC\lfw\Paul_Bremer\Paul_Bremer_0011.jpg,real,lfw,250,250,62500,0.1602176862099925,0.093498446047306,0.0090492079034447,0.0967845767736435,0.0011774533195421,-3.909040089387454,1.0715296964346557,1.1230669021606443,282.124755859375,942.8582763671876,2.066992088903776,0.1491964579323637,9.280643755770992,0.5997772477886836,0.1551838183553096,6.662333011627197,27.630189895629883,0.1015405058860778,0.4314239285243681,0.8515577397402496,-0.129695326089859,72.56629943847656,158.68226623535156,67.60468292236328,172.27798461914062,0.1796484887882445,51.722015380859375,51.19282150268555,13.507431030273438,15.939666748046877,,86.115966796875,104.67330169677734,0.1796484887882445,11.042921835724492,4.45569483903622,4.650844087238382,0,df40_dit
C:\My_Project\AIGC\lfw\Tommy_Shane_Steiner\Tommy_Shane_Steiner_0001.jpg,real,lfw,250,250,62500,0.2270437644432184,0.0342858098447322,0.0023535743821412,0.0686457306146621,0.0002802464296109,-4.234201119141633,0.8453285060073333,0.3145108222961426,114.40901184082033,283.3729858398437,1.9698393297940868,0.170884865217038,3.906909048938132,0.6688273363743732,0.2588598752571477,4.019526958465576,23.51854705810547,0.0251328200101852,0.4482143121296245,0.94500997464593,0.0378567837178707,66.01918029785156,155.59136962890625,68.71864318847656,175.99392700195312,0.1915035481561573,48.00607299804688,56.97008895874024,12.807706832885742,19.213607788085938,,89.57218933105469,107.27528381347656,0.1915035481561573,11.042921835724492,4.4950448848706985,4.675398276536885,0,df40_dit
C:\My_Project\AIGC\lfw\Janela_Jara\Janela_Jara_0001.jpg,real,lfw,250,250,62500,0.0435197986863355,0.098047100007534,0.0085938861593604,0.0876505896449089,0.0002701394259929,-3.869606733799764,1.0107883898731662,0.4849188029766083,108.06806182861328,329.9053955078125,1.8684144678167247,0.2055297805487439,3.6693513388734953,0.5876647484757265,0.1337249833539712,4.382804393768311,18.87220764160156,0.1137349605560302,0.4502534498600647,0.7290969114256793,0.1931117326021194,62.98787689208984,149.7799835205078,72.40644073486328,166.93898010253906,0.1635179814384254,57.06101989746094,47.65109634399414,7.073749542236328,9.394912719726562,,86.79210662841797,94.53253936767578,0.1635179814384254,11.042921835724492,4.46351568007062,4.548944107164139,0,df40_dit
C:\My_Project\AIGC\lfw\Constance_Marie\Constance_Marie_0002.jpg,real,lfw,250,250,62500,0.1542389559344193,0.1023959815502166,0.0059519452042877,0.0581267438828945,0.0006925612105987,-4.0371795707715545,1.1009057462781933,0.925538182258606,332.55029296875,976.9891967773438,1.9437088669403784,0.176734590669415,11.004796860572467,0.6033898244405151,0.2046698305955799,6.113613605499268,23.885292053222656,0.1428183019161224,0.4662954995348646,1.099926752768345,-0.2446204274892807,74.76370239257812,161.60166931152344,71.59278106689453,174.65402221679688,0.1783647291454214,49.345977783203125,94.2531967163086,14.520305633544922,34.64270782470703,,86.83796691894531,103.06124114990234,0.1783647291454214,11.042921835724492,4.464043932932085,4.635323385811284,0,df40_dit
C:\My_Project\AIGC\lfw\Ray_Sherman\Ray_Sherman_0001.jpg,real,lfw,250,250,62500,0.3113156618178649,0.0740815252065658,0.0061173397116363,0.0825757756829261,0.0016910794656723,-3.8354099931254,0.8577279394475585,1.1700550317764282,260.7453308105469,869.4234008789062,1.873170626870989,0.2241607270405621,8.459722991689736,0.7707202935059294,0.3872982085549601,5.124155521392822,32.672576904296875,0.024573840200901,0.4480634342738441,0.9726580460176624,-0.0282227490097284,69.9433822631836,155.81301879882812,69.94095611572266,176.41905212402344,0.1822232821117715,47.58094787597656,47.73810577392578,14.172178268432615,7.556087493896484,,85.86963653564453,106.47809600830078,0.1822232821117715,11.042921835724492,4.452830291947411,4.66793929271268,0,df40_dit
C:\My_Project\AIGC\lfw\Jeremy_Shockey\Jeremy_Shockey_0002.jpg,real,lfw,250,250,62500,0.199818432448929,0.0501645915210247,0.0035651139914989,0.0710683315992355,0.0006270974990911,-4.142300381668908,1.0220504440931684,1.044265627861023,399.2014465332031,1251.734130859375,2.011429447139064,0.1634046982745735,13.115983668051676,0.6800975812580372,0.2153931280925694,6.820482730865479,32.23231887817383,0.1038888171315193,0.39038982493903,1.0472751282427504,-0.1622923165559768,73.58879089355469,160.56809997558594,72.16143798828125,170.86117553710938,0.1710944471176436,53.13882446289063,82.2885513305664,5.577735900878906,26.75090789794922,,86.97930908203125,98.69973754882812,0.1710944471176436,11.042921835724492,4.4656702637260235,4.592082287356145,0,df40_dit
C:\My_Project\AIGC\lfw\Mufti_Mohammad_Syed\Mufti_Mohammad_Syed_0001.jpg,real,lfw,250,250,62500,0.2591997759131478,0.042277131229639,0.0027830149047076,0.0658279061317443,0.0006043668836355,-4.222399460492818,0.9905235047703396,1.0616105794906616,366.8635559082031,973.0131225585938,1.944041448306167,0.18034595869224,11.97953572252996,0.6060588030099111,0.2722928153695481,6.911743640899658,27.31734848022461,0.0890066102147102,0.4115693476636624,0.8049226642028724,0.1509542912244796,63.6104621887207,154.55197143554688,71.67823791503906,178.90646362304688,0.1943458362513065,45.093536376953125,86.3403549194336,16.150127410888672,4.290283203125,,90.94150924682617,107.22822570800781,0.1943458362513065,11.042921835724492,4.510216544331574,4.674959513494466,0,df40_dit
C:\My_Project\AIGC\lfw\Jason_Clermont\Jason_Clermont_0001.jpg,real,lfw,250,250,62500,0.2140759324761603,0.0398640409111976,0.0034574046730995,0.0867299064993858,0.0004912000149488,-4.449145929930896,1.1905197177182654,0.6798505187034607,477.6809692382813,884.5951538085938,1.9347982585213184,0.1845491187664828,15.834267659279789,0.5613099294075418,0.1623514479348612,8.360487937927246,8.016992568969727,0.2680121660232544,0.4092034369627145,0.9617074959388724,-0.489565908908844,81.96641540527344,168.0724334716797,68.46381378173828,176.45816040039062,0.1853269124883493,47.541839599609375,77.89757537841797,23.71438980102539,10.696380615234377,,86.10601806640625,107.99434661865234,0.1853269124883493,11.042921835724492,4.455579305232709,4.682078879630524,0,df40_dit
C:\My_Project\AIGC\lfw\Brandon_Jones\Brandon_Jones_0001.jpg,real,lfw,250,250,62500,0.2153472289454105,0.0387991815805435,0.0055168247781693,0.1421892046928405,0.0006526607321575,-4.315773792788184,1.2987517679860523,0.9582012891769408,468.4514465332031,1205.8984375,1.97385699811055,0.1801269520128433,15.606637523083974,0.5525822576817038,0.1065503279905216,8.244484901428223,9.211750030517578,0.0303746573626995,0.4151114186144237,1.0619015113430812,0.065603069961071,63.74544525146485,158.60833740234375,67.31957244873047,176.3151397705078,0.2060673379258933,47.68486022949219,70.3071060180664,23.954666137695312,2.966064453125,,94.8628921508789,108.99556732177734,0.2060673379258933,11.042921835724492,4.552432608608733,4.691307214629544,0,df40_dit
C:\My_Project\AIGC\lfw\Toutai_Kefu\Toutai_Kefu_0001.jpg,real,lfw,250,250,62500,0.1495088329930233,0.1074752062559127,0.010562714189291,0.0982804745435714,0.0013588017318397,-3.8576339030858864,1.131592523532624,1.3579888343811035,347.9898681640625,936.8301391601562,2.154838022844611,0.1290022124354415,11.347195579409023,0.6720827435292648,0.1938723444792493,6.94020414352417,29.438539505004883,0.1236165687441825,0.4336051973032635,0.7943372534419808,-0.2111551761627197,76.64990234375,156.97073364257812,76.2791748046875,172.30599975585938,0.1537180007785629,51.69400024414063,98.64808654785156,14.078571319580078,3.4217681884765625,,80.32083129882812,96.02682495117188,0.1537180007785629,11.042921835724492,4.3860290057258675,4.564627579010209,0,df40_dit
C:\My_Project\AIGC\lfw\Jennifer_Renee_Short\Jennifer_Renee_Short_0001.jpg,real,lfw,250,250,62500,0.1374502736210836,0.1129619479179382,0.0093315206468105,0.0826076492667198,0.0008124555461108,-3.998920266869626,1.244217322012866,0.5016936659812927,101.43621826171876,247.1945953369141,2.0082322268894024,0.1679387630794704,3.3605672899353625,0.5869396530019101,0.151661672605082,4.6010026931762695,28.14146041870117,0.0710128545761108,0.4297862417718851,1.051117298216402,0.1315724849700927,66.86721801757812,152.80642700195312,71.94891357421875,172.28941345214844,0.1718587210739408,51.71058654785156,68.4384765625,18.58050537109375,52.99919128417969,,85.939208984375,100.34049987792969,0.1718587210739408,11.042921835724492,4.453640174026796,4.608569400884735,0,df40_dit
C:\My_Project\AIGC\lfw\Atom_Egoyan\Atom_Egoyan_0001.jpg,real,lfw,250,250,62500,0.236609680016248,0.0915849432349205,0.0077192210592329,0.0842848271131515,0.0012798033421859,-3.6029889384045233,0.6014062988839296,1.247338891029358,367.9344787597656,977.7578735351562,2.0123477650672315,0.1622160633918097,12.188020544782995,0.614614450719793,0.1660183099892739,6.846361637115479,19.913463592529297,0.3000293970108032,0.3878441281985377,0.9213758255078144,0.4998796284198761,64.45783233642578,147.89125061035156,74.68991088867188,169.10787963867188,0.1569996388570871,54.892120361328125,57.78737258911133,17.955646514892578,32.368141174316406,,83.43341827392578,94.41796875,0.1569996388570871,11.042921835724492,4.424048927834532,4.547731401965743,0,df40_dit
C:\My_Project\AIGC\lfw\Glen_DaSilva\Glen_DaSilva_0001.jpg,real,lfw,250,250,62500,0.1160646183439715,0.1192812994122505,0.016794478520751,0.1407972425222396,0.0016306951874867,-4.061668405986829,1.5329290475833337,0.63225257396698,288.8482666015625,613.6240234375,1.9172146699568309,0.1956927733637799,9.57088988919667,0.4880577023199332,0.0963393580943532,7.672364711761475,25.98554229736328,0.0457072369754314,0.4453729154250428,0.8533466290403305,-0.0864411443471908,73.69496154785156,154.78189086914062,71.0524673461914,163.23715209960938,0.1489750681023939,60.76284790039063,79.09956359863281,9.995243072509766,7.468048095703125,,81.08692932128906,92.18468475341797,0.1489750681023939,11.042921835724492,4.3955217807008005,4.523794007799828,0,df40_dit
C:\My_Project\AIGC\lfw\Nastia_Liukin\Nastia_Liukin_0001.jpg,real,lfw,250,250,62500,0.1921323007025466,0.0807287916541099,0.0069317575544118,0.0858647525310516,0.0008684700587764,-3.796569361421744,0.7721335305089483,1.196184754371643,369.0603942871094,970.908935546875,1.9461161248470504,0.1862441225381555,12.16006867497688,0.5606680339392756,0.1030908658152525,7.072405815124512,24.473953247070312,0.1092746332287788,0.4469973174197578,0.8691805223656771,-0.1894664317369461,75.36937713623047,160.07540893554688,70.23294830322266,167.5325927734375,0.1642591433864038,56.4674072265625,55.537376403808594,17.415987014770508,5.7261505126953125,,84.7060317993164,97.29964447021484,0.1642591433864038,11.042921835724492,4.439186812809759,4.5777953352306575,0,df40_dit
C:\My_Project\AIGC\lfw\Igor_Ivanov\Igor_Ivanov_0001.jpg,real,lfw,250,250,62500,0.2124550691287821,0.0500750206410884,0.0026152692735195,0.0522270239889621,0.0004053518059663,-4.394975856458396,1.0362397585586565,0.4060641229152679,230.9470672607422,561.5258178710938,1.7171291330764322,0.248314205679681,7.68931584718373,0.4774904172198193,0.0884442936335595,6.014115810394287,16.77884864807129,0.1389665454626083,0.4202004712932908,0.8405531523355121,-0.2380895018577575,73.68152618408203,165.6248779296875,71.5197525024414,170.78269958496094,0.1818911044904638,53.21730041503906,61.97074508666992,23.305583953857425,29.54183959960937,,91.94335174560547,99.26294708251953,0.1818911044904638,11.042921835724492,4.521172645506554,4.597772360253695,0,df40_dit
C:\My_Project\AIGC\lfw\Joan_Laporta\Joan_Laporta_0004.jpg,real,lfw,250,250,62500,0.1608161286687552,0.063922218978405,0.0042443638667464,0.0663988813757896,0.0005006566643714,-4.30808546661316,1.1553659912446936,0.8902121782302856,335.2024841308594,715.208740234375,1.994329663681297,0.1660736390621847,11.010218432594623,0.5785211889790496,0.2289007640423746,6.9319353103637695,22.7005615234375,0.080813355743885,0.4307119481721519,0.9214637699854348,0.1318573802709579,66.79451751708984,151.0620574951172,69.99308776855469,168.10450744628906,0.1647721615910893,55.89549255371094,90.1436996459961,28.9692325592041,21.974891662597656,,84.26753997802734,98.11141967773438,0.1647721615910893,11.042921835724492,4.43399673721419,4.586103768335965,0,df40_dit
C:\My_Project\AIGC\lfw\Mike_Krzyzewski\Mike_Krzyzewski_0006.jpg,real,lfw,250,250,62500,0.2788248203934617,0.0350695326924324,0.002600597217679,0.0741554573178291,0.0005310322158038,-4.376953260497976,1.0823606761790607,0.6137846112251282,264.0129699707031,832.0701293945312,1.9885465184056668,0.1668674202076547,8.558912742382248,0.6580720699885414,0.2510176396224318,5.53062915802002,26.13973999023437,0.308411180973053,0.3605034310328999,0.906704836868447,0.5549144744873047,58.60693359375,131.0811004638672,78.74380493164062,170.78012084960938,0.1329371675292907,53.21987915039063,85.76521301269531,15.718231201171877,11.347198486328123,,72.47416687011719,92.03631591796875,0.1329371675292907,11.042921835724492,4.283230179331052,4.522183237399189,0,df40_dit
C:\My_Project\AIGC\lfw\Fred_Eckhard\Fred_Eckhard_0001.jpg,real,lfw,250,250,62500,0.2187340559632012,0.0522496402263641,0.0040450845845043,0.0774184241890907,0.0005014428170397,-3.8809596247210503,0.7051344995422718,0.8867299556732178,163.40765380859375,578.062255859375,1.9266245293841604,0.1863600767835484,5.423519736842104,0.7191964884733527,0.2773961844333761,4.337883472442627,30.59423446655273,0.1478423178195953,0.4115276703051203,0.828819262149746,-0.228232055902481,78.70337677001953,158.8312530517578,76.90473937988281,167.27976989746094,0.1443231677349892,56.72023010253906,58.1700553894043,13.109466552734377,22.35132598876953,,80.12787628173828,90.37503051757812,0.1443231677349892,11.042921835724492,4.383623812028528,4.503968018156085,0,df40_dit
C:\My_Project\AIGC\lfw\Kathy_Gannon\Kathy_Gannon_0001.jpg,real,lfw,250,250,62500,0.209813238759696,0.0598472356796264,0.0079279681667685,0.1324700713157653,0.0008088716422207,-4.035204736133832,1.0994639324937587,0.8098936080932617,164.21971130371094,356.2877197265625,2.0727887867818797,0.1515183828116356,5.548413550323168,0.5750577238357752,0.1300031710304779,5.721923351287842,23.75321578979492,0.0735087320208549,0.4284923410741634,1.1365531399380258,-0.1284718662500381,69.93645477294922,162.33885192871094,68.87359619140625,176.34130859375,0.1979088457195182,47.65869140625,81.8439712524414,4.105098724365234,19.58507537841797,,92.40239715576172,107.46771240234375,0.1979088457195182,11.042921835724492,4.526152921555293,4.67719045270806,0,df40_dit
C:\My_Project\AIGC\lfw\Craig_Wilson\Craig_Wilson_0001.jpg,real,lfw,250,250,62500,0.1761400180444132,0.0847583785653114,0.0060010156594216,0.0708014443516731,0.0009318580268882,-3.9350293149120232,0.9624815422671984,1.1124287843704224,421.1943054199219,1262.4361572265625,1.951881411933123,0.1798170575098611,13.69423995844874,0.5719813587834923,0.1130105997826653,7.302420616149902,30.91279983520508,0.1239989325404167,0.4103538325261374,0.8414533986225917,0.1911881268024444,63.79335784912109,151.5938262939453,66.4430160522461,172.03665161132812,0.1847730123341727,51.96334838867188,48.0948371887207,8.699443817138672,19.05848693847656,,87.80046844482422,105.59363555908203,0.1847730123341727,11.042921835724492,4.475066835989301,4.659598100129018,0,df40_dit
C:\My_Project\AIGC\lfw\Judy_Locy\Judy_Locy_0001.jpg,real,lfw,250,250,62500,0.1718604616746495,0.0823343321681022,0.0070171682164072,0.0852277278900146,0.0007263025618158,-3.697313251157037,0.6874124307634489,1.16947603225708,252.7484130859375,934.07373046875,2.008016989990313,0.1614874538308826,8.21293830794089,0.6575065543902208,0.1436132102231022,5.319960117340088,30.86249542236328,0.2017998695373535,0.4401676070617687,1.0696113290052345,-0.3187865912914276,82.84837341308594,163.15936279296875,71.15925598144531,166.8297882080078,0.153128888265609,57.17021179199219,64.4905014038086,12.418624877929688,13.949577331542969,,80.31098937988281,95.6705322265625,0.153128888265609,11.042921835724492,4.3859064656349185,4.560910332824623,0,df40_dit
C:\My_Project\AIGC\lfw\Hideki_Sato\Hideki_Sato_0001.jpg,real,lfw,250,250,62500,0.129554509686428,0.0738595202565193,0.0073535125702619,0.0995607897639274,0.0007209836039692,-4.179095606784955,1.2955063959864563,0.8942650556564331,321.2527770996094,994.4304809570312,2.042842146869618,0.1544922785379647,10.225537569252063,0.6521307042246798,0.1575448222054404,6.3258585929870605,23.128820419311523,0.2049638330936432,0.4308073253784569,1.0065412374860092,-0.3235556185245514,75.5586166381836,164.9951171875,69.57225799560547,178.50582885742188,0.1941692715685156,45.494171142578125,60.28659439086914,27.406543731689453,10.2421875,,89.4365005493164,108.9335708618164,0.1941692715685156,11.042921835724492,4.49352888240382,4.690738254809392,0,df40_dit
C:\My_Project\AIGC\lfw\Andy_Dick\Andy_Dick_0001.jpg,real,lfw,250,250,62500,0.2779682504737432,0.0449241064488887,0.0045479424297809,0.1012361198663711,0.0007556580821983,-4.307590120904872,1.18312759461126,0.7633392810821533,245.34490966796875,490.3749084472656,2.040192139402857,0.1538479593285715,8.134180228531845,0.6080575517134019,0.2907984344759727,6.313828945159912,20.255739212036133,0.276705652475357,0.3026139661457584,0.7774277375927876,0.5876522064208984,41.365718841552734,134.7061767578125,65.98916625976562,166.6666259765625,0.1872863558635925,41.365718841552734,68.99260711669922,6.875778198242188,11.790916442871094,,93.34045791625977,100.67745971679688,0.1872863558635925,11.042921835724492,4.536253646404855,4.611921938689335,0,df40_dit
C:\My_Project\AIGC\lfw\Manfred_Reyes_Villa\Manfred_Reyes_Villa_0001.jpg,real,lfw,250,250,62500,0.187911438702105,0.0849242284893989,0.0089481528848409,0.1053663119673729,0.0011164437746629,-4.346056462894773,1.649618419045406,0.6790155172348022,337.2181396484375,979.2052612304688,1.938431107043954,0.1838524773536946,11.317042070637092,0.6128881765607221,0.1355019576490738,6.307397842407227,26.48699378967285,0.3090899288654327,0.3839327577898402,0.8200536224594076,0.5574222803115845,55.35948944091797,135.0089874267578,70.67951965332031,167.3001251220703,0.1533757716971028,55.35948944091797,74.424072265625,23.461997985839844,9.204963684082031,,79.64949798583984,96.62060546875,0.1533757716971028,11.042921835724492,4.377635733584655,4.5707920256016585,0,df40_dit
C:\My_Project\AIGC\lfw\Kwon_Yang-sook\Kwon_Yang-sook_0001.jpg,real,lfw,250,250,62500,0.2072603145548373,0.0785436928272247,0.0071176048368215,0.0906196907162666,0.0007054166053421,-3.99202786418422,1.0100397433008976,0.7645292282104492,137.76046752929688,314.2854309082031,2.111010115891003,0.1406245368662003,4.560476685133886,0.6230261542833685,0.1987855187647849,4.927238941192627,35.40900039672852,0.1398248821496963,0.4301477156442955,0.99291820185414,0.240372821688652,65.02728271484375,148.7216796875,72.10810852050781,167.54580688476562,0.1591916576262519,56.454193115234375,77.92105865478516,9.214397430419922,47.01058197021485,,83.69439697265625,95.43769836425781,0.1591916576262519,11.042921835724492,4.4271720334704545,4.558473661449596,0,df40_dit
C:\My_Project\AIGC\lfw\Jim_Greenwood\Jim_Greenwood_0001.jpg,real,lfw,250,250,62500,0.1961957485678125,0.0442535355687141,0.0028437515720725,0.0642604380846023,0.0004549849545583,-4.271324641092437,1.0743307987446382,0.2393088489770889,168.1324462890625,600.7500610351562,1.932269419075508,0.1751477187099877,5.55762753924284,0.697827461722037,0.2074903329831007,4.3056159019470215,26.62606239318848,0.2131069451570511,0.416766731543806,0.7443205496087282,0.3274047970771789,52.464839935302734,149.64791870117188,56.96844482421875,169.54928588867188,0.218051513566138,52.464839935302734,41.8538703918457,22.950056076049805,5.407966613769531,,97.18307876586914,112.58084106445312,0.218051513566138,11.042921835724492,4.576596609540639,4.723671550823866,0,df40_dit
C:\My_Project\AIGC\lfw\Jaymon_Crabb\Jaymon_Crabb_0001.jpg,real,lfw,250,250,62500,0.157269178036552,0.0856501758098602,0.0051203137263655,0.0597817078232765,0.0007334504043683,-4.307778469708735,1.383301356681445,0.7777004837989807,240.2823638916016,729.30859375,1.8911987238023829,0.1900883340577391,7.928528393351783,0.6119769164735813,0.1498818393711403,5.180218696594238,26.20781135559082,0.2523015737533569,0.4124917393712327,0.8526091260045592,0.4401503205299377,60.54778289794922,140.93482971191406,72.98631286621094,167.48097229003906,0.1513900392772029,56.51902770996094,66.07992553710938,27.958927154541016,8.013015747070312,,80.38704681396484,94.49465942382812,0.1513900392772029,11.042921835724492,4.386853053926383,4.548543318869154,0,df40_dit
C:\My_Project\AIGC\lfw\Mark_Kelly\Mark_Kelly_0001.jpg,real,lfw,250,250,62500,0.1745680685071606,0.0724290162324905,0.0075893052853643,0.1047826632857322,0.0006168495165184,-4.019872125408929,1.0371984239347392,0.5811585187911987,120.69319152832033,299.5162048339844,1.9743984863468496,0.1757762302015782,4.0868034395198505,0.623765353500676,0.1401039482399696,4.489048004150391,22.45005226135254,0.2247390896081924,0.4296805950261246,0.8253467524708797,0.3714269995689392,50.07884216308594,148.79652404785156,63.82565307617188,177.34243774414062,0.2233361335585534,46.657562255859375,46.64589691162109,21.126876831054688,31.465133666992188,,98.71768188476562,113.51678466796875,0.2233361335585534,11.042921835724492,4.59226407816304,4.7319507085250825,0,df40_dit
C:\My_Project\AIGC\lfw\Glenn_Plummer\Glenn_Plummer_0001.jpg,real,lfw,250,250,62500,0.1691065513839605,0.0665178969502449,0.0040490552783012,0.060871671885252,0.0004977792268618,-4.275850168290877,1.1022183445743172,0.2694751322269439,135.01724243164062,407.8361206054688,1.9191674214900776,0.1872875065865093,4.588802804709135,0.626808341614474,0.1438625972236289,4.135251045227051,19.609561920166016,0.3188019096851349,0.3978542549916655,0.8532923263708853,-0.5796561241149902,87.213134765625,172.52459716796875,71.0124740600586,177.09498596191406,0.1803661955050487,46.90501403808594,53.67571640014648,24.07260513305664,18.89585876464844,,85.31146240234375,106.08251190185547,0.1803661955050487,11.042921835724492,4.446308822988468,4.664217205473336,0,df40_dit
C:\My_Project\AIGC\lfw\Robin_Williams\Robin_Williams_0001.jpg,real,lfw,250,250,62500,0.1868277130922197,0.0617927722632885,0.006016903091222,0.0973722785711288,0.0008542358409613,-4.006272877932081,1.05208761518413,1.2343392372131348,582.6625366210938,1698.8560791015625,2.0423258511859874,0.155877402105812,18.903345452446885,0.5423182743659802,0.1797175673578282,10.082549095153809,22.92075538635254,0.2016056925058365,0.4305471306371988,0.9143549197417552,-0.3329863250255584,81.39580535888672,163.26280212402344,68.89742279052734,169.85757446289062,0.1647262518010419,54.142425537109375,75.11804962158203,4.439079284667969,12.351806640625,,81.86699676513672,100.96015167236328,0.1647262518010419,11.042921835724492,4.405095939744184,4.614725901093313,0,df40_dit
C:\My_Project\AIGC\lfw\Spencer_Abraham\Spencer_Abraham_0010.jpg,real,lfw,250,250,62500,0.2966316280795494,0.0518664084374904,0.0045743831433355,0.0881954878568649,0.0008422018727287,-4.1868617097871645,1.087273789027849,0.7154789566993713,168.3203125,562.5260009765625,1.8780568400930289,0.2057265615721436,5.568071618190203,0.749122880766359,0.3407546764359221,3.9857144355773926,29.438920974731445,0.1610943377017974,0.4109312195662949,0.8657742511110095,0.2787094414234161,62.19644927978516,147.00637817382812,73.66058349609375,170.17660522460938,0.1631360997275852,53.82339477539063,57.07305145263672,21.68736267089844,31.998550415039062,,84.80992889404297,96.51602172851562,0.1631360997275852,11.042921835724492,4.440412621958482,4.569709022838545,0,df40_dit
C:\My_Project\AIGC\SiT\cdf\Fake_from_Celeb-real\id4_0001\16138.png,fake,df40_sit,256,256,65536,0.1490977961814768,0.1430492550134658,0.015181828290224,0.1061300709843635,0.0010102425003424,-3.898237248390198,1.2669244676005122,0.6558065414428711,88.68333435058594,256.132568359375,1.98399434597496,0.1660145041049892,3.010524007386885,0.7088812349808753,0.129035556852945,3.174583673477173,26.25381088256836,0.2277510464191436,0.4034838214938806,0.7415724828394057,0.3671010434627533,33.95773696899414,155.8656768798828,66.82859802246094,199.24122619628903,0.3217105930894827,24.758773803710938,28.99437713623047,5.732135772705078,14.215950012207031,0.8153734127176904,121.90793991088867,132.4126281738281,0.3217105930894827,11.090354888959125,4.803266168991888,4.88592301791103,1,df40_sit
C:\My_Project\AIGC\SiT\cdf\Fake_from_Youtube-real\00246\26026.png,fake,df40_sit,256,256,65536,0.1838555685673877,0.1288821846246719,0.0068768514320254,0.0533576570451259,0.0007651521591469,-4.076069924074787,1.1857155556264252,0.6714642643928528,168.62669372558594,607.042724609375,1.95888642672995,0.1698533161040992,5.608926592797777,0.7256703355756561,0.161061697631086,3.4817538261413574,28.47240829467773,0.1871242821216583,0.4452886140534583,0.7567413705409621,-0.3010420203208923,68.05420684814453,180.17955017089844,63.70934295654297,201.2979278564453,0.3074610833704047,22.702072143554688,38.06011581420898,1.6683502197265625,35.78059387207031,0.8115892510839195,112.1253433227539,137.58858489990234,0.3074610833704047,11.090354888959125,4.719617382338633,4.924267963481699,1,df40_sit
C:\My_Project\AIGC\SiT\cdf\Fake_from_Youtube-real\00108\6511.png,fake,df40_sit,256,256,65536,0.1374544589955145,0.1278706640005111,0.0031942955683916,0.0249806735664606,0.0002248632954433,-3.9522901661264975,0.7190986343757562,-0.2108008712530136,44.87986755371094,92.2612762451172,1.814520315359724,0.210474930222657,1.634953831948292,0.6972774500962973,0.1678200327925967,2.1475164890289307,110.74774169921876,0.1595802009105682,0.4609151080517972,0.7062813759297879,0.2440525889396667,39.6200065612793,161.38385009765625,63.16030502319336,204.4158935546875,0.3427898473490851,19.5841064453125,33.915706634521484,3.1280555725097656,32.15376281738281,0.8279421682237,121.76384353637695,141.25558853149414,0.3427898473490851,11.090354888959125,4.802083460109719,4.950570934068621,1,df40_sit
C:\My_Project\AIGC\SiT\cdf\Fake_from_Celeb-real\id33_0002\17162.png,fake,df40_sit,256,256,65536,0.1052788864071922,0.1065730154514312,0.0027205972000956,0.0255280099809169,0.000154776556883,-3.9012625986555447,0.6015550865047922,-0.2860142588615417,31.716062545776367,68.21839904785156,1.8669119885019487,0.1943393883631657,1.1872019275161587,0.737149903006581,0.195389771103698,1.812230110168457,62.36901092529297,0.1293309926986694,0.4261128878989791,0.7309127109908719,-0.203537181019783,64.11764526367188,177.76113891601562,63.10169982910156,203.00961303710935,0.3168770736321527,20.990386962890625,28.86046600341797,1.3986892700195312,13.332649230957031,0.8422907214587667,113.64349365234375,139.90791320800778,0.3168770736321527,11.090354888959125,4.73306629967027,4.940984443388502,1,df40_sit
C:\My_Project\AIGC\SiT\cdf\Fake_from_Youtube-real\00079\11544.png,fake,df40_sit,256,256,65536,0.1992810964568577,0.1149975657463073,0.0065341154113411,0.056819599121809,0.0007706448668614,-4.075753578218952,1.1711137784973975,0.1312732845544815,73.36817932128906,317.77032470703125,1.9511138125786005,0.1722594677830974,2.577051592797781,0.7231586771350741,0.1955925885401432,2.556383848190308,20.550586700439453,0.0234282054007053,0.4351318717501576,0.8304503929555055,0.0053717992268502,57.04810333251953,168.0164794921875,63.70336151123047,199.9375915527344,0.3012932733790725,24.062408447265625,35.30973052978516,2.109649658203125,0.9458160400390624,0.8215590511590207,110.96837615966797,136.23423004150393,0.3012932733790725,11.090354888959125,4.709245261258322,4.914375684029987,1,df40_sit
C:\My_Project\AIGC\SiT\cdf\Fake_from_Celeb-real\id31_0006\12782.png,fake,df40_sit,256,256,65536,0.187899565455693,0.0909581333398819,0.0015212676953524,0.0167249217629432,0.0001294279354624,-4.143821217836141,0.6515846114026916,-0.3351612985134125,59.2958984375,170.2788543701172,1.7135686281161775,0.222262402764463,2.044213123268696,0.7480607331228117,0.3427016535133537,1.8590617179870603,59.3141975402832,0.2844160497188568,0.4095598459927992,0.6648578437258559,-0.4793290495872497,68.19784545898438,200.2563323974609,60.11971282958984,208.05438232421875,0.3893500601722795,15.94561767578125,31.69704246520996,16.85369873046875,41.223480224609375,0.834622904204636,132.05848693847653,147.9346694946289,0.3893500601722795,11.090354888959125,4.88324490732139,4.9967707539750075,1,df40_sit
C:\My_Project\AIGC\SiT\cdf\Fake_from_Youtube-real\00141\25130.png,fake,df40_sit,256,256,65536,0.140244572775031,0.124151274561882,0.0075141792185604,0.0605243854224681,0.0005731240962632,-4.03251647492481,1.2187526998196003,0.1859083175659179,73.79523468017578,154.22015380859375,1.9597370513576615,0.1736523478490916,2.5599763388734966,0.6647014215783564,0.1659104231076262,3.176342010498047,18.494489669799805,0.04866773635149,0.4245510287322459,0.7281461770879838,-0.0891922414302825,55.27347183227539,175.58836364746094,69.9298095703125,202.0238037109375,0.3167425584834393,21.9761962890625,43.43929290771485,18.50821685791016,34.792442321777344,0.8309376616463631,120.31489181518555,132.093994140625,0.3167425584834393,11.090354888959125,4.79011240430682,4.883513746002876,1,df40_sit
C:\My_Project\AIGC\SiT\cdf\Fake_from_Celeb-real\id37_0004\531.png,fake,df40_sit,256,256,65536,0.1375358424999095,0.1782008111476898,0.0082676373422145,0.0463950596749782,0.0005819395300932,-3.8612231184717225,1.1105595636297216,-0.4133957326412201,19.150165557861328,37.88796615600586,1.866168689705588,0.1888717864265743,0.7764811288088639,0.7709170760044303,0.1754360834187983,1.366436243057251,66.30896759033203,0.3398902714252472,0.4181406639793793,0.8392603946614912,0.6533254384994507,26.64380645751953,148.0444793701172,67.70824432373047,203.25901794433597,0.3279646669994558,20.740982055664062,20.06608009338379,2.3355751037597656,17.907752990722656,0.8454195321296964,121.40067291259766,135.5507736206055,0.3279646669994558,11.090354888959125,4.7990964215474134,4.909346283199547,1,df40_sit
C:\My_Project\AIGC\SiT\cdf\Fake_from_Celeb-real\id45_0003\23273.png,fake,df40_sit,256,256,65536,0.073986631585445,0.1069516167044639,0.0028850249946117,0.0269750468432903,0.000104607308458,-3.832618895155839,0.5301625060200801,-0.3468357026576996,24.132837295532227,48.99943161010742,1.873491592864844,0.1911147434182188,0.9315197945521696,0.7496619548651388,0.1878494705740135,1.6702760457992554,54.79721450805664,0.255913108587265,0.4082778512251431,0.7177333979181779,0.4089160859584808,35.27252197265625,153.3004913330078,63.011016845703125,204.93919372558597,0.3338547216228748,19.060806274414062,22.09964179992676,11.131446838378906,18.782440185546875,0.8114700161432289,118.02796936035156,141.92817687988284,0.3338547216228748,11.090354888959125,4.770921624856409,4.955321133022458,1,df40_sit
C:\My_Project\AIGC\SiT\cdf\Fake_from_Celeb-real\id40_0009\14601.png,fake,df40_sit,256,256,65536,0.1636551122018244,0.1001108959317207,0.0045883990824222,0.0458331666886806,0.0003866654878947,-3.7937808363889394,0.6830342130525884,-0.3142951428890228,20.348276138305664,44.65218734741211,1.9514194404669505,0.1694166484548369,0.8061879616805171,0.7732860872142842,0.2034085503747665,1.660771131515503,18.20979118347168,0.0314028896391391,0.4197554066463418,0.7504425062261266,-0.039695605635643,53.68815612792969,172.2040252685547,62.79113006591797,199.6421813964844,0.3232426118313609,24.357818603515625,19.28083229064941,5.912956237792969,11.04397964477539,0.8418550210064524,118.515869140625,136.85105133056643,0.3232426118313609,11.090354888959125,4.775046868407655,4.918893117814259,1,df40_sit
C:\My_Project\AIGC\SiT\cdf\Fake_from_Celeb-real\id46_0005\5325.png,fake,df40_sit,256,256,65536,0.1107594800264827,0.0442006103694438,0.0016063712537288,0.0363427400588989,0.0001095094266929,-4.133499781076551,0.5689718431409772,-0.0343635268509388,70.17729187011719,140.01124572753906,1.8498160714555711,0.2019308432595325,2.4621514312096022,0.6594913224806087,0.14837999699583,2.9376473426818848,33.75377655029297,0.1205459609627723,0.4047141131838565,0.8327859475058053,-0.1848500072956085,59.58530807495117,180.4225311279297,63.880462646484375,204.17269897460935,0.337861213603771,19.827301025390625,39.45099258422852,2.26846694946289,20.72357940673828,0.8337196517157679,120.83722305297852,140.29223632812497,0.337861213603771,11.090354888959125,4.7944443758917785,4.94372764935582,1,df40_sit
C:\My_Project\AIGC\SiT\cdf\Fake_from_Celeb-real\id37_0007\8328.png,fake,df40_sit,256,256,65536,0.193797132509736,0.0891850590705871,0.0031688683666288,0.0355313830077648,0.0003429802309256,-4.151417963875025,0.8987601961771512,-0.1384512037038803,78.07586669921875,146.09109497070312,1.7679788343750171,0.2163426559302073,2.700864785318558,0.6547315136635382,0.1880511987368531,2.8432748317718506,40.77550506591797,0.19008170068264,0.4383173908495435,0.8181065108652453,0.2820760607719421,35.72935104370117,159.9116973876953,64.65330505371094,203.90333557128903,0.3446347958814102,20.096664428710938,49.636940002441406,0.3730087280273437,35.83897399902344,0.8428472532898788,124.18234634399414,139.2500305175781,0.3446347958814102,11.090354888959125,4.821751020459437,4.936271097964124,1,df40_sit
C:\My_Project\AIGC\SiT\cdf\Fake_from_Celeb-real\id52_0008\23776.png,fake,df40_sit,256,256,65536,0.1631518539689354,0.072936974465847,0.0033099327702075,0.0453807227313518,0.0003912354877684,-4.132916850355417,0.8855841625722348,0.102741815149784,76.69169616699219,278.20526123046875,1.910179919858816,0.1831504054389263,2.6276737072945484,0.7175444968632436,0.1661052674692948,2.6497445106506348,18.425466537475582,0.1703640520572662,0.4064362514397645,0.8312069323560229,-0.2625979483127594,65.62794494628906,181.43765258789065,63.00509262084961,201.99742126464844,0.320803988852514,22.00257873535156,37.03023147583008,9.336017608642578,1.181396484375,0.8208175257909147,115.80970764160159,138.99232864379883,0.320803988852514,11.090354888959125,4.751948392727178,4.9344187419947305,1,df40_sit
C:\My_Project\AIGC\SiT\cdf\Fake_from_Youtube-real\00024\14044.png,fake,df40_sit,256,256,65536,0.1337445871565159,0.0605243630707263,0.0022479267790913,0.0371408574283123,0.0001438935869373,-4.13009032449061,0.7205664410609687,-0.0716336667537689,66.20692443847656,200.29379272460935,1.9275831499278453,0.1769059771847993,2.317746710526313,0.7295030733045585,0.16870468168265,2.3936235904693604,26.46050262451172,0.0780219584703445,0.4421485967732754,0.8631028177516636,-0.1510540246963501,59.50263214111328,176.91722106933594,67.6090087890625,209.7149353027344,0.332535653417311,14.285064697265623,37.13283920288086,14.20059585571289,24.796165466308597,0.8143317700351709,117.41458892822266,142.1059265136719,0.332535653417311,11.090354888959125,4.765711166523789,4.9565727408742575,1,df40_sit
C:\My_Project\AIGC\SiT\cdf\Fake_from_Celeb-real\id32_0003\23872.png,fake,df40_sit,256,256,65536,0.2170188014082623,0.1013151556253433,0.002293461933732,0.0226369090378284,0.0002380876394454,-4.062045205056851,0.6925067130495978,-0.3239901661872864,51.61593627929688,138.66734313964844,1.835899983950913,0.1974298444602549,1.8214196675900265,0.7268327805424738,0.227666648452695,1.9879175424575808,67.00163269042969,0.1782440394163131,0.4661479319530868,0.8214876875853162,0.2877287864685058,39.47095489501953,161.39779663085938,58.08631134033203,203.83795166015625,0.3541740509808327,20.16204833984375,35.0012092590332,4.011772155761719,34.59659957885742,0.8668202468716117,121.92684173583984,145.75164031982422,0.3541740509808327,11.090354888959125,4.803421206963595,4.981904079505688,1,df40_sit
C:\My_Project\AIGC\SiT\ff\812\2332.png,fake,df40_sit,256,256,65536,0.1243441480715132,0.0484379678964614,0.003075476270169,0.0634930878877639,0.0002456238144077,-3.924563960288247,0.6472410682820957,0.4339589178562164,87.35820770263672,174.76829528808594,1.9696554195347729,0.1728056844499199,2.9782098337950105,0.6597930317453806,0.1678641448281174,3.681828737258911,40.87274932861328,0.0408201664686203,0.4364901931861005,0.9078520818788955,-0.033532615751028,53.83294296264648,173.91383361816406,71.54061889648438,206.26976013183597,0.3224329415815137,17.730239868164062,44.09359359741211,11.164216995239258,27.501754760742188,0.8007722065921179,120.08089065551758,134.7291412353516,0.3224329415815137,11.090354888959125,4.788165604482223,4.90326640177989,1,df40_sit
C:\My_Project\AIGC\SiT\cdf\Fake_from_Celeb-real\id59_0005\21102.png,fake,df40_sit,256,256,65536,0.1662517184987701,0.0476587153971195,0.0012568908277899,0.0263727381825447,9.914800466503948e-05,-4.026432108622685,0.4342735076717731,-0.3521735072135925,35.87540435791016,81.60911560058594,1.8828297644700485,0.1880905035385138,1.323731532779317,0.7392412562567822,0.2256529383475699,1.9339686632156368,35.18699645996094,0.0584815181791782,0.4180500054175885,0.8926605592478899,-0.0729409977793693,53.9764289855957,176.32225036621094,64.5130615234375,211.0882568359375,0.3573992080782031,12.9117431640625,31.45054054260254,9.243824005126951,23.73921203613281,0.8199244731502873,122.34582138061523,146.5751953125,0.3573992080782031,11.090354888959125,4.806851636306805,4.987538575358346,1,df40_sit
C:\My_Project\AIGC\SiT\cdf\Fake_from_Celeb-real\id32_0002\5867.png,fake,df40_sit,256,256,65536,0.1888916533938275,0.0834706276655197,0.0017797029577195,0.0213213078677654,0.0001537876814836,-3.8871070306004607,0.3931436095046069,-0.3368368744850158,29.070274353027344,82.32939147949219,1.9348544147863755,0.1760790307340101,1.099065962603878,0.7650696113218997,0.2720354694383005,1.673690676689148,61.633487701416016,0.1649488657712936,0.4372621390825796,0.8303892402266331,-0.2506419718265533,65.074462890625,179.75872802734375,65.19029235839844,200.1820068359375,0.3085424420918831,23.8179931640625,28.12993431091309,3.068023681640625,28.407337188720703,0.8226708911847638,114.68426513671875,134.99171447753906,0.3085424420918831,11.090354888959125,4.742182831958726,4.905213402314502,1,df40_sit
C:\My_Project\AIGC\SiT\cdf\Fake_from_Celeb-real\id34_0002\17902.png,fake,df40_sit,256,256,65536,0.1570819596297707,0.0911314710974693,0.0031514086294919,0.0345809049904346,0.0002302499633515,-4.0590715937866,0.8173676904231697,-0.1482632160186767,54.05813217163086,188.3524932861328,1.9062437222734945,0.1821048606291059,1.9056224030470903,0.7377333282206988,0.1959348326931582,2.124892473220825,30.47296905517578,0.3165524005889892,0.394779953679595,0.7795326313553035,-0.5913455486297607,72.75756072998047,201.8001708984375,63.27976608276367,206.3826904296875,0.3680320248817421,17.6173095703125,34.283145904541016,10.356143951416016,22.22588348388672,0.841364149197279,129.04261016845703,143.10292434692383,0.3680320248817421,11.090354888959125,4.860142661204265,4.963564122041397,1,df40_sit
C:\My_Project\AIGC\SiT\ff\358\19680.png,fake,df40_sit,256,256,65536,0.0448449735907763,0.0807097032666206,0.0062823658809065,0.0778390392661094,0.0002029714814852,-3.825630304982485,0.8331080482398115,0.5642231702804565,82.31846618652344,258.3162841796875,1.9867424714961408,0.1649439294156507,2.7718164242843946,0.7313689633203546,0.2212909977754058,3.187539577484131,28.85943031311035,0.085434079170227,0.4201514415775824,0.7900225986920154,0.1607806086540222,45.40488815307617,168.3036346435547,71.71231842041016,209.4425048828125,0.3373498738466423,14.5574951171875,38.72182083129883,16.212814331054688,2.192611694335937,0.8114027192113724,122.89874649047852,137.73018646240234,0.3373498738466423,11.090354888959125,4.811360817093437,4.925296600753942,1,df40_sit
C:\My_Project\AIGC\SiT\cdf\Fake_from_Youtube-real\00201\25994.png,fake,df40_sit,256,256,65536,0.1765096086349503,0.0637676641345024,0.003810646245256,0.05975828692317,0.0004251387144904,-4.235855616105293,1.0666948139476873,0.4409491419792175,179.8145751953125,577.0989990234375,1.9930048136105945,0.1663694552509351,6.011926650507848,0.6605578130169427,0.1632677974050168,4.511641979217529,29.857341766357425,0.0486311912536621,0.4496816685265521,0.7925348052162553,0.071741908788681,54.75870132446289,163.0594024658203,68.38130187988281,200.66661071777344,0.285526779692374,23.33338928222656,50.70830535888672,7.179866790771484,63.99018478393555,0.8228894726441922,108.30070114135742,132.28530883789062,0.285526779692374,11.090354888959125,4.6849116280520775,4.884961020645817,1,df40_sit
C:\My_Project\AIGC\SiT\cdf\Fake_from_Celeb-real\id48_0007\25694.png,fake,df40_sit,256,256,65536,0.125453261281565,0.0892765149474144,0.0042986297048628,0.0481496155261993,0.00031954201404,-4.101101708116328,0.9963338278384434,0.5786243081092834,182.23016357421875,690.2859497070312,1.8940512858217555,0.1825868820260336,6.06702562326869,0.700523080310369,0.148641860907281,3.846132516860962,36.105125427246094,0.0602828413248062,0.4615929521963787,0.8732185056360934,-0.0898149386048317,56.9486083984375,174.737060546875,66.41775512695312,203.8684539794922,0.3226663158594067,20.13154602050781,48.557106018066406,8.296390533447266,31.991065979003903,0.8061047634448997,117.7884521484375,137.45069885253906,0.3226663158594067,11.090354888959125,4.768890237112109,4.923265299011127,1,df40_sit
C:\My_Project\AIGC\SiT\cdf\Fake_from_Celeb-real\id13_0000\9293.png,fake,df40_sit,256,256,65536,0.0874706964461279,0.1091116070747375,0.0073976898565888,0.0677992925047874,0.0004161383258178,-3.92637637789875,1.039118135596895,0.439740926027298,69.97674560546875,207.58302307128903,1.861153262515875,0.1916650321671288,2.379935364727606,0.7482024540691302,0.2949561857207746,2.587583541870117,29.968231201171875,0.0798902064561843,0.4406318098917687,0.8257393642148844,0.1176580488681793,47.55719375610352,164.6268310546875,61.275367736816406,202.13218688964844,0.328644306625763,21.86781311035156,29.152732849121094,3.355985641479492,10.728652954101562,0.8029714024370804,117.06963729858398,140.85681915283203,0.328644306625763,11.090354888959125,4.7627689483282785,4.947743907441055,1,df40_sit
C:\My_Project\AIGC\SiT\ff\288\14161.png,fake,df40_sit,256,256,65536,0.1070059591378268,0.1061278581619262,0.0051835100166499,0.0488421246409416,0.0003661102382466,-3.929644887961016,0.9062472516241188,-0.1116540804505348,33.41957473754883,115.70354461669922,1.9168072678955272,0.1747152415080549,1.2128583795013843,0.8040037306400571,0.2645264261071345,1.7885589599609375,21.0952091217041,0.1478713154792785,0.4382654263890818,0.8429954546427987,-0.2332723885774612,62.202423095703125,182.43798828125,65.34159851074219,205.3617401123047,0.3355269623490149,18.638259887695312,23.884952545166016,17.395084381103516,1.4022979736328125,0.8288459267486381,120.23556518554688,140.0201416015625,0.3355269623490149,11.090354888959125,4.789452861743457,4.941786280843801,1,df40_sit
C:\My_Project\AIGC\SiT\cdf\Fake_from_Celeb-real\id28_0003\27321.png,fake,df40_sit,256,256,65536,0.0653366907136949,0.116207905113697,0.0069349058903753,0.0596767142415046,0.0002494241343811,-3.8074488679789695,0.8033951414580414,0.0292184278368949,36.91598892211914,123.70877838134766,1.9005197189673848,0.1888386521027615,1.362676304247461,0.715014133980893,0.1791546211414095,2.2050375938415527,25.06424903869629,0.2314409762620926,0.4006647882657657,0.9673828944985048,-0.3834502696990967,67.87890625,187.36917114257807,64.19157409667969,208.4641265869141,0.3435739300419819,15.535873413085938,25.72132873535156,6.308807373046875,1.3463516235351562,0.8109862678593593,119.49026489257807,144.2725524902344,0.3435739300419819,11.090354888959125,4.78323490271901,4.97170423625445,1,df40_sit
C:\My_Project\AIGC\SiT\cdf\Fake_from_Youtube-real\00259\25961.png,fake,df40_sit,256,256,65536,0.057954686997507,0.1219285726547241,0.0076995342969894,0.063147909939289,0.000240948429564,-3.9921646319227806,1.1327996097467148,0.3387739360332489,96.2301788330078,453.2733154296875,1.796055139679707,0.2081792458848424,3.2008284279778376,0.7499719724509325,0.3580714357970606,2.5403590202331543,108.44071197509766,0.1321431100368499,0.442506934729888,0.7341317632330512,0.1971962004899978,41.01679992675781,167.1948699951172,70.85861206054688,205.8405303955078,0.3394403290344042,18.159469604492188,42.48895263671875,15.755014419555664,26.03497314453125,0.7997226617628428,126.17807006835938,134.98191833496094,0.3394403290344042,11.090354888959125,4.837694163758006,4.905140831208351,1,df40_sit
C:\My_Project\AIGC\SiT\cdf\Fake_from_Celeb-real\id42_0000\7624.png,fake,df40_sit,256,256,65536,0.1258554977926633,0.0961711257696151,0.0041801542975008,0.0434657931327819,0.0003038531867787,-3.986917619628169,0.8760397034468582,-0.1554768979549408,41.124053955078125,100.7919464111328,1.9064029455882008,0.1804185999973969,1.493613227146814,0.7467502046890759,0.1718944217199688,2.113727807998657,19.34190368652344,0.354345440864563,0.3409125797408172,0.9411982486226632,-0.7492052912712097,82.80671691894531,197.4141998291016,67.91105651855469,206.92581176757807,0.3175249359546797,17.074188232421875,27.139148712158203,10.871826171875,11.91680908203125,0.8166915338784264,114.60748291015628,139.01475524902338,0.3175249359546797,11.090354888959125,4.741513098049097,4.934580080367546,1,df40_sit
C:\My_Project\AIGC\SiT\cdf\Fake_from_Youtube-real\00018\3017.png,fake,df40_sit,256,256,65536,0.1965100922158614,0.1379096210002899,0.0050806156359612,0.0368401817977428,0.0003745969443116,-3.951755661422076,0.9109247722623554,-0.4825317859649658,26.08957290649414,79.2709732055664,1.7261156022483188,0.2194875417675191,0.954758771929824,0.8048968497600038,0.2499606255818164,1.3050103187561035,35.9864501953125,0.1107541397213935,0.4407139898163459,0.8189623043611727,0.1904404610395431,46.38153076171875,163.6025390625,68.84577941894531,210.9658050537109,0.332020342487247,13.034194946289062,24.626161575317383,2.756412506103516,21.349102020263672,0.8324104477698135,117.22100830078125,142.1200256347656,0.332020342487247,11.090354888959125,4.764061112792394,4.9566719515269,1,df40_sit
C:\My_Project\AIGC\SiT\ff\725\17584.png,fake,df40_sit,256,256,65536,0.1483968340774428,0.0744242444634437,0.0059923054650425,0.0805154964327812,0.0006152291316539,-3.782439211334273,0.749494611532886,1.408431887626648,425.1951599121094,1452.3585205078125,1.899064392313501,0.1871377284801885,13.80714190904892,0.7081597097496288,0.2792734085612091,6.205207824707031,36.17730712890625,0.0609156116843223,0.4478355755714951,0.8848826454337624,0.103831261396408,51.68682098388672,163.64614868164062,69.37696075439453,205.42819213867188,0.3035755021969716,18.571807861328125,61.64059829711914,29.17525863647461,3.5136871337890625,0.7870408643767135,111.9593276977539,136.05123138427734,0.3035755021969716,11.090354888959125,4.718135659786011,4.913031516156891,1,df40_sit
C:\My_Project\AIGC\SiT\cdf\Fake_from_Celeb-real\id5_0001\27913.png,fake,df40_sit,256,256,65536,0.2098546519382756,0.1451947689056396,0.0084613021463155,0.0582755282521247,0.0014106571907177,-3.955704933084232,1.1977181379879118,0.0413102135062217,40.57143020629883,225.516357421875,1.9490582222358137,0.1680033801744899,1.4533356417359171,0.8083273240277292,0.2460517960747607,1.6823906898498535,23.96726417541504,0.292570561170578,0.2855195723423597,0.7596642690558513,-0.7307230234146118,82.28252410888672,206.81353759765625,69.4949951171875,197.6978302001953,0.3181845700139616,17.18646240234375,18.329158782958984,10.150135040283203,5.6495513916015625,0.7630130792372825,124.53101348876953,128.2028350830078,0.3181845700139616,11.090354888959125,4.824554789210897,4.853613658774089,1,df40_sit
C:\My_Project\AIGC\SiT\cdf\Fake_from_Youtube-real\00187\22302.png,fake,df40_sit,256,256,65536,0.1885064888047501,0.0770876109600067,0.004160126671195,0.0539662167429924,0.0005046725855208,-4.253345216424884,1.162198261591884,0.394031286239624,171.3824005126953,503.3989562988281,1.901123244296128,0.1827366799922944,5.7315587488457895,0.6894205727763735,0.1907227928784279,4.096548080444336,30.19702911376953,0.0834951773285865,0.46648222524286,0.8853541207777289,0.1265881061553955,51.80655288696289,160.62374877929688,68.74667358398438,202.3750915527344,0.2898012941423818,21.624908447265625,52.17068862915039,18.53458404541016,51.300079345703125,0.8111855474785656,108.81719589233398,133.62841796875003,0.2898012941423818,11.090354888959125,4.689669372414191,4.895062947830051,1,df40_sit
C:\My_Project\AIGC\SiT\cdf\Fake_from_Youtube-real\00220\16224.png,fake,df40_sit,256,256,65536,0.0930340007740737,0.0753796398639679,0.0019398926524445,0.025734968483448,8.689162496011704e-05,-4.38297190069125,0.966709051524054,-0.175269067287445,143.54942321777344,428.6326904296875,1.7723099773926818,0.2109599155170229,4.801239900738684,0.7345964232655684,0.3559223818768558,3.002405881881714,38.09870910644531,0.0130824446678161,0.4311621238542173,0.72001591609359,-0.0023512665648013,51.96157455444336,173.1873779296875,68.46427154541016,210.0777130126953,0.3421397323542083,13.922286987304688,47.72627258300781,30.12610244750977,10.958343505859377,0.8328340780783101,121.22580337524414,141.61344146728516,0.3421397323542083,11.090354888959125,4.797654950111087,4.953101102370889,1,df40_sit
C:\My_Project\AIGC\SiT\cdf\Fake_from_Celeb-real\id44_0001\18769.png,fake,df40_sit,256,256,65536,0.1588153765069112,0.1192544400691986,0.0032472375314682,0.0272294897586107,0.0002457359514664,-3.727698939107725,0.4491763766822066,-0.4642265439033508,16.06264305114746,36.66775131225586,1.9185472680164877,0.1746365945570571,0.6546814404432129,0.8109603926305693,0.288907831767216,1.2727031707763672,115.9646987915039,0.1358857899904251,0.4510602494371228,0.7194922819760007,-0.2199023962020874,60.55842208862305,184.40167236328125,64.10551452636719,200.8370361328125,0.337477599863318,23.1629638671875,18.27577781677246,1.3856735229492188,19.916793823242188,0.8182190720827869,123.8432502746582,136.7315216064453,0.337477599863318,11.090354888959125,4.819016655254902,4.918019306807634,1,df40_sit
C:\My_Project\AIGC\SiT\cdf\Fake_from_Celeb-real\id10_0002\5135.png,fake,df40_sit,256,256,65536,0.1307516479292481,0.1418255865573883,0.010859552770853,0.0765697658061981,0.0009168434771709,-4.033198802004342,1.3134871289281649,0.0894924253225326,58.66256332397461,147.2218475341797,1.8422548543964063,0.2041584334240412,2.0648086911357324,0.6827867205291938,0.1640092944346474,2.639828681945801,19.35041046142578,0.1627594977617263,0.4392400427739659,0.7165304971166351,0.2699260115623474,39.89574813842773,160.749755859375,66.93116760253906,208.9242706298828,0.342004854304605,15.075729370117188,33.370731353759766,6.433368682861328,24.355796813964844,0.8311535735200692,120.85400772094727,141.99310302734375,0.342004854304605,11.090354888959125,4.7945832693712145,4.955778486191715,1,df40_sit
C:\My_Project\AIGC\SiT\cdf\Fake_from_Youtube-real\00064\1599.png,fake,df40_sit,256,256,65536,0.1934456711989708,0.0908155217766761,0.0084591833874583,0.0931468904018402,0.0009681899682618,-3.9337581918153512,1.017674778657682,0.1264487504959106,45.29267120361328,244.33419799804688,1.7865272841671125,0.2224174445492682,1.5426693790397044,0.8353894441504471,0.4241618916261138,1.673161506652832,16.224960327148438,0.2880106270313263,0.3817374561487617,0.9072101268979736,-0.4696835875511169,74.22911834716797,190.95692443847656,63.50033950805664,209.37103271484372,0.3393488120026828,14.62896728515625,20.933666229248047,7.102584838867188,9.151405334472656,0.8110419933398063,116.7278060913086,145.87069320678708,0.3393488120026828,11.090354888959125,4.759844780759161,4.982720566309954,1,df40_sit
C:\My_Project\AIGC\SiT\cdf\Fake_from_Youtube-real\00090\11379.png,fake,df40_sit,256,256,65536,0.1196836014729597,0.0713540688157081,0.0039313649758696,0.0550965741276741,0.000271706318017,-3.991358560577692,0.8005129567080914,0.2854637205600738,68.02133178710938,150.666748046875,1.880719472294063,0.1998581439442854,2.36534539473684,0.6618338627325604,0.1379967939374926,3.036775588989258,30.630260467529297,0.1851105242967605,0.4396518205318874,0.7778183510943315,0.2811169326305389,40.17099380493164,156.93304443359375,63.509613037109375,201.9517822265625,0.3221618217482607,22.0482177734375,42.08008193969727,5.393337249755859,26.668357849121094,0.827509073617616,116.76205062866211,138.44216918945312,0.3221618217482607,11.090354888959125,4.76013810859858,4.930452687450031,1,df40_sit
C:\My_Project\AIGC\SiT\cdf\Fake_from_Youtube-real\00019\23446.png,fake,df40_sit,256,256,65536,0.1433649786820069,0.0503915026783943,0.0025172657333314,0.049954168498516,0.0001619078393559,-4.002767002492211,0.6035146985112242,-0.27224862575531,36.24147415161133,101.92039489746094,1.8890407879681963,0.182605540042418,1.3313691712834712,0.7819484906571592,0.2897014999286709,1.8376871347427368,15.145875930786133,0.235900193452835,0.4145199262373386,0.8940138047459527,-0.3876196146011352,66.17790222167969,188.440673828125,61.833526611328125,200.95120239257807,0.3389850251208242,23.048797607421875,23.078184127807617,1.822967529296875,11.7435302734375,0.8159339680992588,122.26277160644531,139.11767578124994,0.3389850251208242,11.090354888959125,4.80617259411661,4.935320163331212,1,df40_sit
C:\My_Project\AIGC\SiT\cdf\Fake_from_Celeb-real\id48_0005\20017.png,fake,df40_sit,256,256,65536,0.0526257581306213,0.0996196791529655,0.0036512629594653,0.0366520248353481,0.0001311144442297,-3.9471658905816,0.7958959964087012,-0.2151288986206054,42.56554412841797,128.4221954345703,1.861711305928853,0.1949350364205242,1.5401024353647284,0.7276856138493106,0.1830027277765576,2.055931329727173,23.759626388549805,0.225782573223114,0.4147336783372643,0.8512341653624361,-0.3458771407604217,67.27253723144531,187.0030517578125,64.33036804199219,208.6012115478516,0.3442606489977189,15.398788452148438,23.04880142211914,5.999282836914063,5.93548583984375,0.7942245843237075,119.73051452636719,144.2708435058594,0.3442606489977189,11.090354888959125,4.78524350510837,4.971692390657574,1,df40_sit
C:\My_Project\AIGC\SiT\cdf\Fake_from_Celeb-real\id24_0002\22211.png,fake,df40_sit,256,256,65536,0.0808761544079036,0.14387908577919,0.0046638776548206,0.0324152596294879,0.000203536284971,-4.17920070435832,1.2101380486693794,-0.0883826985955238,96.31572723388672,302.6810302734375,1.8061008077238505,0.2009176185159869,3.273666608956598,0.7412497559330391,0.298383161919711,2.482213020324707,88.87530517578125,0.0258371625095605,0.4354988408928329,0.8885229871193485,-0.0005329509149305,50.2778205871582,172.47389221191406,65.70447540283203,211.0458831787109,0.3539570526670947,12.954116821289062,40.513916015625,14.960227966308594,24.614761352539062,0.8032944750408006,122.19607162475586,145.34140777587888,0.3539570526670947,11.090354888959125,4.805626899123841,4.979085511228541,1,df40_sit
C:\My_Project\AIGC\SiT\cdf\Fake_from_Celeb-real\id56_0007\26102.png,fake,df40_sit,256,256,65536,0.1319666180699726,0.0934998393058776,0.0027099039871245,0.0289829820394516,0.0001428202085662,-3.955241045349674,0.6386694890443568,-0.2818213701248169,37.30008316040039,82.74559783935547,1.8592784269174905,0.1947291865541457,1.3680424746075726,0.7263960080695637,0.1625308593453285,2.033837080001831,19.429283142089844,0.3425659835338592,0.3661233436565557,0.8163228616911059,-0.6299974918365479,80.67803955078125,197.5813140869141,63.39470672607422,204.6078948974609,0.3290075754329202,19.392105102539062,26.96333312988281,15.078987121582031,23.24029541015625,0.8332932382568181,116.90327453613284,141.2131881713867,0.3290075754329202,11.090354888959125,4.7613468795154175,4.950270721344787,1,df40_sit
C:\My_Project\AIGC\SiT\cdf\Fake_from_Celeb-real\id9_0008\20713.png,fake,df40_sit,256,256,65536,0.1178932855318452,0.1226240992546081,0.0059522297233343,0.0485404543578624,0.0004303414898458,-3.940649312245276,0.9227416744751696,0.1347264498472213,57.87074661254883,141.9125213623047,1.858534446395036,0.1977731179615102,2.03695146583564,0.6943637692009494,0.1408020839503087,2.423172235488892,20.884077072143555,0.3372937142848968,0.3798732208708439,0.9488915030806826,-0.6585044860839844,81.78543853759766,201.8394317626953,65.65028381347656,206.74208068847656,0.3375843755211277,17.257919311523438,38.32741165161133,3.0014381408691406,17.220321655273438,0.8273077128163031,120.05399322509766,141.091796875,0.3375843755211277,11.090354888959125,4.787941585130284,4.949410720209147,1,df40_sit
C:\My_Project\AIGC\SiT\cdf\Fake_from_Youtube-real\00260\27721.png,fake,df40_sit,256,256,65536,0.158889479662625,0.1077349185943603,0.0043267337605357,0.0401609241962432,0.0003725957649294,-4.049275987337531,0.8760803976969055,-0.1933045536279678,53.59122848510742,119.28361511230467,1.8426774253862588,0.2015069670003933,1.9097827216066463,0.7034713967318356,0.1742934048877913,2.3002970218658447,20.769983291625977,0.0794574469327926,0.4460074267200696,0.9485236024164332,0.1237261295318603,47.099884033203125,165.25405883789062,64.89141845703125,208.79698181152344,0.3388680462363221,15.203018188476562,38.45147705078125,3.294742584228516,25.31032943725586,0.8509883333150441,118.1541748046875,143.9055633544922,0.3388680462363221,11.090354888959125,4.771990337792301,4.969157274400284,1,df40_sit
C:\My_Project\AIGC\SiT\cdf\Fake_from_Celeb-real\id23_0003\6209.png,fake,df40_sit,256,256,65536,0.043368070602607,0.1279410272836685,0.0116656059399247,0.0911795571446418,0.000187302037375,-3.780028280677746,1.0007903525795667,0.3972937166690826,49.08695983886719,270.67730712890625,1.9457562826819983,0.1710014287653886,1.6737277816251148,0.7543221507692357,0.2498351665524119,2.1955020427703857,32.85383605957031,0.3262725472450256,0.3787504123037203,0.8183822402206998,-0.5960175395011902,71.05774688720703,214.80389404296875,60.07356262207031,205.28195190429688,0.4159986147563391,9.19610595703125,,,,0.8070537670772708,143.74614715576172,145.20838928222656,0.4159986147563391,11.090354888959125,4.968048876923568,4.9781698781474475,1,df40_sit
C:\My_Project\AIGC\SiT\cdf\Fake_from_Celeb-real\id20_0003\6700.png,fake,df40_sit,256,256,65536,0.1835959872395245,0.1508031189441681,0.0079855350777506,0.0529533848166465,0.0008463630801998,-3.922418359556364,1.065058349314845,-0.0565963871777057,42.07700729370117,96.45195770263672,1.8758453390582928,0.1911264512500183,1.5121569136657431,0.7218133873985075,0.2109357882611441,2.0476906299591064,29.859529495239254,0.0403605289757251,0.4455008731684962,0.6643372590640129,-0.0361856743693351,58.09276580810547,171.36624145507812,66.28228759765625,199.57717895507807,0.3009162872696267,24.422821044921875,34.34586715698242,8.686687469482422,27.970977783203125,0.8288725927994278,113.27347564697266,133.29489135742182,0.3009162872696267,11.090354888959125,4.729805033362435,4.892563902049828,1,df40_sit
C:\My_Project\AIGC\SiT\cdf\Fake_from_Celeb-real\id5_0005\27711.png,fake,df40_sit,256,256,65536,0.2578073899531251,0.0609699189662933,0.0042295455932617,0.0693710222840309,0.0007781580789014,-4.134609729583668,0.9547025762082963,0.8596089482307434,289.48590087890625,963.2333984375,2.015691880852809,0.15793172938781,9.546436692059055,0.6932305395312721,0.1697525876249883,5.207326412200928,26.56511116027832,0.2678679525852203,0.4450009892384213,0.8311770921461791,-0.5077556371688843,68.42316436767578,188.30780029296875,66.09577178955078,216.9996032714844,0.3605518753376788,7.000396728515625,,,,0.765992797859127,119.88463592529297,150.90383148193362,0.3605518753376788,11.090354888959125,4.786529913082901,5.016642756319145,1,df40_sit
C:\My_Project\AIGC\AIGuard\unseen\Real_79.jpg,real,aiguard_unseen_real,256,256,65536,0.1368459055532581,0.1651223301887512,0.0137525415048003,0.0832869932055473,0.0011381439398974,-3.2863939613990616,0.5568936125930243,1.632097840309143,241.04139709472656,544.6491088867188,2.15314522102562,0.132325548571579,7.249193501846708,0.582980297468862,0.2057214149898603,6.5290117263793945,65.57010650634766,0.1223329380154609,0.4187011888466195,1.170021130623754,-0.2042601853609085,44.76434326171875,206.07049560546875,35.78204345703125,228.44461059570312,0.6193729553134679,-4.444610595703125,,,,,161.30615234375,192.66256713867188,0.6193729553134679,11.090354888959125,5.083304126646482,5.260940301950929,0,df40_sit
C:\My_Project\AIGC\lfw\Isidro_Pastor\Isidro_Pastor_0001.jpg,real,lfw,250,250,62500,0.2857501391814478,0.06634072214365,0.0061792843043804,0.0931446552276611,0.0011471647303551,-3.7781954655008825,0.8122194680875623,1.141132950782776,192.0778045654297,788.04931640625,1.9873940539678936,0.1767385809285498,6.178763561865182,0.7173220793540191,0.3028536134230156,4.7243170738220215,38.64775466918945,0.1850103139877319,0.4256085979726068,0.9460850673291984,0.3466579020023346,63.82373046875,151.42791748046875,75.02478790283203,169.8792724609375,0.1656100526970755,54.1207275390625,62.74987411499024,26.65119171142578,19.982742309570312,,87.60418701171875,94.85448455810547,0.1656100526970755,11.042921835724492,4.472828793737537,4.552343975791595,0,df40_sit
C:\My_Project\AIGC\lfw\Suzanne_Torrance\Suzanne_Torrance_0001.jpg,real,lfw,250,250,62500,0.2224256222961362,0.065635472536087,0.0041984366253018,0.0639659613370895,0.0009639395284466,-4.234997506429525,1.2156505045095711,1.1095328330993652,493.3544616699219,1264.533447265625,1.9887037101373533,0.1736471246848847,15.650330967220652,0.5164799935774126,0.1460303613189268,8.897444725036621,45.118106842041016,0.033476959913969,0.4753017692970743,0.9447866473741198,0.0828971788287162,72.66468811035156,151.7158203125,72.10796356201172,162.0543975830078,0.1417085348952803,61.94560241699219,85.17086029052734,3.151802062988281,39.031394958496094,,79.05113220214844,89.9464340209961,0.1417085348952803,11.042921835724492,4.370094886160737,4.499214315597313,0,df40_sit
C:\My_Project\AIGC\lfw\Michael_Doleac\Michael_Doleac_0001.jpg,real,lfw,250,250,62500,0.3051789116292379,0.0826784819364547,0.0055657452903687,0.0673179402947425,0.0013469171244651,-3.790922893299784,0.7053282343442199,1.0229281187057495,264.3271484375,890.4072265625,2.031156303325639,0.155198258888915,8.713908991228037,0.6715156960947355,0.2973352602844238,5.090821743011475,21.28413772583008,0.1514111012220382,0.4160888796383083,0.7088743519957073,-0.2014482319355011,78.02314758300781,159.0416259765625,71.43004608154297,170.50137329101562,0.159969072523546,53.498626708984375,59.138790130615234,15.42987060546875,21.087974548339844,,81.01847839355469,99.07132720947266,0.159969072523546,11.042921835724492,4.394677256970621,4.595840067579091,0,df40_sit
C:\My_Project\AIGC\lfw\Fernando_Velardez\Fernando_Velardez_0001.jpg,real,lfw,250,250,62500,0.1959889470143518,0.0619702711701393,0.0040003010071814,0.0645519345998764,0.000602375366725,-4.27956529372497,1.1891698702501357,0.5260888338088989,299.9261169433594,951.718017578125,1.845571895497516,0.1959086731541708,10.217929939981522,0.6525129820242689,0.2099265386221866,5.6622633934021,30.20270156860352,0.2616223096847534,0.4072702886601758,0.7863074977832976,-0.4355112612247467,85.4256820678711,164.8477783203125,69.78704833984375,168.9552764892578,0.1569704352931049,55.04472351074219,61.9531478881836,0.2843132019042969,7.1966094970703125,,79.4220962524414,99.16822814941406,0.1569704352931049,11.042921835724492,4.374776619870533,4.596817682238119,0,df40_sit
C:\My_Project\AIGC\lfw\Todd_Haynes\Todd_Haynes_0003.jpg,real,lfw,250,250,62500,0.1523992746033063,0.0879316627979278,0.0072169974446296,0.0820750743150711,0.0007298637065105,-4.050547451223504,1.0661807922019235,0.8747352957725525,261.5115661621094,716.2388305664062,1.9352344312727685,0.1766363340137104,8.640652412280682,0.6609086519903029,0.1947745393258803,5.349404335021973,19.933258056640625,0.0246736966073513,0.4620147981834877,0.818326334432622,-0.0298957470804452,69.12833404541016,156.11070251464844,70.42706298828125,173.59881591796875,0.1788529063485987,50.40118408203125,85.04766845703125,20.05867958068848,52.836570739746094,,86.98236846923828,103.1717529296875,0.1788529063485987,11.042921835724492,4.46570543684289,4.6363951036598845,0,df40_sit
C:\My_Project\AIGC\lfw\Mack_Brown\Mack_Brown_0002.jpg,real,lfw,250,250,62500,0.1826693343263745,0.0968744605779647,0.0116368578746914,0.1201230660080909,0.0015919723082333,-3.930487121136193,1.18464061425334,1.3724453449249268,412.1922912597656,1292.4700927734375,2.0638753283076907,0.1494064354886615,13.137644275161536,0.6338971889537797,0.1216556569654365,7.318446636199951,26.565427780151367,0.0736816227436065,0.3986724916811429,0.7613337544292215,-0.0779699459671974,70.45852661132812,160.27447509765625,66.40042114257812,177.08102416992188,0.1981202834012204,46.918975830078125,62.40994644165039,10.306537628173828,35.98572540283203,,89.81594848632812,110.68060302734375,0.1981202834012204,11.042921835724492,4.497762559609598,4.706648603289714,0,df40_sit
C:\My_Project\AIGC\lfw\Eric_Lloyd\Eric_Lloyd_0001.jpg,real,lfw,250,250,62500,0.1446482695532446,0.0803634226322174,0.010470169596374,0.1302852630615234,0.0010494665475562,-4.046160981418265,1.3267355567754275,0.8479613661766052,300.6001892089844,920.3864135742188,1.846174239392281,0.2178723304681805,9.5542656394275,0.4910965562338669,0.0797778661824785,7.239018440246582,35.117130279541016,0.030946746468544,0.4342271083287649,1.0215905894116082,0.0685972496867179,66.02958679199219,155.82159423828125,73.23881530761719,177.4189453125,0.1864346103546277,46.5810546875,64.6999282836914,18.890626907348636,54.099082946777344,,89.79200744628906,104.18013000488281,0.1864346103546277,11.042921835724492,4.497495967408193,4.6461214202034125,0,df40_sit
C:\My_Project\AIGC\lfw\Franco_Frattini\Franco_Frattini_0001.jpg,real,lfw,250,250,62500,0.2827569356147424,0.0643481016159057,0.0069427471607923,0.1078935787081718,0.0011831898009404,-3.9973458120963032,1.02626578254802,0.9831509590148926,191.23501586914065,590.1715087890625,2.0741826837868094,0.1463315996315418,6.393683921975981,0.6652618296052321,0.2230034164813507,5.034965515136719,35.79803466796875,0.0299138091504573,0.4211818663158372,0.852515271009513,-0.0562996976077556,72.0537338256836,158.1487274169922,68.65898132324219,166.41502380371094,0.167735687397713,57.58497619628906,71.7255630493164,18.15062713623047,9.034530639648438,,86.0949935913086,97.75604248046875,0.167735687397713,11.042921835724492,4.455451263300707,4.582475012611935,0,df40_sit
C:\My_Project\AIGC\lfw\Laura_Schlessinger\Laura_Schlessinger_0001.jpg,real,lfw,250,250,62500,0.17522076663552,0.0416504479944705,0.0050717503763735,0.1217693984508514,0.0004816549189854,-4.162277910502644,1.1301789196897742,0.966098964214325,256.7963256835937,639.376708984375,2.043314474416834,0.1534458193765089,8.599025277008291,0.6207150766930691,0.2103956410879482,6.240592002868652,34.42380142211914,0.1630154699087143,0.415291725596182,1.2185077265138855,0.2918994724750519,58.71875381469727,149.67127990722656,67.74092102050781,173.41766357421875,0.1915570528637176,50.58233642578125,89.45902252197266,27.495391845703125,26.76387023925781,,90.9525260925293,105.67674255371094,0.1915570528637176,11.042921835724492,4.510337679097715,4.660384836061029,0,df40_sit
C:\My_Project\AIGC\lfw\Cori_Enghusen\Cori_Enghusen_0001.jpg,real,lfw,250,250,62500,0.2517194764756209,0.0648684725165367,0.0046263765543699,0.0713193416595459,0.0007996115018613,-4.426749897812502,1.377167416252201,0.4920524954795837,230.80630493164065,826.0831298828125,1.872976590833785,0.1935420252789263,7.867836161126476,0.6879374664302198,0.2962412167631119,4.757943153381348,21.153478622436523,0.330668568611145,0.3132816652849266,0.6605682892463731,-0.902007520198822,129.93992614746094,198.33740234375,78.6492691040039,163.22808837890625,0.1152937216610604,25.66259765625,48.83109664916992,9.001296997070312,0.2584762573242187,,68.39747619628906,84.57881927490234,0.1152937216610604,11.042921835724492,4.225335926232695,4.437683872085261,0,df40_sit
C:\My_Project\AIGC\lfw\Wayne_Gretzky\Wayne_Gretzky_0004.jpg,real,lfw,250,250,62500,0.1471039498874437,0.1028670743107795,0.0123617714270949,0.1201722845435142,0.0011639379663392,-3.804590982687128,1.051685433629239,1.4812575578689575,472.89306640625,1393.90673828125,2.1034511514580503,0.1405944832162726,15.331840951061857,0.625847598415532,0.2722415866243599,7.894045352935791,27.36842918395996,0.1256123930215835,0.4197430528971749,1.0535278411773283,-0.1903588324785232,73.92186737060547,159.78538513183594,67.8013687133789,171.6256866455078,0.1776690283564451,52.37431335449219,108.84378814697266,46.55728530883789,10.026222229003906,,85.86351776123047,103.8243179321289,0.1776690283564451,11.042921835724492,4.452759032854294,4.642700220096047,0,df40_sit
C:\My_Project\AIGC\lfw\Platon_Lebedev\Platon_Lebedev_0001.jpg,real,lfw,250,250,62500,0.2387420401756582,0.0481890216469764,0.0049340515397489,0.1023895293474197,0.0005144368624314,-4.089510207330687,0.9208229312654852,0.90633362531662,225.29281616210935,589.5450439453125,2.0361899788577404,0.1560756066897073,7.370718490304696,0.6520711316323397,0.2546673588500481,5.602987289428711,22.39111328125,0.0738781094551086,0.4288146267530464,0.9042584024466354,-0.1155961453914642,73.1976547241211,156.83074951171875,69.3826675415039,168.3990478515625,0.1650399856504294,55.6009521484375,100.68184661865234,14.961341857910156,13.829330444335938,,83.63309478759766,99.0163803100586,0.1650399856504294,11.042921835724492,4.426439312419581,4.595285294125338,0,df40_sit
C:\My_Project\AIGC\lfw\Paul_Bremer\Paul_Bremer_0011.jpg,real,lfw,250,250,62500,0.1602176862099925,0.093498446047306,0.0090492079034447,0.0967845767736435,0.0011774533195421,-3.909040089387454,1.0715296964346557,1.1230669021606443,282.124755859375,942.8582763671876,2.066992088903776,0.1491964579323637,9.280643755770992,0.5997772477886836,0.1551838183553096,6.662333011627197,27.630189895629883,0.1015405058860778,0.4314239285243681,0.8515577397402496,-0.129695326089859,72.56629943847656,158.68226623535156,67.60468292236328,172.27798461914062,0.1796484887882445,51.722015380859375,51.19282150268555,13.507431030273438,15.939666748046877,,86.115966796875,104.67330169677734,0.1796484887882445,11.042921835724492,4.45569483903622,4.650844087238382,0,df40_sit
C:\My_Project\AIGC\lfw\Tommy_Shane_Steiner\Tommy_Shane_Steiner_0001.jpg,real,lfw,250,250,62500,0.2270437644432184,0.0342858098447322,0.0023535743821412,0.0686457306146621,0.0002802464296109,-4.234201119141633,0.8453285060073333,0.3145108222961426,114.40901184082033,283.3729858398437,1.9698393297940868,0.170884865217038,3.906909048938132,0.6688273363743732,0.2588598752571477,4.019526958465576,23.51854705810547,0.0251328200101852,0.4482143121296245,0.94500997464593,0.0378567837178707,66.01918029785156,155.59136962890625,68.71864318847656,175.99392700195312,0.1915035481561573,48.00607299804688,56.97008895874024,12.807706832885742,19.213607788085938,,89.57218933105469,107.27528381347656,0.1915035481561573,11.042921835724492,4.4950448848706985,4.675398276536885,0,df40_sit
C:\My_Project\AIGC\lfw\Janela_Jara\Janela_Jara_0001.jpg,real,lfw,250,250,62500,0.0435197986863355,0.098047100007534,0.0085938861593604,0.0876505896449089,0.0002701394259929,-3.869606733799764,1.0107883898731662,0.4849188029766083,108.06806182861328,329.9053955078125,1.8684144678167247,0.2055297805487439,3.6693513388734953,0.5876647484757265,0.1337249833539712,4.382804393768311,18.87220764160156,0.1137349605560302,0.4502534498600647,0.7290969114256793,0.1931117326021194,62.98787689208984,149.7799835205078,72.40644073486328,166.93898010253906,0.1635179814384254,57.06101989746094,47.65109634399414,7.073749542236328,9.394912719726562,,86.79210662841797,94.53253936767578,0.1635179814384254,11.042921835724492,4.46351568007062,4.548944107164139,0,df40_sit
C:\My_Project\AIGC\lfw\Constance_Marie\Constance_Marie_0002.jpg,real,lfw,250,250,62500,0.1542389559344193,0.1023959815502166,0.0059519452042877,0.0581267438828945,0.0006925612105987,-4.0371795707715545,1.1009057462781933,0.925538182258606,332.55029296875,976.9891967773438,1.9437088669403784,0.176734590669415,11.004796860572467,0.6033898244405151,0.2046698305955799,6.113613605499268,23.885292053222656,0.1428183019161224,0.4662954995348646,1.099926752768345,-0.2446204274892807,74.76370239257812,161.60166931152344,71.59278106689453,174.65402221679688,0.1783647291454214,49.345977783203125,94.2531967163086,14.520305633544922,34.64270782470703,,86.83796691894531,103.06124114990234,0.1783647291454214,11.042921835724492,4.464043932932085,4.635323385811284,0,df40_sit
C:\My_Project\AIGC\lfw\Ray_Sherman\Ray_Sherman_0001.jpg,real,lfw,250,250,62500,0.3113156618178649,0.0740815252065658,0.0061173397116363,0.0825757756829261,0.0016910794656723,-3.8354099931254,0.8577279394475585,1.1700550317764282,260.7453308105469,869.4234008789062,1.873170626870989,0.2241607270405621,8.459722991689736,0.7707202935059294,0.3872982085549601,5.124155521392822,32.672576904296875,0.024573840200901,0.4480634342738441,0.9726580460176624,-0.0282227490097284,69.9433822631836,155.81301879882812,69.94095611572266,176.41905212402344,0.1822232821117715,47.58094787597656,47.73810577392578,14.172178268432615,7.556087493896484,,85.86963653564453,106.47809600830078,0.1822232821117715,11.042921835724492,4.452830291947411,4.66793929271268,0,df40_sit
C:\My_Project\AIGC\lfw\Jeremy_Shockey\Jeremy_Shockey_0002.jpg,real,lfw,250,250,62500,0.199818432448929,0.0501645915210247,0.0035651139914989,0.0710683315992355,0.0006270974990911,-4.142300381668908,1.0220504440931684,1.044265627861023,399.2014465332031,1251.734130859375,2.011429447139064,0.1634046982745735,13.115983668051676,0.6800975812580372,0.2153931280925694,6.820482730865479,32.23231887817383,0.1038888171315193,0.39038982493903,1.0472751282427504,-0.1622923165559768,73.58879089355469,160.56809997558594,72.16143798828125,170.86117553710938,0.1710944471176436,53.13882446289063,82.2885513305664,5.577735900878906,26.75090789794922,,86.97930908203125,98.69973754882812,0.1710944471176436,11.042921835724492,4.4656702637260235,4.592082287356145,0,df40_sit
C:\My_Project\AIGC\lfw\Mufti_Mohammad_Syed\Mufti_Mohammad_Syed_0001.jpg,real,lfw,250,250,62500,0.2591997759131478,0.042277131229639,0.0027830149047076,0.0658279061317443,0.0006043668836355,-4.222399460492818,0.9905235047703396,1.0616105794906616,366.8635559082031,973.0131225585938,1.944041448306167,0.18034595869224,11.97953572252996,0.6060588030099111,0.2722928153695481,6.911743640899658,27.31734848022461,0.0890066102147102,0.4115693476636624,0.8049226642028724,0.1509542912244796,63.6104621887207,154.55197143554688,71.67823791503906,178.90646362304688,0.1943458362513065,45.093536376953125,86.3403549194336,16.150127410888672,4.290283203125,,90.94150924682617,107.22822570800781,0.1943458362513065,11.042921835724492,4.510216544331574,4.674959513494466,0,df40_sit
C:\My_Project\AIGC\lfw\Jason_Clermont\Jason_Clermont_0001.jpg,real,lfw,250,250,62500,0.2140759324761603,0.0398640409111976,0.0034574046730995,0.0867299064993858,0.0004912000149488,-4.449145929930896,1.1905197177182654,0.6798505187034607,477.6809692382813,884.5951538085938,1.9347982585213184,0.1845491187664828,15.834267659279789,0.5613099294075418,0.1623514479348612,8.360487937927246,8.016992568969727,0.2680121660232544,0.4092034369627145,0.9617074959388724,-0.489565908908844,81.96641540527344,168.0724334716797,68.46381378173828,176.45816040039062,0.1853269124883493,47.541839599609375,77.89757537841797,23.71438980102539,10.696380615234377,,86.10601806640625,107.99434661865234,0.1853269124883493,11.042921835724492,4.455579305232709,4.682078879630524,0,df40_sit
C:\My_Project\AIGC\lfw\Brandon_Jones\Brandon_Jones_0001.jpg,real,lfw,250,250,62500,0.2153472289454105,0.0387991815805435,0.0055168247781693,0.1421892046928405,0.0006526607321575,-4.315773792788184,1.2987517679860523,0.9582012891769408,468.4514465332031,1205.8984375,1.97385699811055,0.1801269520128433,15.606637523083974,0.5525822576817038,0.1065503279905216,8.244484901428223,9.211750030517578,0.0303746573626995,0.4151114186144237,1.0619015113430812,0.065603069961071,63.74544525146485,158.60833740234375,67.31957244873047,176.3151397705078,0.2060673379258933,47.68486022949219,70.3071060180664,23.954666137695312,2.966064453125,,94.8628921508789,108.99556732177734,0.2060673379258933,11.042921835724492,4.552432608608733,4.691307214629544,0,df40_sit
C:\My_Project\AIGC\lfw\Toutai_Kefu\Toutai_Kefu_0001.jpg,real,lfw,250,250,62500,0.1495088329930233,0.1074752062559127,0.010562714189291,0.0982804745435714,0.0013588017318397,-3.8576339030858864,1.131592523532624,1.3579888343811035,347.9898681640625,936.8301391601562,2.154838022844611,0.1290022124354415,11.347195579409023,0.6720827435292648,0.1938723444792493,6.94020414352417,29.438539505004883,0.1236165687441825,0.4336051973032635,0.7943372534419808,-0.2111551761627197,76.64990234375,156.97073364257812,76.2791748046875,172.30599975585938,0.1537180007785629,51.69400024414063,98.64808654785156,14.078571319580078,3.4217681884765625,,80.32083129882812,96.02682495117188,0.1537180007785629,11.042921835724492,4.3860290057258675,4.564627579010209,0,df40_sit
C:\My_Project\AIGC\lfw\Jennifer_Renee_Short\Jennifer_Renee_Short_0001.jpg,real,lfw,250,250,62500,0.1374502736210836,0.1129619479179382,0.0093315206468105,0.0826076492667198,0.0008124555461108,-3.998920266869626,1.244217322012866,0.5016936659812927,101.43621826171876,247.1945953369141,2.0082322268894024,0.1679387630794704,3.3605672899353625,0.5869396530019101,0.151661672605082,4.6010026931762695,28.14146041870117,0.0710128545761108,0.4297862417718851,1.051117298216402,0.1315724849700927,66.86721801757812,152.80642700195312,71.94891357421875,172.28941345214844,0.1718587210739408,51.71058654785156,68.4384765625,18.58050537109375,52.99919128417969,,85.939208984375,100.34049987792969,0.1718587210739408,11.042921835724492,4.453640174026796,4.608569400884735,0,df40_sit
C:\My_Project\AIGC\lfw\Atom_Egoyan\Atom_Egoyan_0001.jpg,real,lfw,250,250,62500,0.236609680016248,0.0915849432349205,0.0077192210592329,0.0842848271131515,0.0012798033421859,-3.6029889384045233,0.6014062988839296,1.247338891029358,367.9344787597656,977.7578735351562,2.0123477650672315,0.1622160633918097,12.188020544782995,0.614614450719793,0.1660183099892739,6.846361637115479,19.913463592529297,0.3000293970108032,0.3878441281985377,0.9213758255078144,0.4998796284198761,64.45783233642578,147.89125061035156,74.68991088867188,169.10787963867188,0.1569996388570871,54.892120361328125,57.78737258911133,17.955646514892578,32.368141174316406,,83.43341827392578,94.41796875,0.1569996388570871,11.042921835724492,4.424048927834532,4.547731401965743,0,df40_sit
C:\My_Project\AIGC\lfw\Glen_DaSilva\Glen_DaSilva_0001.jpg,real,lfw,250,250,62500,0.1160646183439715,0.1192812994122505,0.016794478520751,0.1407972425222396,0.0016306951874867,-4.061668405986829,1.5329290475833337,0.63225257396698,288.8482666015625,613.6240234375,1.9172146699568309,0.1956927733637799,9.57088988919667,0.4880577023199332,0.0963393580943532,7.672364711761475,25.98554229736328,0.0457072369754314,0.4453729154250428,0.8533466290403305,-0.0864411443471908,73.69496154785156,154.78189086914062,71.0524673461914,163.23715209960938,0.1489750681023939,60.76284790039063,79.09956359863281,9.995243072509766,7.468048095703125,,81.08692932128906,92.18468475341797,0.1489750681023939,11.042921835724492,4.3955217807008005,4.523794007799828,0,df40_sit
C:\My_Project\AIGC\lfw\Nastia_Liukin\Nastia_Liukin_0001.jpg,real,lfw,250,250,62500,0.1921323007025466,0.0807287916541099,0.0069317575544118,0.0858647525310516,0.0008684700587764,-3.796569361421744,0.7721335305089483,1.196184754371643,369.0603942871094,970.908935546875,1.9461161248470504,0.1862441225381555,12.16006867497688,0.5606680339392756,0.1030908658152525,7.072405815124512,24.473953247070312,0.1092746332287788,0.4469973174197578,0.8691805223656771,-0.1894664317369461,75.36937713623047,160.07540893554688,70.23294830322266,167.5325927734375,0.1642591433864038,56.4674072265625,55.537376403808594,17.415987014770508,5.7261505126953125,,84.7060317993164,97.29964447021484,0.1642591433864038,11.042921835724492,4.439186812809759,4.5777953352306575,0,df40_sit
C:\My_Project\AIGC\lfw\Igor_Ivanov\Igor_Ivanov_0001.jpg,real,lfw,250,250,62500,0.2124550691287821,0.0500750206410884,0.0026152692735195,0.0522270239889621,0.0004053518059663,-4.394975856458396,1.0362397585586565,0.4060641229152679,230.9470672607422,561.5258178710938,1.7171291330764322,0.248314205679681,7.68931584718373,0.4774904172198193,0.0884442936335595,6.014115810394287,16.77884864807129,0.1389665454626083,0.4202004712932908,0.8405531523355121,-0.2380895018577575,73.68152618408203,165.6248779296875,71.5197525024414,170.78269958496094,0.1818911044904638,53.21730041503906,61.97074508666992,23.305583953857425,29.54183959960937,,91.94335174560547,99.26294708251953,0.1818911044904638,11.042921835724492,4.521172645506554,4.597772360253695,0,df40_sit
C:\My_Project\AIGC\lfw\Joan_Laporta\Joan_Laporta_0004.jpg,real,lfw,250,250,62500,0.1608161286687552,0.063922218978405,0.0042443638667464,0.0663988813757896,0.0005006566643714,-4.30808546661316,1.1553659912446936,0.8902121782302856,335.2024841308594,715.208740234375,1.994329663681297,0.1660736390621847,11.010218432594623,0.5785211889790496,0.2289007640423746,6.9319353103637695,22.7005615234375,0.080813355743885,0.4307119481721519,0.9214637699854348,0.1318573802709579,66.79451751708984,151.0620574951172,69.99308776855469,168.10450744628906,0.1647721615910893,55.89549255371094,90.1436996459961,28.9692325592041,21.974891662597656,,84.26753997802734,98.11141967773438,0.1647721615910893,11.042921835724492,4.43399673721419,4.586103768335965,0,df40_sit
C:\My_Project\AIGC\lfw\Mike_Krzyzewski\Mike_Krzyzewski_0006.jpg,real,lfw,250,250,62500,0.2788248203934617,0.0350695326924324,0.002600597217679,0.0741554573178291,0.0005310322158038,-4.376953260497976,1.0823606761790607,0.6137846112251282,264.0129699707031,832.0701293945312,1.9885465184056668,0.1668674202076547,8.558912742382248,0.6580720699885414,0.2510176396224318,5.53062915802002,26.13973999023437,0.308411180973053,0.3605034310328999,0.906704836868447,0.5549144744873047,58.60693359375,131.0811004638672,78.74380493164062,170.78012084960938,0.1329371675292907,53.21987915039063,85.76521301269531,15.718231201171877,11.347198486328123,,72.47416687011719,92.03631591796875,0.1329371675292907,11.042921835724492,4.283230179331052,4.522183237399189,0,df40_sit
C:\My_Project\AIGC\lfw\Fred_Eckhard\Fred_Eckhard_0001.jpg,real,lfw,250,250,62500,0.2187340559632012,0.0522496402263641,0.0040450845845043,0.0774184241890907,0.0005014428170397,-3.8809596247210503,0.7051344995422718,0.8867299556732178,163.40765380859375,578.062255859375,1.9266245293841604,0.1863600767835484,5.423519736842104,0.7191964884733527,0.2773961844333761,4.337883472442627,30.59423446655273,0.1478423178195953,0.4115276703051203,0.828819262149746,-0.228232055902481,78.70337677001953,158.8312530517578,76.90473937988281,167.27976989746094,0.1443231677349892,56.72023010253906,58.1700553894043,13.109466552734377,22.35132598876953,,80.12787628173828,90.37503051757812,0.1443231677349892,11.042921835724492,4.383623812028528,4.503968018156085,0,df40_sit
C:\My_Project\AIGC\lfw\Kathy_Gannon\Kathy_Gannon_0001.jpg,real,lfw,250,250,62500,0.209813238759696,0.0598472356796264,0.0079279681667685,0.1324700713157653,0.0008088716422207,-4.035204736133832,1.0994639324937587,0.8098936080932617,164.21971130371094,356.2877197265625,2.0727887867818797,0.1515183828116356,5.548413550323168,0.5750577238357752,0.1300031710304779,5.721923351287842,23.75321578979492,0.0735087320208549,0.4284923410741634,1.1365531399380258,-0.1284718662500381,69.93645477294922,162.33885192871094,68.87359619140625,176.34130859375,0.1979088457195182,47.65869140625,81.8439712524414,4.105098724365234,19.58507537841797,,92.40239715576172,107.46771240234375,0.1979088457195182,11.042921835724492,4.526152921555293,4.67719045270806,0,df40_sit
C:\My_Project\AIGC\lfw\Craig_Wilson\Craig_Wilson_0001.jpg,real,lfw,250,250,62500,0.1761400180444132,0.0847583785653114,0.0060010156594216,0.0708014443516731,0.0009318580268882,-3.9350293149120232,0.9624815422671984,1.1124287843704224,421.1943054199219,1262.4361572265625,1.951881411933123,0.1798170575098611,13.69423995844874,0.5719813587834923,0.1130105997826653,7.302420616149902,30.91279983520508,0.1239989325404167,0.4103538325261374,0.8414533986225917,0.1911881268024444,63.79335784912109,151.5938262939453,66.4430160522461,172.03665161132812,0.1847730123341727,51.96334838867188,48.0948371887207,8.699443817138672,19.05848693847656,,87.80046844482422,105.59363555908203,0.1847730123341727,11.042921835724492,4.475066835989301,4.659598100129018,0,df40_sit
C:\My_Project\AIGC\lfw\Judy_Locy\Judy_Locy_0001.jpg,real,lfw,250,250,62500,0.1718604616746495,0.0823343321681022,0.0070171682164072,0.0852277278900146,0.0007263025618158,-3.697313251157037,0.6874124307634489,1.16947603225708,252.7484130859375,934.07373046875,2.008016989990313,0.1614874538308826,8.21293830794089,0.6575065543902208,0.1436132102231022,5.319960117340088,30.86249542236328,0.2017998695373535,0.4401676070617687,1.0696113290052345,-0.3187865912914276,82.84837341308594,163.15936279296875,71.15925598144531,166.8297882080078,0.153128888265609,57.17021179199219,64.4905014038086,12.418624877929688,13.949577331542969,,80.31098937988281,95.6705322265625,0.153128888265609,11.042921835724492,4.3859064656349185,4.560910332824623,0,df40_sit
C:\My_Project\AIGC\lfw\Hideki_Sato\Hideki_Sato_0001.jpg,real,lfw,250,250,62500,0.129554509686428,0.0738595202565193,0.0073535125702619,0.0995607897639274,0.0007209836039692,-4.179095606784955,1.2955063959864563,0.8942650556564331,321.2527770996094,994.4304809570312,2.042842146869618,0.1544922785379647,10.225537569252063,0.6521307042246798,0.1575448222054404,6.3258585929870605,23.128820419311523,0.2049638330936432,0.4308073253784569,1.0065412374860092,-0.3235556185245514,75.5586166381836,164.9951171875,69.57225799560547,178.50582885742188,0.1941692715685156,45.494171142578125,60.28659439086914,27.406543731689453,10.2421875,,89.4365005493164,108.9335708618164,0.1941692715685156,11.042921835724492,4.49352888240382,4.690738254809392,0,df40_sit
C:\My_Project\AIGC\lfw\Andy_Dick\Andy_Dick_0001.jpg,real,lfw,250,250,62500,0.2779682504737432,0.0449241064488887,0.0045479424297809,0.1012361198663711,0.0007556580821983,-4.307590120904872,1.18312759461126,0.7633392810821533,245.34490966796875,490.3749084472656,2.040192139402857,0.1538479593285715,8.134180228531845,0.6080575517134019,0.2907984344759727,6.313828945159912,20.255739212036133,0.276705652475357,0.3026139661457584,0.7774277375927876,0.5876522064208984,41.365718841552734,134.7061767578125,65.98916625976562,166.6666259765625,0.1872863558635925,41.365718841552734,68.99260711669922,6.875778198242188,11.790916442871094,,93.34045791625977,100.67745971679688,0.1872863558635925,11.042921835724492,4.536253646404855,4.611921938689335,0,df40_sit
C:\My_Project\AIGC\lfw\Manfred_Reyes_Villa\Manfred_Reyes_Villa_0001.jpg,real,lfw,250,250,62500,0.187911438702105,0.0849242284893989,0.0089481528848409,0.1053663119673729,0.0011164437746629,-4.346056462894773,1.649618419045406,0.6790155172348022,337.2181396484375,979.2052612304688,1.938431107043954,0.1838524773536946,11.317042070637092,0.6128881765607221,0.1355019576490738,6.307397842407227,26.48699378967285,0.3090899288654327,0.3839327577898402,0.8200536224594076,0.5574222803115845,55.35948944091797,135.0089874267578,70.67951965332031,167.3001251220703,0.1533757716971028,55.35948944091797,74.424072265625,23.461997985839844,9.204963684082031,,79.64949798583984,96.62060546875,0.1533757716971028,11.042921835724492,4.377635733584655,4.5707920256016585,0,df40_sit
C:\My_Project\AIGC\lfw\Kwon_Yang-sook\Kwon_Yang-sook_0001.jpg,real,lfw,250,250,62500,0.2072603145548373,0.0785436928272247,0.0071176048368215,0.0906196907162666,0.0007054166053421,-3.99202786418422,1.0100397433008976,0.7645292282104492,137.76046752929688,314.2854309082031,2.111010115891003,0.1406245368662003,4.560476685133886,0.6230261542833685,0.1987855187647849,4.927238941192627,35.40900039672852,0.1398248821496963,0.4301477156442955,0.99291820185414,0.240372821688652,65.02728271484375,148.7216796875,72.10810852050781,167.54580688476562,0.1591916576262519,56.454193115234375,77.92105865478516,9.214397430419922,47.01058197021485,,83.69439697265625,95.43769836425781,0.1591916576262519,11.042921835724492,4.4271720334704545,4.558473661449596,0,df40_sit
C:\My_Project\AIGC\lfw\Jim_Greenwood\Jim_Greenwood_0001.jpg,real,lfw,250,250,62500,0.1961957485678125,0.0442535355687141,0.0028437515720725,0.0642604380846023,0.0004549849545583,-4.271324641092437,1.0743307987446382,0.2393088489770889,168.1324462890625,600.7500610351562,1.932269419075508,0.1751477187099877,5.55762753924284,0.697827461722037,0.2074903329831007,4.3056159019470215,26.62606239318848,0.2131069451570511,0.416766731543806,0.7443205496087282,0.3274047970771789,52.464839935302734,149.64791870117188,56.96844482421875,169.54928588867188,0.218051513566138,52.464839935302734,41.8538703918457,22.950056076049805,5.407966613769531,,97.18307876586914,112.58084106445312,0.218051513566138,11.042921835724492,4.576596609540639,4.723671550823866,0,df40_sit
C:\My_Project\AIGC\lfw\Jaymon_Crabb\Jaymon_Crabb_0001.jpg,real,lfw,250,250,62500,0.157269178036552,0.0856501758098602,0.0051203137263655,0.0597817078232765,0.0007334504043683,-4.307778469708735,1.383301356681445,0.7777004837989807,240.2823638916016,729.30859375,1.8911987238023829,0.1900883340577391,7.928528393351783,0.6119769164735813,0.1498818393711403,5.180218696594238,26.20781135559082,0.2523015737533569,0.4124917393712327,0.8526091260045592,0.4401503205299377,60.54778289794922,140.93482971191406,72.98631286621094,167.48097229003906,0.1513900392772029,56.51902770996094,66.07992553710938,27.958927154541016,8.013015747070312,,80.38704681396484,94.49465942382812,0.1513900392772029,11.042921835724492,4.386853053926383,4.548543318869154,0,df40_sit
C:\My_Project\AIGC\lfw\Mark_Kelly\Mark_Kelly_0001.jpg,real,lfw,250,250,62500,0.1745680685071606,0.0724290162324905,0.0075893052853643,0.1047826632857322,0.0006168495165184,-4.019872125408929,1.0371984239347392,0.5811585187911987,120.69319152832033,299.5162048339844,1.9743984863468496,0.1757762302015782,4.0868034395198505,0.623765353500676,0.1401039482399696,4.489048004150391,22.45005226135254,0.2247390896081924,0.4296805950261246,0.8253467524708797,0.3714269995689392,50.07884216308594,148.79652404785156,63.82565307617188,177.34243774414062,0.2233361335585534,46.657562255859375,46.64589691162109,21.126876831054688,31.465133666992188,,98.71768188476562,113.51678466796875,0.2233361335585534,11.042921835724492,4.59226407816304,4.7319507085250825,0,df40_sit
C:\My_Project\AIGC\lfw\Glenn_Plummer\Glenn_Plummer_0001.jpg,real,lfw,250,250,62500,0.1691065513839605,0.0665178969502449,0.0040490552783012,0.060871671885252,0.0004977792268618,-4.275850168290877,1.1022183445743172,0.2694751322269439,135.01724243164062,407.8361206054688,1.9191674214900776,0.1872875065865093,4.588802804709135,0.626808341614474,0.1438625972236289,4.135251045227051,19.609561920166016,0.3188019096851349,0.3978542549916655,0.8532923263708853,-0.5796561241149902,87.213134765625,172.52459716796875,71.0124740600586,177.09498596191406,0.1803661955050487,46.90501403808594,53.67571640014648,24.07260513305664,18.89585876464844,,85.31146240234375,106.08251190185547,0.1803661955050487,11.042921835724492,4.446308822988468,4.664217205473336,0,df40_sit
C:\My_Project\AIGC\lfw\Robin_Williams\Robin_Williams_0001.jpg,real,lfw,250,250,62500,0.1868277130922197,0.0617927722632885,0.006016903091222,0.0973722785711288,0.0008542358409613,-4.006272877932081,1.05208761518413,1.2343392372131348,582.6625366210938,1698.8560791015625,2.0423258511859874,0.155877402105812,18.903345452446885,0.5423182743659802,0.1797175673578282,10.082549095153809,22.92075538635254,0.2016056925058365,0.4305471306371988,0.9143549197417552,-0.3329863250255584,81.39580535888672,163.26280212402344,68.89742279052734,169.85757446289062,0.1647262518010419,54.142425537109375,75.11804962158203,4.439079284667969,12.351806640625,,81.86699676513672,100.96015167236328,0.1647262518010419,11.042921835724492,4.405095939744184,4.614725901093313,0,df40_sit
C:\My_Project\AIGC\lfw\Spencer_Abraham\Spencer_Abraham_0010.jpg,real,lfw,250,250,62500,0.2966316280795494,0.0518664084374904,0.0045743831433355,0.0881954878568649,0.0008422018727287,-4.1868617097871645,1.087273789027849,0.7154789566993713,168.3203125,562.5260009765625,1.8780568400930289,0.2057265615721436,5.568071618190203,0.749122880766359,0.3407546764359221,3.9857144355773926,29.438920974731445,0.1610943377017974,0.4109312195662949,0.8657742511110095,0.2787094414234161,62.19644927978516,147.00637817382812,73.66058349609375,170.17660522460938,0.1631360997275852,53.82339477539063,57.07305145263672,21.68736267089844,31.998550415039062,,84.80992889404297,96.51602172851562,0.1631360997275852,11.042921835724492,4.440412621958482,4.569709022838545,0,df40_sit
C:\My_Project\AIGC\lfw\Bill_Readdy\Bill_Readdy_0001.jpg,real,lfw,250,250,62500,0.2647744964005611,0.0475397519767284,0.0025624830741435,0.0539019033312797,0.0004808082303497,-4.0311968372259255,0.6671996969934263,0.9285412430763244,254.93006896972656,819.0056762695312,1.9689312509204453,0.1706697717402091,8.392307248384094,0.6538992160824063,0.2186264650977607,5.294654846191406,34.899810791015625,0.3154222071170807,0.3750967113423035,0.8908019032903919,0.6330402493476868,55.85058975219727,138.00779724121094,70.45574951171875,171.84988403320312,0.1660207857950126,52.15011596679688,68.8275146484375,7.094852447509766,25.95496368408203,,82.15720748901367,101.39413452148438,0.1660207857950126,11.042921835724492,4.408634576350046,4.6190152445282235,0,df40_sit
C:\My_Project\AIGC\ddim\cdf\Fake_from_Celeb-real\id2_0001\YouTube-real_00022_181.png,fake,df40_ddim,256,256,65536,0.068573383944991,0.1268985569477081,0.0157329495996236,0.1239805296063423,0.0006335277575999,-3.291823934641051,0.5492875791771329,1.5346200466156006,213.3855438232422,355.05877685546875,2.1331973029592537,0.1397305607348866,6.766676765927974,0.5115167019341765,0.0977634997305238,7.2187275886535645,32.577030181884766,0.0307837780565023,0.4815640814755659,0.760841288564008,-0.0472743697464466,58.880348205566406,168.67214965820312,67.16109466552734,192.23751831054688,0.273683949921075,31.762481689453125,60.30268859863281,0.4811172485351562,7.0981292724609375,0.7709569213916438,109.79180145263672,125.07642364501953,0.273683949921075,11.090354888959125,4.698585858278863,4.828924939640248,1,df40_ddim
C:\My_Project\AIGC\ddim\cdf\Fake_from_Youtube-real\00271\YouTube-real_00189_290.png,fake,df40_ddim,256,256,65536,0.0883385999192395,0.0967056527733802,0.0083402805030345,0.0862439796328544,0.0004001772031188,-3.564868926594064,0.6039580637891812,1.0360655784606934,121.79231262207033,275.95513916015625,2.0219039288012977,0.1661388686377522,4.0470971837488445,0.6044576043203889,0.1201160374705559,4.543050765991211,30.83796501159668,0.065962865948677,0.4493399402645646,1.0221321453612933,-0.1115665584802627,56.45613098144531,174.98886108398438,63.66683197021485,213.7637634277344,0.3545798602055458,10.236236572265623,50.49020385742188,14.57818603515625,17.184539794921875,0.8242776787410548,118.53273010253906,150.09693145751956,0.3545798602055458,11.090354888959125,4.775189125835004,5.01128129510946,1,df40_ddim
C:\My_Project\AIGC\ddim\cdf\Fake_from_Youtube-real\00042\Celeb-real_id26_0005_291.png,fake,df40_ddim,256,256,65536,0.0593011935438665,0.1234385967254638,0.0115233426913619,0.0933528319001197,0.0003307484439574,-3.5648613445793984,0.8309819853169126,0.6944946050643921,50.39284133911133,133.5607452392578,2.1441464248906423,0.1317053401236829,1.6894956140350867,0.7258687445330025,0.1639246242134252,2.914976119995117,34.06732177734375,0.3555233180522918,0.3183828151190519,0.8077447141241878,-0.8885265588760376,84.91645812988281,202.81671142578125,65.09306335449219,203.46414184570312,0.325135228056051,20.535858154296875,35.9279899597168,4.178743362426758,9.630729675292969,0.8199403154448426,117.90025329589844,138.37107849121094,0.325135228056051,11.090354888959125,4.769838955937103,4.929939050906977,1,df40_ddim
C:\My_Project\AIGC\ddim\cdf\Fake_from_Youtube-real\00050\Celeb-real_id50_0000_063.png,fake,df40_ddim,256,256,65536,0.0835434054195859,0.1420528292655944,0.0129816448315978,0.0913860350847244,0.0003831947105936,-3.404129723951052,0.5781846889139878,0.9837000966072084,80.396484375,187.6464080810547,2.053245531407125,0.1542013844367316,2.57124105493998,0.6616795988515797,0.1230557756374673,3.4838011264801025,30.878549575805664,0.3023799955844879,0.386126848053106,0.6731136463124585,-0.6079432368278503,76.01335144042969,192.4532012939453,59.867431640625,203.6715087890625,0.3337158233316215,20.3284912109375,39.96554183959961,1.9678192138671875,18.719451904296875,0.788087921229419,116.43984985351562,143.8040771484375,0.3337158233316215,11.090354888959125,4.757374829401459,4.9684517977948675,1,df40_ddim
C:\My_Project\AIGC\ddim\cdf\Fake_from_Youtube-real\00069\Celeb-real_id47_0009_132.png,fake,df40_ddim,256,256,65536,0.0924231563900235,0.110399454832077,0.009206567890942,0.0833932384848594,0.0005083914147689,-3.62906292356923,0.7413672731897922,1.066826105117798,133.53904724121094,265.31671142578125,2.0280599985565417,0.1636325751975495,4.408575427054474,0.5857610456129863,0.1340327308309888,4.991971492767334,25.979360580444336,0.1104462593793869,0.4496953649101591,1.0077330701651122,-0.179275631904602,61.03727722167969,180.40377807617188,63.0810775756836,205.00051879882807,0.3376201192209729,18.999481201171875,51.14816284179688,2.116363525390625,10.879615783691406,0.813308707051764,119.36650085449219,141.91944122314447,0.3376201192209729,11.090354888959125,4.782198599235834,4.955259581287062,1,df40_ddim
C:\My_Project\AIGC\ddim\cdf\Fake_from_Celeb-real\id52_0001\Celeb-real_id46_0003_000.png,fake,df40_ddim,256,256,65536,0.0969399684193044,0.13105109333992,0.0143393250182271,0.1094178259372711,0.0007074192399159,-3.207681980517761,0.4297563096658476,1.2644731998443604,130.3251953125,228.5750732421875,2.015069734451322,0.1706660364827033,4.147165281625112,0.5619405815614843,0.1071976938537884,5.18857479095459,45.7929916381836,0.0368873700499534,0.4274587489070607,1.0223112853672374,-0.0628974884748458,51.94318389892578,175.2490692138672,68.69841766357422,196.91282653808597,0.3150827327089355,27.087173461914062,58.3268928527832,10.117137908935549,39.6910400390625,0.8016828909173697,123.3058853149414,128.21440887451175,0.3150827327089355,11.090354888959125,4.814668140701425,4.853703931887809,1,df40_ddim
C:\My_Project\AIGC\ddim\cdf\Fake_from_Celeb-real\id39_0000\Celeb-real_id49_0009_088.png,fake,df40_ddim,256,256,65536,0.1292611700095364,0.1068022921681404,0.0063749980181455,0.059689711779356,0.0006494597764685,-3.653689109894966,0.6471142167737783,1.1240148544311523,162.429443359375,308.6534423828125,2.083999104867287,0.1524490529623988,5.340049342105258,0.5053985012152384,0.0854623331296119,5.8500189781188965,31.034791946411133,0.2659916579723358,0.3907944925113492,0.8873807556025992,0.466261476278305,36.0033073425293,153.4014892578125,64.02194213867188,205.51768493652344,0.3310615225051878,18.48231506347656,52.845062255859375,2.383861541748047,12.199951171875,0.7962723553209798,117.3981819152832,141.49574279785156,0.3310615225051878,11.090354888959125,4.765571421032884,4.952269630396428,1,df40_ddim
C:\My_Project\AIGC\ddim\cdf\Fake_from_Celeb-real\id46_0009\Celeb-real_id6_0003_167.png,fake,df40_ddim,256,256,65536,0.1754401573547032,0.0747796595096588,0.004198492038995,0.0561448410153389,0.000299002189422,-3.694366893856928,0.5161124604991942,0.7638006210327148,97.4943389892578,302.1522827148437,1.9040378269283105,0.1865071873027352,3.2835093490304645,0.6699410128215697,0.140085685546098,3.255627393722534,47.088111877441406,0.0524955242872238,0.4400882984542343,0.9082196679301946,-0.085037924349308,55.90058517456055,173.1809844970703,64.463623046875,209.2523956298828,0.3384264402493465,14.747604370117188,47.25039291381836,13.321533203125,29.535789489746094,0.8325752277651546,117.28039932250977,144.7887725830078,0.3384264402493465,11.090354888959125,4.764567642997055,4.975275939535268,1,df40_ddim
C:\My_Project\AIGC\ddim\cdf\Fake_from_Celeb-real\id32_0000\Celeb-real_id13_0000_273.png,fake,df40_ddim,256,256,65536,0.1384328122970296,0.1169349029660224,0.0076578711159527,0.0654883310198783,0.0005956037784926,-3.535060345603312,0.5915252859122745,1.0377808809280396,114.78033447265624,309.2843322753906,2.15226876181775,0.1324183135566886,3.780819771468143,0.6230732365839297,0.1278029082611138,4.2483015060424805,47.21184539794922,0.1650204509496688,0.4261597523075723,0.9137808137858454,-0.2763084173202514,61.67076873779297,185.6323089599609,70.22950744628906,197.7432403564453,0.3150270793012818,26.256759643554688,44.70395278930664,9.150733947753906,0.5732269287109375,0.8060459763840377,123.96154022216794,127.51373291015625,0.3150270793012818,11.090354888959125,4.819971357996986,4.848224067897537,1,df40_ddim
C:\My_Project\AIGC\ddim\cdf\Fake_from_Celeb-real\id4_0008\Celeb-real_id5_0005_299.png,fake,df40_ddim,256,256,65536,0.0919292601788879,0.1314708143472671,0.0138030052185058,0.1049891263246536,0.0006286703865043,-3.3146244348648386,0.4951601244490085,1.446963906288147,189.58963012695312,390.5809631347656,2.1092564215828284,0.14391147608759,5.9841043397968585,0.579516914110512,0.1083982146497004,5.92584228515625,37.156280517578125,0.0358007214963436,0.4426742224793338,0.814044632431064,-0.0543033294379711,53.83694076538086,173.45401000976562,65.89268493652344,195.80789184570312,0.3097113420909184,28.192108154296875,79.35125732421875,15.717350006103516,53.34762573242188,0.8091169788386985,119.61706924438477,129.9152069091797,0.3097113420909184,11.090354888959125,4.784295550767737,4.8668819831002725,1,df40_ddim
C:\My_Project\AIGC\ddim\cdf\Fake_from_Celeb-real\id59_0004\YouTube-real_00018_420.png,fake,df40_ddim,256,256,65536,0.1071368512160824,0.0782493576407432,0.0050251269713044,0.0642194002866745,0.000312473392114,-3.666169871869384,0.546139076331982,0.9125226736068726,110.5027313232422,305.50616455078125,1.8987772658229551,0.1968328165342687,3.6474826869806014,0.6179975748031494,0.1064730465068006,3.713356494903565,38.36787796020508,0.0278371647000312,0.4478079079123998,1.0520184206988077,0.036704808473587,48.96063232421875,170.41465759277344,61.491641998291016,211.9010772705078,0.3640750827523289,12.098922729492188,50.1445198059082,5.009689331054688,6.959541320800781,0.8330276677830568,121.45402526855469,150.4094352722168,0.3640750827523289,11.090354888959125,4.799535798320561,5.013361144070729,1,df40_ddim
C:\My_Project\AIGC\ddim\cdf\Fake_from_Youtube-real\00053\YouTube-real_00071_490.png,fake,df40_ddim,256,256,65536,0.0942647321537736,0.0910095572471618,0.006543225608766,0.071896031498909,0.0003204990935046,-3.574292294878968,0.4588372256916808,1.2282196283340454,181.4127655029297,297.0946044921875,2.0559093815633656,0.1608660013563481,5.835764658356417,0.5191797731864904,0.0999498986941239,6.1339287757873535,38.57560729980469,0.0469554811716079,0.4190282428371183,1.192826581705326,0.0741286128759384,47.23200607299805,171.550537109375,60.80933380126953,211.37142944335935,0.3730400701527244,12.628570556640623,59.09450912475586,4.492069244384766,10.35332489013672,0.7999012727881194,124.31853103637695,150.56209564208982,0.3730400701527244,11.090354888959125,4.822847070561569,5.014375594723264,1,df40_ddim
C:\My_Project\AIGC\ddim\cdf\Fake_from_Celeb-real\id40_0009\Celeb-real_id52_0005_373.png,fake,df40_ddim,256,256,65536,0.0938565700336125,0.1289574652910232,0.0064396653324365,0.0499363504350185,0.0003181335923727,-3.579261589907833,0.6675687374925747,0.97465318441391,109.7524185180664,286.984375,1.924044071836383,0.1847881673028795,3.559955274699904,0.6523977361529321,0.1221391978779102,3.514967679977417,58.26730728149414,0.0035211818758398,0.4237977116256907,0.8752289636730458,-0.0006951188552193,53.74333190917969,170.50250244140625,71.74533081054688,205.30958557128903,0.3108030053934002,18.690414428710938,62.20621109008789,15.890453338623049,2.537017822265625,0.8079228310646727,116.75917053222656,133.56425476074216,0.3108030053934002,11.090354888959125,4.76011344192014,4.894582671117477,1,df40_ddim
C:\My_Project\AIGC\ddim\cdf\Fake_from_Celeb-real\id12_0004\YouTube-real_00067_045.png,fake,df40_ddim,256,256,65536,0.0458672044854209,0.0934144631028175,0.0082082590088248,0.087869256734848,0.0002217921137344,-3.544382554828764,0.5681646716706381,1.0966507196426392,123.98817443847656,222.19146728515625,2.121911962331377,0.1413261146656625,3.999005944136655,0.5567836159980102,0.1134266297794627,5.187173843383789,33.407257080078125,0.007778737694025,0.4418226168225065,0.8189797577724852,-0.005060227587819,53.49096298217773,170.52603149414062,64.06169128417969,197.3462829589844,0.3108851107750671,26.653717041015625,58.440242767333984,2.791465759277344,12.56402587890625,0.8052707821455378,117.03506851196289,133.28459167480472,0.3108851107750671,11.090354888959125,4.76247362075891,4.892486629166671,1,df40_ddim
C:\My_Project\AIGC\ddim\ff\379\800_097.png,fake,df40_ddim,256,256,65536,0.0690761575555775,0.1284824013710022,0.0095733348280191,0.0745108649134635,0.0004470033454708,-3.308962212417092,0.3722452896350256,1.5089126825332642,241.77755737304688,505.4064331054688,2.108789971593711,0.1418351868895976,7.686197483841178,0.5718490760131075,0.1467743380609183,6.447962760925293,28.26828956604004,0.004254141356796,0.4409346489915207,1.1070454381820385,0.0157969072461128,51.270240783691406,173.32484436035156,63.205787658691406,206.4056396484375,0.3483378740203458,17.5943603515625,57.295387268066406,9.086231231689451,1.286468505859375,0.8007426187015056,122.05460357666016,143.1998519897461,0.3483378740203458,11.090354888959125,4.8044685149040385,4.964241220934852,1,df40_ddim
C:\My_Project\AIGC\ddim\cdf\Fake_from_Celeb-real\id0_0007\Celeb-real_id33_0004_067.png,fake,df40_ddim,256,256,65536,0.0710387071615961,0.1094091087579727,0.0103718182072043,0.0947984978556633,0.0004041924548801,-3.479791088788318,0.5974408642228866,1.2487313747406006,149.0725860595703,366.4083862304688,2.1280653254457857,0.1395376126798973,4.865036068790394,0.5646693462027252,0.1112861076308206,5.444797992706299,39.51276779174805,0.1192857101559639,0.4183289184207249,1.0527071105776642,0.2025039792060852,41.72768020629883,168.53778076171875,61.20612716674805,216.9177703857422,0.3935309537278842,7.0822296142578125,,,,0.809678451144741,126.81010055541992,155.71164321899414,0.3935309537278842,11.090354888959125,4.842690696207774,5.048005855870633,1,df40_ddim
C:\My_Project\AIGC\ddim\cdf\Fake_from_Youtube-real\00259\Celeb-real_id25_0002_087.png,fake,df40_ddim,256,256,65536,0.1173164528221179,0.1368848383426666,0.008967344649136,0.0655101388692855,0.0006143416394479,-3.3834011501237016,0.4917094826807318,1.2451977729797363,144.22390747070312,289.9867858886719,2.048060554336354,0.1612916856644204,4.71995787165281,0.5537120149642422,0.0976438626729069,5.262814044952393,60.40003204345703,0.0809587761759758,0.4374234050462106,0.9360811083942202,-0.1300601363182068,54.32121276855469,179.61444091796875,66.62498474121094,206.97488403320312,0.3504642050529907,17.025115966796875,57.7160758972168,17.58293914794922,23.38494110107422,0.7893798198242408,125.29322814941406,140.3498992919922,0.3504642050529907,11.090354888959125,4.830656815345078,4.944138585258593,1,df40_ddim
C:\My_Project\AIGC\ddim\cdf\Fake_from_Celeb-real\id37_0003\Celeb-real_id34_0005_153.png,fake,df40_ddim,256,256,65536,0.12285618137646,0.0968006402254104,0.0061647244729101,0.0636847540736198,0.0003728557785507,-3.8087603135889863,0.7632099667896202,0.5738582015037537,72.87139892578125,210.2638702392578,1.8724492936733008,0.1912895617312265,2.532353416435824,0.7009636164468848,0.1399181501463085,2.700094223022461,25.02224540710449,0.3210992217063904,0.373094529341523,0.7934627565540457,0.6296479105949402,26.894676208496094,152.32968139648438,58.07686233520508,203.81272888183597,0.3643251589674866,20.187271118164062,35.4022331237793,5.585460662841797,14.637359619140623,0.8007469806758394,125.43500518798828,145.7358665466309,0.3643251589674866,11.090354888959125,4.831787737473774,4.981795850008114,1,df40_ddim
C:\My_Project\AIGC\ddim\cdf\Fake_from_Celeb-real\id40_0007\YouTube-real_00186_016.png,fake,df40_ddim,256,256,65536,0.1120548974694269,0.1066489219665527,0.0050647594034671,0.0474900193512439,0.0003181640349794,-3.7391731434293214,0.730909866653803,0.8703708052635193,111.41907501220705,232.4351959228516,1.9580174425274608,0.1806634198323432,3.730887580794088,0.6231463315128078,0.108448094578653,3.9315359592437744,53.95143127441406,0.0554285869002342,0.419584919953941,0.9069298441060284,0.080833226442337,45.362525939941406,172.7091522216797,63.50416564941406,208.3636932373047,0.3676533028357036,15.636306762695312,46.173770904541016,13.532196044921877,47.67992401123047,0.8208510804061504,127.34662628173828,144.85952758789062,0.3676533028357036,11.090354888959125,4.84691270937246,4.975764497598606,1,df40_ddim
C:\My_Project\AIGC\ddim\cdf\Fake_from_Youtube-real\00128\Celeb-real_id13_0003_306.png,fake,df40_ddim,256,256,65536,0.1104083050834417,0.1364551037549972,0.0095923840999603,0.0702969953417778,0.0005251883412711,-3.5083523057997805,0.654725719126398,1.0299968719482422,108.6492919921875,252.8090362548828,2.056287959884078,0.1567475542531615,3.5022671398891942,0.6213016793576227,0.1153160154617731,4.188198566436768,39.931522369384766,0.1481716334819793,0.4564390113464618,0.7643983598292955,-0.2317742705345153,62.01411437988281,177.51931762695312,67.28264617919922,188.0636138916016,0.2780379110331407,35.93638610839844,67.63072967529297,18.332733154296875,47.06494140625,0.8074377676691,115.50520324707031,120.78096771240237,0.2780379110331407,11.090354888959125,4.749315578705323,4.793978721038437,1,df40_ddim
C:\My_Project\AIGC\ddim\cdf\Fake_from_Celeb-real\id9_0006\Celeb-real_id58_0000_315.png,fake,df40_ddim,256,256,65536,0.1553903524403666,0.1107152327895164,0.0126691833138465,0.1144303530454635,0.0008022424299269,-3.5358051812572047,0.738005029493205,1.231366753578186,141.655517578125,309.4116516113281,2.114509490834739,0.1410624771404147,4.579416551246536,0.612569691991104,0.118185029476243,4.942271709442139,27.072643280029297,0.1395013928413391,0.4456471702967617,0.8322150582045613,-0.2291229516267776,61.39388275146485,177.55950927734375,64.1432113647461,206.55685424804688,0.3297108189447427,17.443145751953125,67.1088638305664,9.500755310058594,28.72651672363281,0.8211904407244219,116.1656265258789,142.41364288330078,0.3297108189447427,11.090354888959125,4.755016987626204,4.958735801153453,1,df40_ddim
C:\My_Project\AIGC\ddim\cdf\Fake_from_Celeb-real\id13_0004\Celeb-real_id48_0003_021.png,fake,df40_ddim,256,256,65536,0.0397311564484253,0.122527427971363,0.0124118095263838,0.1012982130050659,0.0002713049179874,-3.3083614386355564,0.4603967985174876,1.088666915893555,102.17543029785156,247.52638244628903,2.09943368802298,0.1432153399116741,3.355013273314865,0.6340301998805035,0.1545316415220399,4.2797675132751465,38.96834564208984,0.3071548640727997,0.393606578584291,0.9211282001022448,0.6088759303092957,30.71661758422852,157.00526428222656,57.86402130126953,216.84829711914065,0.4001496540039101,7.151702880859375,,,,0.6606361709385205,126.28864669799805,158.98427581787112,0.4001496540039101,11.090354888959125,4.838570133772,5.068805303102649,1,df40_ddim
C:\My_Project\AIGC\ddim\cdf\Fake_from_Celeb-real\id30_0005\Celeb-real_id59_0000_525.png,fake,df40_ddim,256,256,65536,0.035295155188091,0.0967399328947067,0.00876260176301,0.0905789509415626,0.0001687709445832,-3.605100822383112,0.6850695961708535,0.652411162853241,58.083526611328125,117.66597747802734,2.0069946568802486,0.1661852487471142,1.9882707179132035,0.6755849545827436,0.1553502494106785,3.319510698318481,29.92288589477539,0.0215946473181247,0.4312994275524648,1.077783757445034,-0.0306604877114295,51.61978912353516,174.54713439941406,65.62772369384766,208.21319580078125,0.3493234526668771,15.78680419921875,38.2392692565918,5.067607879638672,10.375701904296877,0.7942543811386571,122.9273452758789,142.5854721069336,0.3493234526668771,11.090354888959125,4.811593492033057,4.959941624157211,1,df40_ddim
C:\My_Project\AIGC\ddim\cdf\Fake_from_Youtube-real\00176\YouTube-real_00184_315.png,fake,df40_ddim,256,256,65536,0.0580469414612791,0.0942818969488143,0.0055726813152432,0.0591065920889377,0.000231817481108,-3.68475196137176,0.6441337556553066,0.7563022971153259,81.39620208740234,141.66307067871094,1.98313857355325,0.1767028902332666,2.753103647276084,0.6032912648083453,0.1202595728885929,3.854752540588379,32.7534294128418,0.0106725469231605,0.4301830454903314,1.0444024644990002,0.0240864716470241,48.79140472412109,172.6223602294922,59.90605926513672,205.3546905517578,0.3589573299818778,18.645309448242188,39.46700668334961,4.259441375732422,13.769889831542969,0.7954533619979003,123.8309555053711,145.4486312866211,0.3589573299818778,11.090354888959125,4.818917373464467,4.9798229746983855,1,df40_ddim
C:\My_Project\AIGC\ddim\cdf\Fake_from_Celeb-real\id45_0000\Celeb-real_id53_0004_368.png,fake,df40_ddim,256,256,65536,0.0509247668911773,0.1019648686051368,0.0072352671995759,0.0709584355354309,0.0002067808673018,-3.5934642665202463,0.6057860308472927,0.959614634513855,99.69671630859376,192.15843200683597,2.056411809878792,0.1545691237952102,3.2568005540166203,0.6260068064459476,0.1311675336481562,4.243905067443848,34.09028244018555,0.1077128499746322,0.44580151575411,1.085002709284694,0.1823897510766983,45.60250473022461,165.53286743164062,62.9112663269043,205.0878753662109,0.3398296454428705,18.912124633789062,40.20846939086914,15.944746017456056,21.255645751953125,0.8152159882488377,119.93036270141602,142.1766090393066,0.3398296454428705,11.090354888959125,4.786911263515018,4.95707001044415,1,df40_ddim
C:\My_Project\AIGC\ddim\cdf\Fake_from_Celeb-real\id44_0002\Celeb-real_id56_0002_337.png,fake,df40_ddim,256,256,65536,0.1017314731809729,0.1200976818799972,0.0097382869571447,0.0810863897204399,0.000407521642046,-3.6466155076091056,0.7929650280747608,1.0739643573760986,121.5870132446289,321.0436096191406,2.107528440480471,0.1403920508483607,3.939690674053553,0.6661156819392434,0.1530622052586318,4.205746173858643,38.801300048828125,0.2798193693161011,0.4109208449824192,0.7805967473084136,-0.50594162940979,67.91630554199219,187.48216247558597,62.706016540527344,203.81674194335935,0.3362568719170649,20.183258056640625,41.82314300537109,28.25530242919922,0.7004852294921875,0.8142159337208845,119.56585693359378,141.110725402832,0.3362568719170649,11.090354888959125,4.78386732361631,4.949544868746925,1,df40_ddim
C:\My_Project\AIGC\ddim\cdf\Fake_from_Celeb-real\id48_0002\YouTube-real_00062_292.png,fake,df40_ddim,256,256,65536,0.0228408411283493,0.0986493453383445,0.0045541743747889,0.0461652800440788,6.955757271498442e-05,-3.598614096712718,0.4984644322282799,0.418721854686737,39.38969802856445,97.09862518310548,2.038239219682564,0.1558675205940904,1.4058815212373044,0.728644087841082,0.2214931038436496,2.4605154991149902,39.49153518676758,0.272905021905899,0.398647994008115,0.8142551990610276,-0.4949799180030823,67.67993927001953,195.17491149902344,62.92909240722656,202.47817993164065,0.3545879910416933,21.52182006835937,24.940841674804688,2.444512367248535,10.573562622070312,0.8056967116441172,127.4949722290039,139.5490875244141,0.3545879910416933,11.090354888959125,4.848076930322952,4.938416421260947,1,df40_ddim
C:\My_Project\AIGC\ddim\cdf\Fake_from_Celeb-real\id13_0009\Celeb-real_id30_0003_272.png,fake,df40_ddim,256,256,65536,0.1273153894365996,0.1080141142010688,0.0087685631588101,0.0811797901988029,0.0006512305117212,-3.675889650730329,0.7004855382044404,0.9002228379249573,109.65192413330078,249.2499542236328,2.029210067965096,0.1639265944589331,3.6616551246537377,0.6156054085973658,0.1271102056825623,4.3448896408081055,30.38357734680176,0.0132722156122326,0.4638926054962684,0.8489920738714472,-5.2741714171133935e-05,53.06949996948242,169.3727569580078,72.7267837524414,209.27133178710935,0.3164974422125725,14.728668212890623,48.45892333984375,15.854814529418944,10.93560791015625,0.7775082629741945,116.30325698852539,136.54454803466794,0.3164974422125725,11.090354888959125,4.756201064192892,4.916650920609762,1,df40_ddim
C:\My_Project\AIGC\ddim\cdf\Fake_from_Youtube-real\00124\Celeb-real_id47_0004_252.png,fake,df40_ddim,256,256,65536,0.0964442769028208,0.1227868199348449,0.0063841524533927,0.051993791013956,0.0002996452385559,-3.6082482347637943,0.5414018520403515,0.7508140802383423,77.55101776123047,156.8734588623047,2.061947369388168,0.1544106025489257,2.6060736957525354,0.6274541459383456,0.1257558857794822,3.6348798274993896,51.05475234985352,0.0346782505512237,0.42077994983352,0.8099455163077253,0.0549303665757179,51.036319732666016,169.2282257080078,66.51605987548828,204.7418365478516,0.3255972576496443,19.25816345214844,45.37890625,16.25305938720703,35.17475128173828,0.8355366223773899,118.1919059753418,138.2257766723633,0.3255972576496443,11.090354888959125,4.772309625261341,4.9288884111075655,1,df40_ddim
C:\My_Project\AIGC\ddim\cdf\Fake_from_Celeb-real\id23_0006\YouTube-real_00267_234.png,fake,df40_ddim,256,256,65536,0.1097977470671157,0.1417889893054962,0.0073858457617461,0.0520904026925563,0.0003525495412759,-3.725609996412072,0.828662507035321,0.3290272653102875,43.45685577392578,96.04690551757812,1.8383158225346048,0.2057805694872416,1.5496791320406271,0.7014501208376022,0.1291125344140952,2.129021406173706,52.6197624206543,0.3268490135669708,0.3863729583599373,0.7928238777561891,0.669329822063446,26.841636657714844,147.72694396972656,67.37966918945312,204.2964782714844,0.3298634913516698,19.703521728515625,32.884674072265625,9.402473449707031,15.756893157958984,0.8324421321862516,120.88530731201172,136.91680908203128,0.3298634913516698,11.090354888959125,4.794842222626171,4.919373508409637,1,df40_ddim
C:\My_Project\AIGC\ddim\cdf\Fake_from_Youtube-real\00129\YouTube-real_00090_240.png,fake,df40_ddim,256,256,65536,0.1267418499557007,0.1294832080602646,0.0102806650102138,0.0793976709246635,0.0007627585437148,-3.5315243207046167,0.6932729193546289,1.1304597854614258,120.97994995117188,255.32742309570312,2.0519716988729364,0.1556061320084425,3.887499422899351,0.6245607816326136,0.1392255484053536,4.532047748565674,33.00376892089844,0.0976141169667244,0.4323768917375037,0.8737315928958955,0.1756051033735275,46.52463912963867,167.250732421875,62.6429443359375,206.9934539794922,0.3473149133850773,17.006546020507812,52.34870147705078,2.4720420837402344,0.7895278930664062,0.818118538221416,120.72609329223633,144.3505096435547,0.3473149133850773,11.090354888959125,4.79352428777357,4.97224443671272,1,df40_ddim
C:\My_Project\AIGC\ddim\cdf\Fake_from_Youtube-real\00202\Celeb-real_id33_0006_025.png,fake,df40_ddim,256,256,65536,0.0900937201656329,0.1471195816993713,0.0084962556138634,0.057750679552555,0.0003327831800561,-3.821114826682224,0.9892914630186928,-0.1158482581377029,25.44388008117676,66.47705841064453,2.023011874491187,0.1558451567129113,0.9718977954755312,0.7706691588930472,0.1818302196273973,1.8671461343765257,39.35540008544922,0.2251453548669815,0.4122778376076595,0.8790303282237281,-0.3454050719738006,65.3124771118164,186.88877868652344,63.84846496582031,204.8445281982422,0.3416330497526982,19.15547180175781,24.90694046020508,8.612749099731445,8.078346252441406,0.8278012712946108,121.57630157470703,140.99606323242188,0.3416330497526982,11.090354888959125,4.8005420621729655,4.948731969650955,1,df40_ddim
C:\My_Project\AIGC\ddim\cdf\Fake_from_Celeb-real\id9_0002\Celeb-real_id3_0004_465.png,fake,df40_ddim,256,256,65536,0.06040249221929,0.1550443321466446,0.0104049770161509,0.0671096891164779,0.0002830235171131,-3.6670078663159766,0.9047323139934216,0.3259373605251312,31.59360122680664,80.09117126464844,2.010760510533017,0.1574677916578033,1.1254374422899358,0.7811842453131512,0.2669822398181435,1.9957220554351809,45.96238327026367,0.3296018242835998,0.354676868752376,0.9872230028924326,0.7396464347839355,22.33331680297852,152.9893035888672,62.58171081542969,206.57965087890625,0.3749639858523753,17.42034912109375,25.662443161010746,6.911582946777344,3.8529129028320312,0.803425259111286,130.65598678588867,143.99794006347656,0.3749639858523753,11.090354888959125,4.872567814000501,4.969798994358936,1,df40_ddim
C:\My_Project\AIGC\ddim\cdf\Fake_from_Celeb-real\id4_0008\Celeb-real_id20_0009_290.png,fake,df40_ddim,256,256,65536,0.1465768790768714,0.1201013624668121,0.0083345174789428,0.0693956986069679,0.0009245002293027,-3.654110625405918,0.7728895549842362,1.1306182146072388,154.52008056640625,267.71875,1.993089208999761,0.172926892841026,5.03514312096029,0.5572828086872015,0.1117134340575888,5.202208518981934,71.12310791015625,0.1668608039617538,0.438015837639147,0.8074022619540396,-0.2851246297359466,59.47904968261719,181.29751586914065,65.08118438720703,203.06626892089844,0.3350034150691977,20.93373107910156,55.68617630004883,1.2264785766601562,12.1405029296875,0.7945123376957142,121.81846618652347,137.9850845336914,0.3350034150691977,11.090354888959125,4.802531954510846,4.927145596226614,1,df40_ddim
C:\My_Project\AIGC\ddim\cdf\Fake_from_Celeb-real\id48_0003\Celeb-real_id26_0001_205.png,fake,df40_ddim,256,256,65536,0.1494813086490684,0.0944517403841018,0.010233768261969,0.1083491742610931,0.0007350242231041,-3.549217260765975,0.6629556948417259,1.1662126779556274,168.58119201660156,296.19512939453125,2.0343496215345858,0.1617797301839362,5.476766216528161,0.5720380048725842,0.1375008631954799,5.724114894866943,27.99600982666016,0.3147449493408203,0.3985703539923884,0.7665023539282498,-0.6319684386253357,68.98661041259766,196.2710876464844,58.97104263305664,205.28526306152344,0.3711640836081207,18.71473693847656,70.6019515991211,4.410854339599609,17.375755310058594,0.7915317043346448,127.28447723388675,146.3142204284668,0.3711640836081207,11.090354888959125,4.846424559667042,4.985756503770408,1,df40_ddim
C:\My_Project\AIGC\ddim\cdf\Fake_from_Celeb-real\id16_0013\YouTube-real_00251_246.png,fake,df40_ddim,256,256,65536,0.1491808758639306,0.1424748450517654,0.0087247053161263,0.0612368136644363,0.0008006182033568,-3.641842492856838,0.795200398082741,1.1483311653137207,150.1519012451172,345.6709289550781,2.076733985952066,0.1527174370132948,4.907545013850408,0.6061366968012845,0.1160650199525381,4.804111003875732,32.757080078125,0.2895885407924652,0.4085225340888834,0.7925253897031814,-0.5327467322349548,68.04441833496094,192.6029052734375,64.18963623046875,206.90220642089844,0.3542741910479324,17.097793579101562,44.38066101074219,6.703853607177734,37.895843505859375,0.8172761352376483,124.55848693847656,142.7125701904297,0.3542741910479324,11.090354888959125,4.824775380201455,4.960832608833312,1,df40_ddim
C:\My_Project\AIGC\ddim\cdf\Fake_from_Celeb-real\id59_0005\YouTube-real_00232_409.png,fake,df40_ddim,256,256,65536,0.0799818169910176,0.1020146980881691,0.0074208686128258,0.0727431327104568,0.0002807890996336,-3.741295815919812,0.77430963839584,0.848933756351471,103.69294738769533,193.4602813720703,2.0240221946343047,0.1638674706233039,3.503338238688825,0.6035157038723153,0.1396846602931606,4.283653259277344,28.51659774780273,0.1617376506328582,0.4401722008681017,1.062569212585773,0.2858170568943023,41.557376861572266,163.0927276611328,65.42901611328125,208.5767364501953,0.3467296796736335,15.423263549804688,46.73308944702149,2.6230392456054688,25.07610321044922,0.8226860206724211,121.53535079956055,143.14772033691406,0.3467296796736335,11.090354888959125,4.800205173544766,4.963877106421959,1,df40_ddim
C:\My_Project\AIGC\ddim\cdf\Fake_from_Celeb-real\id52_0005\Celeb-real_id45_0006_040.png,fake,df40_ddim,256,256,65536,0.0643886923909472,0.0968714207410812,0.0167723093181848,0.1731398999691009,0.0005370394210331,-3.3402273176934005,0.6803324502748679,1.417654275894165,171.4110107421875,483.105224609375,2.08314524481246,0.1522150965146053,5.430954235918736,0.5872919119807485,0.1147637799436019,5.515445709228516,28.87589836120605,0.2634574472904205,0.3890575171782263,1.0476683057688223,-0.5364698171615601,60.6053581237793,198.5199279785156,59.69472503662109,221.86233520507807,0.4457365314244522,2.137664794921875,,,,0.7934653241770775,137.9145698547363,162.16761016845697,0.4457365314244522,11.090354888959125,4.926634434437399,5.0886304310404515,1,df40_ddim
C:\My_Project\AIGC\ddim\cdf\Fake_from_Youtube-real\00083\Celeb-real_id2_0009_144.png,fake,df40_ddim,256,256,65536,0.0538682471082291,0.1022151708602905,0.0062371869571506,0.0610201694071292,0.0001247414038516,-3.6084132190197886,0.5563164300154455,0.4529667198657989,41.41165542602539,104.16769409179688,2.013141593794752,0.1610497558479356,1.466595106186518,0.7345681097074939,0.1676906584333273,2.3501787185668945,35.3590087890625,0.338839590549469,0.3847495543835403,0.8184434454022812,0.6966786980628967,33.69114685058594,146.96368408203125,67.6207046508789,208.5616149902344,0.318174715279186,15.438385009765623,33.58799362182617,2.111743927001953,20.6929931640625,0.8107874196001674,113.27253723144531,140.9409103393555,0.318174715279186,11.090354888959125,4.7297967488155965,4.948340726934037,1,df40_ddim
C:\My_Project\AIGC\ddim\cdf\Fake_from_Youtube-real\00262\Celeb-real_id60_0004_030.png,fake,df40_ddim,256,256,65536,0.0662561513913096,0.1027271524071693,0.0097578093409538,0.0949876382946968,0.0002058332611341,-3.490649104913776,0.5624401192524732,0.8335300087928772,69.98434448242188,146.4521484375,2.09897241805993,0.1475253289861016,2.326202100646352,0.6319157339799719,0.1211778765492132,3.902986288070679,34.92829132080078,0.0480316951870918,0.4089323902539165,0.8902968719553569,0.0764010697603225,42.39911651611328,174.92962646484375,62.93632507324219,207.00787353515625,0.3805380218981327,16.99212646484375,37.54942321777344,10.60133934020996,12.604171752929688,0.820477869827478,132.53050994873047,144.07154846191406,0.3805380218981327,11.090354888959125,4.886812882683649,4.970310040498645,1,df40_ddim
C:\My_Project\AIGC\ddim\cdf\Fake_from_Celeb-real\id37_0005\Celeb-real_id43_0005_139.png,fake,df40_ddim,256,256,65536,0.1394120357158607,0.092646948993206,0.0029809274710714,0.0321751274168491,0.000257919600699,-3.8868307621095735,0.6039165133176999,0.4868067502975464,79.45308685302734,181.6665802001953,1.960449609039632,0.1757239842603525,2.712022449215139,0.6605884586881852,0.1355152242041534,3.0564451217651367,98.58917999267578,0.0137100126594305,0.4549832934942898,0.8413152739446091,-0.0169897247105836,55.420387268066406,170.88790893554688,62.633056640625,201.3470916748047,0.3192156777322383,22.652908325195312,37.691707611083984,8.370643615722656,40.63848114013672,0.8436562589605145,115.46752166748047,138.7140350341797,0.3192156777322383,11.090354888959125,4.7489892927342146,4.932414512065746,1,df40_ddim
C:\My_Project\AIGC\ddim\cdf\Fake_from_Celeb-real\id7_0003\Celeb-real_id53_0002_196.png,fake,df40_ddim,256,256,65536,0.1080925263966678,0.1294011324644088,0.0097294114530086,0.0751879960298538,0.0006423168815672,-3.460576283569396,0.6084862711196807,1.3208225965499878,174.9287872314453,299.4886779785156,2.1120755425562296,0.1443421071095051,5.515287396121883,0.5384727423359359,0.102221866255013,6.088833332061768,30.751922607421875,0.051410038024187,0.4355724635990668,0.9808027280111002,-0.0884450003504753,53.85884094238281,177.08212280273438,65.60604095458984,208.1349029541016,0.3500253933235209,15.865097045898438,69.259765625,13.613243103027344,32.653289794921875,0.7995163084196548,123.22328186035156,142.52886199951175,0.3500253933235209,11.090354888959125,4.813998009384895,4.959544519547629,1,df40_ddim
C:\My_Project\AIGC\ddim\cdf\Fake_from_Celeb-real\id27_0003\Celeb-real_id37_0005_309.png,fake,df40_ddim,256,256,65536,0.0666353628359662,0.1093765795230865,0.007376866415143,0.067444659769535,0.0002750302082858,-3.474739096025597,0.5029920685886086,0.9100673198699952,83.65632629394531,152.68936157226562,2.0274027721743124,0.1594452125139407,2.777260791782087,0.6497344785313944,0.1520341056829857,3.747387409210205,32.67479705810547,0.2627274692058563,0.402354217309086,1.000802858738474,-0.5669613480567932,63.81425857543945,198.011474609375,59.15302276611328,222.42698669433597,0.4366811106902243,1.5730133056640625,,,,0.8103653517634974,134.19721603393555,163.27396392822268,0.4366811106902243,11.090354888959125,4.899310479418793,5.095429550205719,1,df40_ddim
C:\My_Project\AIGC\ddim\cdf\Fake_from_Celeb-real\id13_0000\YouTube-real_00056_481.png,fake,df40_ddim,256,256,65536,0.0622842585917202,0.1143881306052208,0.0129352631047368,0.1130822151899337,0.0004850985424127,-3.3726583487988666,0.5957609934786733,1.3060963153839111,150.10629272460938,304.68896484375,2.1325597023067333,0.140043553388501,4.809821387349951,0.5465528375093058,0.1087275347263209,5.956339359283447,30.77804374694824,0.0408742576837539,0.4529288387952815,0.7971783887879936,-0.0715323016047477,56.1746711730957,172.74183654785156,67.73693084716797,201.291748046875,0.3102699789364145,22.708251953125,47.88746643066406,5.447223663330078,7.613494873046875,0.7783102498250116,116.56716537475586,133.55481719970703,0.3102699789364145,11.090354888959125,4.758467633699954,4.894512009288879,1,df40_ddim
C:\My_Project\AIGC\ddim\cdf\Fake_from_Celeb-real\id16_0006\Celeb-real_id26_0003_224.png,fake,df40_ddim,256,256,65536,0.0433450400290937,0.1231932938098907,0.0108604365959763,0.0881576910614967,0.0002112190122716,-3.3320312803483807,0.4277438589955765,1.2023322582244873,117.67591094970705,299.2655639648437,2.0942311496393198,0.1440346069208833,3.6904775507848537,0.6523360549225536,0.1826749004267673,4.395287036895752,32.62205123901367,0.0465993136167526,0.4719123300756328,0.8319127471142486,0.0600752234458923,54.14739608764648,163.5746612548828,66.34181213378906,188.05517578125,0.2654408585428685,35.94482421875,48.83023452758789,3.613780975341797,9.581192016601562,0.8075333609549773,109.42726516723633,121.71336364746094,0.2654408585428685,11.090354888959125,4.695260083500002,4.801668802078906,1,df40_ddim
C:\My_Project\AIGC\AIGuard\unseen\Real_79.jpg,real,aiguard_unseen_real,256,256,65536,0.1368459055532581,0.1651223301887512,0.0137525415048003,0.0832869932055473,0.0011381439398974,-3.2863939613990616,0.5568936125930243,1.632097840309143,241.04139709472656,544.6491088867188,2.15314522102562,0.132325548571579,7.249193501846708,0.582980297468862,0.2057214149898603,6.5290117263793945,65.57010650634766,0.1223329380154609,0.4187011888466195,1.170021130623754,-0.2042601853609085,44.76434326171875,206.07049560546875,35.78204345703125,228.44461059570312,0.6193729553134679,-4.444610595703125,,,,,161.30615234375,192.66256713867188,0.6193729553134679,11.090354888959125,5.083304126646482,5.260940301950929,0,df40_ddim
C:\My_Project\AIGC\lfw\Isidro_Pastor\Isidro_Pastor_0001.jpg,real,lfw,250,250,62500,0.2857501391814478,0.06634072214365,0.0061792843043804,0.0931446552276611,0.0011471647303551,-3.7781954655008825,0.8122194680875623,1.141132950782776,192.0778045654297,788.04931640625,1.9873940539678936,0.1767385809285498,6.178763561865182,0.7173220793540191,0.3028536134230156,4.7243170738220215,38.64775466918945,0.1850103139877319,0.4256085979726068,0.9460850673291984,0.3466579020023346,63.82373046875,151.42791748046875,75.02478790283203,169.8792724609375,0.1656100526970755,54.1207275390625,62.74987411499024,26.65119171142578,19.982742309570312,,87.60418701171875,94.85448455810547,0.1656100526970755,11.042921835724492,4.472828793737537,4.552343975791595,0,df40_ddim
C:\My_Project\AIGC\lfw\Suzanne_Torrance\Suzanne_Torrance_0001.jpg,real,lfw,250,250,62500,0.2224256222961362,0.065635472536087,0.0041984366253018,0.0639659613370895,0.0009639395284466,-4.234997506429525,1.2156505045095711,1.1095328330993652,493.3544616699219,1264.533447265625,1.9887037101373533,0.1736471246848847,15.650330967220652,0.5164799935774126,0.1460303613189268,8.897444725036621,45.118106842041016,0.033476959913969,0.4753017692970743,0.9447866473741198,0.0828971788287162,72.66468811035156,151.7158203125,72.10796356201172,162.0543975830078,0.1417085348952803,61.94560241699219,85.17086029052734,3.151802062988281,39.031394958496094,,79.05113220214844,89.9464340209961,0.1417085348952803,11.042921835724492,4.370094886160737,4.499214315597313,0,df40_ddim
C:\My_Project\AIGC\lfw\Michael_Doleac\Michael_Doleac_0001.jpg,real,lfw,250,250,62500,0.3051789116292379,0.0826784819364547,0.0055657452903687,0.0673179402947425,0.0013469171244651,-3.790922893299784,0.7053282343442199,1.0229281187057495,264.3271484375,890.4072265625,2.031156303325639,0.155198258888915,8.713908991228037,0.6715156960947355,0.2973352602844238,5.090821743011475,21.28413772583008,0.1514111012220382,0.4160888796383083,0.7088743519957073,-0.2014482319355011,78.02314758300781,159.0416259765625,71.43004608154297,170.50137329101562,0.159969072523546,53.498626708984375,59.138790130615234,15.42987060546875,21.087974548339844,,81.01847839355469,99.07132720947266,0.159969072523546,11.042921835724492,4.394677256970621,4.595840067579091,0,df40_ddim
C:\My_Project\AIGC\lfw\Fernando_Velardez\Fernando_Velardez_0001.jpg,real,lfw,250,250,62500,0.1959889470143518,0.0619702711701393,0.0040003010071814,0.0645519345998764,0.000602375366725,-4.27956529372497,1.1891698702501357,0.5260888338088989,299.9261169433594,951.718017578125,1.845571895497516,0.1959086731541708,10.217929939981522,0.6525129820242689,0.2099265386221866,5.6622633934021,30.20270156860352,0.2616223096847534,0.4072702886601758,0.7863074977832976,-0.4355112612247467,85.4256820678711,164.8477783203125,69.78704833984375,168.9552764892578,0.1569704352931049,55.04472351074219,61.9531478881836,0.2843132019042969,7.1966094970703125,,79.4220962524414,99.16822814941406,0.1569704352931049,11.042921835724492,4.374776619870533,4.596817682238119,0,df40_ddim
C:\My_Project\AIGC\lfw\Todd_Haynes\Todd_Haynes_0003.jpg,real,lfw,250,250,62500,0.1523992746033063,0.0879316627979278,0.0072169974446296,0.0820750743150711,0.0007298637065105,-4.050547451223504,1.0661807922019235,0.8747352957725525,261.5115661621094,716.2388305664062,1.9352344312727685,0.1766363340137104,8.640652412280682,0.6609086519903029,0.1947745393258803,5.349404335021973,19.933258056640625,0.0246736966073513,0.4620147981834877,0.818326334432622,-0.0298957470804452,69.12833404541016,156.11070251464844,70.42706298828125,173.59881591796875,0.1788529063485987,50.40118408203125,85.04766845703125,20.05867958068848,52.836570739746094,,86.98236846923828,103.1717529296875,0.1788529063485987,11.042921835724492,4.46570543684289,4.6363951036598845,0,df40_ddim
C:\My_Project\AIGC\lfw\Mack_Brown\Mack_Brown_0002.jpg,real,lfw,250,250,62500,0.1826693343263745,0.0968744605779647,0.0116368578746914,0.1201230660080909,0.0015919723082333,-3.930487121136193,1.18464061425334,1.3724453449249268,412.1922912597656,1292.4700927734375,2.0638753283076907,0.1494064354886615,13.137644275161536,0.6338971889537797,0.1216556569654365,7.318446636199951,26.565427780151367,0.0736816227436065,0.3986724916811429,0.7613337544292215,-0.0779699459671974,70.45852661132812,160.27447509765625,66.40042114257812,177.08102416992188,0.1981202834012204,46.918975830078125,62.40994644165039,10.306537628173828,35.98572540283203,,89.81594848632812,110.68060302734375,0.1981202834012204,11.042921835724492,4.497762559609598,4.706648603289714,0,df40_ddim
C:\My_Project\AIGC\lfw\Eric_Lloyd\Eric_Lloyd_0001.jpg,real,lfw,250,250,62500,0.1446482695532446,0.0803634226322174,0.010470169596374,0.1302852630615234,0.0010494665475562,-4.046160981418265,1.3267355567754275,0.8479613661766052,300.6001892089844,920.3864135742188,1.846174239392281,0.2178723304681805,9.5542656394275,0.4910965562338669,0.0797778661824785,7.239018440246582,35.117130279541016,0.030946746468544,0.4342271083287649,1.0215905894116082,0.0685972496867179,66.02958679199219,155.82159423828125,73.23881530761719,177.4189453125,0.1864346103546277,46.5810546875,64.6999282836914,18.890626907348636,54.099082946777344,,89.79200744628906,104.18013000488281,0.1864346103546277,11.042921835724492,4.497495967408193,4.6461214202034125,0,df40_ddim
C:\My_Project\AIGC\lfw\Franco_Frattini\Franco_Frattini_0001.jpg,real,lfw,250,250,62500,0.2827569356147424,0.0643481016159057,0.0069427471607923,0.1078935787081718,0.0011831898009404,-3.9973458120963032,1.02626578254802,0.9831509590148926,191.23501586914065,590.1715087890625,2.0741826837868094,0.1463315996315418,6.393683921975981,0.6652618296052321,0.2230034164813507,5.034965515136719,35.79803466796875,0.0299138091504573,0.4211818663158372,0.852515271009513,-0.0562996976077556,72.0537338256836,158.1487274169922,68.65898132324219,166.41502380371094,0.167735687397713,57.58497619628906,71.7255630493164,18.15062713623047,9.034530639648438,,86.0949935913086,97.75604248046875,0.167735687397713,11.042921835724492,4.455451263300707,4.582475012611935,0,df40_ddim
C:\My_Project\AIGC\lfw\Laura_Schlessinger\Laura_Schlessinger_0001.jpg,real,lfw,250,250,62500,0.17522076663552,0.0416504479944705,0.0050717503763735,0.1217693984508514,0.0004816549189854,-4.162277910502644,1.1301789196897742,0.966098964214325,256.7963256835937,639.376708984375,2.043314474416834,0.1534458193765089,8.599025277008291,0.6207150766930691,0.2103956410879482,6.240592002868652,34.42380142211914,0.1630154699087143,0.415291725596182,1.2185077265138855,0.2918994724750519,58.71875381469727,149.67127990722656,67.74092102050781,173.41766357421875,0.1915570528637176,50.58233642578125,89.45902252197266,27.495391845703125,26.76387023925781,,90.9525260925293,105.67674255371094,0.1915570528637176,11.042921835724492,4.510337679097715,4.660384836061029,0,df40_ddim
C:\My_Project\AIGC\lfw\Cori_Enghusen\Cori_Enghusen_0001.jpg,real,lfw,250,250,62500,0.2517194764756209,0.0648684725165367,0.0046263765543699,0.0713193416595459,0.0007996115018613,-4.426749897812502,1.377167416252201,0.4920524954795837,230.80630493164065,826.0831298828125,1.872976590833785,0.1935420252789263,7.867836161126476,0.6879374664302198,0.2962412167631119,4.757943153381348,21.153478622436523,0.330668568611145,0.3132816652849266,0.6605682892463731,-0.902007520198822,129.93992614746094,198.33740234375,78.6492691040039,163.22808837890625,0.1152937216610604,25.66259765625,48.83109664916992,9.001296997070312,0.2584762573242187,,68.39747619628906,84.57881927490234,0.1152937216610604,11.042921835724492,4.225335926232695,4.437683872085261,0,df40_ddim
C:\My_Project\AIGC\lfw\Wayne_Gretzky\Wayne_Gretzky_0004.jpg,real,lfw,250,250,62500,0.1471039498874437,0.1028670743107795,0.0123617714270949,0.1201722845435142,0.0011639379663392,-3.804590982687128,1.051685433629239,1.4812575578689575,472.89306640625,1393.90673828125,2.1034511514580503,0.1405944832162726,15.331840951061857,0.625847598415532,0.2722415866243599,7.894045352935791,27.36842918395996,0.1256123930215835,0.4197430528971749,1.0535278411773283,-0.1903588324785232,73.92186737060547,159.78538513183594,67.8013687133789,171.6256866455078,0.1776690283564451,52.37431335449219,108.84378814697266,46.55728530883789,10.026222229003906,,85.86351776123047,103.8243179321289,0.1776690283564451,11.042921835724492,4.452759032854294,4.642700220096047,0,df40_ddim
C:\My_Project\AIGC\lfw\Platon_Lebedev\Platon_Lebedev_0001.jpg,real,lfw,250,250,62500,0.2387420401756582,0.0481890216469764,0.0049340515397489,0.1023895293474197,0.0005144368624314,-4.089510207330687,0.9208229312654852,0.90633362531662,225.29281616210935,589.5450439453125,2.0361899788577404,0.1560756066897073,7.370718490304696,0.6520711316323397,0.2546673588500481,5.602987289428711,22.39111328125,0.0738781094551086,0.4288146267530464,0.9042584024466354,-0.1155961453914642,73.1976547241211,156.83074951171875,69.3826675415039,168.3990478515625,0.1650399856504294,55.6009521484375,100.68184661865234,14.961341857910156,13.829330444335938,,83.63309478759766,99.0163803100586,0.1650399856504294,11.042921835724492,4.426439312419581,4.595285294125338,0,df40_ddim
C:\My_Project\AIGC\lfw\Paul_Bremer\Paul_Bremer_0011.jpg,real,lfw,250,250,62500,0.1602176862099925,0.093498446047306,0.0090492079034447,0.0967845767736435,0.0011774533195421,-3.909040089387454,1.0715296964346557,1.1230669021606443,282.124755859375,942.8582763671876,2.066992088903776,0.1491964579323637,9.280643755770992,0.5997772477886836,0.1551838183553096,6.662333011627197,27.630189895629883,0.1015405058860778,0.4314239285243681,0.8515577397402496,-0.129695326089859,72.56629943847656,158.68226623535156,67.60468292236328,172.27798461914062,0.1796484887882445,51.722015380859375,51.19282150268555,13.507431030273438,15.939666748046877,,86.115966796875,104.67330169677734,0.1796484887882445,11.042921835724492,4.45569483903622,4.650844087238382,0,df40_ddim
C:\My_Project\AIGC\lfw\Tommy_Shane_Steiner\Tommy_Shane_Steiner_0001.jpg,real,lfw,250,250,62500,0.2270437644432184,0.0342858098447322,0.0023535743821412,0.0686457306146621,0.0002802464296109,-4.234201119141633,0.8453285060073333,0.3145108222961426,114.40901184082033,283.3729858398437,1.9698393297940868,0.170884865217038,3.906909048938132,0.6688273363743732,0.2588598752571477,4.019526958465576,23.51854705810547,0.0251328200101852,0.4482143121296245,0.94500997464593,0.0378567837178707,66.01918029785156,155.59136962890625,68.71864318847656,175.99392700195312,0.1915035481561573,48.00607299804688,56.97008895874024,12.807706832885742,19.213607788085938,,89.57218933105469,107.27528381347656,0.1915035481561573,11.042921835724492,4.4950448848706985,4.675398276536885,0,df40_ddim
C:\My_Project\AIGC\lfw\Janela_Jara\Janela_Jara_0001.jpg,real,lfw,250,250,62500,0.0435197986863355,0.098047100007534,0.0085938861593604,0.0876505896449089,0.0002701394259929,-3.869606733799764,1.0107883898731662,0.4849188029766083,108.06806182861328,329.9053955078125,1.8684144678167247,0.2055297805487439,3.6693513388734953,0.5876647484757265,0.1337249833539712,4.382804393768311,18.87220764160156,0.1137349605560302,0.4502534498600647,0.7290969114256793,0.1931117326021194,62.98787689208984,149.7799835205078,72.40644073486328,166.93898010253906,0.1635179814384254,57.06101989746094,47.65109634399414,7.073749542236328,9.394912719726562,,86.79210662841797,94.53253936767578,0.1635179814384254,11.042921835724492,4.46351568007062,4.548944107164139,0,df40_ddim
C:\My_Project\AIGC\lfw\Constance_Marie\Constance_Marie_0002.jpg,real,lfw,250,250,62500,0.1542389559344193,0.1023959815502166,0.0059519452042877,0.0581267438828945,0.0006925612105987,-4.0371795707715545,1.1009057462781933,0.925538182258606,332.55029296875,976.9891967773438,1.9437088669403784,0.176734590669415,11.004796860572467,0.6033898244405151,0.2046698305955799,6.113613605499268,23.885292053222656,0.1428183019161224,0.4662954995348646,1.099926752768345,-0.2446204274892807,74.76370239257812,161.60166931152344,71.59278106689453,174.65402221679688,0.1783647291454214,49.345977783203125,94.2531967163086,14.520305633544922,34.64270782470703,,86.83796691894531,103.06124114990234,0.1783647291454214,11.042921835724492,4.464043932932085,4.635323385811284,0,df40_ddim
C:\My_Project\AIGC\lfw\Ray_Sherman\Ray_Sherman_0001.jpg,real,lfw,250,250,62500,0.3113156618178649,0.0740815252065658,0.0061173397116363,0.0825757756829261,0.0016910794656723,-3.8354099931254,0.8577279394475585,1.1700550317764282,260.7453308105469,869.4234008789062,1.873170626870989,0.2241607270405621,8.459722991689736,0.7707202935059294,0.3872982085549601,5.124155521392822,32.672576904296875,0.024573840200901,0.4480634342738441,0.9726580460176624,-0.0282227490097284,69.9433822631836,155.81301879882812,69.94095611572266,176.41905212402344,0.1822232821117715,47.58094787597656,47.73810577392578,14.172178268432615,7.556087493896484,,85.86963653564453,106.47809600830078,0.1822232821117715,11.042921835724492,4.452830291947411,4.66793929271268,0,df40_ddim
C:\My_Project\AIGC\lfw\Jeremy_Shockey\Jeremy_Shockey_0002.jpg,real,lfw,250,250,62500,0.199818432448929,0.0501645915210247,0.0035651139914989,0.0710683315992355,0.0006270974990911,-4.142300381668908,1.0220504440931684,1.044265627861023,399.2014465332031,1251.734130859375,2.011429447139064,0.1634046982745735,13.115983668051676,0.6800975812580372,0.2153931280925694,6.820482730865479,32.23231887817383,0.1038888171315193,0.39038982493903,1.0472751282427504,-0.1622923165559768,73.58879089355469,160.56809997558594,72.16143798828125,170.86117553710938,0.1710944471176436,53.13882446289063,82.2885513305664,5.577735900878906,26.75090789794922,,86.97930908203125,98.69973754882812,0.1710944471176436,11.042921835724492,4.4656702637260235,4.592082287356145,0,df40_ddim
C:\My_Project\AIGC\lfw\Mufti_Mohammad_Syed\Mufti_Mohammad_Syed_0001.jpg,real,lfw,250,250,62500,0.2591997759131478,0.042277131229639,0.0027830149047076,0.0658279061317443,0.0006043668836355,-4.222399460492818,0.9905235047703396,1.0616105794906616,366.8635559082031,973.0131225585938,1.944041448306167,0.18034595869224,11.97953572252996,0.6060588030099111,0.2722928153695481,6.911743640899658,27.31734848022461,0.0890066102147102,0.4115693476636624,0.8049226642028724,0.1509542912244796,63.6104621887207,154.55197143554688,71.67823791503906,178.90646362304688,0.1943458362513065,45.093536376953125,86.3403549194336,16.150127410888672,4.290283203125,,90.94150924682617,107.22822570800781,0.1943458362513065,11.042921835724492,4.510216544331574,4.674959513494466,0,df40_ddim
C:\My_Project\AIGC\lfw\Jason_Clermont\Jason_Clermont_0001.jpg,real,lfw,250,250,62500,0.2140759324761603,0.0398640409111976,0.0034574046730995,0.0867299064993858,0.0004912000149488,-4.449145929930896,1.1905197177182654,0.6798505187034607,477.6809692382813,884.5951538085938,1.9347982585213184,0.1845491187664828,15.834267659279789,0.5613099294075418,0.1623514479348612,8.360487937927246,8.016992568969727,0.2680121660232544,0.4092034369627145,0.9617074959388724,-0.489565908908844,81.96641540527344,168.0724334716797,68.46381378173828,176.45816040039062,0.1853269124883493,47.541839599609375,77.89757537841797,23.71438980102539,10.696380615234377,,86.10601806640625,107.99434661865234,0.1853269124883493,11.042921835724492,4.455579305232709,4.682078879630524,0,df40_ddim
C:\My_Project\AIGC\lfw\Brandon_Jones\Brandon_Jones_0001.jpg,real,lfw,250,250,62500,0.2153472289454105,0.0387991815805435,0.0055168247781693,0.1421892046928405,0.0006526607321575,-4.315773792788184,1.2987517679860523,0.9582012891769408,468.4514465332031,1205.8984375,1.97385699811055,0.1801269520128433,15.606637523083974,0.5525822576817038,0.1065503279905216,8.244484901428223,9.211750030517578,0.0303746573626995,0.4151114186144237,1.0619015113430812,0.065603069961071,63.74544525146485,158.60833740234375,67.31957244873047,176.3151397705078,0.2060673379258933,47.68486022949219,70.3071060180664,23.954666137695312,2.966064453125,,94.8628921508789,108.99556732177734,0.2060673379258933,11.042921835724492,4.552432608608733,4.691307214629544,0,df40_ddim
C:\My_Project\AIGC\lfw\Toutai_Kefu\Toutai_Kefu_0001.jpg,real,lfw,250,250,62500,0.1495088329930233,0.1074752062559127,0.010562714189291,0.0982804745435714,0.0013588017318397,-3.8576339030858864,1.131592523532624,1.3579888343811035,347.9898681640625,936.8301391601562,2.154838022844611,0.1290022124354415,11.347195579409023,0.6720827435292648,0.1938723444792493,6.94020414352417,29.438539505004883,0.1236165687441825,0.4336051973032635,0.7943372534419808,-0.2111551761627197,76.64990234375,156.97073364257812,76.2791748046875,172.30599975585938,0.1537180007785629,51.69400024414063,98.64808654785156,14.078571319580078,3.4217681884765625,,80.32083129882812,96.02682495117188,0.1537180007785629,11.042921835724492,4.3860290057258675,4.564627579010209,0,df40_ddim
C:\My_Project\AIGC\lfw\Jennifer_Renee_Short\Jennifer_Renee_Short_0001.jpg,real,lfw,250,250,62500,0.1374502736210836,0.1129619479179382,0.0093315206468105,0.0826076492667198,0.0008124555461108,-3.998920266869626,1.244217322012866,0.5016936659812927,101.43621826171876,247.1945953369141,2.0082322268894024,0.1679387630794704,3.3605672899353625,0.5869396530019101,0.151661672605082,4.6010026931762695,28.14146041870117,0.0710128545761108,0.4297862417718851,1.051117298216402,0.1315724849700927,66.86721801757812,152.80642700195312,71.94891357421875,172.28941345214844,0.1718587210739408,51.71058654785156,68.4384765625,18.58050537109375,52.99919128417969,,85.939208984375,100.34049987792969,0.1718587210739408,11.042921835724492,4.453640174026796,4.608569400884735,0,df40_ddim
C:\My_Project\AIGC\lfw\Atom_Egoyan\Atom_Egoyan_0001.jpg,real,lfw,250,250,62500,0.236609680016248,0.0915849432349205,0.0077192210592329,0.0842848271131515,0.0012798033421859,-3.6029889384045233,0.6014062988839296,1.247338891029358,367.9344787597656,977.7578735351562,2.0123477650672315,0.1622160633918097,12.188020544782995,0.614614450719793,0.1660183099892739,6.846361637115479,19.913463592529297,0.3000293970108032,0.3878441281985377,0.9213758255078144,0.4998796284198761,64.45783233642578,147.89125061035156,74.68991088867188,169.10787963867188,0.1569996388570871,54.892120361328125,57.78737258911133,17.955646514892578,32.368141174316406,,83.43341827392578,94.41796875,0.1569996388570871,11.042921835724492,4.424048927834532,4.547731401965743,0,df40_ddim
C:\My_Project\AIGC\lfw\Glen_DaSilva\Glen_DaSilva_0001.jpg,real,lfw,250,250,62500,0.1160646183439715,0.1192812994122505,0.016794478520751,0.1407972425222396,0.0016306951874867,-4.061668405986829,1.5329290475833337,0.63225257396698,288.8482666015625,613.6240234375,1.9172146699568309,0.1956927733637799,9.57088988919667,0.4880577023199332,0.0963393580943532,7.672364711761475,25.98554229736328,0.0457072369754314,0.4453729154250428,0.8533466290403305,-0.0864411443471908,73.69496154785156,154.78189086914062,71.0524673461914,163.23715209960938,0.1489750681023939,60.76284790039063,79.09956359863281,9.995243072509766,7.468048095703125,,81.08692932128906,92.18468475341797,0.1489750681023939,11.042921835724492,4.3955217807008005,4.523794007799828,0,df40_ddim
C:\My_Project\AIGC\lfw\Nastia_Liukin\Nastia_Liukin_0001.jpg,real,lfw,250,250,62500,0.1921323007025466,0.0807287916541099,0.0069317575544118,0.0858647525310516,0.0008684700587764,-3.796569361421744,0.7721335305089483,1.196184754371643,369.0603942871094,970.908935546875,1.9461161248470504,0.1862441225381555,12.16006867497688,0.5606680339392756,0.1030908658152525,7.072405815124512,24.473953247070312,0.1092746332287788,0.4469973174197578,0.8691805223656771,-0.1894664317369461,75.36937713623047,160.07540893554688,70.23294830322266,167.5325927734375,0.1642591433864038,56.4674072265625,55.537376403808594,17.415987014770508,5.7261505126953125,,84.7060317993164,97.29964447021484,0.1642591433864038,11.042921835724492,4.439186812809759,4.5777953352306575,0,df40_ddim
C:\My_Project\AIGC\lfw\Igor_Ivanov\Igor_Ivanov_0001.jpg,real,lfw,250,250,62500,0.2124550691287821,0.0500750206410884,0.0026152692735195,0.0522270239889621,0.0004053518059663,-4.394975856458396,1.0362397585586565,0.4060641229152679,230.9470672607422,561.5258178710938,1.7171291330764322,0.248314205679681,7.68931584718373,0.4774904172198193,0.0884442936335595,6.014115810394287,16.77884864807129,0.1389665454626083,0.4202004712932908,0.8405531523355121,-0.2380895018577575,73.68152618408203,165.6248779296875,71.5197525024414,170.78269958496094,0.1818911044904638,53.21730041503906,61.97074508666992,23.305583953857425,29.54183959960937,,91.94335174560547,99.26294708251953,0.1818911044904638,11.042921835724492,4.521172645506554,4.597772360253695,0,df40_ddim
C:\My_Project\AIGC\lfw\Joan_Laporta\Joan_Laporta_0004.jpg,real,lfw,250,250,62500,0.1608161286687552,0.063922218978405,0.0042443638667464,0.0663988813757896,0.0005006566643714,-4.30808546661316,1.1553659912446936,0.8902121782302856,335.2024841308594,715.208740234375,1.994329663681297,0.1660736390621847,11.010218432594623,0.5785211889790496,0.2289007640423746,6.9319353103637695,22.7005615234375,0.080813355743885,0.4307119481721519,0.9214637699854348,0.1318573802709579,66.79451751708984,151.0620574951172,69.99308776855469,168.10450744628906,0.1647721615910893,55.89549255371094,90.1436996459961,28.9692325592041,21.974891662597656,,84.26753997802734,98.11141967773438,0.1647721615910893,11.042921835724492,4.43399673721419,4.586103768335965,0,df40_ddim
C:\My_Project\AIGC\lfw\Mike_Krzyzewski\Mike_Krzyzewski_0006.jpg,real,lfw,250,250,62500,0.2788248203934617,0.0350695326924324,0.002600597217679,0.0741554573178291,0.0005310322158038,-4.376953260497976,1.0823606761790607,0.6137846112251282,264.0129699707031,832.0701293945312,1.9885465184056668,0.1668674202076547,8.558912742382248,0.6580720699885414,0.2510176396224318,5.53062915802002,26.13973999023437,0.308411180973053,0.3605034310328999,0.906704836868447,0.5549144744873047,58.60693359375,131.0811004638672,78.74380493164062,170.78012084960938,0.1329371675292907,53.21987915039063,85.76521301269531,15.718231201171877,11.347198486328123,,72.47416687011719,92.03631591796875,0.1329371675292907,11.042921835724492,4.283230179331052,4.522183237399189,0,df40_ddim
C:\My_Project\AIGC\lfw\Fred_Eckhard\Fred_Eckhard_0001.jpg,real,lfw,250,250,62500,0.2187340559632012,0.0522496402263641,0.0040450845845043,0.0774184241890907,0.0005014428170397,-3.8809596247210503,0.7051344995422718,0.8867299556732178,163.40765380859375,578.062255859375,1.9266245293841604,0.1863600767835484,5.423519736842104,0.7191964884733527,0.2773961844333761,4.337883472442627,30.59423446655273,0.1478423178195953,0.4115276703051203,0.828819262149746,-0.228232055902481,78.70337677001953,158.8312530517578,76.90473937988281,167.27976989746094,0.1443231677349892,56.72023010253906,58.1700553894043,13.109466552734377,22.35132598876953,,80.12787628173828,90.37503051757812,0.1443231677349892,11.042921835724492,4.383623812028528,4.503968018156085,0,df40_ddim
C:\My_Project\AIGC\lfw\Kathy_Gannon\Kathy_Gannon_0001.jpg,real,lfw,250,250,62500,0.209813238759696,0.0598472356796264,0.0079279681667685,0.1324700713157653,0.0008088716422207,-4.035204736133832,1.0994639324937587,0.8098936080932617,164.21971130371094,356.2877197265625,2.0727887867818797,0.1515183828116356,5.548413550323168,0.5750577238357752,0.1300031710304779,5.721923351287842,23.75321578979492,0.0735087320208549,0.4284923410741634,1.1365531399380258,-0.1284718662500381,69.93645477294922,162.33885192871094,68.87359619140625,176.34130859375,0.1979088457195182,47.65869140625,81.8439712524414,4.105098724365234,19.58507537841797,,92.40239715576172,107.46771240234375,0.1979088457195182,11.042921835724492,4.526152921555293,4.67719045270806,0,df40_ddim
C:\My_Project\AIGC\lfw\Craig_Wilson\Craig_Wilson_0001.jpg,real,lfw,250,250,62500,0.1761400180444132,0.0847583785653114,0.0060010156594216,0.0708014443516731,0.0009318580268882,-3.9350293149120232,0.9624815422671984,1.1124287843704224,421.1943054199219,1262.4361572265625,1.951881411933123,0.1798170575098611,13.69423995844874,0.5719813587834923,0.1130105997826653,7.302420616149902,30.91279983520508,0.1239989325404167,0.4103538325261374,0.8414533986225917,0.1911881268024444,63.79335784912109,151.5938262939453,66.4430160522461,172.03665161132812,0.1847730123341727,51.96334838867188,48.0948371887207,8.699443817138672,19.05848693847656,,87.80046844482422,105.59363555908203,0.1847730123341727,11.042921835724492,4.475066835989301,4.659598100129018,0,df40_ddim
C:\My_Project\AIGC\lfw\Judy_Locy\Judy_Locy_0001.jpg,real,lfw,250,250,62500,0.1718604616746495,0.0823343321681022,0.0070171682164072,0.0852277278900146,0.0007263025618158,-3.697313251157037,0.6874124307634489,1.16947603225708,252.7484130859375,934.07373046875,2.008016989990313,0.1614874538308826,8.21293830794089,0.6575065543902208,0.1436132102231022,5.319960117340088,30.86249542236328,0.2017998695373535,0.4401676070617687,1.0696113290052345,-0.3187865912914276,82.84837341308594,163.15936279296875,71.15925598144531,166.8297882080078,0.153128888265609,57.17021179199219,64.4905014038086,12.418624877929688,13.949577331542969,,80.31098937988281,95.6705322265625,0.153128888265609,11.042921835724492,4.3859064656349185,4.560910332824623,0,df40_ddim
C:\My_Project\AIGC\lfw\Hideki_Sato\Hideki_Sato_0001.jpg,real,lfw,250,250,62500,0.129554509686428,0.0738595202565193,0.0073535125702619,0.0995607897639274,0.0007209836039692,-4.179095606784955,1.2955063959864563,0.8942650556564331,321.2527770996094,994.4304809570312,2.042842146869618,0.1544922785379647,10.225537569252063,0.6521307042246798,0.1575448222054404,6.3258585929870605,23.128820419311523,0.2049638330936432,0.4308073253784569,1.0065412374860092,-0.3235556185245514,75.5586166381836,164.9951171875,69.57225799560547,178.50582885742188,0.1941692715685156,45.494171142578125,60.28659439086914,27.406543731689453,10.2421875,,89.4365005493164,108.9335708618164,0.1941692715685156,11.042921835724492,4.49352888240382,4.690738254809392,0,df40_ddim
C:\My_Project\AIGC\lfw\Andy_Dick\Andy_Dick_0001.jpg,real,lfw,250,250,62500,0.2779682504737432,0.0449241064488887,0.0045479424297809,0.1012361198663711,0.0007556580821983,-4.307590120904872,1.18312759461126,0.7633392810821533,245.34490966796875,490.3749084472656,2.040192139402857,0.1538479593285715,8.134180228531845,0.6080575517134019,0.2907984344759727,6.313828945159912,20.255739212036133,0.276705652475357,0.3026139661457584,0.7774277375927876,0.5876522064208984,41.365718841552734,134.7061767578125,65.98916625976562,166.6666259765625,0.1872863558635925,41.365718841552734,68.99260711669922,6.875778198242188,11.790916442871094,,93.34045791625977,100.67745971679688,0.1872863558635925,11.042921835724492,4.536253646404855,4.611921938689335,0,df40_ddim
C:\My_Project\AIGC\lfw\Manfred_Reyes_Villa\Manfred_Reyes_Villa_0001.jpg,real,lfw,250,250,62500,0.187911438702105,0.0849242284893989,0.0089481528848409,0.1053663119673729,0.0011164437746629,-4.346056462894773,1.649618419045406,0.6790155172348022,337.2181396484375,979.2052612304688,1.938431107043954,0.1838524773536946,11.317042070637092,0.6128881765607221,0.1355019576490738,6.307397842407227,26.48699378967285,0.3090899288654327,0.3839327577898402,0.8200536224594076,0.5574222803115845,55.35948944091797,135.0089874267578,70.67951965332031,167.3001251220703,0.1533757716971028,55.35948944091797,74.424072265625,23.461997985839844,9.204963684082031,,79.64949798583984,96.62060546875,0.1533757716971028,11.042921835724492,4.377635733584655,4.5707920256016585,0,df40_ddim
C:\My_Project\AIGC\lfw\Kwon_Yang-sook\Kwon_Yang-sook_0001.jpg,real,lfw,250,250,62500,0.2072603145548373,0.0785436928272247,0.0071176048368215,0.0906196907162666,0.0007054166053421,-3.99202786418422,1.0100397433008976,0.7645292282104492,137.76046752929688,314.2854309082031,2.111010115891003,0.1406245368662003,4.560476685133886,0.6230261542833685,0.1987855187647849,4.927238941192627,35.40900039672852,0.1398248821496963,0.4301477156442955,0.99291820185414,0.240372821688652,65.02728271484375,148.7216796875,72.10810852050781,167.54580688476562,0.1591916576262519,56.454193115234375,77.92105865478516,9.214397430419922,47.01058197021485,,83.69439697265625,95.43769836425781,0.1591916576262519,11.042921835724492,4.4271720334704545,4.558473661449596,0,df40_ddim
C:\My_Project\AIGC\lfw\Jim_Greenwood\Jim_Greenwood_0001.jpg,real,lfw,250,250,62500,0.1961957485678125,0.0442535355687141,0.0028437515720725,0.0642604380846023,0.0004549849545583,-4.271324641092437,1.0743307987446382,0.2393088489770889,168.1324462890625,600.7500610351562,1.932269419075508,0.1751477187099877,5.55762753924284,0.697827461722037,0.2074903329831007,4.3056159019470215,26.62606239318848,0.2131069451570511,0.416766731543806,0.7443205496087282,0.3274047970771789,52.464839935302734,149.64791870117188,56.96844482421875,169.54928588867188,0.218051513566138,52.464839935302734,41.8538703918457,22.950056076049805,5.407966613769531,,97.18307876586914,112.58084106445312,0.218051513566138,11.042921835724492,4.576596609540639,4.723671550823866,0,df40_ddim
C:\My_Project\AIGC\lfw\Jaymon_Crabb\Jaymon_Crabb_0001.jpg,real,lfw,250,250,62500,0.157269178036552,0.0856501758098602,0.0051203137263655,0.0597817078232765,0.0007334504043683,-4.307778469708735,1.383301356681445,0.7777004837989807,240.2823638916016,729.30859375,1.8911987238023829,0.1900883340577391,7.928528393351783,0.6119769164735813,0.1498818393711403,5.180218696594238,26.20781135559082,0.2523015737533569,0.4124917393712327,0.8526091260045592,0.4401503205299377,60.54778289794922,140.93482971191406,72.98631286621094,167.48097229003906,0.1513900392772029,56.51902770996094,66.07992553710938,27.958927154541016,8.013015747070312,,80.38704681396484,94.49465942382812,0.1513900392772029,11.042921835724492,4.386853053926383,4.548543318869154,0,df40_ddim
C:\My_Project\AIGC\lfw\Mark_Kelly\Mark_Kelly_0001.jpg,real,lfw,250,250,62500,0.1745680685071606,0.0724290162324905,0.0075893052853643,0.1047826632857322,0.0006168495165184,-4.019872125408929,1.0371984239347392,0.5811585187911987,120.69319152832033,299.5162048339844,1.9743984863468496,0.1757762302015782,4.0868034395198505,0.623765353500676,0.1401039482399696,4.489048004150391,22.45005226135254,0.2247390896081924,0.4296805950261246,0.8253467524708797,0.3714269995689392,50.07884216308594,148.79652404785156,63.82565307617188,177.34243774414062,0.2233361335585534,46.657562255859375,46.64589691162109,21.126876831054688,31.465133666992188,,98.71768188476562,113.51678466796875,0.2233361335585534,11.042921835724492,4.59226407816304,4.7319507085250825,0,df40_ddim
C:\My_Project\AIGC\lfw\Glenn_Plummer\Glenn_Plummer_0001.jpg,real,lfw,250,250,62500,0.1691065513839605,0.0665178969502449,0.0040490552783012,0.060871671885252,0.0004977792268618,-4.275850168290877,1.1022183445743172,0.2694751322269439,135.01724243164062,407.8361206054688,1.9191674214900776,0.1872875065865093,4.588802804709135,0.626808341614474,0.1438625972236289,4.135251045227051,19.609561920166016,0.3188019096851349,0.3978542549916655,0.8532923263708853,-0.5796561241149902,87.213134765625,172.52459716796875,71.0124740600586,177.09498596191406,0.1803661955050487,46.90501403808594,53.67571640014648,24.07260513305664,18.89585876464844,,85.31146240234375,106.08251190185547,0.1803661955050487,11.042921835724492,4.446308822988468,4.664217205473336,0,df40_ddim
C:\My_Project\AIGC\lfw\Robin_Williams\Robin_Williams_0001.jpg,real,lfw,250,250,62500,0.1868277130922197,0.0617927722632885,0.006016903091222,0.0973722785711288,0.0008542358409613,-4.006272877932081,1.05208761518413,1.2343392372131348,582.6625366210938,1698.8560791015625,2.0423258511859874,0.155877402105812,18.903345452446885,0.5423182743659802,0.1797175673578282,10.082549095153809,22.92075538635254,0.2016056925058365,0.4305471306371988,0.9143549197417552,-0.3329863250255584,81.39580535888672,163.26280212402344,68.89742279052734,169.85757446289062,0.1647262518010419,54.142425537109375,75.11804962158203,4.439079284667969,12.351806640625,,81.86699676513672,100.96015167236328,0.1647262518010419,11.042921835724492,4.405095939744184,4.614725901093313,0,df40_ddim
C:\My_Project\AIGC\lfw\Spencer_Abraham\Spencer_Abraham_0010.jpg,real,lfw,250,250,62500,0.2966316280795494,0.0518664084374904,0.0045743831433355,0.0881954878568649,0.0008422018727287,-4.1868617097871645,1.087273789027849,0.7154789566993713,168.3203125,562.5260009765625,1.8780568400930289,0.2057265615721436,5.568071618190203,0.749122880766359,0.3407546764359221,3.9857144355773926,29.438920974731445,0.1610943377017974,0.4109312195662949,0.8657742511110095,0.2787094414234161,62.19644927978516,147.00637817382812,73.66058349609375,170.17660522460938,0.1631360997275852,53.82339477539063,57.07305145263672,21.68736267089844,31.998550415039062,,84.80992889404297,96.51602172851562,0.1631360997275852,11.042921835724492,4.440412621958482,4.569709022838545,0,df40_ddim
C:\My_Project\AIGC\lfw\Bill_Readdy\Bill_Readdy_0001.jpg,real,lfw,250,250,62500,0.2647744964005611,0.0475397519767284,0.0025624830741435,0.0539019033312797,0.0004808082303497,-4.0311968372259255,0.6671996969934263,0.9285412430763244,254.93006896972656,819.0056762695312,1.9689312509204453,0.1706697717402091,8.392307248384094,0.6538992160824063,0.2186264650977607,5.294654846191406,34.899810791015625,0.3154222071170807,0.3750967113423035,0.8908019032903919,0.6330402493476868,55.85058975219727,138.00779724121094,70.45574951171875,171.84988403320312,0.1660207857950126,52.15011596679688,68.8275146484375,7.094852447509766,25.95496368408203,,82.15720748901367,101.39413452148438,0.1660207857950126,11.042921835724492,4.408634576350046,4.6190152445282235,0,df40_ddim
C:\My_Project\AIGC\pixart\cdf\Fake_from_Celeb-real\id60_0003\Celeb-real_id56_0001_149.png,fake,df40_pixart,1024,1024,1048576,0.1081651866996173,0.0980952531099319,0.003098408691585,0.0315857119858264,0.000192192805116,-4.248505639020498,1.0383265311304166,-0.4968158900737762,48.09236145019531,112.76744842529295,1.6776287792335032,0.2322943074561217,1.699558806555864,0.7776776523527773,0.3699339045194685,1.8972164392471316,58.37874221801758,0.0437151156365871,0.4265068613449742,0.691930286726625,0.079846404492855,68.38983154296875,178.19537353515625,70.4221420288086,204.1936492919922,0.2927465891690394,19.80635070800781,41.62049865722656,10.756685256958008,21.735107421875,0.8780282170761708,109.8055419921875,133.7715072631836,0.2927465891690394,13.862943611198906,4.698711001318875,4.896133174816593,1,df40_pixart
C:\My_Project\AIGC\pixart\cdf\Fake_from_Celeb-real\id17_0002\YouTube-real_00081_218.png,fake,df40_pixart,1024,1024,1048576,0.1881341006218302,0.1353214830160141,0.006722068414092,0.0496748052537441,0.0005427047144621,-4.309929431577456,1.4854840023548208,-0.4296713173389435,71.79842376708984,200.6190490722656,1.6289881202981622,0.2407371802212843,2.477754212834716,0.7364260071830073,0.3516395990157079,2.15077805519104,24.97706794738769,0.3006150722503662,0.4262902433186666,0.7758093548921515,0.5163299441337585,21.584056854248047,146.1100616455078,55.911468505859375,198.44232177734372,0.3537308218548152,21.584056854248047,49.24980926513672,24.214584350585938,40.91792297363281,0.8631520297536177,124.52600479125977,142.53085327148435,0.3537308218548152,13.862943611198906,4.824514567919041,4.959558490458747,1,df40_pixart
C:\My_Project\AIGC\pixart\cdf\Fake_from_Celeb-real\id56_0003\YouTube-real_00197_360.png,fake,df40_pixart,1024,1024,1048576,0.11694655383557,0.0834750384092331,0.002181633375585,0.0261351577937603,0.0001294360845349,-4.284484018810626,0.9033025561831408,-0.5013092160224915,64.92585754394531,145.08938598632812,1.6970658915711971,0.2271108265868428,2.2797752192982457,0.7182628635602228,0.1859097013953646,2.2343318462371826,28.6168270111084,0.0143333692103624,0.4639619493865984,0.7316332222005736,9.337469236925244e-05,55.29848098754883,173.93748474121094,67.02886199951172,205.19137573242188,0.3266793484011105,18.808624267578125,43.919410705566406,2.30337905883789,21.99560546875,0.8526006295536526,118.63900375366211,138.16251373291016,0.3266793484011105,13.862943611198906,4.776085300573095,4.928430628033867,1,df40_pixart
C:\My_Project\AIGC\pixart\cdf\Fake_from_Celeb-real\id53_0008\YouTube-real_00122_349.png,fake,df40_pixart,1024,1024,1048576,0.1811833391629612,0.1243319064378738,0.0035257323179394,0.0283574219793081,0.0003206094843335,-4.2319689431581935,1.142429276943264,-0.6586387753486633,41.15455627441406,95.45658111572266,1.5679904096928166,0.2563603705835561,1.5087684672206834,0.7536676646771272,0.2502446038469121,1.6227402687072754,64.06551361083984,0.0403853803873062,0.4826639560161072,0.9588653787379592,0.0313038192689418,55.84364318847656,173.88595581054688,52.70038604736328,194.19436645507807,0.3328738175507925,29.805633544921875,30.252273559570312,5.881793975830078,24.459930419921875,0.8558333580891819,118.04231262207031,141.4939804077148,0.3328738175507925,13.862943611198906,4.771043141733637,4.952257174890152,1,df40_pixart
C:\My_Project\AIGC\pixart\cdf\Fake_from_Celeb-real\id42_0004\Celeb-real_id53_0006_171.png,fake,df40_pixart,1024,1024,1048576,0.1759539120660992,0.104934774339199,0.0039672912098467,0.037807211279869,0.0003368394391145,-4.303861144036083,1.1962471003034032,-0.5712063312530518,62.85299682617188,167.64849853515625,1.5537034078047811,0.2676003657495513,2.183373441828253,0.7536555400914148,0.432349346706411,2.088815450668335,20.859134674072266,0.0438169799745082,0.4550012118178618,0.7825225988540525,-0.0640026852488517,67.96826171875,176.25271606445312,60.684547424316406,195.1714782714844,0.2902352503869159,28.828521728515625,47.03649139404297,8.01028823852539,35.221160888671875,0.8619898792566971,108.28445434570312,134.486930847168,0.2902352503869159,13.862943611198906,4.684761601189449,4.901467025898194,1,df40_pixart
C:\My_Project\AIGC\pixart\cdf\Fake_from_Celeb-real\id41_0005\YouTube-real_00192_015.png,fake,df40_pixart,1024,1024,1048576,0.1241354851278451,0.1072864979505539,0.0052007366903126,0.0484752207994461,0.0004025230882689,-4.510109462494648,1.628402130699125,-0.0222780704498291,109.22201538085938,383.2612609863281,1.5678473998357936,0.2869947561369693,3.6750100992613097,0.8229885032799382,0.5351156017586911,2.6000449657440186,22.13190078735352,0.0175044331699609,0.4287536269237219,0.9321773447820548,-0.0132587291300296,67.32206726074219,158.05726623535156,79.8283920288086,188.16778564453125,0.195914310357763,35.83221435546875,47.01220703125,27.842761993408203,4.7319183349609375,0.8261874448669744,90.73519897460938,108.33939361572266,0.195914310357763,13.862943611198906,4.507945363144728,4.6852688331651935,1,df40_pixart
C:\My_Project\AIGC\pixart\cdf\Fake_from_Celeb-real\id3_0003\YouTube-real_00029_327.png,fake,df40_pixart,1024,1024,1048576,0.132102796936983,0.1216896325349807,0.0032663352321833,0.0268415231257677,0.0002853346813935,-4.275532645544576,1.1815613748018214,-0.1461520940065384,94.5088882446289,248.7129821777344,1.6238017732257215,0.2473981278183955,3.252365246999073,0.6890892454240326,0.1624718843678491,2.5875017642974854,79.76234436035156,0.0529939346015453,0.4940021955387217,0.7776980506416336,0.0887442305684089,32.89127731323242,189.33489990234372,37.85163879394531,229.7425537109375,0.598296194825279,-5.7425537109375,,,,0.8337140691128653,156.4436225891113,191.8909149169922,0.598296194825279,13.862943611198906,5.052695706031323,5.256927059094576,1,df40_pixart
C:\My_Project\AIGC\pixart\cdf\Fake_from_Youtube-real\00025\Celeb-real_id5_0002_447.png,fake,df40_pixart,1024,1024,1048576,0.1068767301952004,0.0807457789778709,0.0020083622075617,0.0248726569116115,0.000121531287732,-4.339904605794804,0.9177024232702908,-0.5654815435409546,58.95914840698242,144.03195190429688,1.6721329846595443,0.2283755655538931,2.0759048938134805,0.7405403675480406,0.2331509410298164,2.046942949295044,75.438720703125,0.1189168021082878,0.4298601042282147,0.881907655093495,0.1861465126276016,49.34142303466797,170.4605255126953,72.85041046142578,208.915283203125,0.3284449789792255,15.084716796875,37.6611328125,8.078872680664062,22.65583038330078,0.8584783698644713,121.11910247802734,136.06487274169922,0.3284449789792255,13.862943611198906,4.796774379473666,4.913131777458787,1,df40_pixart
C:\My_Project\AIGC\pixart\cdf\Fake_from_Celeb-real\id22_0001\Celeb-real_id32_0009_370.png,fake,df40_pixart,1024,1024,1048576,0.2029216012217354,0.1607847511768341,0.0116718048229813,0.0725927352905273,0.0014218256110325,-4.609658644051712,2.08282172215786,-0.3370605111122131,127.8875732421875,436.4238586425781,1.517250870980012,0.284115073582571,4.317203370267773,0.7556733988574824,0.317678302652216,2.845092535018921,21.74565696716309,0.0440100356936454,0.4173065544076305,0.9706693236956936,0.0800163000822067,53.1134147644043,167.23410034179688,69.93325805664062,210.7388458251953,0.3202493265560264,13.261154174804688,50.71406936645508,25.906524658203125,3.299400329589844,0.852569872976801,114.12068557739258,140.8055877685547,0.3202493265560264,13.862943611198906,4.737256533840333,4.947380128792692,1,df40_pixart
C:\My_Project\AIGC\pixart\cdf\Fake_from_Celeb-real\id33_0009\Celeb-real_id31_0008_356.png,fake,df40_pixart,1024,1024,1048576,0.1533087013964301,0.1132946982979774,0.0048757097683846,0.0430356375873088,0.00030206082738,-4.185077745456376,1.1512357715564503,-0.261943370103836,58.01733016967773,137.85060119628906,1.6957186843921643,0.2288900476254705,2.025167359187442,0.7227768043432599,0.2315116877145054,2.092625617980957,25.03676414489746,0.1271463483572006,0.4142092050066852,0.9920648141204976,0.2043244689702987,23.87111473083496,173.5690155029297,40.63434600830078,217.3531188964844,0.5272327273673001,6.646881103515625,,,,0.8412140387911791,149.69790077209473,176.71877288818362,0.5272327273673001,13.862943611198906,5.008619268428762,5.174559615268059,1,df40_pixart
C:\My_Project\AIGC\AIGuard\unseen\Real_94.jpeg,real,aiguard_unseen_real,1200,899,1078800,0.2795527671484318,0.1038023307919502,0.0111626563593745,0.1075376272201538,0.0027428765315562,-3.336718988171589,0.4777434329119414,1.6567480564117432,414.4766540527344,1243.856201171875,2.205494226958327,0.1183605059044205,13.450278739612145,0.7133174294907216,0.2428369509774754,6.720811367034912,35.33497619628906,0.1058067083358764,0.3975541279050714,0.8944837842274294,-0.1819794774055481,72.6478271484375,133.3195037841797,49.116493225097656,134.91294860839844,0.1037431201671816,49.116493225097656,122.14727020263672,29.24887466430664,27.772994995117188,,60.67167663574219,85.79645538330078,0.1037431201671816,13.891359870247712,4.105476976906826,4.451977693091588,0,df40_pixart
C:\My_Project\AIGC\AIGuard\unseen\Real_93.jpg,real,aiguard_unseen_real,1200,800,960000,0.0558848321009796,0.12192402780056,0.0224944408982992,0.1844955533742904,0.0006085970671847,-3.197268580103161,0.5566313097742666,1.370572566986084,167.20494079589844,597.6739501953125,2.2371405703982217,0.112870308916949,5.493128174053551,0.6891140230953116,0.1582343091032068,4.912836074829102,39.17395782470703,0.0696248039603233,0.4474848588735297,0.7620318748195783,-0.0624493472278118,95.74079132080078,154.17291259765625,55.84672546386719,148.97055053710938,0.1084467203532438,55.84672546386719,86.560546875,18.15475845336914,8.498245239257812,,58.43212127685547,93.12382507324219,0.1084467203532438,13.77468856344402,4.067865760491562,4.533930059956962,0,df40_pixart
C:\My_Project\AIGC\AIGuard\unseen\Real_82.jpg,real,aiguard_unseen_real,968,968,937024,0.0712440989047222,0.1978943794965744,0.0212305020540952,0.1072819828987121,0.0010281457798555,-2.919316935241731,0.3588301803180106,1.6552016735076904,177.02435302734375,245.4823760986328,2.1891729198459307,0.1263127658626329,5.3127545013850375,0.5153818456725048,0.1022996126631852,6.843836784362793,43.20055389404297,0.10687717795372,0.45013311715393,1.1340810550829037,-0.2246608287096023,47.68354797363281,201.55848693847656,31.840187072753903,216.5525054931641,0.5664580022918406,7.4474945068359375,,,,,153.87493896484375,184.71231842041018,0.5664580022918406,13.750464174553153,5.036140187850396,5.218799579190277,0,df40_pixart
C:\My_Project\AIGC\AIGuard\unseen\Real_6.jpg,real,aiguard_unseen_real,1085,1085,1177225,0.2026202102061359,0.1813710778951645,0.0173896923661232,0.0958790853619575,0.0022164045367389,-3.1661024110259106,0.5036646725964403,1.353945016860962,120.56851196289062,293.2361755371094,2.2087315095219484,0.1201852570469803,3.727592624653736,0.6429340151815253,0.1745697306634786,4.542178630828857,32.28807830810547,0.1527402848005294,0.4049014243421711,1.0856511335477372,-0.159220278263092,43.9993782043457,199.5519256591797,37.85857772827149,217.01524353027344,0.5554104703247716,6.9847564697265625,,,,,155.55254745483398,179.15666580200195,0.5554104703247716,13.97867053194912,5.0469836002898,5.188260650996258,0,df40_pixart
C:\My_Project\AIGC\AIGuard\unseen\Real_21.jpg,real,aiguard_unseen_real,1087,1087,1181569,0.121253557450286,0.1126271933317184,0.0082611348479986,0.0733493790030479,0.000715262547601,-3.368253334210283,0.4390584126367357,1.371084213256836,169.5287628173828,398.04876708984375,2.1460049430516768,0.1363757378555545,5.474259579870726,0.5997880559820099,0.1498601957102043,5.614725589752197,50.31919097900391,0.116526611149311,0.4237230540898084,0.7466650140306892,0.2192719578742981,31.21859169006348,180.56460571289065,41.89112091064453,210.8420562744141,0.5028728627632192,13.157943725585938,46.22214889526367,27.399049758911133,57.290138244628906,,149.34601402282718,168.95093536376956,0.5028728627632192,13.98235377424242,5.006265855473205,5.1296083494798035,0,df40_pixart
C:\My_Project\AIGC\AIGuard\unseen\Real_39.jpg,real,aiguard_unseen_real,938,938,879844,0.1099632676117155,0.1548334509134292,0.0106394486501812,0.0687154382467269,0.0006638421327807,-3.173507824495618,0.3267065958725547,1.4507404565811155,181.30213928222656,339.8829345703125,2.139186131563412,0.14023039967554,5.730206890581711,0.5496189276425212,0.1033635768837875,5.928144931793213,40.96599578857422,0.0883034542202949,0.4100186149432136,1.2231709978927563,-0.0159590505063533,36.71852111816406,201.30715942382807,35.660308837890625,216.7191925048828,0.5939141245992882,7.2808074951171875,,,,,164.588638305664,181.0588836669922,0.5939141245992882,13.68749989801245,5.1034492597710335,5.198822302486435,0,df40_pixart
C:\My_Project\AIGC\AIGuard\unseen\Real_43.jpg,real,aiguard_unseen_real,1149,1149,1320201,0.1264746688690024,0.1481522172689438,0.0094979405403137,0.0641093403100967,0.0008828170830383,-3.650766816570502,0.9527946726518606,1.044343113899231,115.6770477294922,314.23150634765625,2.1585936584399565,0.1299401004827802,3.729256982917816,0.6763619916183712,0.1734785929617984,4.135231971740723,46.1385498046875,0.1106537878513336,0.3887027119057658,0.831132530244734,-0.0634244456887245,21.276105880737305,184.1567230224609,26.86353302001953,197.14645385742188,0.5527699943138425,21.276105880737305,46.12681198120117,13.317703247070312,14.462135314941406,,162.8806171417236,170.28292083740234,0.5527699943138425,14.093294555697511,5.093017522289924,5.1374612939570845,0,df40_pixart
C:\My_Project\AIGC\AIGuard\unseen\Real_86.jpg,real,aiguard_unseen_real,895,895,801025,0.1462823829149397,0.1387310028076172,0.0092757809907197,0.0668616369366645,0.0008684710483066,-3.5328079260555865,0.6891342005135612,1.2353787422180176,176.66128540039062,525.849609375,2.2183637072066307,0.1169594769078659,5.69172841643581,0.6656402932631635,0.1539497189740175,4.889021873474121,34.06776428222656,0.0121355848386883,0.4723153225781456,0.9467672426815112,0.0146438470110297,44.62306213378906,181.6128692626953,39.14067840576172,217.8614501953125,0.4879409290772447,6.1385498046875,,,,,136.98980712890625,178.72077178955078,0.4879409290772447,13.59364743654971,4.9199065225413365,5.185824653740118,0,df40_pixart
C:\My_Project\AIGC\AIGuard\unseen\Real_32.jpg,real,aiguard_unseen_real,878,878,770884,0.1655597329214761,0.1270969063043594,0.0147638237103819,0.1161619424819946,0.0014509961474686,-3.2312814363017077,0.4346601305053394,1.8192784786224363,350.3804626464844,874.445068359375,2.202728251751678,0.1220431830276304,10.992359764542917,0.5671734776487481,0.1192116552518355,7.506875038146973,36.295166015625,0.2028239667415619,0.4685935905892334,0.7657508081364025,0.3939320743083954,22.45761108398437,176.53628540039062,16.847944259643555,199.59255981445312,0.5611656589434465,16.847944259643555,57.78714370727539,0.8834381103515625,44.279876708984375,,154.07867431640625,182.74461555480957,0.5611656589434465,13.555293187270234,5.0374633441473184,5.2080896347474575,0,df40_pixart
C:\My_Project\AIGC\AIGuard\unseen\Real_18.jpg,real,aiguard_unseen_real,932,932,868624,0.1178085096713325,0.0639805719256401,0.0061261337250471,0.0957498997449874,0.000325004250044,-3.969008205672632,0.8928705245598016,0.9658375978469848,206.77584838867188,519.1276245117188,1.930453107848196,0.1937357566099472,6.835467162973217,0.5801143571777896,0.1123811716600131,5.581951141357422,29.838476181030277,0.0444867648184299,0.4301105735906842,0.6981135417503656,0.0825758799910545,36.770469665527344,189.4409942626953,33.69134521484375,187.7945709228516,0.4688899137228423,33.69134521484375,53.092403411865234,26.660816192626957,53.03310394287109,,152.67052459716797,154.10322570800784,0.4688899137228423,13.674665629371182,5.028282165413914,5.037622674670309,0,df40_pixart
C:\My_Project\AIGC\sd2.1\ff\280\963_334.png,fake,df40_sd21,512,512,262144,0.1042239407535912,0.1068804934620857,0.0058023850433528,0.0542885288596153,0.0004338086291681,-4.153030942794064,1.2046098120227855,0.3805245459079742,110.18423461914062,304.98394775390625,1.761744316848174,0.2321840728734345,3.798784914589104,0.6530276271751222,0.1296115874850407,3.389685869216919,22.666061401367188,0.0234823618084192,0.4315820844863069,0.8015547367229215,0.0388489142060279,35.247215270996094,177.2604217529297,35.96952819824219,213.9197540283203,0.5036527854813775,10.080245971679688,43.585079193115234,13.301063537597656,48.74674987792969,0.8249651723140232,142.0132064819336,177.95022583007812,0.5036527854813775,12.476649250079015,4.955920056670612,5.18150388102018,1,df40_sd21
C:\My_Project\AIGC\sd2.1\ff\062\256_281.png,fake,df40_sd21,512,512,262144,0.095337509705279,0.0848026648163795,0.003498608013615,0.0412558764219284,0.0001678818807704,-4.254224235677532,1.0691487615673132,-0.2787707149982452,77.71928405761719,263.7642822265625,1.905197428512622,0.1822830273279891,2.681216239612187,0.7749517159044097,0.2545648360981063,2.35771107673645,17.185264587402344,0.0176284071058034,0.4525501245951195,0.6324081943557702,0.0394017174839973,53.09791564941406,156.98095703125,76.84751892089844,210.19091796875,0.2760705883546442,13.80908203125,39.71396255493164,12.76522445678711,45.727516174316406,0.8533860683253636,103.88304138183594,133.34339904785156,0.2760705883546442,12.476649250079015,4.643265664204196,4.892927748449317,1,df40_sd21
C:\My_Project\AIGC\sd2.1\cdf\Celeb-real\id51_0004\Celeb-real_id2_0001_278.png,fake,df40_sd21,512,512,262144,0.1014079657657489,0.1328259706497192,0.0068903733044862,0.0518751963973045,0.0002636258432175,-4.147833423989433,1.2583410965830617,-0.445201575756073,49.17702865600586,117.22400665283205,1.7236893128619462,0.2306100900150348,1.787843374884581,0.7266012305738521,0.1533135027759611,1.995549559593201,87.66498565673828,0.0208089835941791,0.4584690090532586,0.7596816079571127,-0.0208091679960489,72.69241333007812,238.30198669433597,54.10875701904297,243.2392425537109,0.6242390589040836,-19.239242553710938,,,,0.8376114720907211,165.60957336425784,189.13048553466794,0.6242390589040836,12.476649250079015,5.109633050450855,5.2424371764977655,1,df40_sd21
C:\My_Project\AIGC\sd2.1\ff\075\054_272.png,fake,df40_sd21,512,512,262144,0.1350357641543129,0.1122658401727676,0.0053968727588653,0.0480722598731517,0.000480519287521,-4.190886571034924,1.225502347556313,0.146594762802124,109.5682601928711,263.524169921875,1.7998058904413687,0.2355109726771967,3.798397391505069,0.6325433443134536,0.1241424343807916,3.683464288711548,24.33820152282715,0.021228302270174,0.4258595689830727,0.7857375642333309,0.0063442159444093,38.90397262573242,181.2527618408203,72.86377716064453,238.3036651611328,0.4693512385353407,-14.303665161132812,,,,0.8251646490808078,142.3487892150879,165.43988800048828,0.4693512385353407,12.476649250079015,4.95828030799829,5.108607914340195,1,df40_sd21
C:\My_Project\AIGC\sd2.1\ff\564\705_274.png,fake,df40_sd21,512,512,262144,0.0961895197696964,0.0773980468511581,0.0029861526563763,0.0385817550122737,0.0002191717940149,-4.343103706618546,1.187477122856575,-0.2128187268972396,102.8981704711914,288.939208984375,1.7085466235874396,0.2393575419688513,3.5585659048938103,0.6782285068572713,0.1576619181278477,3.142423629760742,20.908571243286133,0.0475000850856304,0.4249161595137645,0.6500639539530773,0.0800903961062431,33.8386116027832,189.8369903564453,10.20258331298828,202.7064208984375,0.5984990148116304,10.20258331298828,37.65010452270508,9.423625946044922,41.30214691162109,0.836756824387642,155.9983787536621,192.50383758544922,0.5984990148116304,12.476649250079015,5.0498456145908035,5.260116089037957,1,df40_sd21
C:\My_Project\AIGC\AIGuard\unseen\Real_17.JPG,real,aiguard_unseen_real,524,524,274576,0.1174951683103183,0.1250640451908111,0.0085452636703848,0.0683270990848541,0.0008733973954804,-3.604777977263444,0.7824659485328214,1.1735917329788208,158.7089080810547,448.31842041015625,2.0883188702232443,0.1493944210193893,5.26062355724837,0.610888954471838,0.107056277498791,4.763086795806885,40.10701751708984,0.112557865679264,0.4382740929233368,0.8914231561344835,0.1923475861549377,28.43127822875977,173.58642578125,34.92816925048828,226.1165008544922,0.5530925240013875,-2.1165008544921875,,,,,145.15514755249023,191.1883316040039,0.5530925240013875,12.522983368642084,4.977803153517258,5.253258971579355,0,df40_sd21
C:\My_Project\AIGC\AIGuard\unseen\Real_60.jpg,real,aiguard_unseen_real,540,540,291600,0.0844778728673642,0.0872754007577896,0.0045109223574399,0.0516860671341419,0.00027666267124,-3.623229165947489,0.5291779352520746,0.6963281631469727,85.55400085449219,209.02911376953125,2.1597986278775103,0.1291846069183413,2.907849145891041,0.6885589791918043,0.1612846968183965,3.433969020843506,50.914669036865234,0.0511197410523891,0.4163601127814841,1.2383110738250742,0.0955875739455223,37.78289413452149,177.88876342773438,47.535457611083984,217.59678649902344,0.4748602980907951,6.4032135009765625,,,,,140.1058692932129,170.06132888793945,0.4748602980907951,12.58313827911664,4.942398346064399,5.136159130157031,0,df40_sd21
C:\My_Project\AIGC\AIGuard\unseen\Real_50.jpg,real,aiguard_unseen_real,542,542,293764,0.1485688419524106,0.1827534437179565,0.0207467414438724,0.1135231181979179,0.0022560649085789,-2.9399611760510225,0.3133428118915618,1.7091339826583862,209.74642944335935,372.2781372070313,2.1972903078889763,0.1242771847751526,6.358035260849487,0.5038837893350278,0.0950325115121814,7.602425098419189,46.9031867980957,0.2663702666759491,0.3873912264412097,0.855681863234528,-0.402790367603302,62.83675765991211,208.1422119140625,45.32591247558594,215.54327392578125,0.4929350890358645,8.45672607421875,,,,,145.3054542541504,170.2173614501953,0.4929350890358645,12.590532002879293,4.978838107752991,5.137076217107358,0,df40_sd21
C:\My_Project\AIGC\AIGuard\unseen\Real_20.jpeg,real,aiguard_unseen_real,515,515,265225,0.1161533042253342,0.0754887163639068,0.0113665340468287,0.1505726128816604,0.0005935682565905,-3.5061762534273697,0.6881459141435262,0.1984829157590866,20.551332473754883,59.99580764770508,2.208038960733961,0.1175346517503286,0.7989421745152354,0.7982603010752993,0.2830197499589747,2.0914306640625,27.896900177001957,0.211833193898201,0.4075974986021838,0.7072221786432903,-0.3212681114673614,55.9514045715332,209.5445251464844,40.28044128417969,222.9315643310547,0.5591110484153562,1.0684356689453125,,,,,153.5931205749512,182.651123046875,0.5591110484153562,12.488333801327473,5.034307031787068,5.207577901850229,0,df40_sd21
C:\My_Project\AIGC\AIGuard\unseen\Real_40.jpg,real,aiguard_unseen_real,549,549,301401,0.1041197579726909,0.0590866357088089,0.0072879982180893,0.1233442723751068,0.0002928173344116,-3.780774268282302,0.7792383382151838,1.0102143287658691,147.801025390625,362.6002807617188,2.109845831190612,0.1443716674385246,4.880388388734991,0.5929450008466495,0.1055351542590446,5.246838569641113,26.79798889160156,0.0665021613240242,0.4628479105119676,0.8922588637121486,0.0137229431420564,24.7736873626709,205.21353149414065,33.176815032958984,239.7269287109375,0.7427828108536312,-15.7269287109375,,,,,180.43984413146975,206.55011367797852,0.7427828108536312,12.616196883019061,5.195397448715115,5.330543064208047,0,df40_sd21
C:\My_Project\AIGC\MidJourney\fake\13592447708_Single_person_white_male_looking_at_the_camera_faci_0e1a03e9-4975-4319-97fe-8516ed1363ab.png,fake,midjourney,1024,1024,1048576,0.1971656760497495,0.0809174999594688,0.0060327569954097,0.0745544135570526,0.0009635030874051,-3.6841924284115017,0.6477211633423263,1.5144952535629272,371.925537109375,927.8602294921876,1.88108417546927,0.2077430064158854,12.03340402816249,0.5656999226340954,0.0929902273795898,7.137212753295898,32.69890213012695,0.0076808664016425,0.4283811533932051,0.9274309240691144,-0.0046680867671966,74.29589080810547,153.03997802734375,68.37330627441406,162.56016540527344,0.1478128637258151,61.43983459472656,83.93193054199219,3.104473114013672,0.9673614501953124,0.8099756823241933,78.74408721923828,94.18685913085938,0.1478128637258151,13.862943611198906,4.36620319195657,4.545280672178928,1,midjourney
C:\My_Project\AIGC\MidJourney\fake\13592447708_Single_person_East_Asian_woman_looking_at_the_camer_4a5f6427-65b2-45f6-b5ba-0df093d97458.png,fake,midjourney,1024,1024,1048576,0.2703585348531548,0.0984318777918815,0.0069657675921916,0.0707674026489257,0.0014917876105755,-3.64445486472992,0.6527687807394424,1.3648135662078855,278.5734558105469,679.0125122070312,1.9344928725291255,0.1955355382472065,9.285711565096944,0.5547966294257474,0.1440169885334369,6.652317523956299,39.08413696289063,0.1590839922428131,0.4399445922167124,0.786193672077422,-0.2495232671499252,86.30560302734375,142.09295654296875,50.46900939941406,117.33014678955078,0.0743384468279721,50.46900939941406,92.6297607421875,10.10407257080078,61.16400146484375,0.8132934228231008,55.787353515625,66.86113739013672,0.0743384468279721,13.862943611198906,4.021547204195723,4.202617892365905,1,midjourney
C:\My_Project\AIGC\MidJourney\fake\13592447708_Caucasian_male_face_face_only_shown_close-up_of_fac_e24e6632-cc25-41b7-afe1-68fbc3b73826.png,fake,midjourney,1024,1024,1048576,0.1986131106976822,0.1197515204548835,0.010635357350111,0.0888118743896484,0.0014326607342809,-3.188939192474732,0.233362315330438,1.50319504737854,220.4047393798828,400.0456237792969,2.1160847186143603,0.1429044277853689,7.126026950600181,0.5447856274580771,0.1273663653242574,6.502063274383545,26.693363189697266,0.009392119012773,0.4285340864331727,0.8569119452487622,-0.0147080887109041,32.41259002685547,194.197509765625,21.6729793548584,212.1418609619141,0.6141380883994478,11.858139038085938,56.719276428222656,2.4502525329589844,12.247879028320312,0.8564600712123109,161.78491973876953,190.4688816070557,0.6141380883994478,13.862943611198906,5.086267797182873,5.24948883007944,1,midjourney
C:\My_Project\AIGC\MidJourney\fake\13592447708_Single_person_white_female_looking_at_the_camera_fa_9a43fb95-7dba-4532-9b38-b1484e4f3467.png,fake,midjourney,1024,1024,1048576,0.2252254395358464,0.0977683365345001,0.0083456113934516,0.0853610858321189,0.0013239822583273,-3.5201549522141726,0.5619497314308762,1.4852100610733032,271.02496337890625,731.9163818359375,1.9306917225957536,0.1931118438860516,8.898071329639873,0.5442251889832916,0.1114183793256618,6.650411128997803,46.81007766723633,0.0336857512593269,0.4407108563029279,0.8525458129124034,0.0395290367305278,82.77288055419922,148.49960327148438,65.62137603759766,141.52700805664062,0.0994305729511304,65.62137603759766,85.95903778076172,0.0885581970214843,22.685691833496094,0.8066730467154954,65.72672271728516,75.90563201904297,0.0994305729511304,13.862943611198906,4.185505581261947,4.329490884798113,1,midjourney
C:\My_Project\AIGC\MidJourney\fake\13592447708_Single_person_white_male_looking_at_the_camera_faci_089d22a2-9793-4e25-9604-533acc43d362.png,fake,midjourney,1024,1024,1048576,0.2005868892227333,0.0872137621045112,0.011042982339859,0.1266197264194488,0.0015743704279884,-3.48576356683188,0.6108825957956753,1.663278102874756,367.2614440917969,863.7908325195312,1.9007222091148104,0.2010948406761261,11.568843778855005,0.5544531385788727,0.1052578848978392,7.369034290313721,33.4171257019043,0.0134398564696311,0.4433016685997187,0.8543697580297436,0.0047000446356832,72.50257873535156,151.47418212890625,69.95787048339844,164.42111206054688,0.1486749372030475,59.578887939453125,103.44943237304688,4.976543426513672,9.720664978027344,0.8232302293008189,78.97160339355469,94.46324157714844,0.1486749372030475,13.862943611198906,4.369088337134631,4.54821078080853,1,midjourney
C:\My_Project\AIGC\MidJourney\fake\13592447708_Caucasian_male_face_face_close-up_outdoor_during_da_fda24ec1-11a9-41a7-bc34-c0ac22439e8e.png,fake,midjourney,1024,1024,1048576,0.2727942245173747,0.0675116851925849,0.0065258415415883,0.0966623947024345,0.0016267180908471,-3.4831230476800688,0.5048466716223733,1.4838578701019287,327.42047119140625,910.8682250976562,2.1263091674251404,0.1375249682342643,10.765564115881777,0.6179965666613427,0.1616642612616262,6.749785900115967,26.918476104736328,0.0308942180126905,0.4480951435760472,0.8308886179099467,0.0565178431570529,44.87679290771485,184.3356170654297,41.09566879272461,210.0384979248047,0.469558520022274,13.961502075195312,48.41749954223633,12.638347625732422,30.87559127807617,0.8547357172431731,139.45882415771484,168.94282913208008,0.469558520022274,13.862943611198906,4.937769390362762,5.129560368531099,1,midjourney
C:\My_Project\AIGC\MidJourney\fake\13592447708_Single_person_black_male_looking_at_the_camera_faci_21838c51-b7a6-41b3-9dd1-3eccd82adea1.png,fake,midjourney,1024,1024,1048576,0.2877412319396711,0.1090341955423355,0.0153255630284547,0.1405573934316635,0.0035612571518868,-3.360330893119964,0.6014343071685103,1.7135202884674072,359.9140930175781,794.5767211914062,1.9448851205010569,0.1913550034109526,11.280977608494876,0.5599807337511717,0.1345118834012534,7.799176216125488,65.68645477294922,0.0151471076533198,0.4310617950812538,0.8762693413918458,-0.0166208446025848,78.87739562988281,142.70858764648438,60.71710968017578,132.3701629638672,0.0911531370122586,60.71710968017578,113.40657043457033,5.513690948486328,37.52154541015625,0.8521373111218793,63.83119201660156,71.6530532836914,0.0911531370122586,13.862943611198906,4.156241973958101,4.271835767234922,1,midjourney
C:\My_Project\AIGC\MidJourney\fake\13592447708_black_male_face_face_only_face_close-up_face_close-_524a2bd2-dac3-4b78-aeab-19043a1c99fa.png,fake,midjourney,1024,1024,1048576,0.2740890471965839,0.0734755843877792,0.0109789315611124,0.1494228541851043,0.0024087745696306,-3.270408358794246,0.372286518449418,1.4669784307479858,246.43148803710935,648.1461791992188,2.068271092999012,0.1523212876135187,8.065306728993512,0.6049698723102501,0.1545046227200344,6.062366008758545,27.909198760986328,0.0135229881852865,0.4761897585221825,0.881857901926578,0.0181073565036058,47.304569244384766,171.59042358398438,48.52503204345703,198.38473510742188,0.371202192808984,25.615264892578125,66.3236083984375,2.655467987060547,3.1020164489746094,0.8645142744869645,124.28585433959961,149.85970306396484,0.371202192808984,13.862943611198906,4.822584189463023,5.009699543511306,1,midjourney
C:\My_Project\AIGC\MidJourney\fake\13592447708_Clean_East_Asian_male_face_face_only_shown_face_clo_17f4f100-58f9-49cd-a569-d247a3fc1c37.png,fake,midjourney,1024,1024,1048576,0.234048318977668,0.1037621274590492,0.0082881189882755,0.0798761546611785,0.0015418283874168,-3.24620882163918,0.2741663802823246,1.3834152221679688,211.26510620117188,568.3285522460938,2.044262500188158,0.1586641727115451,6.863155297783917,0.6220643957433964,0.1465242578606206,5.306965827941895,28.403039932250977,0.0186063833534717,0.4307888865607138,0.7802207802477426,-0.0322107709944248,42.25409698486328,182.06549072265625,36.989967346191406,195.67491149902344,0.4421628509090259,28.32508850097656,56.75414276123047,5.347843170166016,34.478485107421875,0.8024740360512546,139.81139373779297,158.68494415283203,0.4421628509090259,13.862943611198906,4.940294326749079,5.0669207531695015,1,midjourney
C:\My_Project\AIGC\MidJourney\fake\13592447708_Clean_caucasian_female_face_face_only_shown_face_cl_371aa179-9997-4f8e-971b-d379834f6fba.png,fake,midjourney,1024,1024,1048576,0.1664073373285978,0.10664664208889,0.0108275674283504,0.1015275046229362,0.0010218169772997,-3.4650581241041065,0.6386977068497148,1.550624132156372,257.3291931152344,514.0783081054688,2.009010640069993,0.1774109534947189,8.210849203601093,0.5055386417252663,0.0858280449074236,7.210294723510742,43.49416732788086,0.1420350521802902,0.4446763761785097,0.7516201506234506,-0.227508082985878,56.96342086791992,183.52691650390625,25.331031799316406,169.38572692871094,0.3633622803402516,25.331031799316406,51.59375381469727,1.1277694702148438,15.7379150390625,0.8115193314236429,126.56349563598633,144.05469512939453,0.3633622803402516,13.862943611198906,4.840744124023388,4.970193054747339,1,midjourney
C:\My_Project\AIGC\AIGuard\unseen\Real_94.jpeg,real,aiguard_unseen_real,1200,899,1078800,0.2795527671484318,0.1038023307919502,0.0111626563593745,0.1075376272201538,0.0027428765315562,-3.336718988171589,0.4777434329119414,1.6567480564117432,414.4766540527344,1243.856201171875,2.205494226958327,0.1183605059044205,13.450278739612145,0.7133174294907216,0.2428369509774754,6.720811367034912,35.33497619628906,0.1058067083358764,0.3975541279050714,0.8944837842274294,-0.1819794774055481,72.6478271484375,133.3195037841797,49.116493225097656,134.91294860839844,0.1037431201671816,49.116493225097656,122.14727020263672,29.24887466430664,27.772994995117188,,60.67167663574219,85.79645538330078,0.1037431201671816,13.891359870247712,4.105476976906826,4.451977693091588,0,midjourney
C:\My_Project\AIGC\AIGuard\unseen\Real_93.jpg,real,aiguard_unseen_real,1200,800,960000,0.0558848321009796,0.12192402780056,0.0224944408982992,0.1844955533742904,0.0006085970671847,-3.197268580103161,0.5566313097742666,1.370572566986084,167.20494079589844,597.6739501953125,2.2371405703982217,0.112870308916949,5.493128174053551,0.6891140230953116,0.1582343091032068,4.912836074829102,39.17395782470703,0.0696248039603233,0.4474848588735297,0.7620318748195783,-0.0624493472278118,95.74079132080078,154.17291259765625,55.84672546386719,148.97055053710938,0.1084467203532438,55.84672546386719,86.560546875,18.15475845336914,8.498245239257812,,58.43212127685547,93.12382507324219,0.1084467203532438,13.77468856344402,4.067865760491562,4.533930059956962,0,midjourney
C:\My_Project\AIGC\AIGuard\unseen\Real_82.jpg,real,aiguard_unseen_real,968,968,937024,0.0712440989047222,0.1978943794965744,0.0212305020540952,0.1072819828987121,0.0010281457798555,-2.919316935241731,0.3588301803180106,1.6552016735076904,177.02435302734375,245.4823760986328,2.1891729198459307,0.1263127658626329,5.3127545013850375,0.5153818456725048,0.1022996126631852,6.843836784362793,43.20055389404297,0.10687717795372,0.45013311715393,1.1340810550829037,-0.2246608287096023,47.68354797363281,201.55848693847656,31.840187072753903,216.5525054931641,0.5664580022918406,7.4474945068359375,,,,,153.87493896484375,184.71231842041018,0.5664580022918406,13.750464174553153,5.036140187850396,5.218799579190277,0,midjourney
C:\My_Project\AIGC\AIGuard\unseen\Real_6.jpg,real,aiguard_unseen_real,1085,1085,1177225,0.2026202102061359,0.1813710778951645,0.0173896923661232,0.0958790853619575,0.0022164045367389,-3.1661024110259106,0.5036646725964403,1.353945016860962,120.56851196289062,293.2361755371094,2.2087315095219484,0.1201852570469803,3.727592624653736,0.6429340151815253,0.1745697306634786,4.542178630828857,32.28807830810547,0.1527402848005294,0.4049014243421711,1.0856511335477372,-0.159220278263092,43.9993782043457,199.5519256591797,37.85857772827149,217.01524353027344,0.5554104703247716,6.9847564697265625,,,,,155.55254745483398,179.15666580200195,0.5554104703247716,13.97867053194912,5.0469836002898,5.188260650996258,0,midjourney
C:\My_Project\AIGC\AIGuard\unseen\Real_21.jpg,real,aiguard_unseen_real,1087,1087,1181569,0.121253557450286,0.1126271933317184,0.0082611348479986,0.0733493790030479,0.000715262547601,-3.368253334210283,0.4390584126367357,1.371084213256836,169.5287628173828,398.04876708984375,2.1460049430516768,0.1363757378555545,5.474259579870726,0.5997880559820099,0.1498601957102043,5.614725589752197,50.31919097900391,0.116526611149311,0.4237230540898084,0.7466650140306892,0.2192719578742981,31.21859169006348,180.56460571289065,41.89112091064453,210.8420562744141,0.5028728627632192,13.157943725585938,46.22214889526367,27.399049758911133,57.290138244628906,,149.34601402282718,168.95093536376956,0.5028728627632192,13.98235377424242,5.006265855473205,5.1296083494798035,0,midjourney
C:\My_Project\AIGC\AIGuard\unseen\Real_39.jpg,real,aiguard_unseen_real,938,938,879844,0.1099632676117155,0.1548334509134292,0.0106394486501812,0.0687154382467269,0.0006638421327807,-3.173507824495618,0.3267065958725547,1.4507404565811155,181.30213928222656,339.8829345703125,2.139186131563412,0.14023039967554,5.730206890581711,0.5496189276425212,0.1033635768837875,5.928144931793213,40.96599578857422,0.0883034542202949,0.4100186149432136,1.2231709978927563,-0.0159590505063533,36.71852111816406,201.30715942382807,35.660308837890625,216.7191925048828,0.5939141245992882,7.2808074951171875,,,,,164.588638305664,181.0588836669922,0.5939141245992882,13.68749989801245,5.1034492597710335,5.198822302486435,0,midjourney
C:\My_Project\AIGC\AIGuard\unseen\Real_43.jpg,real,aiguard_unseen_real,1149,1149,1320201,0.1264746688690024,0.1481522172689438,0.0094979405403137,0.0641093403100967,0.0008828170830383,-3.650766816570502,0.9527946726518606,1.044343113899231,115.6770477294922,314.23150634765625,2.1585936584399565,0.1299401004827802,3.729256982917816,0.6763619916183712,0.1734785929617984,4.135231971740723,46.1385498046875,0.1106537878513336,0.3887027119057658,0.831132530244734,-0.0634244456887245,21.276105880737305,184.1567230224609,26.86353302001953,197.14645385742188,0.5527699943138425,21.276105880737305,46.12681198120117,13.317703247070312,14.462135314941406,,162.8806171417236,170.28292083740234,0.5527699943138425,14.093294555697511,5.093017522289924,5.1374612939570845,0,midjourney
C:\My_Project\AIGC\AIGuard\unseen\Real_86.jpg,real,aiguard_unseen_real,895,895,801025,0.1462823829149397,0.1387310028076172,0.0092757809907197,0.0668616369366645,0.0008684710483066,-3.5328079260555865,0.6891342005135612,1.2353787422180176,176.66128540039062,525.849609375,2.2183637072066307,0.1169594769078659,5.69172841643581,0.6656402932631635,0.1539497189740175,4.889021873474121,34.06776428222656,0.0121355848386883,0.4723153225781456,0.9467672426815112,0.0146438470110297,44.62306213378906,181.6128692626953,39.14067840576172,217.8614501953125,0.4879409290772447,6.1385498046875,,,,,136.98980712890625,178.72077178955078,0.4879409290772447,13.59364743654971,4.9199065225413365,5.185824653740118,0,midjourney
C:\My_Project\AIGC\AIGuard\unseen\Real_32.jpg,real,aiguard_unseen_real,878,878,770884,0.1655597329214761,0.1270969063043594,0.0147638237103819,0.1161619424819946,0.0014509961474686,-3.2312814363017077,0.4346601305053394,1.8192784786224363,350.3804626464844,874.445068359375,2.202728251751678,0.1220431830276304,10.992359764542917,0.5671734776487481,0.1192116552518355,7.506875038146973,36.295166015625,0.2028239667415619,0.4685935905892334,0.7657508081364025,0.3939320743083954,22.45761108398437,176.53628540039062,16.847944259643555,199.59255981445312,0.5611656589434465,16.847944259643555,57.78714370727539,0.8834381103515625,44.279876708984375,,154.07867431640625,182.74461555480957,0.5611656589434465,13.555293187270234,5.0374633441473184,5.2080896347474575,0,midjourney
C:\My_Project\AIGC\AIGuard\unseen\Real_18.jpg,real,aiguard_unseen_real,932,932,868624,0.1178085096713325,0.0639805719256401,0.0061261337250471,0.0957498997449874,0.000325004250044,-3.969008205672632,0.8928705245598016,0.9658375978469848,206.77584838867188,519.1276245117188,1.930453107848196,0.1937357566099472,6.835467162973217,0.5801143571777896,0.1123811716600131,5.581951141357422,29.838476181030277,0.0444867648184299,0.4301105735906842,0.6981135417503656,0.0825758799910545,36.770469665527344,189.4409942626953,33.69134521484375,187.7945709228516,0.4688899137228423,33.69134521484375,53.092403411865234,26.660816192626957,53.03310394287109,,152.67052459716797,154.10322570800784,0.4688899137228423,13.674665629371182,5.028282165413914,5.037622674670309,0,midjourney
